OpenROAD v2.0-17198-g8396d0866 
Features included (+) or not (-): +Charts +GPU +GUI +Python : None
This program is licensed under the BSD-3 license. See the LICENSE file for details.
Components of this program may be licensed under more restrictive licenses which must be honored.
[WARNING STA-0366] port 'mem_resp_v_i[0]' not found.
[WARNING STA-0366] port 'mem_resp_v_i[0]' not found.
[WARNING STA-0366] port 'mem_data_resp_v_i[0]' not found.
[WARNING STA-0366] port 'mem_data_resp_v_i[0]' not found.
[WARNING STA-0366] port 'mem_cmd_yumi_i[0]' not found.
[WARNING STA-0366] port 'mem_cmd_yumi_i[0]' not found.
[WARNING STA-0366] port 'mem_data_cmd_yumi_i[0]' not found.
[WARNING STA-0366] port 'mem_data_cmd_yumi_i[0]' not found.
[WARNING STA-0366] port 'mem_resp_ready_o[0]' not found.
[WARNING STA-0366] port 'mem_resp_ready_o[0]' not found.
[WARNING STA-0366] port 'mem_data_resp_ready_o[0]' not found.
[WARNING STA-0366] port 'mem_data_resp_ready_o[0]' not found.
[WARNING STA-0366] port 'mem_cmd_v_o[0]' not found.
[WARNING STA-0366] port 'mem_cmd_v_o[0]' not found.
[WARNING STA-0366] port 'mem_data_cmd_v_o[0]' not found.
[WARNING STA-0366] port 'mem_data_cmd_v_o[0]' not found.
[WARNING STA-0366] port 'cmt_rd_w_v_o[0]' not found.
[WARNING STA-0366] port 'cmt_rd_w_v_o[0]' not found.
[WARNING STA-0366] port 'cmt_mem_w_v_o[0]' not found.
[WARNING STA-0366] port 'cmt_mem_w_v_o[0]' not found.
[WARNING STA-0101] object 'rst_ni' not found.
[WARNING STA-0472] no valid objects specified for -through
[WARNING STA-0101] object 'reset_l' not found.
[WARNING STA-0472] no valid objects specified for -through
[WARNING STA-0101] object 'p_clk_async_reset_i' not found.
[WARNING STA-0472] no valid objects specified for -through
[WARNING ODB-0378] Global connections are not set up.
[INFO] Deleted 0 routing obstructions
[INFO RCX-0431] Defined process_corner X with ext_model_index 0
[INFO RCX-0029] Defined extraction corner X
[INFO RCX-0435] Reading extraction model file /workspace/OpenROAD-3D/flow/platforms/nangate45_3D/nangate45_3D.rules ...
[INFO RCX-0436] RC segment generation bp_multi_top (max_merge_res 50.0) ...
[WARNING RCX-0111] Net 1441 mem_resp_i[53] has a loop at x=398810 y=267120 , on iterm input690/A.
[INFO RCX-0040] Final 539167 rc segments
[INFO RCX-0439] Coupling Cap extraction bp_multi_top ...
[INFO RCX-0440] Coupling threshhold is 0.1000 fF, coupling capacitance less than 0.1000 fF will be grounded.
[INFO RCX-0442] 13% of 1197034 wires extracted
[INFO RCX-0442] 25% of 1197034 wires extracted
[INFO RCX-0442] 37% of 1197034 wires extracted
[INFO RCX-0442] 49% of 1197034 wires extracted
[INFO RCX-0442] 72% of 1197034 wires extracted
[INFO RCX-0442] 87% of 1197034 wires extracted
[INFO RCX-0442] 99% of 1197034 wires extracted
[INFO RCX-0442] 100% of 1197034 wires extracted
[INFO RCX-0045] Extract 167553 nets, 686574 rsegs, 686574 caps, 1307877 ccs
[INFO RCX-0042] 100000 nets finished
[INFO RCX-0443] 167555 nets finished
[WARNING STA-1650] ./results/nangate45_3D/bp_multi/HBT/6_final.spef line 314646, net me/genblk1_0__bp_cce_top/bp_cce/_13980_ not found.
[WARNING STA-1650] ./results/nangate45_3D/bp_multi/HBT/6_final.spef line 314647, net rof1_0__core/be/be_calculator/_17241_ not found.
[WARNING STA-1650] ./results/nangate45_3D/bp_multi/HBT/6_final.spef line 314668, net rof1_0__core/be/be_calculator/_03614_ not found.
[WARNING STA-1650] ./results/nangate45_3D/bp_multi/HBT/6_final.spef line 314724, net me/genblk1_0__bp_cce_top/_39376_ not found.
[WARNING STA-1650] ./results/nangate45_3D/bp_multi/HBT/6_final.spef line 314725, net me/genblk1_0__bp_cce_top/_39379_ not found.
[WARNING STA-1650] ./results/nangate45_3D/bp_multi/HBT/6_final.spef line 314726, net me/genblk1_0__bp_cce_top/bp_cce/pc_inst_ram/_0727_ not found.
[WARNING STA-1650] ./results/nangate45_3D/bp_multi/HBT/6_final.spef line 314727, net me/genblk1_0__bp_cce_top/bp_cce/pc_inst_ram/_0804_ not found.
[WARNING STA-1650] ./results/nangate45_3D/bp_multi/HBT/6_final.spef line 314728, net me/genblk1_0__bp_cce_top/bp_cce/pc_inst_ram/_1041_ not found.
[WARNING STA-1650] ./results/nangate45_3D/bp_multi/HBT/6_final.spef line 314734, net me/genblk1_0__bp_cce_top/_31468_ not found.
[WARNING STA-1650] ./results/nangate45_3D/bp_multi/HBT/6_final.spef line 314735, net me/genblk1_0__bp_cce_top/_39372_ not found.
[WARNING STA-1650] ./results/nangate45_3D/bp_multi/HBT/6_final.spef line 314736, net me/genblk1_0__bp_cce_top/_39376_ not found.
[WARNING STA-1650] ./results/nangate45_3D/bp_multi/HBT/6_final.spef line 314737, net me/genblk1_0__bp_cce_top/_39377_ not found.
[WARNING STA-1650] ./results/nangate45_3D/bp_multi/HBT/6_final.spef line 314738, net me/genblk1_0__bp_cce_top/_39770_ not found.
[WARNING STA-1650] ./results/nangate45_3D/bp_multi/HBT/6_final.spef line 314739, net me/genblk1_0__bp_cce_top/_39771_ not found.
[WARNING STA-1650] ./results/nangate45_3D/bp_multi/HBT/6_final.spef line 314744, net me/genblk1_0__bp_cce_top/mem_cce_resp_fifo.mem_1r1w.synth.w_addr_i not found.
[WARNING STA-1650] ./results/nangate45_3D/bp_multi/HBT/6_final.spef line 314774, net me/genblk1_0__bp_cce_top/bp_cce/pc_inst_ram/_0652_ not found.
[WARNING STA-1650] ./results/nangate45_3D/bp_multi/HBT/6_final.spef line 314775, net me/genblk1_0__bp_cce_top/bp_cce/pc_inst_ram/_0657_ not found.
[WARNING STA-1650] ./results/nangate45_3D/bp_multi/HBT/6_final.spef line 314776, net me/genblk1_0__bp_cce_top/bp_cce/pc_inst_ram/_0657_ not found.
[WARNING STA-1650] ./results/nangate45_3D/bp_multi/HBT/6_final.spef line 314777, net me/genblk1_0__bp_cce_top/bp_cce/pc_inst_ram/_0696_ not found.
[WARNING STA-1650] ./results/nangate45_3D/bp_multi/HBT/6_final.spef line 314778, net me/genblk1_0__bp_cce_top/bp_cce/pc_inst_ram/_0698_ not found.
[WARNING STA-1650] ./results/nangate45_3D/bp_multi/HBT/6_final.spef line 314779, net me/genblk1_0__bp_cce_top/bp_cce/pc_inst_ram/_0699_ not found.
[WARNING STA-1650] ./results/nangate45_3D/bp_multi/HBT/6_final.spef line 314780, net me/genblk1_0__bp_cce_top/bp_cce/pc_inst_ram/_0754_ not found.
[WARNING STA-1650] ./results/nangate45_3D/bp_multi/HBT/6_final.spef line 314781, net me/genblk1_0__bp_cce_top/bp_cce/pc_inst_ram/_0813_ not found.
[WARNING STA-1650] ./results/nangate45_3D/bp_multi/HBT/6_final.spef line 314782, net me/genblk1_0__bp_cce_top/bp_cce/pc_inst_ram/_0813_ not found.
[WARNING STA-1650] ./results/nangate45_3D/bp_multi/HBT/6_final.spef line 314783, net me/genblk1_0__bp_cce_top/bp_cce/pc_inst_ram/_0813_ not found.
[WARNING STA-1650] ./results/nangate45_3D/bp_multi/HBT/6_final.spef line 314784, net me/genblk1_0__bp_cce_top/bp_cce/pc_inst_ram/_0817_ not found.
[WARNING STA-1650] ./results/nangate45_3D/bp_multi/HBT/6_final.spef line 314785, net me/genblk1_0__bp_cce_top/bp_cce/pc_inst_ram/_0818_ not found.
[WARNING STA-1650] ./results/nangate45_3D/bp_multi/HBT/6_final.spef line 314786, net me/genblk1_0__bp_cce_top/bp_cce/pc_inst_ram/_0818_ not found.
[WARNING STA-1650] ./results/nangate45_3D/bp_multi/HBT/6_final.spef line 314787, net me/genblk1_0__bp_cce_top/bp_cce/pc_inst_ram/_0821_ not found.
[WARNING STA-1650] ./results/nangate45_3D/bp_multi/HBT/6_final.spef line 314792, net me/genblk1_0__bp_cce_top/bp_cce/pc_inst_ram/_0191_ not found.
[WARNING STA-1650] ./results/nangate45_3D/bp_multi/HBT/6_final.spef line 314793, net me/genblk1_0__bp_cce_top/bp_cce/pc_inst_ram/_0197_ not found.
[WARNING STA-1650] ./results/nangate45_3D/bp_multi/HBT/6_final.spef line 314794, net me/genblk1_0__bp_cce_top/bp_cce/pc_inst_ram/_0249_ not found.
[WARNING STA-1650] ./results/nangate45_3D/bp_multi/HBT/6_final.spef line 314795, net me/genblk1_0__bp_cce_top/bp_cce/pc_inst_ram/_0299_ not found.
[WARNING STA-1650] ./results/nangate45_3D/bp_multi/HBT/6_final.spef line 314796, net me/genblk1_0__bp_cce_top/bp_cce/pc_inst_ram/_0321_ not found.
[WARNING STA-1650] ./results/nangate45_3D/bp_multi/HBT/6_final.spef line 314828, net me/genblk1_0__bp_cce_top/bp_cce/pc_inst_ram/_0809_ not found.
[WARNING STA-1650] ./results/nangate45_3D/bp_multi/HBT/6_final.spef line 314888, net me/genblk1_0__bp_cce_top/bp_cce/pc_inst_ram/_0695_ not found.
[WARNING STA-1650] ./results/nangate45_3D/bp_multi/HBT/6_final.spef line 314889, net me/genblk1_0__bp_cce_top/bp_cce/pc_inst_ram/_0754_ not found.
[WARNING STA-1650] ./results/nangate45_3D/bp_multi/HBT/6_final.spef line 314890, net me/genblk1_0__bp_cce_top/bp_cce/pc_inst_ram/_0807_ not found.
[WARNING STA-1650] ./results/nangate45_3D/bp_multi/HBT/6_final.spef line 314891, net me/genblk1_0__bp_cce_top/bp_cce/pc_inst_ram/_0807_ not found.
[WARNING STA-1650] ./results/nangate45_3D/bp_multi/HBT/6_final.spef line 314892, net me/genblk1_0__bp_cce_top/bp_cce/pc_inst_ram/_0808_ not found.
[WARNING STA-1650] ./results/nangate45_3D/bp_multi/HBT/6_final.spef line 314893, net me/genblk1_0__bp_cce_top/bp_cce/pc_inst_ram/_1046_ not found.
[WARNING STA-1650] ./results/nangate45_3D/bp_multi/HBT/6_final.spef line 314894, net me/genblk1_0__bp_cce_top/bp_cce/pc_inst_ram/_1048_ not found.
[WARNING STA-1650] ./results/nangate45_3D/bp_multi/HBT/6_final.spef line 314898, net me/genblk1_0__bp_cce_top/bp_cce/pc_inst_ram/_0249_ not found.
[WARNING STA-1650] ./results/nangate45_3D/bp_multi/HBT/6_final.spef line 314899, net me/genblk1_0__bp_cce_top/bp_cce/pc_inst_ram/_0315_ not found.
[WARNING STA-1650] ./results/nangate45_3D/bp_multi/HBT/6_final.spef line 314901, net me/genblk1_0__bp_cce_top/_23006_ not found.
[WARNING STA-1650] ./results/nangate45_3D/bp_multi/HBT/6_final.spef line 314902, net me/genblk1_0__bp_cce_top/_39373_ not found.
[WARNING STA-1650] ./results/nangate45_3D/bp_multi/HBT/6_final.spef line 314903, net me/genblk1_0__bp_cce_top/_39767_ not found.
[WARNING STA-1650] ./results/nangate45_3D/bp_multi/HBT/6_final.spef line 314904, net me/genblk1_0__bp_cce_top/_43430_ not found.
[WARNING STA-1650] ./results/nangate45_3D/bp_multi/HBT/6_final.spef line 314905, net me/genblk1_0__bp_cce_top/bp_cce/_13242_ not found.
[WARNING STA-1650] ./results/nangate45_3D/bp_multi/HBT/6_final.spef line 314906, net me/genblk1_0__bp_cce_top/bp_cce/pc_inst_ram/_1060_ not found.
[WARNING STA-1650] ./results/nangate45_3D/bp_multi/HBT/6_final.spef line 314915, net me/genblk1_0__bp_cce_top/mem_cce_resp_fifo.N4 not found.
[WARNING STA-1650] ./results/nangate45_3D/bp_multi/HBT/6_final.spef line 314916, net me/genblk1_0__bp_cce_top/mem_cce_resp_fifo.mem_1r1w.synth.mem\[14\] not found.
[WARNING STA-1650] ./results/nangate45_3D/bp_multi/HBT/6_final.spef line 314941, net me/genblk1_0__bp_cce_top/bp_cce/pc_inst_ram/_0669_ not found.
[WARNING STA-1650] ./results/nangate45_3D/bp_multi/HBT/6_final.spef line 314942, net me/genblk1_0__bp_cce_top/bp_cce/pc_inst_ram/_0691_ not found.
[WARNING STA-1650] ./results/nangate45_3D/bp_multi/HBT/6_final.spef line 314943, net me/genblk1_0__bp_cce_top/bp_cce/pc_inst_ram/_0781_ not found.
[WARNING STA-1650] ./results/nangate45_3D/bp_multi/HBT/6_final.spef line 314944, net me/genblk1_0__bp_cce_top/bp_cce/pc_inst_ram/_0822_ not found.
[WARNING STA-1650] ./results/nangate45_3D/bp_multi/HBT/6_final.spef line 314945, net me/genblk1_0__bp_cce_top/bp_cce/pc_inst_ram/_1070_ not found.
[WARNING STA-1650] ./results/nangate45_3D/bp_multi/HBT/6_final.spef line 314946, net me/genblk1_0__bp_cce_top/bp_cce/pc_inst_ram/_1070_ not found.
[WARNING STA-1650] ./results/nangate45_3D/bp_multi/HBT/6_final.spef line 314947, net me/genblk1_0__bp_cce_top/bp_cce/pc_inst_ram/_0130_ not found.
[WARNING STA-1650] ./results/nangate45_3D/bp_multi/HBT/6_final.spef line 314948, net me/genblk1_0__bp_cce_top/bp_cce/pc_inst_ram/_0199_ not found.
[WARNING STA-1650] ./results/nangate45_3D/bp_multi/HBT/6_final.spef line 314949, net me/genblk1_0__bp_cce_top/bp_cce/pc_inst_ram/_0199_ not found.
[WARNING STA-1650] ./results/nangate45_3D/bp_multi/HBT/6_final.spef line 314950, net me/genblk1_0__bp_cce_top/bp_cce/pc_inst_ram/_0552_ not found.
[WARNING STA-1650] ./results/nangate45_3D/bp_multi/HBT/6_final.spef line 314951, net me/genblk1_0__bp_cce_top/bp_cce/pc_inst_ram/pc_state\[0\] not found.
[WARNING STA-1650] ./results/nangate45_3D/bp_multi/HBT/6_final.spef line 314952, net me/genblk1_0__bp_cce_top/bp_cce/pc_inst_ram/pc_state\[0\] not found.
[WARNING STA-1650] ./results/nangate45_3D/bp_multi/HBT/6_final.spef line 314958, net me/genblk1_0__bp_cce_top/bp_cce/_01712_ not found.
[WARNING STA-1650] ./results/nangate45_3D/bp_multi/HBT/6_final.spef line 314959, net me/genblk1_0__bp_cce_top/bp_cce/_02904_ not found.
[WARNING STA-1650] ./results/nangate45_3D/bp_multi/HBT/6_final.spef line 314982, net me/genblk1_0__bp_cce_top/mem_cce_data_resp_fifo.data_o\[89\] not found.
[WARNING STA-1650] ./results/nangate45_3D/bp_multi/HBT/6_final.spef line 314991, net rof1_0__core/be/be_mmu/dcache/data_mem_data_lo\[174\] not found.
[WARNING STA-1650] ./results/nangate45_3D/bp_multi/HBT/6_final.spef line 314992, net rof1_0__core/be/be_mmu/dcache/data_mem_data_lo\[175\] not found.
[WARNING STA-1650] ./results/nangate45_3D/bp_multi/HBT/6_final.spef line 314993, net rof1_0__core/be/be_mmu/dcache/data_mem_data_lo\[176\] not found.
[WARNING STA-1650] ./results/nangate45_3D/bp_multi/HBT/6_final.spef line 314994, net rof1_0__core/be/be_mmu/dcache/data_mem_data_lo\[177\] not found.
[WARNING STA-1650] ./results/nangate45_3D/bp_multi/HBT/6_final.spef line 314999, net me/genblk1_0__bp_cce_top/_28427_ not found.
[WARNING STA-1650] ./results/nangate45_3D/bp_multi/HBT/6_final.spef line 315000, net me/genblk1_0__bp_cce_top/_36934_ not found.
[WARNING STA-1650] ./results/nangate45_3D/bp_multi/HBT/6_final.spef line 315001, net me/genblk1_0__bp_cce_top/_37429_ not found.
[WARNING STA-1650] ./results/nangate45_3D/bp_multi/HBT/6_final.spef line 315002, net me/genblk1_0__bp_cce_top/_38081_ not found.
[WARNING STA-1650] ./results/nangate45_3D/bp_multi/HBT/6_final.spef line 315003, net me/genblk1_0__bp_cce_top/bp_cce/_10039_ not found.
[WARNING STA-1650] ./results/nangate45_3D/bp_multi/HBT/6_final.spef line 315004, net me/network/lce_cce_req_network/_2372_ not found.
[WARNING STA-1650] ./results/nangate45_3D/bp_multi/HBT/6_final.spef line 315005, net rof1_0__core/be/be_calculator/_15135_ not found.
[WARNING STA-1650] ./results/nangate45_3D/bp_multi/HBT/6_final.spef line 315006, net rof1_0__core/be/be_calculator/_16933_ not found.
[WARNING STA-1650] ./results/nangate45_3D/bp_multi/HBT/6_final.spef line 315007, net rof1_0__core/be/be_calculator/_17997_ not found.
[WARNING STA-1650] ./results/nangate45_3D/bp_multi/HBT/6_final.spef line 315008, net rof1_0__core/fe/icache_1/_13845_ not found.
[WARNING STA-1650] ./results/nangate45_3D/bp_multi/HBT/6_final.spef line 315009, net rof1_0__core/fe/icache_1/_13845_ not found.
[WARNING STA-1650] ./results/nangate45_3D/bp_multi/HBT/6_final.spef line 315032, net me/genblk1_0__bp_cce_top/bp_cce/_03313_ not found.
[WARNING STA-1650] ./results/nangate45_3D/bp_multi/HBT/6_final.spef line 315033, net me/genblk1_0__bp_cce_top/lce_cce_req_fifo.data_o\[42\] not found.
[WARNING STA-1650] ./results/nangate45_3D/bp_multi/HBT/6_final.spef line 315034, net me/genblk1_0__bp_cce_top/lce_cce_req_fifo.data_o\[48\] not found.
[WARNING STA-1650] ./results/nangate45_3D/bp_multi/HBT/6_final.spef line 315035, net me/genblk1_0__bp_cce_top/lce_cce_req_fifo.data_o\[48\] not found.
[WARNING STA-1650] ./results/nangate45_3D/bp_multi/HBT/6_final.spef line 315036, net me/genblk1_0__bp_cce_top/lce_cce_req_fifo.data_o\[48\] not found.
[WARNING STA-1650] ./results/nangate45_3D/bp_multi/HBT/6_final.spef line 315037, net me/genblk1_0__bp_cce_top/lce_cce_req_fifo.data_o\[58\] not found.
[WARNING STA-1650] ./results/nangate45_3D/bp_multi/HBT/6_final.spef line 315038, net me/genblk1_0__bp_cce_top/lce_cce_req_fifo.data_o\[58\] not found.
[WARNING STA-1650] ./results/nangate45_3D/bp_multi/HBT/6_final.spef line 315039, net me/network/lce_cce_req_network/rof_0__fi2_efi3_coherence_network_channel_node.bmr.mux_data_proc.N70 not found.
[WARNING STA-1650] ./results/nangate45_3D/bp_multi/HBT/6_final.spef line 315040, net me/network/lce_cce_req_network/rof_0__fi2_efi3_coherence_network_channel_node.bmr.mux_data_proc.N79 not found.
[WARNING STA-1650] ./results/nangate45_3D/bp_multi/HBT/6_final.spef line 315041, net me/network/lce_cce_req_network/rof_0__fi2_efi3_coherence_network_channel_node.bmr.mux_data_proc.N85 not found.
[WARNING STA-1650] ./results/nangate45_3D/bp_multi/HBT/6_final.spef line 315054, net rof1_0__core/be/be_calculator/_08203_ not found.
[WARNING STA-1650] ./results/nangate45_3D/bp_multi/HBT/6_final.spef line 315055, net rof1_0__core/be/be_calculator/_09604_ not found.
[WARNING STA-1650] ./results/nangate45_3D/bp_multi/HBT/6_final.spef line 315056, net rof1_0__core/be/be_calculator/_09693_ not found.
[WARNING STA-1650] ./results/nangate45_3D/bp_multi/HBT/6_final.spef line 315057, net rof1_0__core/be/be_calculator/calc_stage_r_2__pipe_mem_v_ not found.
[WARNING STA-1650] ./results/nangate45_3D/bp_multi/HBT/6_final.spef line 315058, net rof1_0__core/be/be_calculator/calc_stage_reg.data_i\[31\] not found.
[WARNING STA-1650] ./results/nangate45_3D/bp_multi/HBT/6_final.spef line 315059, net rof1_0__core/be/be_calculator/comp_stage_mux.data0_i\[262\] not found.
[WARNING STA-1650] ./results/nangate45_3D/bp_multi/HBT/6_final.spef line 315060, net rof1_0__core/be/be_calculator/comp_stage_mux.data0_i\[262\] not found.
[WARNING STA-1650] ./results/nangate45_3D/bp_multi/HBT/6_final.spef line 315061, net rof1_0__core/be/be_calculator/comp_stage_mux.data0_i\[262\] not found.
[WARNING STA-1650] ./results/nangate45_3D/bp_multi/HBT/6_final.spef line 315062, net rof1_0__core/be/be_calculator/comp_stage_mux.data0_i\[262\] not found.
[WARNING STA-1650] ./results/nangate45_3D/bp_multi/HBT/6_final.spef line 315063, net rof1_0__core/be/be_calculator/comp_stage_mux.data0_i\[276\] not found.
[WARNING STA-1650] ./results/nangate45_3D/bp_multi/HBT/6_final.spef line 315064, net rof1_0__core/be/be_calculator/comp_stage_mux.data0_i\[276\] not found.
[WARNING STA-1650] ./results/nangate45_3D/bp_multi/HBT/6_final.spef line 315065, net rof1_0__core/be/be_calculator/comp_stage_mux.data0_i\[317\] not found.
[WARNING STA-1650] ./results/nangate45_3D/bp_multi/HBT/6_final.spef line 315066, net rof1_0__core/be/be_calculator/comp_stage_mux.data_o\[211\] not found.
[WARNING STA-1650] ./results/nangate45_3D/bp_multi/HBT/6_final.spef line 315130, net me/genblk1_0__bp_cce_top/_22989_ not found.
[WARNING STA-1650] ./results/nangate45_3D/bp_multi/HBT/6_final.spef line 315131, net me/genblk1_0__bp_cce_top/bp_cce/_13211_ not found.
[WARNING STA-1650] ./results/nangate45_3D/bp_multi/HBT/6_final.spef line 315143, net rof1_0__core/be/_2790_ not found.
[WARNING STA-1650] ./results/nangate45_3D/bp_multi/HBT/6_final.spef line 315165, net me/genblk1_0__bp_cce_top/bp_cce/_13253_ not found.
[WARNING STA-1650] ./results/nangate45_3D/bp_multi/HBT/6_final.spef line 315242, net me/genblk1_0__bp_cce_top/bp_cce/_13323_ not found.
[WARNING STA-1650] ./results/nangate45_3D/bp_multi/HBT/6_final.spef line 315263, net rof1_0__core/be/be_calculator/float_regfile/rf/z_notmacro_synth/_18150_ not found.
[WARNING STA-1650] ./results/nangate45_3D/bp_multi/HBT/6_final.spef line 315264, net rof1_0__core/be/be_calculator/float_regfile/rf/z_notmacro_synth/_31266_ not found.
[WARNING STA-1650] ./results/nangate45_3D/bp_multi/HBT/6_final.spef line 315265, net rof1_0__core/be/be_calculator/float_regfile/rf/z_notmacro_synth/_33129_ not found.
[WARNING STA-1650] ./results/nangate45_3D/bp_multi/HBT/6_final.spef line 315275, net rof1_0__core/be/be_calculator/_22713_ not found.
[WARNING STA-1650] ./results/nangate45_3D/bp_multi/HBT/6_final.spef line 315276, net rof1_0__core/be/be_calculator/int_regfile.rf.macro_mem0.mem not found.
[WARNING STA-1650] ./results/nangate45_3D/bp_multi/HBT/6_final.spef line 315338, net me/genblk1_0__bp_cce_top/_22961_ not found.
[WARNING STA-1650] ./results/nangate45_3D/bp_multi/HBT/6_final.spef line 315345, net rof1_0__core/be/be_calculator/float_regfile/rf/z_notmacro_synth/_18477_ not found.
[WARNING STA-1650] ./results/nangate45_3D/bp_multi/HBT/6_final.spef line 315346, net rof1_0__core/be/be_calculator/float_regfile/rf/z_notmacro_synth/_29147_ not found.
[WARNING STA-1650] ./results/nangate45_3D/bp_multi/HBT/6_final.spef line 315347, net rof1_0__core/be/be_calculator/float_regfile/rf/z_notmacro_synth/_29596_ not found.
[WARNING STA-1650] ./results/nangate45_3D/bp_multi/HBT/6_final.spef line 315348, net rof1_0__core/be/be_calculator/float_regfile/rf/z_notmacro_synth/_29836_ not found.
[WARNING STA-1650] ./results/nangate45_3D/bp_multi/HBT/6_final.spef line 315358, net rof1_0__core/be/be_calculator/float_regfile/rf/z_notmacro_synth/_06425_ not found.
[WARNING STA-1650] ./results/nangate45_3D/bp_multi/HBT/6_final.spef line 315359, net rof1_0__core/be/be_calculator/float_regfile/rf/z_notmacro_synth/mem\[1303\] not found.
[WARNING STA-1650] ./results/nangate45_3D/bp_multi/HBT/6_final.spef line 315360, net rof1_0__core/be/be_calculator/float_regfile/rf/z_notmacro_synth/mem\[1516\] not found.
[WARNING STA-1650] ./results/nangate45_3D/bp_multi/HBT/6_final.spef line 315364, net rof1_0__core/be/be_calculator/float_regfile/rf/z_notmacro_synth/_18194_ not found.
[WARNING STA-1650] ./results/nangate45_3D/bp_multi/HBT/6_final.spef line 315365, net rof1_0__core/be/be_calculator/float_regfile/rf/z_notmacro_synth/_18202_ not found.
[WARNING STA-1650] ./results/nangate45_3D/bp_multi/HBT/6_final.spef line 315366, net rof1_0__core/be/be_calculator/float_regfile/rf/z_notmacro_synth/_19498_ not found.
[WARNING STA-1650] ./results/nangate45_3D/bp_multi/HBT/6_final.spef line 315367, net rof1_0__core/be/be_calculator/float_regfile/rf/z_notmacro_synth/_19499_ not found.
[WARNING STA-1650] ./results/nangate45_3D/bp_multi/HBT/6_final.spef line 315368, net rof1_0__core/be/be_calculator/float_regfile/rf/z_notmacro_synth/_19502_ not found.
[WARNING STA-1650] ./results/nangate45_3D/bp_multi/HBT/6_final.spef line 315369, net rof1_0__core/be/be_calculator/float_regfile/rf/z_notmacro_synth/_19503_ not found.
[WARNING STA-1650] ./results/nangate45_3D/bp_multi/HBT/6_final.spef line 315370, net rof1_0__core/be/be_calculator/float_regfile/rf/z_notmacro_synth/_19504_ not found.
[WARNING STA-1650] ./results/nangate45_3D/bp_multi/HBT/6_final.spef line 315371, net rof1_0__core/be/be_calculator/float_regfile/rf/z_notmacro_synth/_20840_ not found.
[WARNING STA-1650] ./results/nangate45_3D/bp_multi/HBT/6_final.spef line 315372, net rof1_0__core/be/be_calculator/float_regfile/rf/z_notmacro_synth/_20843_ not found.
[WARNING STA-1650] ./results/nangate45_3D/bp_multi/HBT/6_final.spef line 315373, net rof1_0__core/be/be_calculator/float_regfile/rf/z_notmacro_synth/_20848_ not found.
[WARNING STA-1650] ./results/nangate45_3D/bp_multi/HBT/6_final.spef line 315374, net rof1_0__core/be/be_calculator/float_regfile/rf/z_notmacro_synth/_22591_ not found.
[WARNING STA-1650] ./results/nangate45_3D/bp_multi/HBT/6_final.spef line 315375, net rof1_0__core/be/be_calculator/float_regfile/rf/z_notmacro_synth/_23268_ not found.
[WARNING STA-1650] ./results/nangate45_3D/bp_multi/HBT/6_final.spef line 315376, net rof1_0__core/be/be_calculator/float_regfile/rf/z_notmacro_synth/_23270_ not found.
[WARNING STA-1650] ./results/nangate45_3D/bp_multi/HBT/6_final.spef line 315377, net rof1_0__core/be/be_calculator/float_regfile/rf/z_notmacro_synth/_23272_ not found.
[WARNING STA-1650] ./results/nangate45_3D/bp_multi/HBT/6_final.spef line 315378, net rof1_0__core/be/be_calculator/float_regfile/rf/z_notmacro_synth/_23286_ not found.
[WARNING STA-1650] ./results/nangate45_3D/bp_multi/HBT/6_final.spef line 315379, net rof1_0__core/be/be_calculator/float_regfile/rf/z_notmacro_synth/_23289_ not found.
[WARNING STA-1650] ./results/nangate45_3D/bp_multi/HBT/6_final.spef line 315380, net rof1_0__core/be/be_calculator/float_regfile/rf/z_notmacro_synth/_24475_ not found.
[WARNING STA-1650] ./results/nangate45_3D/bp_multi/HBT/6_final.spef line 315381, net rof1_0__core/be/be_calculator/float_regfile/rf/z_notmacro_synth/_25024_ not found.
[WARNING STA-1650] ./results/nangate45_3D/bp_multi/HBT/6_final.spef line 315382, net rof1_0__core/be/be_calculator/float_regfile/rf/z_notmacro_synth/_25731_ not found.
[WARNING STA-1650] ./results/nangate45_3D/bp_multi/HBT/6_final.spef line 315383, net rof1_0__core/be/be_calculator/float_regfile/rf/z_notmacro_synth/_25739_ not found.
[WARNING STA-1650] ./results/nangate45_3D/bp_multi/HBT/6_final.spef line 315384, net rof1_0__core/be/be_calculator/float_regfile/rf/z_notmacro_synth/_26997_ not found.
[WARNING STA-1650] ./results/nangate45_3D/bp_multi/HBT/6_final.spef line 315385, net rof1_0__core/be/be_calculator/float_regfile/rf/z_notmacro_synth/_26998_ not found.
[WARNING STA-1650] ./results/nangate45_3D/bp_multi/HBT/6_final.spef line 315386, net rof1_0__core/be/be_calculator/float_regfile/rf/z_notmacro_synth/_27377_ not found.
[WARNING STA-1650] ./results/nangate45_3D/bp_multi/HBT/6_final.spef line 315387, net rof1_0__core/be/be_calculator/float_regfile/rf/z_notmacro_synth/_27813_ not found.
[WARNING STA-1650] ./results/nangate45_3D/bp_multi/HBT/6_final.spef line 315388, net rof1_0__core/be/be_calculator/float_regfile/rf/z_notmacro_synth/_30319_ not found.
[WARNING STA-1650] ./results/nangate45_3D/bp_multi/HBT/6_final.spef line 315389, net rof1_0__core/be/be_calculator/float_regfile/rf/z_notmacro_synth/_30385_ not found.
[WARNING STA-1650] ./results/nangate45_3D/bp_multi/HBT/6_final.spef line 315390, net rof1_0__core/be/be_calculator/float_regfile/rf/z_notmacro_synth/_31793_ not found.
[WARNING STA-1650] ./results/nangate45_3D/bp_multi/HBT/6_final.spef line 315391, net rof1_0__core/be/be_calculator/float_regfile/rf/z_notmacro_synth/_31810_ not found.
[WARNING STA-1650] ./results/nangate45_3D/bp_multi/HBT/6_final.spef line 315392, net rof1_0__core/be/be_calculator/float_regfile/rf/z_notmacro_synth/_32873_ not found.
[WARNING STA-1650] ./results/nangate45_3D/bp_multi/HBT/6_final.spef line 315410, net rof1_0__core/be/be_calculator/float_regfile/rf/z_notmacro_synth/_02924_ not found.
[WARNING STA-1650] ./results/nangate45_3D/bp_multi/HBT/6_final.spef line 315411, net rof1_0__core/be/be_calculator/float_regfile/rf/z_notmacro_synth/_06425_ not found.
[WARNING STA-1650] ./results/nangate45_3D/bp_multi/HBT/6_final.spef line 315412, net rof1_0__core/be/be_calculator/float_regfile/rf/z_notmacro_synth/_09196_ not found.
[WARNING STA-1650] ./results/nangate45_3D/bp_multi/HBT/6_final.spef line 315413, net rof1_0__core/be/be_calculator/float_regfile/rf/z_notmacro_synth/_14201_ not found.
[WARNING STA-1650] ./results/nangate45_3D/bp_multi/HBT/6_final.spef line 315414, net rof1_0__core/be/be_calculator/float_regfile/rf/z_notmacro_synth/_14223_ not found.
[WARNING STA-1650] ./results/nangate45_3D/bp_multi/HBT/6_final.spef line 315415, net rof1_0__core/be/be_calculator/float_regfile/rf/z_notmacro_synth/mem\[1303\] not found.
[WARNING STA-1650] ./results/nangate45_3D/bp_multi/HBT/6_final.spef line 315419, net rof1_0__core/be/be_calculator/_19905_ not found.
[WARNING STA-1650] ./results/nangate45_3D/bp_multi/HBT/6_final.spef line 315420, net rof1_0__core/be/be_calculator/_20279_ not found.
[WARNING STA-1650] ./results/nangate45_3D/bp_multi/HBT/6_final.spef line 315421, net rof1_0__core/be/be_calculator/_20780_ not found.
[WARNING STA-1650] ./results/nangate45_3D/bp_multi/HBT/6_final.spef line 315422, net rof1_0__core/be/be_calculator/_20922_ not found.
[WARNING STA-1650] ./results/nangate45_3D/bp_multi/HBT/6_final.spef line 315423, net rof1_0__core/be/be_calculator/float_regfile/_255_ not found.
[WARNING STA-1650] ./results/nangate45_3D/bp_multi/HBT/6_final.spef line 315424, net rof1_0__core/be/be_calculator/float_regfile/_256_ not found.
[WARNING STA-1650] ./results/nangate45_3D/bp_multi/HBT/6_final.spef line 315425, net rof1_0__core/be/be_calculator/float_regfile/_364_ not found.
[WARNING STA-1650] ./results/nangate45_3D/bp_multi/HBT/6_final.spef line 315426, net rof1_0__core/be/be_calculator/float_regfile/_399_ not found.
[WARNING STA-1650] ./results/nangate45_3D/bp_multi/HBT/6_final.spef line 315427, net rof1_0__core/be/be_calculator/float_regfile/_467_ not found.
[WARNING STA-1650] ./results/nangate45_3D/bp_multi/HBT/6_final.spef line 315428, net rof1_0__core/be/be_calculator/float_regfile/rf/z_notmacro_synth/_18201_ not found.
[WARNING STA-1650] ./results/nangate45_3D/bp_multi/HBT/6_final.spef line 315429, net rof1_0__core/be/be_calculator/float_regfile/rf/z_notmacro_synth/_18202_ not found.
[WARNING STA-1650] ./results/nangate45_3D/bp_multi/HBT/6_final.spef line 315430, net rof1_0__core/be/be_calculator/float_regfile/rf/z_notmacro_synth/_19450_ not found.
[WARNING STA-1650] ./results/nangate45_3D/bp_multi/HBT/6_final.spef line 315431, net rof1_0__core/be/be_calculator/float_regfile/rf/z_notmacro_synth/_19509_ not found.
[WARNING STA-1650] ./results/nangate45_3D/bp_multi/HBT/6_final.spef line 315432, net rof1_0__core/be/be_calculator/float_regfile/rf/z_notmacro_synth/_19512_ not found.
[WARNING STA-1650] ./results/nangate45_3D/bp_multi/HBT/6_final.spef line 315433, net rof1_0__core/be/be_calculator/float_regfile/rf/z_notmacro_synth/_21153_ not found.
[WARNING STA-1650] ./results/nangate45_3D/bp_multi/HBT/6_final.spef line 315434, net rof1_0__core/be/be_calculator/float_regfile/rf/z_notmacro_synth/_24495_ not found.
[WARNING STA-1650] ./results/nangate45_3D/bp_multi/HBT/6_final.spef line 315435, net rof1_0__core/be/be_calculator/float_regfile/rf/z_notmacro_synth/_24498_ not found.
[WARNING STA-1650] ./results/nangate45_3D/bp_multi/HBT/6_final.spef line 315436, net rof1_0__core/be/be_calculator/float_regfile/rf/z_notmacro_synth/_25696_ not found.
[WARNING STA-1650] ./results/nangate45_3D/bp_multi/HBT/6_final.spef line 315437, net rof1_0__core/be/be_calculator/float_regfile/rf/z_notmacro_synth/_25760_ not found.
[WARNING STA-1650] ./results/nangate45_3D/bp_multi/HBT/6_final.spef line 315438, net rof1_0__core/be/be_calculator/float_regfile/rf/z_notmacro_synth/_28101_ not found.
[WARNING STA-1650] ./results/nangate45_3D/bp_multi/HBT/6_final.spef line 315439, net rof1_0__core/be/be_calculator/float_regfile/rf/z_notmacro_synth/_31426_ not found.
[WARNING STA-1650] ./results/nangate45_3D/bp_multi/HBT/6_final.spef line 315464, net rof1_0__core/be/be_calculator/float_regfile/rf/z_notmacro_synth/_02935_ not found.
[WARNING STA-1650] ./results/nangate45_3D/bp_multi/HBT/6_final.spef line 315465, net rof1_0__core/be/be_calculator/int_regfile.rf.macro_mem0.r_data_o\[47\] not found.
[WARNING STA-1650] ./results/nangate45_3D/bp_multi/HBT/6_final.spef line 315466, net rof1_0__core/be/be_calculator/int_regfile.rf.macro_mem0.r_data_o\[49\] not found.
[WARNING STA-1650] ./results/nangate45_3D/bp_multi/HBT/6_final.spef line 315467, net rof1_0__core/_07496_ not found.
[WARNING STA-1650] ./results/nangate45_3D/bp_multi/HBT/6_final.spef line 315468, net rof1_0__core/_07497_ not found.
[WARNING STA-1650] ./results/nangate45_3D/bp_multi/HBT/6_final.spef line 315469, net rof1_0__core/be/_2267_ not found.
[WARNING STA-1650] ./results/nangate45_3D/bp_multi/HBT/6_final.spef line 315470, net rof1_0__core/be/_3134_ not found.
[WARNING STA-1650] ./results/nangate45_3D/bp_multi/HBT/6_final.spef line 315471, net rof1_0__core/be/_3134_ not found.
[WARNING STA-1650] ./results/nangate45_3D/bp_multi/HBT/6_final.spef line 315472, net rof1_0__core/be/_4246_ not found.
[WARNING STA-1650] ./results/nangate45_3D/bp_multi/HBT/6_final.spef line 315480, net rof1_0__core/be/_0922_ not found.
[WARNING STA-1650] ./results/nangate45_3D/bp_multi/HBT/6_final.spef line 315481, net rof1_0__core/be/_0922_ not found.
[WARNING STA-1650] ./results/nangate45_3D/bp_multi/HBT/6_final.spef line 315482, net rof1_0__core/be/_0924_ not found.
[WARNING STA-1650] ./results/nangate45_3D/bp_multi/HBT/6_final.spef line 315483, net rof1_0__core/be/_0924_ not found.
[WARNING STA-1650] ./results/nangate45_3D/bp_multi/HBT/6_final.spef line 315484, net rof1_0__core/fe_queue_fifo.fifo_mem.synth.mem\[656\] not found.
[WARNING STA-1650] ./results/nangate45_3D/bp_multi/HBT/6_final.spef line 315486, net rof1_0__core/_07552_ not found.
[WARNING STA-1650] ./results/nangate45_3D/bp_multi/HBT/6_final.spef line 315487, net rof1_0__core/_07598_ not found.
[WARNING STA-1650] ./results/nangate45_3D/bp_multi/HBT/6_final.spef line 315488, net rof1_0__core/_08245_ not found.
[WARNING STA-1650] ./results/nangate45_3D/bp_multi/HBT/6_final.spef line 315489, net rof1_0__core/_08553_ not found.
[WARNING STA-1650] ./results/nangate45_3D/bp_multi/HBT/6_final.spef line 315490, net rof1_0__core/_08559_ not found.
[WARNING STA-1650] ./results/nangate45_3D/bp_multi/HBT/6_final.spef line 315491, net rof1_0__core/_08559_ not found.
[WARNING STA-1650] ./results/nangate45_3D/bp_multi/HBT/6_final.spef line 315500, net rof1_0__core/be_fe_queue\[93\] not found.
[WARNING STA-1650] ./results/nangate45_3D/bp_multi/HBT/6_final.spef line 315501, net rof1_0__core/_06675_ not found.
[WARNING STA-1650] ./results/nangate45_3D/bp_multi/HBT/6_final.spef line 315502, net rof1_0__core/_08511_ not found.
[WARNING STA-1650] ./results/nangate45_3D/bp_multi/HBT/6_final.spef line 315511, net rof1_0__core/be_fe_queue\[93\] not found.
[WARNING STA-1650] ./results/nangate45_3D/bp_multi/HBT/6_final.spef line 315512, net rof1_0__core/be_fe_queue\[99\] not found.
[WARNING STA-1650] ./results/nangate45_3D/bp_multi/HBT/6_final.spef line 315513, net rof1_0__core/fe/icache_pc_gen\[35\] not found.
[WARNING STA-1650] ./results/nangate45_3D/bp_multi/HBT/6_final.spef line 315518, net me/genblk1_0__bp_cce_top/_21336_ not found.
[WARNING STA-1650] ./results/nangate45_3D/bp_multi/HBT/6_final.spef line 315519, net me/genblk1_0__bp_cce_top/_32190_ not found.
[WARNING STA-1650] ./results/nangate45_3D/bp_multi/HBT/6_final.spef line 315520, net me/genblk1_0__bp_cce_top/_32440_ not found.
[WARNING STA-1650] ./results/nangate45_3D/bp_multi/HBT/6_final.spef line 315521, net me/genblk1_0__bp_cce_top/_32442_ not found.
[WARNING STA-1650] ./results/nangate45_3D/bp_multi/HBT/6_final.spef line 315522, net me/genblk1_0__bp_cce_top/_41315_ not found.
[WARNING STA-1650] ./results/nangate45_3D/bp_multi/HBT/6_final.spef line 315523, net me/genblk1_0__bp_cce_top/bp_cce/pc_inst_ram/_0919_ not found.
[WARNING STA-1650] ./results/nangate45_3D/bp_multi/HBT/6_final.spef line 315524, net me/genblk1_0__bp_cce_top/bp_cce/pc_inst_ram/_1092_ not found.
[WARNING STA-1650] ./results/nangate45_3D/bp_multi/HBT/6_final.spef line 315525, net me/genblk1_0__bp_cce_top/bp_cce/pc_inst_ram/_1127_ not found.
[WARNING STA-1650] ./results/nangate45_3D/bp_multi/HBT/6_final.spef line 315526, net rof1_0__core/_05444_ not found.
[WARNING STA-1650] ./results/nangate45_3D/bp_multi/HBT/6_final.spef line 315527, net rof1_0__core/_05449_ not found.
[WARNING STA-1650] ./results/nangate45_3D/bp_multi/HBT/6_final.spef line 315528, net rof1_0__core/_05453_ not found.
[WARNING STA-1650] ./results/nangate45_3D/bp_multi/HBT/6_final.spef line 315529, net rof1_0__core/_05552_ not found.
[WARNING STA-1650] ./results/nangate45_3D/bp_multi/HBT/6_final.spef line 315530, net rof1_0__core/_05554_ not found.
[WARNING STA-1650] ./results/nangate45_3D/bp_multi/HBT/6_final.spef line 315531, net rof1_0__core/_05685_ not found.
[WARNING STA-1650] ./results/nangate45_3D/bp_multi/HBT/6_final.spef line 315532, net rof1_0__core/_05686_ not found.
[WARNING STA-1650] ./results/nangate45_3D/bp_multi/HBT/6_final.spef line 315533, net rof1_0__core/_05687_ not found.
[WARNING STA-1650] ./results/nangate45_3D/bp_multi/HBT/6_final.spef line 315534, net rof1_0__core/_05689_ not found.
[WARNING STA-1650] ./results/nangate45_3D/bp_multi/HBT/6_final.spef line 315535, net rof1_0__core/_05700_ not found.
[WARNING STA-1650] ./results/nangate45_3D/bp_multi/HBT/6_final.spef line 315536, net rof1_0__core/_05712_ not found.
[WARNING STA-1650] ./results/nangate45_3D/bp_multi/HBT/6_final.spef line 315537, net rof1_0__core/_05814_ not found.
[WARNING STA-1650] ./results/nangate45_3D/bp_multi/HBT/6_final.spef line 315538, net rof1_0__core/_05828_ not found.
[WARNING STA-1650] ./results/nangate45_3D/bp_multi/HBT/6_final.spef line 315539, net rof1_0__core/_05850_ not found.
[WARNING STA-1650] ./results/nangate45_3D/bp_multi/HBT/6_final.spef line 315540, net rof1_0__core/_05879_ not found.
[WARNING STA-1650] ./results/nangate45_3D/bp_multi/HBT/6_final.spef line 315541, net rof1_0__core/_06336_ not found.
[WARNING STA-1650] ./results/nangate45_3D/bp_multi/HBT/6_final.spef line 315542, net rof1_0__core/_07152_ not found.
[WARNING STA-1650] ./results/nangate45_3D/bp_multi/HBT/6_final.spef line 315543, net rof1_0__core/_07902_ not found.
[WARNING STA-1650] ./results/nangate45_3D/bp_multi/HBT/6_final.spef line 315544, net rof1_0__core/_08703_ not found.
[WARNING STA-1650] ./results/nangate45_3D/bp_multi/HBT/6_final.spef line 315545, net rof1_0__core/_08805_ not found.
[WARNING STA-1650] ./results/nangate45_3D/bp_multi/HBT/6_final.spef line 315546, net rof1_0__core/_08837_ not found.
[WARNING STA-1650] ./results/nangate45_3D/bp_multi/HBT/6_final.spef line 315547, net rof1_0__core/_09396_ not found.
[WARNING STA-1650] ./results/nangate45_3D/bp_multi/HBT/6_final.spef line 315599, net rof1_0__core/_01334_ not found.
[WARNING STA-1650] ./results/nangate45_3D/bp_multi/HBT/6_final.spef line 315600, net rof1_0__core/_01334_ not found.
[WARNING STA-1650] ./results/nangate45_3D/bp_multi/HBT/6_final.spef line 315601, net rof1_0__core/_01347_ not found.
[WARNING STA-1650] ./results/nangate45_3D/bp_multi/HBT/6_final.spef line 315602, net rof1_0__core/_01347_ not found.
[WARNING STA-1650] ./results/nangate45_3D/bp_multi/HBT/6_final.spef line 315603, net rof1_0__core/_03903_ not found.
[WARNING STA-1650] ./results/nangate45_3D/bp_multi/HBT/6_final.spef line 315604, net rof1_0__core/fe_queue_fifo.fifo_mem.r_addr_i\[2\] not found.
[WARNING STA-1650] ./results/nangate45_3D/bp_multi/HBT/6_final.spef line 315605, net rof1_0__core/fe_queue_fifo.fifo_mem.synth.mem\[854\] not found.
[WARNING STA-1650] ./results/nangate45_3D/bp_multi/HBT/6_final.spef line 315669, net rof1_0__core/be/be_mmu/dcache/data_mem_data_lo\[501\] not found.
[WARNING STA-1650] ./results/nangate45_3D/bp_multi/HBT/6_final.spef line 315670, net rof1_0__core/be/be_mmu/dcache/data_mem_data_lo\[501\] not found.
[WARNING STA-1650] ./results/nangate45_3D/bp_multi/HBT/6_final.spef line 315673, net rof1_0__core/be/be_mmu/dcache/data_mem_data_lo\[501\] not found.
[WARNING STA-1650] ./results/nangate45_3D/bp_multi/HBT/6_final.spef line 315697, net rof1_0__core/be/be_mmu/dcache/_06264_ not found.
[WARNING STA-1650] ./results/nangate45_3D/bp_multi/HBT/6_final.spef line 315698, net rof1_0__core/be/be_mmu/dcache/data_mem_data_lo\[434\] not found.
[WARNING STA-1650] ./results/nangate45_3D/bp_multi/HBT/6_final.spef line 315699, net rof1_0__core/be/be_mmu/dcache/data_mem_data_lo\[501\] not found.
[WARNING STA-1650] ./results/nangate45_3D/bp_multi/HBT/6_final.spef line 315700, net rof1_0__core/be/be_mmu/dcache/data_mem_data_lo\[501\] not found.
[WARNING STA-1650] ./results/nangate45_3D/bp_multi/HBT/6_final.spef line 315703, net me/genblk1_0__bp_cce_top/bp_cce/pc_inst_ram/_1130_ not found.
[WARNING STA-1650] ./results/nangate45_3D/bp_multi/HBT/6_final.spef line 315704, net rof1_0__core/_06741_ not found.
[WARNING STA-1650] ./results/nangate45_3D/bp_multi/HBT/6_final.spef line 315732, net me/genblk1_0__bp_cce_top/bp_cce/pc_inst_ram/_0859_ not found.
[WARNING STA-1650] ./results/nangate45_3D/bp_multi/HBT/6_final.spef line 315733, net me/genblk1_0__bp_cce_top/bp_cce/pc_inst_ram/_1075_ not found.
[WARNING STA-1650] ./results/nangate45_3D/bp_multi/HBT/6_final.spef line 315746, net me/genblk1_0__bp_cce_top/bp_cce/_11205_ not found.
[WARNING STA-1650] ./results/nangate45_3D/bp_multi/HBT/6_final.spef line 315747, net me/genblk1_0__bp_cce_top/bp_cce/_11213_ not found.
[WARNING STA-1650] ./results/nangate45_3D/bp_multi/HBT/6_final.spef line 315748, net me/genblk1_0__bp_cce_top/bp_cce/_12592_ not found.
[WARNING STA-1650] ./results/nangate45_3D/bp_multi/HBT/6_final.spef line 315749, net me/genblk1_0__bp_cce_top/bp_cce/directory/_1996_ not found.
[WARNING STA-1650] ./results/nangate45_3D/bp_multi/HBT/6_final.spef line 315750, net me/genblk1_0__bp_cce_top/bp_cce/directory/_2006_ not found.
[WARNING STA-1650] ./results/nangate45_3D/bp_multi/HBT/6_final.spef line 315751, net me/genblk1_0__bp_cce_top/bp_cce/directory/_2057_ not found.
[WARNING STA-1650] ./results/nangate45_3D/bp_multi/HBT/6_final.spef line 315752, net me/genblk1_0__bp_cce_top/bp_cce/directory/_2063_ not found.
[WARNING STA-1650] ./results/nangate45_3D/bp_multi/HBT/6_final.spef line 315753, net me/genblk1_0__bp_cce_top/bp_cce/directory/_2073_ not found.
[WARNING STA-1650] ./results/nangate45_3D/bp_multi/HBT/6_final.spef line 315754, net me/genblk1_0__bp_cce_top/bp_cce/directory/_2076_ not found.
[WARNING STA-1650] ./results/nangate45_3D/bp_multi/HBT/6_final.spef line 315755, net me/genblk1_0__bp_cce_top/bp_cce/directory/_2084_ not found.
[WARNING STA-1650] ./results/nangate45_3D/bp_multi/HBT/6_final.spef line 315756, net me/genblk1_0__bp_cce_top/bp_cce/directory/_2693_ not found.
[WARNING STA-1650] ./results/nangate45_3D/bp_multi/HBT/6_final.spef line 315757, net me/genblk1_0__bp_cce_top/bp_cce/directory/_2694_ not found.
[WARNING STA-1650] ./results/nangate45_3D/bp_multi/HBT/6_final.spef line 315758, net me/genblk1_0__bp_cce_top/bp_cce/directory/_2703_ not found.
[WARNING STA-1650] ./results/nangate45_3D/bp_multi/HBT/6_final.spef line 315773, net me/genblk1_0__bp_cce_top/bp_cce/directory/_0330_ not found.
[WARNING STA-1650] ./results/nangate45_3D/bp_multi/HBT/6_final.spef line 315774, net me/genblk1_0__bp_cce_top/bp_cce/directory/_0357_ not found.
[WARNING STA-1650] ./results/nangate45_3D/bp_multi/HBT/6_final.spef line 315775, net me/genblk1_0__bp_cce_top/bp_cce/directory/_0357_ not found.
[WARNING STA-1650] ./results/nangate45_3D/bp_multi/HBT/6_final.spef line 315776, net me/genblk1_0__bp_cce_top/bp_cce/directory/_0362_ not found.
[WARNING STA-1650] ./results/nangate45_3D/bp_multi/HBT/6_final.spef line 315777, net me/genblk1_0__bp_cce_top/bp_cce/directory/_0376_ not found.
[WARNING STA-1650] ./results/nangate45_3D/bp_multi/HBT/6_final.spef line 315778, net me/genblk1_0__bp_cce_top/bp_cce/directory/_0495_ not found.
[WARNING STA-1650] ./results/nangate45_3D/bp_multi/HBT/6_final.spef line 315779, net me/genblk1_0__bp_cce_top/bp_cce/directory/_0525_ not found.
[WARNING STA-1650] ./results/nangate45_3D/bp_multi/HBT/6_final.spef line 315780, net me/genblk1_0__bp_cce_top/bp_cce/directory/_0538_ not found.
[WARNING STA-1650] ./results/nangate45_3D/bp_multi/HBT/6_final.spef line 315807, net me/genblk1_0__bp_cce_top/bp_cce/pc_inst_ram/cce_inst_ram/macro_mem/mem not found.
[WARNING STA-1650] ./results/nangate45_3D/bp_multi/HBT/6_final.spef line 315814, net me/genblk1_0__bp_cce_top/bp_cce/directory/_2731_ not found.
[WARNING STA-1650] ./results/nangate45_3D/bp_multi/HBT/6_final.spef line 315820, net me/genblk1_0__bp_cce_top/mem_cce_resp_fifo.mem_1r1w.synth.mem\[39\] not found.
[WARNING STA-1650] ./results/nangate45_3D/bp_multi/HBT/6_final.spef line 315920, net rof1_0__core/be/be_mmu/dcache/_24791_ not found.
[WARNING STA-1650] ./results/nangate45_3D/bp_multi/HBT/6_final.spef line 315950, net rof1_0__core/be/be_mmu/dcache/data_mem_data_lo\[500\] not found.
[WARNING STA-1650] ./results/nangate45_3D/bp_multi/HBT/6_final.spef line 315951, net rof1_0__core/be/be_mmu/dcache/stat_mem.addr_i\[0\] not found.
[WARNING STA-1650] ./results/nangate45_3D/bp_multi/HBT/6_final.spef line 315952, net rof1_0__core/be/be_mmu/dcache/stat_mem.addr_i\[1\] not found.
[WARNING STA-1650] ./results/nangate45_3D/bp_multi/HBT/6_final.spef line 315957, net rof1_0__core/fe/icache_1/_28213_ not found.
[WARNING STA-1650] ./results/nangate45_3D/bp_multi/HBT/6_final.spef line 316008, net me/genblk1_0__bp_cce_top/bp_cce/directory/_2055_ not found.
[WARNING STA-1650] ./results/nangate45_3D/bp_multi/HBT/6_final.spef line 316009, net me/genblk1_0__bp_cce_top/bp_cce/directory/_2063_ not found.
[WARNING STA-1650] ./results/nangate45_3D/bp_multi/HBT/6_final.spef line 316010, net me/genblk1_0__bp_cce_top/bp_cce/directory/_2069_ not found.
[WARNING STA-1650] ./results/nangate45_3D/bp_multi/HBT/6_final.spef line 316011, net me/genblk1_0__bp_cce_top/bp_cce/directory/_2073_ not found.
[WARNING STA-1650] ./results/nangate45_3D/bp_multi/HBT/6_final.spef line 316012, net me/genblk1_0__bp_cce_top/bp_cce/directory/_2076_ not found.
[WARNING STA-1650] ./results/nangate45_3D/bp_multi/HBT/6_final.spef line 316013, net me/genblk1_0__bp_cce_top/bp_cce/directory/_2076_ not found.
[WARNING STA-1650] ./results/nangate45_3D/bp_multi/HBT/6_final.spef line 316014, net me/genblk1_0__bp_cce_top/bp_cce/directory/_2084_ not found.
[WARNING STA-1650] ./results/nangate45_3D/bp_multi/HBT/6_final.spef line 316015, net me/genblk1_0__bp_cce_top/bp_cce/directory/_2086_ not found.
[WARNING STA-1650] ./results/nangate45_3D/bp_multi/HBT/6_final.spef line 316017, net me/genblk1_0__bp_cce_top/bp_cce/directory/_0330_ not found.
[WARNING STA-1650] ./results/nangate45_3D/bp_multi/HBT/6_final.spef line 316018, net me/genblk1_0__bp_cce_top/bp_cce/directory/_0495_ not found.
[WARNING STA-1650] ./results/nangate45_3D/bp_multi/HBT/6_final.spef line 316019, net me/genblk1_0__bp_cce_top/bp_cce/directory/_0525_ not found.
[WARNING STA-1650] ./results/nangate45_3D/bp_multi/HBT/6_final.spef line 316065, net me/genblk1_0__bp_cce_top/bp_cce/pc_inst_ram/_0828_ not found.
[WARNING STA-1650] ./results/nangate45_3D/bp_multi/HBT/6_final.spef line 316066, net me/genblk1_0__bp_cce_top/bp_cce/pc_inst_ram/_0829_ not found.
[WARNING STA-1650] ./results/nangate45_3D/bp_multi/HBT/6_final.spef line 316067, net me/genblk1_0__bp_cce_top/bp_cce/pc_inst_ram/_1074_ not found.
[WARNING STA-1650] ./results/nangate45_3D/bp_multi/HBT/6_final.spef line 316068, net me/genblk1_0__bp_cce_top/bp_cce/pc_inst_ram/_1086_ not found.
[WARNING STA-1650] ./results/nangate45_3D/bp_multi/HBT/6_final.spef line 316069, net me/genblk1_0__bp_cce_top/bp_cce/pc_inst_ram/_1087_ not found.
[WARNING STA-1650] ./results/nangate45_3D/bp_multi/HBT/6_final.spef line 316070, net me/genblk1_0__bp_cce_top/bp_cce/pc_inst_ram/_1092_ not found.
[WARNING STA-1650] ./results/nangate45_3D/bp_multi/HBT/6_final.spef line 316085, net rof1_0__core/be/be_calculator/float_regfile/rf/z_notmacro_synth/_18155_ not found.
[WARNING STA-1650] ./results/nangate45_3D/bp_multi/HBT/6_final.spef line 316086, net rof1_0__core/be/be_calculator/float_regfile/rf/z_notmacro_synth/_18158_ not found.
[WARNING STA-1650] ./results/nangate45_3D/bp_multi/HBT/6_final.spef line 316087, net rof1_0__core/be/be_calculator/float_regfile/rf/z_notmacro_synth/_18170_ not found.
[WARNING STA-1650] ./results/nangate45_3D/bp_multi/HBT/6_final.spef line 316088, net rof1_0__core/be/be_calculator/float_regfile/rf/z_notmacro_synth/_23246_ not found.
[WARNING STA-1650] ./results/nangate45_3D/bp_multi/HBT/6_final.spef line 316089, net rof1_0__core/be/be_calculator/float_regfile/rf/z_notmacro_synth/_23248_ not found.
[WARNING STA-1650] ./results/nangate45_3D/bp_multi/HBT/6_final.spef line 316090, net rof1_0__core/be/be_calculator/float_regfile/rf/z_notmacro_synth/_23261_ not found.
[WARNING STA-1650] ./results/nangate45_3D/bp_multi/HBT/6_final.spef line 316091, net rof1_0__core/be/be_calculator/float_regfile/rf/z_notmacro_synth/_26700_ not found.
[WARNING STA-1650] ./results/nangate45_3D/bp_multi/HBT/6_final.spef line 316092, net rof1_0__core/be/be_calculator/float_regfile/rf/z_notmacro_synth/_28998_ not found.
[WARNING STA-1650] ./results/nangate45_3D/bp_multi/HBT/6_final.spef line 316093, net rof1_0__core/be/be_calculator/float_regfile/rf/z_notmacro_synth/_29292_ not found.
[WARNING STA-1650] ./results/nangate45_3D/bp_multi/HBT/6_final.spef line 316094, net rof1_0__core/be/be_calculator/float_regfile/rf/z_notmacro_synth/_29452_ not found.
[WARNING STA-1650] ./results/nangate45_3D/bp_multi/HBT/6_final.spef line 316095, net rof1_0__core/be/be_calculator/float_regfile/rf/z_notmacro_synth/_30663_ not found.
[WARNING STA-1650] ./results/nangate45_3D/bp_multi/HBT/6_final.spef line 316096, net rof1_0__core/be/be_calculator/float_regfile/rf/z_notmacro_synth/_30891_ not found.
[WARNING STA-1650] ./results/nangate45_3D/bp_multi/HBT/6_final.spef line 316113, net rof1_0__core/be/be_calculator/float_regfile/rf/z_notmacro_synth/_06281_ not found.
[WARNING STA-1650] ./results/nangate45_3D/bp_multi/HBT/6_final.spef line 316114, net rof1_0__core/be/be_calculator/float_regfile/rf/z_notmacro_synth/_18174_ not found.
[WARNING STA-1650] ./results/nangate45_3D/bp_multi/HBT/6_final.spef line 316115, net rof1_0__core/be/be_calculator/float_regfile/rf/z_notmacro_synth/_20085_ not found.
[WARNING STA-1650] ./results/nangate45_3D/bp_multi/HBT/6_final.spef line 316116, net rof1_0__core/be/be_calculator/float_regfile/rf/z_notmacro_synth/_20087_ not found.
[WARNING STA-1650] ./results/nangate45_3D/bp_multi/HBT/6_final.spef line 316117, net rof1_0__core/be/be_calculator/float_regfile/rf/z_notmacro_synth/_20089_ not found.
[WARNING STA-1650] ./results/nangate45_3D/bp_multi/HBT/6_final.spef line 316118, net rof1_0__core/be/be_calculator/float_regfile/rf/z_notmacro_synth/_23264_ not found.
[WARNING STA-1650] ./results/nangate45_3D/bp_multi/HBT/6_final.spef line 316119, net rof1_0__core/be/be_calculator/float_regfile/rf/z_notmacro_synth/_25028_ not found.
[WARNING STA-1650] ./results/nangate45_3D/bp_multi/HBT/6_final.spef line 316120, net rof1_0__core/be/be_calculator/float_regfile/rf/z_notmacro_synth/_25032_ not found.
[WARNING STA-1650] ./results/nangate45_3D/bp_multi/HBT/6_final.spef line 316121, net rof1_0__core/be/be_calculator/float_regfile/rf/z_notmacro_synth/_29978_ not found.
[WARNING STA-1650] ./results/nangate45_3D/bp_multi/HBT/6_final.spef line 316122, net rof1_0__core/be/be_calculator/float_regfile/rf/z_notmacro_synth/_30264_ not found.
[WARNING STA-1650] ./results/nangate45_3D/bp_multi/HBT/6_final.spef line 316129, net rof1_0__core/be/be_calculator/float_regfile/rf/z_notmacro_synth/_06281_ not found.
[WARNING STA-1650] ./results/nangate45_3D/bp_multi/HBT/6_final.spef line 316130, net rof1_0__core/be/be_calculator/float_regfile/rf/z_notmacro_synth/_14193_ not found.
[WARNING STA-1650] ./results/nangate45_3D/bp_multi/HBT/6_final.spef line 316131, net rof1_0__core/be/be_calculator/float_regfile/rf/z_notmacro_synth/_14201_ not found.
[WARNING STA-1650] ./results/nangate45_3D/bp_multi/HBT/6_final.spef line 316133, net rof1_0__core/be/be_calculator/float_regfile/rf/z_notmacro_synth/_20098_ not found.
[WARNING STA-1650] ./results/nangate45_3D/bp_multi/HBT/6_final.spef line 316134, net rof1_0__core/be/be_calculator/float_regfile/rf/z_notmacro_synth/_25035_ not found.
[WARNING STA-1650] ./results/nangate45_3D/bp_multi/HBT/6_final.spef line 316135, net rof1_0__core/be/be_calculator/float_regfile/rf/z_notmacro_synth/_25037_ not found.
[WARNING STA-1650] ./results/nangate45_3D/bp_multi/HBT/6_final.spef line 316136, net rof1_0__core/be/be_calculator/float_regfile/rf/z_notmacro_synth/_25038_ not found.
[WARNING STA-1650] ./results/nangate45_3D/bp_multi/HBT/6_final.spef line 316137, net rof1_0__core/be/be_calculator/float_regfile/rf/z_notmacro_synth/_25039_ not found.
[WARNING STA-1650] ./results/nangate45_3D/bp_multi/HBT/6_final.spef line 316138, net rof1_0__core/be/be_calculator/float_regfile/rf/z_notmacro_synth/_26002_ not found.
[WARNING STA-1650] ./results/nangate45_3D/bp_multi/HBT/6_final.spef line 316139, net rof1_0__core/be/be_calculator/float_regfile/rf/z_notmacro_synth/_30377_ not found.
[WARNING STA-1650] ./results/nangate45_3D/bp_multi/HBT/6_final.spef line 316144, net rof1_0__core/be/be_calculator/float_regfile/rf/z_notmacro_synth/mem\[919\] not found.
[WARNING STA-1650] ./results/nangate45_3D/bp_multi/HBT/6_final.spef line 316145, net rof1_0__core/be/be_calculator/float_regfile/rf/z_notmacro_synth/_20117_ not found.
[WARNING STA-1650] ./results/nangate45_3D/bp_multi/HBT/6_final.spef line 316146, net rof1_0__core/be/be_calculator/float_regfile/rf/z_notmacro_synth/_20117_ not found.
[WARNING STA-1650] ./results/nangate45_3D/bp_multi/HBT/6_final.spef line 316147, net rof1_0__core/be/be_calculator/float_regfile/rf/z_notmacro_synth/_20124_ not found.
[WARNING STA-1650] ./results/nangate45_3D/bp_multi/HBT/6_final.spef line 316148, net rof1_0__core/be/be_calculator/float_regfile/rf/z_notmacro_synth/_20127_ not found.
[WARNING STA-1650] ./results/nangate45_3D/bp_multi/HBT/6_final.spef line 316149, net rof1_0__core/be/be_calculator/float_regfile/rf/z_notmacro_synth/_21128_ not found.
[WARNING STA-1650] ./results/nangate45_3D/bp_multi/HBT/6_final.spef line 316150, net rof1_0__core/be/be_calculator/float_regfile/rf/z_notmacro_synth/_21132_ not found.
[WARNING STA-1650] ./results/nangate45_3D/bp_multi/HBT/6_final.spef line 316151, net rof1_0__core/be/be_calculator/float_regfile/rf/z_notmacro_synth/_21137_ not found.
[WARNING STA-1650] ./results/nangate45_3D/bp_multi/HBT/6_final.spef line 316152, net rof1_0__core/be/be_calculator/float_regfile/rf/z_notmacro_synth/_21142_ not found.
[WARNING STA-1650] ./results/nangate45_3D/bp_multi/HBT/6_final.spef line 316153, net rof1_0__core/be/be_calculator/float_regfile/rf/z_notmacro_synth/_21144_ not found.
[WARNING STA-1650] ./results/nangate45_3D/bp_multi/HBT/6_final.spef line 316154, net rof1_0__core/be/be_calculator/float_regfile/rf/z_notmacro_synth/_21146_ not found.
[WARNING STA-1650] ./results/nangate45_3D/bp_multi/HBT/6_final.spef line 316155, net rof1_0__core/be/be_calculator/float_regfile/rf/z_notmacro_synth/_25059_ not found.
[WARNING STA-1650] ./results/nangate45_3D/bp_multi/HBT/6_final.spef line 316156, net rof1_0__core/be/be_calculator/float_regfile/rf/z_notmacro_synth/_26018_ not found.
[WARNING STA-1650] ./results/nangate45_3D/bp_multi/HBT/6_final.spef line 316157, net rof1_0__core/be/be_calculator/float_regfile/rf/z_notmacro_synth/_27765_ not found.
[WARNING STA-1650] ./results/nangate45_3D/bp_multi/HBT/6_final.spef line 316158, net rof1_0__core/be/be_calculator/float_regfile/rf/z_notmacro_synth/_27765_ not found.
[WARNING STA-1650] ./results/nangate45_3D/bp_multi/HBT/6_final.spef line 316159, net rof1_0__core/be/be_calculator/float_regfile/rf/z_notmacro_synth/_28197_ not found.
[WARNING STA-1650] ./results/nangate45_3D/bp_multi/HBT/6_final.spef line 316160, net rof1_0__core/be/be_calculator/float_regfile/rf/z_notmacro_synth/_30980_ not found.
[WARNING STA-1650] ./results/nangate45_3D/bp_multi/HBT/6_final.spef line 316161, net rof1_0__core/be/be_calculator/float_regfile/rf/z_notmacro_synth/_31409_ not found.
[WARNING STA-1650] ./results/nangate45_3D/bp_multi/HBT/6_final.spef line 316181, net rof1_0__core/be/be_calculator/float_regfile/rf/z_notmacro_synth/_05622_ not found.
[WARNING STA-1650] ./results/nangate45_3D/bp_multi/HBT/6_final.spef line 316182, net rof1_0__core/be/be_calculator/float_regfile/rf/z_notmacro_synth/_13420_ not found.
[WARNING STA-1650] ./results/nangate45_3D/bp_multi/HBT/6_final.spef line 316190, net rof1_0__core/be/be_calculator/float_regfile/rf/z_notmacro_synth/mem\[265\] not found.
[WARNING STA-1650] ./results/nangate45_3D/bp_multi/HBT/6_final.spef line 316195, net rof1_0__core/be/be_calculator/_19181_ not found.
[WARNING STA-1650] ./results/nangate45_3D/bp_multi/HBT/6_final.spef line 316196, net rof1_0__core/be/be_calculator/_19477_ not found.
[WARNING STA-1650] ./results/nangate45_3D/bp_multi/HBT/6_final.spef line 316197, net rof1_0__core/be/be_calculator/_19628_ not found.
[WARNING STA-1650] ./results/nangate45_3D/bp_multi/HBT/6_final.spef line 316198, net rof1_0__core/be/be_calculator/_19981_ not found.
[WARNING STA-1650] ./results/nangate45_3D/bp_multi/HBT/6_final.spef line 316220, net rof1_0__core/be/be_calculator/int_regfile.rf.macro_mem0.r_data_o\[4\] not found.
[WARNING STA-1650] ./results/nangate45_3D/bp_multi/HBT/6_final.spef line 316222, net rof1_0__core/_07660_ not found.
[WARNING STA-1650] ./results/nangate45_3D/bp_multi/HBT/6_final.spef line 316223, net rof1_0__core/be/_3014_ not found.
[WARNING STA-1650] ./results/nangate45_3D/bp_multi/HBT/6_final.spef line 316224, net rof1_0__core/be/_3138_ not found.
[WARNING STA-1650] ./results/nangate45_3D/bp_multi/HBT/6_final.spef line 316225, net rof1_0__core/be/be_mmu/_19_ not found.
[WARNING STA-1650] ./results/nangate45_3D/bp_multi/HBT/6_final.spef line 316236, net rof1_0__core/be/be_checker.detector.mmu_cmd_ready_i not found.
[WARNING STA-1650] ./results/nangate45_3D/bp_multi/HBT/6_final.spef line 316237, net rof1_0__core/_06667_ not found.
[WARNING STA-1650] ./results/nangate45_3D/bp_multi/HBT/6_final.spef line 316238, net rof1_0__core/_06744_ not found.
[WARNING STA-1650] ./results/nangate45_3D/bp_multi/HBT/6_final.spef line 316239, net rof1_0__core/_06747_ not found.
[WARNING STA-1650] ./results/nangate45_3D/bp_multi/HBT/6_final.spef line 316240, net rof1_0__core/_07156_ not found.
[WARNING STA-1650] ./results/nangate45_3D/bp_multi/HBT/6_final.spef line 316241, net rof1_0__core/_07469_ not found.
[WARNING STA-1650] ./results/nangate45_3D/bp_multi/HBT/6_final.spef line 316242, net rof1_0__core/_07584_ not found.
[WARNING STA-1650] ./results/nangate45_3D/bp_multi/HBT/6_final.spef line 316243, net rof1_0__core/_07593_ not found.
[WARNING STA-1650] ./results/nangate45_3D/bp_multi/HBT/6_final.spef line 316244, net rof1_0__core/_07630_ not found.
[WARNING STA-1650] ./results/nangate45_3D/bp_multi/HBT/6_final.spef line 316245, net rof1_0__core/_07660_ not found.
[WARNING STA-1650] ./results/nangate45_3D/bp_multi/HBT/6_final.spef line 316246, net rof1_0__core/_07662_ not found.
[WARNING STA-1650] ./results/nangate45_3D/bp_multi/HBT/6_final.spef line 316247, net rof1_0__core/_08103_ not found.
[WARNING STA-1650] ./results/nangate45_3D/bp_multi/HBT/6_final.spef line 316248, net rof1_0__core/_08104_ not found.
[WARNING STA-1650] ./results/nangate45_3D/bp_multi/HBT/6_final.spef line 316249, net rof1_0__core/_08158_ not found.
[WARNING STA-1650] ./results/nangate45_3D/bp_multi/HBT/6_final.spef line 316250, net rof1_0__core/_09113_ not found.
[WARNING STA-1650] ./results/nangate45_3D/bp_multi/HBT/6_final.spef line 316251, net rof1_0__core/_09150_ not found.
[WARNING STA-1650] ./results/nangate45_3D/bp_multi/HBT/6_final.spef line 316252, net rof1_0__core/_09157_ not found.
[WARNING STA-1650] ./results/nangate45_3D/bp_multi/HBT/6_final.spef line 316253, net rof1_0__core/_09185_ not found.
[WARNING STA-1650] ./results/nangate45_3D/bp_multi/HBT/6_final.spef line 316254, net rof1_0__core/_10658_ not found.
[WARNING STA-1650] ./results/nangate45_3D/bp_multi/HBT/6_final.spef line 316274, net rof1_0__core/_01330_ not found.
[WARNING STA-1650] ./results/nangate45_3D/bp_multi/HBT/6_final.spef line 316275, net rof1_0__core/_01330_ not found.
[WARNING STA-1650] ./results/nangate45_3D/bp_multi/HBT/6_final.spef line 316276, net rof1_0__core/_01330_ not found.
[WARNING STA-1650] ./results/nangate45_3D/bp_multi/HBT/6_final.spef line 316277, net rof1_0__core/be_fe_queue\[94\] not found.
[WARNING STA-1650] ./results/nangate45_3D/bp_multi/HBT/6_final.spef line 316278, net me/genblk1_0__bp_cce_top/_43258_ not found.
[WARNING STA-1650] ./results/nangate45_3D/bp_multi/HBT/6_final.spef line 316279, net rof1_0__core/_05680_ not found.
[WARNING STA-1650] ./results/nangate45_3D/bp_multi/HBT/6_final.spef line 316280, net rof1_0__core/_09734_ not found.
[WARNING STA-1650] ./results/nangate45_3D/bp_multi/HBT/6_final.spef line 316281, net rof1_0__core/_09742_ not found.
[WARNING STA-1650] ./results/nangate45_3D/bp_multi/HBT/6_final.spef line 316282, net rof1_0__core/_10408_ not found.
[WARNING STA-1650] ./results/nangate45_3D/bp_multi/HBT/6_final.spef line 316283, net rof1_0__core/be/_3013_ not found.
[WARNING STA-1650] ./results/nangate45_3D/bp_multi/HBT/6_final.spef line 316284, net rof1_0__core/fe/icache_1/_24741_ not found.
[WARNING STA-1650] ./results/nangate45_3D/bp_multi/HBT/6_final.spef line 316294, net rof1_0__core/_03903_ not found.
[WARNING STA-1650] ./results/nangate45_3D/bp_multi/HBT/6_final.spef line 316295, net rof1_0__core/_03903_ not found.
[WARNING STA-1650] ./results/nangate45_3D/bp_multi/HBT/6_final.spef line 316296, net rof1_0__core/_05544_ not found.
[WARNING STA-1650] ./results/nangate45_3D/bp_multi/HBT/6_final.spef line 316297, net rof1_0__core/_05867_ not found.
[WARNING STA-1650] ./results/nangate45_3D/bp_multi/HBT/6_final.spef line 316298, net rof1_0__core/_05874_ not found.
[WARNING STA-1650] ./results/nangate45_3D/bp_multi/HBT/6_final.spef line 316299, net rof1_0__core/_09384_ not found.
[WARNING STA-1650] ./results/nangate45_3D/bp_multi/HBT/6_final.spef line 316309, net rof1_0__core/_03903_ not found.
[WARNING STA-1650] ./results/nangate45_3D/bp_multi/HBT/6_final.spef line 316310, net rof1_0__core/fe_queue_fifo.fifo_mem.synth.mem\[271\] not found.
[WARNING STA-1650] ./results/nangate45_3D/bp_multi/HBT/6_final.spef line 316311, net rof1_0__core/fe_queue_fifo.fifo_mem.synth.mem\[957\] not found.
[WARNING STA-1650] ./results/nangate45_3D/bp_multi/HBT/6_final.spef line 316314, net me/genblk1_0__bp_cce_top/_29506_ not found.
[WARNING STA-1650] ./results/nangate45_3D/bp_multi/HBT/6_final.spef line 316315, net me/genblk1_0__bp_cce_top/_32441_ not found.
[WARNING STA-1650] ./results/nangate45_3D/bp_multi/HBT/6_final.spef line 316316, net rof1_0__core/_06219_ not found.
[WARNING STA-1650] ./results/nangate45_3D/bp_multi/HBT/6_final.spef line 316317, net rof1_0__core/_08734_ not found.
[WARNING STA-1650] ./results/nangate45_3D/bp_multi/HBT/6_final.spef line 316318, net rof1_0__core/fe/icache_1/_28211_ not found.
[WARNING STA-1650] ./results/nangate45_3D/bp_multi/HBT/6_final.spef line 316331, net me/genblk1_0__bp_cce_top/bp_cce/pc_inst_ram/ram_data_i_r\[45\] not found.
[WARNING STA-1650] ./results/nangate45_3D/bp_multi/HBT/6_final.spef line 316342, net rof1_0__core/fe_queue_fifo.fifo_mem.synth.mem\[938\] not found.
[WARNING STA-1650] ./results/nangate45_3D/bp_multi/HBT/6_final.spef line 316377, net me/genblk1_0__bp_cce_top/lce_cce_req_fifo.data_o\[28\] not found.
[WARNING STA-1650] ./results/nangate45_3D/bp_multi/HBT/6_final.spef line 316386, net me/genblk1_0__bp_cce_top/bp_cce/_10363_ not found.
[WARNING STA-1650] ./results/nangate45_3D/bp_multi/HBT/6_final.spef line 316387, net rof1_0__core/_09852_ not found.
[WARNING STA-1650] ./results/nangate45_3D/bp_multi/HBT/6_final.spef line 316388, net rof1_0__core/be/_2638_ not found.
[WARNING STA-1650] ./results/nangate45_3D/bp_multi/HBT/6_final.spef line 316389, net rof1_0__core/be/be_calculator/_14184_ not found.
[WARNING STA-1650] ./results/nangate45_3D/bp_multi/HBT/6_final.spef line 316390, net rof1_0__core/be/be_calculator/_22072_ not found.
[WARNING STA-1650] ./results/nangate45_3D/bp_multi/HBT/6_final.spef line 316391, net rof1_0__core/be/be_calculator/_23939_ not found.
[WARNING STA-1650] ./results/nangate45_3D/bp_multi/HBT/6_final.spef line 316392, net rof1_0__core/be/be_calculator/float_regfile/rf/z_notmacro_synth/_17294_ not found.
[WARNING STA-1650] ./results/nangate45_3D/bp_multi/HBT/6_final.spef line 316393, net rof1_0__core/be/be_calculator/float_regfile/rf/z_notmacro_synth/_29483_ not found.
[WARNING STA-1650] ./results/nangate45_3D/bp_multi/HBT/6_final.spef line 316435, net rof1_0__core/_02424_ not found.
[WARNING STA-1650] ./results/nangate45_3D/bp_multi/HBT/6_final.spef line 316436, net rof1_0__core/be/_0340_ not found.
[WARNING STA-1650] ./results/nangate45_3D/bp_multi/HBT/6_final.spef line 316437, net rof1_0__core/be/be_calculator/_07283_ not found.
[WARNING STA-1650] ./results/nangate45_3D/bp_multi/HBT/6_final.spef line 316438, net rof1_0__core/be/be_calculator/_07283_ not found.
[WARNING STA-1650] ./results/nangate45_3D/bp_multi/HBT/6_final.spef line 316439, net rof1_0__core/be/be_calculator/calc_stage_reg.data_i\[428\] not found.
[WARNING STA-1650] ./results/nangate45_3D/bp_multi/HBT/6_final.spef line 316440, net rof1_0__core/be/be_calculator/comp_stage_r\[307\] not found.
[WARNING STA-1650] ./results/nangate45_3D/bp_multi/HBT/6_final.spef line 316441, net rof1_0__core/be/be_calculator/dispatch_pkt_r_rs2__47_ not found.
[WARNING STA-1650] ./results/nangate45_3D/bp_multi/HBT/6_final.spef line 316442, net rof1_0__core/be/be_calculator/dispatch_pkt_r_rs2__55_ not found.
[WARNING STA-1650] ./results/nangate45_3D/bp_multi/HBT/6_final.spef line 316443, net rof1_0__core/be/be_calculator/float_regfile/rf/z_notmacro_synth/_06338_ not found.
[WARNING STA-1650] ./results/nangate45_3D/bp_multi/HBT/6_final.spef line 316444, net rof1_0__core/be/be_calculator/float_regfile/rf/z_notmacro_synth/_11092_ not found.
[WARNING STA-1650] ./results/nangate45_3D/bp_multi/HBT/6_final.spef line 316445, net rof1_0__core/fe/icache_pc_gen\[85\] not found.
[WARNING STA-1650] ./results/nangate45_3D/bp_multi/HBT/6_final.spef line 316446, net me/genblk1_0__bp_cce_top/_24260_ not found.
[WARNING STA-1650] ./results/nangate45_3D/bp_multi/HBT/6_final.spef line 316447, net me/genblk1_0__bp_cce_top/_24645_ not found.
[WARNING STA-1650] ./results/nangate45_3D/bp_multi/HBT/6_final.spef line 316448, net me/genblk1_0__bp_cce_top/_24647_ not found.
[WARNING STA-1650] ./results/nangate45_3D/bp_multi/HBT/6_final.spef line 316449, net me/genblk1_0__bp_cce_top/_29697_ not found.
[WARNING STA-1650] ./results/nangate45_3D/bp_multi/HBT/6_final.spef line 316450, net me/genblk1_0__bp_cce_top/_30389_ not found.
[WARNING STA-1650] ./results/nangate45_3D/bp_multi/HBT/6_final.spef line 316451, net me/genblk1_0__bp_cce_top/_40616_ not found.
[WARNING STA-1650] ./results/nangate45_3D/bp_multi/HBT/6_final.spef line 316452, net me/genblk1_0__bp_cce_top/_40816_ not found.
[WARNING STA-1650] ./results/nangate45_3D/bp_multi/HBT/6_final.spef line 316453, net me/genblk1_0__bp_cce_top/_40816_ not found.
[WARNING STA-1650] ./results/nangate45_3D/bp_multi/HBT/6_final.spef line 316454, net me/genblk1_0__bp_cce_top/_40937_ not found.
[WARNING STA-1650] ./results/nangate45_3D/bp_multi/HBT/6_final.spef line 316455, net me/genblk1_0__bp_cce_top/bp_cce/_08662_ not found.
[WARNING STA-1650] ./results/nangate45_3D/bp_multi/HBT/6_final.spef line 316456, net me/genblk1_0__bp_cce_top/bp_cce/_09901_ not found.
[WARNING STA-1650] ./results/nangate45_3D/bp_multi/HBT/6_final.spef line 316457, net me/genblk1_0__bp_cce_top/bp_cce/_13821_ not found.
[WARNING STA-1650] ./results/nangate45_3D/bp_multi/HBT/6_final.spef line 316458, net me/genblk1_0__bp_cce_top/bp_cce/_13859_ not found.
[WARNING STA-1650] ./results/nangate45_3D/bp_multi/HBT/6_final.spef line 316459, net me/genblk1_0__bp_cce_top/bp_cce/_13859_ not found.
[WARNING STA-1650] ./results/nangate45_3D/bp_multi/HBT/6_final.spef line 316466, net me/genblk1_0__bp_cce_top/mem_cce_data_resp_fifo.mem_1r1w.synth.mem\[1007\] not found.
[WARNING STA-1650] ./results/nangate45_3D/bp_multi/HBT/6_final.spef line 316479, net me/genblk1_0__bp_cce_top/_29414_ not found.
[WARNING STA-1650] ./results/nangate45_3D/bp_multi/HBT/6_final.spef line 316480, net me/genblk1_0__bp_cce_top/_29416_ not found.
[WARNING STA-1650] ./results/nangate45_3D/bp_multi/HBT/6_final.spef line 316481, net me/genblk1_0__bp_cce_top/_32628_ not found.
[WARNING STA-1650] ./results/nangate45_3D/bp_multi/HBT/6_final.spef line 316482, net me/genblk1_0__bp_cce_top/_40537_ not found.
[WARNING STA-1650] ./results/nangate45_3D/bp_multi/HBT/6_final.spef line 316483, net me/genblk1_0__bp_cce_top/bp_cce/_08394_ not found.
[WARNING STA-1650] ./results/nangate45_3D/bp_multi/HBT/6_final.spef line 316484, net me/genblk1_0__bp_cce_top/bp_cce/_09913_ not found.
[WARNING STA-1650] ./results/nangate45_3D/bp_multi/HBT/6_final.spef line 316485, net me/genblk1_0__bp_cce_top/bp_cce/pc_inst_ram/_1108_ not found.
[WARNING STA-1650] ./results/nangate45_3D/bp_multi/HBT/6_final.spef line 316497, net me/genblk1_0__bp_cce_top/lce_cce_req_fifo.data_o\[24\] not found.
[WARNING STA-1650] ./results/nangate45_3D/bp_multi/HBT/6_final.spef line 316571, net me/genblk1_0__bp_cce_top/bp_cce/directory/_1998_ not found.
[WARNING STA-1650] ./results/nangate45_3D/bp_multi/HBT/6_final.spef line 316572, net me/genblk1_0__bp_cce_top/bp_cce/directory/_2050_ not found.
[WARNING STA-1650] ./results/nangate45_3D/bp_multi/HBT/6_final.spef line 316573, net me/genblk1_0__bp_cce_top/bp_cce/directory/_2052_ not found.
[WARNING STA-1650] ./results/nangate45_3D/bp_multi/HBT/6_final.spef line 316574, net me/genblk1_0__bp_cce_top/bp_cce/directory/_2061_ not found.
[WARNING STA-1650] ./results/nangate45_3D/bp_multi/HBT/6_final.spef line 316575, net me/genblk1_0__bp_cce_top/bp_cce/directory/_2080_ not found.
[WARNING STA-1650] ./results/nangate45_3D/bp_multi/HBT/6_final.spef line 316579, net me/genblk1_0__bp_cce_top/bp_cce/directory/_0330_ not found.
[WARNING STA-1650] ./results/nangate45_3D/bp_multi/HBT/6_final.spef line 316580, net me/genblk1_0__bp_cce_top/bp_cce/directory/_0335_ not found.
[WARNING STA-1650] ./results/nangate45_3D/bp_multi/HBT/6_final.spef line 316581, net me/genblk1_0__bp_cce_top/bp_cce/directory/_0532_ not found.
[WARNING STA-1650] ./results/nangate45_3D/bp_multi/HBT/6_final.spef line 316611, net me/genblk1_0__bp_cce_top/bp_cce/_13201_ not found.
[WARNING STA-1650] ./results/nangate45_3D/bp_multi/HBT/6_final.spef line 316613, net me/genblk1_0__bp_cce_top/lce_cce_req_fifo.data_o\[11\] not found.
[WARNING STA-1650] ./results/nangate45_3D/bp_multi/HBT/6_final.spef line 316626, net rof1_0__core/fe/icache_1/_03824_ not found.
[WARNING STA-1650] ./results/nangate45_3D/bp_multi/HBT/6_final.spef line 316627, net rof1_0__core/fe/icache_1/_03869_ not found.
[WARNING STA-1650] ./results/nangate45_3D/bp_multi/HBT/6_final.spef line 316645, net me/network/data_cmd_channel/_10669_ not found.
[WARNING STA-1650] ./results/nangate45_3D/bp_multi/HBT/6_final.spef line 316648, net me/genblk1_0__bp_cce_top/_27169_ not found.
[WARNING STA-1650] ./results/nangate45_3D/bp_multi/HBT/6_final.spef line 316649, net me/genblk1_0__bp_cce_top/_36908_ not found.
[WARNING STA-1650] ./results/nangate45_3D/bp_multi/HBT/6_final.spef line 316650, net me/genblk1_0__bp_cce_top/_38467_ not found.
[WARNING STA-1650] ./results/nangate45_3D/bp_multi/HBT/6_final.spef line 316651, net me/genblk1_0__bp_cce_top/bp_cce/_10040_ not found.
[WARNING STA-1650] ./results/nangate45_3D/bp_multi/HBT/6_final.spef line 316652, net me/genblk1_0__bp_cce_top/bp_cce/_10894_ not found.
[WARNING STA-1650] ./results/nangate45_3D/bp_multi/HBT/6_final.spef line 316653, net me/genblk1_0__bp_cce_top/bp_cce/_10896_ not found.
[WARNING STA-1650] ./results/nangate45_3D/bp_multi/HBT/6_final.spef line 316667, net me/genblk1_0__bp_cce_top/bp_cce/_01966_ not found.
[WARNING STA-1650] ./results/nangate45_3D/bp_multi/HBT/6_final.spef line 316668, net me/genblk1_0__bp_cce_top/bp_cce/_03852_ not found.
[WARNING STA-1650] ./results/nangate45_3D/bp_multi/HBT/6_final.spef line 316669, net me/genblk1_0__bp_cce_top/bp_cce/_03896_ not found.
[WARNING STA-1650] ./results/nangate45_3D/bp_multi/HBT/6_final.spef line 316670, net me/genblk1_0__bp_cce_top/lce_cce_req_fifo.data_o\[11\] not found.
[WARNING STA-1650] ./results/nangate45_3D/bp_multi/HBT/6_final.spef line 316671, net me/genblk1_0__bp_cce_top/lce_cce_req_fifo.data_o\[31\] not found.
[WARNING STA-1650] ./results/nangate45_3D/bp_multi/HBT/6_final.spef line 316672, net me/genblk1_0__bp_cce_top/lce_cce_req_fifo.data_o\[31\] not found.
[WARNING STA-1650] ./results/nangate45_3D/bp_multi/HBT/6_final.spef line 316673, net me/genblk1_0__bp_cce_top/lce_cce_req_fifo.data_o\[75\] not found.
[WARNING STA-1650] ./results/nangate45_3D/bp_multi/HBT/6_final.spef line 316674, net me/genblk1_0__bp_cce_top/mem_cce_data_resp_fifo.data_o\[37\] not found.
[WARNING STA-1650] ./results/nangate45_3D/bp_multi/HBT/6_final.spef line 316675, net me/genblk1_0__bp_cce_top/mem_cce_data_resp_fifo.data_o\[518\] not found.
[WARNING STA-1650] ./results/nangate45_3D/bp_multi/HBT/6_final.spef line 316676, net me/lce_data_cmd_o_from_cce\[15\] not found.
[WARNING STA-1650] ./results/nangate45_3D/bp_multi/HBT/6_final.spef line 316677, net me/lce_data_cmd_o_from_cce\[391\] not found.
[WARNING STA-1650] ./results/nangate45_3D/bp_multi/HBT/6_final.spef line 316678, net me/network/lce_cce_req_network/rof_0__fi2_efi3_coherence_network_channel_node.bmr.mux_data_proc.N19 not found.
[WARNING STA-1650] ./results/nangate45_3D/bp_multi/HBT/6_final.spef line 316713, net me/genblk1_0__bp_cce_top/bp_cce/_13199_ not found.
[WARNING STA-1650] ./results/nangate45_3D/bp_multi/HBT/6_final.spef line 316714, net me/genblk1_0__bp_cce_top/bp_cce/pc_inst_ram/_0883_ not found.
[WARNING STA-1650] ./results/nangate45_3D/bp_multi/HBT/6_final.spef line 316783, net me/genblk1_0__bp_cce_top/lce_cce_resp_fifo.data_o\[22\] not found.
[WARNING STA-1650] ./results/nangate45_3D/bp_multi/HBT/6_final.spef line 316784, net rof1_0__core/be/be_calculator/_03508_ not found.
[WARNING STA-1650] ./results/nangate45_3D/bp_multi/HBT/6_final.spef line 316813, net rof1_0__core/_10472_ not found.
[WARNING STA-1650] ./results/nangate45_3D/bp_multi/HBT/6_final.spef line 316814, net rof1_0__core/be/be_calculator/_15834_ not found.
[WARNING STA-1650] ./results/nangate45_3D/bp_multi/HBT/6_final.spef line 316815, net rof1_0__core/be/be_calculator/float_regfile/rf/z_notmacro_synth/_30265_ not found.
[WARNING STA-1650] ./results/nangate45_3D/bp_multi/HBT/6_final.spef line 316816, net rof1_0__core/fe/icache_1/_24742_ not found.
[WARNING STA-1650] ./results/nangate45_3D/bp_multi/HBT/6_final.spef line 316817, net rof1_0__core/fe/icache_1/_24768_ not found.
[WARNING STA-1650] ./results/nangate45_3D/bp_multi/HBT/6_final.spef line 316830, net rof1_0__core/be/be_calculator/_03508_ not found.
[WARNING STA-1650] ./results/nangate45_3D/bp_multi/HBT/6_final.spef line 316831, net rof1_0__core/fe/icache_1/_07529_ not found.
[WARNING STA-1650] ./results/nangate45_3D/bp_multi/HBT/6_final.spef line 316856, net me/genblk1_0__bp_cce_top/_23051_ not found.
[WARNING STA-1650] ./results/nangate45_3D/bp_multi/HBT/6_final.spef line 316908, net me/network/data_cmd_channel/_19489_ not found.
[WARNING STA-1650] ./results/nangate45_3D/bp_multi/HBT/6_final.spef line 316909, net me/network/data_cmd_channel/_21601_ not found.
[WARNING STA-1650] ./results/nangate45_3D/bp_multi/HBT/6_final.spef line 316910, net me/network/data_cmd_channel/_21810_ not found.
[WARNING STA-1650] ./results/nangate45_3D/bp_multi/HBT/6_final.spef line 316911, net rof1_0__core/be/be_mmu/dcache/_20259_ not found.
[WARNING STA-1650] ./results/nangate45_3D/bp_multi/HBT/6_final.spef line 316912, net rof1_0__core/be/be_mmu/dcache/_22577_ not found.
[WARNING STA-1650] ./results/nangate45_3D/bp_multi/HBT/6_final.spef line 316938, net me/network/data_cmd_channel/_23876_ not found.
[WARNING STA-1650] ./results/nangate45_3D/bp_multi/HBT/6_final.spef line 316939, net rof1_0__core/be/be_mmu/dcache/data_mem_data_li\[406\] not found.
[WARNING STA-1650] ./results/nangate45_3D/bp_multi/HBT/6_final.spef line 316940, net rof1_0__core/be/be_mmu/dcache/data_mem_data_li\[471\] not found.
[WARNING STA-1650] ./results/nangate45_3D/bp_multi/HBT/6_final.spef line 316957, net rof1_0__core/be/be_mmu/dcache/data_mem_data_li\[407\] not found.
[WARNING STA-1650] ./results/nangate45_3D/bp_multi/HBT/6_final.spef line 316958, net rof1_0__core/be/be_mmu/dcache/data_mem_data_li\[442\] not found.
[WARNING STA-1650] ./results/nangate45_3D/bp_multi/HBT/6_final.spef line 316959, net rof1_0__core/be/be_mmu/dcache/data_mem_data_li\[474\] not found.
[WARNING STA-1650] ./results/nangate45_3D/bp_multi/HBT/6_final.spef line 316960, net rof1_0__core/be/be_mmu/dcache/data_mem_data_lo\[148\] not found.
[WARNING STA-1650] ./results/nangate45_3D/bp_multi/HBT/6_final.spef line 317039, net me/genblk1_0__bp_cce_top/_21334_ not found.
[WARNING STA-1650] ./results/nangate45_3D/bp_multi/HBT/6_final.spef line 317040, net me/genblk1_0__bp_cce_top/_21336_ not found.
[WARNING STA-1650] ./results/nangate45_3D/bp_multi/HBT/6_final.spef line 317041, net me/genblk1_0__bp_cce_top/_31830_ not found.
[WARNING STA-1650] ./results/nangate45_3D/bp_multi/HBT/6_final.spef line 317042, net me/genblk1_0__bp_cce_top/_38787_ not found.
[WARNING STA-1650] ./results/nangate45_3D/bp_multi/HBT/6_final.spef line 317043, net me/genblk1_0__bp_cce_top/_41235_ not found.
[WARNING STA-1650] ./results/nangate45_3D/bp_multi/HBT/6_final.spef line 317044, net rof1_0__core/_06066_ not found.
[WARNING STA-1650] ./results/nangate45_3D/bp_multi/HBT/6_final.spef line 317045, net rof1_0__core/_06672_ not found.
[WARNING STA-1650] ./results/nangate45_3D/bp_multi/HBT/6_final.spef line 317046, net rof1_0__core/_06674_ not found.
[WARNING STA-1650] ./results/nangate45_3D/bp_multi/HBT/6_final.spef line 317047, net rof1_0__core/_06677_ not found.
[WARNING STA-1650] ./results/nangate45_3D/bp_multi/HBT/6_final.spef line 317048, net rof1_0__core/_06678_ not found.
[WARNING STA-1650] ./results/nangate45_3D/bp_multi/HBT/6_final.spef line 317049, net rof1_0__core/_06683_ not found.
[WARNING STA-1650] ./results/nangate45_3D/bp_multi/HBT/6_final.spef line 317050, net rof1_0__core/_06740_ not found.
[WARNING STA-1650] ./results/nangate45_3D/bp_multi/HBT/6_final.spef line 317051, net rof1_0__core/_06741_ not found.
[WARNING STA-1650] ./results/nangate45_3D/bp_multi/HBT/6_final.spef line 317052, net rof1_0__core/_06744_ not found.
[WARNING STA-1650] ./results/nangate45_3D/bp_multi/HBT/6_final.spef line 317053, net rof1_0__core/_06753_ not found.
[WARNING STA-1650] ./results/nangate45_3D/bp_multi/HBT/6_final.spef line 317054, net rof1_0__core/_08479_ not found.
[WARNING STA-1650] ./results/nangate45_3D/bp_multi/HBT/6_final.spef line 317055, net rof1_0__core/_09113_ not found.
[WARNING STA-1650] ./results/nangate45_3D/bp_multi/HBT/6_final.spef line 317056, net rof1_0__core/be/be_calculator/_18981_ not found.
[WARNING STA-1650] ./results/nangate45_3D/bp_multi/HBT/6_final.spef line 317057, net rof1_0__core/be/be_calculator/_22713_ not found.
[WARNING STA-1650] ./results/nangate45_3D/bp_multi/HBT/6_final.spef line 317058, net rof1_0__core/be/be_calculator/float_regfile/rf/z_notmacro_synth/_28246_ not found.
[WARNING STA-1650] ./results/nangate45_3D/bp_multi/HBT/6_final.spef line 317059, net rof1_0__core/fe/icache_1/_13901_ not found.
[WARNING STA-1650] ./results/nangate45_3D/bp_multi/HBT/6_final.spef line 317060, net rof1_0__core/fe/icache_1/_24741_ not found.
[WARNING STA-1650] ./results/nangate45_3D/bp_multi/HBT/6_final.spef line 317061, net rof1_0__core/fe/icache_1/_28209_ not found.
[WARNING STA-1650] ./results/nangate45_3D/bp_multi/HBT/6_final.spef line 317062, net rof1_0__core/fe/icache_1/_28211_ not found.
[WARNING STA-1650] ./results/nangate45_3D/bp_multi/HBT/6_final.spef line 317121, net rof1_0__core/be/be_calculator/float_regfile/rf/z_notmacro_synth/r1_addr_r\[0\] not found.
[WARNING STA-1650] ./results/nangate45_3D/bp_multi/HBT/6_final.spef line 317175, net rof1_0__core/be/be_calculator/float_regfile/rf/z_notmacro_synth/_28714_ not found.
[WARNING STA-1650] ./results/nangate45_3D/bp_multi/HBT/6_final.spef line 317176, net rof1_0__core/be/be_calculator/float_regfile/rf/z_notmacro_synth/_28855_ not found.
[WARNING STA-1650] ./results/nangate45_3D/bp_multi/HBT/6_final.spef line 317177, net rof1_0__core/be/be_calculator/float_regfile/rf/z_notmacro_synth/_29454_ not found.
[WARNING STA-1650] ./results/nangate45_3D/bp_multi/HBT/6_final.spef line 317182, net rof1_0__core/be/be_calculator/float_regfile/rf/z_notmacro_synth/_06281_ not found.
[WARNING STA-1650] ./results/nangate45_3D/bp_multi/HBT/6_final.spef line 317183, net rof1_0__core/be/be_calculator/float_regfile/rf/z_notmacro_synth/_18177_ not found.
[WARNING STA-1650] ./results/nangate45_3D/bp_multi/HBT/6_final.spef line 317184, net rof1_0__core/be/be_calculator/float_regfile/rf/z_notmacro_synth/_18179_ not found.
[WARNING STA-1650] ./results/nangate45_3D/bp_multi/HBT/6_final.spef line 317185, net rof1_0__core/be/be_calculator/float_regfile/rf/z_notmacro_synth/_23264_ not found.
[WARNING STA-1650] ./results/nangate45_3D/bp_multi/HBT/6_final.spef line 317186, net rof1_0__core/be/be_calculator/float_regfile/rf/z_notmacro_synth/_23266_ not found.
[WARNING STA-1650] ./results/nangate45_3D/bp_multi/HBT/6_final.spef line 317187, net rof1_0__core/be/be_calculator/float_regfile/rf/z_notmacro_synth/_29604_ not found.
[WARNING STA-1650] ./results/nangate45_3D/bp_multi/HBT/6_final.spef line 317188, net rof1_0__core/be/be_calculator/float_regfile/rf/z_notmacro_synth/_30033_ not found.
[WARNING STA-1650] ./results/nangate45_3D/bp_multi/HBT/6_final.spef line 317200, net rof1_0__core/be/be_calculator/float_regfile/rf/z_notmacro_synth/_18177_ not found.
[WARNING STA-1650] ./results/nangate45_3D/bp_multi/HBT/6_final.spef line 317201, net rof1_0__core/be/be_calculator/float_regfile/rf/z_notmacro_synth/_20084_ not found.
[WARNING STA-1650] ./results/nangate45_3D/bp_multi/HBT/6_final.spef line 317202, net rof1_0__core/be/be_calculator/float_regfile/rf/z_notmacro_synth/_20085_ not found.
[WARNING STA-1650] ./results/nangate45_3D/bp_multi/HBT/6_final.spef line 317203, net rof1_0__core/be/be_calculator/float_regfile/rf/z_notmacro_synth/_20095_ not found.
[WARNING STA-1650] ./results/nangate45_3D/bp_multi/HBT/6_final.spef line 317204, net rof1_0__core/be/be_calculator/float_regfile/rf/z_notmacro_synth/_29978_ not found.
[WARNING STA-1650] ./results/nangate45_3D/bp_multi/HBT/6_final.spef line 317210, net rof1_0__core/be/be_calculator/float_regfile/rf/z_notmacro_synth/_06281_ not found.
[WARNING STA-1650] ./results/nangate45_3D/bp_multi/HBT/6_final.spef line 317211, net rof1_0__core/be/be_calculator/float_regfile/rf/z_notmacro_synth/_21128_ not found.
[WARNING STA-1650] ./results/nangate45_3D/bp_multi/HBT/6_final.spef line 317212, net rof1_0__core/be/be_calculator/float_regfile/rf/z_notmacro_synth/_26004_ not found.
[WARNING STA-1650] ./results/nangate45_3D/bp_multi/HBT/6_final.spef line 317213, net rof1_0__core/be/be_calculator/float_regfile/rf/z_notmacro_synth/_26987_ not found.
[WARNING STA-1650] ./results/nangate45_3D/bp_multi/HBT/6_final.spef line 317214, net rof1_0__core/be/be_calculator/float_regfile/rf/z_notmacro_synth/_27151_ not found.
[WARNING STA-1650] ./results/nangate45_3D/bp_multi/HBT/6_final.spef line 317217, net rof1_0__core/be/be_calculator/float_regfile/rf/z_notmacro_synth/_18196_ not found.
[WARNING STA-1650] ./results/nangate45_3D/bp_multi/HBT/6_final.spef line 317218, net rof1_0__core/be/be_calculator/float_regfile/rf/z_notmacro_synth/_19967_ not found.
[WARNING STA-1650] ./results/nangate45_3D/bp_multi/HBT/6_final.spef line 317219, net rof1_0__core/be/be_calculator/float_regfile/rf/z_notmacro_synth/_20124_ not found.
[WARNING STA-1650] ./results/nangate45_3D/bp_multi/HBT/6_final.spef line 317220, net rof1_0__core/be/be_calculator/float_regfile/rf/z_notmacro_synth/_20127_ not found.
[WARNING STA-1650] ./results/nangate45_3D/bp_multi/HBT/6_final.spef line 317221, net rof1_0__core/be/be_calculator/float_regfile/rf/z_notmacro_synth/_20128_ not found.
[WARNING STA-1650] ./results/nangate45_3D/bp_multi/HBT/6_final.spef line 317222, net rof1_0__core/be/be_calculator/float_regfile/rf/z_notmacro_synth/_21149_ not found.
[WARNING STA-1650] ./results/nangate45_3D/bp_multi/HBT/6_final.spef line 317223, net rof1_0__core/be/be_calculator/float_regfile/rf/z_notmacro_synth/_23281_ not found.
[WARNING STA-1650] ./results/nangate45_3D/bp_multi/HBT/6_final.spef line 317224, net rof1_0__core/be/be_calculator/float_regfile/rf/z_notmacro_synth/_23284_ not found.
[WARNING STA-1650] ./results/nangate45_3D/bp_multi/HBT/6_final.spef line 317225, net rof1_0__core/be/be_calculator/float_regfile/rf/z_notmacro_synth/_25059_ not found.
[WARNING STA-1650] ./results/nangate45_3D/bp_multi/HBT/6_final.spef line 317226, net rof1_0__core/be/be_calculator/float_regfile/rf/z_notmacro_synth/_25070_ not found.
[WARNING STA-1650] ./results/nangate45_3D/bp_multi/HBT/6_final.spef line 317227, net rof1_0__core/be/be_calculator/float_regfile/rf/z_notmacro_synth/_26018_ not found.
[WARNING STA-1650] ./results/nangate45_3D/bp_multi/HBT/6_final.spef line 317228, net rof1_0__core/be/be_calculator/float_regfile/rf/z_notmacro_synth/_26018_ not found.
[WARNING STA-1650] ./results/nangate45_3D/bp_multi/HBT/6_final.spef line 317229, net rof1_0__core/be/be_calculator/float_regfile/rf/z_notmacro_synth/_27764_ not found.
[WARNING STA-1650] ./results/nangate45_3D/bp_multi/HBT/6_final.spef line 317230, net rof1_0__core/be/be_calculator/float_regfile/rf/z_notmacro_synth/_31771_ not found.
[WARNING STA-1650] ./results/nangate45_3D/bp_multi/HBT/6_final.spef line 317247, net rof1_0__core/be/be_calculator/float_regfile/rf/z_notmacro_synth/_05624_ not found.
[WARNING STA-1650] ./results/nangate45_3D/bp_multi/HBT/6_final.spef line 317248, net rof1_0__core/be/be_calculator/float_regfile/rf/z_notmacro_synth/_06281_ not found.
[WARNING STA-1650] ./results/nangate45_3D/bp_multi/HBT/6_final.spef line 317249, net rof1_0__core/be/be_calculator/float_regfile/rf/z_notmacro_synth/_06281_ not found.
[WARNING STA-1650] ./results/nangate45_3D/bp_multi/HBT/6_final.spef line 317250, net rof1_0__core/be/be_calculator/float_regfile/rf/z_notmacro_synth/_06281_ not found.
[WARNING STA-1650] ./results/nangate45_3D/bp_multi/HBT/6_final.spef line 317251, net rof1_0__core/be/be_calculator/float_regfile/rf/z_notmacro_synth/_06281_ not found.
[WARNING STA-1650] ./results/nangate45_3D/bp_multi/HBT/6_final.spef line 317252, net rof1_0__core/be/be_calculator/float_regfile/rf/z_notmacro_synth/_09048_ not found.
[WARNING STA-1650] ./results/nangate45_3D/bp_multi/HBT/6_final.spef line 317253, net rof1_0__core/be/be_calculator/float_regfile/rf/z_notmacro_synth/_13420_ not found.
[WARNING STA-1650] ./results/nangate45_3D/bp_multi/HBT/6_final.spef line 317255, net rof1_0__core/be/be_calculator/float_regfile/rf/z_notmacro_synth/_30948_ not found.
[WARNING STA-1650] ./results/nangate45_3D/bp_multi/HBT/6_final.spef line 317256, net rof1_0__core/be/be_calculator/float_regfile/rf/z_notmacro_synth/_31235_ not found.
[WARNING STA-1650] ./results/nangate45_3D/bp_multi/HBT/6_final.spef line 317264, net rof1_0__core/be/be_calculator/_19036_ not found.
[WARNING STA-1650] ./results/nangate45_3D/bp_multi/HBT/6_final.spef line 317265, net rof1_0__core/be/be_calculator/_19181_ not found.
[WARNING STA-1650] ./results/nangate45_3D/bp_multi/HBT/6_final.spef line 317266, net rof1_0__core/be/be_calculator/_19255_ not found.
[WARNING STA-1650] ./results/nangate45_3D/bp_multi/HBT/6_final.spef line 317267, net rof1_0__core/be/be_calculator/_19477_ not found.
[WARNING STA-1650] ./results/nangate45_3D/bp_multi/HBT/6_final.spef line 317268, net rof1_0__core/be/be_calculator/_19558_ not found.
[WARNING STA-1650] ./results/nangate45_3D/bp_multi/HBT/6_final.spef line 317269, net rof1_0__core/be/be_calculator/_19628_ not found.
[WARNING STA-1650] ./results/nangate45_3D/bp_multi/HBT/6_final.spef line 317270, net rof1_0__core/be/be_calculator/_19905_ not found.
[WARNING STA-1650] ./results/nangate45_3D/bp_multi/HBT/6_final.spef line 317271, net rof1_0__core/be/be_calculator/_19981_ not found.
[WARNING STA-1650] ./results/nangate45_3D/bp_multi/HBT/6_final.spef line 317272, net rof1_0__core/be/be_mmu/_19_ not found.
[WARNING STA-1650] ./results/nangate45_3D/bp_multi/HBT/6_final.spef line 317281, net rof1_0__core/be/be_calculator/int_regfile.rf.macro_mem0.r_data_o\[42\] not found.
[WARNING STA-1650] ./results/nangate45_3D/bp_multi/HBT/6_final.spef line 317282, net rof1_0__core/_07491_ not found.
[WARNING STA-1650] ./results/nangate45_3D/bp_multi/HBT/6_final.spef line 317283, net rof1_0__core/_07494_ not found.
[WARNING STA-1650] ./results/nangate45_3D/bp_multi/HBT/6_final.spef line 317284, net rof1_0__core/_07660_ not found.
[WARNING STA-1650] ./results/nangate45_3D/bp_multi/HBT/6_final.spef line 317285, net rof1_0__core/be/_3014_ not found.
[WARNING STA-1650] ./results/nangate45_3D/bp_multi/HBT/6_final.spef line 317286, net rof1_0__core/be/_3138_ not found.
[WARNING STA-1650] ./results/nangate45_3D/bp_multi/HBT/6_final.spef line 317287, net rof1_0__core/be/_4178_ not found.
[WARNING STA-1650] ./results/nangate45_3D/bp_multi/HBT/6_final.spef line 317291, net rof1_0__core/be/be_checker.detector.mmu_cmd_ready_i not found.
[WARNING STA-1650] ./results/nangate45_3D/bp_multi/HBT/6_final.spef line 317292, net rof1_0__core/be/be_checker.scheduler.itag_r\[3\] not found.
[WARNING STA-1650] ./results/nangate45_3D/bp_multi/HBT/6_final.spef line 317293, net me/genblk1_0__bp_cce_top/_43258_ not found.
[WARNING STA-1650] ./results/nangate45_3D/bp_multi/HBT/6_final.spef line 317294, net rof1_0__core/_06667_ not found.
[WARNING STA-1650] ./results/nangate45_3D/bp_multi/HBT/6_final.spef line 317295, net rof1_0__core/_06747_ not found.
[WARNING STA-1650] ./results/nangate45_3D/bp_multi/HBT/6_final.spef line 317296, net rof1_0__core/_07156_ not found.
[WARNING STA-1650] ./results/nangate45_3D/bp_multi/HBT/6_final.spef line 317297, net rof1_0__core/_07550_ not found.
[WARNING STA-1650] ./results/nangate45_3D/bp_multi/HBT/6_final.spef line 317298, net rof1_0__core/_07552_ not found.
[WARNING STA-1650] ./results/nangate45_3D/bp_multi/HBT/6_final.spef line 317299, net rof1_0__core/_07584_ not found.
[WARNING STA-1650] ./results/nangate45_3D/bp_multi/HBT/6_final.spef line 317300, net rof1_0__core/_07660_ not found.
[WARNING STA-1650] ./results/nangate45_3D/bp_multi/HBT/6_final.spef line 317301, net rof1_0__core/_08103_ not found.
[WARNING STA-1650] ./results/nangate45_3D/bp_multi/HBT/6_final.spef line 317302, net rof1_0__core/_08104_ not found.
[WARNING STA-1650] ./results/nangate45_3D/bp_multi/HBT/6_final.spef line 317303, net rof1_0__core/_08253_ not found.
[WARNING STA-1650] ./results/nangate45_3D/bp_multi/HBT/6_final.spef line 317304, net rof1_0__core/_09113_ not found.
[WARNING STA-1650] ./results/nangate45_3D/bp_multi/HBT/6_final.spef line 317305, net rof1_0__core/_09150_ not found.
[WARNING STA-1650] ./results/nangate45_3D/bp_multi/HBT/6_final.spef line 317306, net rof1_0__core/_09189_ not found.
[WARNING STA-1650] ./results/nangate45_3D/bp_multi/HBT/6_final.spef line 317321, net rof1_0__core/_01317_ not found.
[WARNING STA-1650] ./results/nangate45_3D/bp_multi/HBT/6_final.spef line 317322, net rof1_0__core/fe_queue_fifo.fifo_mem.synth.mem\[932\] not found.
[WARNING STA-1650] ./results/nangate45_3D/bp_multi/HBT/6_final.spef line 317325, net rof1_0__core/_05443_ not found.
[WARNING STA-1650] ./results/nangate45_3D/bp_multi/HBT/6_final.spef line 317326, net rof1_0__core/_05452_ not found.
[WARNING STA-1650] ./results/nangate45_3D/bp_multi/HBT/6_final.spef line 317327, net rof1_0__core/_05680_ not found.
[WARNING STA-1650] ./results/nangate45_3D/bp_multi/HBT/6_final.spef line 317328, net rof1_0__core/_05821_ not found.
[WARNING STA-1650] ./results/nangate45_3D/bp_multi/HBT/6_final.spef line 317329, net rof1_0__core/_05822_ not found.
[WARNING STA-1650] ./results/nangate45_3D/bp_multi/HBT/6_final.spef line 317330, net rof1_0__core/_05826_ not found.
[WARNING STA-1650] ./results/nangate45_3D/bp_multi/HBT/6_final.spef line 317331, net rof1_0__core/_05847_ not found.
[WARNING STA-1650] ./results/nangate45_3D/bp_multi/HBT/6_final.spef line 317332, net rof1_0__core/_05869_ not found.
[WARNING STA-1650] ./results/nangate45_3D/bp_multi/HBT/6_final.spef line 317333, net rof1_0__core/_10668_ not found.
[WARNING STA-1650] ./results/nangate45_3D/bp_multi/HBT/6_final.spef line 317349, net rof1_0__core/_01317_ not found.
[WARNING STA-1650] ./results/nangate45_3D/bp_multi/HBT/6_final.spef line 317350, net rof1_0__core/_03515_ not found.
[WARNING STA-1650] ./results/nangate45_3D/bp_multi/HBT/6_final.spef line 317351, net rof1_0__core/_03515_ not found.
[WARNING STA-1650] ./results/nangate45_3D/bp_multi/HBT/6_final.spef line 317352, net rof1_0__core/_06219_ not found.
[WARNING STA-1650] ./results/nangate45_3D/bp_multi/HBT/6_final.spef line 317353, net rof1_0__core/fe/icache_1/_28211_ not found.
[WARNING STA-1650] ./results/nangate45_3D/bp_multi/HBT/6_final.spef line 317357, net me/genblk1_0__bp_cce_top/_30529_ not found.
[WARNING STA-1650] ./results/nangate45_3D/bp_multi/HBT/6_final.spef line 317362, net me/genblk1_0__bp_cce_top/bp_cce/pc_inst_ram/_1130_ not found.
[WARNING STA-1650] ./results/nangate45_3D/bp_multi/HBT/6_final.spef line 317431, net me/genblk1_0__bp_cce_top/bp_cce/pc_inst_ram/ram_data_i_r\[38\] not found.
[WARNING STA-1650] ./results/nangate45_3D/bp_multi/HBT/6_final.spef line 317440, net me/genblk1_0__bp_cce_top/_22972_ not found.
[WARNING STA-1650] ./results/nangate45_3D/bp_multi/HBT/6_final.spef line 317441, net me/genblk1_0__bp_cce_top/_31555_ not found.
[WARNING STA-1650] ./results/nangate45_3D/bp_multi/HBT/6_final.spef line 317442, net me/genblk1_0__bp_cce_top/bp_cce/directory/_2737_ not found.
[WARNING STA-1650] ./results/nangate45_3D/bp_multi/HBT/6_final.spef line 317443, net me/genblk1_0__bp_cce_top/bp_cce/directory/_2739_ not found.
[WARNING STA-1650] ./results/nangate45_3D/bp_multi/HBT/6_final.spef line 317471, net me/genblk1_0__bp_cce_top/bp_cce/_11016_ not found.
[WARNING STA-1650] ./results/nangate45_3D/bp_multi/HBT/6_final.spef line 317483, net me/genblk1_0__bp_cce_top/_23606_ not found.
[WARNING STA-1650] ./results/nangate45_3D/bp_multi/HBT/6_final.spef line 317484, net me/genblk1_0__bp_cce_top/_23607_ not found.
[WARNING STA-1650] ./results/nangate45_3D/bp_multi/HBT/6_final.spef line 317485, net me/genblk1_0__bp_cce_top/_23608_ not found.
[WARNING STA-1650] ./results/nangate45_3D/bp_multi/HBT/6_final.spef line 317486, net me/genblk1_0__bp_cce_top/_23608_ not found.
[WARNING STA-1650] ./results/nangate45_3D/bp_multi/HBT/6_final.spef line 317487, net me/genblk1_0__bp_cce_top/_29292_ not found.
[WARNING STA-1650] ./results/nangate45_3D/bp_multi/HBT/6_final.spef line 317488, net me/genblk1_0__bp_cce_top/_30652_ not found.
[WARNING STA-1650] ./results/nangate45_3D/bp_multi/HBT/6_final.spef line 317489, net me/genblk1_0__bp_cce_top/_30653_ not found.
[WARNING STA-1650] ./results/nangate45_3D/bp_multi/HBT/6_final.spef line 317490, net me/genblk1_0__bp_cce_top/_30654_ not found.
[WARNING STA-1650] ./results/nangate45_3D/bp_multi/HBT/6_final.spef line 317491, net me/genblk1_0__bp_cce_top/_30654_ not found.
[WARNING STA-1650] ./results/nangate45_3D/bp_multi/HBT/6_final.spef line 317492, net me/genblk1_0__bp_cce_top/_31939_ not found.
[WARNING STA-1650] ./results/nangate45_3D/bp_multi/HBT/6_final.spef line 317493, net me/genblk1_0__bp_cce_top/_31941_ not found.
[WARNING STA-1650] ./results/nangate45_3D/bp_multi/HBT/6_final.spef line 317494, net me/genblk1_0__bp_cce_top/_32217_ not found.
[WARNING STA-1650] ./results/nangate45_3D/bp_multi/HBT/6_final.spef line 317495, net me/genblk1_0__bp_cce_top/_32772_ not found.
[WARNING STA-1650] ./results/nangate45_3D/bp_multi/HBT/6_final.spef line 317496, net me/network/data_resp_channel/_14289_ not found.
[WARNING STA-1650] ./results/nangate45_3D/bp_multi/HBT/6_final.spef line 317503, net me/genblk1_0__bp_cce_top/mem_cce_data_resp_fifo.mem_1r1w.synth.mem\[142\] not found.
[WARNING STA-1650] ./results/nangate45_3D/bp_multi/HBT/6_final.spef line 317504, net me/genblk1_0__bp_cce_top/mem_cce_data_resp_fifo.mem_1r1w.synth.mem\[964\] not found.
[WARNING STA-1650] ./results/nangate45_3D/bp_multi/HBT/6_final.spef line 317513, net me/genblk1_0__bp_cce_top/_21301_ not found.
[WARNING STA-1650] ./results/nangate45_3D/bp_multi/HBT/6_final.spef line 317514, net me/genblk1_0__bp_cce_top/_21303_ not found.
[WARNING STA-1650] ./results/nangate45_3D/bp_multi/HBT/6_final.spef line 317515, net me/genblk1_0__bp_cce_top/_27820_ not found.
[WARNING STA-1650] ./results/nangate45_3D/bp_multi/HBT/6_final.spef line 317516, net me/genblk1_0__bp_cce_top/_27917_ not found.
[WARNING STA-1650] ./results/nangate45_3D/bp_multi/HBT/6_final.spef line 317517, net me/genblk1_0__bp_cce_top/_40080_ not found.
[WARNING STA-1650] ./results/nangate45_3D/bp_multi/HBT/6_final.spef line 317518, net me/genblk1_0__bp_cce_top/_42896_ not found.
[WARNING STA-1650] ./results/nangate45_3D/bp_multi/HBT/6_final.spef line 317519, net me/genblk1_0__bp_cce_top/_43235_ not found.
[WARNING STA-1650] ./results/nangate45_3D/bp_multi/HBT/6_final.spef line 317520, net me/network/data_resp_channel/_12205_ not found.
[WARNING STA-1650] ./results/nangate45_3D/bp_multi/HBT/6_final.spef line 317521, net me/network/data_resp_channel/_14148_ not found.
[WARNING STA-1650] ./results/nangate45_3D/bp_multi/HBT/6_final.spef line 317522, net me/network/data_resp_channel/_14289_ not found.
[WARNING STA-1650] ./results/nangate45_3D/bp_multi/HBT/6_final.spef line 317527, net me/genblk1_0__bp_cce_top/_37255_ not found.
[WARNING STA-1650] ./results/nangate45_3D/bp_multi/HBT/6_final.spef line 317528, net me/genblk1_0__bp_cce_top/_37554_ not found.
[WARNING STA-1650] ./results/nangate45_3D/bp_multi/HBT/6_final.spef line 317529, net me/genblk1_0__bp_cce_top/_37766_ not found.
[WARNING STA-1650] ./results/nangate45_3D/bp_multi/HBT/6_final.spef line 317530, net me/genblk1_0__bp_cce_top/_40887_ not found.
[WARNING STA-1650] ./results/nangate45_3D/bp_multi/HBT/6_final.spef line 317531, net me/genblk1_0__bp_cce_top/_42896_ not found.
[WARNING STA-1650] ./results/nangate45_3D/bp_multi/HBT/6_final.spef line 317532, net me/network/data_resp_channel/_12704_ not found.
[WARNING STA-1650] ./results/nangate45_3D/bp_multi/HBT/6_final.spef line 317533, net me/network/data_resp_channel/_12705_ not found.
[WARNING STA-1650] ./results/nangate45_3D/bp_multi/HBT/6_final.spef line 317534, net me/network/data_resp_channel/_12705_ not found.
[WARNING STA-1650] ./results/nangate45_3D/bp_multi/HBT/6_final.spef line 317535, net me/network/data_resp_channel/_14576_ not found.
[WARNING STA-1650] ./results/nangate45_3D/bp_multi/HBT/6_final.spef line 317539, net me/genblk1_0__bp_cce_top/lce_cce_data_resp_fifo.data_o\[321\] not found.
[WARNING STA-1650] ./results/nangate45_3D/bp_multi/HBT/6_final.spef line 317540, net me/lce_data_resp_i_to_cce\[321\] not found.
[WARNING STA-1650] ./results/nangate45_3D/bp_multi/HBT/6_final.spef line 317541, net me/lce_data_resp_i_to_cce\[321\] not found.
[WARNING STA-1650] ./results/nangate45_3D/bp_multi/HBT/6_final.spef line 317548, net me/genblk1_0__bp_cce_top/_27505_ not found.
[WARNING STA-1650] ./results/nangate45_3D/bp_multi/HBT/6_final.spef line 317549, net me/genblk1_0__bp_cce_top/_27506_ not found.
[WARNING STA-1650] ./results/nangate45_3D/bp_multi/HBT/6_final.spef line 317550, net me/genblk1_0__bp_cce_top/_27507_ not found.
[WARNING STA-1650] ./results/nangate45_3D/bp_multi/HBT/6_final.spef line 317551, net me/genblk1_0__bp_cce_top/_37736_ not found.
[WARNING STA-1650] ./results/nangate45_3D/bp_multi/HBT/6_final.spef line 317552, net me/genblk1_0__bp_cce_top/_37736_ not found.
[WARNING STA-1650] ./results/nangate45_3D/bp_multi/HBT/6_final.spef line 317553, net me/genblk1_0__bp_cce_top/bp_cce/_09937_ not found.
[WARNING STA-1650] ./results/nangate45_3D/bp_multi/HBT/6_final.spef line 317554, net me/genblk1_0__bp_cce_top/bp_cce/_13895_ not found.
[WARNING STA-1650] ./results/nangate45_3D/bp_multi/HBT/6_final.spef line 317555, net me/network/data_resp_channel/_12817_ not found.
[WARNING STA-1650] ./results/nangate45_3D/bp_multi/HBT/6_final.spef line 317556, net me/network/data_resp_channel/_12818_ not found.
[WARNING STA-1650] ./results/nangate45_3D/bp_multi/HBT/6_final.spef line 317563, net me/lce_data_resp_i_to_cce\[372\] not found.
[WARNING STA-1650] ./results/nangate45_3D/bp_multi/HBT/6_final.spef line 317568, net me/genblk1_0__bp_cce_top/_22429_ not found.
[WARNING STA-1650] ./results/nangate45_3D/bp_multi/HBT/6_final.spef line 317569, net me/genblk1_0__bp_cce_top/_22431_ not found.
[WARNING STA-1650] ./results/nangate45_3D/bp_multi/HBT/6_final.spef line 317570, net me/genblk1_0__bp_cce_top/_22473_ not found.
[WARNING STA-1650] ./results/nangate45_3D/bp_multi/HBT/6_final.spef line 317571, net me/genblk1_0__bp_cce_top/_22473_ not found.
[WARNING STA-1650] ./results/nangate45_3D/bp_multi/HBT/6_final.spef line 317572, net me/genblk1_0__bp_cce_top/_23386_ not found.
[WARNING STA-1650] ./results/nangate45_3D/bp_multi/HBT/6_final.spef line 317573, net me/genblk1_0__bp_cce_top/_32533_ not found.
[WARNING STA-1650] ./results/nangate45_3D/bp_multi/HBT/6_final.spef line 317574, net me/genblk1_0__bp_cce_top/_32534_ not found.
[WARNING STA-1650] ./results/nangate45_3D/bp_multi/HBT/6_final.spef line 317575, net me/genblk1_0__bp_cce_top/_40139_ not found.
[WARNING STA-1650] ./results/nangate45_3D/bp_multi/HBT/6_final.spef line 317576, net me/genblk1_0__bp_cce_top/_40139_ not found.
[WARNING STA-1650] ./results/nangate45_3D/bp_multi/HBT/6_final.spef line 317577, net me/genblk1_0__bp_cce_top/bp_cce/_09948_ not found.
[WARNING STA-1650] ./results/nangate45_3D/bp_multi/HBT/6_final.spef line 317578, net me/genblk1_0__bp_cce_top/bp_cce/_09949_ not found.
[WARNING STA-1650] ./results/nangate45_3D/bp_multi/HBT/6_final.spef line 317579, net me/genblk1_0__bp_cce_top/bp_cce/_09950_ not found.
[WARNING STA-1650] ./results/nangate45_3D/bp_multi/HBT/6_final.spef line 317580, net me/genblk1_0__bp_cce_top/bp_cce/_11015_ not found.
[WARNING STA-1650] ./results/nangate45_3D/bp_multi/HBT/6_final.spef line 317581, net me/genblk1_0__bp_cce_top/bp_cce/_14330_ not found.
[WARNING STA-1650] ./results/nangate45_3D/bp_multi/HBT/6_final.spef line 317589, net me/genblk1_0__bp_cce_top/bp_cce/_04367_ not found.
[WARNING STA-1650] ./results/nangate45_3D/bp_multi/HBT/6_final.spef line 317590, net me/genblk1_0__bp_cce_top/mem_cce_data_resp_fifo.mem_1r1w.synth.mem\[73\] not found.
[WARNING STA-1650] ./results/nangate45_3D/bp_multi/HBT/6_final.spef line 317591, net me/lce_data_cmd_o_from_cce\[73\] not found.
[WARNING STA-1650] ./results/nangate45_3D/bp_multi/HBT/6_final.spef line 317635, net rof1_0__core/be/be_calculator/float_regfile/rf/z_notmacro_synth/_17483_ not found.
[WARNING STA-1650] ./results/nangate45_3D/bp_multi/HBT/6_final.spef line 317636, net rof1_0__core/be/be_calculator/float_regfile/rf/z_notmacro_synth/_17490_ not found.
[WARNING STA-1650] ./results/nangate45_3D/bp_multi/HBT/6_final.spef line 317637, net rof1_0__core/be/be_calculator/float_regfile/rf/z_notmacro_synth/_17495_ not found.
[WARNING STA-1650] ./results/nangate45_3D/bp_multi/HBT/6_final.spef line 317638, net rof1_0__core/be/be_calculator/float_regfile/rf/z_notmacro_synth/_18187_ not found.
[WARNING STA-1650] ./results/nangate45_3D/bp_multi/HBT/6_final.spef line 317639, net rof1_0__core/be/be_calculator/float_regfile/rf/z_notmacro_synth/_18189_ not found.
[WARNING STA-1650] ./results/nangate45_3D/bp_multi/HBT/6_final.spef line 317640, net rof1_0__core/be/be_calculator/float_regfile/rf/z_notmacro_synth/_18190_ not found.
[WARNING STA-1650] ./results/nangate45_3D/bp_multi/HBT/6_final.spef line 317641, net rof1_0__core/be/be_calculator/float_regfile/rf/z_notmacro_synth/_18191_ not found.
[WARNING STA-1650] ./results/nangate45_3D/bp_multi/HBT/6_final.spef line 317642, net rof1_0__core/be/be_calculator/float_regfile/rf/z_notmacro_synth/_18327_ not found.
[WARNING STA-1650] ./results/nangate45_3D/bp_multi/HBT/6_final.spef line 317643, net rof1_0__core/be/be_calculator/float_regfile/rf/z_notmacro_synth/_18482_ not found.
[WARNING STA-1650] ./results/nangate45_3D/bp_multi/HBT/6_final.spef line 317644, net rof1_0__core/be/be_calculator/float_regfile/rf/z_notmacro_synth/_18482_ not found.
[WARNING STA-1650] ./results/nangate45_3D/bp_multi/HBT/6_final.spef line 317645, net rof1_0__core/be/be_calculator/float_regfile/rf/z_notmacro_synth/_22593_ not found.
[WARNING STA-1650] ./results/nangate45_3D/bp_multi/HBT/6_final.spef line 317646, net rof1_0__core/be/be_calculator/float_regfile/rf/z_notmacro_synth/_22593_ not found.
[WARNING STA-1650] ./results/nangate45_3D/bp_multi/HBT/6_final.spef line 317647, net rof1_0__core/be/be_calculator/float_regfile/rf/z_notmacro_synth/_22595_ not found.
[WARNING STA-1650] ./results/nangate45_3D/bp_multi/HBT/6_final.spef line 317648, net rof1_0__core/be/be_calculator/float_regfile/rf/z_notmacro_synth/_22605_ not found.
[WARNING STA-1650] ./results/nangate45_3D/bp_multi/HBT/6_final.spef line 317649, net rof1_0__core/be/be_calculator/float_regfile/rf/z_notmacro_synth/_22605_ not found.
[WARNING STA-1650] ./results/nangate45_3D/bp_multi/HBT/6_final.spef line 317650, net rof1_0__core/be/be_calculator/float_regfile/rf/z_notmacro_synth/_23273_ not found.
[WARNING STA-1650] ./results/nangate45_3D/bp_multi/HBT/6_final.spef line 317651, net rof1_0__core/be/be_calculator/float_regfile/rf/z_notmacro_synth/_23295_ not found.
[WARNING STA-1650] ./results/nangate45_3D/bp_multi/HBT/6_final.spef line 317652, net rof1_0__core/be/be_calculator/float_regfile/rf/z_notmacro_synth/_23533_ not found.
[WARNING STA-1650] ./results/nangate45_3D/bp_multi/HBT/6_final.spef line 317653, net rof1_0__core/be/be_calculator/float_regfile/rf/z_notmacro_synth/_24636_ not found.
[WARNING STA-1650] ./results/nangate45_3D/bp_multi/HBT/6_final.spef line 317654, net rof1_0__core/be/be_calculator/float_regfile/rf/z_notmacro_synth/_25748_ not found.
[WARNING STA-1650] ./results/nangate45_3D/bp_multi/HBT/6_final.spef line 317655, net rof1_0__core/be/be_calculator/float_regfile/rf/z_notmacro_synth/_26788_ not found.
[WARNING STA-1650] ./results/nangate45_3D/bp_multi/HBT/6_final.spef line 317656, net rof1_0__core/be/be_calculator/float_regfile/rf/z_notmacro_synth/_27087_ not found.
[WARNING STA-1650] ./results/nangate45_3D/bp_multi/HBT/6_final.spef line 317657, net rof1_0__core/be/be_calculator/float_regfile/rf/z_notmacro_synth/_27258_ not found.
[WARNING STA-1650] ./results/nangate45_3D/bp_multi/HBT/6_final.spef line 317658, net rof1_0__core/be/be_calculator/float_regfile/rf/z_notmacro_synth/_27774_ not found.
[WARNING STA-1650] ./results/nangate45_3D/bp_multi/HBT/6_final.spef line 317659, net rof1_0__core/be/be_calculator/float_regfile/rf/z_notmacro_synth/_27917_ not found.
[WARNING STA-1650] ./results/nangate45_3D/bp_multi/HBT/6_final.spef line 317660, net rof1_0__core/be/be_calculator/float_regfile/rf/z_notmacro_synth/_29672_ not found.
[WARNING STA-1650] ./results/nangate45_3D/bp_multi/HBT/6_final.spef line 317661, net rof1_0__core/be/be_calculator/float_regfile/rf/z_notmacro_synth/_29956_ not found.
[WARNING STA-1650] ./results/nangate45_3D/bp_multi/HBT/6_final.spef line 317662, net rof1_0__core/be/be_calculator/float_regfile/rf/z_notmacro_synth/_30624_ not found.
[WARNING STA-1650] ./results/nangate45_3D/bp_multi/HBT/6_final.spef line 317663, net rof1_0__core/be/be_calculator/float_regfile/rf/z_notmacro_synth/_30707_ not found.
[WARNING STA-1650] ./results/nangate45_3D/bp_multi/HBT/6_final.spef line 317664, net rof1_0__core/be/be_calculator/float_regfile/rf/z_notmacro_synth/_31839_ not found.
[WARNING STA-1650] ./results/nangate45_3D/bp_multi/HBT/6_final.spef line 317665, net rof1_0__core/be/be_calculator/float_regfile/rf/z_notmacro_synth/_32830_ not found.
[WARNING STA-1650] ./results/nangate45_3D/bp_multi/HBT/6_final.spef line 317691, net rof1_0__core/be/be_calculator/float_regfile/rf/z_notmacro_synth/_06425_ not found.
[WARNING STA-1650] ./results/nangate45_3D/bp_multi/HBT/6_final.spef line 317692, net rof1_0__core/be/be_calculator/float_regfile/rf/z_notmacro_synth/_06425_ not found.
[WARNING STA-1650] ./results/nangate45_3D/bp_multi/HBT/6_final.spef line 317693, net rof1_0__core/be/be_calculator/float_regfile/rf/z_notmacro_synth/_18214_ not found.
[WARNING STA-1650] ./results/nangate45_3D/bp_multi/HBT/6_final.spef line 317694, net rof1_0__core/be/be_calculator/float_regfile/rf/z_notmacro_synth/_19597_ not found.
[WARNING STA-1650] ./results/nangate45_3D/bp_multi/HBT/6_final.spef line 317695, net rof1_0__core/be/be_calculator/float_regfile/rf/z_notmacro_synth/_24504_ not found.
[WARNING STA-1650] ./results/nangate45_3D/bp_multi/HBT/6_final.spef line 317696, net rof1_0__core/be/be_calculator/float_regfile/rf/z_notmacro_synth/_24645_ not found.
[WARNING STA-1650] ./results/nangate45_3D/bp_multi/HBT/6_final.spef line 317697, net rof1_0__core/be/be_calculator/float_regfile/rf/z_notmacro_synth/_31136_ not found.
[WARNING STA-1650] ./results/nangate45_3D/bp_multi/HBT/6_final.spef line 317698, net rof1_0__core/be/be_calculator/float_regfile/rf/z_notmacro_synth/_31279_ not found.
[WARNING STA-1650] ./results/nangate45_3D/bp_multi/HBT/6_final.spef line 317699, net rof1_0__core/be/be_calculator/float_regfile/rf/z_notmacro_synth/_31387_ not found.
[WARNING STA-1650] ./results/nangate45_3D/bp_multi/HBT/6_final.spef line 317700, net rof1_0__core/be/be_calculator/float_regfile/rf/z_notmacro_synth/_31422_ not found.
[WARNING STA-1650] ./results/nangate45_3D/bp_multi/HBT/6_final.spef line 317701, net rof1_0__core/be/be_calculator/float_regfile/rf/z_notmacro_synth/_31422_ not found.
[WARNING STA-1650] ./results/nangate45_3D/bp_multi/HBT/6_final.spef line 317713, net rof1_0__core/be/be_calculator/float_regfile/rf/z_notmacro_synth/mem\[31\] not found.
[WARNING STA-1650] ./results/nangate45_3D/bp_multi/HBT/6_final.spef line 317714, net rof1_0__core/be/be_calculator/_22269_ not found.
[WARNING STA-1650] ./results/nangate45_3D/bp_multi/HBT/6_final.spef line 317715, net rof1_0__core/be/be_calculator/_22282_ not found.
[WARNING STA-1650] ./results/nangate45_3D/bp_multi/HBT/6_final.spef line 317716, net rof1_0__core/be/be_calculator/_24398_ not found.
[WARNING STA-1650] ./results/nangate45_3D/bp_multi/HBT/6_final.spef line 317725, net rof1_0__core/be/be_calculator/_04202_ not found.
[WARNING STA-1650] ./results/nangate45_3D/bp_multi/HBT/6_final.spef line 317726, net rof1_0__core/be/be_calculator/_13244_ not found.
[WARNING STA-1650] ./results/nangate45_3D/bp_multi/HBT/6_final.spef line 317727, net rof1_0__core/be/be_calculator/cycle_counter.N179 not found.
[WARNING STA-1650] ./results/nangate45_3D/bp_multi/HBT/6_final.spef line 317728, net rof1_0__core/_07632_ not found.
[WARNING STA-1650] ./results/nangate45_3D/bp_multi/HBT/6_final.spef line 317729, net rof1_0__core/_07682_ not found.
[WARNING STA-1650] ./results/nangate45_3D/bp_multi/HBT/6_final.spef line 317730, net rof1_0__core/_08783_ not found.
[WARNING STA-1650] ./results/nangate45_3D/bp_multi/HBT/6_final.spef line 317731, net rof1_0__core/_08988_ not found.
[WARNING STA-1650] ./results/nangate45_3D/bp_multi/HBT/6_final.spef line 317744, net rof1_0__core/fe_queue_fifo.fifo_mem.synth.mem\[531\] not found.
[WARNING STA-1650] ./results/nangate45_3D/bp_multi/HBT/6_final.spef line 317749, net me/genblk1_0__bp_cce_top/bp_cce/pc_inst_ram/_0910_ not found.
[WARNING STA-1650] ./results/nangate45_3D/bp_multi/HBT/6_final.spef line 317750, net rof1_0__core/_05562_ not found.
[WARNING STA-1650] ./results/nangate45_3D/bp_multi/HBT/6_final.spef line 317751, net rof1_0__core/_05801_ not found.
[WARNING STA-1650] ./results/nangate45_3D/bp_multi/HBT/6_final.spef line 317752, net rof1_0__core/_06344_ not found.
[WARNING STA-1650] ./results/nangate45_3D/bp_multi/HBT/6_final.spef line 317753, net rof1_0__core/_06749_ not found.
[WARNING STA-1650] ./results/nangate45_3D/bp_multi/HBT/6_final.spef line 317754, net rof1_0__core/_08705_ not found.
[WARNING STA-1650] ./results/nangate45_3D/bp_multi/HBT/6_final.spef line 317755, net rof1_0__core/_08783_ not found.
[WARNING STA-1650] ./results/nangate45_3D/bp_multi/HBT/6_final.spef line 317756, net rof1_0__core/_09010_ not found.
[WARNING STA-1650] ./results/nangate45_3D/bp_multi/HBT/6_final.spef line 317757, net rof1_0__core/_09198_ not found.
[WARNING STA-1650] ./results/nangate45_3D/bp_multi/HBT/6_final.spef line 317758, net rof1_0__core/_09249_ not found.
[WARNING STA-1650] ./results/nangate45_3D/bp_multi/HBT/6_final.spef line 317759, net rof1_0__core/_09408_ not found.
[WARNING STA-1650] ./results/nangate45_3D/bp_multi/HBT/6_final.spef line 317760, net rof1_0__core/_09609_ not found.
[WARNING STA-1650] ./results/nangate45_3D/bp_multi/HBT/6_final.spef line 317761, net rof1_0__core/_09609_ not found.
[WARNING STA-1650] ./results/nangate45_3D/bp_multi/HBT/6_final.spef line 317762, net rof1_0__core/_09649_ not found.
[WARNING STA-1650] ./results/nangate45_3D/bp_multi/HBT/6_final.spef line 317799, net rof1_0__core/_01317_ not found.
[WARNING STA-1650] ./results/nangate45_3D/bp_multi/HBT/6_final.spef line 317800, net rof1_0__core/_01976_ not found.
[WARNING STA-1650] ./results/nangate45_3D/bp_multi/HBT/6_final.spef line 317801, net rof1_0__core/fe_queue_fifo.fifo_mem.synth.mem\[939\] not found.
[WARNING STA-1650] ./results/nangate45_3D/bp_multi/HBT/6_final.spef line 317839, net me/genblk1_0__bp_cce_top/bp_cce/directory/_2050_ not found.
[WARNING STA-1650] ./results/nangate45_3D/bp_multi/HBT/6_final.spef line 317840, net me/genblk1_0__bp_cce_top/bp_cce/directory/_2052_ not found.
[WARNING STA-1650] ./results/nangate45_3D/bp_multi/HBT/6_final.spef line 317841, net me/genblk1_0__bp_cce_top/bp_cce/directory/_2054_ not found.
[WARNING STA-1650] ./results/nangate45_3D/bp_multi/HBT/6_final.spef line 317842, net me/genblk1_0__bp_cce_top/bp_cce/directory/_2078_ not found.
[WARNING STA-1650] ./results/nangate45_3D/bp_multi/HBT/6_final.spef line 317843, net me/genblk1_0__bp_cce_top/bp_cce/directory/_2080_ not found.
[WARNING STA-1650] ./results/nangate45_3D/bp_multi/HBT/6_final.spef line 317844, net me/genblk1_0__bp_cce_top/bp_cce/directory/_2726_ not found.
[WARNING STA-1650] ./results/nangate45_3D/bp_multi/HBT/6_final.spef line 317845, net me/genblk1_0__bp_cce_top/bp_cce/directory/_2843_ not found.
[WARNING STA-1650] ./results/nangate45_3D/bp_multi/HBT/6_final.spef line 317848, net me/genblk1_0__bp_cce_top/bp_cce/directory/_0027_ not found.
[WARNING STA-1650] ./results/nangate45_3D/bp_multi/HBT/6_final.spef line 317849, net me/genblk1_0__bp_cce_top/bp_cce/directory/_0330_ not found.
[WARNING STA-1650] ./results/nangate45_3D/bp_multi/HBT/6_final.spef line 317923, net rof1_0__core/be/be_calculator/float_regfile/rf/z_notmacro_synth/_30408_ not found.
[WARNING STA-1650] ./results/nangate45_3D/bp_multi/HBT/6_final.spef line 317927, net rof1_0__core/fe/icache_1/_24729_ not found.
[WARNING STA-1650] ./results/nangate45_3D/bp_multi/HBT/6_final.spef line 317977, net me/genblk1_0__bp_cce_top/_23472_ not found.
[WARNING STA-1650] ./results/nangate45_3D/bp_multi/HBT/6_final.spef line 317978, net me/genblk1_0__bp_cce_top/_24358_ not found.
[WARNING STA-1650] ./results/nangate45_3D/bp_multi/HBT/6_final.spef line 317979, net me/genblk1_0__bp_cce_top/_24731_ not found.
[WARNING STA-1650] ./results/nangate45_3D/bp_multi/HBT/6_final.spef line 317980, net me/genblk1_0__bp_cce_top/_29415_ not found.
[WARNING STA-1650] ./results/nangate45_3D/bp_multi/HBT/6_final.spef line 317981, net me/genblk1_0__bp_cce_top/_43103_ not found.
[WARNING STA-1650] ./results/nangate45_3D/bp_multi/HBT/6_final.spef line 317982, net me/genblk1_0__bp_cce_top/bp_cce/_13320_ not found.
[WARNING STA-1650] ./results/nangate45_3D/bp_multi/HBT/6_final.spef line 317983, net me/genblk1_0__bp_cce_top/bp_cce/pc_inst_ram/_0900_ not found.
[WARNING STA-1650] ./results/nangate45_3D/bp_multi/HBT/6_final.spef line 317984, net me/genblk1_0__bp_cce_top/bp_cce/pc_inst_ram/_1108_ not found.
[WARNING STA-1650] ./results/nangate45_3D/bp_multi/HBT/6_final.spef line 317986, net me/genblk1_0__bp_cce_top/bp_cce/_01657_ not found.
[WARNING STA-1650] ./results/nangate45_3D/bp_multi/HBT/6_final.spef line 317987, net me/genblk1_0__bp_cce_top/bp_cce/_01657_ not found.
[WARNING STA-1650] ./results/nangate45_3D/bp_multi/HBT/6_final.spef line 317997, net rof1_0__core/be/be_calculator/comp_stage_mux.data0_i\[276\] not found.
[WARNING STA-1650] ./results/nangate45_3D/bp_multi/HBT/6_final.spef line 317998, net rof1_0__core/be/be_calculator/comp_stage_r\[284\] not found.
[WARNING STA-1650] ./results/nangate45_3D/bp_multi/HBT/6_final.spef line 317999, net rof1_0__core/be/be_calculator/float_regfile/rf/z_notmacro_synth/_06356_ not found.
[WARNING STA-1650] ./results/nangate45_3D/bp_multi/HBT/6_final.spef line 318000, net rof1_0__core/be/be_calculator/_21770_ not found.
[WARNING STA-1650] ./results/nangate45_3D/bp_multi/HBT/6_final.spef line 318001, net rof1_0__core/be/be_calculator/_25757_ not found.
[WARNING STA-1650] ./results/nangate45_3D/bp_multi/HBT/6_final.spef line 318002, net rof1_0__core/be/be_calculator/float_regfile/rf/z_notmacro_synth/_20640_ not found.
[WARNING STA-1650] ./results/nangate45_3D/bp_multi/HBT/6_final.spef line 318011, net rof1_0__core/be/be_calculator/comp_stage_mux.data0_i\[276\] not found.
[WARNING STA-1650] ./results/nangate45_3D/bp_multi/HBT/6_final.spef line 318012, net rof1_0__core/be/be_calculator/comp_stage_mux.data0_i\[276\] not found.
[WARNING STA-1650] ./results/nangate45_3D/bp_multi/HBT/6_final.spef line 318013, net rof1_0__core/be/be_calculator/comp_stage_mux.data0_i\[314\] not found.
[WARNING STA-1650] ./results/nangate45_3D/bp_multi/HBT/6_final.spef line 318014, net rof1_0__core/be/be_calculator/comp_stage_r\[284\] not found.
[WARNING STA-1650] ./results/nangate45_3D/bp_multi/HBT/6_final.spef line 318015, net rof1_0__core/be/be_calculator/float_regfile/rf/z_notmacro_synth/_06356_ not found.
[WARNING STA-1650] ./results/nangate45_3D/bp_multi/HBT/6_final.spef line 318016, net rof1_0__core/be/be_calculator/float_regfile/rf/z_notmacro_synth/_14493_ not found.
[WARNING STA-1650] ./results/nangate45_3D/bp_multi/HBT/6_final.spef line 318018, net rof1_0__core/be/be_calculator/_17652_ not found.
[WARNING STA-1650] ./results/nangate45_3D/bp_multi/HBT/6_final.spef line 318019, net rof1_0__core/be/be_calculator/_17997_ not found.
[WARNING STA-1650] ./results/nangate45_3D/bp_multi/HBT/6_final.spef line 318020, net rof1_0__core/be/be_calculator/_21770_ not found.
[WARNING STA-1650] ./results/nangate45_3D/bp_multi/HBT/6_final.spef line 318022, net rof1_0__core/be/be_calculator/calc_stage_r_2__pipe_mem_v_ not found.
[WARNING STA-1650] ./results/nangate45_3D/bp_multi/HBT/6_final.spef line 318023, net rof1_0__core/be/be_calculator/comp_stage_mux.data0_i\[276\] not found.
[WARNING STA-1650] ./results/nangate45_3D/bp_multi/HBT/6_final.spef line 318024, net rof1_0__core/be/be_calculator/comp_stage_mux.data_o\[210\] not found.
[WARNING STA-1650] ./results/nangate45_3D/bp_multi/HBT/6_final.spef line 318025, net rof1_0__core/be/be_calculator/comp_stage_mux.data_o\[211\] not found.
[WARNING STA-1650] ./results/nangate45_3D/bp_multi/HBT/6_final.spef line 318028, net me/genblk1_0__bp_cce_top/_28427_ not found.
[WARNING STA-1650] ./results/nangate45_3D/bp_multi/HBT/6_final.spef line 318029, net me/genblk1_0__bp_cce_top/_28431_ not found.
[WARNING STA-1650] ./results/nangate45_3D/bp_multi/HBT/6_final.spef line 318030, net me/network/lce_cce_req_network/_2439_ not found.
[WARNING STA-1650] ./results/nangate45_3D/bp_multi/HBT/6_final.spef line 318031, net rof1_0__core/be/be_calculator/_15135_ not found.
[WARNING STA-1650] ./results/nangate45_3D/bp_multi/HBT/6_final.spef line 318032, net rof1_0__core/be/be_calculator/_16944_ not found.
[WARNING STA-1650] ./results/nangate45_3D/bp_multi/HBT/6_final.spef line 318042, net me/network/lce_cce_req_network/_1017_ not found.
[WARNING STA-1650] ./results/nangate45_3D/bp_multi/HBT/6_final.spef line 318043, net me/network/lce_cce_req_network/_1114_ not found.
[WARNING STA-1650] ./results/nangate45_3D/bp_multi/HBT/6_final.spef line 318044, net me/network/lce_cce_req_network/rof_0__fi2_efi3_coherence_network_channel_node.bmr.mux_data_proc.N13 not found.
[WARNING STA-1650] ./results/nangate45_3D/bp_multi/HBT/6_final.spef line 318045, net me/network/lce_cce_req_network/rof_0__fi2_efi3_coherence_network_channel_node.bmr.mux_data_proc.N13 not found.
[WARNING STA-1650] ./results/nangate45_3D/bp_multi/HBT/6_final.spef line 318046, net me/network/lce_cce_req_network/rof_0__fi2_efi3_coherence_network_channel_node.bmr.mux_data_proc.N52 not found.
[WARNING STA-1650] ./results/nangate45_3D/bp_multi/HBT/6_final.spef line 318051, net rof1_0__core/be/be_calculator/_07132_ not found.
[WARNING STA-1650] ./results/nangate45_3D/bp_multi/HBT/6_final.spef line 318052, net rof1_0__core/be/be_calculator/_08928_ not found.
[WARNING STA-1650] ./results/nangate45_3D/bp_multi/HBT/6_final.spef line 318053, net rof1_0__core/be/be_calculator/_09440_ not found.
[WARNING STA-1650] ./results/nangate45_3D/bp_multi/HBT/6_final.spef line 318054, net rof1_0__core/be/be_calculator/calc_stage_r_2__pipe_mem_v_ not found.
[WARNING STA-1650] ./results/nangate45_3D/bp_multi/HBT/6_final.spef line 318055, net rof1_0__core/be/be_calculator/calc_stage_reg.data_i\[123\] not found.
[WARNING STA-1650] ./results/nangate45_3D/bp_multi/HBT/6_final.spef line 318056, net rof1_0__core/be/be_calculator/calc_stage_reg.data_i\[31\] not found.
[WARNING STA-1650] ./results/nangate45_3D/bp_multi/HBT/6_final.spef line 318057, net rof1_0__core/fe/icache_1/_13845_ not found.
[WARNING STA-1650] ./results/nangate45_3D/bp_multi/HBT/6_final.spef line 318058, net rof1_0__core/fe/icache_1/_13845_ not found.
[WARNING STA-1650] ./results/nangate45_3D/bp_multi/HBT/6_final.spef line 318060, net me/genblk1_0__bp_cce_top/lce_cce_req_fifo.data_o\[15\] not found.
[WARNING STA-1650] ./results/nangate45_3D/bp_multi/HBT/6_final.spef line 318061, net me/genblk1_0__bp_cce_top/lce_cce_req_fifo.data_o\[2\] not found.
[WARNING STA-1650] ./results/nangate45_3D/bp_multi/HBT/6_final.spef line 318062, net me/genblk1_0__bp_cce_top/lce_cce_req_fifo.data_o\[69\] not found.
[WARNING STA-1650] ./results/nangate45_3D/bp_multi/HBT/6_final.spef line 318063, net me/network/lce_cce_req_network/rof_0__fi2_efi3_coherence_network_channel_node.bmr.mux_data_proc.N52 not found.
[WARNING STA-1650] ./results/nangate45_3D/bp_multi/HBT/6_final.spef line 318064, net rof1_0__core/fe/icache_1/_07932_ not found.
[WARNING STA-1650] ./results/nangate45_3D/bp_multi/HBT/6_final.spef line 318067, net me/genblk1_0__bp_cce_top/_43210_ not found.
[WARNING STA-1650] ./results/nangate45_3D/bp_multi/HBT/6_final.spef line 318068, net me/genblk1_0__bp_cce_top/bp_cce/_10039_ not found.
[WARNING STA-1650] ./results/nangate45_3D/bp_multi/HBT/6_final.spef line 318075, net me/genblk1_0__bp_cce_top/lce_cce_req_fifo.data_o\[15\] not found.
[WARNING STA-1650] ./results/nangate45_3D/bp_multi/HBT/6_final.spef line 318076, net me/genblk1_0__bp_cce_top/lce_cce_req_fifo.data_o\[76\] not found.
[WARNING STA-1650] ./results/nangate45_3D/bp_multi/HBT/6_final.spef line 318077, net me/genblk1_0__bp_cce_top/lce_cce_req_fifo.data_o\[76\] not found.
[WARNING STA-1650] ./results/nangate45_3D/bp_multi/HBT/6_final.spef line 318078, net me/genblk1_0__bp_cce_top/lce_cce_req_fifo.data_o\[76\] not found.
[WARNING STA-1650] ./results/nangate45_3D/bp_multi/HBT/6_final.spef line 318079, net me/genblk1_0__bp_cce_top/_22906_ not found.
[WARNING STA-1650] ./results/nangate45_3D/bp_multi/HBT/6_final.spef line 318080, net me/genblk1_0__bp_cce_top/_22906_ not found.
[WARNING STA-1650] ./results/nangate45_3D/bp_multi/HBT/6_final.spef line 318081, net me/genblk1_0__bp_cce_top/_27571_ not found.
[WARNING STA-1650] ./results/nangate45_3D/bp_multi/HBT/6_final.spef line 318082, net me/genblk1_0__bp_cce_top/_28022_ not found.
[WARNING STA-1650] ./results/nangate45_3D/bp_multi/HBT/6_final.spef line 318083, net me/genblk1_0__bp_cce_top/_28022_ not found.
[WARNING STA-1650] ./results/nangate45_3D/bp_multi/HBT/6_final.spef line 318084, net me/genblk1_0__bp_cce_top/_33064_ not found.
[WARNING STA-1650] ./results/nangate45_3D/bp_multi/HBT/6_final.spef line 318085, net me/genblk1_0__bp_cce_top/_40227_ not found.
[WARNING STA-1650] ./results/nangate45_3D/bp_multi/HBT/6_final.spef line 318086, net me/genblk1_0__bp_cce_top/bp_cce/_13925_ not found.
[WARNING STA-1650] ./results/nangate45_3D/bp_multi/HBT/6_final.spef line 318087, net me/network/data_resp_channel/_12237_ not found.
[WARNING STA-1650] ./results/nangate45_3D/bp_multi/HBT/6_final.spef line 318088, net me/network/data_resp_channel/_12238_ not found.
[WARNING STA-1650] ./results/nangate45_3D/bp_multi/HBT/6_final.spef line 318089, net me/network/data_resp_channel/_12238_ not found.
[WARNING STA-1650] ./results/nangate45_3D/bp_multi/HBT/6_final.spef line 318090, net me/network/data_resp_channel/_14304_ not found.
[WARNING STA-1650] ./results/nangate45_3D/bp_multi/HBT/6_final.spef line 318091, net me/network/data_resp_channel/_14585_ not found.
[WARNING STA-1650] ./results/nangate45_3D/bp_multi/HBT/6_final.spef line 318100, net me/genblk1_0__bp_cce_top/lce_cce_req_fifo.data_o\[26\] not found.
[WARNING STA-1650] ./results/nangate45_3D/bp_multi/HBT/6_final.spef line 318101, net me/lce_data_resp_i_to_cce\[356\] not found.
[WARNING STA-1650] ./results/nangate45_3D/bp_multi/HBT/6_final.spef line 318102, net me/lce_data_resp_i_to_cce\[512\] not found.
[WARNING STA-1650] ./results/nangate45_3D/bp_multi/HBT/6_final.spef line 318107, net me/genblk1_0__bp_cce_top/_23769_ not found.
[WARNING STA-1650] ./results/nangate45_3D/bp_multi/HBT/6_final.spef line 318108, net me/genblk1_0__bp_cce_top/_24358_ not found.
[WARNING STA-1650] ./results/nangate45_3D/bp_multi/HBT/6_final.spef line 318109, net me/genblk1_0__bp_cce_top/_40143_ not found.
[WARNING STA-1650] ./results/nangate45_3D/bp_multi/HBT/6_final.spef line 318110, net me/genblk1_0__bp_cce_top/bp_cce/_08705_ not found.
[WARNING STA-1650] ./results/nangate45_3D/bp_multi/HBT/6_final.spef line 318114, net me/genblk1_0__bp_cce_top/bp_cce/_01657_ not found.
[WARNING STA-1650] ./results/nangate45_3D/bp_multi/HBT/6_final.spef line 318158, net rof1_0__core/be/be_mmu/dcache/data_mem_2__data_mem/macro_mem/mem not found.
[WARNING STA-1650] ./results/nangate45_3D/bp_multi/HBT/6_final.spef line 318159, net rof1_0__core/be/be_mmu/dcache/data_mem_2__data_mem/macro_mem/mem not found.
[WARNING STA-1650] ./results/nangate45_3D/bp_multi/HBT/6_final.spef line 318160, net rof1_0__core/be/be_mmu/dcache/data_mem_2__data_mem/macro_mem/mem not found.
[WARNING STA-1650] ./results/nangate45_3D/bp_multi/HBT/6_final.spef line 318170, net rof1_0__core/be/be_calculator/float_regfile/rf/z_notmacro_synth/_25025_ not found.
[WARNING STA-1650] ./results/nangate45_3D/bp_multi/HBT/6_final.spef line 318171, net rof1_0__core/be/be_calculator/float_regfile/rf/z_notmacro_synth/_25718_ not found.
[WARNING STA-1650] ./results/nangate45_3D/bp_multi/HBT/6_final.spef line 318186, net rof1_0__core/be_fe_queue\[69\] not found.
[WARNING STA-1650] ./results/nangate45_3D/bp_multi/HBT/6_final.spef line 318207, net me/genblk1_0__bp_cce_top/_26896_ not found.
[WARNING STA-1650] ./results/nangate45_3D/bp_multi/HBT/6_final.spef line 318208, net me/genblk1_0__bp_cce_top/_26922_ not found.
[WARNING STA-1650] ./results/nangate45_3D/bp_multi/HBT/6_final.spef line 318209, net me/genblk1_0__bp_cce_top/_31447_ not found.
[WARNING STA-1650] ./results/nangate45_3D/bp_multi/HBT/6_final.spef line 318210, net me/genblk1_0__bp_cce_top/_31478_ not found.
[WARNING STA-1650] ./results/nangate45_3D/bp_multi/HBT/6_final.spef line 318211, net me/genblk1_0__bp_cce_top/_31479_ not found.
[WARNING STA-1650] ./results/nangate45_3D/bp_multi/HBT/6_final.spef line 318212, net me/genblk1_0__bp_cce_top/_31480_ not found.
[WARNING STA-1650] ./results/nangate45_3D/bp_multi/HBT/6_final.spef line 318229, net me/genblk1_0__bp_cce_top/_26848_ not found.
[WARNING STA-1650] ./results/nangate45_3D/bp_multi/HBT/6_final.spef line 318230, net me/genblk1_0__bp_cce_top/_27029_ not found.
[WARNING STA-1650] ./results/nangate45_3D/bp_multi/HBT/6_final.spef line 318231, net me/genblk1_0__bp_cce_top/_31545_ not found.
[WARNING STA-1650] ./results/nangate45_3D/bp_multi/HBT/6_final.spef line 318258, net me/genblk1_0__bp_cce_top/bp_cce/pc_inst_ram/_0906_ not found.
[WARNING STA-1650] ./results/nangate45_3D/bp_multi/HBT/6_final.spef line 318271, net me/genblk1_0__bp_cce_top/_26849_ not found.
[WARNING STA-1650] ./results/nangate45_3D/bp_multi/HBT/6_final.spef line 318276, net me/genblk1_0__bp_cce_top/_22994_ not found.
[WARNING STA-1650] ./results/nangate45_3D/bp_multi/HBT/6_final.spef line 318277, net me/genblk1_0__bp_cce_top/_23019_ not found.
[WARNING STA-1650] ./results/nangate45_3D/bp_multi/HBT/6_final.spef line 318278, net me/genblk1_0__bp_cce_top/_26921_ not found.
[WARNING STA-1650] ./results/nangate45_3D/bp_multi/HBT/6_final.spef line 318279, net me/genblk1_0__bp_cce_top/_26922_ not found.
[WARNING STA-1650] ./results/nangate45_3D/bp_multi/HBT/6_final.spef line 318280, net me/genblk1_0__bp_cce_top/_26961_ not found.
[WARNING STA-1650] ./results/nangate45_3D/bp_multi/HBT/6_final.spef line 318281, net me/genblk1_0__bp_cce_top/_31478_ not found.
[WARNING STA-1650] ./results/nangate45_3D/bp_multi/HBT/6_final.spef line 318282, net me/genblk1_0__bp_cce_top/_31505_ not found.
[WARNING STA-1650] ./results/nangate45_3D/bp_multi/HBT/6_final.spef line 318283, net me/genblk1_0__bp_cce_top/_31543_ not found.
[WARNING STA-1650] ./results/nangate45_3D/bp_multi/HBT/6_final.spef line 318284, net me/genblk1_0__bp_cce_top/_31607_ not found.
[WARNING STA-1650] ./results/nangate45_3D/bp_multi/HBT/6_final.spef line 318285, net me/genblk1_0__bp_cce_top/_41154_ not found.
[WARNING STA-1650] ./results/nangate45_3D/bp_multi/HBT/6_final.spef line 318331, net me/genblk1_0__bp_cce_top/bp_cce/directory/_1998_ not found.
[WARNING STA-1650] ./results/nangate45_3D/bp_multi/HBT/6_final.spef line 318332, net me/genblk1_0__bp_cce_top/bp_cce/directory/_2055_ not found.
[WARNING STA-1650] ./results/nangate45_3D/bp_multi/HBT/6_final.spef line 318333, net me/genblk1_0__bp_cce_top/bp_cce/directory/_2061_ not found.
[WARNING STA-1650] ./results/nangate45_3D/bp_multi/HBT/6_final.spef line 318334, net me/genblk1_0__bp_cce_top/bp_cce/directory/_2069_ not found.
[WARNING STA-1650] ./results/nangate45_3D/bp_multi/HBT/6_final.spef line 318335, net me/genblk1_0__bp_cce_top/bp_cce/directory/_2714_ not found.
[WARNING STA-1650] ./results/nangate45_3D/bp_multi/HBT/6_final.spef line 318337, net me/genblk1_0__bp_cce_top/bp_cce/directory/_0335_ not found.
[WARNING STA-1650] ./results/nangate45_3D/bp_multi/HBT/6_final.spef line 318338, net me/genblk1_0__bp_cce_top/bp_cce/directory/_0525_ not found.
[WARNING STA-1650] ./results/nangate45_3D/bp_multi/HBT/6_final.spef line 318382, net me/genblk1_0__bp_cce_top/_30300_ not found.
[WARNING STA-1650] ./results/nangate45_3D/bp_multi/HBT/6_final.spef line 318383, net rof1_0__core/fe/icache_1/data_mem_banks_1__data_mem_bank/macro_mem/mem not found.
[WARNING STA-1650] ./results/nangate45_3D/bp_multi/HBT/6_final.spef line 318384, net rof1_0__core/fe/icache_1/data_mem_banks_5__data_mem_bank/macro_mem/mem not found.
[WARNING STA-1650] ./results/nangate45_3D/bp_multi/HBT/6_final.spef line 318401, net me/genblk1_0__bp_cce_top/_33046_ not found.
[WARNING STA-1650] ./results/nangate45_3D/bp_multi/HBT/6_final.spef line 318405, net me/network/data_resp_channel/_12512_ not found.
[WARNING STA-1650] ./results/nangate45_3D/bp_multi/HBT/6_final.spef line 318414, net me/genblk1_0__bp_cce_top/_29288_ not found.
[WARNING STA-1650] ./results/nangate45_3D/bp_multi/HBT/6_final.spef line 318415, net me/genblk1_0__bp_cce_top/_32130_ not found.
[WARNING STA-1650] ./results/nangate45_3D/bp_multi/HBT/6_final.spef line 318416, net me/genblk1_0__bp_cce_top/_38032_ not found.
[WARNING STA-1650] ./results/nangate45_3D/bp_multi/HBT/6_final.spef line 318417, net me/genblk1_0__bp_cce_top/_40866_ not found.
[WARNING STA-1650] ./results/nangate45_3D/bp_multi/HBT/6_final.spef line 318418, net me/network/data_resp_channel/_11936_ not found.
[WARNING STA-1650] ./results/nangate45_3D/bp_multi/HBT/6_final.spef line 318471, net rof1_0__core/be/be_calculator/float_regfile/rf/z_notmacro_synth/_17481_ not found.
[WARNING STA-1650] ./results/nangate45_3D/bp_multi/HBT/6_final.spef line 318472, net rof1_0__core/be/be_calculator/float_regfile/rf/z_notmacro_synth/_17482_ not found.
[WARNING STA-1650] ./results/nangate45_3D/bp_multi/HBT/6_final.spef line 318473, net rof1_0__core/be/be_calculator/float_regfile/rf/z_notmacro_synth/_17492_ not found.
[WARNING STA-1650] ./results/nangate45_3D/bp_multi/HBT/6_final.spef line 318474, net rof1_0__core/be/be_calculator/float_regfile/rf/z_notmacro_synth/_18332_ not found.
[WARNING STA-1650] ./results/nangate45_3D/bp_multi/HBT/6_final.spef line 318475, net rof1_0__core/be/be_calculator/float_regfile/rf/z_notmacro_synth/_18332_ not found.
[WARNING STA-1650] ./results/nangate45_3D/bp_multi/HBT/6_final.spef line 318476, net rof1_0__core/be/be_calculator/float_regfile/rf/z_notmacro_synth/_18485_ not found.
[WARNING STA-1650] ./results/nangate45_3D/bp_multi/HBT/6_final.spef line 318477, net rof1_0__core/be/be_calculator/float_regfile/rf/z_notmacro_synth/_20828_ not found.
[WARNING STA-1650] ./results/nangate45_3D/bp_multi/HBT/6_final.spef line 318478, net rof1_0__core/be/be_calculator/float_regfile/rf/z_notmacro_synth/_22609_ not found.
[WARNING STA-1650] ./results/nangate45_3D/bp_multi/HBT/6_final.spef line 318479, net rof1_0__core/be/be_calculator/float_regfile/rf/z_notmacro_synth/_22611_ not found.
[WARNING STA-1650] ./results/nangate45_3D/bp_multi/HBT/6_final.spef line 318480, net rof1_0__core/be/be_calculator/float_regfile/rf/z_notmacro_synth/_23535_ not found.
[WARNING STA-1650] ./results/nangate45_3D/bp_multi/HBT/6_final.spef line 318481, net rof1_0__core/be/be_calculator/float_regfile/rf/z_notmacro_synth/_23537_ not found.
[WARNING STA-1650] ./results/nangate45_3D/bp_multi/HBT/6_final.spef line 318482, net rof1_0__core/be/be_calculator/float_regfile/rf/z_notmacro_synth/_23539_ not found.
[WARNING STA-1650] ./results/nangate45_3D/bp_multi/HBT/6_final.spef line 318483, net rof1_0__core/be/be_calculator/float_regfile/rf/z_notmacro_synth/_27256_ not found.
[WARNING STA-1650] ./results/nangate45_3D/bp_multi/HBT/6_final.spef line 318484, net rof1_0__core/be/be_calculator/float_regfile/rf/z_notmacro_synth/_28569_ not found.
[WARNING STA-1650] ./results/nangate45_3D/bp_multi/HBT/6_final.spef line 318485, net rof1_0__core/be/be_calculator/float_regfile/rf/z_notmacro_synth/_29814_ not found.
[WARNING STA-1650] ./results/nangate45_3D/bp_multi/HBT/6_final.spef line 318486, net rof1_0__core/be/be_calculator/float_regfile/rf/z_notmacro_synth/_29957_ not found.
[WARNING STA-1650] ./results/nangate45_3D/bp_multi/HBT/6_final.spef line 318487, net rof1_0__core/be/be_calculator/float_regfile/rf/z_notmacro_synth/_30167_ not found.
[WARNING STA-1650] ./results/nangate45_3D/bp_multi/HBT/6_final.spef line 318488, net rof1_0__core/be/be_calculator/float_regfile/rf/z_notmacro_synth/_30339_ not found.
[WARNING STA-1650] ./results/nangate45_3D/bp_multi/HBT/6_final.spef line 318489, net rof1_0__core/be/be_calculator/float_regfile/rf/z_notmacro_synth/_30463_ not found.
[WARNING STA-1650] ./results/nangate45_3D/bp_multi/HBT/6_final.spef line 318490, net rof1_0__core/be/be_calculator/float_regfile/rf/z_notmacro_synth/_32258_ not found.
[WARNING STA-1650] ./results/nangate45_3D/bp_multi/HBT/6_final.spef line 318491, net rof1_0__core/be/be_calculator/float_regfile/rf/z_notmacro_synth/_32768_ not found.
[WARNING STA-1650] ./results/nangate45_3D/bp_multi/HBT/6_final.spef line 318511, net rof1_0__core/be/be_calculator/float_regfile/rf/z_notmacro_synth/mem\[1260\] not found.
[WARNING STA-1650] ./results/nangate45_3D/bp_multi/HBT/6_final.spef line 318512, net rof1_0__core/be/be_calculator/float_regfile/rf/z_notmacro_synth/mem\[1390\] not found.
[WARNING STA-1650] ./results/nangate45_3D/bp_multi/HBT/6_final.spef line 318513, net rof1_0__core/be/be_calculator/float_regfile/_255_ not found.
[WARNING STA-1650] ./results/nangate45_3D/bp_multi/HBT/6_final.spef line 318514, net rof1_0__core/be/be_calculator/float_regfile/_272_ not found.
[WARNING STA-1650] ./results/nangate45_3D/bp_multi/HBT/6_final.spef line 318515, net rof1_0__core/be/be_calculator/float_regfile/rf/z_notmacro_synth/_17503_ not found.
[WARNING STA-1650] ./results/nangate45_3D/bp_multi/HBT/6_final.spef line 318516, net rof1_0__core/be/be_calculator/float_regfile/rf/z_notmacro_synth/_17503_ not found.
[WARNING STA-1650] ./results/nangate45_3D/bp_multi/HBT/6_final.spef line 318517, net rof1_0__core/be/be_calculator/float_regfile/rf/z_notmacro_synth/_17508_ not found.
[WARNING STA-1650] ./results/nangate45_3D/bp_multi/HBT/6_final.spef line 318518, net rof1_0__core/be/be_calculator/float_regfile/rf/z_notmacro_synth/_18212_ not found.
[WARNING STA-1650] ./results/nangate45_3D/bp_multi/HBT/6_final.spef line 318519, net rof1_0__core/be/be_calculator/float_regfile/rf/z_notmacro_synth/_18213_ not found.
[WARNING STA-1650] ./results/nangate45_3D/bp_multi/HBT/6_final.spef line 318520, net rof1_0__core/be/be_calculator/float_regfile/rf/z_notmacro_synth/_19657_ not found.
[WARNING STA-1650] ./results/nangate45_3D/bp_multi/HBT/6_final.spef line 318521, net rof1_0__core/be/be_calculator/float_regfile/rf/z_notmacro_synth/_19660_ not found.
[WARNING STA-1650] ./results/nangate45_3D/bp_multi/HBT/6_final.spef line 318522, net rof1_0__core/be/be_calculator/float_regfile/rf/z_notmacro_synth/_19661_ not found.
[WARNING STA-1650] ./results/nangate45_3D/bp_multi/HBT/6_final.spef line 318523, net rof1_0__core/be/be_calculator/float_regfile/rf/z_notmacro_synth/_22609_ not found.
[WARNING STA-1650] ./results/nangate45_3D/bp_multi/HBT/6_final.spef line 318524, net rof1_0__core/be/be_calculator/float_regfile/rf/z_notmacro_synth/_22610_ not found.
[WARNING STA-1650] ./results/nangate45_3D/bp_multi/HBT/6_final.spef line 318525, net rof1_0__core/be/be_calculator/float_regfile/rf/z_notmacro_synth/_22611_ not found.
[WARNING STA-1650] ./results/nangate45_3D/bp_multi/HBT/6_final.spef line 318526, net rof1_0__core/be/be_calculator/float_regfile/rf/z_notmacro_synth/_22613_ not found.
[WARNING STA-1650] ./results/nangate45_3D/bp_multi/HBT/6_final.spef line 318527, net rof1_0__core/be/be_calculator/float_regfile/rf/z_notmacro_synth/_22618_ not found.
[WARNING STA-1650] ./results/nangate45_3D/bp_multi/HBT/6_final.spef line 318528, net rof1_0__core/be/be_calculator/float_regfile/rf/z_notmacro_synth/_24628_ not found.
[WARNING STA-1650] ./results/nangate45_3D/bp_multi/HBT/6_final.spef line 318529, net rof1_0__core/be/be_calculator/float_regfile/rf/z_notmacro_synth/_24630_ not found.
[WARNING STA-1650] ./results/nangate45_3D/bp_multi/HBT/6_final.spef line 318530, net rof1_0__core/be/be_calculator/float_regfile/rf/z_notmacro_synth/_24645_ not found.
[WARNING STA-1650] ./results/nangate45_3D/bp_multi/HBT/6_final.spef line 318531, net rof1_0__core/be/be_calculator/float_regfile/rf/z_notmacro_synth/_28097_ not found.
[WARNING STA-1650] ./results/nangate45_3D/bp_multi/HBT/6_final.spef line 318532, net rof1_0__core/be/be_calculator/float_regfile/rf/z_notmacro_synth/_33519_ not found.
[WARNING STA-1650] ./results/nangate45_3D/bp_multi/HBT/6_final.spef line 318555, net rof1_0__core/be/be_calculator/float_regfile/rf/z_notmacro_synth/_06425_ not found.
[WARNING STA-1650] ./results/nangate45_3D/bp_multi/HBT/6_final.spef line 318556, net rof1_0__core/be/be_calculator/float_regfile/rf/z_notmacro_synth/_10525_ not found.
[WARNING STA-1650] ./results/nangate45_3D/bp_multi/HBT/6_final.spef line 318565, net rof1_0__core/_05702_ not found.
[WARNING STA-1650] ./results/nangate45_3D/bp_multi/HBT/6_final.spef line 318566, net rof1_0__core/_06061_ not found.
[WARNING STA-1650] ./results/nangate45_3D/bp_multi/HBT/6_final.spef line 318567, net rof1_0__core/_06062_ not found.
[WARNING STA-1650] ./results/nangate45_3D/bp_multi/HBT/6_final.spef line 318568, net rof1_0__core/_06729_ not found.
[WARNING STA-1650] ./results/nangate45_3D/bp_multi/HBT/6_final.spef line 318569, net rof1_0__core/_06729_ not found.
[WARNING STA-1650] ./results/nangate45_3D/bp_multi/HBT/6_final.spef line 318570, net rof1_0__core/_06772_ not found.
[WARNING STA-1650] ./results/nangate45_3D/bp_multi/HBT/6_final.spef line 318571, net rof1_0__core/_07024_ not found.
[WARNING STA-1650] ./results/nangate45_3D/bp_multi/HBT/6_final.spef line 318572, net rof1_0__core/_07349_ not found.
[WARNING STA-1650] ./results/nangate45_3D/bp_multi/HBT/6_final.spef line 318573, net rof1_0__core/_08115_ not found.
[WARNING STA-1650] ./results/nangate45_3D/bp_multi/HBT/6_final.spef line 318574, net rof1_0__core/_09352_ not found.
[WARNING STA-1650] ./results/nangate45_3D/bp_multi/HBT/6_final.spef line 318575, net rof1_0__core/_09373_ not found.
[WARNING STA-1650] ./results/nangate45_3D/bp_multi/HBT/6_final.spef line 318576, net rof1_0__core/be/_2994_ not found.
[WARNING STA-1650] ./results/nangate45_3D/bp_multi/HBT/6_final.spef line 318577, net rof1_0__core/be/be_calculator/_18981_ not found.
[WARNING STA-1650] ./results/nangate45_3D/bp_multi/HBT/6_final.spef line 318578, net rof1_0__core/be/be_calculator/_22273_ not found.
[WARNING STA-1650] ./results/nangate45_3D/bp_multi/HBT/6_final.spef line 318579, net rof1_0__core/be/be_calculator/_25435_ not found.
[WARNING STA-1650] ./results/nangate45_3D/bp_multi/HBT/6_final.spef line 318580, net rof1_0__core/be/be_calculator/_26228_ not found.
[WARNING STA-1650] ./results/nangate45_3D/bp_multi/HBT/6_final.spef line 318659, net rof1_0__core/_01330_ not found.
[WARNING STA-1650] ./results/nangate45_3D/bp_multi/HBT/6_final.spef line 318660, net rof1_0__core/_01330_ not found.
[WARNING STA-1650] ./results/nangate45_3D/bp_multi/HBT/6_final.spef line 318661, net rof1_0__core/_01334_ not found.
[WARNING STA-1650] ./results/nangate45_3D/bp_multi/HBT/6_final.spef line 318662, net rof1_0__core/_01433_ not found.
[WARNING STA-1650] ./results/nangate45_3D/bp_multi/HBT/6_final.spef line 318663, net rof1_0__core/_01976_ not found.
[WARNING STA-1650] ./results/nangate45_3D/bp_multi/HBT/6_final.spef line 318664, net rof1_0__core/_02590_ not found.
[WARNING STA-1650] ./results/nangate45_3D/bp_multi/HBT/6_final.spef line 318665, net rof1_0__core/_03831_ not found.
[WARNING STA-1650] ./results/nangate45_3D/bp_multi/HBT/6_final.spef line 318666, net rof1_0__core/_04000_ not found.
[WARNING STA-1650] ./results/nangate45_3D/bp_multi/HBT/6_final.spef line 318667, net rof1_0__core/fe_queue_fifo.fifo_mem.synth.mem\[915\] not found.
[WARNING STA-1650] ./results/nangate45_3D/bp_multi/HBT/6_final.spef line 318690, net me/genblk1_0__bp_cce_top/_21598_ not found.
[WARNING STA-1650] ./results/nangate45_3D/bp_multi/HBT/6_final.spef line 318691, net me/genblk1_0__bp_cce_top/_28038_ not found.
[WARNING STA-1650] ./results/nangate45_3D/bp_multi/HBT/6_final.spef line 318692, net me/genblk1_0__bp_cce_top/_29013_ not found.
[WARNING STA-1650] ./results/nangate45_3D/bp_multi/HBT/6_final.spef line 318693, net me/genblk1_0__bp_cce_top/_40424_ not found.
[WARNING STA-1650] ./results/nangate45_3D/bp_multi/HBT/6_final.spef line 318694, net me/genblk1_0__bp_cce_top/bp_cce/_08706_ not found.
[WARNING STA-1650] ./results/nangate45_3D/bp_multi/HBT/6_final.spef line 318695, net me/genblk1_0__bp_cce_top/bp_cce/_10186_ not found.
[WARNING STA-1650] ./results/nangate45_3D/bp_multi/HBT/6_final.spef line 318696, net me/genblk1_0__bp_cce_top/bp_cce/_11070_ not found.
[WARNING STA-1650] ./results/nangate45_3D/bp_multi/HBT/6_final.spef line 318697, net me/genblk1_0__bp_cce_top/bp_cce/_11071_ not found.
[WARNING STA-1650] ./results/nangate45_3D/bp_multi/HBT/6_final.spef line 318698, net me/genblk1_0__bp_cce_top/bp_cce/pc_inst_ram/_0951_ not found.
[WARNING STA-1650] ./results/nangate45_3D/bp_multi/HBT/6_final.spef line 318699, net me/genblk1_0__bp_cce_top/bp_cce/pc_inst_ram/_1005_ not found.
[WARNING STA-1650] ./results/nangate45_3D/bp_multi/HBT/6_final.spef line 318711, net me/genblk1_0__bp_cce_top/bp_cce/_02311_ not found.
[WARNING STA-1650] ./results/nangate45_3D/bp_multi/HBT/6_final.spef line 318712, net me/genblk1_0__bp_cce_top/lce_cce_data_resp_fifo.mem_1r1w.synth.mem\[651\] not found.
[WARNING STA-1650] ./results/nangate45_3D/bp_multi/HBT/6_final.spef line 318713, net me/genblk1_0__bp_cce_top/lce_cce_req_fifo.data_o\[28\] not found.
[WARNING STA-1650] ./results/nangate45_3D/bp_multi/HBT/6_final.spef line 318714, net me/genblk1_0__bp_cce_top/lce_cce_req_fifo.data_o\[9\] not found.
[WARNING STA-1650] ./results/nangate45_3D/bp_multi/HBT/6_final.spef line 318723, net me/genblk1_0__bp_cce_top/_21968_ not found.
[WARNING STA-1650] ./results/nangate45_3D/bp_multi/HBT/6_final.spef line 318724, net me/genblk1_0__bp_cce_top/_21970_ not found.
[WARNING STA-1650] ./results/nangate45_3D/bp_multi/HBT/6_final.spef line 318725, net me/genblk1_0__bp_cce_top/_24749_ not found.
[WARNING STA-1650] ./results/nangate45_3D/bp_multi/HBT/6_final.spef line 318726, net me/genblk1_0__bp_cce_top/_24749_ not found.
[WARNING STA-1650] ./results/nangate45_3D/bp_multi/HBT/6_final.spef line 318727, net me/genblk1_0__bp_cce_top/_24834_ not found.
[WARNING STA-1650] ./results/nangate45_3D/bp_multi/HBT/6_final.spef line 318728, net me/genblk1_0__bp_cce_top/_24836_ not found.
[WARNING STA-1650] ./results/nangate45_3D/bp_multi/HBT/6_final.spef line 318729, net me/genblk1_0__bp_cce_top/_27955_ not found.
[WARNING STA-1650] ./results/nangate45_3D/bp_multi/HBT/6_final.spef line 318730, net me/genblk1_0__bp_cce_top/_28383_ not found.
[WARNING STA-1650] ./results/nangate45_3D/bp_multi/HBT/6_final.spef line 318731, net me/genblk1_0__bp_cce_top/_29439_ not found.
[WARNING STA-1650] ./results/nangate45_3D/bp_multi/HBT/6_final.spef line 318732, net me/genblk1_0__bp_cce_top/_29440_ not found.
[WARNING STA-1650] ./results/nangate45_3D/bp_multi/HBT/6_final.spef line 318733, net me/genblk1_0__bp_cce_top/_29802_ not found.
[WARNING STA-1650] ./results/nangate45_3D/bp_multi/HBT/6_final.spef line 318734, net me/genblk1_0__bp_cce_top/_29802_ not found.
[WARNING STA-1650] ./results/nangate45_3D/bp_multi/HBT/6_final.spef line 318735, net me/genblk1_0__bp_cce_top/_30496_ not found.
[WARNING STA-1650] ./results/nangate45_3D/bp_multi/HBT/6_final.spef line 318736, net me/genblk1_0__bp_cce_top/_32261_ not found.
[WARNING STA-1650] ./results/nangate45_3D/bp_multi/HBT/6_final.spef line 318737, net me/genblk1_0__bp_cce_top/_32261_ not found.
[WARNING STA-1650] ./results/nangate45_3D/bp_multi/HBT/6_final.spef line 318738, net me/genblk1_0__bp_cce_top/_32533_ not found.
[WARNING STA-1650] ./results/nangate45_3D/bp_multi/HBT/6_final.spef line 318739, net me/genblk1_0__bp_cce_top/_32535_ not found.
[WARNING STA-1650] message limit (1000) reached. This message will no longer print.
[WARNING STA-1648] ./results/nangate45_3D/bp_multi/HBT/6_final.spef line 324073, instance rof1_0__core/be/be_mmu/dcache/data_mem_2__data_mem/macro_mem/mem not found.
[WARNING STA-1648] ./results/nangate45_3D/bp_multi/HBT/6_final.spef line 324074, instance rof1_0__core/be/be_mmu/dcache/data_mem_0__data_mem/macro_mem/mem not found.
[WARNING STA-1648] ./results/nangate45_3D/bp_multi/HBT/6_final.spef line 324075, instance rof1_0__core/be/be_mmu/dcache/data_mem_4__data_mem/macro_mem/mem not found.
[WARNING STA-1648] ./results/nangate45_3D/bp_multi/HBT/6_final.spef line 324076, instance rof1_0__core/be/be_calculator/float_regfile/rf/z_notmacro_synth/_31506_ not found.
[WARNING STA-1648] ./results/nangate45_3D/bp_multi/HBT/6_final.spef line 324077, instance rof1_0__core/be/be_calculator/float_regfile/rf/z_notmacro_synth/_32274_ not found.
[WARNING STA-1648] ./results/nangate45_3D/bp_multi/HBT/6_final.spef line 324078, instance rof1_0__core/be/be_calculator/float_regfile/rf/z_notmacro_synth/_32338_ not found.
[WARNING STA-1648] ./results/nangate45_3D/bp_multi/HBT/6_final.spef line 324079, instance rof1_0__core/be/be_calculator/float_regfile/rf/z_notmacro_synth/_32346_ not found.
[WARNING STA-1648] ./results/nangate45_3D/bp_multi/HBT/6_final.spef line 324080, instance rof1_0__core/be/be_calculator/float_regfile/rf/z_notmacro_synth/_32466_ not found.
[WARNING STA-1648] ./results/nangate45_3D/bp_multi/HBT/6_final.spef line 324081, instance rof1_0__core/be/be_calculator/float_regfile/rf/z_notmacro_synth/_32474_ not found.
[WARNING STA-1648] ./results/nangate45_3D/bp_multi/HBT/6_final.spef line 324082, instance rof1_0__core/be/be_calculator/float_regfile/rf/z_notmacro_synth/_32516_ not found.
[WARNING STA-1648] ./results/nangate45_3D/bp_multi/HBT/6_final.spef line 324083, instance rof1_0__core/be/be_calculator/float_regfile/rf/z_notmacro_synth/_32486_ not found.
[WARNING STA-1648] ./results/nangate45_3D/bp_multi/HBT/6_final.spef line 324084, instance rof1_0__core/be/be_calculator/float_regfile/rf/z_notmacro_synth/_32538_ not found.
[WARNING STA-1648] ./results/nangate45_3D/bp_multi/HBT/6_final.spef line 324085, instance rof1_0__core/be/be_calculator/float_regfile/rf/z_notmacro_synth/_32530_ not found.
[WARNING STA-1648] ./results/nangate45_3D/bp_multi/HBT/6_final.spef line 324086, instance rof1_0__core/be/be_calculator/float_regfile/rf/z_notmacro_synth/_32786_ not found.
[WARNING STA-1648] ./results/nangate45_3D/bp_multi/HBT/6_final.spef line 324087, instance rof1_0__core/be/be_calculator/float_regfile/rf/z_notmacro_synth/_32802_ not found.
[WARNING STA-1648] ./results/nangate45_3D/bp_multi/HBT/6_final.spef line 324088, instance rof1_0__core/be/be_calculator/float_regfile/rf/z_notmacro_synth/_32388_ not found.
[WARNING STA-1648] ./results/nangate45_3D/bp_multi/HBT/6_final.spef line 324089, instance rof1_0__core/be/be_calculator/float_regfile/rf/z_notmacro_synth/_32358_ not found.
[WARNING STA-1648] ./results/nangate45_3D/bp_multi/HBT/6_final.spef line 324090, instance rof1_0__core/be/be_calculator/float_regfile/rf/z_notmacro_synth/_31514_ not found.
[WARNING STA-1648] ./results/nangate45_3D/bp_multi/HBT/6_final.spef line 324091, instance rof1_0__core/be/be_calculator/float_regfile/rf/z_notmacro_synth/_33170_ not found.
[WARNING STA-1648] ./results/nangate45_3D/bp_multi/HBT/6_final.spef line 324092, instance rof1_0__core/be/be_calculator/float_regfile/rf/z_notmacro_synth/_31508_ not found.
[WARNING STA-1648] ./results/nangate45_3D/bp_multi/HBT/6_final.spef line 324093, instance rof1_0__core/be/be_calculator/float_regfile/rf/z_notmacro_synth/_33172_ not found.
[WARNING STA-1648] ./results/nangate45_3D/bp_multi/HBT/6_final.spef line 324094, instance rof1_0__core/be/be_calculator/float_regfile/rf/z_notmacro_synth/_33236_ not found.
[WARNING STA-1648] ./results/nangate45_3D/bp_multi/HBT/6_final.spef line 324095, instance rof1_0__core/be/be_calculator/float_regfile/rf/z_notmacro_synth/_33174_ not found.
[WARNING STA-1648] ./results/nangate45_3D/bp_multi/HBT/6_final.spef line 324096, instance rof1_0__core/be/be_calculator/float_regfile/rf/z_notmacro_synth/_31534_ not found.
[WARNING STA-1648] ./results/nangate45_3D/bp_multi/HBT/6_final.spef line 324097, instance rof1_0__core/be/be_calculator/float_regfile/rf/z_notmacro_synth/_33198_ not found.
[WARNING STA-1648] ./results/nangate45_3D/bp_multi/HBT/6_final.spef line 324098, instance rof1_0__core/be/be_calculator/float_regfile/rf/z_notmacro_synth/_33240_ not found.
[WARNING STA-1648] ./results/nangate45_3D/bp_multi/HBT/6_final.spef line 324099, instance rof1_0__core/be/be_calculator/float_regfile/rf/z_notmacro_synth/_31512_ not found.
[WARNING STA-1648] ./results/nangate45_3D/bp_multi/HBT/6_final.spef line 324100, instance rof1_0__core/be/be_calculator/float_regfile/rf/z_notmacro_synth/_33272_ not found.
[WARNING STA-1648] ./results/nangate45_3D/bp_multi/HBT/6_final.spef line 324101, instance rof1_0__core/be/be_calculator/float_regfile/rf/z_notmacro_synth/_33234_ not found.
[WARNING STA-1648] ./results/nangate45_3D/bp_multi/HBT/6_final.spef line 324102, instance rof1_0__core/be/be_calculator/float_regfile/rf/z_notmacro_synth/_33242_ not found.
[WARNING STA-1648] ./results/nangate45_3D/bp_multi/HBT/6_final.spef line 324103, instance rof1_0__core/be/be_calculator/float_regfile/rf/z_notmacro_synth/_33208_ not found.
[WARNING STA-1648] ./results/nangate45_3D/bp_multi/HBT/6_final.spef line 324104, instance rof1_0__core/be/be_calculator/float_regfile/rf/z_notmacro_synth/_33176_ not found.
[WARNING STA-1648] ./results/nangate45_3D/bp_multi/HBT/6_final.spef line 324105, instance rof1_0__core/be/be_calculator/float_regfile/rf/z_notmacro_synth/_31544_ not found.
[WARNING STA-1648] ./results/nangate45_3D/bp_multi/HBT/6_final.spef line 324106, instance rof1_0__core/be/be_calculator/float_regfile/rf/z_notmacro_synth/_32312_ not found.
[WARNING STA-1648] ./results/nangate45_3D/bp_multi/HBT/6_final.spef line 324107, instance rof1_0__core/be/be_calculator/float_regfile/rf/z_notmacro_synth/_32376_ not found.
[WARNING STA-1648] ./results/nangate45_3D/bp_multi/HBT/6_final.spef line 324108, instance rof1_0__core/be/be_calculator/float_regfile/rf/z_notmacro_synth/_32342_ not found.
[WARNING STA-1648] ./results/nangate45_3D/bp_multi/HBT/6_final.spef line 324109, instance rof1_0__core/be/be_calculator/float_regfile/rf/z_notmacro_synth/_33178_ not found.
[WARNING STA-1648] ./results/nangate45_3D/bp_multi/HBT/6_final.spef line 324110, instance rof1_0__core/be/be_calculator/float_regfile/rf/z_notmacro_synth/_32276_ not found.
[WARNING STA-1648] ./results/nangate45_3D/bp_multi/HBT/6_final.spef line 324111, instance rof1_0__core/be/be_calculator/float_regfile/rf/z_notmacro_synth/_32278_ not found.
[WARNING STA-1648] ./results/nangate45_3D/bp_multi/HBT/6_final.spef line 324112, instance rof1_0__core/be/be_calculator/float_regfile/rf/z_notmacro_synth/_32406_ not found.
[WARNING STA-1648] ./results/nangate45_3D/bp_multi/HBT/6_final.spef line 324113, instance rof1_0__core/be/be_calculator/float_regfile/rf/z_notmacro_synth/_32340_ not found.
[WARNING STA-1648] ./results/nangate45_3D/bp_multi/HBT/6_final.spef line 324114, instance rof1_0__core/be/be_calculator/float_regfile/rf/z_notmacro_synth/_32404_ not found.
[WARNING STA-1648] ./results/nangate45_3D/bp_multi/HBT/6_final.spef line 324115, instance rof1_0__core/be/be_calculator/float_regfile/rf/z_notmacro_synth/_32470_ not found.
[WARNING STA-1648] ./results/nangate45_3D/bp_multi/HBT/6_final.spef line 324116, instance rof1_0__core/be/be_calculator/float_regfile/rf/z_notmacro_synth/_32504_ not found.
[WARNING STA-1648] ./results/nangate45_3D/bp_multi/HBT/6_final.spef line 324117, instance rof1_0__core/be/be_calculator/float_regfile/rf/z_notmacro_synth/_32494_ not found.
[WARNING STA-1648] ./results/nangate45_3D/bp_multi/HBT/6_final.spef line 324118, instance rof1_0__core/be/be_calculator/float_regfile/rf/z_notmacro_synth/_32558_ not found.
[WARNING STA-1648] ./results/nangate45_3D/bp_multi/HBT/6_final.spef line 324119, instance rof1_0__core/be/be_calculator/float_regfile/rf/z_notmacro_synth/_32472_ not found.
[WARNING STA-1648] ./results/nangate45_3D/bp_multi/HBT/6_final.spef line 324120, instance rof1_0__core/be/be_calculator/float_regfile/rf/z_notmacro_synth/_32568_ not found.
[WARNING STA-1648] ./results/nangate45_3D/bp_multi/HBT/6_final.spef line 324121, instance rof1_0__core/be/be_calculator/float_regfile/rf/z_notmacro_synth/_32534_ not found.
[WARNING STA-1648] ./results/nangate45_3D/bp_multi/HBT/6_final.spef line 324122, instance rof1_0__core/be/be_calculator/float_regfile/rf/z_notmacro_synth/_32532_ not found.
[WARNING STA-1648] ./results/nangate45_3D/bp_multi/HBT/6_final.spef line 324123, instance rof1_0__core/be/be_calculator/float_regfile/rf/z_notmacro_synth/_32468_ not found.
[WARNING STA-1648] ./results/nangate45_3D/bp_multi/HBT/6_final.spef line 324124, instance rof1_0__core/be/be_calculator/float_regfile/rf/z_notmacro_synth/_32488_ not found.
[WARNING STA-1648] ./results/nangate45_3D/bp_multi/HBT/6_final.spef line 324125, instance rof1_0__core/be/be_calculator/float_regfile/rf/z_notmacro_synth/_32424_ not found.
[WARNING STA-1648] ./results/nangate45_3D/bp_multi/HBT/6_final.spef line 324126, instance rof1_0__core/be/be_calculator/float_regfile/rf/z_notmacro_synth/_32552_ not found.
[WARNING STA-1648] ./results/nangate45_3D/bp_multi/HBT/6_final.spef line 324127, instance rof1_0__core/be/be_calculator/float_regfile/rf/z_notmacro_synth/_32744_ not found.
[WARNING STA-1648] ./results/nangate45_3D/bp_multi/HBT/6_final.spef line 324128, instance rof1_0__core/be/be_calculator/float_regfile/rf/z_notmacro_synth/_32836_ not found.
[WARNING STA-1648] ./results/nangate45_3D/bp_multi/HBT/6_final.spef line 324129, instance rof1_0__core/be/be_calculator/float_regfile/rf/z_notmacro_synth/_32808_ not found.
[WARNING STA-1648] ./results/nangate45_3D/bp_multi/HBT/6_final.spef line 324130, instance rof1_0__core/be/be_calculator/float_regfile/rf/z_notmacro_synth/_32872_ not found.
[WARNING STA-1648] ./results/nangate45_3D/bp_multi/HBT/6_final.spef line 324131, instance rof1_0__core/be/be_calculator/float_regfile/rf/z_notmacro_synth/_32798_ not found.
[WARNING STA-1648] ./results/nangate45_3D/bp_multi/HBT/6_final.spef line 324132, instance rof1_0__core/be/be_calculator/float_regfile/rf/z_notmacro_synth/_32926_ not found.
[WARNING STA-1648] ./results/nangate45_3D/bp_multi/HBT/6_final.spef line 324133, instance rof1_0__core/be/be_calculator/float_regfile/rf/z_notmacro_synth/_32930_ not found.
[WARNING STA-1648] ./results/nangate45_3D/bp_multi/HBT/6_final.spef line 324134, instance rof1_0__core/be/be_calculator/float_regfile/rf/z_notmacro_synth/_32920_ not found.
[WARNING STA-1648] ./results/nangate45_3D/bp_multi/HBT/6_final.spef line 324135, instance rof1_0__core/be/be_calculator/float_regfile/rf/z_notmacro_synth/_32984_ not found.
[WARNING STA-1648] ./results/nangate45_3D/bp_multi/HBT/6_final.spef line 324136, instance rof1_0__core/be/be_calculator/float_regfile/rf/z_notmacro_synth/_32994_ not found.
[WARNING STA-1648] ./results/nangate45_3D/bp_multi/HBT/6_final.spef line 324137, instance rof1_0__core/be/be_calculator/float_regfile/rf/z_notmacro_synth/_33122_ not found.
[WARNING STA-1648] ./results/nangate45_3D/bp_multi/HBT/6_final.spef line 324138, instance rof1_0__core/be/be_calculator/float_regfile/rf/z_notmacro_synth/_33118_ not found.
[WARNING STA-1648] ./results/nangate45_3D/bp_multi/HBT/6_final.spef line 324139, instance rof1_0__core/be/be_calculator/float_regfile/rf/z_notmacro_synth/_32866_ not found.
[WARNING STA-1648] ./results/nangate45_3D/bp_multi/HBT/6_final.spef line 324140, instance rof1_0__core/be/be_calculator/float_regfile/rf/z_notmacro_synth/_32878_ not found.
[WARNING STA-1648] ./results/nangate45_3D/bp_multi/HBT/6_final.spef line 324141, instance rof1_0__core/be/be_calculator/float_regfile/rf/z_notmacro_synth/_32816_ not found.
[WARNING STA-1648] ./results/nangate45_3D/bp_multi/HBT/6_final.spef line 324142, instance rof1_0__core/be/be_calculator/float_regfile/rf/z_notmacro_synth/_32814_ not found.
[WARNING STA-1648] ./results/nangate45_3D/bp_multi/HBT/6_final.spef line 324143, instance rof1_0__core/be/be_calculator/float_regfile/rf/z_notmacro_synth/_32880_ not found.
[WARNING STA-1648] ./results/nangate45_3D/bp_multi/HBT/6_final.spef line 324144, instance rof1_0__core/be/be_calculator/float_regfile/rf/z_notmacro_synth/_32856_ not found.
[WARNING STA-1648] ./results/nangate45_3D/bp_multi/HBT/6_final.spef line 324145, instance rof1_0__core/be/be_calculator/float_regfile/rf/z_notmacro_synth/_32792_ not found.
[WARNING STA-1648] ./results/nangate45_3D/bp_multi/HBT/6_final.spef line 324146, instance rof1_0__core/be/be_calculator/float_regfile/rf/z_notmacro_synth/_32944_ not found.
[WARNING STA-1648] ./results/nangate45_3D/bp_multi/HBT/6_final.spef line 324147, instance rof1_0__core/be/be_calculator/float_regfile/rf/z_notmacro_synth/_32862_ not found.
[WARNING STA-1648] ./results/nangate45_3D/bp_multi/HBT/6_final.spef line 324148, instance rof1_0__core/be/be_calculator/float_regfile/rf/z_notmacro_synth/_32870_ not found.
[WARNING STA-1648] ./results/nangate45_3D/bp_multi/HBT/6_final.spef line 324149, instance rof1_0__core/be/be_calculator/float_regfile/rf/z_notmacro_synth/_32806_ not found.
[WARNING STA-1648] ./results/nangate45_3D/bp_multi/HBT/6_final.spef line 324150, instance rof1_0__core/be/be_calculator/float_regfile/rf/z_notmacro_synth/_32900_ not found.
[WARNING STA-1648] ./results/nangate45_3D/bp_multi/HBT/6_final.spef line 324151, instance rof1_0__core/be/be_calculator/float_regfile/rf/z_notmacro_synth/_32904_ not found.
[WARNING STA-1648] ./results/nangate45_3D/bp_multi/HBT/6_final.spef line 324152, instance rof1_0__core/be/be_calculator/float_regfile/rf/z_notmacro_synth/_32934_ not found.
[WARNING STA-1648] ./results/nangate45_3D/bp_multi/HBT/6_final.spef line 324153, instance rof1_0__core/be/be_calculator/float_regfile/rf/z_notmacro_synth/_33028_ not found.
[WARNING STA-1648] ./results/nangate45_3D/bp_multi/HBT/6_final.spef line 324154, instance rof1_0__core/be/be_calculator/float_regfile/rf/z_notmacro_synth/_33000_ not found.
[WARNING STA-1648] ./results/nangate45_3D/bp_multi/HBT/6_final.spef line 324155, instance rof1_0__core/be/be_calculator/float_regfile/rf/z_notmacro_synth/_33010_ not found.
[WARNING STA-1648] ./results/nangate45_3D/bp_multi/HBT/6_final.spef line 324156, instance rof1_0__core/be/be_calculator/float_regfile/rf/z_notmacro_synth/_33138_ not found.
[WARNING STA-1648] ./results/nangate45_3D/bp_multi/HBT/6_final.spef line 324157, instance rof1_0__core/be/be_calculator/float_regfile/rf/z_notmacro_synth/_33030_ not found.
[WARNING STA-1648] ./results/nangate45_3D/bp_multi/HBT/6_final.spef line 324158, instance rof1_0__core/be/be_calculator/float_regfile/rf/z_notmacro_synth/_33158_ not found.
[WARNING STA-1648] ./results/nangate45_3D/bp_multi/HBT/6_final.spef line 324159, instance rof1_0__core/be/be_calculator/float_regfile/rf/z_notmacro_synth/_33002_ not found.
[WARNING STA-1648] ./results/nangate45_3D/bp_multi/HBT/6_final.spef line 324160, instance rof1_0__core/be/be_calculator/float_regfile/rf/z_notmacro_synth/_33130_ not found.
[WARNING STA-1648] ./results/nangate45_3D/bp_multi/HBT/6_final.spef line 324161, instance rof1_0__core/be/be_calculator/float_regfile/rf/z_notmacro_synth/_33074_ not found.
[WARNING STA-1648] ./results/nangate45_3D/bp_multi/HBT/6_final.spef line 324162, instance rof1_0__core/be/be_calculator/float_regfile/rf/z_notmacro_synth/_32242_ not found.
[WARNING STA-1648] ./results/nangate45_3D/bp_multi/HBT/6_final.spef line 324163, instance rof1_0__core/be/be_calculator/float_regfile/rf/z_notmacro_synth/_31602_ not found.
[WARNING STA-1648] ./results/nangate45_3D/bp_multi/HBT/6_final.spef line 324164, instance rof1_0__core/be/be_calculator/float_regfile/rf/z_notmacro_synth/_31594_ not found.
[WARNING STA-1648] ./results/nangate45_3D/bp_multi/HBT/6_final.spef line 324165, instance rof1_0__core/be/be_calculator/float_regfile/rf/z_notmacro_synth/_32234_ not found.
[WARNING STA-1648] ./results/nangate45_3D/bp_multi/HBT/6_final.spef line 324166, instance rof1_0__core/be/be_calculator/float_regfile/rf/z_notmacro_synth/_32260_ not found.
[WARNING STA-1648] ./results/nangate45_3D/bp_multi/HBT/6_final.spef line 324167, instance rof1_0__core/be/be_calculator/float_regfile/rf/z_notmacro_synth/_31620_ not found.
[WARNING STA-1648] ./results/nangate45_3D/bp_multi/HBT/6_final.spef line 324168, instance rof1_0__core/be/be_calculator/float_regfile/rf/z_notmacro_synth/_32232_ not found.
[WARNING STA-1648] ./results/nangate45_3D/bp_multi/HBT/6_final.spef line 324169, instance rof1_0__core/be/be_calculator/float_regfile/rf/z_notmacro_synth/_33092_ not found.
[WARNING STA-1648] ./results/nangate45_3D/bp_multi/HBT/6_final.spef line 324170, instance rof1_0__core/be/be_calculator/float_regfile/rf/z_notmacro_synth/_33156_ not found.
[WARNING STA-1648] ./results/nangate45_3D/bp_multi/HBT/6_final.spef line 324171, instance rof1_0__core/be/be_calculator/float_regfile/rf/z_notmacro_synth/_32998_ not found.
[WARNING STA-1648] ./results/nangate45_3D/bp_multi/HBT/6_final.spef line 324172, instance rof1_0__core/be/be_calculator/float_regfile/rf/z_notmacro_synth/_33160_ not found.
[WARNING STA-1648] ./results/nangate45_3D/bp_multi/HBT/6_final.spef line 324173, instance rof1_0__core/be/be_calculator/float_regfile/rf/z_notmacro_synth/_32990_ not found.
[WARNING STA-1648] ./results/nangate45_3D/bp_multi/HBT/6_final.spef line 324174, instance rof1_0__core/be/be_calculator/float_regfile/rf/z_notmacro_synth/_33032_ not found.
[WARNING STA-1648] ./results/nangate45_3D/bp_multi/HBT/6_final.spef line 324175, instance rof1_0__core/be/be_calculator/float_regfile/rf/z_notmacro_synth/_33096_ not found.
[WARNING STA-1648] ./results/nangate45_3D/bp_multi/HBT/6_final.spef line 324176, instance rof1_0__core/be/be_calculator/float_regfile/rf/z_notmacro_synth/_33064_ not found.
[WARNING STA-1648] ./results/nangate45_3D/bp_multi/HBT/6_final.spef line 324177, instance rof1_0__core/be/be_calculator/float_regfile/rf/z_notmacro_synth/_33128_ not found.
[WARNING STA-1648] ./results/nangate45_3D/bp_multi/HBT/6_final.spef line 324178, instance rof1_0__core/be/be_calculator/float_regfile/rf/z_notmacro_synth/_32936_ not found.
[WARNING STA-1648] ./results/nangate45_3D/bp_multi/HBT/6_final.spef line 324179, instance rof1_0__core/be/be_calculator/float_regfile/rf/z_notmacro_synth/_32964_ not found.
[WARNING STA-1648] ./results/nangate45_3D/bp_multi/HBT/6_final.spef line 324180, instance rof1_0__core/be/be_calculator/float_regfile/rf/z_notmacro_synth/_32882_ not found.
[WARNING STA-1648] ./results/nangate45_3D/bp_multi/HBT/6_final.spef line 324181, instance rof1_0__core/be/be_calculator/float_regfile/rf/z_notmacro_synth/_32840_ not found.
[WARNING STA-1648] ./results/nangate45_3D/bp_multi/HBT/6_final.spef line 324182, instance rof1_0__core/be/be_calculator/float_regfile/rf/z_notmacro_synth/_32902_ not found.
[WARNING STA-1648] ./results/nangate45_3D/bp_multi/HBT/6_final.spef line 324183, instance rof1_0__core/be/be_calculator/float_regfile/rf/z_notmacro_synth/_32946_ not found.
[WARNING STA-1648] ./results/nangate45_3D/bp_multi/HBT/6_final.spef line 324184, instance rof1_0__core/be/be_calculator/float_regfile/rf/z_notmacro_synth/_32966_ not found.
[WARNING STA-1648] ./results/nangate45_3D/bp_multi/HBT/6_final.spef line 324185, instance rof1_0__core/be/be_calculator/float_regfile/rf/z_notmacro_synth/_32876_ not found.
[WARNING STA-1648] ./results/nangate45_3D/bp_multi/HBT/6_final.spef line 324186, instance rof1_0__core/be/be_calculator/float_regfile/rf/z_notmacro_synth/_32742_ not found.
[WARNING STA-1648] ./results/nangate45_3D/bp_multi/HBT/6_final.spef line 324187, instance rof1_0__core/be/be_calculator/float_regfile/rf/z_notmacro_synth/_32818_ not found.
[WARNING STA-1648] ./results/nangate45_3D/bp_multi/HBT/6_final.spef line 324188, instance rof1_0__core/be/be_calculator/float_regfile/rf/z_notmacro_synth/_32734_ not found.
[WARNING STA-1648] ./results/nangate45_3D/bp_multi/HBT/6_final.spef line 324189, instance rof1_0__core/be/be_calculator/float_regfile/rf/z_notmacro_synth/_32602_ not found.
[WARNING STA-1648] ./results/nangate45_3D/bp_multi/HBT/6_final.spef line 324190, instance rof1_0__core/be/be_calculator/float_regfile/rf/z_notmacro_synth/_32594_ not found.
[WARNING STA-1648] ./results/nangate45_3D/bp_multi/HBT/6_final.spef line 324191, instance rof1_0__core/be/be_calculator/float_regfile/rf/z_notmacro_synth/_32596_ not found.
[WARNING STA-1648] ./results/nangate45_3D/bp_multi/HBT/6_final.spef line 324192, instance rof1_0__core/be/be_calculator/float_regfile/rf/z_notmacro_synth/_32724_ not found.
[WARNING STA-1648] ./results/nangate45_3D/bp_multi/HBT/6_final.spef line 324193, instance rof1_0__core/be/be_calculator/float_regfile/rf/z_notmacro_synth/_32726_ not found.
[WARNING STA-1648] ./results/nangate45_3D/bp_multi/HBT/6_final.spef line 324194, instance rof1_0__core/be/be_calculator/float_regfile/rf/z_notmacro_synth/_32598_ not found.
[WARNING STA-1648] ./results/nangate45_3D/bp_multi/HBT/6_final.spef line 324195, instance rof1_0__core/be/be_calculator/float_regfile/rf/z_notmacro_synth/_32632_ not found.
[WARNING STA-1648] ./results/nangate45_3D/bp_multi/HBT/6_final.spef line 324196, instance rof1_0__core/be/be_calculator/float_regfile/rf/z_notmacro_synth/_32622_ not found.
[WARNING STA-1648] ./results/nangate45_3D/bp_multi/HBT/6_final.spef line 324197, instance rof1_0__core/be/be_calculator/float_regfile/rf/z_notmacro_synth/_32750_ not found.
[WARNING STA-1648] ./results/nangate45_3D/bp_multi/HBT/6_final.spef line 324198, instance rof1_0__core/be/be_calculator/float_regfile/rf/z_notmacro_synth/_32728_ not found.
[WARNING STA-1648] ./results/nangate45_3D/bp_multi/HBT/6_final.spef line 324199, instance rof1_0__core/be/be_calculator/float_regfile/rf/z_notmacro_synth/_32824_ not found.
[WARNING STA-1648] ./results/nangate45_3D/bp_multi/HBT/6_final.spef line 324200, instance rof1_0__core/be/be_calculator/float_regfile/rf/z_notmacro_synth/_32760_ not found.
[WARNING STA-1648] ./results/nangate45_3D/bp_multi/HBT/6_final.spef line 324201, instance rof1_0__core/be/be_calculator/float_regfile/rf/z_notmacro_synth/_32888_ not found.
[WARNING STA-1648] ./results/nangate45_3D/bp_multi/HBT/6_final.spef line 324202, instance rof1_0__core/be/be_calculator/float_regfile/rf/z_notmacro_synth/_32708_ not found.
[WARNING STA-1648] ./results/nangate45_3D/bp_multi/HBT/6_final.spef line 324203, instance rof1_0__core/be/be_calculator/float_regfile/rf/z_notmacro_synth/_32664_ not found.
[WARNING STA-1648] ./results/nangate45_3D/bp_multi/HBT/6_final.spef line 324204, instance rof1_0__core/be/be_calculator/float_regfile/rf/z_notmacro_synth/_32696_ not found.
[WARNING STA-1648] ./results/nangate45_3D/bp_multi/HBT/6_final.spef line 324205, instance rof1_0__core/be/be_calculator/float_regfile/rf/z_notmacro_synth/_32776_ not found.
[WARNING STA-1648] ./results/nangate45_3D/bp_multi/HBT/6_final.spef line 324206, instance rof1_0__core/be/be_calculator/float_regfile/rf/z_notmacro_synth/_32736_ not found.
[WARNING STA-1648] ./results/nangate45_3D/bp_multi/HBT/6_final.spef line 324207, instance rof1_0__core/be/be_calculator/float_regfile/rf/z_notmacro_synth/_32782_ not found.
[WARNING STA-1648] ./results/nangate45_3D/bp_multi/HBT/6_final.spef line 324208, instance rof1_0__core/be/be_calculator/float_regfile/rf/z_notmacro_synth/_32738_ not found.
[WARNING STA-1648] ./results/nangate45_3D/bp_multi/HBT/6_final.spef line 324209, instance rof1_0__core/be/be_calculator/float_regfile/rf/z_notmacro_synth/_32752_ not found.
[WARNING STA-1648] ./results/nangate45_3D/bp_multi/HBT/6_final.spef line 324210, instance rof1_0__core/be/be_calculator/float_regfile/rf/z_notmacro_synth/_32648_ not found.
[WARNING STA-1648] ./results/nangate45_3D/bp_multi/HBT/6_final.spef line 324211, instance rof1_0__core/be/be_calculator/float_regfile/rf/z_notmacro_synth/_32654_ not found.
[WARNING STA-1648] ./results/nangate45_3D/bp_multi/HBT/6_final.spef line 324212, instance rof1_0__core/be/be_calculator/float_regfile/rf/z_notmacro_synth/_32560_ not found.
[WARNING STA-1648] ./results/nangate45_3D/bp_multi/HBT/6_final.spef line 324213, instance rof1_0__core/be/be_calculator/float_regfile/rf/z_notmacro_synth/_32536_ not found.
[WARNING STA-1648] ./results/nangate45_3D/bp_multi/HBT/6_final.spef line 324214, instance rof1_0__core/be/be_calculator/float_regfile/rf/z_notmacro_synth/_32546_ not found.
[WARNING STA-1648] ./results/nangate45_3D/bp_multi/HBT/6_final.spef line 324215, instance rof1_0__core/be/be_calculator/float_regfile/rf/z_notmacro_synth/_32600_ not found.
[WARNING STA-1648] ./results/nangate45_3D/bp_multi/HBT/6_final.spef line 324216, instance rof1_0__core/be/be_calculator/float_regfile/rf/z_notmacro_synth/_32610_ not found.
[WARNING STA-1648] ./results/nangate45_3D/bp_multi/HBT/6_final.spef line 324217, instance rof1_0__core/be/be_calculator/float_regfile/rf/z_notmacro_synth/_32482_ not found.
[WARNING STA-1648] ./results/nangate45_3D/bp_multi/HBT/6_final.spef line 324218, instance rof1_0__core/be/be_calculator/float_regfile/rf/z_notmacro_synth/_32526_ not found.
[WARNING STA-1648] ./results/nangate45_3D/bp_multi/HBT/6_final.spef line 324219, instance rof1_0__core/be/be_calculator/float_regfile/rf/z_notmacro_synth/_32496_ not found.
[WARNING STA-1648] ./results/nangate45_3D/bp_multi/HBT/6_final.spef line 324220, instance rof1_0__core/be/be_calculator/float_regfile/rf/z_notmacro_synth/_32432_ not found.
[WARNING STA-1648] ./results/nangate45_3D/bp_multi/HBT/6_final.spef line 324221, instance rof1_0__core/be/be_calculator/float_regfile/rf/z_notmacro_synth/_32462_ not found.
[WARNING STA-1648] ./results/nangate45_3D/bp_multi/HBT/6_final.spef line 324222, instance rof1_0__core/be/be_calculator/float_regfile/rf/z_notmacro_synth/_32590_ not found.
[WARNING STA-1648] ./results/nangate45_3D/bp_multi/HBT/6_final.spef line 324223, instance rof1_0__core/be/be_calculator/float_regfile/rf/z_notmacro_synth/_32624_ not found.
[WARNING STA-1648] ./results/nangate45_3D/bp_multi/HBT/6_final.spef line 324224, instance rof1_0__core/be/be_calculator/float_regfile/rf/z_notmacro_synth/_32740_ not found.
[WARNING STA-1648] ./results/nangate45_3D/bp_multi/HBT/6_final.spef line 324225, instance rof1_0__core/be/be_calculator/float_regfile/rf/z_notmacro_synth/_32672_ not found.
[WARNING STA-1648] ./results/nangate45_3D/bp_multi/HBT/6_final.spef line 324226, instance rof1_0__core/be/be_calculator/float_regfile/rf/z_notmacro_synth/_32712_ not found.
[WARNING STA-1648] ./results/nangate45_3D/bp_multi/HBT/6_final.spef line 324227, instance rof1_0__core/be/be_calculator/float_regfile/rf/z_notmacro_synth/_32684_ not found.
[WARNING STA-1648] ./results/nangate45_3D/bp_multi/HBT/6_final.spef line 324228, instance rof1_0__core/be/be_calculator/float_regfile/rf/z_notmacro_synth/_32674_ not found.
[WARNING STA-1648] ./results/nangate45_3D/bp_multi/HBT/6_final.spef line 324229, instance rof1_0__core/be/be_calculator/float_regfile/rf/z_notmacro_synth/_32718_ not found.
[WARNING STA-1648] ./results/nangate45_3D/bp_multi/HBT/6_final.spef line 324230, instance rof1_0__core/be/be_calculator/float_regfile/rf/z_notmacro_synth/_32660_ not found.
[WARNING STA-1648] ./results/nangate45_3D/bp_multi/HBT/6_final.spef line 324231, instance rof1_0__core/be/be_calculator/float_regfile/rf/z_notmacro_synth/_33016_ not found.
[WARNING STA-1648] ./results/nangate45_3D/bp_multi/HBT/6_final.spef line 324232, instance rof1_0__core/be/be_calculator/float_regfile/rf/z_notmacro_synth/_32982_ not found.
[WARNING STA-1648] ./results/nangate45_3D/bp_multi/HBT/6_final.spef line 324233, instance rof1_0__core/be/be_calculator/float_regfile/rf/z_notmacro_synth/_32980_ not found.
[WARNING STA-1648] ./results/nangate45_3D/bp_multi/HBT/6_final.spef line 324234, instance rof1_0__core/be/be_calculator/float_regfile/rf/z_notmacro_synth/_33038_ not found.
[WARNING STA-1648] ./results/nangate45_3D/bp_multi/HBT/6_final.spef line 324235, instance rof1_0__core/be/be_calculator/float_regfile/rf/z_notmacro_synth/_33106_ not found.
[WARNING STA-1648] ./results/nangate45_3D/bp_multi/HBT/6_final.spef line 324236, instance rof1_0__core/be/be_calculator/float_regfile/rf/z_notmacro_synth/_33042_ not found.
[WARNING STA-1648] ./results/nangate45_3D/bp_multi/HBT/6_final.spef line 324237, instance rof1_0__core/be/be_calculator/float_regfile/rf/z_notmacro_synth/_33050_ not found.
[WARNING STA-1648] ./results/nangate45_3D/bp_multi/HBT/6_final.spef line 324238, instance rof1_0__core/be/be_calculator/float_regfile/rf/z_notmacro_synth/_32986_ not found.
[WARNING STA-1648] ./results/nangate45_3D/bp_multi/HBT/6_final.spef line 324239, instance rof1_0__core/be/be_calculator/float_regfile/rf/z_notmacro_synth/_33060_ not found.
[WARNING STA-1648] ./results/nangate45_3D/bp_multi/HBT/6_final.spef line 324240, instance rof1_0__core/be/be_calculator/float_regfile/rf/z_notmacro_synth/_32864_ not found.
[WARNING STA-1648] ./results/nangate45_3D/bp_multi/HBT/6_final.spef line 324241, instance rof1_0__core/be/be_calculator/float_regfile/rf/z_notmacro_synth/_32932_ not found.
[WARNING STA-1648] ./results/nangate45_3D/bp_multi/HBT/6_final.spef line 324242, instance rof1_0__core/be/be_calculator/float_regfile/rf/z_notmacro_synth/_32922_ not found.
[WARNING STA-1648] ./results/nangate45_3D/bp_multi/HBT/6_final.spef line 324243, instance rof1_0__core/be/be_calculator/float_regfile/rf/z_notmacro_synth/_32846_ not found.
[WARNING STA-1648] ./results/nangate45_3D/bp_multi/HBT/6_final.spef line 324244, instance rof1_0__core/be/be_calculator/float_regfile/rf/z_notmacro_synth/_32852_ not found.
[WARNING STA-1648] ./results/nangate45_3D/bp_multi/HBT/6_final.spef line 324245, instance rof1_0__core/be/be_calculator/float_regfile/rf/z_notmacro_synth/_32788_ not found.
[WARNING STA-1648] ./results/nangate45_3D/bp_multi/HBT/6_final.spef line 324246, instance rof1_0__core/be/be_calculator/float_regfile/rf/z_notmacro_synth/_32790_ not found.
[WARNING STA-1648] ./results/nangate45_3D/bp_multi/HBT/6_final.spef line 324247, instance rof1_0__core/be/be_calculator/float_regfile/rf/z_notmacro_synth/_32910_ not found.
[WARNING STA-1648] ./results/nangate45_3D/bp_multi/HBT/6_final.spef line 324248, instance rof1_0__core/be/be_calculator/float_regfile/rf/z_notmacro_synth/_32858_ not found.
[WARNING STA-1648] ./results/nangate45_3D/bp_multi/HBT/6_final.spef line 324249, instance rof1_0__core/be/be_calculator/float_regfile/rf/z_notmacro_synth/_32928_ not found.
[WARNING STA-1648] ./results/nangate45_3D/bp_multi/HBT/6_final.spef line 324250, instance rof1_0__core/be/be_calculator/float_regfile/rf/z_notmacro_synth/_32992_ not found.
[WARNING STA-1648] ./results/nangate45_3D/bp_multi/HBT/6_final.spef line 324251, instance rof1_0__core/be/be_calculator/float_regfile/rf/z_notmacro_synth/_33056_ not found.
[WARNING STA-1648] ./results/nangate45_3D/bp_multi/HBT/6_final.spef line 324252, instance rof1_0__core/be/be_calculator/float_regfile/rf/z_notmacro_synth/_31584_ not found.
[WARNING STA-1648] ./results/nangate45_3D/bp_multi/HBT/6_final.spef line 324253, instance rof1_0__core/be/be_calculator/float_regfile/rf/z_notmacro_synth/_32224_ not found.
[WARNING STA-1648] ./results/nangate45_3D/bp_multi/HBT/6_final.spef line 324254, instance rof1_0__core/be/be_calculator/float_regfile/rf/z_notmacro_synth/_33136_ not found.
[WARNING STA-1648] ./results/nangate45_3D/bp_multi/HBT/6_final.spef line 324255, instance rof1_0__core/be/be_calculator/float_regfile/rf/z_notmacro_synth/_33112_ not found.
[WARNING STA-1648] ./results/nangate45_3D/bp_multi/HBT/6_final.spef line 324256, instance rof1_0__core/be/be_calculator/float_regfile/rf/z_notmacro_synth/_33058_ not found.
[WARNING STA-1648] ./results/nangate45_3D/bp_multi/HBT/6_final.spef line 324257, instance rof1_0__core/be/be_calculator/float_regfile/rf/z_notmacro_synth/_33126_ not found.
[WARNING STA-1648] ./results/nangate45_3D/bp_multi/HBT/6_final.spef line 324258, instance rof1_0__core/be/be_calculator/float_regfile/rf/z_notmacro_synth/_33062_ not found.
[WARNING STA-1648] ./results/nangate45_3D/bp_multi/HBT/6_final.spef line 324259, instance rof1_0__core/be/be_calculator/float_regfile/rf/z_notmacro_synth/_33048_ not found.
[WARNING STA-1648] ./results/nangate45_3D/bp_multi/HBT/6_final.spef line 324260, instance rof1_0__core/be/be_calculator/float_regfile/rf/z_notmacro_synth/_33070_ not found.
[WARNING STA-1648] ./results/nangate45_3D/bp_multi/HBT/6_final.spef line 324261, instance rof1_0__core/be/be_calculator/float_regfile/rf/z_notmacro_synth/_33072_ not found.
[WARNING STA-1648] ./results/nangate45_3D/bp_multi/HBT/6_final.spef line 324262, instance rof1_0__core/be/be_calculator/float_regfile/rf/z_notmacro_synth/_33120_ not found.
[WARNING STA-1648] ./results/nangate45_3D/bp_multi/HBT/6_final.spef line 324263, instance rof1_0__core/be/be_calculator/float_regfile/rf/z_notmacro_synth/_32942_ not found.
[WARNING STA-1648] ./results/nangate45_3D/bp_multi/HBT/6_final.spef line 324264, instance rof1_0__core/be/be_calculator/float_regfile/rf/z_notmacro_synth/_33008_ not found.
[WARNING STA-1648] ./results/nangate45_3D/bp_multi/HBT/6_final.spef line 324265, instance rof1_0__core/be/be_calculator/float_regfile/rf/z_notmacro_synth/_33134_ not found.
[WARNING STA-1648] ./results/nangate45_3D/bp_multi/HBT/6_final.spef line 324266, instance rof1_0__core/be/be_calculator/float_regfile/rf/z_notmacro_synth/_33006_ not found.
[WARNING STA-1648] ./results/nangate45_3D/bp_multi/HBT/6_final.spef line 324267, instance rof1_0__core/be/be_calculator/float_regfile/rf/z_notmacro_synth/_32804_ not found.
[WARNING STA-1648] ./results/nangate45_3D/bp_multi/HBT/6_final.spef line 324268, instance rof1_0__core/be/be_calculator/float_regfile/rf/z_notmacro_synth/_32850_ not found.
[WARNING STA-1648] ./results/nangate45_3D/bp_multi/HBT/6_final.spef line 324269, instance rof1_0__core/be/be_calculator/float_regfile/rf/z_notmacro_synth/_32722_ not found.
[WARNING STA-1648] ./results/nangate45_3D/bp_multi/HBT/6_final.spef line 324270, instance rof1_0__core/be/be_calculator/float_regfile/rf/z_notmacro_synth/_32730_ not found.
[WARNING STA-1648] ./results/nangate45_3D/bp_multi/HBT/6_final.spef line 324271, instance rof1_0__core/be/be_calculator/float_regfile/rf/z_notmacro_synth/_32794_ not found.
[WARNING STA-1648] ./results/nangate45_3D/bp_multi/HBT/6_final.spef line 324272, instance rof1_0__core/be/be_calculator/float_regfile/rf/z_notmacro_synth/_32868_ not found.
[WARNING STA-1648] ./results/nangate45_3D/bp_multi/HBT/6_final.spef line 324273, instance rof1_0__core/be/be_calculator/float_regfile/rf/z_notmacro_synth/_32800_ not found.
[WARNING STA-1648] ./results/nangate45_3D/bp_multi/HBT/6_final.spef line 324274, instance rof1_0__core/be/be_calculator/float_regfile/rf/z_notmacro_synth/_32968_ not found.
[WARNING STA-1648] ./results/nangate45_3D/bp_multi/HBT/6_final.spef line 324275, instance rof1_0__core/be/be_calculator/float_regfile/rf/z_notmacro_synth/_32996_ not found.
[WARNING STA-1648] ./results/nangate45_3D/bp_multi/HBT/6_final.spef line 324276, instance rof1_0__core/be/be_calculator/float_regfile/rf/z_notmacro_synth/_33124_ not found.
[WARNING STA-1648] ./results/nangate45_3D/bp_multi/HBT/6_final.spef line 324277, instance rof1_0__core/be/be_calculator/float_regfile/rf/z_notmacro_synth/_33114_ not found.
[WARNING STA-1648] ./results/nangate45_3D/bp_multi/HBT/6_final.spef line 324278, instance rof1_0__core/be/be_calculator/float_regfile/rf/z_notmacro_synth/_32210_ not found.
[WARNING STA-1648] ./results/nangate45_3D/bp_multi/HBT/6_final.spef line 324279, instance rof1_0__core/be/be_calculator/float_regfile/rf/z_notmacro_synth/_33102_ not found.
[WARNING STA-1648] ./results/nangate45_3D/bp_multi/HBT/6_final.spef line 324280, instance rof1_0__core/be/be_calculator/float_regfile/rf/z_notmacro_synth/_33094_ not found.
[WARNING STA-1648] ./results/nangate45_3D/bp_multi/HBT/6_final.spef line 324281, instance rof1_0__core/be/be_calculator/float_regfile/rf/z_notmacro_synth/_32262_ not found.
[WARNING STA-1648] ./results/nangate45_3D/bp_multi/HBT/6_final.spef line 324282, instance rof1_0__core/be/be_calculator/float_regfile/rf/z_notmacro_synth/_33066_ not found.
[WARNING STA-1648] ./results/nangate45_3D/bp_multi/HBT/6_final.spef line 324283, instance rof1_0__core/be/be_calculator/float_regfile/rf/z_notmacro_synth/_32236_ not found.
[WARNING STA-1648] ./results/nangate45_3D/bp_multi/HBT/6_final.spef line 324284, instance rof1_0__core/be/be_calculator/float_regfile/rf/z_notmacro_synth/_31570_ not found.
[WARNING STA-1648] ./results/nangate45_3D/bp_multi/HBT/6_final.spef line 324285, instance rof1_0__core/be/be_calculator/float_regfile/rf/z_notmacro_synth/_31630_ not found.
[WARNING STA-1648] ./results/nangate45_3D/bp_multi/HBT/6_final.spef line 324286, instance rof1_0__core/be/be_calculator/float_regfile/rf/z_notmacro_synth/_31574_ not found.
[WARNING STA-1648] ./results/nangate45_3D/bp_multi/HBT/6_final.spef line 324287, instance rof1_0__core/be/be_calculator/float_regfile/rf/z_notmacro_synth/_31608_ not found.
[WARNING STA-1648] ./results/nangate45_3D/bp_multi/HBT/6_final.spef line 324288, instance rof1_0__core/be/be_calculator/float_regfile/rf/z_notmacro_synth/_31886_ not found.
[WARNING STA-1648] ./results/nangate45_3D/bp_multi/HBT/6_final.spef line 324289, instance rof1_0__core/be/be_calculator/float_regfile/rf/z_notmacro_synth/_31832_ not found.
[WARNING STA-1648] ./results/nangate45_3D/bp_multi/HBT/6_final.spef line 324290, instance rof1_0__core/be/be_calculator/float_regfile/rf/z_notmacro_synth/_33098_ not found.
[WARNING STA-1648] ./results/nangate45_3D/bp_multi/HBT/6_final.spef line 324291, instance rof1_0__core/be/be_calculator/float_regfile/rf/z_notmacro_synth/_32266_ not found.
[WARNING STA-1648] ./results/nangate45_3D/bp_multi/HBT/6_final.spef line 324292, instance rof1_0__core/be/be_calculator/float_regfile/rf/z_notmacro_synth/_31580_ not found.
[WARNING STA-1648] ./results/nangate45_3D/bp_multi/HBT/6_final.spef line 324293, instance rof1_0__core/be/be_calculator/float_regfile/rf/z_notmacro_synth/_32220_ not found.
[WARNING STA-1648] ./results/nangate45_3D/bp_multi/HBT/6_final.spef line 324294, instance rof1_0__core/be/be_calculator/float_regfile/rf/z_notmacro_synth/_33052_ not found.
[WARNING STA-1648] ./results/nangate45_3D/bp_multi/HBT/6_final.spef line 324295, instance rof1_0__core/be/be_calculator/float_regfile/rf/z_notmacro_synth/_32272_ not found.
[WARNING STA-1648] ./results/nangate45_3D/bp_multi/HBT/6_final.spef line 324296, instance rof1_0__core/be/be_calculator/float_regfile/rf/z_notmacro_synth/_31632_ not found.
[WARNING STA-1648] ./results/nangate45_3D/bp_multi/HBT/6_final.spef line 324297, instance rof1_0__core/be/be_calculator/float_regfile/rf/z_notmacro_synth/_31575_ not found.
[WARNING STA-1648] ./results/nangate45_3D/bp_multi/HBT/6_final.spef line 324298, instance rof1_0__core/be/be_calculator/float_regfile/rf/z_notmacro_synth/_31596_ not found.
[WARNING STA-1648] ./results/nangate45_3D/bp_multi/HBT/6_final.spef line 324299, instance rof1_0__core/be/be_calculator/float_regfile/rf/z_notmacro_synth/_33103_ not found.
[WARNING STA-1648] ./results/nangate45_3D/bp_multi/HBT/6_final.spef line 324300, instance rof1_0__core/be/be_calculator/float_regfile/rf/z_notmacro_synth/_32268_ not found.
[WARNING STA-1648] ./results/nangate45_3D/bp_multi/HBT/6_final.spef line 324301, instance rof1_0__core/be/be_calculator/float_regfile/rf/z_notmacro_synth/_31628_ not found.
[WARNING STA-1648] ./results/nangate45_3D/bp_multi/HBT/6_final.spef line 324302, instance rof1_0__core/be/be_calculator/float_regfile/rf/z_notmacro_synth/_33036_ not found.
[WARNING STA-1648] ./results/nangate45_3D/bp_multi/HBT/6_final.spef line 324303, instance rof1_0__core/be/be_calculator/float_regfile/rf/z_notmacro_synth/_33111_ not found.
[WARNING STA-1648] ./results/nangate45_3D/bp_multi/HBT/6_final.spef line 324304, instance rof1_0__core/be/be_calculator/float_regfile/rf/z_notmacro_synth/_32869_ not found.
[WARNING STA-1648] ./results/nangate45_3D/bp_multi/HBT/6_final.spef line 324305, instance rof1_0__core/be/be_calculator/float_regfile/rf/z_notmacro_synth/_32983_ not found.
[WARNING STA-1648] ./results/nangate45_3D/bp_multi/HBT/6_final.spef line 324306, instance rof1_0__core/be/be_calculator/float_regfile/rf/z_notmacro_synth/_33039_ not found.
[WARNING STA-1648] ./results/nangate45_3D/bp_multi/HBT/6_final.spef line 324307, instance rof1_0__core/be/be_calculator/float_regfile/rf/z_notmacro_synth/_32972_ not found.
[WARNING STA-1648] ./results/nangate45_3D/bp_multi/HBT/6_final.spef line 324308, instance rof1_0__core/be/be_calculator/float_regfile/rf/z_notmacro_synth/_33164_ not found.
[WARNING STA-1648] ./results/nangate45_3D/bp_multi/HBT/6_final.spef line 324309, instance rof1_0__core/be/be_calculator/float_regfile/rf/z_notmacro_synth/_33100_ not found.
[WARNING STA-1648] ./results/nangate45_3D/bp_multi/HBT/6_final.spef line 324310, instance rof1_0__core/be/be_calculator/float_regfile/rf/z_notmacro_synth/_33167_ not found.
[WARNING STA-1648] ./results/nangate45_3D/bp_multi/HBT/6_final.spef line 324311, instance rof1_0__core/be/be_calculator/float_regfile/rf/z_notmacro_synth/_31573_ not found.
[WARNING STA-1648] ./results/nangate45_3D/bp_multi/HBT/6_final.spef line 324312, instance rof1_0__core/be/be_calculator/float_regfile/rf/z_notmacro_synth/_31631_ not found.
[WARNING STA-1648] ./results/nangate45_3D/bp_multi/HBT/6_final.spef line 324313, instance rof1_0__core/be/be_calculator/float_regfile/rf/z_notmacro_synth/_31692_ not found.
[WARNING STA-1648] ./results/nangate45_3D/bp_multi/HBT/6_final.spef line 324314, instance rof1_0__core/be/be_calculator/float_regfile/rf/z_notmacro_synth/_31908_ not found.
[WARNING STA-1648] ./results/nangate45_3D/bp_multi/HBT/6_final.spef line 324315, instance rof1_0__core/be/be_calculator/float_regfile/rf/z_notmacro_synth/_31920_ not found.
[WARNING STA-1648] ./results/nangate45_3D/bp_multi/HBT/6_final.spef line 324316, instance rof1_0__core/be/be_calculator/float_regfile/rf/z_notmacro_synth/_31641_ not found.
[WARNING STA-1648] ./results/nangate45_3D/bp_multi/HBT/6_final.spef line 324317, instance rof1_0__core/be/be_calculator/float_regfile/rf/z_notmacro_synth/_33045_ not found.
[WARNING STA-1648] ./results/nangate45_3D/bp_multi/HBT/6_final.spef line 324318, instance rof1_0__core/be/be_calculator/float_regfile/rf/z_notmacro_synth/_33121_ not found.
[WARNING STA-1648] ./results/nangate45_3D/bp_multi/HBT/6_final.spef line 324319, instance rof1_0__core/be/be_calculator/float_regfile/rf/z_notmacro_synth/_32917_ not found.
[WARNING STA-1648] ./results/nangate45_3D/bp_multi/HBT/6_final.spef line 324320, instance rof1_0__core/be/be_calculator/float_regfile/rf/z_notmacro_synth/_32981_ not found.
[WARNING STA-1648] ./results/nangate45_3D/bp_multi/HBT/6_final.spef line 324321, instance rof1_0__core/be/be_calculator/float_regfile/rf/z_notmacro_synth/_33109_ not found.
[WARNING STA-1648] ./results/nangate45_3D/bp_multi/HBT/6_final.spef line 324322, instance rof1_0__core/be/be_calculator/float_regfile/rf/z_notmacro_synth/_32225_ not found.
[WARNING STA-1648] ./results/nangate45_3D/bp_multi/HBT/6_final.spef line 324323, instance rof1_0__core/be/be_calculator/float_regfile/rf/z_notmacro_synth/_32018_ not found.
[WARNING STA-1648] ./results/nangate45_3D/bp_multi/HBT/6_final.spef line 324324, instance rof1_0__core/be/be_calculator/float_regfile/rf/z_notmacro_synth/_32213_ not found.
[WARNING STA-1648] ./results/nangate45_3D/bp_multi/HBT/6_final.spef line 324325, instance rof1_0__core/be/be_calculator/float_regfile/rf/z_notmacro_synth/_33047_ not found.
[WARNING STA-1648] ./results/nangate45_3D/bp_multi/HBT/6_final.spef line 324326, instance rof1_0__core/be/be_calculator/float_regfile/rf/z_notmacro_synth/_32215_ not found.
[WARNING STA-1648] ./results/nangate45_3D/bp_multi/HBT/6_final.spef line 324327, instance rof1_0__core/be/be_calculator/float_regfile/rf/z_notmacro_synth/_32271_ not found.
[WARNING STA-1648] ./results/nangate45_3D/bp_multi/HBT/6_final.spef line 324328, instance rof1_0__core/be/be_calculator/float_regfile/rf/z_notmacro_synth/_31844_ not found.
[WARNING STA-1648] ./results/nangate45_3D/bp_multi/HBT/6_final.spef line 324329, instance rof1_0__core/be/be_calculator/float_regfile/rf/z_notmacro_synth/_31880_ not found.
[WARNING STA-1648] ./results/nangate45_3D/bp_multi/HBT/6_final.spef line 324330, instance rof1_0__core/be/be_calculator/float_regfile/rf/z_notmacro_synth/_31686_ not found.
[WARNING STA-1648] ./results/nangate45_3D/bp_multi/HBT/6_final.spef line 324331, instance rof1_0__core/be/be_calculator/float_regfile/rf/z_notmacro_synth/_31750_ not found.
[WARNING STA-1648] ./results/nangate45_3D/bp_multi/HBT/6_final.spef line 324332, instance rof1_0__core/be/be_calculator/float_regfile/rf/z_notmacro_synth/_31672_ not found.
[WARNING STA-1648] ./results/nangate45_3D/bp_multi/HBT/6_final.spef line 324333, instance rof1_0__core/be/be_calculator/float_regfile/rf/z_notmacro_synth/_31748_ not found.
[WARNING STA-1648] ./results/nangate45_3D/bp_multi/HBT/6_final.spef line 324334, instance rof1_0__core/be/be_calculator/float_regfile/rf/z_notmacro_synth/_31638_ not found.
[WARNING STA-1648] ./results/nangate45_3D/bp_multi/HBT/6_final.spef line 324335, instance rof1_0__core/be/be_calculator/float_regfile/rf/z_notmacro_synth/_31856_ not found.
[WARNING STA-1648] ./results/nangate45_3D/bp_multi/HBT/6_final.spef line 324336, instance rof1_0__core/be/be_calculator/float_regfile/rf/z_notmacro_synth/_31730_ not found.
[WARNING STA-1648] ./results/nangate45_3D/bp_multi/HBT/6_final.spef line 324337, instance rof1_0__core/be/be_calculator/float_regfile/rf/z_notmacro_synth/_31814_ not found.
[WARNING STA-1648] ./results/nangate45_3D/bp_multi/HBT/6_final.spef line 324338, instance rof1_0__core/be/be_calculator/float_regfile/rf/z_notmacro_synth/_31876_ not found.
[WARNING STA-1648] ./results/nangate45_3D/bp_multi/HBT/6_final.spef line 324339, instance rof1_0__core/be/be_calculator/float_regfile/rf/z_notmacro_synth/_31770_ not found.
[WARNING STA-1648] ./results/nangate45_3D/bp_multi/HBT/6_final.spef line 324340, instance rof1_0__core/be/be_calculator/float_regfile/rf/z_notmacro_synth/_31698_ not found.
[WARNING STA-1648] ./results/nangate45_3D/bp_multi/HBT/6_final.spef line 324341, instance rof1_0__core/be/be_calculator/float_regfile/rf/z_notmacro_synth/_31768_ not found.
[WARNING STA-1648] ./results/nangate45_3D/bp_multi/HBT/6_final.spef line 324342, instance rof1_0__core/be/be_calculator/float_regfile/rf/z_notmacro_synth/_31712_ not found.
[WARNING STA-1648] ./results/nangate45_3D/bp_multi/HBT/6_final.spef line 324343, instance rof1_0__core/be/be_calculator/float_regfile/rf/z_notmacro_synth/_31704_ not found.
[WARNING STA-1648] ./results/nangate45_3D/bp_multi/HBT/6_final.spef line 324344, instance rof1_0__core/be/be_calculator/float_regfile/rf/z_notmacro_synth/_31648_ not found.
[WARNING STA-1648] ./results/nangate45_3D/bp_multi/HBT/6_final.spef line 324345, instance rof1_0__core/be/be_calculator/float_regfile/rf/z_notmacro_synth/_32238_ not found.
[WARNING STA-1648] ./results/nangate45_3D/bp_multi/HBT/6_final.spef line 324346, instance rof1_0__core/be/be_calculator/float_regfile/rf/z_notmacro_synth/_32240_ not found.
[WARNING STA-1648] ./results/nangate45_3D/bp_multi/HBT/6_final.spef line 324347, instance rof1_0__core/be/be_calculator/float_regfile/rf/z_notmacro_synth/_31640_ not found.
[WARNING STA-1648] ./results/nangate45_3D/bp_multi/HBT/6_final.spef line 324348, instance rof1_0__core/be/be_calculator/float_regfile/rf/z_notmacro_synth/_31576_ not found.
[WARNING STA-1648] ./results/nangate45_3D/bp_multi/HBT/6_final.spef line 324349, instance rof1_0__core/be/be_calculator/float_regfile/rf/z_notmacro_synth/_31586_ not found.
[WARNING STA-1648] ./results/nangate45_3D/bp_multi/HBT/6_final.spef line 324350, instance rof1_0__core/be/be_calculator/float_regfile/rf/z_notmacro_synth/_31598_ not found.
[WARNING STA-1648] ./results/nangate45_3D/bp_multi/HBT/6_final.spef line 324351, instance rof1_0__core/be/be_calculator/float_regfile/rf/z_notmacro_synth/_31664_ not found.
[WARNING STA-1648] ./results/nangate45_3D/bp_multi/HBT/6_final.spef line 324352, instance rof1_0__core/be/be_calculator/float_regfile/rf/z_notmacro_synth/_31662_ not found.
[WARNING STA-1648] ./results/nangate45_3D/bp_multi/HBT/6_final.spef line 324353, instance rof1_0__core/be/be_calculator/float_regfile/rf/z_notmacro_synth/_31726_ not found.
[WARNING STA-1648] ./results/nangate45_3D/bp_multi/HBT/6_final.spef line 324354, instance rof1_0__core/be/be_calculator/float_regfile/rf/z_notmacro_synth/_31714_ not found.
[WARNING STA-1648] ./results/nangate45_3D/bp_multi/HBT/6_final.spef line 324355, instance rof1_0__core/be/be_mmu/dcache/_34895_ not found.
[WARNING STA-1648] ./results/nangate45_3D/bp_multi/HBT/6_final.spef line 324356, instance rof1_0__core/be/be_mmu/dcache/_34906_ not found.
[WARNING STA-1648] ./results/nangate45_3D/bp_multi/HBT/6_final.spef line 324357, instance me/network/data_cmd_channel/_23864_ not found.
[WARNING STA-1648] ./results/nangate45_3D/bp_multi/HBT/6_final.spef line 324358, instance me/network/data_cmd_channel/_23867_ not found.
[WARNING STA-1648] ./results/nangate45_3D/bp_multi/HBT/6_final.spef line 324359, instance me/network/data_cmd_channel/_24000_ not found.
[WARNING STA-1648] ./results/nangate45_3D/bp_multi/HBT/6_final.spef line 324360, instance me/network/data_cmd_channel/_24062_ not found.
[WARNING STA-1648] ./results/nangate45_3D/bp_multi/HBT/6_final.spef line 324361, instance me/network/data_cmd_channel/_23992_ not found.
[WARNING STA-1648] ./results/nangate45_3D/bp_multi/HBT/6_final.spef line 324362, instance me/network/data_cmd_channel/_25133_ not found.
[WARNING STA-1648] ./results/nangate45_3D/bp_multi/HBT/6_final.spef line 324363, instance me/network/data_cmd_channel/_24012_ not found.
[WARNING STA-1648] ./results/nangate45_3D/bp_multi/HBT/6_final.spef line 324364, instance me/network/data_cmd_channel/_23978_ not found.
[WARNING STA-1648] ./results/nangate45_3D/bp_multi/HBT/6_final.spef line 324365, instance me/network/data_cmd_channel/_25151_ not found.
[WARNING STA-1648] ./results/nangate45_3D/bp_multi/HBT/6_final.spef line 324366, instance me/network/data_cmd_channel/_23912_ not found.
[WARNING STA-1648] ./results/nangate45_3D/bp_multi/HBT/6_final.spef line 324367, instance me/network/data_cmd_channel/_23068_ not found.
[WARNING STA-1648] ./results/nangate45_3D/bp_multi/HBT/6_final.spef line 324368, instance me/network/data_cmd_channel/_25013_ not found.
[WARNING STA-1648] ./results/nangate45_3D/bp_multi/HBT/6_final.spef line 324369, instance me/network/data_cmd_channel/_23969_ not found.
[WARNING STA-1648] ./results/nangate45_3D/bp_multi/HBT/6_final.spef line 324370, instance me/network/data_cmd_channel/_25183_ not found.
[WARNING STA-1648] ./results/nangate45_3D/bp_multi/HBT/6_final.spef line 324371, instance me/network/data_cmd_channel/_25155_ not found.
[WARNING STA-1648] ./results/nangate45_3D/bp_multi/HBT/6_final.spef line 324372, instance me/network/data_cmd_channel/_24014_ not found.
[WARNING STA-1648] ./results/nangate45_3D/bp_multi/HBT/6_final.spef line 324373, instance me/network/data_cmd_channel/_23881_ not found.
[WARNING STA-1648] ./results/nangate45_3D/bp_multi/HBT/6_final.spef line 324374, instance me/network/data_cmd_channel/_25088_ not found.
[WARNING STA-1648] ./results/nangate45_3D/bp_multi/HBT/6_final.spef line 324375, instance me/network/data_cmd_channel/_23908_ not found.
[WARNING STA-1648] ./results/nangate45_3D/bp_multi/HBT/6_final.spef line 324376, instance me/network/data_cmd_channel/_23878_ not found.
[WARNING STA-1648] ./results/nangate45_3D/bp_multi/HBT/6_final.spef line 324377, instance me/network/data_cmd_channel/_23905_ not found.
[WARNING STA-1648] ./results/nangate45_3D/bp_multi/HBT/6_final.spef line 324378, instance me/network/data_cmd_channel/_23907_ not found.
[WARNING STA-1648] ./results/nangate45_3D/bp_multi/HBT/6_final.spef line 324379, instance me/network/data_cmd_channel/_23976_ not found.
[WARNING STA-1648] ./results/nangate45_3D/bp_multi/HBT/6_final.spef line 324380, instance me/network/data_cmd_channel/_25014_ not found.
[WARNING STA-1648] ./results/nangate45_3D/bp_multi/HBT/6_final.spef line 324381, instance me/network/data_cmd_channel/_25181_ not found.
[WARNING STA-1648] ./results/nangate45_3D/bp_multi/HBT/6_final.spef line 324382, instance me/network/data_cmd_channel/_24037_ not found.
[WARNING STA-1648] ./results/nangate45_3D/bp_multi/HBT/6_final.spef line 324383, instance me/network/data_cmd_channel/_23843_ not found.
[WARNING STA-1648] ./results/nangate45_3D/bp_multi/HBT/6_final.spef line 324384, instance me/network/data_cmd_channel/_23947_ not found.
[WARNING STA-1648] ./results/nangate45_3D/bp_multi/HBT/6_final.spef line 324385, instance me/network/data_cmd_channel/_24103_ not found.
[WARNING STA-1648] ./results/nangate45_3D/bp_multi/HBT/6_final.spef line 324386, instance me/network/data_cmd_channel/_24035_ not found.
[WARNING STA-1648] ./results/nangate45_3D/bp_multi/HBT/6_final.spef line 324387, instance me/network/data_cmd_channel/_23968_ not found.
[WARNING STA-1648] ./results/nangate45_3D/bp_multi/HBT/6_final.spef line 324388, instance me/network/data_cmd_channel/_25009_ not found.
[WARNING STA-1648] ./results/nangate45_3D/bp_multi/HBT/6_final.spef line 324389, instance me/network/data_cmd_channel/_25176_ not found.
[WARNING STA-1648] ./results/nangate45_3D/bp_multi/HBT/6_final.spef line 324390, instance me/network/data_cmd_channel/_25091_ not found.
[WARNING STA-1648] ./results/nangate45_3D/bp_multi/HBT/6_final.spef line 324391, instance me/network/data_cmd_channel/_23043_ not found.
[WARNING STA-1648] ./results/nangate45_3D/bp_multi/HBT/6_final.spef line 324392, instance me/network/data_cmd_channel/_23065_ not found.
[WARNING STA-1648] ./results/nangate45_3D/bp_multi/HBT/6_final.spef line 324393, instance me/network/data_cmd_channel/_23972_ not found.
[WARNING STA-1648] ./results/nangate45_3D/bp_multi/HBT/6_final.spef line 324394, instance me/network/data_cmd_channel/_24039_ not found.
[WARNING STA-1648] ./results/nangate45_3D/bp_multi/HBT/6_final.spef line 324395, instance me/network/data_cmd_channel/_25113_ not found.
[WARNING STA-1648] ./results/nangate45_3D/bp_multi/HBT/6_final.spef line 324396, instance me/network/data_cmd_channel/_25180_ not found.
[WARNING STA-1648] ./results/nangate45_3D/bp_multi/HBT/6_final.spef line 324397, instance me/network/data_cmd_channel/_25010_ not found.
[WARNING STA-1648] ./results/nangate45_3D/bp_multi/HBT/6_final.spef line 324398, instance me/network/data_cmd_channel/_25177_ not found.
[WARNING STA-1648] ./results/nangate45_3D/bp_multi/HBT/6_final.spef line 324399, instance me/network/data_cmd_channel/_25008_ not found.
[WARNING STA-1648] ./results/nangate45_3D/bp_multi/HBT/6_final.spef line 324400, instance me/network/data_cmd_channel/_24102_ not found.
[WARNING STA-1648] ./results/nangate45_3D/bp_multi/HBT/6_final.spef line 324401, instance me/network/data_cmd_channel/_23060_ not found.
[WARNING STA-1648] ./results/nangate45_3D/bp_multi/HBT/6_final.spef line 324402, instance me/network/data_cmd_channel/_23953_ not found.
[WARNING STA-1648] ./results/nangate45_3D/bp_multi/HBT/6_final.spef line 324403, instance me/network/data_cmd_channel/_23890_ not found.
[WARNING STA-1648] ./results/nangate45_3D/bp_multi/HBT/6_final.spef line 324404, instance me/network/data_cmd_channel/_24020_ not found.
[WARNING STA-1648] ./results/nangate45_3D/bp_multi/HBT/6_final.spef line 324405, instance me/network/data_cmd_channel/_25164_ not found.
[WARNING STA-1648] ./results/nangate45_3D/bp_multi/HBT/6_final.spef line 324406, instance me/network/data_cmd_channel/_25094_ not found.
[WARNING STA-1648] ./results/nangate45_3D/bp_multi/HBT/6_final.spef line 324407, instance me/network/data_cmd_channel/_23052_ not found.
[WARNING STA-1648] ./results/nangate45_3D/bp_multi/HBT/6_final.spef line 324408, instance me/network/data_cmd_channel/_25000_ not found.
[WARNING STA-1648] ./results/nangate45_3D/bp_multi/HBT/6_final.spef line 324409, instance rof1_0__core/be/be_mmu/dcache/_34626_ not found.
[WARNING STA-1648] ./results/nangate45_3D/bp_multi/HBT/6_final.spef line 324410, instance rof1_0__core/be/be_mmu/dcache/_35966_ not found.
[WARNING STA-1648] ./results/nangate45_3D/bp_multi/HBT/6_final.spef line 324411, instance me/network/data_cmd_channel/_25097_ not found.
[WARNING STA-1648] ./results/nangate45_3D/bp_multi/HBT/6_final.spef line 324412, instance me/network/data_cmd_channel/_24082_ not found.
[WARNING STA-1648] ./results/nangate45_3D/bp_multi/HBT/6_final.spef line 324413, instance rof1_0__core/be/be_mmu/dcache/_36087_ not found.
[WARNING STA-1648] ./results/nangate45_3D/bp_multi/HBT/6_final.spef line 324414, instance rof1_0__core/be/be_mmu/dcache/_36080_ not found.
[WARNING STA-1648] ./results/nangate45_3D/bp_multi/HBT/6_final.spef line 324415, instance rof1_0__core/be/be_mmu/dcache/_35958_ not found.
[WARNING STA-1648] ./results/nangate45_3D/bp_multi/HBT/6_final.spef line 324416, instance rof1_0__core/be/be_mmu/dcache/_35829_ not found.
[WARNING STA-1648] ./results/nangate45_3D/bp_multi/HBT/6_final.spef line 324417, instance me/network/data_cmd_channel/_23893_ not found.
[WARNING STA-1648] ./results/nangate45_3D/bp_multi/HBT/6_final.spef line 324418, instance me/network/data_cmd_channel/_23058_ not found.
[WARNING STA-1648] ./results/nangate45_3D/bp_multi/HBT/6_final.spef line 324419, instance me/network/data_cmd_channel/_25170_ not found.
[WARNING STA-1648] ./results/nangate45_3D/bp_multi/HBT/6_final.spef line 324420, instance rof1_0__core/be/be_mmu/dcache/_35828_ not found.
[WARNING STA-1648] ./results/nangate45_3D/bp_multi/HBT/6_final.spef line 324421, instance rof1_0__core/be/be_mmu/dcache/_35826_ not found.
[WARNING STA-1648] ./results/nangate45_3D/bp_multi/HBT/6_final.spef line 324422, instance rof1_0__core/be/be_mmu/dcache/_35819_ not found.
[WARNING STA-1648] ./results/nangate45_3D/bp_multi/HBT/6_final.spef line 324423, instance rof1_0__core/be/be_mmu/dcache/_35948_ not found.
[WARNING STA-1648] ./results/nangate45_3D/bp_multi/HBT/6_final.spef line 324424, instance rof1_0__core/be/be_mmu/dcache/_35822_ not found.
[WARNING STA-1648] ./results/nangate45_3D/bp_multi/HBT/6_final.spef line 324425, instance rof1_0__core/be/be_mmu/dcache/_36013_ not found.
[WARNING STA-1648] ./results/nangate45_3D/bp_multi/HBT/6_final.spef line 324426, instance rof1_0__core/be/be_mmu/dcache/_35827_ not found.
[WARNING STA-1648] ./results/nangate45_3D/bp_multi/HBT/6_final.spef line 324427, instance rof1_0__core/be/be_mmu/dcache/_35956_ not found.
[WARNING STA-1648] ./results/nangate45_3D/bp_multi/HBT/6_final.spef line 324428, instance rof1_0__core/be/be_mmu/dcache/_35824_ not found.
[WARNING STA-1648] ./results/nangate45_3D/bp_multi/HBT/6_final.spef line 324429, instance rof1_0__core/be/be_mmu/dcache/_36021_ not found.
[WARNING STA-1648] ./results/nangate45_3D/bp_multi/HBT/6_final.spef line 324430, instance rof1_0__core/be/be_mmu/dcache/_36085_ not found.
[WARNING STA-1648] ./results/nangate45_3D/bp_multi/HBT/6_final.spef line 324431, instance rof1_0__core/be/be_mmu/dcache/_36077_ not found.
[WARNING STA-1648] ./results/nangate45_3D/bp_multi/HBT/6_final.spef line 324432, instance rof1_0__core/be/be_mmu/dcache/_35953_ not found.
[WARNING STA-1648] ./results/nangate45_3D/bp_multi/HBT/6_final.spef line 324433, instance rof1_0__core/be/be_mmu/dcache/_35891_ not found.
[WARNING STA-1648] ./results/nangate45_3D/bp_multi/HBT/6_final.spef line 324434, instance rof1_0__core/be/be_mmu/dcache/_35888_ not found.
[WARNING STA-1648] ./results/nangate45_3D/bp_multi/HBT/6_final.spef line 324435, instance rof1_0__core/be/be_mmu/dcache/_36016_ not found.
[WARNING STA-1648] ./results/nangate45_3D/bp_multi/HBT/6_final.spef line 324436, instance rof1_0__core/be/be_mmu/dcache/_36084_ not found.
[WARNING STA-1648] ./results/nangate45_3D/bp_multi/HBT/6_final.spef line 324437, instance rof1_0__core/be/be_mmu/dcache/_35893_ not found.
[WARNING STA-1648] ./results/nangate45_3D/bp_multi/HBT/6_final.spef line 324438, instance rof1_0__core/be/be_mmu/dcache/_36020_ not found.
[WARNING STA-1648] ./results/nangate45_3D/bp_multi/HBT/6_final.spef line 324439, instance rof1_0__core/be/be_mmu/dcache/_35890_ not found.
[WARNING STA-1648] ./results/nangate45_3D/bp_multi/HBT/6_final.spef line 324440, instance rof1_0__core/be/be_mmu/dcache/_35886_ not found.
[WARNING STA-1648] ./results/nangate45_3D/bp_multi/HBT/6_final.spef line 324441, instance rof1_0__core/be/be_mmu/dcache/_35883_ not found.
[WARNING STA-1648] ./results/nangate45_3D/bp_multi/HBT/6_final.spef line 324442, instance rof1_0__core/be/be_mmu/dcache/_36018_ not found.
[WARNING STA-1648] ./results/nangate45_3D/bp_multi/HBT/6_final.spef line 324443, instance rof1_0__core/be/be_mmu/dcache/_35957_ not found.
[WARNING STA-1648] ./results/nangate45_3D/bp_multi/HBT/6_final.spef line 324444, instance rof1_0__core/be/be_mmu/dcache/_36086_ not found.
[WARNING STA-1648] ./results/nangate45_3D/bp_multi/HBT/6_final.spef line 324445, instance rof1_0__core/be/be_mmu/dcache/_36150_ not found.
[WARNING STA-1648] ./results/nangate45_3D/bp_multi/HBT/6_final.spef line 324446, instance rof1_0__core/be/be_mmu/dcache/_36151_ not found.
[WARNING STA-1648] ./results/nangate45_3D/bp_multi/HBT/6_final.spef line 324447, instance rof1_0__core/be/be_mmu/dcache/_36022_ not found.
[WARNING STA-1648] ./results/nangate45_3D/bp_multi/HBT/6_final.spef line 324448, instance rof1_0__core/be/be_mmu/dcache/_36015_ not found.
[WARNING STA-1648] ./results/nangate45_3D/bp_multi/HBT/6_final.spef line 324449, instance rof1_0__core/be/be_mmu/dcache/_36079_ not found.
[WARNING STA-1648] ./results/nangate45_3D/bp_multi/HBT/6_final.spef line 324450, instance rof1_0__core/be/be_mmu/dcache/_36144_ not found.
[WARNING STA-1648] ./results/nangate45_3D/bp_multi/HBT/6_final.spef line 324451, instance rof1_0__core/be/be_mmu/dcache/_35885_ not found.
[WARNING STA-1648] ./results/nangate45_3D/bp_multi/HBT/6_final.spef line 324452, instance rof1_0__core/be/be_mmu/dcache/_35950_ not found.
[WARNING STA-1648] ./results/nangate45_3D/bp_multi/HBT/6_final.spef line 324453, instance rof1_0__core/be/be_mmu/dcache/_35895_ not found.
[WARNING STA-1648] ./results/nangate45_3D/bp_multi/HBT/6_final.spef line 324454, instance rof1_0__core/be/be_mmu/dcache/_35892_ not found.
[WARNING STA-1648] ./results/nangate45_3D/bp_multi/HBT/6_final.spef line 324455, instance rof1_0__core/be/be_mmu/dcache/_36082_ not found.
[WARNING STA-1648] ./results/nangate45_3D/bp_multi/HBT/6_final.spef line 324456, instance rof1_0__core/be/be_mmu/dcache/_35896_ not found.
[WARNING STA-1648] ./results/nangate45_3D/bp_multi/HBT/6_final.spef line 324457, instance rof1_0__core/be/be_mmu/dcache/_35897_ not found.
[WARNING STA-1648] ./results/nangate45_3D/bp_multi/HBT/6_final.spef line 324458, instance rof1_0__core/be/be_mmu/dcache/_36023_ not found.
[WARNING STA-1648] ./results/nangate45_3D/bp_multi/HBT/6_final.spef line 324459, instance me/network/data_cmd_channel/_25003_ not found.
[WARNING STA-1648] ./results/nangate45_3D/bp_multi/HBT/6_final.spef line 324460, instance me/network/data_cmd_channel/_25106_ not found.
[WARNING STA-1648] ./results/nangate45_3D/bp_multi/HBT/6_final.spef line 324461, instance me/network/data_cmd_channel/_24023_ not found.
[WARNING STA-1648] ./results/nangate45_3D/bp_multi/HBT/6_final.spef line 324462, instance me/network/data_cmd_channel/_23055_ not found.
[WARNING STA-1648] ./results/nangate45_3D/bp_multi/HBT/6_final.spef line 324463, instance me/network/data_cmd_channel/_25103_ not found.
[WARNING STA-1648] ./results/nangate45_3D/bp_multi/HBT/6_final.spef line 324464, instance rof1_0__core/be/be_mmu/dcache/_35830_ not found.
[WARNING STA-1648] ./results/nangate45_3D/bp_multi/HBT/6_final.spef line 324465, instance rof1_0__core/be/be_mmu/dcache/_35951_ not found.
[WARNING STA-1648] ./results/nangate45_3D/bp_multi/HBT/6_final.spef line 324466, instance rof1_0__core/be/be_mmu/dcache/_35955_ not found.
[WARNING STA-1648] ./results/nangate45_3D/bp_multi/HBT/6_final.spef line 324467, instance me/network/data_cmd_channel/_23956_ not found.
[WARNING STA-1648] ./results/nangate45_3D/bp_multi/HBT/6_final.spef line 324468, instance rof1_0__core/be/be_mmu/dcache/_35831_ not found.
[WARNING STA-1648] ./results/nangate45_3D/bp_multi/HBT/6_final.spef line 324469, instance rof1_0__core/be/be_mmu/dcache/_36025_ not found.
[WARNING STA-1648] ./results/nangate45_3D/bp_multi/HBT/6_final.spef line 324470, instance rof1_0__core/be/be_mmu/dcache/_35960_ not found.
[WARNING STA-1648] ./results/nangate45_3D/bp_multi/HBT/6_final.spef line 324471, instance rof1_0__core/be/be_mmu/dcache/_35832_ not found.
[WARNING STA-1648] ./results/nangate45_3D/bp_multi/HBT/6_final.spef line 324472, instance me/network/data_cmd_channel/_23896_ not found.
[WARNING STA-1648] ./results/nangate45_3D/bp_multi/HBT/6_final.spef line 324473, instance me/network/data_cmd_channel/_23049_ not found.
[WARNING STA-1648] ./results/nangate45_3D/bp_multi/HBT/6_final.spef line 324474, instance me/network/data_cmd_channel/_23950_ not found.
[WARNING STA-1648] ./results/nangate45_3D/bp_multi/HBT/6_final.spef line 324475, instance rof1_0__core/be/be_mmu/dcache/_35949_ not found.
[WARNING STA-1648] ./results/nangate45_3D/bp_multi/HBT/6_final.spef line 324476, instance me/network/data_cmd_channel/_24026_ not found.
[WARNING STA-1648] ./results/nangate45_3D/bp_multi/HBT/6_final.spef line 324477, instance rof1_0__core/be/be_mmu/dcache/_35818_ not found.
[WARNING STA-1648] ./results/nangate45_3D/bp_multi/HBT/6_final.spef line 324478, instance me/network/data_cmd_channel/_23959_ not found.
[WARNING STA-1648] ./results/nangate45_3D/bp_multi/HBT/6_final.spef line 324479, instance rof1_0__core/be/be_mmu/dcache/_35954_ not found.
[WARNING STA-1648] ./results/nangate45_3D/bp_multi/HBT/6_final.spef line 324480, instance rof1_0__core/be/be_mmu/dcache/_36019_ not found.
[WARNING STA-1648] ./results/nangate45_3D/bp_multi/HBT/6_final.spef line 324481, instance rof1_0__core/be/be_mmu/dcache/_36026_ not found.
[WARNING STA-1648] ./results/nangate45_3D/bp_multi/HBT/6_final.spef line 324482, instance rof1_0__core/be/be_mmu/dcache/_35961_ not found.
[WARNING STA-1648] ./results/nangate45_3D/bp_multi/HBT/6_final.spef line 324483, instance rof1_0__core/be/be_mmu/dcache/_36090_ not found.
[WARNING STA-1648] ./results/nangate45_3D/bp_multi/HBT/6_final.spef line 324484, instance rof1_0__core/be/be_mmu/dcache/_35825_ not found.
[WARNING STA-1648] ./results/nangate45_3D/bp_multi/HBT/6_final.spef line 324485, instance rof1_0__core/be/be_mmu/dcache/_36078_ not found.
[WARNING STA-1648] ./results/nangate45_3D/bp_multi/HBT/6_final.spef line 324486, instance rof1_0__core/be/be_mmu/dcache/_36014_ not found.
[WARNING STA-1648] ./results/nangate45_3D/bp_multi/HBT/6_final.spef line 324487, instance rof1_0__core/be/be_mmu/dcache/_35889_ not found.
[WARNING STA-1648] ./results/nangate45_3D/bp_multi/HBT/6_final.spef line 324488, instance rof1_0__core/be/be_mmu/dcache/_36028_ not found.
[WARNING STA-1648] ./results/nangate45_3D/bp_multi/HBT/6_final.spef line 324489, instance rof1_0__core/be/be_mmu/dcache/_36092_ not found.
[WARNING STA-1648] ./results/nangate45_3D/bp_multi/HBT/6_final.spef line 324490, instance rof1_0__core/be/be_mmu/dcache/_35887_ not found.
[WARNING STA-1648] ./results/nangate45_3D/bp_multi/HBT/6_final.spef line 324491, instance rof1_0__core/be/be_mmu/dcache/_36089_ not found.
[WARNING STA-1648] ./results/nangate45_3D/bp_multi/HBT/6_final.spef line 324492, instance rof1_0__core/be/be_mmu/dcache/_36017_ not found.
[WARNING STA-1648] ./results/nangate45_3D/bp_multi/HBT/6_final.spef line 324493, instance rof1_0__core/be/be_mmu/dcache/_35959_ not found.
[WARNING STA-1648] ./results/nangate45_3D/bp_multi/HBT/6_final.spef line 324494, instance rof1_0__core/be/be_mmu/dcache/_36024_ not found.
[WARNING STA-1648] ./results/nangate45_3D/bp_multi/HBT/6_final.spef line 324495, instance rof1_0__core/be/be_mmu/dcache/_36088_ not found.
[WARNING STA-1648] ./results/nangate45_3D/bp_multi/HBT/6_final.spef line 324496, instance rof1_0__core/be/be_mmu/dcache/_36152_ not found.
[WARNING STA-1648] ./results/nangate45_3D/bp_multi/HBT/6_final.spef line 324497, instance rof1_0__core/be/be_mmu/dcache/_36153_ not found.
[WARNING STA-1648] ./results/nangate45_3D/bp_multi/HBT/6_final.spef line 324498, instance rof1_0__core/be/be_mmu/dcache/_36154_ not found.
[WARNING STA-1648] ./results/nangate45_3D/bp_multi/HBT/6_final.spef line 324499, instance rof1_0__core/be/be_mmu/dcache/_36012_ not found.
[WARNING STA-1648] ./results/nangate45_3D/bp_multi/HBT/6_final.spef line 324500, instance rof1_0__core/be/be_mmu/dcache/_36076_ not found.
[WARNING STA-1648] ./results/nangate45_3D/bp_multi/HBT/6_final.spef line 324501, instance rof1_0__core/be/be_mmu/dcache/_36155_ not found.
[WARNING STA-1648] ./results/nangate45_3D/bp_multi/HBT/6_final.spef line 324502, instance rof1_0__core/be/be_mmu/dcache/_35952_ not found.
[WARNING STA-1648] ./results/nangate45_3D/bp_multi/HBT/6_final.spef line 324503, instance rof1_0__core/be/be_mmu/dcache/_35947_ not found.
[WARNING STA-1648] ./results/nangate45_3D/bp_multi/HBT/6_final.spef line 324504, instance rof1_0__core/be/be_mmu/dcache/_35882_ not found.
[WARNING STA-1648] ./results/nangate45_3D/bp_multi/HBT/6_final.spef line 324505, instance rof1_0__core/be/be_mmu/dcache/_35963_ not found.
[WARNING STA-1648] ./results/nangate45_3D/bp_multi/HBT/6_final.spef line 324506, instance rof1_0__core/be/be_mmu/dcache/_36029_ not found.
[WARNING STA-1648] ./results/nangate45_3D/bp_multi/HBT/6_final.spef line 324507, instance rof1_0__core/be/be_mmu/dcache/_35939_ not found.
[WARNING STA-1648] ./results/nangate45_3D/bp_multi/HBT/6_final.spef line 324508, instance rof1_0__core/be/be_mmu/dcache/_35962_ not found.
[WARNING STA-1648] ./results/nangate45_3D/bp_multi/HBT/6_final.spef line 324509, instance rof1_0__core/be/be_mmu/dcache/_36036_ not found.
[WARNING STA-1648] ./results/nangate45_3D/bp_multi/HBT/6_final.spef line 324510, instance rof1_0__core/be/be_mmu/dcache/_36096_ not found.
[WARNING STA-1648] ./results/nangate45_3D/bp_multi/HBT/6_final.spef line 324511, instance rof1_0__core/be/be_mmu/dcache/_35964_ not found.
[WARNING STA-1648] ./results/nangate45_3D/bp_multi/HBT/6_final.spef line 324512, instance rof1_0__core/be/be_mmu/dcache/_35898_ not found.
[WARNING STA-1648] ./results/nangate45_3D/bp_multi/HBT/6_final.spef line 324513, instance rof1_0__core/be/be_mmu/dcache/_35900_ not found.
[WARNING STA-1648] ./results/nangate45_3D/bp_multi/HBT/6_final.spef line 324514, instance rof1_0__core/be/be_mmu/dcache/_35971_ not found.
[WARNING STA-1648] ./results/nangate45_3D/bp_multi/HBT/6_final.spef line 324515, instance rof1_0__core/be/be_mmu/dcache/_36030_ not found.
[WARNING STA-1648] ./results/nangate45_3D/bp_multi/HBT/6_final.spef line 324516, instance rof1_0__core/be/be_mmu/dcache/_36095_ not found.
[WARNING STA-1648] ./results/nangate45_3D/bp_multi/HBT/6_final.spef line 324517, instance rof1_0__core/be/be_mmu/dcache/_35965_ not found.
[WARNING STA-1648] ./results/nangate45_3D/bp_multi/HBT/6_final.spef line 324518, instance rof1_0__core/be/be_mmu/dcache/_35967_ not found.
[WARNING STA-1648] ./results/nangate45_3D/bp_multi/HBT/6_final.spef line 324519, instance rof1_0__core/be/be_mmu/dcache/_36099_ not found.
[WARNING STA-1648] ./results/nangate45_3D/bp_multi/HBT/6_final.spef line 324520, instance rof1_0__core/be/be_mmu/dcache/_35884_ not found.
[WARNING STA-1648] ./results/nangate45_3D/bp_multi/HBT/6_final.spef line 324521, instance rof1_0__core/be/be_mmu/dcache/_36074_ not found.
[WARNING STA-1648] ./results/nangate45_3D/bp_multi/HBT/6_final.spef line 324522, instance rof1_0__core/be/be_mmu/dcache/_35945_ not found.
[WARNING STA-1648] ./results/nangate45_3D/bp_multi/HBT/6_final.spef line 324523, instance rof1_0__core/be/be_mmu/dcache/_36034_ not found.
[WARNING STA-1648] ./results/nangate45_3D/bp_multi/HBT/6_final.spef line 324524, instance rof1_0__core/be/be_mmu/dcache/_36097_ not found.
[WARNING STA-1648] ./results/nangate45_3D/bp_multi/HBT/6_final.spef line 324525, instance rof1_0__core/be/be_mmu/dcache/_36032_ not found.
[WARNING STA-1648] ./results/nangate45_3D/bp_multi/HBT/6_final.spef line 324526, instance rof1_0__core/be/be_mmu/dcache/_36027_ not found.
[WARNING STA-1648] ./results/nangate45_3D/bp_multi/HBT/6_final.spef line 324527, instance rof1_0__core/be/be_mmu/dcache/_36091_ not found.
[WARNING STA-1648] ./results/nangate45_3D/bp_multi/HBT/6_final.spef line 324528, instance rof1_0__core/be/be_mmu/dcache/_35874_ not found.
[WARNING STA-1648] ./results/nangate45_3D/bp_multi/HBT/6_final.spef line 324529, instance rof1_0__core/be/be_mmu/dcache/_36004_ not found.
[WARNING STA-1648] ./results/nangate45_3D/bp_multi/HBT/6_final.spef line 324530, instance rof1_0__core/be/be_mmu/dcache/_36160_ not found.
[WARNING STA-1648] ./results/nangate45_3D/bp_multi/HBT/6_final.spef line 324531, instance rof1_0__core/be/be_mmu/dcache/_36157_ not found.
[WARNING STA-1648] ./results/nangate45_3D/bp_multi/HBT/6_final.spef line 324532, instance rof1_0__core/be/be_mmu/dcache/_36133_ not found.
[WARNING STA-1648] ./results/nangate45_3D/bp_multi/HBT/6_final.spef line 324533, instance rof1_0__core/be/be_mmu/dcache/_36101_ not found.
[WARNING STA-1648] ./results/nangate45_3D/bp_multi/HBT/6_final.spef line 324534, instance rof1_0__core/be/be_mmu/dcache/_34694_ not found.
[WARNING STA-1648] ./results/nangate45_3D/bp_multi/HBT/6_final.spef line 324535, instance rof1_0__core/be/be_mmu/dcache/_35842_ not found.
[WARNING STA-1648] ./results/nangate45_3D/bp_multi/HBT/6_final.spef line 324536, instance rof1_0__core/be/be_mmu/dcache/_34630_ not found.
[WARNING STA-1648] ./results/nangate45_3D/bp_multi/HBT/6_final.spef line 324537, instance rof1_0__core/be/be_mmu/dcache/_36156_ not found.
[WARNING STA-1648] ./results/nangate45_3D/bp_multi/HBT/6_final.spef line 324538, instance rof1_0__core/be/be_mmu/dcache/_36159_ not found.
[WARNING STA-1648] ./results/nangate45_3D/bp_multi/HBT/6_final.spef line 324539, instance rof1_0__core/be/be_mmu/dcache/_35847_ not found.
[WARNING STA-1648] ./results/nangate45_3D/bp_multi/HBT/6_final.spef line 324540, instance rof1_0__core/be/be_mmu/dcache/_36161_ not found.
[WARNING STA-1648] ./results/nangate45_3D/bp_multi/HBT/6_final.spef line 324541, instance rof1_0__core/be/be_mmu/dcache/_36010_ not found.
[WARNING STA-1648] ./results/nangate45_3D/bp_multi/HBT/6_final.spef line 324542, instance rof1_0__core/be/be_mmu/dcache/_36162_ not found.
[WARNING STA-1648] ./results/nangate45_3D/bp_multi/HBT/6_final.spef line 324543, instance rof1_0__core/be/be_mmu/dcache/_36139_ not found.
[WARNING STA-1648] ./results/nangate45_3D/bp_multi/HBT/6_final.spef line 324544, instance rof1_0__core/be/be_mmu/dcache/_34700_ not found.
[WARNING STA-1648] ./results/nangate45_3D/bp_multi/HBT/6_final.spef line 324545, instance rof1_0__core/be/be_mmu/dcache/_35976_ not found.
[WARNING STA-1648] ./results/nangate45_3D/bp_multi/HBT/6_final.spef line 324546, instance rof1_0__core/be/be_mmu/dcache/_34636_ not found.
[WARNING STA-1648] ./results/nangate45_3D/bp_multi/HBT/6_final.spef line 324547, instance rof1_0__core/be/be_mmu/dcache/_36164_ not found.
[WARNING STA-1648] ./results/nangate45_3D/bp_multi/HBT/6_final.spef line 324548, instance rof1_0__core/be/be_mmu/dcache/_36106_ not found.
[WARNING STA-1648] ./results/nangate45_3D/bp_multi/HBT/6_final.spef line 324549, instance rof1_0__core/be/be_mmu/dcache/_36102_ not found.
[WARNING STA-1648] ./results/nangate45_3D/bp_multi/HBT/6_final.spef line 324550, instance rof1_0__core/be/be_mmu/dcache/_36163_ not found.
[WARNING STA-1648] ./results/nangate45_3D/bp_multi/HBT/6_final.spef line 324551, instance rof1_0__core/be/be_mmu/dcache/_35903_ not found.
[WARNING STA-1648] ./results/nangate45_3D/bp_multi/HBT/6_final.spef line 324552, instance rof1_0__core/be/be_mmu/dcache/_36068_ not found.
[WARNING STA-1648] ./results/nangate45_3D/bp_multi/HBT/6_final.spef line 324553, instance rof1_0__core/be/be_mmu/dcache/_36093_ not found.
[WARNING STA-1648] ./results/nangate45_3D/bp_multi/HBT/6_final.spef line 324554, instance rof1_0__core/be/be_mmu/dcache/_36083_ not found.
[WARNING STA-1648] ./results/nangate45_3D/bp_multi/HBT/6_final.spef line 324555, instance rof1_0__core/be/be_mmu/dcache/_36031_ not found.
[WARNING STA-1648] ./results/nangate45_3D/bp_multi/HBT/6_final.spef line 324556, instance me/network/data_cmd_channel/_25167_ not found.
[WARNING STA-1648] ./results/nangate45_3D/bp_multi/HBT/6_final.spef line 324557, instance rof1_0__core/be/be_mmu/dcache/_35833_ not found.
[WARNING STA-1648] ./results/nangate45_3D/bp_multi/HBT/6_final.spef line 324558, instance me/network/data_cmd_channel/_24994_ not found.
[WARNING STA-1648] ./results/nangate45_3D/bp_multi/HBT/6_final.spef line 324559, instance rof1_0__core/be/be_mmu/dcache/_35838_ not found.
[WARNING STA-1648] ./results/nangate45_3D/bp_multi/HBT/6_final.spef line 324560, instance rof1_0__core/be/be_mmu/dcache/_35839_ not found.
[WARNING STA-1648] ./results/nangate45_3D/bp_multi/HBT/6_final.spef line 324561, instance rof1_0__core/be/be_mmu/dcache/_35840_ not found.
[WARNING STA-1648] ./results/nangate45_3D/bp_multi/HBT/6_final.spef line 324562, instance me/network/data_cmd_channel/_25104_ not found.
[WARNING STA-1648] ./results/nangate45_3D/bp_multi/HBT/6_final.spef line 324563, instance me/network/data_cmd_channel/_23056_ not found.
[WARNING STA-1648] ./results/nangate45_3D/bp_multi/HBT/6_final.spef line 324564, instance me/network/data_cmd_channel/_23963_ not found.
[WARNING STA-1648] ./results/nangate45_3D/bp_multi/HBT/6_final.spef line 324565, instance me/network/data_cmd_channel/_25004_ not found.
[WARNING STA-1648] ./results/nangate45_3D/bp_multi/HBT/6_final.spef line 324566, instance me/network/data_cmd_channel/_25171_ not found.
[WARNING STA-1648] ./results/nangate45_3D/bp_multi/HBT/6_final.spef line 324567, instance me/network/data_cmd_channel/_23951_ not found.
[WARNING STA-1648] ./results/nangate45_3D/bp_multi/HBT/6_final.spef line 324568, instance me/network/data_cmd_channel/_24015_ not found.
[WARNING STA-1648] ./results/nangate45_3D/bp_multi/HBT/6_final.spef line 324569, instance me/network/data_cmd_channel/_23898_ not found.
[WARNING STA-1648] ./results/nangate45_3D/bp_multi/HBT/6_final.spef line 324570, instance me/network/data_cmd_channel/_25107_ not found.
[WARNING STA-1648] ./results/nangate45_3D/bp_multi/HBT/6_final.spef line 324571, instance me/network/data_cmd_channel/_25174_ not found.
[WARNING STA-1648] ./results/nangate45_3D/bp_multi/HBT/6_final.spef line 324572, instance me/network/data_cmd_channel/_25089_ not found.
[WARNING STA-1648] ./results/nangate45_3D/bp_multi/HBT/6_final.spef line 324573, instance me/network/data_cmd_channel/_24989_ not found.
[WARNING STA-1648] ./results/nangate45_3D/bp_multi/HBT/6_final.spef line 324574, instance me/network/data_cmd_channel/_25156_ not found.
[WARNING STA-1648] ./results/nangate45_3D/bp_multi/HBT/6_final.spef line 324575, instance me/network/data_cmd_channel/_24101_ not found.
[WARNING STA-1648] ./results/nangate45_3D/bp_multi/HBT/6_final.spef line 324576, instance me/network/data_cmd_channel/_23059_ not found.
[WARNING STA-1648] ./results/nangate45_3D/bp_multi/HBT/6_final.spef line 324577, instance me/network/data_cmd_channel/_23901_ not found.
[WARNING STA-1648] ./results/nangate45_3D/bp_multi/HBT/6_final.spef line 324578, instance me/network/data_cmd_channel/_23964_ not found.
[WARNING STA-1648] ./results/nangate45_3D/bp_multi/HBT/6_final.spef line 324579, instance me/network/data_cmd_channel/_24031_ not found.
[WARNING STA-1648] ./results/nangate45_3D/bp_multi/HBT/6_final.spef line 324580, instance me/network/data_cmd_channel/_25105_ not found.
[WARNING STA-1648] ./results/nangate45_3D/bp_multi/HBT/6_final.spef line 324581, instance me/network/data_cmd_channel/_25172_ not found.
[WARNING STA-1648] ./results/nangate45_3D/bp_multi/HBT/6_final.spef line 324582, instance me/network/data_cmd_channel/_23057_ not found.
[WARNING STA-1648] ./results/nangate45_3D/bp_multi/HBT/6_final.spef line 324583, instance me/network/data_cmd_channel/_23042_ not found.
[WARNING STA-1648] ./results/nangate45_3D/bp_multi/HBT/6_final.spef line 324584, instance me/network/data_cmd_channel/_24990_ not found.
[WARNING STA-1648] ./results/nangate45_3D/bp_multi/HBT/6_final.spef line 324585, instance me/network/data_cmd_channel/_23045_ not found.
[WARNING STA-1648] ./results/nangate45_3D/bp_multi/HBT/6_final.spef line 324586, instance me/network/data_cmd_channel/_25093_ not found.
[WARNING STA-1648] ./results/nangate45_3D/bp_multi/HBT/6_final.spef line 324587, instance me/network/data_cmd_channel/_25157_ not found.
[WARNING STA-1648] ./results/nangate45_3D/bp_multi/HBT/6_final.spef line 324588, instance me/network/data_cmd_channel/_25102_ not found.
[WARNING STA-1648] ./results/nangate45_3D/bp_multi/HBT/6_final.spef line 324589, instance me/network/data_cmd_channel/_23054_ not found.
[WARNING STA-1648] ./results/nangate45_3D/bp_multi/HBT/6_final.spef line 324590, instance me/network/data_cmd_channel/_24027_ not found.
[WARNING STA-1648] ./results/nangate45_3D/bp_multi/HBT/6_final.spef line 324591, instance me/network/data_cmd_channel/_24083_ not found.
[WARNING STA-1648] ./results/nangate45_3D/bp_multi/HBT/6_final.spef line 324592, instance me/network/data_cmd_channel/_23886_ not found.
[WARNING STA-1648] ./results/nangate45_3D/bp_multi/HBT/6_final.spef line 324593, instance me/network/data_cmd_channel/_25160_ not found.
[WARNING STA-1648] ./results/nangate45_3D/bp_multi/HBT/6_final.spef line 324594, instance me/network/data_cmd_channel/_24993_ not found.
[WARNING STA-1648] ./results/nangate45_3D/bp_multi/HBT/6_final.spef line 324595, instance me/network/data_cmd_channel/_25096_ not found.
[WARNING STA-1648] ./results/nangate45_3D/bp_multi/HBT/6_final.spef line 324596, instance me/network/data_cmd_channel/_23883_ not found.
[WARNING STA-1648] ./results/nangate45_3D/bp_multi/HBT/6_final.spef line 324597, instance me/network/data_cmd_channel/_24090_ not found.
[WARNING STA-1648] ./results/nangate45_3D/bp_multi/HBT/6_final.spef line 324598, instance me/network/data_cmd_channel/_23892_ not found.
[WARNING STA-1648] ./results/nangate45_3D/bp_multi/HBT/6_final.spef line 324599, instance me/network/data_cmd_channel/_24022_ not found.
[WARNING STA-1648] ./results/nangate45_3D/bp_multi/HBT/6_final.spef line 324600, instance rof1_0__core/be/be_mmu/dcache/_34563_ not found.
[WARNING STA-1648] ./results/nangate45_3D/bp_multi/HBT/6_final.spef line 324601, instance rof1_0__core/be/be_mmu/dcache/_34875_ not found.
[WARNING STA-1648] ./results/nangate45_3D/bp_multi/HBT/6_final.spef line 324602, instance rof1_0__core/be/be_mmu/dcache/_34559_ not found.
[WARNING STA-1648] ./results/nangate45_3D/bp_multi/HBT/6_final.spef line 324603, instance rof1_0__core/be/be_mmu/dcache/_35172_ not found.
[WARNING STA-1648] ./results/nangate45_3D/bp_multi/HBT/6_final.spef line 324604, instance rof1_0__core/be/be_mmu/dcache/_35174_ not found.
[WARNING STA-1648] ./results/nangate45_3D/bp_multi/HBT/6_final.spef line 324605, instance rof1_0__core/be/be_mmu/dcache/_35140_ not found.
[WARNING STA-1648] ./results/nangate45_3D/bp_multi/HBT/6_final.spef line 324606, instance rof1_0__core/be/be_mmu/dcache/_34564_ not found.
[WARNING STA-1648] ./results/nangate45_3D/bp_multi/HBT/6_final.spef line 324607, instance rof1_0__core/be/be_mmu/dcache/_35178_ not found.
[WARNING STA-1648] ./results/nangate45_3D/bp_multi/HBT/6_final.spef line 324608, instance rof1_0__core/be/be_mmu/dcache/_35175_ not found.
[WARNING STA-1648] ./results/nangate45_3D/bp_multi/HBT/6_final.spef line 324609, instance rof1_0__core/be/be_mmu/dcache/_35090_ not found.
[WARNING STA-1648] ./results/nangate45_3D/bp_multi/HBT/6_final.spef line 324610, instance rof1_0__core/be/be_mmu/dcache/_34856_ not found.
[WARNING STA-1648] ./results/nangate45_3D/bp_multi/HBT/6_final.spef line 324611, instance rof1_0__core/be/be_mmu/dcache/_34874_ not found.
[WARNING STA-1648] ./results/nangate45_3D/bp_multi/HBT/6_final.spef line 324612, instance rof1_0__core/be/be_mmu/dcache/_34917_ not found.
[WARNING STA-1648] ./results/nangate45_3D/bp_multi/HBT/6_final.spef line 324613, instance rof1_0__core/be/be_mmu/dcache/_34565_ not found.
[WARNING STA-1648] ./results/nangate45_3D/bp_multi/HBT/6_final.spef line 324614, instance me/network/data_cmd_channel/_24996_ not found.
[WARNING STA-1648] ./results/nangate45_3D/bp_multi/HBT/6_final.spef line 324615, instance me/network/data_cmd_channel/_24019_ not found.
[WARNING STA-1648] ./results/nangate45_3D/bp_multi/HBT/6_final.spef line 324616, instance me/network/data_cmd_channel/_23885_ not found.
[WARNING STA-1648] ./results/nangate45_3D/bp_multi/HBT/6_final.spef line 324617, instance me/network/data_cmd_channel/_23952_ not found.
[WARNING STA-1648] ./results/nangate45_3D/bp_multi/HBT/6_final.spef line 324618, instance me/network/data_cmd_channel/_25163_ not found.
[WARNING STA-1648] ./results/nangate45_3D/bp_multi/HBT/6_final.spef line 324619, instance me/network/data_cmd_channel/_23955_ not found.
[WARNING STA-1648] ./results/nangate45_3D/bp_multi/HBT/6_final.spef line 324620, instance rof1_0__core/be/be_mmu/dcache/_34873_ not found.
[WARNING STA-1648] ./results/nangate45_3D/bp_multi/HBT/6_final.spef line 324621, instance rof1_0__core/be/be_mmu/dcache/_34877_ not found.
[WARNING STA-1648] ./results/nangate45_3D/bp_multi/HBT/6_final.spef line 324622, instance rof1_0__core/be/be_mmu/dcache/_34562_ not found.
[WARNING STA-1648] ./results/nangate45_3D/bp_multi/HBT/6_final.spef line 324623, instance rof1_0__core/be/be_mmu/dcache/_34872_ not found.
[WARNING STA-1648] ./results/nangate45_3D/bp_multi/HBT/6_final.spef line 324624, instance me/network/data_cmd_channel/_24087_ not found.
[WARNING STA-1648] ./results/nangate45_3D/bp_multi/HBT/6_final.spef line 324625, instance me/network/data_cmd_channel/_23889_ not found.
[WARNING STA-1648] ./results/nangate45_3D/bp_multi/HBT/6_final.spef line 324626, instance me/network/data_cmd_channel/_24025_ not found.
[WARNING STA-1648] ./results/nangate45_3D/bp_multi/HBT/6_final.spef line 324627, instance me/network/data_cmd_channel/_23957_ not found.
[WARNING STA-1648] ./results/nangate45_3D/bp_multi/HBT/6_final.spef line 324628, instance me/network/data_cmd_channel/_24089_ not found.
[WARNING STA-1648] ./results/nangate45_3D/bp_multi/HBT/6_final.spef line 324629, instance me/network/data_cmd_channel/_25095_ not found.
[WARNING STA-1648] ./results/nangate45_3D/bp_multi/HBT/6_final.spef line 324630, instance me/network/data_cmd_channel/_23047_ not found.
[WARNING STA-1648] ./results/nangate45_3D/bp_multi/HBT/6_final.spef line 324631, instance me/network/data_cmd_channel/_23891_ not found.
[WARNING STA-1648] ./results/nangate45_3D/bp_multi/HBT/6_final.spef line 324632, instance me/network/data_cmd_channel/_25001_ not found.
[WARNING STA-1648] ./results/nangate45_3D/bp_multi/HBT/6_final.spef line 324633, instance me/network/data_cmd_channel/_25098_ not found.
[WARNING STA-1648] ./results/nangate45_3D/bp_multi/HBT/6_final.spef line 324634, instance me/network/data_cmd_channel/_23050_ not found.
[WARNING STA-1648] ./results/nangate45_3D/bp_multi/HBT/6_final.spef line 324635, instance me/network/data_cmd_channel/_25168_ not found.
[WARNING STA-1648] ./results/nangate45_3D/bp_multi/HBT/6_final.spef line 324636, instance me/network/data_cmd_channel/_24024_ not found.
[WARNING STA-1648] ./results/nangate45_3D/bp_multi/HBT/6_final.spef line 324637, instance me/network/data_cmd_channel/_23894_ not found.
[WARNING STA-1648] ./results/nangate45_3D/bp_multi/HBT/6_final.spef line 324638, instance me/network/data_cmd_channel/_23895_ not found.
[WARNING STA-1648] ./results/nangate45_3D/bp_multi/HBT/6_final.spef line 324639, instance me/network/data_cmd_channel/_23958_ not found.
[WARNING STA-1648] ./results/nangate45_3D/bp_multi/HBT/6_final.spef line 324640, instance me/network/data_cmd_channel/_24999_ not found.
[WARNING STA-1648] ./results/nangate45_3D/bp_multi/HBT/6_final.spef line 324641, instance me/network/data_cmd_channel/_25166_ not found.
[WARNING STA-1648] ./results/nangate45_3D/bp_multi/HBT/6_final.spef line 324642, instance me/network/data_cmd_channel/_25099_ not found.
[WARNING STA-1648] ./results/nangate45_3D/bp_multi/HBT/6_final.spef line 324643, instance me/network/data_cmd_channel/_23051_ not found.
[WARNING STA-1648] ./results/nangate45_3D/bp_multi/HBT/6_final.spef line 324644, instance me/network/data_cmd_channel/_24084_ not found.
[WARNING STA-1648] ./results/nangate45_3D/bp_multi/HBT/6_final.spef line 324645, instance rof1_0__core/be/be_mmu/dcache/_35092_ not found.
[WARNING STA-1648] ./results/nangate45_3D/bp_multi/HBT/6_final.spef line 324646, instance rof1_0__core/be/be_mmu/dcache/_35089_ not found.
[WARNING STA-1648] ./results/nangate45_3D/bp_multi/HBT/6_final.spef line 324647, instance rof1_0__core/be/be_mmu/dcache/_35173_ not found.
[WARNING STA-1648] ./results/nangate45_3D/bp_multi/HBT/6_final.spef line 324648, instance rof1_0__core/be/be_mmu/dcache/_35093_ not found.
[WARNING STA-1648] ./results/nangate45_3D/bp_multi/HBT/6_final.spef line 324649, instance rof1_0__core/be/be_mmu/dcache/_35094_ not found.
[WARNING STA-1648] ./results/nangate45_3D/bp_multi/HBT/6_final.spef line 324650, instance rof1_0__core/be/be_mmu/dcache/_35091_ not found.
[WARNING STA-1648] ./results/nangate45_3D/bp_multi/HBT/6_final.spef line 324651, instance rof1_0__core/be/be_mmu/dcache/_35138_ not found.
[WARNING STA-1648] ./results/nangate45_3D/bp_multi/HBT/6_final.spef line 324652, instance rof1_0__core/be/be_mmu/dcache/_35814_ not found.
[WARNING STA-1648] ./results/nangate45_3D/bp_multi/HBT/6_final.spef line 324653, instance rof1_0__core/be/be_mmu/dcache/_35813_ not found.
[WARNING STA-1648] ./results/nangate45_3D/bp_multi/HBT/6_final.spef line 324654, instance rof1_0__core/be/be_mmu/dcache/_34916_ not found.
[WARNING STA-1648] ./results/nangate45_3D/bp_multi/HBT/6_final.spef line 324655, instance rof1_0__core/be/be_mmu/dcache/_35796_ not found.
[WARNING STA-1648] ./results/nangate45_3D/bp_multi/HBT/6_final.spef line 324656, instance rof1_0__core/be/be_mmu/dcache/_35859_ not found.
[WARNING STA-1648] ./results/nangate45_3D/bp_multi/HBT/6_final.spef line 324657, instance rof1_0__core/be/be_mmu/dcache/_35928_ not found.
[WARNING STA-1648] ./results/nangate45_3D/bp_multi/HBT/6_final.spef line 324658, instance rof1_0__core/be/be_mmu/dcache/_35863_ not found.
[WARNING STA-1648] ./results/nangate45_3D/bp_multi/HBT/6_final.spef line 324659, instance rof1_0__core/be/be_mmu/dcache/_35799_ not found.
[WARNING STA-1648] ./results/nangate45_3D/bp_multi/HBT/6_final.spef line 324660, instance rof1_0__core/be/be_mmu/dcache/_35795_ not found.
[WARNING STA-1648] ./results/nangate45_3D/bp_multi/HBT/6_final.spef line 324661, instance me/network/data_cmd_channel/_24093_ not found.
[WARNING STA-1648] ./results/nangate45_3D/bp_multi/HBT/6_final.spef line 324662, instance rof1_0__core/be/be_mmu/dcache/_34868_ not found.
[WARNING STA-1648] ./results/nangate45_3D/bp_multi/HBT/6_final.spef line 324663, instance rof1_0__core/be/be_mmu/dcache/_34865_ not found.
[WARNING STA-1648] ./results/nangate45_3D/bp_multi/HBT/6_final.spef line 324664, instance rof1_0__core/be/be_mmu/dcache/_35797_ not found.
[WARNING STA-1648] ./results/nangate45_3D/bp_multi/HBT/6_final.spef line 324665, instance rof1_0__core/be/be_mmu/dcache/_35800_ not found.
[WARNING STA-1648] ./results/nangate45_3D/bp_multi/HBT/6_final.spef line 324666, instance rof1_0__core/be/be_mmu/dcache/_35812_ not found.
[WARNING STA-1648] ./results/nangate45_3D/bp_multi/HBT/6_final.spef line 324667, instance rof1_0__core/be/be_mmu/dcache/_35876_ not found.
[WARNING STA-1648] ./results/nangate45_3D/bp_multi/HBT/6_final.spef line 324668, instance rof1_0__core/be/be_mmu/dcache/_35823_ not found.
[WARNING STA-1648] ./results/nangate45_3D/bp_multi/HBT/6_final.spef line 324669, instance rof1_0__core/be/be_mmu/dcache/_34867_ not found.
[WARNING STA-1648] ./results/nangate45_3D/bp_multi/HBT/6_final.spef line 324670, instance rof1_0__core/be/be_mmu/dcache/_34859_ not found.
[WARNING STA-1648] ./results/nangate45_3D/bp_multi/HBT/6_final.spef line 324671, instance rof1_0__core/be/be_mmu/dcache/_34862_ not found.
[WARNING STA-1648] ./results/nangate45_3D/bp_multi/HBT/6_final.spef line 324672, instance rof1_0__core/be/be_mmu/dcache/_34871_ not found.
[WARNING STA-1648] ./results/nangate45_3D/bp_multi/HBT/6_final.spef line 324673, instance rof1_0__core/be/be_mmu/dcache/_34870_ not found.
[WARNING STA-1648] ./results/nangate45_3D/bp_multi/HBT/6_final.spef line 324674, instance rof1_0__core/be/be_mmu/dcache/_34857_ not found.
[WARNING STA-1648] ./results/nangate45_3D/bp_multi/HBT/6_final.spef line 324675, instance rof1_0__core/be/be_mmu/dcache/_34855_ not found.
[WARNING STA-1648] ./results/nangate45_3D/bp_multi/HBT/6_final.spef line 324676, instance rof1_0__core/be/be_mmu/dcache/_34863_ not found.
[WARNING STA-1648] ./results/nangate45_3D/bp_multi/HBT/6_final.spef line 324677, instance rof1_0__core/be/be_mmu/dcache/_34861_ not found.
[WARNING STA-1648] ./results/nangate45_3D/bp_multi/HBT/6_final.spef line 324678, instance rof1_0__core/be/be_mmu/dcache/_34869_ not found.
[WARNING STA-1648] ./results/nangate45_3D/bp_multi/HBT/6_final.spef line 324679, instance rof1_0__core/be/be_mmu/dcache/_34860_ not found.
[WARNING STA-1648] ./results/nangate45_3D/bp_multi/HBT/6_final.spef line 324680, instance rof1_0__core/be/be_mmu/dcache/_34858_ not found.
[WARNING STA-1648] ./results/nangate45_3D/bp_multi/HBT/6_final.spef line 324681, instance rof1_0__core/be/be_mmu/dcache/_35811_ not found.
[WARNING STA-1648] ./results/nangate45_3D/bp_multi/HBT/6_final.spef line 324682, instance rof1_0__core/be/be_mmu/dcache/_35875_ not found.
[WARNING STA-1648] ./results/nangate45_3D/bp_multi/HBT/6_final.spef line 324683, instance rof1_0__core/be/be_mmu/dcache/_35804_ not found.
[WARNING STA-1648] ./results/nangate45_3D/bp_multi/HBT/6_final.spef line 324684, instance rof1_0__core/be/be_mmu/dcache/_36094_ not found.
[WARNING STA-1648] ./results/nangate45_3D/bp_multi/HBT/6_final.spef line 324685, instance rof1_0__core/be/be_mmu/dcache/_35815_ not found.
[WARNING STA-1648] ./results/nangate45_3D/bp_multi/HBT/6_final.spef line 324686, instance rof1_0__core/be/be_mmu/dcache/_35938_ not found.
[WARNING STA-1648] ./results/nangate45_3D/bp_multi/HBT/6_final.spef line 324687, instance rof1_0__core/be/be_mmu/dcache/_36003_ not found.
[WARNING STA-1648] ./results/nangate45_3D/bp_multi/HBT/6_final.spef line 324688, instance rof1_0__core/be/be_mmu/dcache/_36064_ not found.
[WARNING STA-1648] ./results/nangate45_3D/bp_multi/HBT/6_final.spef line 324689, instance rof1_0__core/be/be_mmu/dcache/_35807_ not found.
[WARNING STA-1648] ./results/nangate45_3D/bp_multi/HBT/6_final.spef line 324690, instance rof1_0__core/be/be_mmu/dcache/_35806_ not found.
[WARNING STA-1648] ./results/nangate45_3D/bp_multi/HBT/6_final.spef line 324691, instance rof1_0__core/be/be_mmu/dcache/_35870_ not found.
[WARNING STA-1648] ./results/nangate45_3D/bp_multi/HBT/6_final.spef line 324692, instance rof1_0__core/be/be_mmu/dcache/_36067_ not found.
[WARNING STA-1648] ./results/nangate45_3D/bp_multi/HBT/6_final.spef line 324693, instance rof1_0__core/be/be_mmu/dcache/_35866_ not found.
[WARNING STA-1648] ./results/nangate45_3D/bp_multi/HBT/6_final.spef line 324694, instance rof1_0__core/be/be_mmu/dcache/_35935_ not found.
[WARNING STA-1648] ./results/nangate45_3D/bp_multi/HBT/6_final.spef line 324695, instance rof1_0__core/be/be_mmu/dcache/_36000_ not found.
[WARNING STA-1648] ./results/nangate45_3D/bp_multi/HBT/6_final.spef line 324696, instance rof1_0__core/be/be_mmu/dcache/_35929_ not found.
[WARNING STA-1648] ./results/nangate45_3D/bp_multi/HBT/6_final.spef line 324697, instance rof1_0__core/be/be_mmu/dcache/_35864_ not found.
[WARNING STA-1648] ./results/nangate45_3D/bp_multi/HBT/6_final.spef line 324698, instance rof1_0__core/be/be_mmu/dcache/_36070_ not found.
[WARNING STA-1648] ./results/nangate45_3D/bp_multi/HBT/6_final.spef line 324699, instance rof1_0__core/be/be_mmu/dcache/_36071_ not found.
[WARNING STA-1648] ./results/nangate45_3D/bp_multi/HBT/6_final.spef line 324700, instance rof1_0__core/be/be_mmu/dcache/_36069_ not found.
[WARNING STA-1648] ./results/nangate45_3D/bp_multi/HBT/6_final.spef line 324701, instance rof1_0__core/be/be_mmu/dcache/_36073_ not found.
[WARNING STA-1648] ./results/nangate45_3D/bp_multi/HBT/6_final.spef line 324702, instance rof1_0__core/be/be_mmu/dcache/_35873_ not found.
[WARNING STA-1648] ./results/nangate45_3D/bp_multi/HBT/6_final.spef line 324703, instance rof1_0__core/be/be_mmu/dcache/_35809_ not found.
[WARNING STA-1648] ./results/nangate45_3D/bp_multi/HBT/6_final.spef line 324704, instance rof1_0__core/be/be_mmu/dcache/_35821_ not found.
[WARNING STA-1648] ./results/nangate45_3D/bp_multi/HBT/6_final.spef line 324705, instance rof1_0__core/be/be_mmu/dcache/_35816_ not found.
[WARNING STA-1648] ./results/nangate45_3D/bp_multi/HBT/6_final.spef line 324706, instance rof1_0__core/be/be_mmu/dcache/_35894_ not found.
[WARNING STA-1648] ./results/nangate45_3D/bp_multi/HBT/6_final.spef line 324707, instance rof1_0__core/be/be_mmu/dcache/_35940_ not found.
[WARNING STA-1648] ./results/nangate45_3D/bp_multi/HBT/6_final.spef line 324708, instance rof1_0__core/be/be_mmu/dcache/_36005_ not found.
[WARNING STA-1648] ./results/nangate45_3D/bp_multi/HBT/6_final.spef line 324709, instance rof1_0__core/be/be_mmu/dcache/_35943_ not found.
[WARNING STA-1648] ./results/nangate45_3D/bp_multi/HBT/6_final.spef line 324710, instance rof1_0__core/be/be_mmu/dcache/_36072_ not found.
[WARNING STA-1648] ./results/nangate45_3D/bp_multi/HBT/6_final.spef line 324711, instance rof1_0__core/be/be_mmu/dcache/_36199_ not found.
[WARNING STA-1648] ./results/nangate45_3D/bp_multi/HBT/6_final.spef line 324712, instance rof1_0__core/be/be_mmu/dcache/_36134_ not found.
[WARNING STA-1648] ./results/nangate45_3D/bp_multi/HBT/6_final.spef line 324713, instance rof1_0__core/be/be_mmu/dcache/_36136_ not found.
[WARNING STA-1648] ./results/nangate45_3D/bp_multi/HBT/6_final.spef line 324714, instance rof1_0__core/be/be_mmu/dcache/_36008_ not found.
[WARNING STA-1648] ./results/nangate45_3D/bp_multi/HBT/6_final.spef line 324715, instance me/network/data_cmd_channel/_23882_ not found.
[WARNING STA-1648] ./results/nangate45_3D/bp_multi/HBT/6_final.spef line 324716, instance rof1_0__core/be/be_mmu/dcache/_35867_ not found.
[WARNING STA-1648] ./results/nangate45_3D/bp_multi/HBT/6_final.spef line 324717, instance rof1_0__core/be/be_mmu/dcache/_35877_ not found.
[WARNING STA-1648] ./results/nangate45_3D/bp_multi/HBT/6_final.spef line 324718, instance rof1_0__core/be/be_mmu/dcache/_35942_ not found.
[WARNING STA-1648] ./results/nangate45_3D/bp_multi/HBT/6_final.spef line 324719, instance rof1_0__core/be/be_mmu/dcache/_35990_ not found.
[WARNING STA-1648] ./results/nangate45_3D/bp_multi/HBT/6_final.spef line 324720, instance rof1_0__core/be/be_mmu/dcache/_35856_ not found.
[WARNING STA-1648] ./results/nangate45_3D/bp_multi/HBT/6_final.spef line 324721, instance rof1_0__core/be/be_mmu/dcache/_36050_ not found.
[WARNING STA-1648] ./results/nangate45_3D/bp_multi/HBT/6_final.spef line 324722, instance rof1_0__core/be/be_mmu/dcache/_36193_ not found.
[WARNING STA-1648] ./results/nangate45_3D/bp_multi/HBT/6_final.spef line 324723, instance rof1_0__core/be/be_mmu/dcache/_36129_ not found.
[WARNING STA-1648] ./results/nangate45_3D/bp_multi/HBT/6_final.spef line 324724, instance rof1_0__core/be/be_mmu/dcache/_35921_ not found.
[WARNING STA-1648] ./results/nangate45_3D/bp_multi/HBT/6_final.spef line 324725, instance rof1_0__core/be/be_mmu/dcache/_35854_ not found.
[WARNING STA-1648] ./results/nangate45_3D/bp_multi/HBT/6_final.spef line 324726, instance rof1_0__core/be/be_mmu/dcache/_35986_ not found.
[WARNING STA-1648] ./results/nangate45_3D/bp_multi/HBT/6_final.spef line 324727, instance rof1_0__core/be/be_mmu/dcache/_35983_ not found.
[WARNING STA-1648] ./results/nangate45_3D/bp_multi/HBT/6_final.spef line 324728, instance rof1_0__core/be/be_mmu/dcache/_35920_ not found.
[WARNING STA-1648] ./results/nangate45_3D/bp_multi/HBT/6_final.spef line 324729, instance rof1_0__core/be/be_mmu/dcache/_34683_ not found.
[WARNING STA-1648] ./results/nangate45_3D/bp_multi/HBT/6_final.spef line 324730, instance rof1_0__core/be/be_mmu/dcache/_35855_ not found.
[WARNING STA-1648] ./results/nangate45_3D/bp_multi/HBT/6_final.spef line 324731, instance rof1_0__core/be/be_mmu/dcache/_36114_ not found.
[WARNING STA-1648] ./results/nangate45_3D/bp_multi/HBT/6_final.spef line 324732, instance rof1_0__core/be/be_mmu/dcache/_35984_ not found.
[WARNING STA-1648] ./results/nangate45_3D/bp_multi/HBT/6_final.spef line 324733, instance rof1_0__core/be/be_mmu/dcache/_36113_ not found.
[WARNING STA-1648] ./results/nangate45_3D/bp_multi/HBT/6_final.spef line 324734, instance rof1_0__core/be/be_mmu/dcache/_36115_ not found.
[WARNING STA-1648] ./results/nangate45_3D/bp_multi/HBT/6_final.spef line 324735, instance rof1_0__core/be/be_mmu/dcache/_35857_ not found.
[WARNING STA-1648] ./results/nangate45_3D/bp_multi/HBT/6_final.spef line 324736, instance rof1_0__core/be/be_mmu/dcache/_36118_ not found.
[WARNING STA-1648] ./results/nangate45_3D/bp_multi/HBT/6_final.spef line 324737, instance rof1_0__core/be/be_mmu/dcache/_34690_ not found.
[WARNING STA-1648] ./results/nangate45_3D/bp_multi/HBT/6_final.spef line 324738, instance rof1_0__core/be/be_mmu/dcache/_34676_ not found.
[WARNING STA-1648] ./results/nangate45_3D/bp_multi/HBT/6_final.spef line 324739, instance rof1_0__core/be/be_mmu/dcache/_34668_ not found.
[WARNING STA-1648] ./results/nangate45_3D/bp_multi/HBT/6_final.spef line 324740, instance rof1_0__core/be/be_mmu/dcache/_34672_ not found.
[WARNING STA-1648] ./results/nangate45_3D/bp_multi/HBT/6_final.spef line 324741, instance rof1_0__core/be/be_mmu/dcache/_36175_ not found.
[WARNING STA-1648] ./results/nangate45_3D/bp_multi/HBT/6_final.spef line 324742, instance rof1_0__core/be/be_mmu/dcache/_36189_ not found.
[WARNING STA-1648] ./results/nangate45_3D/bp_multi/HBT/6_final.spef line 324743, instance rof1_0__core/be/be_mmu/dcache/_34686_ not found.
[WARNING STA-1648] ./results/nangate45_3D/bp_multi/HBT/6_final.spef line 324744, instance rof1_0__core/be/be_mmu/dcache/_36171_ not found.
[WARNING STA-1648] ./results/nangate45_3D/bp_multi/HBT/6_final.spef line 324745, instance rof1_0__core/be/be_mmu/dcache/_36182_ not found.
[WARNING STA-1648] ./results/nangate45_3D/bp_multi/HBT/6_final.spef line 324746, instance rof1_0__core/be/be_mmu/dcache/_34692_ not found.
[WARNING STA-1648] ./results/nangate45_3D/bp_multi/HBT/6_final.spef line 324747, instance rof1_0__core/be/be_mmu/dcache/_36177_ not found.
[WARNING STA-1648] ./results/nangate45_3D/bp_multi/HBT/6_final.spef line 324748, instance rof1_0__core/be/be_mmu/dcache/_34679_ not found.
[WARNING STA-1648] ./results/nangate45_3D/bp_multi/HBT/6_final.spef line 324749, instance rof1_0__core/be/be_mmu/dcache/_36178_ not found.
[WARNING STA-1648] ./results/nangate45_3D/bp_multi/HBT/6_final.spef line 324750, instance rof1_0__core/be/be_mmu/dcache/_34675_ not found.
[WARNING STA-1648] ./results/nangate45_3D/bp_multi/HBT/6_final.spef line 324751, instance rof1_0__core/be/be_mmu/dcache/_34632_ not found.
[WARNING STA-1648] ./results/nangate45_3D/bp_multi/HBT/6_final.spef line 324752, instance rof1_0__core/be/be_mmu/dcache/_34627_ not found.
[WARNING STA-1648] ./results/nangate45_3D/bp_multi/HBT/6_final.spef line 324753, instance rof1_0__core/be/be_mmu/dcache/_34691_ not found.
[WARNING STA-1648] ./results/nangate45_3D/bp_multi/HBT/6_final.spef line 324754, instance rof1_0__core/be/be_mmu/dcache/_34696_ not found.
[WARNING STA-1648] ./results/nangate45_3D/bp_multi/HBT/6_final.spef line 324755, instance rof1_0__core/be/be_mmu/dcache/_34674_ not found.
[WARNING STA-1648] ./results/nangate45_3D/bp_multi/HBT/6_final.spef line 324756, instance rof1_0__core/be/be_mmu/dcache/_36183_ not found.
[WARNING STA-1648] ./results/nangate45_3D/bp_multi/HBT/6_final.spef line 324757, instance rof1_0__core/be/be_mmu/dcache/_34680_ not found.
[WARNING STA-1648] ./results/nangate45_3D/bp_multi/HBT/6_final.spef line 324758, instance rof1_0__core/be/be_mmu/dcache/_36180_ not found.
[WARNING STA-1648] ./results/nangate45_3D/bp_multi/HBT/6_final.spef line 324759, instance rof1_0__core/be/be_mmu/dcache/_34677_ not found.
[WARNING STA-1648] ./results/nangate45_3D/bp_multi/HBT/6_final.spef line 324760, instance rof1_0__core/be/be_mmu/dcache/_34688_ not found.
[WARNING STA-1648] ./results/nangate45_3D/bp_multi/HBT/6_final.spef line 324761, instance rof1_0__core/be/be_mmu/dcache/_36191_ not found.
[WARNING STA-1648] ./results/nangate45_3D/bp_multi/HBT/6_final.spef line 324762, instance rof1_0__core/be/be_mmu/dcache/_36172_ not found.
[WARNING STA-1648] ./results/nangate45_3D/bp_multi/HBT/6_final.spef line 324763, instance rof1_0__core/be/be_mmu/dcache/_36108_ not found.
[WARNING STA-1648] ./results/nangate45_3D/bp_multi/HBT/6_final.spef line 324764, instance rof1_0__core/be/be_mmu/dcache/_34671_ not found.
[WARNING STA-1648] ./results/nangate45_3D/bp_multi/HBT/6_final.spef line 324765, instance rof1_0__core/be/be_mmu/dcache/_36176_ not found.
[WARNING STA-1648] ./results/nangate45_3D/bp_multi/HBT/6_final.spef line 324766, instance rof1_0__core/be/be_mmu/dcache/_36167_ not found.
[WARNING STA-1648] ./results/nangate45_3D/bp_multi/HBT/6_final.spef line 324767, instance rof1_0__core/be/be_mmu/dcache/_36168_ not found.
[WARNING STA-1648] ./results/nangate45_3D/bp_multi/HBT/6_final.spef line 324768, instance rof1_0__core/be/be_mmu/dcache/_34665_ not found.
[WARNING STA-1648] ./results/nangate45_3D/bp_multi/HBT/6_final.spef line 324769, instance rof1_0__core/be/be_mmu/dcache/_34664_ not found.
[WARNING STA-1648] ./results/nangate45_3D/bp_multi/HBT/6_final.spef line 324770, instance rof1_0__core/be/be_mmu/dcache/_34659_ not found.
[WARNING STA-1648] ./results/nangate45_3D/bp_multi/HBT/6_final.spef line 324771, instance rof1_0__core/be/be_mmu/dcache/_34717_ not found.
[WARNING STA-1648] ./results/nangate45_3D/bp_multi/HBT/6_final.spef line 324772, instance rof1_0__core/be/be_mmu/dcache/_34722_ not found.
[WARNING STA-1648] ./results/nangate45_3D/bp_multi/HBT/6_final.spef line 324773, instance rof1_0__core/be/be_mmu/dcache/_35720_ not found.
[WARNING STA-1648] ./results/nangate45_3D/bp_multi/HBT/6_final.spef line 324774, instance rof1_0__core/be/be_mmu/dcache/_35643_ not found.
[WARNING STA-1648] ./results/nangate45_3D/bp_multi/HBT/6_final.spef line 324775, instance rof1_0__core/be/be_mmu/dcache/_35302_ not found.
[WARNING STA-1648] ./results/nangate45_3D/bp_multi/HBT/6_final.spef line 324776, instance rof1_0__core/be/be_mmu/dcache/_34658_ not found.
[WARNING STA-1648] ./results/nangate45_3D/bp_multi/HBT/6_final.spef line 324777, instance rof1_0__core/be/be_mmu/dcache/_34661_ not found.
[WARNING STA-1648] ./results/nangate45_3D/bp_multi/HBT/6_final.spef line 324778, instance rof1_0__core/be/be_mmu/dcache/_34663_ not found.
[WARNING STA-1648] ./results/nangate45_3D/bp_multi/HBT/6_final.spef line 324779, instance rof1_0__core/be/be_mmu/dcache/_35299_ not found.
[WARNING STA-1648] ./results/nangate45_3D/bp_multi/HBT/6_final.spef line 324780, instance rof1_0__core/be/be_mmu/dcache/_36166_ not found.
[WARNING STA-1648] ./results/nangate45_3D/bp_multi/HBT/6_final.spef line 324781, instance rof1_0__core/be/be_mmu/dcache/_34725_ not found.
[WARNING STA-1648] ./results/nangate45_3D/bp_multi/HBT/6_final.spef line 324782, instance rof1_0__core/be/be_mmu/dcache/_34667_ not found.
[WARNING STA-1648] ./results/nangate45_3D/bp_multi/HBT/6_final.spef line 324783, instance rof1_0__core/be/be_mmu/dcache/_35512_ not found.
[WARNING STA-1648] ./results/nangate45_3D/bp_multi/HBT/6_final.spef line 324784, instance rof1_0__core/be/be_mmu/dcache/_36170_ not found.
[WARNING STA-1648] ./results/nangate45_3D/bp_multi/HBT/6_final.spef line 324785, instance rof1_0__core/be/be_mmu/dcache/_36173_ not found.
[WARNING STA-1648] ./results/nangate45_3D/bp_multi/HBT/6_final.spef line 324786, instance rof1_0__core/be/be_mmu/dcache/_34670_ not found.
[WARNING STA-1648] ./results/nangate45_3D/bp_multi/HBT/6_final.spef line 324787, instance rof1_0__core/be/be_mmu/dcache/_34673_ not found.
[WARNING STA-1648] ./results/nangate45_3D/bp_multi/HBT/6_final.spef line 324788, instance rof1_0__core/be/be_mmu/dcache/_36174_ not found.
[WARNING STA-1648] ./results/nangate45_3D/bp_multi/HBT/6_final.spef line 324789, instance rof1_0__core/be/be_mmu/dcache/_34669_ not found.
[WARNING STA-1648] ./results/nangate45_3D/bp_multi/HBT/6_final.spef line 324790, instance rof1_0__core/be/be_mmu/dcache/_36169_ not found.
[WARNING STA-1648] ./results/nangate45_3D/bp_multi/HBT/6_final.spef line 324791, instance rof1_0__core/be/be_mmu/dcache/_34666_ not found.
[WARNING STA-1648] ./results/nangate45_3D/bp_multi/HBT/6_final.spef line 324792, instance rof1_0__core/be/be_mmu/dcache/_34678_ not found.
[WARNING STA-1648] ./results/nangate45_3D/bp_multi/HBT/6_final.spef line 324793, instance rof1_0__core/be/be_mmu/dcache/_36181_ not found.
[WARNING STA-1648] ./results/nangate45_3D/bp_multi/HBT/6_final.spef line 324794, instance rof1_0__core/be/be_mmu/dcache/_34682_ not found.
[WARNING STA-1648] ./results/nangate45_3D/bp_multi/HBT/6_final.spef line 324795, instance rof1_0__core/be/be_mmu/dcache/_36185_ not found.
[WARNING STA-1648] ./results/nangate45_3D/bp_multi/HBT/6_final.spef line 324796, instance rof1_0__core/be/be_mmu/dcache/_35354_ not found.
[WARNING STA-1648] ./results/nangate45_3D/bp_multi/HBT/6_final.spef line 324797, instance rof1_0__core/be/be_mmu/dcache/_35355_ not found.
[WARNING STA-1648] ./results/nangate45_3D/bp_multi/HBT/6_final.spef line 324798, instance rof1_0__core/be/be_mmu/dcache/_34693_ not found.
[WARNING STA-1648] ./results/nangate45_3D/bp_multi/HBT/6_final.spef line 324799, instance rof1_0__core/be/be_mmu/dcache/_34628_ not found.
[WARNING STA-1648] ./results/nangate45_3D/bp_multi/HBT/6_final.spef line 324800, instance rof1_0__core/be/be_mmu/dcache/_34629_ not found.
[WARNING STA-1648] ./results/nangate45_3D/bp_multi/HBT/6_final.spef line 324801, instance rof1_0__core/be/be_mmu/dcache/_34685_ not found.
[WARNING STA-1648] ./results/nangate45_3D/bp_multi/HBT/6_final.spef line 324802, instance rof1_0__core/be/be_mmu/dcache/_36179_ not found.
[WARNING STA-1648] ./results/nangate45_3D/bp_multi/HBT/6_final.spef line 324803, instance rof1_0__core/be/be_mmu/dcache/_36188_ not found.
[WARNING STA-1648] ./results/nangate45_3D/bp_multi/HBT/6_final.spef line 324804, instance rof1_0__core/be/be_mmu/dcache/_36190_ not found.
[WARNING STA-1648] ./results/nangate45_3D/bp_multi/HBT/6_final.spef line 324805, instance rof1_0__core/be/be_mmu/dcache/_34687_ not found.
[WARNING STA-1648] ./results/nangate45_3D/bp_multi/HBT/6_final.spef line 324806, instance rof1_0__core/be/be_mmu/dcache/_34684_ not found.
[WARNING STA-1648] ./results/nangate45_3D/bp_multi/HBT/6_final.spef line 324807, instance rof1_0__core/be/be_mmu/dcache/_34681_ not found.
[WARNING STA-1648] ./results/nangate45_3D/bp_multi/HBT/6_final.spef line 324808, instance rof1_0__core/be/be_mmu/dcache/_36187_ not found.
[WARNING STA-1648] ./results/nangate45_3D/bp_multi/HBT/6_final.spef line 324809, instance rof1_0__core/be/be_mmu/dcache/_36184_ not found.
[WARNING STA-1648] ./results/nangate45_3D/bp_multi/HBT/6_final.spef line 324810, instance rof1_0__core/be/be_mmu/dcache/_34635_ not found.
[WARNING STA-1648] ./results/nangate45_3D/bp_multi/HBT/6_final.spef line 324811, instance rof1_0__core/be/be_mmu/dcache/_34634_ not found.
[WARNING STA-1648] ./results/nangate45_3D/bp_multi/HBT/6_final.spef line 324812, instance rof1_0__core/be/be_mmu/dcache/_34631_ not found.
[WARNING STA-1648] ./results/nangate45_3D/bp_multi/HBT/6_final.spef line 324813, instance rof1_0__core/be/be_mmu/dcache/_34695_ not found.
[WARNING STA-1648] ./results/nangate45_3D/bp_multi/HBT/6_final.spef line 324814, instance rof1_0__core/be/be_mmu/dcache/_34699_ not found.
[WARNING STA-1648] ./results/nangate45_3D/bp_multi/HBT/6_final.spef line 324815, instance rof1_0__core/be/be_mmu/dcache/_34698_ not found.
[WARNING STA-1648] ./results/nangate45_3D/bp_multi/HBT/6_final.spef line 324816, instance rof1_0__core/be/be_mmu/dcache/_34697_ not found.
[WARNING STA-1648] ./results/nangate45_3D/bp_multi/HBT/6_final.spef line 324817, instance rof1_0__core/be/be_mmu/dcache/_34633_ not found.
[WARNING STA-1648] ./results/nangate45_3D/bp_multi/HBT/6_final.spef line 324818, instance rof1_0__core/be/be_mmu/dcache/_35985_ not found.
[WARNING STA-1648] ./results/nangate45_3D/bp_multi/HBT/6_final.spef line 324819, instance rof1_0__core/be/be_mmu/dcache/_36120_ not found.
[WARNING STA-1648] ./results/nangate45_3D/bp_multi/HBT/6_final.spef line 324820, instance rof1_0__core/be/be_mmu/dcache/_35861_ not found.
[WARNING STA-1648] ./results/nangate45_3D/bp_multi/HBT/6_final.spef line 324821, instance rof1_0__core/be/be_mmu/dcache/_36135_ not found.
[WARNING STA-1648] ./results/nangate45_3D/bp_multi/HBT/6_final.spef line 324822, instance rof1_0__core/be/be_mmu/dcache/_35880_ not found.
[WARNING STA-1648] ./results/nangate45_3D/bp_multi/HBT/6_final.spef line 324823, instance rof1_0__core/be/be_mmu/dcache/_36009_ not found.
[WARNING STA-1648] ./results/nangate45_3D/bp_multi/HBT/6_final.spef line 324824, instance rof1_0__core/be/be_mmu/dcache/_35926_ not found.
[WARNING STA-1648] ./results/nangate45_3D/bp_multi/HBT/6_final.spef line 324825, instance rof1_0__core/be/be_mmu/dcache/_36123_ not found.
[WARNING STA-1648] ./results/nangate45_3D/bp_multi/HBT/6_final.spef line 324826, instance rof1_0__core/be/be_mmu/dcache/_36126_ not found.
[WARNING STA-1648] ./results/nangate45_3D/bp_multi/HBT/6_final.spef line 324827, instance rof1_0__core/be/be_mmu/dcache/_36001_ not found.
[WARNING STA-1648] ./results/nangate45_3D/bp_multi/HBT/6_final.spef line 324828, instance rof1_0__core/be/be_mmu/dcache/_36132_ not found.
[WARNING STA-1648] ./results/nangate45_3D/bp_multi/HBT/6_final.spef line 324829, instance rof1_0__core/be/be_mmu/dcache/_35993_ not found.
[WARNING STA-1648] ./results/nangate45_3D/bp_multi/HBT/6_final.spef line 324830, instance rof1_0__core/be/be_mmu/dcache/_36058_ not found.
[WARNING STA-1648] ./results/nangate45_3D/bp_multi/HBT/6_final.spef line 324831, instance rof1_0__core/be/be_mmu/dcache/_36061_ not found.
[WARNING STA-1648] ./results/nangate45_3D/bp_multi/HBT/6_final.spef line 324832, instance rof1_0__core/be/be_mmu/dcache/_35932_ not found.
[WARNING STA-1648] ./results/nangate45_3D/bp_multi/HBT/6_final.spef line 324833, instance rof1_0__core/be/be_mmu/dcache/_35997_ not found.
[WARNING STA-1648] ./results/nangate45_3D/bp_multi/HBT/6_final.spef line 324834, instance rof1_0__core/be/be_mmu/dcache/_36055_ not found.
[WARNING STA-1648] ./results/nangate45_3D/bp_multi/HBT/6_final.spef line 324835, instance rof1_0__core/be/be_mmu/dcache/_35879_ not found.
[WARNING STA-1648] ./results/nangate45_3D/bp_multi/HBT/6_final.spef line 324836, instance rof1_0__core/be/be_mmu/dcache/_36138_ not found.
[WARNING STA-1648] ./results/nangate45_3D/bp_multi/HBT/6_final.spef line 324837, instance rof1_0__core/be/be_mmu/dcache/_36007_ not found.
[WARNING STA-1648] ./results/nangate45_3D/bp_multi/HBT/6_final.spef line 324838, instance rof1_0__core/be/be_mmu/dcache/_35878_ not found.
[WARNING STA-1648] ./results/nangate45_3D/bp_multi/HBT/6_final.spef line 324839, instance rof1_0__core/be/be_mmu/dcache/_36137_ not found.
[WARNING STA-1648] ./results/nangate45_3D/bp_multi/HBT/6_final.spef line 324840, instance rof1_0__core/be/be_mmu/dcache/_36203_ not found.
[WARNING STA-1648] ./results/nangate45_3D/bp_multi/HBT/6_final.spef line 324841, instance rof1_0__core/be/be_mmu/dcache/_35872_ not found.
[WARNING STA-1648] ./results/nangate45_3D/bp_multi/HBT/6_final.spef line 324842, instance rof1_0__core/be/be_mmu/dcache/_36202_ not found.
[WARNING STA-1648] ./results/nangate45_3D/bp_multi/HBT/6_final.spef line 324843, instance rof1_0__core/be/be_mmu/dcache/_36204_ not found.
[WARNING STA-1648] ./results/nangate45_3D/bp_multi/HBT/6_final.spef line 324844, instance rof1_0__core/be/be_mmu/dcache/_36201_ not found.
[WARNING STA-1648] ./results/nangate45_3D/bp_multi/HBT/6_final.spef line 324845, instance rof1_0__core/be/be_mmu/dcache/_35080_ not found.
[WARNING STA-1648] ./results/nangate45_3D/bp_multi/HBT/6_final.spef line 324846, instance rof1_0__core/be/be_mmu/dcache/_34864_ not found.
[WARNING STA-1648] ./results/nangate45_3D/bp_multi/HBT/6_final.spef line 324847, instance rof1_0__core/be/be_mmu/dcache/_35081_ not found.
[WARNING STA-1648] ./results/nangate45_3D/bp_multi/HBT/6_final.spef line 324848, instance rof1_0__core/be/be_mmu/dcache/_34949_ not found.
[WARNING STA-1648] ./results/nangate45_3D/bp_multi/HBT/6_final.spef line 324849, instance rof1_0__core/be/be_mmu/dcache/_35148_ not found.
[WARNING STA-1648] ./results/nangate45_3D/bp_multi/HBT/6_final.spef line 324850, instance rof1_0__core/be/be_mmu/dcache/_35072_ not found.
[WARNING STA-1648] ./results/nangate45_3D/bp_multi/HBT/6_final.spef line 324851, instance rof1_0__core/be/be_mmu/dcache/_35073_ not found.
[WARNING STA-1648] ./results/nangate45_3D/bp_multi/HBT/6_final.spef line 324852, instance rof1_0__core/be/be_mmu/dcache/_34951_ not found.
[WARNING STA-1648] ./results/nangate45_3D/bp_multi/HBT/6_final.spef line 324853, instance rof1_0__core/be/be_mmu/dcache/_35083_ not found.
[WARNING STA-1648] ./results/nangate45_3D/bp_multi/HBT/6_final.spef line 324854, instance rof1_0__core/be/be_mmu/dcache/_35076_ not found.
[WARNING STA-1648] ./results/nangate45_3D/bp_multi/HBT/6_final.spef line 324855, instance rof1_0__core/be/be_mmu/dcache/_34930_ not found.
[WARNING STA-1648] ./results/nangate45_3D/bp_multi/HBT/6_final.spef line 324856, instance rof1_0__core/be/be_mmu/dcache/_34931_ not found.
[WARNING STA-1648] ./results/nangate45_3D/bp_multi/HBT/6_final.spef line 324857, instance rof1_0__core/be/be_mmu/dcache/_35141_ not found.
[WARNING STA-1648] ./results/nangate45_3D/bp_multi/HBT/6_final.spef line 324858, instance rof1_0__core/be/be_mmu/dcache/_35119_ not found.
[WARNING STA-1648] ./results/nangate45_3D/bp_multi/HBT/6_final.spef line 324859, instance rof1_0__core/be/be_mmu/dcache/_35117_ not found.
[WARNING STA-1648] ./results/nangate45_3D/bp_multi/HBT/6_final.spef line 324860, instance rof1_0__core/be/be_mmu/dcache/_35112_ not found.
[WARNING STA-1648] ./results/nangate45_3D/bp_multi/HBT/6_final.spef line 324861, instance rof1_0__core/be/be_mmu/dcache/_34590_ not found.
[WARNING STA-1648] ./results/nangate45_3D/bp_multi/HBT/6_final.spef line 324862, instance rof1_0__core/be/be_mmu/dcache/_35203_ not found.
[WARNING STA-1648] ./results/nangate45_3D/bp_multi/HBT/6_final.spef line 324863, instance rof1_0__core/be/be_mmu/dcache/_35196_ not found.
[WARNING STA-1648] ./results/nangate45_3D/bp_multi/HBT/6_final.spef line 324864, instance rof1_0__core/be/be_mmu/dcache/_35099_ not found.
[WARNING STA-1648] ./results/nangate45_3D/bp_multi/HBT/6_final.spef line 324865, instance rof1_0__core/be/be_mmu/dcache/_35202_ not found.
[WARNING STA-1648] ./results/nangate45_3D/bp_multi/HBT/6_final.spef line 324866, instance rof1_0__core/be/be_mmu/dcache/_34585_ not found.
[WARNING STA-1648] ./results/nangate45_3D/bp_multi/HBT/6_final.spef line 324867, instance rof1_0__core/be/be_mmu/dcache/_34586_ not found.
[WARNING STA-1648] ./results/nangate45_3D/bp_multi/HBT/6_final.spef line 324868, instance rof1_0__core/be/be_mmu/dcache/_35114_ not found.
[WARNING STA-1648] ./results/nangate45_3D/bp_multi/HBT/6_final.spef line 324869, instance rof1_0__core/be/be_mmu/dcache/_34589_ not found.
[WARNING STA-1648] ./results/nangate45_3D/bp_multi/HBT/6_final.spef line 324870, instance rof1_0__core/be/be_mmu/dcache/_34584_ not found.
[WARNING STA-1648] ./results/nangate45_3D/bp_multi/HBT/6_final.spef line 324871, instance rof1_0__core/be/be_mmu/dcache/_34587_ not found.
[WARNING STA-1648] ./results/nangate45_3D/bp_multi/HBT/6_final.spef line 324872, instance rof1_0__core/be/be_mmu/dcache/_35197_ not found.
[WARNING STA-1648] ./results/nangate45_3D/bp_multi/HBT/6_final.spef line 324873, instance rof1_0__core/be/be_mmu/dcache/_35199_ not found.
[WARNING STA-1648] ./results/nangate45_3D/bp_multi/HBT/6_final.spef line 324874, instance rof1_0__core/be/be_mmu/dcache/_35116_ not found.
[WARNING STA-1648] ./results/nangate45_3D/bp_multi/HBT/6_final.spef line 324875, instance rof1_0__core/be/be_mmu/dcache/_35115_ not found.
[WARNING STA-1648] ./results/nangate45_3D/bp_multi/HBT/6_final.spef line 324876, instance rof1_0__core/be/be_mmu/dcache/_35113_ not found.
[WARNING STA-1648] ./results/nangate45_3D/bp_multi/HBT/6_final.spef line 324877, instance rof1_0__core/be/be_mmu/dcache/_35118_ not found.
[WARNING STA-1648] ./results/nangate45_3D/bp_multi/HBT/6_final.spef line 324878, instance rof1_0__core/be/be_mmu/dcache/_35200_ not found.
[WARNING STA-1648] ./results/nangate45_3D/bp_multi/HBT/6_final.spef line 324879, instance rof1_0__core/be/be_mmu/dcache/_35198_ not found.
[WARNING STA-1648] ./results/nangate45_3D/bp_multi/HBT/6_final.spef line 324880, instance rof1_0__core/be/be_mmu/dcache/_35153_ not found.
[WARNING STA-1648] ./results/nangate45_3D/bp_multi/HBT/6_final.spef line 324881, instance rof1_0__core/be/be_mmu/dcache/_35096_ not found.
[WARNING STA-1648] ./results/nangate45_3D/bp_multi/HBT/6_final.spef line 324882, instance rof1_0__core/be/be_mmu/dcache/_34568_ not found.
[WARNING STA-1648] ./results/nangate45_3D/bp_multi/HBT/6_final.spef line 324883, instance rof1_0__core/be/be_mmu/dcache/_35097_ not found.
[WARNING STA-1648] ./results/nangate45_3D/bp_multi/HBT/6_final.spef line 324884, instance rof1_0__core/be/be_mmu/dcache/_34540_ not found.
[WARNING STA-1648] ./results/nangate45_3D/bp_multi/HBT/6_final.spef line 324885, instance rof1_0__core/be/be_mmu/dcache/_35139_ not found.
[WARNING STA-1648] ./results/nangate45_3D/bp_multi/HBT/6_final.spef line 324886, instance rof1_0__core/be/be_mmu/dcache/_34538_ not found.
[WARNING STA-1648] ./results/nangate45_3D/bp_multi/HBT/6_final.spef line 324887, instance rof1_0__core/be/be_mmu/dcache/_35074_ not found.
[WARNING STA-1648] ./results/nangate45_3D/bp_multi/HBT/6_final.spef line 324888, instance rof1_0__core/be/be_mmu/dcache/_34546_ not found.
[WARNING STA-1648] ./results/nangate45_3D/bp_multi/HBT/6_final.spef line 324889, instance rof1_0__core/be/be_mmu/dcache/_35167_ not found.
[WARNING STA-1648] ./results/nangate45_3D/bp_multi/HBT/6_final.spef line 324890, instance rof1_0__core/be/be_mmu/dcache/_35079_ not found.
[WARNING STA-1648] ./results/nangate45_3D/bp_multi/HBT/6_final.spef line 324891, instance rof1_0__core/be/be_mmu/dcache/_35077_ not found.
[WARNING STA-1648] ./results/nangate45_3D/bp_multi/HBT/6_final.spef line 324892, instance rof1_0__core/be/be_mmu/dcache/_35156_ not found.
[WARNING STA-1648] ./results/nangate45_3D/bp_multi/HBT/6_final.spef line 324893, instance rof1_0__core/be/be_mmu/dcache/_35157_ not found.
[WARNING STA-1648] ./results/nangate45_3D/bp_multi/HBT/6_final.spef line 324894, instance rof1_0__core/be/be_mmu/dcache/_34569_ not found.
[WARNING STA-1648] ./results/nangate45_3D/bp_multi/HBT/6_final.spef line 324895, instance rof1_0__core/be/be_mmu/dcache/_35102_ not found.
[WARNING STA-1648] ./results/nangate45_3D/bp_multi/HBT/6_final.spef line 324896, instance rof1_0__core/be/be_mmu/dcache/_34570_ not found.
[WARNING STA-1648] ./results/nangate45_3D/bp_multi/HBT/6_final.spef line 324897, instance rof1_0__core/be/be_mmu/dcache/_35100_ not found.
[WARNING STA-1648] ./results/nangate45_3D/bp_multi/HBT/6_final.spef line 324898, instance rof1_0__core/be/be_mmu/dcache/_35154_ not found.
[WARNING STA-1648] ./results/nangate45_3D/bp_multi/HBT/6_final.spef line 324899, instance rof1_0__core/be/be_mmu/dcache/_35123_ not found.
[WARNING STA-1648] ./results/nangate45_3D/bp_multi/HBT/6_final.spef line 324900, instance rof1_0__core/be/be_mmu/dcache/_35128_ not found.
[WARNING STA-1648] ./results/nangate45_3D/bp_multi/HBT/6_final.spef line 324901, instance rof1_0__core/be/be_mmu/dcache/_35125_ not found.
[WARNING STA-1648] ./results/nangate45_3D/bp_multi/HBT/6_final.spef line 324902, instance rof1_0__core/be/be_mmu/dcache/_35206_ not found.
[WARNING STA-1648] ./results/nangate45_3D/bp_multi/HBT/6_final.spef line 324903, instance rof1_0__core/be/be_mmu/dcache/_35205_ not found.
[WARNING STA-1648] ./results/nangate45_3D/bp_multi/HBT/6_final.spef line 324904, instance rof1_0__core/be/be_mmu/dcache/_35121_ not found.
[WARNING STA-1648] ./results/nangate45_3D/bp_multi/HBT/6_final.spef line 324905, instance rof1_0__core/be/be_mmu/dcache/_35122_ not found.
[WARNING STA-1648] ./results/nangate45_3D/bp_multi/HBT/6_final.spef line 324906, instance rof1_0__core/be/be_mmu/dcache/_34541_ not found.
[WARNING STA-1648] ./results/nangate45_3D/bp_multi/HBT/6_final.spef line 324907, instance rof1_0__core/be/be_mmu/dcache/_35142_ not found.
[WARNING STA-1648] ./results/nangate45_3D/bp_multi/HBT/6_final.spef line 324908, instance rof1_0__core/be/be_mmu/dcache/_35126_ not found.
[WARNING STA-1648] ./results/nangate45_3D/bp_multi/HBT/6_final.spef line 324909, instance rof1_0__core/be/be_mmu/dcache/_35209_ not found.
[WARNING STA-1648] ./results/nangate45_3D/bp_multi/HBT/6_final.spef line 324910, instance rof1_0__core/be/be_mmu/dcache/_35130_ not found.
[WARNING STA-1648] ./results/nangate45_3D/bp_multi/HBT/6_final.spef line 324911, instance rof1_0__core/be/be_mmu/dcache/_35131_ not found.
[WARNING STA-1648] ./results/nangate45_3D/bp_multi/HBT/6_final.spef line 324912, instance rof1_0__core/be/be_mmu/dcache/_35143_ not found.
[WARNING STA-1648] ./results/nangate45_3D/bp_multi/HBT/6_final.spef line 324913, instance rof1_0__core/be/be_mmu/dcache/_34542_ not found.
[WARNING STA-1648] ./results/nangate45_3D/bp_multi/HBT/6_final.spef line 324914, instance rof1_0__core/be/be_mmu/dcache/_35208_ not found.
[WARNING STA-1648] ./results/nangate45_3D/bp_multi/HBT/6_final.spef line 324915, instance rof1_0__core/be/be_mmu/dcache/_35204_ not found.
[WARNING STA-1648] ./results/nangate45_3D/bp_multi/HBT/6_final.spef line 324916, instance rof1_0__core/be/be_mmu/dcache/_35155_ not found.
[WARNING STA-1648] ./results/nangate45_3D/bp_multi/HBT/6_final.spef line 324917, instance rof1_0__core/be/be_mmu/dcache/_35127_ not found.
[WARNING STA-1648] ./results/nangate45_3D/bp_multi/HBT/6_final.spef line 324918, instance rof1_0__core/be/be_mmu/dcache/_35124_ not found.
[WARNING STA-1648] ./results/nangate45_3D/bp_multi/HBT/6_final.spef line 324919, instance rof1_0__core/be/be_mmu/dcache/_35120_ not found.
[WARNING STA-1648] ./results/nangate45_3D/bp_multi/HBT/6_final.spef line 324920, instance rof1_0__core/be/be_mmu/dcache/_34588_ not found.
[WARNING STA-1648] ./results/nangate45_3D/bp_multi/HBT/6_final.spef line 324921, instance rof1_0__core/be/be_mmu/dcache/_34583_ not found.
[WARNING STA-1648] ./results/nangate45_3D/bp_multi/HBT/6_final.spef line 324922, instance rof1_0__core/be/be_mmu/dcache/_35201_ not found.
[WARNING STA-1648] ./results/nangate45_3D/bp_multi/HBT/6_final.spef line 324923, instance rof1_0__core/be/be_mmu/dcache/_34567_ not found.
[WARNING STA-1648] ./results/nangate45_3D/bp_multi/HBT/6_final.spef line 324924, instance rof1_0__core/be/be_mmu/dcache/_35180_ not found.
[WARNING STA-1648] ./results/nangate45_3D/bp_multi/HBT/6_final.spef line 324925, instance rof1_0__core/be/be_mmu/dcache/_35134_ not found.
[WARNING STA-1648] ./results/nangate45_3D/bp_multi/HBT/6_final.spef line 324926, instance rof1_0__core/be/be_mmu/dcache/_34591_ not found.
[WARNING STA-1648] ./results/nangate45_3D/bp_multi/HBT/6_final.spef line 324927, instance rof1_0__core/be/be_mmu/dcache/_34595_ not found.
[WARNING STA-1648] ./results/nangate45_3D/bp_multi/HBT/6_final.spef line 324928, instance rof1_0__core/be/be_mmu/dcache/_34602_ not found.
[WARNING STA-1648] ./results/nangate45_3D/bp_multi/HBT/6_final.spef line 324929, instance rof1_0__core/be/be_mmu/dcache/_35214_ not found.
[WARNING STA-1648] ./results/nangate45_3D/bp_multi/HBT/6_final.spef line 324930, instance rof1_0__core/be/be_mmu/dcache/_35215_ not found.
[WARNING STA-1648] ./results/nangate45_3D/bp_multi/HBT/6_final.spef line 324931, instance rof1_0__core/be/be_mmu/dcache/_34598_ not found.
[WARNING STA-1648] ./results/nangate45_3D/bp_multi/HBT/6_final.spef line 324932, instance rof1_0__core/be/be_mmu/dcache/_35207_ not found.
[WARNING STA-1648] ./results/nangate45_3D/bp_multi/HBT/6_final.spef line 324933, instance rof1_0__core/be/be_mmu/dcache/_35212_ not found.
[WARNING STA-1648] ./results/nangate45_3D/bp_multi/HBT/6_final.spef line 324934, instance rof1_0__core/be/be_mmu/dcache/_34603_ not found.
[WARNING STA-1648] ./results/nangate45_3D/bp_multi/HBT/6_final.spef line 324935, instance rof1_0__core/be/be_mmu/dcache/_35217_ not found.
[WARNING STA-1648] ./results/nangate45_3D/bp_multi/HBT/6_final.spef line 324936, instance rof1_0__core/be/be_mmu/dcache/_34605_ not found.
[WARNING STA-1648] ./results/nangate45_3D/bp_multi/HBT/6_final.spef line 324937, instance rof1_0__core/be/be_mmu/dcache/_34822_ not found.
[WARNING STA-1648] ./results/nangate45_3D/bp_multi/HBT/6_final.spef line 324938, instance rof1_0__core/be/be_mmu/dcache/_34844_ not found.
[WARNING STA-1648] ./results/nangate45_3D/bp_multi/HBT/6_final.spef line 324939, instance rof1_0__core/be/be_mmu/dcache/_34842_ not found.
[WARNING STA-1648] ./results/nangate45_3D/bp_multi/HBT/6_final.spef line 324940, instance rof1_0__core/be/be_mmu/dcache/_34827_ not found.
[WARNING STA-1648] ./results/nangate45_3D/bp_multi/HBT/6_final.spef line 324941, instance rof1_0__core/be/be_mmu/dcache/_34780_ not found.
[WARNING STA-1648] ./results/nangate45_3D/bp_multi/HBT/6_final.spef line 324942, instance rof1_0__core/be/be_mmu/dcache/_34779_ not found.
[WARNING STA-1648] ./results/nangate45_3D/bp_multi/HBT/6_final.spef line 324943, instance rof1_0__core/be/be_mmu/dcache/_34758_ not found.
[WARNING STA-1648] ./results/nangate45_3D/bp_multi/HBT/6_final.spef line 324944, instance rof1_0__core/be/be_mmu/dcache/_34761_ not found.
[WARNING STA-1648] ./results/nangate45_3D/bp_multi/HBT/6_final.spef line 324945, instance rof1_0__core/be/be_mmu/dcache/_34828_ not found.
[WARNING STA-1648] ./results/nangate45_3D/bp_multi/HBT/6_final.spef line 324946, instance rof1_0__core/be/be_mmu/dcache/_34825_ not found.
[WARNING STA-1648] ./results/nangate45_3D/bp_multi/HBT/6_final.spef line 324947, instance rof1_0__core/be/be_mmu/dcache/_34778_ not found.
[WARNING STA-1648] ./results/nangate45_3D/bp_multi/HBT/6_final.spef line 324948, instance rof1_0__core/be/be_mmu/dcache/_34829_ not found.
[WARNING STA-1648] ./results/nangate45_3D/bp_multi/HBT/6_final.spef line 324949, instance rof1_0__core/be/be_mmu/dcache/_34765_ not found.
[WARNING STA-1648] ./results/nangate45_3D/bp_multi/HBT/6_final.spef line 324950, instance rof1_0__core/be/be_mmu/dcache/_34776_ not found.
[WARNING STA-1648] ./results/nangate45_3D/bp_multi/HBT/6_final.spef line 324951, instance rof1_0__core/be/be_mmu/dcache/_34770_ not found.
[WARNING STA-1648] ./results/nangate45_3D/bp_multi/HBT/6_final.spef line 324952, instance rof1_0__core/be/be_mmu/dcache/_34771_ not found.
[WARNING STA-1648] ./results/nangate45_3D/bp_multi/HBT/6_final.spef line 324953, instance rof1_0__core/be/be_mmu/dcache/_34767_ not found.
[WARNING STA-1648] ./results/nangate45_3D/bp_multi/HBT/6_final.spef line 324954, instance rof1_0__core/be/be_mmu/dcache/_34764_ not found.
[WARNING STA-1648] ./results/nangate45_3D/bp_multi/HBT/6_final.spef line 324955, instance rof1_0__core/be/be_mmu/dcache/_34763_ not found.
[WARNING STA-1648] ./results/nangate45_3D/bp_multi/HBT/6_final.spef line 324956, instance rof1_0__core/be/be_mmu/dcache/_34766_ not found.
[WARNING STA-1648] ./results/nangate45_3D/bp_multi/HBT/6_final.spef line 324957, instance rof1_0__core/be/be_mmu/dcache/_34768_ not found.
[WARNING STA-1648] ./results/nangate45_3D/bp_multi/HBT/6_final.spef line 324958, instance rof1_0__core/be/be_mmu/dcache/_34773_ not found.
[WARNING STA-1648] ./results/nangate45_3D/bp_multi/HBT/6_final.spef line 324959, instance rof1_0__core/be/be_mmu/dcache/_34774_ not found.
[WARNING STA-1648] ./results/nangate45_3D/bp_multi/HBT/6_final.spef line 324960, instance rof1_0__core/be/be_mmu/dcache/_34775_ not found.
[WARNING STA-1648] ./results/nangate45_3D/bp_multi/HBT/6_final.spef line 324961, instance rof1_0__core/be/be_mmu/dcache/_34762_ not found.
[WARNING STA-1648] ./results/nangate45_3D/bp_multi/HBT/6_final.spef line 324962, instance rof1_0__core/be/be_mmu/dcache/_34772_ not found.
[WARNING STA-1648] ./results/nangate45_3D/bp_multi/HBT/6_final.spef line 324963, instance rof1_0__core/be/be_mmu/dcache/_34777_ not found.
[WARNING STA-1648] ./results/nangate45_3D/bp_multi/HBT/6_final.spef line 324964, instance rof1_0__core/be/be_mmu/dcache/_34826_ not found.
[WARNING STA-1648] ./results/nangate45_3D/bp_multi/HBT/6_final.spef line 324965, instance rof1_0__core/be/be_mmu/dcache/_34845_ not found.
[WARNING STA-1648] ./results/nangate45_3D/bp_multi/HBT/6_final.spef line 324966, instance rof1_0__core/be/be_mmu/dcache/_34784_ not found.
[WARNING STA-1648] ./results/nangate45_3D/bp_multi/HBT/6_final.spef line 324967, instance rof1_0__core/be/be_mmu/dcache/_34843_ not found.
[WARNING STA-1648] ./results/nangate45_3D/bp_multi/HBT/6_final.spef line 324968, instance rof1_0__core/be/be_mmu/dcache/_34846_ not found.
[WARNING STA-1648] ./results/nangate45_3D/bp_multi/HBT/6_final.spef line 324969, instance rof1_0__core/be/be_mmu/dcache/_34782_ not found.
[WARNING STA-1648] ./results/nangate45_3D/bp_multi/HBT/6_final.spef line 324970, instance rof1_0__core/be/be_mmu/dcache/_34840_ not found.
[WARNING STA-1648] ./results/nangate45_3D/bp_multi/HBT/6_final.spef line 324971, instance rof1_0__core/be/be_mmu/dcache/_34823_ not found.
[WARNING STA-1648] ./results/nangate45_3D/bp_multi/HBT/6_final.spef line 324972, instance rof1_0__core/be/be_mmu/dcache/_34841_ not found.
[WARNING STA-1648] ./results/nangate45_3D/bp_multi/HBT/6_final.spef line 324973, instance rof1_0__core/be/be_mmu/dcache/_34839_ not found.
[WARNING STA-1648] ./results/nangate45_3D/bp_multi/HBT/6_final.spef line 324974, instance rof1_0__core/be/be_mmu/dcache/_34847_ not found.
[WARNING STA-1648] ./results/nangate45_3D/bp_multi/HBT/6_final.spef line 324975, instance rof1_0__core/be/be_mmu/dcache/_34838_ not found.
[WARNING STA-1648] ./results/nangate45_3D/bp_multi/HBT/6_final.spef line 324976, instance rof1_0__core/be/be_mmu/dcache/_34824_ not found.
[WARNING STA-1648] ./results/nangate45_3D/bp_multi/HBT/6_final.spef line 324977, instance rof1_0__core/be/be_mmu/dcache/_34760_ not found.
[WARNING STA-1648] ./results/nangate45_3D/bp_multi/HBT/6_final.spef line 324978, instance rof1_0__core/be/be_mmu/dcache/_34759_ not found.
[WARNING STA-1648] ./results/nangate45_3D/bp_multi/HBT/6_final.spef line 324979, instance rof1_0__core/be/be_mmu/dcache/_34781_ not found.
[WARNING STA-1648] ./results/nangate45_3D/bp_multi/HBT/6_final.spef line 324980, instance rof1_0__core/be/be_mmu/dcache/_35213_ not found.
[WARNING STA-1648] ./results/nangate45_3D/bp_multi/HBT/6_final.spef line 324981, instance rof1_0__core/be/be_mmu/dcache/_34600_ not found.
[WARNING STA-1648] ./results/nangate45_3D/bp_multi/HBT/6_final.spef line 324982, instance rof1_0__core/be/be_mmu/dcache/_35218_ not found.
[WARNING STA-1648] ./results/nangate45_3D/bp_multi/HBT/6_final.spef line 324983, instance rof1_0__core/be/be_mmu/dcache/_35216_ not found.
[WARNING STA-1648] ./results/nangate45_3D/bp_multi/HBT/6_final.spef line 324984, instance rof1_0__core/be/be_mmu/dcache/_34606_ not found.
[WARNING STA-1648] ./results/nangate45_3D/bp_multi/HBT/6_final.spef line 324985, instance rof1_0__core/be/be_mmu/dcache/_34601_ not found.
[WARNING STA-1648] ./results/nangate45_3D/bp_multi/HBT/6_final.spef line 324986, instance rof1_0__core/be/be_mmu/dcache/_34597_ not found.
[WARNING STA-1648] ./results/nangate45_3D/bp_multi/HBT/6_final.spef line 324987, instance rof1_0__core/be/be_mmu/dcache/_34896_ not found.
[WARNING STA-1648] ./results/nangate45_3D/bp_multi/HBT/6_final.spef line 324988, instance rof1_0__core/be/be_mmu/dcache/_34880_ not found.
[WARNING STA-1648] ./results/nangate45_3D/bp_multi/HBT/6_final.spef line 324989, instance rof1_0__core/be/be_mmu/dcache/_35194_ not found.
[WARNING STA-1648] ./results/nangate45_3D/bp_multi/HBT/6_final.spef line 324990, instance rof1_0__core/be/be_mmu/dcache/_35104_ not found.
[WARNING STA-1648] ./results/nangate45_3D/bp_multi/HBT/6_final.spef line 324991, instance rof1_0__core/be/be_mmu/dcache/_35110_ not found.
[WARNING STA-1648] ./results/nangate45_3D/bp_multi/HBT/6_final.spef line 324992, instance rof1_0__core/be/be_mmu/dcache/_34592_ not found.
[WARNING STA-1648] ./results/nangate45_3D/bp_multi/HBT/6_final.spef line 324993, instance rof1_0__core/be/be_mmu/dcache/_34593_ not found.
[WARNING STA-1648] ./results/nangate45_3D/bp_multi/HBT/6_final.spef line 324994, instance rof1_0__core/be/be_mmu/dcache/_34883_ not found.
[WARNING STA-1648] ./results/nangate45_3D/bp_multi/HBT/6_final.spef line 324995, instance rof1_0__core/be/be_mmu/dcache/_34915_ not found.
[WARNING STA-1648] ./results/nangate45_3D/bp_multi/HBT/6_final.spef line 324996, instance rof1_0__core/be/be_mmu/dcache/_34596_ not found.
[WARNING STA-1648] ./results/nangate45_3D/bp_multi/HBT/6_final.spef line 324997, instance rof1_0__core/be/be_mmu/dcache/_35210_ not found.
[WARNING STA-1648] ./results/nangate45_3D/bp_multi/HBT/6_final.spef line 324998, instance rof1_0__core/be/be_mmu/dcache/_34594_ not found.
[WARNING STA-1648] ./results/nangate45_3D/bp_multi/HBT/6_final.spef line 324999, instance rof1_0__core/be/be_mmu/dcache/_34599_ not found.
[WARNING STA-1648] ./results/nangate45_3D/bp_multi/HBT/6_final.spef line 325000, instance rof1_0__core/be/be_mmu/dcache/_34604_ not found.
[WARNING STA-1648] ./results/nangate45_3D/bp_multi/HBT/6_final.spef line 325001, instance rof1_0__core/be/be_mmu/dcache/_35219_ not found.
[WARNING STA-1648] ./results/nangate45_3D/bp_multi/HBT/6_final.spef line 325002, instance rof1_0__core/be/be_mmu/dcache/_35211_ not found.
[WARNING STA-1648] ./results/nangate45_3D/bp_multi/HBT/6_final.spef line 325003, instance rof1_0__core/be/be_mmu/dcache/_35135_ not found.
[WARNING STA-1648] ./results/nangate45_3D/bp_multi/HBT/6_final.spef line 325004, instance rof1_0__core/be/be_mmu/dcache/_35133_ not found.
[WARNING STA-1648] ./results/nangate45_3D/bp_multi/HBT/6_final.spef line 325005, instance rof1_0__core/be/be_mmu/dcache/_35129_ not found.
[WARNING STA-1648] ./results/nangate45_3D/bp_multi/HBT/6_final.spef line 325006, instance rof1_0__core/be/be_mmu/dcache/_34574_ not found.
[WARNING STA-1648] ./results/nangate45_3D/bp_multi/HBT/6_final.spef line 325007, instance rof1_0__core/be/be_mmu/dcache/_35186_ not found.
[WARNING STA-1648] ./results/nangate45_3D/bp_multi/HBT/6_final.spef line 325008, instance rof1_0__core/be/be_mmu/dcache/_35187_ not found.
[WARNING STA-1648] ./results/nangate45_3D/bp_multi/HBT/6_final.spef line 325009, instance rof1_0__core/be/be_mmu/dcache/_35132_ not found.
[WARNING STA-1648] ./results/nangate45_3D/bp_multi/HBT/6_final.spef line 325010, instance rof1_0__core/be/be_mmu/dcache/_34573_ not found.
[WARNING STA-1648] ./results/nangate45_3D/bp_multi/HBT/6_final.spef line 325011, instance rof1_0__core/be/be_mmu/dcache/_35103_ not found.
[WARNING STA-1648] ./results/nangate45_3D/bp_multi/HBT/6_final.spef line 325012, instance rof1_0__core/be/be_mmu/dcache/_34572_ not found.
[WARNING STA-1648] ./results/nangate45_3D/bp_multi/HBT/6_final.spef line 325013, instance rof1_0__core/be/be_mmu/dcache/_35184_ not found.
[WARNING STA-1648] ./results/nangate45_3D/bp_multi/HBT/6_final.spef line 325014, instance rof1_0__core/be/be_mmu/dcache/_34571_ not found.
[WARNING STA-1648] ./results/nangate45_3D/bp_multi/HBT/6_final.spef line 325015, instance rof1_0__core/be/be_mmu/dcache/_34848_ not found.
[WARNING STA-1648] ./results/nangate45_3D/bp_multi/HBT/6_final.spef line 325016, instance rof1_0__core/be/be_mmu/dcache/_34852_ not found.
[WARNING STA-1648] ./results/nangate45_3D/bp_multi/HBT/6_final.spef line 325017, instance rof1_0__core/be/be_mmu/dcache/_34834_ not found.
[WARNING STA-1648] ./results/nangate45_3D/bp_multi/HBT/6_final.spef line 325018, instance rof1_0__core/be/be_mmu/dcache/_34850_ not found.
[WARNING STA-1648] ./results/nangate45_3D/bp_multi/HBT/6_final.spef line 325019, instance rof1_0__core/be/be_mmu/dcache/_35185_ not found.
[WARNING STA-1648] ./results/nangate45_3D/bp_multi/HBT/6_final.spef line 325020, instance rof1_0__core/be/be_mmu/dcache/_35101_ not found.
[WARNING STA-1648] ./results/nangate45_3D/bp_multi/HBT/6_final.spef line 325021, instance rof1_0__core/be/be_mmu/dcache/_35183_ not found.
[WARNING STA-1648] ./results/nangate45_3D/bp_multi/HBT/6_final.spef line 325022, instance rof1_0__core/be/be_mmu/dcache/_35181_ not found.
[WARNING STA-1648] ./results/nangate45_3D/bp_multi/HBT/6_final.spef line 325023, instance rof1_0__core/be/be_mmu/dcache/_35182_ not found.
[WARNING STA-1648] ./results/nangate45_3D/bp_multi/HBT/6_final.spef line 325024, instance rof1_0__core/be/be_mmu/dcache/_35098_ not found.
[WARNING STA-1648] ./results/nangate45_3D/bp_multi/HBT/6_final.spef line 325025, instance rof1_0__core/be/be_mmu/dcache/_35151_ not found.
[WARNING STA-1648] ./results/nangate45_3D/bp_multi/HBT/6_final.spef line 325026, instance rof1_0__core/be/be_mmu/dcache/_34544_ not found.
[WARNING STA-1648] ./results/nangate45_3D/bp_multi/HBT/6_final.spef line 325027, instance rof1_0__core/be/be_mmu/dcache/_34547_ not found.
[WARNING STA-1648] ./results/nangate45_3D/bp_multi/HBT/6_final.spef line 325028, instance rof1_0__core/be/be_mmu/dcache/_34545_ not found.
[WARNING STA-1648] ./results/nangate45_3D/bp_multi/HBT/6_final.spef line 325029, instance rof1_0__core/be/be_mmu/dcache/_34548_ not found.
[WARNING STA-1648] ./results/nangate45_3D/bp_multi/HBT/6_final.spef line 325030, instance rof1_0__core/be/be_mmu/dcache/_35161_ not found.
[WARNING STA-1648] ./results/nangate45_3D/bp_multi/HBT/6_final.spef line 325031, instance rof1_0__core/be/be_mmu/dcache/_35078_ not found.
[WARNING STA-1648] ./results/nangate45_3D/bp_multi/HBT/6_final.spef line 325032, instance rof1_0__core/be/be_mmu/dcache/_35159_ not found.
[WARNING STA-1648] ./results/nangate45_3D/bp_multi/HBT/6_final.spef line 325033, instance rof1_0__core/be/be_mmu/dcache/_35171_ not found.
[WARNING STA-1648] ./results/nangate45_3D/bp_multi/HBT/6_final.spef line 325034, instance rof1_0__core/be/be_mmu/dcache/_34558_ not found.
[WARNING STA-1648] ./results/nangate45_3D/bp_multi/HBT/6_final.spef line 325035, instance rof1_0__core/be/be_mmu/dcache/_35170_ not found.
[WARNING STA-1648] ./results/nangate45_3D/bp_multi/HBT/6_final.spef line 325036, instance rof1_0__core/be/be_mmu/dcache/_34557_ not found.
[WARNING STA-1648] ./results/nangate45_3D/bp_multi/HBT/6_final.spef line 325037, instance rof1_0__core/be/be_mmu/dcache/_34552_ not found.
[WARNING STA-1648] ./results/nangate45_3D/bp_multi/HBT/6_final.spef line 325038, instance rof1_0__core/be/be_mmu/dcache/_34553_ not found.
[WARNING STA-1648] ./results/nangate45_3D/bp_multi/HBT/6_final.spef line 325039, instance rof1_0__core/be/be_mmu/dcache/_35166_ not found.
[WARNING STA-1648] ./results/nangate45_3D/bp_multi/HBT/6_final.spef line 325040, instance rof1_0__core/be/be_mmu/dcache/_35084_ not found.
[WARNING STA-1648] ./results/nangate45_3D/bp_multi/HBT/6_final.spef line 325041, instance rof1_0__core/be/be_mmu/dcache/_35169_ not found.
[WARNING STA-1648] ./results/nangate45_3D/bp_multi/HBT/6_final.spef line 325042, instance rof1_0__core/be/be_mmu/dcache/_34536_ not found.
[WARNING STA-1648] ./results/nangate45_3D/bp_multi/HBT/6_final.spef line 325043, instance rof1_0__core/be/be_mmu/dcache/_35149_ not found.
[WARNING STA-1648] ./results/nangate45_3D/bp_multi/HBT/6_final.spef line 325044, instance rof1_0__core/be/be_mmu/dcache/_35165_ not found.
[WARNING STA-1648] ./results/nangate45_3D/bp_multi/HBT/6_final.spef line 325045, instance rof1_0__core/be/be_mmu/dcache/_35087_ not found.
[WARNING STA-1648] ./results/nangate45_3D/bp_multi/HBT/6_final.spef line 325046, instance rof1_0__core/be/be_mmu/dcache/_34535_ not found.
[WARNING STA-1648] ./results/nangate45_3D/bp_multi/HBT/6_final.spef line 325047, instance rof1_0__core/be/be_mmu/dcache/_35086_ not found.
[WARNING STA-1648] ./results/nangate45_3D/bp_multi/HBT/6_final.spef line 325048, instance rof1_0__core/be/be_mmu/dcache/_34555_ not found.
[WARNING STA-1648] ./results/nangate45_3D/bp_multi/HBT/6_final.spef line 325049, instance rof1_0__core/be/be_mmu/dcache/_35168_ not found.
[WARNING STA-1648] ./results/nangate45_3D/bp_multi/HBT/6_final.spef line 325050, instance rof1_0__core/be/be_mmu/dcache/_34550_ not found.
[WARNING STA-1648] ./results/nangate45_3D/bp_multi/HBT/6_final.spef line 325051, instance rof1_0__core/be/be_mmu/dcache/_34543_ not found.
[WARNING STA-1648] ./results/nangate45_3D/bp_multi/HBT/6_final.spef line 325052, instance rof1_0__core/be/be_mmu/dcache/_35075_ not found.
[WARNING STA-1648] ./results/nangate45_3D/bp_multi/HBT/6_final.spef line 325053, instance rof1_0__core/be/be_mmu/dcache/_34554_ not found.
[WARNING STA-1648] ./results/nangate45_3D/bp_multi/HBT/6_final.spef line 325054, instance rof1_0__core/be/be_mmu/dcache/_35164_ not found.
[WARNING STA-1648] ./results/nangate45_3D/bp_multi/HBT/6_final.spef line 325055, instance rof1_0__core/be/be_mmu/dcache/_34551_ not found.
[WARNING STA-1648] ./results/nangate45_3D/bp_multi/HBT/6_final.spef line 325056, instance rof1_0__core/be/be_mmu/dcache/_35082_ not found.
[WARNING STA-1648] ./results/nangate45_3D/bp_multi/HBT/6_final.spef line 325057, instance rof1_0__core/be/be_mmu/dcache/_35137_ not found.
[WARNING STA-1648] ./results/nangate45_3D/bp_multi/HBT/6_final.spef line 325058, instance rof1_0__core/be/be_mmu/dcache/_35085_ not found.
[WARNING STA-1648] ./results/nangate45_3D/bp_multi/HBT/6_final.spef line 325059, instance rof1_0__core/be/be_mmu/dcache/_34556_ not found.
[WARNING STA-1648] ./results/nangate45_3D/bp_multi/HBT/6_final.spef line 325060, instance rof1_0__core/be/be_mmu/dcache/_35068_ not found.
[WARNING STA-1648] ./results/nangate45_3D/bp_multi/HBT/6_final.spef line 325061, instance me/network/data_cmd_channel/_24092_ not found.
[WARNING STA-1648] ./results/nangate45_3D/bp_multi/HBT/6_final.spef line 325062, instance rof1_0__core/be/be_mmu/dcache/_35067_ not found.
[WARNING STA-1648] ./results/nangate45_3D/bp_multi/HBT/6_final.spef line 325063, instance rof1_0__core/be/be_mmu/dcache/_35808_ not found.
[WARNING STA-1648] ./results/nangate45_3D/bp_multi/HBT/6_final.spef line 325064, instance rof1_0__core/be/be_mmu/dcache/_35136_ not found.
[WARNING STA-1648] ./results/nangate45_3D/bp_multi/HBT/6_final.spef line 325065, instance rof1_0__core/be/be_mmu/dcache/_35803_ not found.
[WARNING STA-1648] ./results/nangate45_3D/bp_multi/HBT/6_final.spef line 325066, instance rof1_0__core/be/be_mmu/dcache/_35941_ not found.
[WARNING STA-1648] ./results/nangate45_3D/bp_multi/HBT/6_final.spef line 325067, instance rof1_0__core/be/be_mmu/dcache/_36006_ not found.
[WARNING STA-1648] ./results/nangate45_3D/bp_multi/HBT/6_final.spef line 325068, instance rof1_0__core/be/be_mmu/dcache/_35944_ not found.
[WARNING STA-1648] ./results/nangate45_3D/bp_multi/HBT/6_final.spef line 325069, instance rof1_0__core/be/be_mmu/dcache/_34866_ not found.
[WARNING STA-1648] ./results/nangate45_3D/bp_multi/HBT/6_final.spef line 325070, instance rof1_0__core/be/be_mmu/dcache/_35802_ not found.
[WARNING STA-1648] ./results/nangate45_3D/bp_multi/HBT/6_final.spef line 325071, instance rof1_0__core/be/be_mmu/dcache/_34560_ not found.
[WARNING STA-1648] ./results/nangate45_3D/bp_multi/HBT/6_final.spef line 325072, instance rof1_0__core/be/be_mmu/dcache/_35176_ not found.
[WARNING STA-1648] message limit (1000) reached. This message will no longer print.

==========================================================================
finish report_tns
--------------------------------------------------------------------------
tns -2570.56

==========================================================================
finish report_wns
--------------------------------------------------------------------------
wns -4.96

==========================================================================
finish report_worst_slack
--------------------------------------------------------------------------
worst slack -4.96

==========================================================================
finish report_check_types -max_slew -max_cap -max_fanout -violators
--------------------------------------------------------------------------
max slew

Pin                                    Limit    Slew   Slack
------------------------------------------------------------
rof1_0__core/be/be_calculator/float_regfile/rf/z_notmacro_synth/_30495_/ZN    0.20    0.75   -0.56 (VIOLATED)
rof1_0__core/be/be_calculator/float_regfile/rf/z_notmacro_synth/_28028_/ZN    0.20    0.69   -0.49 (VIOLATED)
rof1_0__core/be/be_calculator/float_regfile/rf/z_notmacro_synth/_29780_/ZN    0.20    0.69   -0.49 (VIOLATED)
rof1_0__core/be/be_calculator/float_regfile/rf/z_notmacro_synth/_28314_/ZN    0.20    0.64   -0.44 (VIOLATED)
rof1_0__core/be/be_calculator/float_regfile/rf/z_notmacro_synth/_28171_/ZN    0.20    0.63   -0.43 (VIOLATED)
rof1_0__core/be/be_calculator/float_regfile/rf/z_notmacro_synth/_31210_/ZN    0.20    0.59   -0.39 (VIOLATED)
rof1_0__core/be/be_calculator/float_regfile/rf/z_notmacro_synth/_29637_/ZN    0.20    0.53   -0.33 (VIOLATED)
rof1_0__core/be/be_calculator/float_regfile/rf/z_notmacro_synth/_30066_/ZN    0.20    0.36   -0.16 (VIOLATED)
rof1_0__core/be/be_calculator/float_regfile/rf/z_notmacro_synth/_30209_/ZN    0.20    0.36   -0.16 (VIOLATED)
rof1_0__core/be/be_calculator/float_regfile/rf/z_notmacro_synth/_28458_/ZN    0.20    0.36   -0.16 (VIOLATED)
rof1_0__core/be/be_calculator/float_regfile/rf/z_notmacro_synth/_30352_/ZN    0.20    0.36   -0.16 (VIOLATED)
rof1_0__core/be/be_calculator/float_regfile/rf/z_notmacro_synth/_26955_/ZN    0.20    0.35   -0.15 (VIOLATED)
rof1_0__core/be/be_calculator/float_regfile/rf/z_notmacro_synth/_27301_/ZN    0.20    0.34   -0.14 (VIOLATED)
rof1_0__core/be/be_calculator/float_regfile/rf/z_notmacro_synth/_27595_/ZN    0.20    0.34   -0.14 (VIOLATED)
rof1_0__core/be/be_calculator/float_regfile/rf/z_notmacro_synth/_27451_/ZN    0.20    0.34   -0.14 (VIOLATED)
rof1_0__core/be/be_calculator/float_regfile/rf/z_notmacro_synth/_29182_/ZN    0.20    0.33   -0.13 (VIOLATED)
rof1_0__core/be/be_calculator/float_regfile/rf/z_notmacro_synth/_29923_/ZN    0.20    0.33   -0.13 (VIOLATED)
rof1_0__core/be/be_calculator/float_regfile/rf/z_notmacro_synth/_27883_/ZN    0.20    0.32   -0.12 (VIOLATED)
rof1_0__core/be/be_calculator/float_regfile/rf/z_notmacro_synth/_28602_/ZN    0.20    0.31   -0.11 (VIOLATED)
rof1_0__core/be/be_calculator/float_regfile/rf/z_notmacro_synth/_31067_/ZN    0.20    0.28   -0.08 (VIOLATED)
rof1_0__core/be/be_calculator/float_regfile/rf/z_notmacro_synth/_31353_/ZN    0.20    0.28   -0.08 (VIOLATED)
rof1_0__core/be/be_calculator/float_regfile/rf/z_notmacro_synth/_30924_/ZN    0.20    0.27   -0.08 (VIOLATED)
rof1_0__core/be/be_calculator/float_regfile/rf/z_notmacro_synth/_29494_/ZN    0.20    0.26   -0.06 (VIOLATED)
output702/Z                             0.20    0.24   -0.04 (VIOLATED)
output730/Z                             0.20    0.22   -0.02 (VIOLATED)
output1226/Z                            0.20    0.22   -0.02 (VIOLATED)
output995/Z                             0.20    0.22   -0.02 (VIOLATED)
output1165/Z                            0.20    0.22   -0.02 (VIOLATED)
output873/Z                             0.20    0.21   -0.01 (VIOLATED)
output949/Z                             0.20    0.21   -0.01 (VIOLATED)
output713/Z                             0.20    0.21   -0.01 (VIOLATED)
output731/Z                             0.20    0.21   -0.01 (VIOLATED)
output1022/Z                            0.20    0.20   -0.01 (VIOLATED)
output961/Z                             0.20    0.20   -0.01 (VIOLATED)
output714/Z                             0.20    0.20   -0.00 (VIOLATED)
output1034/Z                            0.20    0.20   -0.00 (VIOLATED)
output1201/Z                            0.20    0.20   -0.00 (VIOLATED)
output1172/Z                            0.20    0.20   -0.00 (VIOLATED)
output900/Z                             0.20    0.20   -0.00 (VIOLATED)
output1202/Z                            0.20    0.20   -0.00 (VIOLATED)
output1189/Z                            0.20    0.20   -0.00 (VIOLATED)
output1070/Z                            0.20    0.20   -0.00 (VIOLATED)
output729/Z                             0.20    0.20   -0.00 (VIOLATED)

max capacitance

Pin                                    Limit     Cap   Slack
------------------------------------------------------------
HBT_TOPIN_69678/BOT                   121.15  425.50 -304.35 (VIOLATED)
HBT_TOPIN_88414/BOT                   121.15  330.16 -209.00 (VIOLATED)
rof1_0__core/be/be_calculator/float_regfile/rf/z_notmacro_synth/_30495_/ZN   26.70  161.21 -134.51 (VIOLATED)
rof1_0__core/be/be_calculator/float_regfile/rf/z_notmacro_synth/_28028_/ZN   26.70  147.61 -120.90 (VIOLATED)
rof1_0__core/be/be_calculator/float_regfile/rf/z_notmacro_synth/_29780_/ZN   26.70  147.39 -120.68 (VIOLATED)
rof1_0__core/be/be_calculator/float_regfile/rf/z_notmacro_synth/_28314_/ZN   26.70  136.99 -110.29 (VIOLATED)
rof1_0__core/be/be_calculator/float_regfile/rf/z_notmacro_synth/_28171_/ZN   26.70  133.35 -106.65 (VIOLATED)
HBT_TOPIN_71374/BOT                   121.15  226.19 -105.03 (VIOLATED)
rof1_0__core/be/be_calculator/float_regfile/rf/z_notmacro_synth/_31210_/ZN   26.70  125.54  -98.84 (VIOLATED)
HBT_TOPIN_71648/BOT                   121.15  217.98  -96.83 (VIOLATED)
rof1_0__core/be/be_calculator/float_regfile/rf/z_notmacro_synth/_28458_/ZN   59.36  154.01  -94.65 (VIOLATED)
rof1_0__core/be/be_calculator/float_regfile/rf/z_notmacro_synth/_30066_/ZN   59.36  154.01  -94.65 (VIOLATED)
rof1_0__core/be/be_calculator/float_regfile/rf/z_notmacro_synth/_30209_/ZN   59.36  154.01  -94.65 (VIOLATED)
rof1_0__core/be/be_calculator/float_regfile/rf/z_notmacro_synth/_30352_/ZN   59.36  154.01  -94.65 (VIOLATED)
HBT_TOPIN_69682/BOT                   121.15  212.65  -91.49 (VIOLATED)
rof1_0__core/be/be_calculator/float_regfile/rf/z_notmacro_synth/_26955_/ZN   59.36  150.84  -91.48 (VIOLATED)
rof1_0__core/be/be_calculator/float_regfile/rf/z_notmacro_synth/_27301_/ZN   59.36  147.64  -88.28 (VIOLATED)
rof1_0__core/be/be_calculator/float_regfile/rf/z_notmacro_synth/_27595_/ZN   59.36  147.64  -88.28 (VIOLATED)
rof1_0__core/be/be_calculator/float_regfile/rf/z_notmacro_synth/_29637_/ZN   26.70  112.37  -85.67 (VIOLATED)
HBT_TOPIN_71624/BOT                   121.15  206.46  -85.30 (VIOLATED)
HBT_TOPIN_71689/BOT                   121.15  206.39  -85.23 (VIOLATED)
rof1_0__core/be/be_calculator/float_regfile/rf/z_notmacro_synth/_27451_/ZN   59.36  144.47  -85.11 (VIOLATED)
HBT_TOPIN_71620/BOT                   121.15  205.17  -84.01 (VIOLATED)
rof1_0__core/be/be_calculator/float_regfile/rf/z_notmacro_synth/_29923_/ZN   59.36  141.33  -81.97 (VIOLATED)
HBT_TOPIN_71378/BOT                   121.15  200.74  -79.59 (VIOLATED)
rof1_0__core/be/be_calculator/float_regfile/rf/z_notmacro_synth/_27883_/ZN   59.36  138.13  -78.77 (VIOLATED)
HBT_TOPIN_71691/BOT                   121.15  191.25  -70.09 (VIOLATED)
rof1_0__core/be/be_calculator/float_regfile/rf/z_notmacro_synth/_31067_/ZN   59.36  119.10  -59.75 (VIOLATED)
rof1_0__core/be/be_calculator/float_regfile/rf/z_notmacro_synth/_31353_/ZN   59.36  119.10  -59.75 (VIOLATED)
HBT_TOPIN_76148/BOT                   121.15  179.54  -58.39 (VIOLATED)
rof1_0__core/be/be_calculator/float_regfile/rf/z_notmacro_synth/_30924_/ZN   59.36  117.50  -58.15 (VIOLATED)
output702/Z                            60.65  118.51  -57.86 (VIOLATED)
output730/Z                            60.65  109.24  -48.59 (VIOLATED)
output1226/Z                           60.65  106.93  -46.28 (VIOLATED)
HBT_TOPIN_71690/BOT                   121.15  167.20  -46.05 (VIOLATED)
output995/Z                            60.65  105.88  -45.23 (VIOLATED)
output1165/Z                           60.65  105.79  -45.14 (VIOLATED)
output949/Z                            60.65  103.91  -43.25 (VIOLATED)
output1202/Z                           60.65  103.63  -42.97 (VIOLATED)
rof1_0__core/be/be_calculator/float_regfile/rf/z_notmacro_synth/_29182_/ZN   26.70   69.61  -42.90 (VIOLATED)
output873/Z                            60.65  103.54  -42.89 (VIOLATED)
output1200/Z                           60.65  102.39  -41.74 (VIOLATED)
output731/Z                            60.65  102.13  -41.48 (VIOLATED)
output713/Z                            60.65  101.66  -41.01 (VIOLATED)
output760/Z                            60.65  101.45  -40.80 (VIOLATED)
output744/Z                            60.65  101.41  -40.76 (VIOLATED)
output1186/Z                           60.65  101.27  -40.62 (VIOLATED)
HBT_TOPIN_71680/BOT                   121.15  161.54  -40.39 (VIOLATED)
output1187/Z                           60.65  101.02  -40.36 (VIOLATED)
output1184/Z                           60.65  100.43  -39.78 (VIOLATED)
output1201/Z                           60.65   99.77  -39.12 (VIOLATED)
rof1_0__core/be/be_calculator/float_regfile/rf/z_notmacro_synth/_28602_/ZN   26.70   65.77  -39.07 (VIOLATED)
output1282/Z                           60.65   99.59  -38.93 (VIOLATED)
output788/Z                            60.65   99.50  -38.85 (VIOLATED)
output1022/Z                           60.65   99.19  -38.54 (VIOLATED)
output1104/Z                           60.65   98.87  -38.22 (VIOLATED)
output961/Z                            60.65   98.80  -38.14 (VIOLATED)
output714/Z                            60.65   98.54  -37.89 (VIOLATED)
output1172/Z                           60.65   98.52  -37.87 (VIOLATED)
output966/Z                            60.65   98.23  -37.58 (VIOLATED)
output1034/Z                           60.65   98.13  -37.48 (VIOLATED)
output900/Z                            60.65   97.57  -36.92 (VIOLATED)
output1161/Z                           60.65   97.38  -36.72 (VIOLATED)
output729/Z                            60.65   97.16  -36.51 (VIOLATED)
output1298/Z                           60.65   97.10  -36.45 (VIOLATED)
output1070/Z                           60.65   96.92  -36.26 (VIOLATED)
output1189/Z                           60.65   96.84  -36.18 (VIOLATED)
output888/Z                            60.65   96.09  -35.43 (VIOLATED)
output1198/Z                           60.65   96.07  -35.42 (VIOLATED)
output956/Z                            60.65   96.06  -35.41 (VIOLATED)
output1050/Z                           60.65   96.06  -35.40 (VIOLATED)
output1147/Z                           60.65   95.54  -34.89 (VIOLATED)
output878/Z                            60.65   95.49  -34.84 (VIOLATED)
output1192/Z                           60.65   95.41  -34.76 (VIOLATED)
output988/Z                            60.65   95.36  -34.71 (VIOLATED)
output1093/Z                           60.65   95.10  -34.45 (VIOLATED)
output768/Z                            60.65   95.04  -34.38 (VIOLATED)
output1228/Z                           60.65   94.99  -34.34 (VIOLATED)
output1144/Z                           60.65   94.95  -34.30 (VIOLATED)
output865/Z                            60.65   94.83  -34.18 (VIOLATED)
output763/Z                            60.65   94.81  -34.16 (VIOLATED)
output1301/Z                           60.65   94.73  -34.07 (VIOLATED)
output737/Z                            60.65   94.63  -33.97 (VIOLATED)
output849/Z                            60.65   94.53  -33.88 (VIOLATED)
output1029/Z                           60.65   93.94  -33.28 (VIOLATED)
output728/Z                            60.65   93.92  -33.26 (VIOLATED)
output940/Z                            60.65   93.82  -33.16 (VIOLATED)
output902/Z                            60.65   93.63  -32.98 (VIOLATED)
output813/Z                            60.65   93.38  -32.73 (VIOLATED)
output1295/Z                           60.65   93.24  -32.58 (VIOLATED)
output894/Z                            60.65   93.23  -32.57 (VIOLATED)
output1206/Z                           60.65   93.12  -32.46 (VIOLATED)
output835/Z                            60.65   93.05  -32.40 (VIOLATED)
output936/Z                            60.65   92.95  -32.30 (VIOLATED)
output829/Z                            60.65   92.61  -31.95 (VIOLATED)
output805/Z                            60.65   92.45  -31.80 (VIOLATED)
output1218/Z                           60.65   92.41  -31.76 (VIOLATED)
HBT_TOPIN_71622/BOT                   121.15  152.89  -31.74 (VIOLATED)
output1245/Z                           60.65   92.35  -31.70 (VIOLATED)
output1307/Z                           60.65   92.35  -31.70 (VIOLATED)
HBT_TOPIN_71617/BOT                   121.15  152.75  -31.59 (VIOLATED)
output718/Z                            60.65   91.93  -31.28 (VIOLATED)
output832/Z                            60.65   91.85  -31.20 (VIOLATED)
output911/Z                            60.65   91.74  -31.09 (VIOLATED)
output929/Z                            60.65   91.64  -30.99 (VIOLATED)
output1162/Z                           60.65   91.55  -30.90 (VIOLATED)
output1024/Z                           60.65   91.49  -30.84 (VIOLATED)
output747/Z                            60.65   91.15  -30.49 (VIOLATED)
output1269/Z                           60.65   91.06  -30.41 (VIOLATED)
output721/Z                            60.65   90.99  -30.34 (VIOLATED)
output1014/Z                           60.65   90.90  -30.25 (VIOLATED)
HBT_TOPIN_71646/BOT                   121.15  151.33  -30.17 (VIOLATED)
output899/Z                            60.65   90.67  -30.01 (VIOLATED)
output1152/Z                           60.65   90.66  -30.01 (VIOLATED)
output1303/Z                           60.65   90.62  -29.96 (VIOLATED)
output1091/Z                           60.65   90.55  -29.90 (VIOLATED)
output879/Z                            60.65   90.46  -29.81 (VIOLATED)
output1048/Z                           60.65   90.41  -29.75 (VIOLATED)
output1185/Z                           60.65   90.30  -29.65 (VIOLATED)
output767/Z                            60.65   90.30  -29.65 (VIOLATED)
output1168/Z                           60.65   90.23  -29.58 (VIOLATED)
output941/Z                            60.65   90.21  -29.56 (VIOLATED)
HBT_TOPIN_106852/BOT                  121.15  150.63  -29.48 (VIOLATED)
output946/Z                            60.65   90.09  -29.44 (VIOLATED)
output1289/Z                           60.65   90.02  -29.37 (VIOLATED)
output1193/Z                           60.65   89.91  -29.26 (VIOLATED)
output1019/Z                           60.65   89.71  -29.06 (VIOLATED)
output1044/Z                           60.65   89.38  -28.73 (VIOLATED)
output898/Z                            60.65   89.20  -28.55 (VIOLATED)
output999/Z                            60.65   89.01  -28.36 (VIOLATED)
output1182/Z                           60.65   88.99  -28.34 (VIOLATED)
output774/Z                            60.65   88.97  -28.31 (VIOLATED)
output1231/Z                           60.65   88.94  -28.29 (VIOLATED)
output1111/Z                           60.65   88.80  -28.14 (VIOLATED)
output934/Z                            60.65   88.55  -27.90 (VIOLATED)
HBT_TOPIN_106460/BOT                  121.15  148.86  -27.71 (VIOLATED)
HBT_TOPIN_106720/BOT                  121.15  148.78  -27.62 (VIOLATED)
rof1_0__core/be/be_calculator/float_regfile/rf/z_notmacro_synth/_29494_/ZN   26.70   54.31  -27.60 (VIOLATED)
output1010/Z                           60.65   88.14  -27.48 (VIOLATED)
output1038/Z                           60.65   88.06  -27.41 (VIOLATED)
output1159/Z                           60.65   87.75  -27.10 (VIOLATED)
output724/Z                            60.65   87.71  -27.06 (VIOLATED)
output775/Z                            60.65   87.69  -27.03 (VIOLATED)
output884/Z                            60.65   87.69  -27.03 (VIOLATED)
output1224/Z                           60.65   87.61  -26.96 (VIOLATED)
output914/Z                            60.65   87.40  -26.75 (VIOLATED)
output1123/Z                           60.65   87.38  -26.73 (VIOLATED)
output732/Z                            60.65   87.31  -26.66 (VIOLATED)
output1236/Z                           60.65   86.86  -26.21 (VIOLATED)
output1043/Z                           60.65   86.58  -25.92 (VIOLATED)
output907/Z                            60.65   86.16  -25.51 (VIOLATED)
output843/Z                            60.65   85.86  -25.21 (VIOLATED)
output986/Z                            60.65   85.66  -25.00 (VIOLATED)
output994/Z                            60.65   85.65  -24.99 (VIOLATED)
output759/Z                            60.65   85.36  -24.71 (VIOLATED)
output1296/Z                           60.65   85.33  -24.67 (VIOLATED)
output1127/Z                           60.65   84.93  -24.27 (VIOLATED)
output960/Z                            60.65   84.89  -24.23 (VIOLATED)
output738/Z                            60.65   84.87  -24.22 (VIOLATED)
output1016/Z                           60.65   84.60  -23.94 (VIOLATED)
output854/Z                            60.65   84.33  -23.68 (VIOLATED)
output1107/Z                           60.65   84.25  -23.60 (VIOLATED)
output1098/Z                           60.65   84.11  -23.46 (VIOLATED)
output1235/Z                           60.65   84.11  -23.45 (VIOLATED)
output1223/Z                           60.65   83.98  -23.33 (VIOLATED)
output987/Z                            60.65   83.89  -23.24 (VIOLATED)
output762/Z                            60.65   83.89  -23.23 (VIOLATED)
output1041/Z                           60.65   83.51  -22.85 (VIOLATED)
output965/Z                            60.65   83.44  -22.79 (VIOLATED)
output1166/Z                           60.65   83.21  -22.56 (VIOLATED)
output1054/Z                           60.65   83.17  -22.51 (VIOLATED)
output1084/Z                           60.65   83.09  -22.43 (VIOLATED)
output841/Z                            60.65   83.00  -22.35 (VIOLATED)
output804/Z                            60.65   83.00  -22.34 (VIOLATED)
HBT_TOPIN_72335/BOT                   121.15  143.45  -22.30 (VIOLATED)
output1276/Z                           60.65   82.93  -22.28 (VIOLATED)
output970/Z                            60.65   82.69  -22.04 (VIOLATED)
output980/Z                            60.65   82.63  -21.97 (VIOLATED)
output703/Z                            60.65   82.33  -21.68 (VIOLATED)
output1262/Z                           60.65   82.27  -21.62 (VIOLATED)
HBT_TOPIN_71686/BOT                   121.15  142.70  -21.55 (VIOLATED)
output859/Z                            60.65   82.20  -21.55 (VIOLATED)
HBT_TOPIN_106525/BOT                  121.15  142.69  -21.54 (VIOLATED)
HBT_TOPIN_106590/BOT                  121.15  142.69  -21.54 (VIOLATED)
output839/Z                            60.65   82.07  -21.42 (VIOLATED)
output1059/Z                           60.65   82.03  -21.38 (VIOLATED)
output1069/Z                           60.65   81.88  -21.23 (VIOLATED)
output803/Z                            60.65   81.85  -21.20 (VIOLATED)
output1121/Z                           60.65   81.80  -21.15 (VIOLATED)
output1306/Z                           60.65   81.53  -20.88 (VIOLATED)
output1058/Z                           60.65   81.37  -20.72 (VIOLATED)
output850/Z                            60.65   81.34  -20.69 (VIOLATED)
output1137/Z                           60.65   81.21  -20.56 (VIOLATED)
output1112/Z                           60.65   81.17  -20.51 (VIOLATED)
output779/Z                            60.65   81.14  -20.49 (VIOLATED)
output881/Z                            60.65   80.97  -20.32 (VIOLATED)
output751/Z                            60.65   80.93  -20.28 (VIOLATED)
output959/Z                            60.65   80.90  -20.25 (VIOLATED)
output742/Z                            60.65   80.69  -20.04 (VIOLATED)
HBT_TOPIN_107372/BOT                  121.15  141.12  -19.96 (VIOLATED)
HBT_TOPIN_107437/BOT                  121.15  141.12  -19.96 (VIOLATED)
output769/Z                            60.65   80.59  -19.94 (VIOLATED)
output1230/Z                           60.65   80.56  -19.90 (VIOLATED)
output1145/Z                           60.65   80.51  -19.86 (VIOLATED)
output1030/Z                           60.65   80.35  -19.69 (VIOLATED)
output726/Z                            60.65   80.30  -19.65 (VIOLATED)
output1012/Z                           60.65   80.23  -19.58 (VIOLATED)
output722/Z                            60.65   80.21  -19.56 (VIOLATED)
output1102/Z                           60.65   79.78  -19.13 (VIOLATED)
output1005/Z                           60.65   79.77  -19.12 (VIOLATED)
output1173/Z                           60.65   79.73  -19.07 (VIOLATED)
HBT_TOPIN_72567/BOT                   121.15  140.11  -18.95 (VIOLATED)
output766/Z                            60.65   79.26  -18.60 (VIOLATED)
HBT_TOPIN_105601/BOT                  121.15  139.52  -18.37 (VIOLATED)
HBT_TOPIN_106655/BOT                  121.15  139.52  -18.37 (VIOLATED)
output996/Z                            60.65   78.54  -17.88 (VIOLATED)
output1238/Z                           60.65   78.50  -17.85 (VIOLATED)
output903/Z                            60.65   78.49  -17.84 (VIOLATED)
output889/Z                            60.65   78.24  -17.59 (VIOLATED)
output926/Z                            60.65   78.21  -17.56 (VIOLATED)
output1309/Z                           60.65   78.21  -17.55 (VIOLATED)
output1067/Z                           60.65   78.04  -17.39 (VIOLATED)
HBT_TOPIN_72350/BOT                   121.15  138.54  -17.39 (VIOLATED)
output852/Z                            60.65   78.02  -17.37 (VIOLATED)
output1027/Z                           60.65   77.99  -17.33 (VIOLATED)
output1060/Z                           60.65   77.95  -17.30 (VIOLATED)
output736/Z                            60.65   77.85  -17.19 (VIOLATED)
output1129/Z                           60.65   77.58  -16.93 (VIOLATED)
output750/Z                            60.65   77.52  -16.87 (VIOLATED)
output792/Z                            60.65   77.19  -16.53 (VIOLATED)
output1288/Z                           60.65   77.01  -16.36 (VIOLATED)
output1250/Z                           60.65   76.91  -16.26 (VIOLATED)
output866/Z                            60.65   76.73  -16.08 (VIOLATED)
output745/Z                            60.65   76.72  -16.06 (VIOLATED)
output1120/Z                           60.65   76.63  -15.97 (VIOLATED)
output1304/Z                           60.65   76.62  -15.97 (VIOLATED)
output871/Z                            60.65   76.58  -15.93 (VIOLATED)
output741/Z                            60.65   76.26  -15.61 (VIOLATED)
output820/Z                            60.65   76.23  -15.58 (VIOLATED)
output897/Z                            60.65   76.13  -15.48 (VIOLATED)
output1297/Z                           60.65   76.05  -15.39 (VIOLATED)
output1190/Z                           60.65   75.91  -15.25 (VIOLATED)
output893/Z                            60.65   75.72  -15.07 (VIOLATED)
output755/Z                            60.65   75.70  -15.05 (VIOLATED)
output962/Z                            60.65   75.70  -15.05 (VIOLATED)
output942/Z                            60.65   75.68  -15.03 (VIOLATED)
output1248/Z                           60.65   75.60  -14.95 (VIOLATED)
output922/Z                            60.65   75.59  -14.94 (VIOLATED)
output1177/Z                           60.65   75.46  -14.81 (VIOLATED)
output838/Z                            60.65   75.38  -14.73 (VIOLATED)
output1004/Z                           60.65   75.30  -14.65 (VIOLATED)
output821/Z                            60.65   75.24  -14.58 (VIOLATED)
output880/Z                            60.65   75.02  -14.37 (VIOLATED)
output1028/Z                           60.65   74.83  -14.18 (VIOLATED)
output1212/Z                           60.65   74.83  -14.18 (VIOLATED)
output793/Z                            60.65   74.77  -14.12 (VIOLATED)
output1021/Z                           60.65   74.68  -14.03 (VIOLATED)
output833/Z                            60.65   74.67  -14.02 (VIOLATED)
output1035/Z                           60.65   74.65  -14.00 (VIOLATED)
output1234/Z                           60.65   74.54  -13.89 (VIOLATED)
output952/Z                            60.65   74.38  -13.73 (VIOLATED)
output1085/Z                           60.65   74.34  -13.69 (VIOLATED)
output973/Z                            60.65   74.00  -13.35 (VIOLATED)
output1110/Z                           60.65   73.95  -13.30 (VIOLATED)
output1046/Z                           60.65   73.63  -12.98 (VIOLATED)
output712/Z                            60.65   73.63  -12.97 (VIOLATED)
output716/Z                            60.65   73.44  -12.79 (VIOLATED)
output1032/Z                           60.65   73.44  -12.79 (VIOLATED)
output1096/Z                           60.65   73.33  -12.68 (VIOLATED)
output819/Z                            60.65   73.30  -12.64 (VIOLATED)
output814/Z                            60.65   73.18  -12.53 (VIOLATED)
output955/Z                            60.65   73.10  -12.44 (VIOLATED)
output1204/Z                           60.65   73.01  -12.36 (VIOLATED)
output1020/Z                           60.65   72.87  -12.22 (VIOLATED)
output1068/Z                           60.65   72.86  -12.21 (VIOLATED)
rof1_0__core/be/be_calculator/float_regfile/rf/z_notmacro_synth/_29326_/ZN   59.36   71.54  -12.18 (VIOLATED)
output1210/Z                           60.65   72.82  -12.17 (VIOLATED)
output802/Z                            60.65   72.74  -12.09 (VIOLATED)
output974/Z                            60.65   72.74  -12.09 (VIOLATED)
HBT_TOPIN_106786/BOT                  121.15  133.18  -12.02 (VIOLATED)
output1082/Z                           60.65   72.64  -11.98 (VIOLATED)
output853/Z                            60.65   72.26  -11.61 (VIOLATED)
output1311/Z                           60.65   72.21  -11.55 (VIOLATED)
output1062/Z                           60.65   72.07  -11.41 (VIOLATED)
output1258/Z                           60.65   72.01  -11.36 (VIOLATED)
output887/Z                            60.65   71.96  -11.31 (VIOLATED)
output790/Z                            60.65   71.95  -11.29 (VIOLATED)
output1066/Z                           60.65   71.89  -11.23 (VIOLATED)
output1128/Z                           60.65   71.59  -10.94 (VIOLATED)
output927/Z                            60.65   71.52  -10.86 (VIOLATED)
output1150/Z                           60.65   71.32  -10.66 (VIOLATED)
output757/Z                            60.65   71.29  -10.64 (VIOLATED)
HBT_TOPIN_72330/BOT                   121.15  131.69  -10.54 (VIOLATED)
output1287/Z                           60.65   71.16  -10.51 (VIOLATED)
output1055/Z                           60.65   71.09  -10.43 (VIOLATED)
output1264/Z                           60.65   71.09  -10.43 (VIOLATED)
output1267/Z                           60.65   71.07  -10.42 (VIOLATED)
HBT_TOPIN_71323/BOT                   121.15  131.33  -10.17 (VIOLATED)
output909/Z                            60.65   70.51   -9.86 (VIOLATED)
output772/Z                            60.65   70.38   -9.73 (VIOLATED)
output1300/Z                           60.65   70.33   -9.68 (VIOLATED)
output1078/Z                           60.65   70.24   -9.59 (VIOLATED)
output1256/Z                           60.65   70.16   -9.51 (VIOLATED)
output916/Z                            60.65   69.77   -9.12 (VIOLATED)
output1247/Z                           60.65   69.63   -8.98 (VIOLATED)
output1270/Z                           60.65   69.59   -8.93 (VIOLATED)
HBT_BOTIN_69675/TOP                   121.15  129.98   -8.83 (VIOLATED)
output1052/Z                           60.65   69.29   -8.64 (VIOLATED)
output715/Z                            60.65   69.21   -8.56 (VIOLATED)
output1242/Z                           60.65   69.12   -8.47 (VIOLATED)
output1180/Z                           60.65   69.07   -8.41 (VIOLATED)
output812/Z                            60.65   69.06   -8.41 (VIOLATED)
output837/Z                            60.65   69.01   -8.35 (VIOLATED)
output1095/Z                           60.65   69.00   -8.35 (VIOLATED)
output1089/Z                           60.65   68.83   -8.18 (VIOLATED)
output1140/Z                           60.65   68.81   -8.16 (VIOLATED)
output1101/Z                           60.65   68.80   -8.15 (VIOLATED)
output939/Z                            60.65   68.75   -8.10 (VIOLATED)
output1286/Z                           60.65   68.65   -8.00 (VIOLATED)
output846/Z                            60.65   68.50   -7.84 (VIOLATED)
output876/Z                            60.65   68.29   -7.64 (VIOLATED)
output1002/Z                           60.65   68.23   -7.58 (VIOLATED)
output771/Z                            60.65   67.89   -7.23 (VIOLATED)
output1025/Z                           60.65   67.84   -7.19 (VIOLATED)
output1272/Z                           60.65   67.84   -7.19 (VIOLATED)
output951/Z                            60.65   67.69   -7.04 (VIOLATED)
output1077/Z                           60.65   67.38   -6.73 (VIOLATED)
output1115/Z                           60.65   67.17   -6.51 (VIOLATED)
output1220/Z                           60.65   67.15   -6.50 (VIOLATED)
output1126/Z                           60.65   67.04   -6.39 (VIOLATED)
output1130/Z                           60.65   67.01   -6.36 (VIOLATED)
output969/Z                            60.65   66.93   -6.28 (VIOLATED)
output1138/Z                           60.65   66.81   -6.15 (VIOLATED)
rof1_0__core/be/be_calculator/float_regfile/rf/z_notmacro_synth/_26647_/ZN   59.36   65.20   -5.84 (VIOLATED)
rof1_0__core/be/be_calculator/float_regfile/rf/z_notmacro_synth/_29031_/ZN   59.36   65.20   -5.84 (VIOLATED)
output930/Z                            60.65   66.42   -5.77 (VIOLATED)
output1229/Z                           60.65   66.19   -5.54 (VIOLATED)
output842/Z                            60.65   65.97   -5.32 (VIOLATED)
output856/Z                            60.65   65.80   -5.15 (VIOLATED)
output753/Z                            60.65   65.61   -4.96 (VIOLATED)
output982/Z                            60.65   65.44   -4.79 (VIOLATED)
output801/Z                            60.65   65.30   -4.64 (VIOLATED)
output1135/Z                           60.65   65.29   -4.64 (VIOLATED)
output957/Z                            60.65   65.24   -4.59 (VIOLATED)
output815/Z                            60.65   65.18   -4.53 (VIOLATED)
output950/Z                            60.65   65.06   -4.40 (VIOLATED)
output933/Z                            60.65   65.04   -4.39 (VIOLATED)
rof1_0__core/be/be_calculator/float_regfile/rf/z_notmacro_synth/_30638_/ZN   59.36   63.60   -4.24 (VIOLATED)
rof1_0__core/be/be_calculator/float_regfile/rf/z_notmacro_synth/_30781_/ZN   59.36   63.60   -4.24 (VIOLATED)
output917/Z                            60.65   64.84   -4.18 (VIOLATED)
output1072/Z                           60.65   64.65   -3.99 (VIOLATED)
output1131/Z                           60.65   63.91   -3.26 (VIOLATED)
output1291/Z                           60.65   63.90   -3.25 (VIOLATED)
output806/Z                            60.65   63.87   -3.22 (VIOLATED)
HBT_TOPIN_76221/BOT                   121.15  124.32   -3.16 (VIOLATED)
output1081/Z                           60.65   63.75   -3.09 (VIOLATED)
output1063/Z                           60.65   63.44   -2.78 (VIOLATED)
rof1_0__core/be/be_calculator/float_regfile/rf/z_notmacro_synth/_28745_/ZN   59.36   62.03   -2.67 (VIOLATED)
rof1_0__core/be/be_calculator/float_regfile/rf/z_notmacro_synth/_28888_/ZN   59.36   62.03   -2.67 (VIOLATED)
output777/Z                            60.65   63.25   -2.59 (VIOLATED)
output743/Z                            60.65   62.93   -2.27 (VIOLATED)
output1079/Z                           60.65   62.84   -2.19 (VIOLATED)
output991/Z                            60.65   62.75   -2.09 (VIOLATED)
output1254/Z                           60.65   62.69   -2.03 (VIOLATED)
output1056/Z                           60.65   62.67   -2.02 (VIOLATED)
output928/Z                            60.65   62.64   -1.98 (VIOLATED)
output1241/Z                           60.65   62.44   -1.79 (VIOLATED)
output935/Z                            60.65   62.43   -1.78 (VIOLATED)
output1083/Z                           60.65   62.31   -1.66 (VIOLATED)
output1299/Z                           60.65   62.29   -1.63 (VIOLATED)
output977/Z                            60.65   62.16   -1.51 (VIOLATED)
output1268/Z                           60.65   62.08   -1.43 (VIOLATED)
output975/Z                            60.65   62.02   -1.37 (VIOLATED)
output1237/Z                           60.65   61.67   -1.01 (VIOLATED)
output1141/Z                           60.65   61.62   -0.97 (VIOLATED)
output808/Z                            60.65   61.58   -0.93 (VIOLATED)
output1213/Z                           60.65   61.45   -0.80 (VIOLATED)
output810/Z                            60.65   61.41   -0.76 (VIOLATED)
output1090/Z                           60.65   61.21   -0.56 (VIOLATED)
output1176/Z                           60.65   61.04   -0.39 (VIOLATED)
output719/Z                            60.65   60.89   -0.23 (VIOLATED)


==========================================================================
finish max_slew_check_slack
--------------------------------------------------------------------------
-0.5558498501777649

==========================================================================
finish max_slew_check_limit
--------------------------------------------------------------------------
0.1985349953174591

==========================================================================
finish max_slew_check_slack_limit
--------------------------------------------------------------------------
-2.7998

==========================================================================
finish max_fanout_check_slack
--------------------------------------------------------------------------
1.0000000150474662e+30

==========================================================================
finish max_fanout_check_limit
--------------------------------------------------------------------------
1.0000000150474662e+30

==========================================================================
finish max_capacitance_check_slack
--------------------------------------------------------------------------
-304.3470458984375

==========================================================================
finish max_capacitance_check_limit
--------------------------------------------------------------------------
121.15499877929688

==========================================================================
finish max_capacitance_check_slack_limit
--------------------------------------------------------------------------
-2.5120

==========================================================================
finish max_slew_violation_count
--------------------------------------------------------------------------
max slew violation count 43

==========================================================================
finish max_fanout_violation_count
--------------------------------------------------------------------------
max fanout violation count 0

==========================================================================
finish max_cap_violation_count
--------------------------------------------------------------------------
max cap violation count 381

==========================================================================
finish setup_violation_count
--------------------------------------------------------------------------
setup violation count 8416

==========================================================================
finish hold_violation_count
--------------------------------------------------------------------------
hold violation count 0
+_+_+_+_+_+_+_+_+_+_+_+_+_+_+_+_+-
Startpoint: rof1_0__core/fe/bp_fe_pc_gen_1/_4287_
            (rising edge-triggered flip-flop clocked by CLK)
Endpoint: rof1_0__core/fe/bp_fe_pc_gen_1/genblk1_branch_prediction_1/btb_1/_6852_
          (rising edge-triggered flip-flop clocked by CLK)
Path Group: CLK
Path Type: max

  Delay    Time   Description
---------------------------------------------------------
   0.00    0.00   clock CLK (rise edge)
   0.00    0.00   clock network delay (ideal)
   0.00    0.00 ^ rof1_0__core/fe/bp_fe_pc_gen_1/_4287_/CK (DFF_X2_upper)
   0.13    0.13 ^ rof1_0__core/fe/bp_fe_pc_gen_1/_4287_/Q (DFF_X2_upper)
   0.03    0.16 v rof1_0__core/fe/bp_fe_pc_gen_1/genblk1_branch_prediction_1/btb_1/_3692_/ZN (NAND2_X2_upper)
   0.04    0.20 ^ rof1_0__core/fe/bp_fe_pc_gen_1/genblk1_branch_prediction_1/btb_1/_3710_/ZN (NOR2_X4_upper)
   0.02    0.22 v rof1_0__core/fe/bp_fe_pc_gen_1/genblk1_branch_prediction_1/btb_1/_3711_/ZN (NAND3_X1_upper)
   0.05    0.28 v rof1_0__core/fe/bp_fe_pc_gen_1/genblk1_branch_prediction_1/btb_1/_3713_/ZN (OR2_X1_upper)
   0.04    0.31 ^ rof1_0__core/fe/bp_fe_pc_gen_1/genblk1_branch_prediction_1/btb_1/_3714_/ZN (NOR2_X1_upper)
   0.02    0.34 v rof1_0__core/fe/bp_fe_pc_gen_1/genblk1_branch_prediction_1/btb_1/_3715_/ZN (NAND2_X1_upper)
   0.03    0.36 ^ rof1_0__core/fe/bp_fe_pc_gen_1/genblk1_branch_prediction_1/btb_1/_3726_/ZN (NOR2_X1_upper)
   0.01    0.37 v rof1_0__core/fe/bp_fe_pc_gen_1/genblk1_branch_prediction_1/btb_1/_3734_/ZN (NOR3_X1_upper)
   0.02    0.39 ^ rof1_0__core/fe/bp_fe_pc_gen_1/genblk1_branch_prediction_1/btb_1/_3735_/ZN (NAND2_X1_upper)
   0.02    0.41 v rof1_0__core/fe/bp_fe_pc_gen_1/genblk1_branch_prediction_1/btb_1/_3757_/ZN (NAND4_X1_upper)
   0.02    0.43 ^ rof1_0__core/fe/bp_fe_pc_gen_1/genblk1_branch_prediction_1/btb_1/_3766_/ZN (NAND2_X1_upper)
   0.02    0.45 v rof1_0__core/fe/bp_fe_pc_gen_1/genblk1_branch_prediction_1/btb_1/_3784_/ZN (NAND4_X1_upper)
   0.02    0.47 ^ rof1_0__core/fe/bp_fe_pc_gen_1/genblk1_branch_prediction_1/btb_1/_3793_/ZN (NAND2_X1_upper)
   0.02    0.49 v rof1_0__core/fe/bp_fe_pc_gen_1/genblk1_branch_prediction_1/btb_1/_3811_/ZN (NAND4_X1_upper)
   0.02    0.51 ^ rof1_0__core/fe/bp_fe_pc_gen_1/genblk1_branch_prediction_1/btb_1/_3814_/ZN (NAND2_X1_upper)
   0.02    0.53 v rof1_0__core/fe/bp_fe_pc_gen_1/genblk1_branch_prediction_1/btb_1/_3832_/ZN (NAND3_X1_upper)
   0.01    0.54 ^ rof1_0__core/fe/bp_fe_pc_gen_1/genblk1_branch_prediction_1/btb_1/_3835_/ZN (NAND2_X1_upper)
   0.02    0.56 v rof1_0__core/fe/bp_fe_pc_gen_1/genblk1_branch_prediction_1/btb_1/_3859_/ZN (NAND4_X1_upper)
   0.02    0.58 ^ rof1_0__core/fe/bp_fe_pc_gen_1/genblk1_branch_prediction_1/btb_1/_3862_/ZN (NAND2_X1_upper)
   0.02    0.60 v rof1_0__core/fe/bp_fe_pc_gen_1/genblk1_branch_prediction_1/btb_1/_3883_/ZN (NAND4_X1_upper)
   0.02    0.62 ^ rof1_0__core/fe/bp_fe_pc_gen_1/genblk1_branch_prediction_1/btb_1/_3890_/ZN (NAND2_X1_upper)
   0.01    0.63 v rof1_0__core/fe/bp_fe_pc_gen_1/genblk1_branch_prediction_1/btb_1/_3897_/ZN (NAND2_X1_upper)
   0.02    0.65 ^ rof1_0__core/fe/bp_fe_pc_gen_1/genblk1_branch_prediction_1/btb_1/_3899_/ZN (NAND2_X1_upper)
   0.02    0.67 v rof1_0__core/fe/bp_fe_pc_gen_1/genblk1_branch_prediction_1/btb_1/_3921_/ZN (NAND4_X2_upper)
   0.02    0.69 ^ rof1_0__core/fe/bp_fe_pc_gen_1/genblk1_branch_prediction_1/btb_1/_3929_/ZN (NAND2_X2_upper)
   0.02    0.70 v rof1_0__core/fe/bp_fe_pc_gen_1/genblk1_branch_prediction_1/btb_1/_3940_/ZN (NAND3_X1_upper)
   0.01    0.72 ^ rof1_0__core/fe/bp_fe_pc_gen_1/genblk1_branch_prediction_1/btb_1/_3948_/ZN (NAND2_X1_upper)
   0.02    0.74 v rof1_0__core/fe/bp_fe_pc_gen_1/genblk1_branch_prediction_1/btb_1/_3961_/ZN (NAND3_X1_upper)
   0.01    0.75 ^ rof1_0__core/fe/bp_fe_pc_gen_1/genblk1_branch_prediction_1/btb_1/_3964_/ZN (NAND2_X1_upper)
   0.02    0.77 v rof1_0__core/fe/bp_fe_pc_gen_1/genblk1_branch_prediction_1/btb_1/_3979_/ZN (NAND3_X1_upper)
   0.01    0.78 ^ rof1_0__core/fe/bp_fe_pc_gen_1/genblk1_branch_prediction_1/btb_1/_3982_/ZN (NAND2_X1_upper)
   0.01    0.79 v rof1_0__core/fe/bp_fe_pc_gen_1/genblk1_branch_prediction_1/btb_1/_3992_/ZN (NAND2_X1_upper)
   0.01    0.81 ^ rof1_0__core/fe/bp_fe_pc_gen_1/genblk1_branch_prediction_1/btb_1/_3995_/ZN (NAND2_X1_upper)
   0.02    0.82 v rof1_0__core/fe/bp_fe_pc_gen_1/genblk1_branch_prediction_1/btb_1/_4010_/ZN (NAND3_X1_upper)
   0.02    0.84 ^ rof1_0__core/fe/bp_fe_pc_gen_1/genblk1_branch_prediction_1/btb_1/_4016_/ZN (NAND2_X1_upper)
   0.02    0.86 v rof1_0__core/fe/bp_fe_pc_gen_1/genblk1_branch_prediction_1/btb_1/_4034_/ZN (NAND4_X2_upper)
   0.02    0.88 ^ rof1_0__core/fe/bp_fe_pc_gen_1/genblk1_branch_prediction_1/btb_1/_4042_/ZN (NAND2_X1_upper)
   0.01    0.89 v rof1_0__core/fe/bp_fe_pc_gen_1/genblk1_branch_prediction_1/btb_1/_4050_/ZN (NAND2_X1_upper)
   0.01    0.91 ^ rof1_0__core/fe/bp_fe_pc_gen_1/genblk1_branch_prediction_1/btb_1/_4053_/ZN (NAND2_X1_upper)
   0.02    0.92 v rof1_0__core/fe/bp_fe_pc_gen_1/genblk1_branch_prediction_1/btb_1/_4065_/ZN (NAND3_X1_upper)
   0.02    0.94 ^ rof1_0__core/fe/bp_fe_pc_gen_1/genblk1_branch_prediction_1/btb_1/_4068_/ZN (NAND2_X1_upper)
   0.01    0.95 v rof1_0__core/fe/bp_fe_pc_gen_1/genblk1_branch_prediction_1/btb_1/_4083_/ZN (NAND2_X1_upper)
   0.01    0.96 ^ rof1_0__core/fe/bp_fe_pc_gen_1/genblk1_branch_prediction_1/btb_1/_4086_/ZN (NAND2_X1_upper)
   0.02    0.98 v rof1_0__core/fe/bp_fe_pc_gen_1/genblk1_branch_prediction_1/btb_1/_4100_/ZN (NAND3_X1_upper)
   0.01    1.00 ^ rof1_0__core/fe/bp_fe_pc_gen_1/genblk1_branch_prediction_1/btb_1/_4106_/ZN (NAND2_X1_upper)
   0.02    1.02 v rof1_0__core/fe/bp_fe_pc_gen_1/genblk1_branch_prediction_1/btb_1/_4122_/ZN (NAND4_X1_upper)
   0.02    1.04 ^ rof1_0__core/fe/bp_fe_pc_gen_1/genblk1_branch_prediction_1/btb_1/_4129_/ZN (NAND2_X1_upper)
   0.01    1.05 v rof1_0__core/fe/bp_fe_pc_gen_1/genblk1_branch_prediction_1/btb_1/_4135_/ZN (NAND2_X1_upper)
   0.01    1.06 ^ rof1_0__core/fe/bp_fe_pc_gen_1/genblk1_branch_prediction_1/btb_1/_4140_/ZN (NAND2_X1_upper)
   0.02    1.08 v rof1_0__core/fe/bp_fe_pc_gen_1/genblk1_branch_prediction_1/btb_1/_4151_/ZN (NAND4_X1_upper)
   0.02    1.10 ^ rof1_0__core/fe/bp_fe_pc_gen_1/genblk1_branch_prediction_1/btb_1/_4158_/ZN (NAND2_X1_upper)
   0.01    1.11 v rof1_0__core/fe/bp_fe_pc_gen_1/genblk1_branch_prediction_1/btb_1/_4166_/ZN (NAND2_X1_upper)
   0.01    1.13 ^ rof1_0__core/fe/bp_fe_pc_gen_1/genblk1_branch_prediction_1/btb_1/_4169_/ZN (NAND2_X1_upper)
   0.02    1.14 v rof1_0__core/fe/bp_fe_pc_gen_1/genblk1_branch_prediction_1/btb_1/_4178_/ZN (NAND3_X1_upper)
   0.01    1.16 ^ rof1_0__core/fe/bp_fe_pc_gen_1/genblk1_branch_prediction_1/btb_1/_4181_/ZN (NAND2_X1_upper)
   0.02    1.18 v rof1_0__core/fe/bp_fe_pc_gen_1/genblk1_branch_prediction_1/btb_1/_4195_/ZN (NAND4_X1_upper)
   0.02    1.20 ^ rof1_0__core/fe/bp_fe_pc_gen_1/genblk1_branch_prediction_1/btb_1/_4203_/ZN (NAND2_X1_upper)
   0.02    1.21 v rof1_0__core/fe/bp_fe_pc_gen_1/genblk1_branch_prediction_1/btb_1/_4213_/ZN (NAND3_X1_upper)
   0.01    1.23 ^ rof1_0__core/fe/bp_fe_pc_gen_1/genblk1_branch_prediction_1/btb_1/_4221_/ZN (NAND2_X1_upper)
   0.02    1.25 v rof1_0__core/fe/bp_fe_pc_gen_1/genblk1_branch_prediction_1/btb_1/_4230_/ZN (NAND3_X1_upper)
   0.01    1.26 ^ rof1_0__core/fe/bp_fe_pc_gen_1/genblk1_branch_prediction_1/btb_1/_4236_/ZN (NAND2_X1_upper)
   0.02    1.28 v rof1_0__core/fe/bp_fe_pc_gen_1/genblk1_branch_prediction_1/btb_1/_4247_/ZN (NAND3_X1_upper)
   0.01    1.29 ^ rof1_0__core/fe/bp_fe_pc_gen_1/genblk1_branch_prediction_1/btb_1/_4251_/ZN (NAND2_X1_upper)
   0.02    1.31 v rof1_0__core/fe/bp_fe_pc_gen_1/genblk1_branch_prediction_1/btb_1/_4264_/ZN (NAND3_X1_upper)
   0.01    1.32 ^ rof1_0__core/fe/bp_fe_pc_gen_1/genblk1_branch_prediction_1/btb_1/_4271_/ZN (NAND2_X1_upper)
   0.01    1.34 v rof1_0__core/fe/bp_fe_pc_gen_1/genblk1_branch_prediction_1/btb_1/_4277_/ZN (NAND2_X1_upper)
   0.01    1.35 ^ rof1_0__core/fe/bp_fe_pc_gen_1/genblk1_branch_prediction_1/btb_1/_4280_/ZN (NAND2_X1_upper)
   0.02    1.37 v rof1_0__core/fe/bp_fe_pc_gen_1/genblk1_branch_prediction_1/btb_1/_4293_/ZN (NAND3_X1_upper)
   0.01    1.38 ^ rof1_0__core/fe/bp_fe_pc_gen_1/genblk1_branch_prediction_1/btb_1/_4296_/ZN (NAND2_X2_upper)
   0.02    1.41 v rof1_0__core/fe/bp_fe_pc_gen_1/genblk1_branch_prediction_1/btb_1/_4313_/ZN (NAND4_X1_upper)
   0.02    1.42 ^ rof1_0__core/fe/bp_fe_pc_gen_1/genblk1_branch_prediction_1/btb_1/_4316_/ZN (NAND2_X1_upper)
   0.02    1.45 v rof1_0__core/fe/bp_fe_pc_gen_1/genblk1_branch_prediction_1/btb_1/_4334_/ZN (NAND4_X1_upper)
   0.02    1.47 ^ rof1_0__core/fe/bp_fe_pc_gen_1/genblk1_branch_prediction_1/btb_1/_4337_/ZN (NAND2_X1_upper)
   0.02    1.49 v rof1_0__core/fe/bp_fe_pc_gen_1/genblk1_branch_prediction_1/btb_1/_4351_/ZN (NAND4_X2_upper)
   0.02    1.50 ^ rof1_0__core/fe/bp_fe_pc_gen_1/genblk1_branch_prediction_1/btb_1/_4356_/ZN (NAND2_X1_upper)
   0.01    1.52 v rof1_0__core/fe/bp_fe_pc_gen_1/genblk1_branch_prediction_1/btb_1/_4364_/ZN (NAND2_X1_upper)
   0.01    1.53 ^ rof1_0__core/fe/bp_fe_pc_gen_1/genblk1_branch_prediction_1/btb_1/_4367_/ZN (NAND2_X1_upper)
   0.02    1.55 v rof1_0__core/fe/bp_fe_pc_gen_1/genblk1_branch_prediction_1/btb_1/_4383_/ZN (NAND3_X1_upper)
   0.02    1.56 ^ rof1_0__core/fe/bp_fe_pc_gen_1/genblk1_branch_prediction_1/btb_1/_4386_/ZN (NAND2_X1_upper)
   0.02    1.58 v rof1_0__core/fe/bp_fe_pc_gen_1/genblk1_branch_prediction_1/btb_1/_4399_/ZN (NAND3_X1_upper)
   0.01    1.59 ^ rof1_0__core/fe/bp_fe_pc_gen_1/genblk1_branch_prediction_1/btb_1/_4402_/ZN (NAND2_X1_upper)
   0.02    1.61 v rof1_0__core/fe/bp_fe_pc_gen_1/genblk1_branch_prediction_1/btb_1/_4411_/ZN (NAND3_X1_upper)
   0.01    1.63 ^ rof1_0__core/fe/bp_fe_pc_gen_1/genblk1_branch_prediction_1/btb_1/_4414_/ZN (NAND2_X1_upper)
   0.02    1.65 v rof1_0__core/fe/bp_fe_pc_gen_1/genblk1_branch_prediction_1/btb_1/_4425_/ZN (NAND4_X1_upper)
   0.02    1.66 ^ rof1_0__core/fe/bp_fe_pc_gen_1/genblk1_branch_prediction_1/btb_1/_4432_/ZN (NAND2_X1_upper)
   0.01    1.68 v rof1_0__core/fe/bp_fe_pc_gen_1/genblk1_branch_prediction_1/btb_1/_4439_/ZN (NAND2_X1_upper)
   0.01    1.69 ^ rof1_0__core/fe/bp_fe_pc_gen_1/genblk1_branch_prediction_1/btb_1/_4442_/ZN (NAND2_X1_upper)
   0.02    1.71 v rof1_0__core/fe/bp_fe_pc_gen_1/genblk1_branch_prediction_1/btb_1/_4455_/ZN (NAND3_X1_upper)
   0.01    1.72 ^ rof1_0__core/fe/bp_fe_pc_gen_1/genblk1_branch_prediction_1/btb_1/_4458_/ZN (NAND2_X1_upper)
   0.02    1.74 v rof1_0__core/fe/bp_fe_pc_gen_1/genblk1_branch_prediction_1/btb_1/_4465_/ZN (NAND3_X1_upper)
   0.01    1.75 ^ rof1_0__core/fe/bp_fe_pc_gen_1/genblk1_branch_prediction_1/btb_1/_4468_/ZN (NAND2_X1_upper)
   0.02    1.78 v rof1_0__core/fe/bp_fe_pc_gen_1/genblk1_branch_prediction_1/btb_1/_4476_/ZN (NAND4_X1_upper)
   0.02    1.79 ^ rof1_0__core/fe/bp_fe_pc_gen_1/genblk1_branch_prediction_1/btb_1/_4479_/ZN (NAND2_X1_upper)
   0.02    1.81 v rof1_0__core/fe/bp_fe_pc_gen_1/genblk1_branch_prediction_1/btb_1/_4488_/ZN (NAND3_X1_upper)
   0.01    1.82 ^ rof1_0__core/fe/bp_fe_pc_gen_1/genblk1_branch_prediction_1/btb_1/_4491_/ZN (NAND2_X1_upper)
   0.02    1.84 v rof1_0__core/fe/bp_fe_pc_gen_1/genblk1_branch_prediction_1/btb_1/_4499_/ZN (NAND3_X1_upper)
   0.01    1.86 ^ rof1_0__core/fe/bp_fe_pc_gen_1/genblk1_branch_prediction_1/btb_1/_4504_/ZN (NAND2_X1_upper)
   0.01    1.87 v rof1_0__core/fe/bp_fe_pc_gen_1/genblk1_branch_prediction_1/btb_1/_4511_/ZN (NAND2_X1_upper)
   0.01    1.88 ^ rof1_0__core/fe/bp_fe_pc_gen_1/genblk1_branch_prediction_1/btb_1/_4514_/ZN (NAND2_X1_upper)
   0.02    1.90 v rof1_0__core/fe/bp_fe_pc_gen_1/genblk1_branch_prediction_1/btb_1/_4524_/ZN (NAND3_X1_upper)
   0.01    1.91 ^ rof1_0__core/fe/bp_fe_pc_gen_1/genblk1_branch_prediction_1/btb_1/_4528_/ZN (NAND2_X1_upper)
   0.02    1.93 v rof1_0__core/fe/bp_fe_pc_gen_1/genblk1_branch_prediction_1/btb_1/_4534_/ZN (NAND3_X1_upper)
   0.01    1.94 ^ rof1_0__core/fe/bp_fe_pc_gen_1/genblk1_branch_prediction_1/btb_1/_4537_/ZN (NAND2_X1_upper)
   0.02    1.96 v rof1_0__core/fe/bp_fe_pc_gen_1/genblk1_branch_prediction_1/btb_1/_4548_/ZN (NAND3_X1_upper)
   0.01    1.98 ^ rof1_0__core/fe/bp_fe_pc_gen_1/genblk1_branch_prediction_1/btb_1/_4553_/ZN (NAND2_X1_upper)
   0.02    1.99 v rof1_0__core/fe/bp_fe_pc_gen_1/genblk1_branch_prediction_1/btb_1/_4561_/ZN (NAND3_X1_upper)
   0.01    2.01 ^ rof1_0__core/fe/bp_fe_pc_gen_1/genblk1_branch_prediction_1/btb_1/_4566_/ZN (NAND2_X1_upper)
   0.01    2.02 v rof1_0__core/fe/bp_fe_pc_gen_1/genblk1_branch_prediction_1/btb_1/_4571_/ZN (NAND2_X1_upper)
   0.02    2.04 ^ rof1_0__core/fe/bp_fe_pc_gen_1/genblk1_branch_prediction_1/btb_1/_4574_/ZN (NAND2_X1_upper)
   0.02    2.06 v rof1_0__core/fe/bp_fe_pc_gen_1/genblk1_branch_prediction_1/btb_1/_4585_/ZN (NAND4_X2_upper)
   0.02    2.07 ^ rof1_0__core/fe/bp_fe_pc_gen_1/genblk1_branch_prediction_1/btb_1/_4588_/ZN (NAND2_X1_upper)
   0.02    2.09 v rof1_0__core/fe/bp_fe_pc_gen_1/genblk1_branch_prediction_1/btb_1/_4596_/ZN (NAND3_X1_upper)
   0.01    2.11 ^ rof1_0__core/fe/bp_fe_pc_gen_1/genblk1_branch_prediction_1/btb_1/_4602_/ZN (NAND2_X1_upper)
   0.02    2.13 v rof1_0__core/fe/bp_fe_pc_gen_1/genblk1_branch_prediction_1/btb_1/_4613_/ZN (NAND4_X1_upper)
   0.02    2.15 ^ rof1_0__core/fe/bp_fe_pc_gen_1/genblk1_branch_prediction_1/btb_1/_4616_/ZN (NAND2_X1_upper)
   0.02    2.16 v rof1_0__core/fe/bp_fe_pc_gen_1/genblk1_branch_prediction_1/btb_1/_4623_/ZN (NAND3_X1_upper)
   0.01    2.18 ^ rof1_0__core/fe/bp_fe_pc_gen_1/genblk1_branch_prediction_1/btb_1/_4626_/ZN (NAND2_X1_upper)
   0.02    2.19 v rof1_0__core/fe/bp_fe_pc_gen_1/genblk1_branch_prediction_1/btb_1/_4634_/ZN (NAND3_X1_upper)
   0.01    2.21 ^ rof1_0__core/fe/bp_fe_pc_gen_1/genblk1_branch_prediction_1/btb_1/_4640_/ZN (NAND2_X1_upper)
   0.02    2.23 v rof1_0__core/fe/bp_fe_pc_gen_1/genblk1_branch_prediction_1/btb_1/_4650_/ZN (NAND3_X1_upper)
   0.01    2.24 ^ rof1_0__core/fe/bp_fe_pc_gen_1/genblk1_branch_prediction_1/btb_1/_4655_/ZN (NAND2_X1_upper)
   0.02    2.26 v rof1_0__core/fe/bp_fe_pc_gen_1/genblk1_branch_prediction_1/btb_1/_4663_/ZN (NAND3_X1_upper)
   0.02    2.28 ^ rof1_0__core/fe/bp_fe_pc_gen_1/genblk1_branch_prediction_1/btb_1/_4667_/ZN (NAND2_X1_upper)
   0.02    2.30 v rof1_0__core/fe/bp_fe_pc_gen_1/genblk1_branch_prediction_1/btb_1/_4677_/ZN (NAND4_X2_upper)
   0.02    2.31 ^ rof1_0__core/fe/bp_fe_pc_gen_1/genblk1_branch_prediction_1/btb_1/_4680_/ZN (NAND2_X1_upper)
   0.02    2.33 v rof1_0__core/fe/bp_fe_pc_gen_1/genblk1_branch_prediction_1/btb_1/_4689_/ZN (NAND3_X1_upper)
   0.01    2.34 ^ rof1_0__core/fe/bp_fe_pc_gen_1/genblk1_branch_prediction_1/btb_1/_4692_/ZN (NAND2_X1_upper)
   0.02    2.36 v rof1_0__core/fe/bp_fe_pc_gen_1/genblk1_branch_prediction_1/btb_1/_4699_/ZN (NAND3_X1_upper)
   0.01    2.38 ^ rof1_0__core/fe/bp_fe_pc_gen_1/genblk1_branch_prediction_1/btb_1/_4704_/ZN (NAND2_X1_upper)
   0.02    2.40 v rof1_0__core/fe/bp_fe_pc_gen_1/genblk1_branch_prediction_1/btb_1/_4713_/ZN (NAND4_X1_upper)
   0.02    2.42 ^ rof1_0__core/fe/bp_fe_pc_gen_1/genblk1_branch_prediction_1/btb_1/_4718_/ZN (NAND2_X1_upper)
   0.02    2.44 v rof1_0__core/fe/bp_fe_pc_gen_1/genblk1_branch_prediction_1/btb_1/_4728_/ZN (NAND4_X1_upper)
   0.02    2.46 ^ rof1_0__core/fe/bp_fe_pc_gen_1/genblk1_branch_prediction_1/btb_1/_4732_/ZN (NAND2_X1_upper)
   0.02    2.47 v rof1_0__core/fe/bp_fe_pc_gen_1/genblk1_branch_prediction_1/btb_1/_4740_/ZN (NAND3_X1_upper)
   0.01    2.49 ^ rof1_0__core/fe/bp_fe_pc_gen_1/genblk1_branch_prediction_1/btb_1/_4744_/ZN (NAND2_X1_upper)
   0.02    2.50 v rof1_0__core/fe/bp_fe_pc_gen_1/genblk1_branch_prediction_1/btb_1/_4753_/ZN (NAND3_X1_upper)
   0.01    2.52 ^ rof1_0__core/fe/bp_fe_pc_gen_1/genblk1_branch_prediction_1/btb_1/_4758_/ZN (NAND2_X1_upper)
   0.02    2.54 v rof1_0__core/fe/bp_fe_pc_gen_1/genblk1_branch_prediction_1/btb_1/_4770_/ZN (NAND4_X1_upper)
   0.02    2.56 ^ rof1_0__core/fe/bp_fe_pc_gen_1/genblk1_branch_prediction_1/btb_1/_4773_/ZN (NAND2_X1_upper)
   0.02    2.58 v rof1_0__core/fe/bp_fe_pc_gen_1/genblk1_branch_prediction_1/btb_1/_4780_/ZN (NAND3_X1_upper)
   0.01    2.59 ^ rof1_0__core/fe/bp_fe_pc_gen_1/genblk1_branch_prediction_1/btb_1/_4783_/ZN (NAND2_X1_upper)
   0.02    2.61 v rof1_0__core/fe/bp_fe_pc_gen_1/genblk1_branch_prediction_1/btb_1/_4791_/ZN (NAND3_X1_upper)
   0.01    2.62 ^ rof1_0__core/fe/bp_fe_pc_gen_1/genblk1_branch_prediction_1/btb_1/_4794_/ZN (NAND2_X1_upper)
   0.02    2.64 v rof1_0__core/fe/bp_fe_pc_gen_1/genblk1_branch_prediction_1/btb_1/_4804_/ZN (NAND3_X1_upper)
   0.01    2.65 ^ rof1_0__core/fe/bp_fe_pc_gen_1/genblk1_branch_prediction_1/btb_1/_4807_/ZN (NAND2_X1_upper)
   0.01    2.67 v rof1_0__core/fe/bp_fe_pc_gen_1/genblk1_branch_prediction_1/btb_1/_4812_/ZN (NAND2_X1_upper)
   0.01    2.68 ^ rof1_0__core/fe/bp_fe_pc_gen_1/genblk1_branch_prediction_1/btb_1/_4817_/ZN (NAND2_X1_upper)
   0.02    2.70 v rof1_0__core/fe/bp_fe_pc_gen_1/genblk1_branch_prediction_1/btb_1/_4825_/ZN (NAND3_X1_upper)
   0.01    2.71 ^ rof1_0__core/fe/bp_fe_pc_gen_1/genblk1_branch_prediction_1/btb_1/_4830_/ZN (NAND2_X1_upper)
   0.02    2.73 v rof1_0__core/fe/bp_fe_pc_gen_1/genblk1_branch_prediction_1/btb_1/_4838_/ZN (NAND3_X1_upper)
   0.01    2.74 ^ rof1_0__core/fe/bp_fe_pc_gen_1/genblk1_branch_prediction_1/btb_1/_4841_/ZN (NAND2_X1_upper)
   0.02    2.76 v rof1_0__core/fe/bp_fe_pc_gen_1/genblk1_branch_prediction_1/btb_1/_4850_/ZN (NAND3_X1_upper)
   0.01    2.77 ^ rof1_0__core/fe/bp_fe_pc_gen_1/genblk1_branch_prediction_1/btb_1/_4854_/ZN (NAND2_X1_upper)
   0.01    2.79 v rof1_0__core/fe/bp_fe_pc_gen_1/genblk1_branch_prediction_1/btb_1/_4861_/ZN (NAND2_X1_upper)
   0.01    2.80 ^ rof1_0__core/fe/bp_fe_pc_gen_1/genblk1_branch_prediction_1/btb_1/_4867_/ZN (NAND2_X1_upper)
   0.02    2.82 v rof1_0__core/fe/bp_fe_pc_gen_1/genblk1_branch_prediction_1/btb_1/_4876_/ZN (NAND3_X1_upper)
   0.01    2.83 ^ rof1_0__core/fe/bp_fe_pc_gen_1/genblk1_branch_prediction_1/btb_1/_4879_/ZN (NAND2_X1_upper)
   0.01    2.84 v rof1_0__core/fe/bp_fe_pc_gen_1/genblk1_branch_prediction_1/btb_1/_4886_/ZN (NAND2_X1_upper)
   0.01    2.86 ^ rof1_0__core/fe/bp_fe_pc_gen_1/genblk1_branch_prediction_1/btb_1/_4890_/ZN (NAND2_X1_upper)
   0.02    2.87 v rof1_0__core/fe/bp_fe_pc_gen_1/genblk1_branch_prediction_1/btb_1/_4898_/ZN (NAND3_X1_upper)
   0.01    2.89 ^ rof1_0__core/fe/bp_fe_pc_gen_1/genblk1_branch_prediction_1/btb_1/_4901_/ZN (NAND2_X1_upper)
   0.02    2.90 v rof1_0__core/fe/bp_fe_pc_gen_1/genblk1_branch_prediction_1/btb_1/_4909_/ZN (NAND3_X1_upper)
   0.02    2.92 ^ rof1_0__core/fe/bp_fe_pc_gen_1/genblk1_branch_prediction_1/btb_1/_4914_/ZN (NAND2_X1_upper)
   0.02    2.94 v rof1_0__core/fe/bp_fe_pc_gen_1/genblk1_branch_prediction_1/btb_1/_4922_/ZN (NAND3_X1_upper)
   0.01    2.95 ^ rof1_0__core/fe/bp_fe_pc_gen_1/genblk1_branch_prediction_1/btb_1/_4927_/ZN (NAND2_X1_upper)
   0.02    2.97 v rof1_0__core/fe/bp_fe_pc_gen_1/genblk1_branch_prediction_1/btb_1/_4935_/ZN (NAND3_X1_upper)
   0.01    2.98 ^ rof1_0__core/fe/bp_fe_pc_gen_1/genblk1_branch_prediction_1/btb_1/_4938_/ZN (NAND2_X1_upper)
   0.01    2.99 v rof1_0__core/fe/bp_fe_pc_gen_1/genblk1_branch_prediction_1/btb_1/_4944_/ZN (NAND2_X1_upper)
   0.01    3.01 ^ rof1_0__core/fe/bp_fe_pc_gen_1/genblk1_branch_prediction_1/btb_1/_4948_/ZN (NAND2_X1_upper)
   0.02    3.03 v rof1_0__core/fe/bp_fe_pc_gen_1/genblk1_branch_prediction_1/btb_1/_4959_/ZN (NAND4_X1_upper)
   0.02    3.05 ^ rof1_0__core/fe/bp_fe_pc_gen_1/genblk1_branch_prediction_1/btb_1/_4962_/ZN (NAND2_X1_upper)
   0.02    3.06 v rof1_0__core/fe/bp_fe_pc_gen_1/genblk1_branch_prediction_1/btb_1/_4970_/ZN (NAND3_X1_upper)
   0.01    3.08 ^ rof1_0__core/fe/bp_fe_pc_gen_1/genblk1_branch_prediction_1/btb_1/_4973_/ZN (NAND2_X1_upper)
   0.02    3.09 v rof1_0__core/fe/bp_fe_pc_gen_1/genblk1_branch_prediction_1/btb_1/_4980_/ZN (NAND3_X1_upper)
   0.01    3.11 ^ rof1_0__core/fe/bp_fe_pc_gen_1/genblk1_branch_prediction_1/btb_1/_4985_/ZN (NAND2_X1_upper)
   0.02    3.13 v rof1_0__core/fe/bp_fe_pc_gen_1/genblk1_branch_prediction_1/btb_1/_4990_/ZN (NAND3_X1_upper)
   0.01    3.14 ^ rof1_0__core/fe/bp_fe_pc_gen_1/genblk1_branch_prediction_1/btb_1/_4995_/ZN (NAND2_X1_upper)
   0.01    3.15 v rof1_0__core/fe/bp_fe_pc_gen_1/genblk1_branch_prediction_1/btb_1/_4999_/ZN (NAND2_X1_upper)
   0.01    3.17 ^ rof1_0__core/fe/bp_fe_pc_gen_1/genblk1_branch_prediction_1/btb_1/_5002_/ZN (NAND2_X1_upper)
   0.02    3.18 v rof1_0__core/fe/bp_fe_pc_gen_1/genblk1_branch_prediction_1/btb_1/_5009_/ZN (NAND3_X1_upper)
   0.02    3.20 ^ rof1_0__core/fe/bp_fe_pc_gen_1/genblk1_branch_prediction_1/btb_1/_5014_/ZN (NAND2_X1_upper)
   0.02    3.22 v rof1_0__core/fe/bp_fe_pc_gen_1/genblk1_branch_prediction_1/btb_1/_5021_/ZN (NAND4_X2_upper)
   0.02    3.24 ^ rof1_0__core/fe/bp_fe_pc_gen_1/genblk1_branch_prediction_1/btb_1/_5026_/ZN (NAND2_X1_upper)
   0.02    3.26 v rof1_0__core/fe/bp_fe_pc_gen_1/genblk1_branch_prediction_1/btb_1/_5032_/ZN (NAND4_X1_upper)
   0.02    3.28 ^ rof1_0__core/fe/bp_fe_pc_gen_1/genblk1_branch_prediction_1/btb_1/_5035_/ZN (NAND2_X1_upper)
   0.02    3.30 v rof1_0__core/fe/bp_fe_pc_gen_1/genblk1_branch_prediction_1/btb_1/_5042_/ZN (NAND3_X1_upper)
   0.01    3.31 ^ rof1_0__core/fe/bp_fe_pc_gen_1/genblk1_branch_prediction_1/btb_1/_5046_/ZN (NAND2_X1_upper)
   0.02    3.33 v rof1_0__core/fe/bp_fe_pc_gen_1/genblk1_branch_prediction_1/btb_1/_5053_/ZN (NAND4_X1_upper)
   0.02    3.35 ^ rof1_0__core/fe/bp_fe_pc_gen_1/genblk1_branch_prediction_1/btb_1/_5056_/ZN (NAND2_X1_upper)
   0.02    3.37 v rof1_0__core/fe/bp_fe_pc_gen_1/genblk1_branch_prediction_1/btb_1/_5063_/ZN (NAND4_X1_upper)
   0.02    3.39 ^ rof1_0__core/fe/bp_fe_pc_gen_1/genblk1_branch_prediction_1/btb_1/_5067_/ZN (NAND2_X1_upper)
   0.02    3.41 v rof1_0__core/fe/bp_fe_pc_gen_1/genblk1_branch_prediction_1/btb_1/_5072_/ZN (NAND3_X2_upper)
   0.01    3.42 ^ rof1_0__core/fe/bp_fe_pc_gen_1/genblk1_branch_prediction_1/btb_1/_5076_/ZN (NAND2_X1_upper)
   0.02    3.44 v rof1_0__core/fe/bp_fe_pc_gen_1/genblk1_branch_prediction_1/btb_1/_5085_/ZN (NAND3_X1_upper)
   0.01    3.45 ^ rof1_0__core/fe/bp_fe_pc_gen_1/genblk1_branch_prediction_1/btb_1/_5087_/ZN (NAND2_X1_upper)
   0.01    3.47 v rof1_0__core/fe/bp_fe_pc_gen_1/genblk1_branch_prediction_1/btb_1/_5093_/ZN (NAND2_X1_upper)
   0.02    3.48 ^ rof1_0__core/fe/bp_fe_pc_gen_1/genblk1_branch_prediction_1/btb_1/_5096_/ZN (NAND2_X1_upper)
   0.02    3.50 v rof1_0__core/fe/bp_fe_pc_gen_1/genblk1_branch_prediction_1/btb_1/_5100_/ZN (NAND4_X2_upper)
   0.02    3.53 ^ rof1_0__core/fe/bp_fe_pc_gen_1/genblk1_branch_prediction_1/btb_1/_5103_/ZN (NOR2_X1_upper)
   0.02    3.55 v rof1_0__core/fe/bp_fe_pc_gen_1/genblk1_branch_prediction_1/btb_1/_5111_/ZN (NAND3_X1_upper)
   0.02    3.56 ^ rof1_0__core/fe/bp_fe_pc_gen_1/genblk1_branch_prediction_1/btb_1/_5114_/ZN (NAND2_X1_upper)
   0.02    3.58 v rof1_0__core/fe/bp_fe_pc_gen_1/genblk1_branch_prediction_1/btb_1/_5122_/ZN (NAND3_X1_upper)
   0.01    3.60 ^ rof1_0__core/fe/bp_fe_pc_gen_1/genblk1_branch_prediction_1/btb_1/_5126_/ZN (NAND2_X1_upper)
   0.01    3.61 v rof1_0__core/fe/bp_fe_pc_gen_1/genblk1_branch_prediction_1/btb_1/_5130_/ZN (NAND2_X1_upper)
   0.01    3.62 ^ rof1_0__core/fe/bp_fe_pc_gen_1/genblk1_branch_prediction_1/btb_1/_5135_/ZN (NAND2_X1_upper)
   0.02    3.64 v rof1_0__core/fe/bp_fe_pc_gen_1/genblk1_branch_prediction_1/btb_1/_5142_/ZN (NAND3_X1_upper)
   0.02    3.66 ^ rof1_0__core/fe/bp_fe_pc_gen_1/genblk1_branch_prediction_1/btb_1/_5144_/ZN (NAND2_X1_upper)
   0.02    3.68 v rof1_0__core/fe/bp_fe_pc_gen_1/genblk1_branch_prediction_1/btb_1/_5152_/ZN (NAND4_X2_upper)
   0.02    3.69 ^ rof1_0__core/fe/bp_fe_pc_gen_1/genblk1_branch_prediction_1/btb_1/_5155_/ZN (NAND2_X1_upper)
   0.02    3.72 v rof1_0__core/fe/bp_fe_pc_gen_1/genblk1_branch_prediction_1/btb_1/_5162_/ZN (NAND4_X1_upper)
   0.02    3.73 ^ rof1_0__core/fe/bp_fe_pc_gen_1/genblk1_branch_prediction_1/btb_1/_5166_/ZN (NAND2_X1_upper)
   0.02    3.75 v rof1_0__core/fe/bp_fe_pc_gen_1/genblk1_branch_prediction_1/btb_1/_5175_/ZN (NAND3_X1_upper)
   0.01    3.77 ^ rof1_0__core/fe/bp_fe_pc_gen_1/genblk1_branch_prediction_1/btb_1/_5178_/ZN (NAND2_X1_upper)
   0.02    3.78 v rof1_0__core/fe/bp_fe_pc_gen_1/genblk1_branch_prediction_1/btb_1/_5185_/ZN (NAND3_X1_upper)
   0.01    3.80 ^ rof1_0__core/fe/bp_fe_pc_gen_1/genblk1_branch_prediction_1/btb_1/_5188_/ZN (NAND2_X1_upper)
   0.02    3.82 v rof1_0__core/fe/bp_fe_pc_gen_1/genblk1_branch_prediction_1/btb_1/_5194_/ZN (NAND4_X1_upper)
   0.02    3.84 ^ rof1_0__core/fe/bp_fe_pc_gen_1/genblk1_branch_prediction_1/btb_1/_5197_/ZN (NAND2_X1_upper)
   0.02    3.86 v rof1_0__core/fe/bp_fe_pc_gen_1/genblk1_branch_prediction_1/btb_1/_5203_/ZN (NAND4_X1_upper)
   0.02    3.88 ^ rof1_0__core/fe/bp_fe_pc_gen_1/genblk1_branch_prediction_1/btb_1/_5206_/ZN (NAND2_X1_upper)
   0.02    3.89 v rof1_0__core/fe/bp_fe_pc_gen_1/genblk1_branch_prediction_1/btb_1/_5211_/ZN (NAND3_X1_upper)
   0.01    3.91 ^ rof1_0__core/fe/bp_fe_pc_gen_1/genblk1_branch_prediction_1/btb_1/_5216_/ZN (NAND2_X1_upper)
   0.02    3.93 v rof1_0__core/fe/bp_fe_pc_gen_1/genblk1_branch_prediction_1/btb_1/_5223_/ZN (NAND4_X1_upper)
   0.02    3.95 ^ rof1_0__core/fe/bp_fe_pc_gen_1/genblk1_branch_prediction_1/btb_1/_5229_/ZN (NAND2_X1_upper)
   0.02    3.96 v rof1_0__core/fe/bp_fe_pc_gen_1/genblk1_branch_prediction_1/btb_1/_5237_/ZN (NAND3_X1_upper)
   0.01    3.98 ^ rof1_0__core/fe/bp_fe_pc_gen_1/genblk1_branch_prediction_1/btb_1/_5241_/ZN (NAND2_X1_upper)
   0.02    4.00 v rof1_0__core/fe/bp_fe_pc_gen_1/genblk1_branch_prediction_1/btb_1/_5249_/ZN (NAND4_X1_upper)
   0.02    4.02 ^ rof1_0__core/fe/bp_fe_pc_gen_1/genblk1_branch_prediction_1/btb_1/_5254_/ZN (NAND2_X1_upper)
   0.02    4.04 v rof1_0__core/fe/bp_fe_pc_gen_1/genblk1_branch_prediction_1/btb_1/_5260_/ZN (NAND4_X1_upper)
   0.02    4.06 ^ rof1_0__core/fe/bp_fe_pc_gen_1/genblk1_branch_prediction_1/btb_1/_5263_/ZN (NAND2_X1_upper)
   0.02    4.08 v rof1_0__core/fe/bp_fe_pc_gen_1/genblk1_branch_prediction_1/btb_1/_5271_/ZN (NAND3_X1_upper)
   0.01    4.09 ^ rof1_0__core/fe/bp_fe_pc_gen_1/genblk1_branch_prediction_1/btb_1/_5275_/ZN (NAND2_X1_upper)
   0.02    4.11 v rof1_0__core/fe/bp_fe_pc_gen_1/genblk1_branch_prediction_1/btb_1/_5284_/ZN (NAND4_X1_upper)
   0.02    4.13 ^ rof1_0__core/fe/bp_fe_pc_gen_1/genblk1_branch_prediction_1/btb_1/_5287_/ZN (NAND2_X1_upper)
   0.02    4.15 v rof1_0__core/fe/bp_fe_pc_gen_1/genblk1_branch_prediction_1/btb_1/_5297_/ZN (NAND4_X1_upper)
   0.02    4.17 ^ rof1_0__core/fe/bp_fe_pc_gen_1/genblk1_branch_prediction_1/btb_1/_5300_/ZN (NAND2_X1_upper)
   0.02    4.19 v rof1_0__core/fe/bp_fe_pc_gen_1/genblk1_branch_prediction_1/btb_1/_5311_/ZN (NAND4_X1_upper)
   0.02    4.21 ^ rof1_0__core/fe/bp_fe_pc_gen_1/genblk1_branch_prediction_1/btb_1/_5313_/ZN (NAND2_X1_upper)
   0.02    4.23 v rof1_0__core/fe/bp_fe_pc_gen_1/genblk1_branch_prediction_1/btb_1/_5322_/ZN (NAND4_X1_upper)
   0.02    4.25 ^ rof1_0__core/fe/bp_fe_pc_gen_1/genblk1_branch_prediction_1/btb_1/_5325_/ZN (NAND2_X1_upper)
   0.02    4.27 v rof1_0__core/fe/bp_fe_pc_gen_1/genblk1_branch_prediction_1/btb_1/_5330_/ZN (NAND3_X1_upper)
   0.01    4.28 ^ rof1_0__core/fe/bp_fe_pc_gen_1/genblk1_branch_prediction_1/btb_1/_5335_/ZN (NAND2_X1_upper)
   0.02    4.30 v rof1_0__core/fe/bp_fe_pc_gen_1/genblk1_branch_prediction_1/btb_1/_5341_/ZN (NAND4_X1_upper)
   0.02    4.32 ^ rof1_0__core/fe/bp_fe_pc_gen_1/genblk1_branch_prediction_1/btb_1/_5344_/ZN (NAND2_X1_upper)
   0.02    4.34 v rof1_0__core/fe/bp_fe_pc_gen_1/genblk1_branch_prediction_1/btb_1/_5352_/ZN (NAND4_X1_upper)
   0.02    4.36 ^ rof1_0__core/fe/bp_fe_pc_gen_1/genblk1_branch_prediction_1/btb_1/_5357_/ZN (NAND2_X1_upper)
   0.02    4.38 v rof1_0__core/fe/bp_fe_pc_gen_1/genblk1_branch_prediction_1/btb_1/_5364_/ZN (NAND3_X1_upper)
   0.01    4.39 ^ rof1_0__core/fe/bp_fe_pc_gen_1/genblk1_branch_prediction_1/btb_1/_5367_/ZN (NAND2_X1_upper)
   0.02    4.41 v rof1_0__core/fe/bp_fe_pc_gen_1/genblk1_branch_prediction_1/btb_1/_5375_/ZN (NAND3_X1_upper)
   0.01    4.42 ^ rof1_0__core/fe/bp_fe_pc_gen_1/genblk1_branch_prediction_1/btb_1/_5379_/ZN (NAND2_X1_upper)
   0.02    4.44 v rof1_0__core/fe/bp_fe_pc_gen_1/genblk1_branch_prediction_1/btb_1/_5387_/ZN (NAND4_X1_upper)
   0.02    4.46 ^ rof1_0__core/fe/bp_fe_pc_gen_1/genblk1_branch_prediction_1/btb_1/_5389_/ZN (NAND2_X1_upper)
   0.02    4.48 v rof1_0__core/fe/bp_fe_pc_gen_1/genblk1_branch_prediction_1/btb_1/_5398_/ZN (NAND3_X1_upper)
   0.01    4.49 ^ rof1_0__core/fe/bp_fe_pc_gen_1/genblk1_branch_prediction_1/btb_1/_5402_/ZN (NAND2_X1_upper)
   0.02    4.51 v rof1_0__core/fe/bp_fe_pc_gen_1/genblk1_branch_prediction_1/btb_1/_5407_/ZN (NAND3_X1_upper)
   0.02    4.53 ^ rof1_0__core/fe/bp_fe_pc_gen_1/genblk1_branch_prediction_1/btb_1/_5411_/ZN (NAND2_X1_upper)
   0.02    4.55 v rof1_0__core/fe/bp_fe_pc_gen_1/genblk1_branch_prediction_1/btb_1/_5419_/ZN (NAND4_X2_upper)
   0.02    4.57 ^ rof1_0__core/fe/bp_fe_pc_gen_1/genblk1_branch_prediction_1/btb_1/_5424_/ZN (NAND2_X1_upper)
   0.01    4.58 v rof1_0__core/fe/bp_fe_pc_gen_1/genblk1_branch_prediction_1/btb_1/_5429_/ZN (NAND2_X1_upper)
   0.01    4.59 ^ rof1_0__core/fe/bp_fe_pc_gen_1/genblk1_branch_prediction_1/btb_1/_5433_/ZN (NAND2_X1_upper)
   0.02    4.61 v rof1_0__core/fe/bp_fe_pc_gen_1/genblk1_branch_prediction_1/btb_1/_5441_/ZN (NAND3_X1_upper)
   0.01    4.62 ^ rof1_0__core/fe/bp_fe_pc_gen_1/genblk1_branch_prediction_1/btb_1/_5444_/ZN (NAND2_X1_upper)
   0.02    4.65 v rof1_0__core/fe/bp_fe_pc_gen_1/genblk1_branch_prediction_1/btb_1/_5453_/ZN (NAND4_X1_upper)
   0.02    4.66 ^ rof1_0__core/fe/bp_fe_pc_gen_1/genblk1_branch_prediction_1/btb_1/_5457_/ZN (NAND2_X1_upper)
   0.02    4.68 v rof1_0__core/fe/bp_fe_pc_gen_1/genblk1_branch_prediction_1/btb_1/_5466_/ZN (NAND4_X1_upper)
   0.02    4.70 ^ rof1_0__core/fe/bp_fe_pc_gen_1/genblk1_branch_prediction_1/btb_1/_5470_/ZN (NAND2_X1_upper)
   0.03    4.73 v rof1_0__core/fe/bp_fe_pc_gen_1/genblk1_branch_prediction_1/btb_1/_5480_/ZN (NAND4_X1_upper)
   0.02    4.75 ^ rof1_0__core/fe/bp_fe_pc_gen_1/genblk1_branch_prediction_1/btb_1/_5483_/ZN (NAND2_X2_upper)
   0.02    4.76 v rof1_0__core/fe/bp_fe_pc_gen_1/genblk1_branch_prediction_1/btb_1/_5489_/ZN (NAND3_X1_upper)
   0.01    4.78 ^ rof1_0__core/fe/bp_fe_pc_gen_1/genblk1_branch_prediction_1/btb_1/_5493_/ZN (NAND2_X1_upper)
   0.02    4.80 v rof1_0__core/fe/bp_fe_pc_gen_1/genblk1_branch_prediction_1/btb_1/_5500_/ZN (NAND4_X1_upper)
   0.02    4.82 ^ rof1_0__core/fe/bp_fe_pc_gen_1/genblk1_branch_prediction_1/btb_1/_5503_/ZN (NAND2_X1_upper)
   0.02    4.84 v rof1_0__core/fe/bp_fe_pc_gen_1/genblk1_branch_prediction_1/btb_1/_5510_/ZN (NAND4_X1_upper)
   0.02    4.86 ^ rof1_0__core/fe/bp_fe_pc_gen_1/genblk1_branch_prediction_1/btb_1/_5513_/ZN (NAND2_X1_upper)
   0.02    4.88 v rof1_0__core/fe/bp_fe_pc_gen_1/genblk1_branch_prediction_1/btb_1/_5519_/ZN (NAND4_X1_upper)
   0.02    4.90 ^ rof1_0__core/fe/bp_fe_pc_gen_1/genblk1_branch_prediction_1/btb_1/_5522_/ZN (NAND2_X1_upper)
   0.02    4.92 v rof1_0__core/fe/bp_fe_pc_gen_1/genblk1_branch_prediction_1/btb_1/_5529_/ZN (NAND4_X1_upper)
   0.02    4.94 ^ rof1_0__core/fe/bp_fe_pc_gen_1/genblk1_branch_prediction_1/btb_1/_5532_/ZN (NAND2_X1_upper)
   0.02    4.95 v rof1_0__core/fe/bp_fe_pc_gen_1/genblk1_branch_prediction_1/btb_1/_5540_/ZN (NAND3_X1_upper)
   0.01    4.97 ^ rof1_0__core/fe/bp_fe_pc_gen_1/genblk1_branch_prediction_1/btb_1/_5543_/ZN (NAND2_X1_upper)
   0.02    4.98 v rof1_0__core/fe/bp_fe_pc_gen_1/genblk1_branch_prediction_1/btb_1/_5549_/ZN (NAND3_X1_upper)
   0.01    5.00 ^ rof1_0__core/fe/bp_fe_pc_gen_1/genblk1_branch_prediction_1/btb_1/_5552_/ZN (NAND2_X1_upper)
   0.02    5.02 v rof1_0__core/fe/bp_fe_pc_gen_1/genblk1_branch_prediction_1/btb_1/_5560_/ZN (NAND3_X1_upper)
   0.01    5.03 ^ rof1_0__core/fe/bp_fe_pc_gen_1/genblk1_branch_prediction_1/btb_1/_5562_/ZN (NAND2_X1_upper)
   0.02    5.05 v rof1_0__core/fe/bp_fe_pc_gen_1/genblk1_branch_prediction_1/btb_1/_5573_/ZN (NAND4_X1_upper)
   0.02    5.07 ^ rof1_0__core/fe/bp_fe_pc_gen_1/genblk1_branch_prediction_1/btb_1/_5576_/ZN (NAND2_X1_upper)
   0.02    5.09 v rof1_0__core/fe/bp_fe_pc_gen_1/genblk1_branch_prediction_1/btb_1/_5582_/ZN (NAND3_X1_upper)
   0.01    5.10 ^ rof1_0__core/fe/bp_fe_pc_gen_1/genblk1_branch_prediction_1/btb_1/_5585_/ZN (NAND2_X1_upper)
   0.02    5.12 v rof1_0__core/fe/bp_fe_pc_gen_1/genblk1_branch_prediction_1/btb_1/_5592_/ZN (NAND3_X1_upper)
   0.01    5.13 ^ rof1_0__core/fe/bp_fe_pc_gen_1/genblk1_branch_prediction_1/btb_1/_5595_/ZN (NAND2_X1_upper)
   0.02    5.15 v rof1_0__core/fe/bp_fe_pc_gen_1/genblk1_branch_prediction_1/btb_1/_5601_/ZN (NAND3_X1_upper)
   0.01    5.17 ^ rof1_0__core/fe/bp_fe_pc_gen_1/genblk1_branch_prediction_1/btb_1/_5605_/ZN (NAND2_X1_upper)
   0.02    5.18 v rof1_0__core/fe/bp_fe_pc_gen_1/genblk1_branch_prediction_1/btb_1/_5613_/ZN (NAND3_X1_upper)
   0.01    5.20 ^ rof1_0__core/fe/bp_fe_pc_gen_1/genblk1_branch_prediction_1/btb_1/_5615_/ZN (NAND2_X1_upper)
   0.02    5.21 v rof1_0__core/fe/bp_fe_pc_gen_1/genblk1_branch_prediction_1/btb_1/_5620_/ZN (NAND3_X1_upper)
   0.01    5.23 ^ rof1_0__core/fe/bp_fe_pc_gen_1/genblk1_branch_prediction_1/btb_1/_5623_/ZN (NAND2_X1_upper)
   0.02    5.25 v rof1_0__core/fe/bp_fe_pc_gen_1/genblk1_branch_prediction_1/btb_1/_5630_/ZN (NAND4_X1_upper)
   0.02    5.27 ^ rof1_0__core/fe/bp_fe_pc_gen_1/genblk1_branch_prediction_1/btb_1/_5633_/ZN (NAND2_X1_upper)
   0.02    5.29 v rof1_0__core/fe/bp_fe_pc_gen_1/genblk1_branch_prediction_1/btb_1/_5640_/ZN (NAND3_X1_upper)
   0.01    5.30 ^ rof1_0__core/fe/bp_fe_pc_gen_1/genblk1_branch_prediction_1/btb_1/_5643_/ZN (NAND2_X1_upper)
   0.02    5.32 v rof1_0__core/fe/bp_fe_pc_gen_1/genblk1_branch_prediction_1/btb_1/_5650_/ZN (NAND3_X1_upper)
   0.01    5.33 ^ rof1_0__core/fe/bp_fe_pc_gen_1/genblk1_branch_prediction_1/btb_1/_5653_/ZN (NAND2_X1_upper)
   0.02    5.35 v rof1_0__core/fe/bp_fe_pc_gen_1/genblk1_branch_prediction_1/btb_1/_5661_/ZN (NAND3_X1_upper)
   0.02    5.37 ^ rof1_0__core/fe/bp_fe_pc_gen_1/genblk1_branch_prediction_1/btb_1/_5663_/ZN (NAND2_X1_upper)
   0.02    5.39 v rof1_0__core/fe/bp_fe_pc_gen_1/genblk1_branch_prediction_1/btb_1/_5672_/ZN (NAND4_X2_upper)
   0.02    5.40 ^ rof1_0__core/fe/bp_fe_pc_gen_1/genblk1_branch_prediction_1/btb_1/_5675_/ZN (NAND2_X1_upper)
   0.02    5.43 v rof1_0__core/fe/bp_fe_pc_gen_1/genblk1_branch_prediction_1/btb_1/_5685_/ZN (NAND4_X1_upper)
   0.02    5.44 ^ rof1_0__core/fe/bp_fe_pc_gen_1/genblk1_branch_prediction_1/btb_1/_5687_/ZN (NAND2_X1_upper)
   0.01    5.46 v rof1_0__core/fe/bp_fe_pc_gen_1/genblk1_branch_prediction_1/btb_1/_5693_/ZN (NAND2_X1_upper)
   0.01    5.47 ^ rof1_0__core/fe/bp_fe_pc_gen_1/genblk1_branch_prediction_1/btb_1/_5698_/ZN (NAND2_X1_upper)
   0.02    5.49 v rof1_0__core/fe/bp_fe_pc_gen_1/genblk1_branch_prediction_1/btb_1/_5705_/ZN (NAND3_X1_upper)
   0.01    5.50 ^ rof1_0__core/fe/bp_fe_pc_gen_1/genblk1_branch_prediction_1/btb_1/_5708_/ZN (NAND2_X1_upper)
   0.02    5.52 v rof1_0__core/fe/bp_fe_pc_gen_1/genblk1_branch_prediction_1/btb_1/_5714_/ZN (NAND3_X1_upper)
   0.01    5.53 ^ rof1_0__core/fe/bp_fe_pc_gen_1/genblk1_branch_prediction_1/btb_1/_5718_/ZN (NAND2_X1_upper)
   0.02    5.55 v rof1_0__core/fe/bp_fe_pc_gen_1/genblk1_branch_prediction_1/btb_1/_5723_/ZN (NAND3_X1_upper)
   0.01    5.56 ^ rof1_0__core/fe/bp_fe_pc_gen_1/genblk1_branch_prediction_1/btb_1/_5726_/ZN (NAND2_X1_upper)
   0.02    5.59 v rof1_0__core/fe/bp_fe_pc_gen_1/genblk1_branch_prediction_1/btb_1/_5732_/ZN (NAND4_X1_upper)
   0.02    5.60 ^ rof1_0__core/fe/bp_fe_pc_gen_1/genblk1_branch_prediction_1/btb_1/_5735_/ZN (NAND2_X1_upper)
   0.02    5.62 v rof1_0__core/fe/bp_fe_pc_gen_1/genblk1_branch_prediction_1/btb_1/_5742_/ZN (NAND3_X1_upper)
   0.01    5.64 ^ rof1_0__core/fe/bp_fe_pc_gen_1/genblk1_branch_prediction_1/btb_1/_5745_/ZN (NAND2_X1_upper)
   0.02    5.65 v rof1_0__core/fe/bp_fe_pc_gen_1/genblk1_branch_prediction_1/btb_1/_5752_/ZN (NAND3_X1_upper)
   0.01    5.67 ^ rof1_0__core/fe/bp_fe_pc_gen_1/genblk1_branch_prediction_1/btb_1/_5756_/ZN (NAND2_X1_upper)
   0.02    5.68 v rof1_0__core/fe/bp_fe_pc_gen_1/genblk1_branch_prediction_1/btb_1/_5761_/ZN (NAND3_X1_upper)
   0.02    5.70 ^ rof1_0__core/fe/bp_fe_pc_gen_1/genblk1_branch_prediction_1/btb_1/_5764_/ZN (NAND2_X1_upper)
   0.02    5.72 v rof1_0__core/fe/bp_fe_pc_gen_1/genblk1_branch_prediction_1/btb_1/_5767_/ZN (NAND3_X2_upper)
   0.00    5.72 v HBT_TOPIN_139957/BOT (HBT_TOPIN)
   0.00    5.72 v rof1_0__core/fe/bp_fe_pc_gen_1/genblk1_branch_prediction_1/btb_1/_6852_/D (DFF_X1_bottom)
           5.72   data arrival time

   0.80    0.80   clock CLK (rise edge)
   0.00    0.80   clock network delay (ideal)
   0.00    0.80   clock reconvergence pessimism
           0.80 ^ rof1_0__core/fe/bp_fe_pc_gen_1/genblk1_branch_prediction_1/btb_1/_6852_/CK (DFF_X1_bottom)
  -0.04    0.76   library setup time
           0.76   data required time
---------------------------------------------------------
           0.76   data required time
          -5.72   data arrival time
---------------------------------------------------------
          -4.96   slack (VIOLATED)


Startpoint: rof1_0__core/fe/icache_1/_28209_
            (rising edge-triggered flip-flop clocked by CLK)
Endpoint: rof1_0__core/fe/bp_fe_pc_gen_1/_4285_
          (rising edge-triggered flip-flop clocked by CLK)
Path Group: CLK
Path Type: max

  Delay    Time   Description
---------------------------------------------------------
   0.00    0.00   clock CLK (rise edge)
   0.00    0.00   clock network delay (ideal)
   0.00    0.00 ^ rof1_0__core/fe/icache_1/_28209_/CK (DFF_X2_upper)
   0.13    0.13 ^ rof1_0__core/fe/icache_1/_28209_/Q (DFF_X2_upper)
   0.05    0.18 ^ rof1_0__core/fe/icache_1/_13664_/ZN (XNOR2_X1_upper)
   0.02    0.19 v rof1_0__core/fe/icache_1/_13665_/ZN (NAND2_X1_upper)
   0.03    0.23 ^ rof1_0__core/fe/icache_1/_13666_/ZN (NOR2_X1_upper)
   0.03    0.25 v rof1_0__core/fe/icache_1/_13681_/ZN (NAND3_X2_upper)
   0.03    0.29 ^ rof1_0__core/fe/icache_1/_13708_/ZN (NAND2_X1_upper)
   0.01    0.29 v rof1_0__core/fe/icache_1/_13788_/ZN (NOR2_X4_upper)
   0.00    0.29 v HBT_TOPIN_151117/BOT (HBT_TOPIN)
   0.02    0.31 ^ rof1_0__core/fe/icache_1/_13866_/ZN (NAND3_X1_bottom)
   0.03    0.34 v rof1_0__core/fe/icache_1/_13886_/ZN (NAND3_X1_bottom)
   0.01    0.35 ^ rof1_0__core/fe/icache_1/_13888_/ZN (NAND2_X1_bottom)
   0.00    0.35 ^ HBT_BOTIN_151209/TOP (HBT_BOTIN)
   0.01    0.37 v rof1_0__core/fe/icache_1/_13889_/ZN (NAND2_X2_upper)
   0.03    0.40 v wire4014/Z (BUF_X8_upper)
   0.02    0.42 v wire4012/Z (BUF_X4_upper)
   0.00    0.42 v HBT_TOPIN_71657/BOT (HBT_TOPIN)
   0.03    0.44 v wire4011/Z (BUF_X4_bottom)
   0.04    0.49 ^ rof1_0__core/fe/icache_1/_13913_/ZN (NAND3_X4_bottom)
   0.01    0.49 v rof1_0__core/fe/icache_1/_13914_/ZN (INV_X32_bottom)
   0.03    0.52 v wire3526/Z (BUF_X4_bottom)
   0.03    0.54 v wire3525/Z (BUF_X4_bottom)
   0.02    0.57 v max_length3524/Z (BUF_X8_bottom)
   0.03    0.59 v max_length3523/Z (BUF_X4_bottom)
   0.02    0.62 v wire3522/Z (BUF_X4_bottom)
   0.00    0.62 v HBT_BOTIN_71112/TOP (HBT_BOTIN)
   0.02    0.64 v wire3521/Z (BUF_X4_upper)
   0.02    0.66 v wire3520/Z (BUF_X4_upper)
   0.02    0.68 v wire3519/Z (BUF_X4_upper)
   0.01    0.69 ^ rof1_0__core/fe/icache_1/_14164_/ZN (NAND2_X1_upper)
   0.02    0.71 v rof1_0__core/fe/icache_1/_14165_/ZN (NAND3_X1_upper)
   0.03    0.74 ^ rof1_0__core/fe/icache_1/_14168_/ZN (NOR2_X1_upper)
   0.03    0.78 v rof1_0__core/fe/icache_1/_14172_/ZN (NAND4_X2_upper)
   0.02    0.79 ^ rof1_0__core/fe/icache_1/_14175_/ZN (NAND2_X4_upper)
   0.02    0.81 ^ wire2641/Z (BUF_X4_upper)
   0.01    0.82 v rof1_0__core/fe/icache_1/_14176_/ZN (NAND2_X2_upper)
   0.03    0.85 v wire2582/Z (BUF_X4_upper)
   0.02    0.87 ^ rof1_0__core/fe/bp_fe_pc_gen_1/_2352_/ZN (NAND2_X1_upper)
   0.01    0.88 v rof1_0__core/fe/bp_fe_pc_gen_1/_2353_/ZN (NOR2_X2_upper)
   0.00    0.88 v HBT_TOPIN_137408/BOT (HBT_TOPIN)
   0.02    0.90 ^ rof1_0__core/fe/bp_fe_pc_gen_1/_2356_/ZN (NAND2_X2_bottom)
   0.01    0.92 v rof1_0__core/fe/bp_fe_pc_gen_1/_2357_/ZN (NOR2_X2_bottom)
   0.01    0.93 ^ rof1_0__core/fe/bp_fe_pc_gen_1/_2391_/ZN (NAND2_X4_bottom)
   0.00    0.93 ^ HBT_BOTIN_137435/TOP (HBT_BOTIN)
   0.01    0.94 v rof1_0__core/fe/bp_fe_pc_gen_1/_2753_/ZN (OAI21_X2_upper)
   0.06    1.00 v rof1_0__core/fe/bp_fe_pc_gen_1/_4091_/S (HA_X1_upper)
   0.02    1.02 ^ rof1_0__core/fe/bp_fe_pc_gen_1/_2430_/ZN (NAND2_X1_upper)
   0.02    1.04 v rof1_0__core/fe/bp_fe_pc_gen_1/_2432_/ZN (NAND2_X1_upper)
   0.02    1.06 ^ rof1_0__core/fe/bp_fe_pc_gen_1/_2441_/ZN (NAND3_X2_upper)
   0.03    1.09 v rof1_0__core/fe/bp_fe_pc_gen_1/_2445_/ZN (OAI211_X4_upper)
   0.05    1.13 ^ rof1_0__core/fe/bp_fe_pc_gen_1/_2470_/ZN (AOI211_X2_upper)
   0.01    1.15 v rof1_0__core/fe/bp_fe_pc_gen_1/_2519_/ZN (NOR2_X1_upper)
   0.05    1.20 ^ rof1_0__core/fe/bp_fe_pc_gen_1/_2523_/ZN (NOR4_X2_upper)
   0.02    1.22 v rof1_0__core/fe/bp_fe_pc_gen_1/_2524_/ZN (NAND2_X2_upper)
   0.02    1.24 ^ rof1_0__core/fe/bp_fe_pc_gen_1/_2605_/ZN (NAND3_X1_upper)
   0.02    1.26 v rof1_0__core/fe/bp_fe_pc_gen_1/_2612_/ZN (NAND2_X2_upper)
   0.02    1.28 ^ rof1_0__core/fe/bp_fe_pc_gen_1/_2649_/ZN (NAND2_X1_upper)
   0.02    1.30 v rof1_0__core/fe/bp_fe_pc_gen_1/_2655_/ZN (NAND2_X1_upper)
   0.02    1.32 ^ rof1_0__core/fe/bp_fe_pc_gen_1/_2672_/ZN (NAND2_X1_upper)
   0.01    1.33 v rof1_0__core/fe/bp_fe_pc_gen_1/_2678_/ZN (NAND2_X1_upper)
   0.04    1.37 ^ rof1_0__core/fe/bp_fe_pc_gen_1/_2691_/ZN (AOI21_X1_upper)
   0.05    1.42 ^ rof1_0__core/fe/bp_fe_pc_gen_1/_4066_/CO (FA_X1_upper)
   0.05    1.47 ^ rof1_0__core/fe/bp_fe_pc_gen_1/_3595_/Z (XOR2_X1_upper)
   0.04    1.51 ^ rof1_0__core/fe/bp_fe_pc_gen_1/_3596_/ZN (XNOR2_X1_upper)
   0.02    1.53 v rof1_0__core/fe/bp_fe_pc_gen_1/_3598_/ZN (OAI22_X1_upper)
   0.04    1.57 ^ rof1_0__core/fe/bp_fe_pc_gen_1/_3599_/ZN (AOI21_X1_upper)
   0.03    1.60 v rof1_0__core/fe/bp_fe_pc_gen_1/_3601_/ZN (OAI211_X1_upper)
   0.03    1.63 ^ rof1_0__core/fe/bp_fe_pc_gen_1/_3602_/ZN (AOI22_X1_upper)
   0.03    1.66 v rof1_0__core/fe/bp_fe_pc_gen_1/_3604_/ZN (OAI211_X1_upper)
   0.00    1.66 v rof1_0__core/fe/bp_fe_pc_gen_1/_4285_/D (DFF_X2_upper)
           1.66   data arrival time

   0.80    0.80   clock CLK (rise edge)
   0.00    0.80   clock network delay (ideal)
   0.00    0.80   clock reconvergence pessimism
           0.80 ^ rof1_0__core/fe/bp_fe_pc_gen_1/_4285_/CK (DFF_X2_upper)
  -0.04    0.76   library setup time
           0.76   data required time
---------------------------------------------------------
           0.76   data required time
          -1.66   data arrival time
---------------------------------------------------------
          -0.91   slack (VIOLATED)


Startpoint: rof1_0__core/fe/icache_1/_28209_
            (rising edge-triggered flip-flop clocked by CLK)
Endpoint: rof1_0__core/fe/bp_fe_pc_gen_1/_4281_
          (rising edge-triggered flip-flop clocked by CLK)
Path Group: CLK
Path Type: max

  Delay    Time   Description
---------------------------------------------------------
   0.00    0.00   clock CLK (rise edge)
   0.00    0.00   clock network delay (ideal)
   0.00    0.00 ^ rof1_0__core/fe/icache_1/_28209_/CK (DFF_X2_upper)
   0.13    0.13 ^ rof1_0__core/fe/icache_1/_28209_/Q (DFF_X2_upper)
   0.05    0.18 ^ rof1_0__core/fe/icache_1/_13664_/ZN (XNOR2_X1_upper)
   0.02    0.19 v rof1_0__core/fe/icache_1/_13665_/ZN (NAND2_X1_upper)
   0.03    0.23 ^ rof1_0__core/fe/icache_1/_13666_/ZN (NOR2_X1_upper)
   0.03    0.25 v rof1_0__core/fe/icache_1/_13681_/ZN (NAND3_X2_upper)
   0.03    0.29 ^ rof1_0__core/fe/icache_1/_13708_/ZN (NAND2_X1_upper)
   0.01    0.29 v rof1_0__core/fe/icache_1/_13788_/ZN (NOR2_X4_upper)
   0.00    0.29 v HBT_TOPIN_151117/BOT (HBT_TOPIN)
   0.02    0.31 ^ rof1_0__core/fe/icache_1/_13866_/ZN (NAND3_X1_bottom)
   0.03    0.34 v rof1_0__core/fe/icache_1/_13886_/ZN (NAND3_X1_bottom)
   0.01    0.35 ^ rof1_0__core/fe/icache_1/_13888_/ZN (NAND2_X1_bottom)
   0.00    0.35 ^ HBT_BOTIN_151209/TOP (HBT_BOTIN)
   0.01    0.37 v rof1_0__core/fe/icache_1/_13889_/ZN (NAND2_X2_upper)
   0.03    0.40 v wire4014/Z (BUF_X8_upper)
   0.02    0.42 v wire4012/Z (BUF_X4_upper)
   0.00    0.42 v HBT_TOPIN_71657/BOT (HBT_TOPIN)
   0.03    0.44 v wire4011/Z (BUF_X4_bottom)
   0.04    0.49 ^ rof1_0__core/fe/icache_1/_13913_/ZN (NAND3_X4_bottom)
   0.01    0.49 v rof1_0__core/fe/icache_1/_13914_/ZN (INV_X32_bottom)
   0.03    0.52 v wire3526/Z (BUF_X4_bottom)
   0.03    0.54 v wire3525/Z (BUF_X4_bottom)
   0.02    0.57 v max_length3524/Z (BUF_X8_bottom)
   0.03    0.59 v max_length3523/Z (BUF_X4_bottom)
   0.02    0.62 v wire3522/Z (BUF_X4_bottom)
   0.00    0.62 v HBT_BOTIN_71112/TOP (HBT_BOTIN)
   0.02    0.64 v wire3521/Z (BUF_X4_upper)
   0.02    0.66 v wire3520/Z (BUF_X4_upper)
   0.02    0.68 v wire3519/Z (BUF_X4_upper)
   0.01    0.69 ^ rof1_0__core/fe/icache_1/_14164_/ZN (NAND2_X1_upper)
   0.02    0.71 v rof1_0__core/fe/icache_1/_14165_/ZN (NAND3_X1_upper)
   0.03    0.74 ^ rof1_0__core/fe/icache_1/_14168_/ZN (NOR2_X1_upper)
   0.03    0.78 v rof1_0__core/fe/icache_1/_14172_/ZN (NAND4_X2_upper)
   0.02    0.79 ^ rof1_0__core/fe/icache_1/_14175_/ZN (NAND2_X4_upper)
   0.02    0.81 ^ wire2641/Z (BUF_X4_upper)
   0.01    0.82 v rof1_0__core/fe/icache_1/_14176_/ZN (NAND2_X2_upper)
   0.03    0.85 v wire2582/Z (BUF_X4_upper)
   0.02    0.87 ^ rof1_0__core/fe/bp_fe_pc_gen_1/_2352_/ZN (NAND2_X1_upper)
   0.01    0.88 v rof1_0__core/fe/bp_fe_pc_gen_1/_2353_/ZN (NOR2_X2_upper)
   0.00    0.88 v HBT_TOPIN_137408/BOT (HBT_TOPIN)
   0.02    0.90 ^ rof1_0__core/fe/bp_fe_pc_gen_1/_2356_/ZN (NAND2_X2_bottom)
   0.01    0.92 v rof1_0__core/fe/bp_fe_pc_gen_1/_2357_/ZN (NOR2_X2_bottom)
   0.01    0.93 ^ rof1_0__core/fe/bp_fe_pc_gen_1/_2391_/ZN (NAND2_X4_bottom)
   0.00    0.93 ^ HBT_BOTIN_137435/TOP (HBT_BOTIN)
   0.01    0.94 v rof1_0__core/fe/bp_fe_pc_gen_1/_2753_/ZN (OAI21_X2_upper)
   0.06    1.00 v rof1_0__core/fe/bp_fe_pc_gen_1/_4091_/S (HA_X1_upper)
   0.02    1.02 ^ rof1_0__core/fe/bp_fe_pc_gen_1/_2430_/ZN (NAND2_X1_upper)
   0.02    1.04 v rof1_0__core/fe/bp_fe_pc_gen_1/_2432_/ZN (NAND2_X1_upper)
   0.02    1.06 ^ rof1_0__core/fe/bp_fe_pc_gen_1/_2441_/ZN (NAND3_X2_upper)
   0.03    1.09 v rof1_0__core/fe/bp_fe_pc_gen_1/_2445_/ZN (OAI211_X4_upper)
   0.05    1.13 ^ rof1_0__core/fe/bp_fe_pc_gen_1/_2470_/ZN (AOI211_X2_upper)
   0.01    1.15 v rof1_0__core/fe/bp_fe_pc_gen_1/_2519_/ZN (NOR2_X1_upper)
   0.05    1.20 ^ rof1_0__core/fe/bp_fe_pc_gen_1/_2523_/ZN (NOR4_X2_upper)
   0.02    1.22 v rof1_0__core/fe/bp_fe_pc_gen_1/_2524_/ZN (NAND2_X2_upper)
   0.02    1.24 ^ rof1_0__core/fe/bp_fe_pc_gen_1/_2605_/ZN (NAND3_X1_upper)
   0.02    1.26 v rof1_0__core/fe/bp_fe_pc_gen_1/_2612_/ZN (NAND2_X2_upper)
   0.02    1.28 ^ rof1_0__core/fe/bp_fe_pc_gen_1/_2649_/ZN (NAND2_X1_upper)
   0.02    1.30 v rof1_0__core/fe/bp_fe_pc_gen_1/_2655_/ZN (NAND2_X1_upper)
   0.04    1.34 ^ rof1_0__core/fe/bp_fe_pc_gen_1/_2665_/ZN (AOI21_X1_upper)
   0.06    1.40 ^ rof1_0__core/fe/bp_fe_pc_gen_1/_4064_/CO (FA_X1_upper)
   0.05    1.45 ^ rof1_0__core/fe/bp_fe_pc_gen_1/_3558_/Z (XOR2_X2_upper)
   0.02    1.47 v rof1_0__core/fe/bp_fe_pc_gen_1/_3560_/ZN (OAI22_X2_upper)
   0.04    1.51 ^ rof1_0__core/fe/bp_fe_pc_gen_1/_3561_/ZN (AOI21_X1_upper)
   0.03    1.54 v rof1_0__core/fe/bp_fe_pc_gen_1/_3563_/ZN (OAI211_X1_upper)
   0.03    1.57 ^ rof1_0__core/fe/bp_fe_pc_gen_1/_3564_/ZN (AOI22_X1_upper)
   0.03    1.60 v rof1_0__core/fe/bp_fe_pc_gen_1/_3566_/ZN (OAI211_X1_upper)
   0.00    1.60 v rof1_0__core/fe/bp_fe_pc_gen_1/_4281_/D (DFF_X2_upper)
           1.60   data arrival time

   0.80    0.80   clock CLK (rise edge)
   0.00    0.80   clock network delay (ideal)
   0.00    0.80   clock reconvergence pessimism
           0.80 ^ rof1_0__core/fe/bp_fe_pc_gen_1/_4281_/CK (DFF_X2_upper)
  -0.04    0.76   library setup time
           0.76   data required time
---------------------------------------------------------
           0.76   data required time
          -1.60   data arrival time
---------------------------------------------------------
          -0.84   slack (VIOLATED)


Startpoint: rof1_0__core/fe/icache_1/_28209_
            (rising edge-triggered flip-flop clocked by CLK)
Endpoint: rof1_0__core/fe/bp_fe_pc_gen_1/_4284_
          (rising edge-triggered flip-flop clocked by CLK)
Path Group: CLK
Path Type: max

  Delay    Time   Description
---------------------------------------------------------
   0.00    0.00   clock CLK (rise edge)
   0.00    0.00   clock network delay (ideal)
   0.00    0.00 ^ rof1_0__core/fe/icache_1/_28209_/CK (DFF_X2_upper)
   0.13    0.13 ^ rof1_0__core/fe/icache_1/_28209_/Q (DFF_X2_upper)
   0.05    0.18 ^ rof1_0__core/fe/icache_1/_13664_/ZN (XNOR2_X1_upper)
   0.02    0.19 v rof1_0__core/fe/icache_1/_13665_/ZN (NAND2_X1_upper)
   0.03    0.23 ^ rof1_0__core/fe/icache_1/_13666_/ZN (NOR2_X1_upper)
   0.03    0.25 v rof1_0__core/fe/icache_1/_13681_/ZN (NAND3_X2_upper)
   0.03    0.29 ^ rof1_0__core/fe/icache_1/_13708_/ZN (NAND2_X1_upper)
   0.01    0.29 v rof1_0__core/fe/icache_1/_13788_/ZN (NOR2_X4_upper)
   0.00    0.29 v HBT_TOPIN_151117/BOT (HBT_TOPIN)
   0.02    0.31 ^ rof1_0__core/fe/icache_1/_13866_/ZN (NAND3_X1_bottom)
   0.03    0.34 v rof1_0__core/fe/icache_1/_13886_/ZN (NAND3_X1_bottom)
   0.01    0.35 ^ rof1_0__core/fe/icache_1/_13888_/ZN (NAND2_X1_bottom)
   0.00    0.35 ^ HBT_BOTIN_151209/TOP (HBT_BOTIN)
   0.01    0.37 v rof1_0__core/fe/icache_1/_13889_/ZN (NAND2_X2_upper)
   0.03    0.40 v wire4014/Z (BUF_X8_upper)
   0.02    0.42 v wire4012/Z (BUF_X4_upper)
   0.00    0.42 v HBT_TOPIN_71657/BOT (HBT_TOPIN)
   0.03    0.44 v wire4011/Z (BUF_X4_bottom)
   0.04    0.49 ^ rof1_0__core/fe/icache_1/_13913_/ZN (NAND3_X4_bottom)
   0.01    0.49 v rof1_0__core/fe/icache_1/_13914_/ZN (INV_X32_bottom)
   0.03    0.52 v wire3526/Z (BUF_X4_bottom)
   0.03    0.54 v wire3525/Z (BUF_X4_bottom)
   0.02    0.57 v max_length3524/Z (BUF_X8_bottom)
   0.03    0.59 v max_length3523/Z (BUF_X4_bottom)
   0.02    0.62 v wire3522/Z (BUF_X4_bottom)
   0.00    0.62 v HBT_BOTIN_71112/TOP (HBT_BOTIN)
   0.02    0.64 v wire3521/Z (BUF_X4_upper)
   0.02    0.66 v wire3520/Z (BUF_X4_upper)
   0.02    0.68 v wire3519/Z (BUF_X4_upper)
   0.01    0.69 ^ rof1_0__core/fe/icache_1/_14164_/ZN (NAND2_X1_upper)
   0.02    0.71 v rof1_0__core/fe/icache_1/_14165_/ZN (NAND3_X1_upper)
   0.03    0.74 ^ rof1_0__core/fe/icache_1/_14168_/ZN (NOR2_X1_upper)
   0.03    0.78 v rof1_0__core/fe/icache_1/_14172_/ZN (NAND4_X2_upper)
   0.02    0.79 ^ rof1_0__core/fe/icache_1/_14175_/ZN (NAND2_X4_upper)
   0.02    0.81 ^ wire2641/Z (BUF_X4_upper)
   0.01    0.82 v rof1_0__core/fe/icache_1/_14176_/ZN (NAND2_X2_upper)
   0.03    0.85 v wire2582/Z (BUF_X4_upper)
   0.02    0.87 ^ rof1_0__core/fe/bp_fe_pc_gen_1/_2352_/ZN (NAND2_X1_upper)
   0.01    0.88 v rof1_0__core/fe/bp_fe_pc_gen_1/_2353_/ZN (NOR2_X2_upper)
   0.00    0.88 v HBT_TOPIN_137408/BOT (HBT_TOPIN)
   0.02    0.90 ^ rof1_0__core/fe/bp_fe_pc_gen_1/_2356_/ZN (NAND2_X2_bottom)
   0.01    0.92 v rof1_0__core/fe/bp_fe_pc_gen_1/_2357_/ZN (NOR2_X2_bottom)
   0.01    0.93 ^ rof1_0__core/fe/bp_fe_pc_gen_1/_2391_/ZN (NAND2_X4_bottom)
   0.00    0.93 ^ HBT_BOTIN_137435/TOP (HBT_BOTIN)
   0.01    0.94 v rof1_0__core/fe/bp_fe_pc_gen_1/_2753_/ZN (OAI21_X2_upper)
   0.06    1.00 v rof1_0__core/fe/bp_fe_pc_gen_1/_4091_/S (HA_X1_upper)
   0.02    1.02 ^ rof1_0__core/fe/bp_fe_pc_gen_1/_2430_/ZN (NAND2_X1_upper)
   0.02    1.04 v rof1_0__core/fe/bp_fe_pc_gen_1/_2432_/ZN (NAND2_X1_upper)
   0.02    1.06 ^ rof1_0__core/fe/bp_fe_pc_gen_1/_2441_/ZN (NAND3_X2_upper)
   0.03    1.09 v rof1_0__core/fe/bp_fe_pc_gen_1/_2445_/ZN (OAI211_X4_upper)
   0.05    1.13 ^ rof1_0__core/fe/bp_fe_pc_gen_1/_2470_/ZN (AOI211_X2_upper)
   0.01    1.15 v rof1_0__core/fe/bp_fe_pc_gen_1/_2519_/ZN (NOR2_X1_upper)
   0.05    1.20 ^ rof1_0__core/fe/bp_fe_pc_gen_1/_2523_/ZN (NOR4_X2_upper)
   0.02    1.22 v rof1_0__core/fe/bp_fe_pc_gen_1/_2524_/ZN (NAND2_X2_upper)
   0.02    1.24 ^ rof1_0__core/fe/bp_fe_pc_gen_1/_2605_/ZN (NAND3_X1_upper)
   0.02    1.26 v rof1_0__core/fe/bp_fe_pc_gen_1/_2612_/ZN (NAND2_X2_upper)
   0.02    1.28 ^ rof1_0__core/fe/bp_fe_pc_gen_1/_2649_/ZN (NAND2_X1_upper)
   0.02    1.30 v rof1_0__core/fe/bp_fe_pc_gen_1/_2655_/ZN (NAND2_X1_upper)
   0.02    1.32 ^ rof1_0__core/fe/bp_fe_pc_gen_1/_2672_/ZN (NAND2_X1_upper)
   0.01    1.33 v rof1_0__core/fe/bp_fe_pc_gen_1/_2678_/ZN (NAND2_X1_upper)
   0.04    1.37 ^ rof1_0__core/fe/bp_fe_pc_gen_1/_2691_/ZN (AOI21_X1_upper)
   0.10    1.46 v rof1_0__core/fe/bp_fe_pc_gen_1/_4066_/S (FA_X1_upper)
   0.02    1.48 ^ rof1_0__core/fe/bp_fe_pc_gen_1/_3586_/ZN (NAND2_X1_upper)
   0.02    1.50 v rof1_0__core/fe/bp_fe_pc_gen_1/_3587_/ZN (NAND3_X1_upper)
   0.00    1.50 v HBT_TOPIN_138312/BOT (HBT_TOPIN)
   0.01    1.52 ^ rof1_0__core/fe/bp_fe_pc_gen_1/_3588_/ZN (OAI211_X1_bottom)
   0.00    1.52 ^ HBT_BOTIN_138313/TOP (HBT_BOTIN)
   0.01    1.53 v rof1_0__core/fe/bp_fe_pc_gen_1/_3590_/ZN (AOI21_X1_upper)
   0.04    1.56 ^ rof1_0__core/fe/bp_fe_pc_gen_1/_3591_/ZN (AOI21_X1_upper)
   0.03    1.59 v rof1_0__core/fe/bp_fe_pc_gen_1/_3594_/ZN (OAI211_X1_upper)
   0.00    1.59 v rof1_0__core/fe/bp_fe_pc_gen_1/_4284_/D (DFF_X1_upper)
           1.59   data arrival time

   0.80    0.80   clock CLK (rise edge)
   0.00    0.80   clock network delay (ideal)
   0.00    0.80   clock reconvergence pessimism
           0.80 ^ rof1_0__core/fe/bp_fe_pc_gen_1/_4284_/CK (DFF_X1_upper)
  -0.04    0.76   library setup time
           0.76   data required time
---------------------------------------------------------
           0.76   data required time
          -1.59   data arrival time
---------------------------------------------------------
          -0.83   slack (VIOLATED)


Startpoint: rof1_0__core/fe/icache_1/_28209_
            (rising edge-triggered flip-flop clocked by CLK)
Endpoint: rof1_0__core/fe/bp_fe_pc_gen_1/_4244_
          (rising edge-triggered flip-flop clocked by CLK)
Path Group: CLK
Path Type: max

  Delay    Time   Description
---------------------------------------------------------
   0.00    0.00   clock CLK (rise edge)
   0.00    0.00   clock network delay (ideal)
   0.00    0.00 ^ rof1_0__core/fe/icache_1/_28209_/CK (DFF_X2_upper)
   0.13    0.13 ^ rof1_0__core/fe/icache_1/_28209_/Q (DFF_X2_upper)
   0.05    0.18 ^ rof1_0__core/fe/icache_1/_13664_/ZN (XNOR2_X1_upper)
   0.02    0.19 v rof1_0__core/fe/icache_1/_13665_/ZN (NAND2_X1_upper)
   0.03    0.23 ^ rof1_0__core/fe/icache_1/_13666_/ZN (NOR2_X1_upper)
   0.03    0.25 v rof1_0__core/fe/icache_1/_13681_/ZN (NAND3_X2_upper)
   0.03    0.29 ^ rof1_0__core/fe/icache_1/_13708_/ZN (NAND2_X1_upper)
   0.01    0.29 v rof1_0__core/fe/icache_1/_13788_/ZN (NOR2_X4_upper)
   0.00    0.29 v HBT_TOPIN_151117/BOT (HBT_TOPIN)
   0.02    0.31 ^ rof1_0__core/fe/icache_1/_13866_/ZN (NAND3_X1_bottom)
   0.03    0.34 v rof1_0__core/fe/icache_1/_13886_/ZN (NAND3_X1_bottom)
   0.01    0.35 ^ rof1_0__core/fe/icache_1/_13888_/ZN (NAND2_X1_bottom)
   0.00    0.35 ^ HBT_BOTIN_151209/TOP (HBT_BOTIN)
   0.01    0.37 v rof1_0__core/fe/icache_1/_13889_/ZN (NAND2_X2_upper)
   0.03    0.40 v wire4014/Z (BUF_X8_upper)
   0.02    0.42 v wire4012/Z (BUF_X4_upper)
   0.00    0.42 v HBT_TOPIN_71657/BOT (HBT_TOPIN)
   0.03    0.44 v wire4011/Z (BUF_X4_bottom)
   0.04    0.49 ^ rof1_0__core/fe/icache_1/_13913_/ZN (NAND3_X4_bottom)
   0.01    0.49 v rof1_0__core/fe/icache_1/_13914_/ZN (INV_X32_bottom)
   0.03    0.52 v wire3526/Z (BUF_X4_bottom)
   0.03    0.54 v wire3525/Z (BUF_X4_bottom)
   0.02    0.57 v max_length3524/Z (BUF_X8_bottom)
   0.03    0.59 v max_length3523/Z (BUF_X4_bottom)
   0.02    0.62 v wire3522/Z (BUF_X4_bottom)
   0.00    0.62 v HBT_BOTIN_71112/TOP (HBT_BOTIN)
   0.02    0.64 v wire3521/Z (BUF_X4_upper)
   0.02    0.66 v wire3520/Z (BUF_X4_upper)
   0.02    0.68 v wire3519/Z (BUF_X4_upper)
   0.01    0.69 ^ rof1_0__core/fe/icache_1/_14164_/ZN (NAND2_X1_upper)
   0.02    0.71 v rof1_0__core/fe/icache_1/_14165_/ZN (NAND3_X1_upper)
   0.03    0.74 ^ rof1_0__core/fe/icache_1/_14168_/ZN (NOR2_X1_upper)
   0.03    0.78 v rof1_0__core/fe/icache_1/_14172_/ZN (NAND4_X2_upper)
   0.02    0.79 ^ rof1_0__core/fe/icache_1/_14175_/ZN (NAND2_X4_upper)
   0.02    0.81 ^ wire2641/Z (BUF_X4_upper)
   0.01    0.82 v rof1_0__core/fe/icache_1/_14176_/ZN (NAND2_X2_upper)
   0.03    0.85 v wire2582/Z (BUF_X4_upper)
   0.02    0.87 ^ rof1_0__core/fe/bp_fe_pc_gen_1/_2352_/ZN (NAND2_X1_upper)
   0.01    0.88 v rof1_0__core/fe/bp_fe_pc_gen_1/_2353_/ZN (NOR2_X2_upper)
   0.00    0.88 v HBT_TOPIN_137408/BOT (HBT_TOPIN)
   0.02    0.90 ^ rof1_0__core/fe/bp_fe_pc_gen_1/_2356_/ZN (NAND2_X2_bottom)
   0.01    0.92 v rof1_0__core/fe/bp_fe_pc_gen_1/_2357_/ZN (NOR2_X2_bottom)
   0.05    0.97 ^ rof1_0__core/fe/bp_fe_pc_gen_1/_2358_/ZN (NOR2_X1_bottom)
   0.02    0.99 v rof1_0__core/fe/bp_fe_pc_gen_1/_2359_/ZN (INV_X4_bottom)
   0.02    1.02 ^ rof1_0__core/fe/bp_fe_pc_gen_1/_2726_/ZN (OAI211_X2_bottom)
   0.00    1.02 v rof1_0__core/fe/bp_fe_pc_gen_1/_2727_/ZN (INV_X1_bottom)
   0.00    1.02 v HBT_BOTIN_138862/TOP (HBT_BOTIN)
   0.07    1.09 v rof1_0__core/fe/bp_fe_pc_gen_1/_4035_/CO (FA_X1_upper)
   0.02    1.11 ^ rof1_0__core/fe/bp_fe_pc_gen_1/_2344_/ZN (NAND2_X1_upper)
   0.01    1.12 v rof1_0__core/fe/bp_fe_pc_gen_1/_2345_/ZN (NAND2_X1_upper)
   0.02    1.14 ^ rof1_0__core/fe/bp_fe_pc_gen_1/_2346_/ZN (OAI21_X1_upper)
   0.02    1.16 v rof1_0__core/fe/bp_fe_pc_gen_1/_2367_/ZN (OAI21_X1_upper)
   0.02    1.18 ^ rof1_0__core/fe/bp_fe_pc_gen_1/_2372_/ZN (NAND3_X1_upper)
   0.03    1.21 v rof1_0__core/fe/bp_fe_pc_gen_1/_2375_/ZN (NAND3_X2_upper)
   0.04    1.25 ^ rof1_0__core/fe/bp_fe_pc_gen_1/_2400_/ZN (AOI21_X4_upper)
   0.02    1.27 v rof1_0__core/fe/bp_fe_pc_gen_1/_2424_/ZN (OAI21_X4_upper)
   0.03    1.30 ^ rof1_0__core/fe/bp_fe_pc_gen_1/_2448_/ZN (AOI21_X2_upper)
   0.01    1.31 v rof1_0__core/fe/bp_fe_pc_gen_1/_2457_/ZN (NOR3_X1_upper)
   0.03    1.34 ^ rof1_0__core/fe/bp_fe_pc_gen_1/_2461_/ZN (NOR2_X1_upper)
   0.09    1.44 v rof1_0__core/fe/bp_fe_pc_gen_1/_4046_/S (FA_X1_upper)
   0.02    1.46 ^ rof1_0__core/fe/bp_fe_pc_gen_1/_3207_/ZN (NAND2_X1_upper)
   0.02    1.48 v rof1_0__core/fe/bp_fe_pc_gen_1/_3208_/ZN (NAND3_X1_upper)
   0.02    1.50 ^ rof1_0__core/fe/bp_fe_pc_gen_1/_3209_/ZN (OAI211_X1_upper)
   0.03    1.53 v rof1_0__core/fe/bp_fe_pc_gen_1/_3211_/ZN (OAI211_X1_upper)
   0.03    1.56 ^ rof1_0__core/fe/bp_fe_pc_gen_1/_3213_/ZN (AOI22_X1_upper)
   0.03    1.59 v rof1_0__core/fe/bp_fe_pc_gen_1/_3216_/ZN (OAI211_X1_upper)
   0.00    1.59 v rof1_0__core/fe/bp_fe_pc_gen_1/_4244_/D (DFF_X2_upper)
           1.59   data arrival time

   0.80    0.80   clock CLK (rise edge)
   0.00    0.80   clock network delay (ideal)
   0.00    0.80   clock reconvergence pessimism
           0.80 ^ rof1_0__core/fe/bp_fe_pc_gen_1/_4244_/CK (DFF_X2_upper)
  -0.04    0.76   library setup time
           0.76   data required time
---------------------------------------------------------
           0.76   data required time
          -1.59   data arrival time
---------------------------------------------------------
          -0.83   slack (VIOLATED)


+_+_+_+_+_+_+_+_+_+_+_+_+_+_+_+_+-

==========================================================================
finish critical path delay
--------------------------------------------------------------------------
5.7186

==========================================================================
finish critical path slack
--------------------------------------------------------------------------
-4.9553

==========================================================================
finish slack div critical path delay
--------------------------------------------------------------------------
-86.652327

==========================================================================
finish report_power
--------------------------------------------------------------------------
Group                  Internal  Switching    Leakage      Total
                          Power      Power      Power      Power (Watts)
----------------------------------------------------------------
Sequential             1.91e-01   1.35e-02   1.49e-03   2.06e-01  29.3%
Combinational          9.02e-02   6.78e-02   4.59e-03   1.63e-01  23.2%
Clock                  0.00e+00   0.00e+00   0.00e+00   0.00e+00   0.0%
Macro                  3.18e-01   0.00e+00   1.56e-02   3.34e-01  47.5%
Pad                    0.00e+00   0.00e+00   0.00e+00   0.00e+00   0.0%
----------------------------------------------------------------
Total                  5.99e-01   8.13e-02   2.17e-02   7.02e-01 100.0%
                          85.3%      11.6%       3.1%

==========================================================================
finish report_design_area
--------------------------------------------------------------------------
Design area 582676 u^2 93% utilization.

[WARNING GUI-0076] QStandardPaths: XDG_RUNTIME_DIR not set, defaulting to '/tmp/runtime-root'
[WARNING GUI-0076] This plugin does not support propagateSizeHints()
[WARNING GUI-0076] This plugin does not support propagateSizeHints()
[WARNING GUI-0076] This plugin does not support propagateSizeHints()
[WARNING GUI-0010] File path does not end with a valid extension, new path is: ./reports/nangate45_3D/bp_multi/HBT/final_routing.webp.png
[WARNING GUI-0010] File path does not end with a valid extension, new path is: ./reports/nangate45_3D/bp_multi/HBT/final_placement.webp.png
[WARNING GUI-0010] File path does not end with a valid extension, new path is: ./reports/nangate45_3D/bp_multi/HBT/final_ir_drop.webp.png
[WARNING GUI-0066] Heat map "IR Drop" has not been populated with data.
[WARNING GUI-0010] File path does not end with a valid extension, new path is: ./reports/nangate45_3D/bp_multi/HBT/final_clocks.webp.png
[WARNING GUI-0010] File path does not end with a valid extension, new path is: ./reports/nangate45_3D/bp_multi/HBT/final_congestion.webp.png
[WARNING GUI-0010] File path does not end with a valid extension, new path is: ./reports/nangate45_3D/bp_multi/HBT/final_resizer.webp.png
[WARNING GUI-0010] File path does not end with a valid extension, new path is: ./reports/nangate45_3D/bp_multi/HBT/cts_CLK.webp.png
Elapsed time: 1:51.53[h:]min:sec. CPU time: user 108.61 sys 3.07 (100%). Peak memory: 1580536KB.
