OpenROAD v2.0-17198-g8396d0866 
Features included (+) or not (-): +Charts +GPU +GUI +Python : None
This program is licensed under the BSD-3 license. See the LICENSE file for details.
Components of this program may be licensed under more restrictive licenses which must be honored.
[INFO ORD-0030] Using 104 thread(s).
detailed_route arguments: -droute_end_iter 5
[INFO DRT-0149] Reading tech and libs.

Units:                2000
Number of layers:     41
Number of macros:     275
Number of vias:       55
Number of viarulegen: 39

[INFO DRT-0150] Reading design.
[WARNING DRT-0120] Large net clk_i has 21511 pins which may impact routing performance. Consider optimization.
[WARNING DRT-0120] Large net N147855_BOT has 105 pins which may impact routing performance. Consider optimization.
[WARNING DRT-0120] Large net N149126_BOT has 105 pins which may impact routing performance. Consider optimization.
[WARNING DRT-0120] Large net N150343_BOT has 110 pins which may impact routing performance. Consider optimization.
[WARNING DRT-0120] Large net N151426_BOT has 110 pins which may impact routing performance. Consider optimization.
[WARNING DRT-0120] Large net N152468_BOT has 114 pins which may impact routing performance. Consider optimization.
[WARNING DRT-0120] Large net N153662_BOT has 109 pins which may impact routing performance. Consider optimization.
[WARNING DRT-0120] Large net N154902_BOT has 110 pins which may impact routing performance. Consider optimization.
[WARNING DRT-0120] Large net N156176_BOT has 110 pins which may impact routing performance. Consider optimization.
[WARNING DRT-0120] Large net N180630_TOP has 102 pins which may impact routing performance. Consider optimization.
[WARNING DRT-0120] Large net N180635_TOP has 102 pins which may impact routing performance. Consider optimization.
[WARNING DRT-0120] Large net N180645_BOT has 105 pins which may impact routing performance. Consider optimization.
[WARNING DRT-0120] Large net N180647_BOT has 117 pins which may impact routing performance. Consider optimization.
[WARNING DRT-0120] Large net N180657_BOT has 124 pins which may impact routing performance. Consider optimization.
[WARNING DRT-0120] Large net N180659_BOT has 105 pins which may impact routing performance. Consider optimization.
[WARNING DRT-0120] Large net N180663_BOT has 101 pins which may impact routing performance. Consider optimization.
[WARNING DRT-0120] Large net N180664_BOT has 114 pins which may impact routing performance. Consider optimization.
[WARNING DRT-0120] Large net N180677_BOT has 112 pins which may impact routing performance. Consider optimization.
[WARNING DRT-0120] Large net N180690_BOT has 103 pins which may impact routing performance. Consider optimization.
[WARNING DRT-0120] Large net N180692_BOT has 104 pins which may impact routing performance. Consider optimization.
[WARNING DRT-0120] Large net N180699_BOT has 102 pins which may impact routing performance. Consider optimization.
[WARNING DRT-0120] Large net N180701_BOT has 106 pins which may impact routing performance. Consider optimization.
[WARNING DRT-0120] Large net N180703_BOT has 111 pins which may impact routing performance. Consider optimization.
[WARNING DRT-0120] Large net N180707_BOT has 117 pins which may impact routing performance. Consider optimization.
[WARNING DRT-0120] Large net N180709_BOT has 106 pins which may impact routing performance. Consider optimization.
[WARNING DRT-0120] Large net N180715_BOT has 103 pins which may impact routing performance. Consider optimization.
[WARNING DRT-0120] Large net N180718_BOT has 105 pins which may impact routing performance. Consider optimization.
[WARNING DRT-0120] Large net N180723_BOT has 103 pins which may impact routing performance. Consider optimization.
[WARNING DRT-0120] Large net N180726_BOT has 112 pins which may impact routing performance. Consider optimization.
[WARNING DRT-0120] Large net N180729_BOT has 110 pins which may impact routing performance. Consider optimization.
[WARNING DRT-0120] Large net N180732_BOT has 108 pins which may impact routing performance. Consider optimization.
[WARNING DRT-0120] Large net N180739_BOT has 107 pins which may impact routing performance. Consider optimization.
[WARNING DRT-0120] Large net N180745_BOT has 106 pins which may impact routing performance. Consider optimization.
[WARNING DRT-0120] Large net N180746_BOT has 106 pins which may impact routing performance. Consider optimization.
[WARNING DRT-0120] Large net N180748_BOT has 103 pins which may impact routing performance. Consider optimization.
[WARNING DRT-0120] Large net N180762_TOP has 103 pins which may impact routing performance. Consider optimization.
[WARNING DRT-0120] Large net N180766_BOT has 105 pins which may impact routing performance. Consider optimization.
[WARNING DRT-0120] Large net N180777_BOT has 104 pins which may impact routing performance. Consider optimization.
[WARNING DRT-0120] Large net N180784_BOT has 102 pins which may impact routing performance. Consider optimization.
[WARNING DRT-0120] Large net N180789_TOP has 120 pins which may impact routing performance. Consider optimization.
[WARNING DRT-0120] Large net N180790_TOP has 103 pins which may impact routing performance. Consider optimization.
[WARNING DRT-0120] Large net N180791_TOP has 107 pins which may impact routing performance. Consider optimization.
[WARNING DRT-0120] Large net N180802_BOT has 105 pins which may impact routing performance. Consider optimization.
[WARNING DRT-0120] Large net N180803_BOT has 114 pins which may impact routing performance. Consider optimization.
[WARNING DRT-0120] Large net N180806_TOP has 118 pins which may impact routing performance. Consider optimization.
[WARNING DRT-0120] Large net N180809_TOP has 107 pins which may impact routing performance. Consider optimization.
[WARNING DRT-0120] Large net N180812_TOP has 117 pins which may impact routing performance. Consider optimization.
[WARNING DRT-0120] Large net N180813_TOP has 113 pins which may impact routing performance. Consider optimization.
[WARNING DRT-0120] Large net N180814_TOP has 119 pins which may impact routing performance. Consider optimization.
[WARNING DRT-0120] Large net N180815_TOP has 116 pins which may impact routing performance. Consider optimization.
[WARNING DRT-0120] Large net N180819_TOP has 116 pins which may impact routing performance. Consider optimization.
[WARNING DRT-0120] Large net N180821_TOP has 120 pins which may impact routing performance. Consider optimization.
[WARNING DRT-0120] Large net N180822_TOP has 110 pins which may impact routing performance. Consider optimization.
[WARNING DRT-0120] Large net N180823_TOP has 117 pins which may impact routing performance. Consider optimization.
[WARNING DRT-0120] Large net N180825_TOP has 113 pins which may impact routing performance. Consider optimization.
[WARNING DRT-0120] Large net N180826_TOP has 117 pins which may impact routing performance. Consider optimization.
[WARNING DRT-0120] Large net N180828_TOP has 111 pins which may impact routing performance. Consider optimization.
[WARNING DRT-0120] Large net N180829_TOP has 112 pins which may impact routing performance. Consider optimization.
[WARNING DRT-0120] Large net N180830_TOP has 119 pins which may impact routing performance. Consider optimization.
[WARNING DRT-0120] Large net N180832_TOP has 107 pins which may impact routing performance. Consider optimization.
[WARNING DRT-0120] Large net N180833_TOP has 113 pins which may impact routing performance. Consider optimization.
[WARNING DRT-0120] Large net N180834_TOP has 117 pins which may impact routing performance. Consider optimization.
[WARNING DRT-0120] Large net N180835_TOP has 106 pins which may impact routing performance. Consider optimization.
[WARNING DRT-0120] Large net N180842_BOT has 108 pins which may impact routing performance. Consider optimization.
[WARNING DRT-0120] Large net N180854_BOT has 108 pins which may impact routing performance. Consider optimization.
[WARNING DRT-0120] Large net N180856_BOT has 113 pins which may impact routing performance. Consider optimization.
[WARNING DRT-0120] Large net N40686_BOT has 111 pins which may impact routing performance. Consider optimization.
[WARNING DRT-0120] Large net N43694_BOT has 104 pins which may impact routing performance. Consider optimization.
[WARNING DRT-0120] Large net N82091_BOT has 126 pins which may impact routing performance. Consider optimization.
[WARNING DRT-0120] Large net N9353_TOP has 107 pins which may impact routing performance. Consider optimization.
[WARNING DRT-0120] Large net i_frontend/_05324_ has 121 pins which may impact routing performance. Consider optimization.
[WARNING DRT-0120] Large net i_frontend/i_fetch_fifo/i_fifo_v3/_1360_ has 171 pins which may impact routing performance. Consider optimization.
[WARNING DRT-0120] Large net issue_stage_i/i_scoreboard/_07778_ has 111 pins which may impact routing performance. Consider optimization.
[WARNING DRT-0120] Large net issue_stage_i/i_scoreboard/_07779_ has 130 pins which may impact routing performance. Consider optimization.
[WARNING DRT-0120] Large net issue_stage_i/i_scoreboard/_10352_ has 132 pins which may impact routing performance. Consider optimization.
[WARNING DRT-0120] Large net issue_stage_i/i_scoreboard/_10464_ has 130 pins which may impact routing performance. Consider optimization.
[WARNING DRT-0120] Large net issue_stage_i/i_scoreboard/_11898_ has 132 pins which may impact routing performance. Consider optimization.
[WARNING DRT-0120] Large net issue_stage_i/i_scoreboard/_11987_ has 130 pins which may impact routing performance. Consider optimization.
[WARNING DRT-0120] Large net issue_stage_i/i_scoreboard/_15887_ has 130 pins which may impact routing performance. Consider optimization.
[WARNING DRT-0120] Large net issue_stage_i/i_scoreboard/_17102_ has 127 pins which may impact routing performance. Consider optimization.
[WARNING DRT-0120] Large net issue_stage_i/i_scoreboard/_17197_ has 130 pins which may impact routing performance. Consider optimization.
[WARNING DRT-0120] Large net issue_stage_i/i_scoreboard/_18746_ has 130 pins which may impact routing performance. Consider optimization.
[WARNING DRT-0120] Large net issue_stage_i/i_scoreboard/_19209_ has 105 pins which may impact routing performance. Consider optimization.
[WARNING DRT-0120] Large net issue_stage_i/i_scoreboard/_23602_ has 102 pins which may impact routing performance. Consider optimization.
[WARNING DRT-0120] Large net net6331 has 102 pins which may impact routing performance. Consider optimization.
[WARNING DRT-0120] Large net net6350 has 101 pins which may impact routing performance. Consider optimization.
[WARNING DRT-0120] Large net net6352 has 103 pins which may impact routing performance. Consider optimization.
[WARNING DRT-0120] Large net net6359 has 108 pins which may impact routing performance. Consider optimization.
[WARNING DRT-0120] Large net net6361 has 104 pins which may impact routing performance. Consider optimization.
[WARNING DRT-0120] Large net net6362 has 120 pins which may impact routing performance. Consider optimization.
[WARNING DRT-0120] Large net net6365 has 106 pins which may impact routing performance. Consider optimization.
[WARNING DRT-0120] Large net net6366 has 122 pins which may impact routing performance. Consider optimization.
[WARNING DRT-0120] Large net net6396 has 104 pins which may impact routing performance. Consider optimization.
[WARNING DRT-0120] Large net net6401 has 107 pins which may impact routing performance. Consider optimization.
[WARNING DRT-0120] Large net net6405 has 110 pins which may impact routing performance. Consider optimization.
[WARNING DRT-0120] Large net net6407 has 111 pins which may impact routing performance. Consider optimization.
[WARNING DRT-0120] Large net net6410 has 115 pins which may impact routing performance. Consider optimization.
[WARNING DRT-0120] Large net net6412 has 118 pins which may impact routing performance. Consider optimization.
[WARNING DRT-0120] Large net net6414 has 108 pins which may impact routing performance. Consider optimization.
[WARNING DRT-0120] Large net net6416 has 114 pins which may impact routing performance. Consider optimization.
[WARNING DRT-0120] Large net net6418 has 111 pins which may impact routing performance. Consider optimization.
[WARNING DRT-0120] Large net net6435 has 101 pins which may impact routing performance. Consider optimization.
[WARNING DRT-0120] Large net net6436 has 107 pins which may impact routing performance. Consider optimization.
[WARNING DRT-0120] Large net net6438 has 118 pins which may impact routing performance. Consider optimization.
[WARNING DRT-0120] Large net net6442 has 114 pins which may impact routing performance. Consider optimization.
[WARNING DRT-0120] Large net net6443 has 112 pins which may impact routing performance. Consider optimization.
[WARNING DRT-0120] Large net net6444 has 105 pins which may impact routing performance. Consider optimization.
[WARNING DRT-0120] Large net net6448 has 113 pins which may impact routing performance. Consider optimization.
[WARNING DRT-0120] Large net net6468 has 102 pins which may impact routing performance. Consider optimization.
[WARNING DRT-0120] Large net net6482 has 114 pins which may impact routing performance. Consider optimization.
[WARNING DRT-0120] Large net net6483 has 120 pins which may impact routing performance. Consider optimization.
[WARNING DRT-0120] Large net net6484 has 118 pins which may impact routing performance. Consider optimization.
[WARNING DRT-0120] Large net net6490 has 102 pins which may impact routing performance. Consider optimization.
[WARNING DRT-0120] Large net net6529 has 121 pins which may impact routing performance. Consider optimization.
[WARNING DRT-0120] Large net net6535 has 102 pins which may impact routing performance. Consider optimization.
[WARNING DRT-0120] Large net net6536 has 115 pins which may impact routing performance. Consider optimization.

Design:                   ariane
Die area:                 ( 0 0 ) ( 2000000 2000000 )
Number of track patterns: 80
Number of DEF vias:       0
Number of components:     158876
Number of terminals:      495
Number of snets:          0
Number of nets:           189807

[WARNING DRT-0419] No routing tracks pass through the center of Term i_cache_subsystem/i_icache/sram_block_0__data_sram/genblk1_0__i_ram/macro_mem_0/w_mask_in[0]
[WARNING DRT-0419] No routing tracks pass through the center of Term i_cache_subsystem/i_icache/sram_block_0__data_sram/genblk1_0__i_ram/macro_mem_0/w_mask_in[1]
[WARNING DRT-0419] No routing tracks pass through the center of Term i_cache_subsystem/i_icache/sram_block_0__data_sram/genblk1_0__i_ram/macro_mem_0/w_mask_in[2]
[WARNING DRT-0419] No routing tracks pass through the center of Term i_cache_subsystem/i_icache/sram_block_0__data_sram/genblk1_0__i_ram/macro_mem_0/w_mask_in[3]
[WARNING DRT-0419] No routing tracks pass through the center of Term i_cache_subsystem/i_icache/sram_block_0__data_sram/genblk1_0__i_ram/macro_mem_0/w_mask_in[4]
[WARNING DRT-0419] No routing tracks pass through the center of Term i_cache_subsystem/i_icache/sram_block_0__data_sram/genblk1_0__i_ram/macro_mem_0/w_mask_in[5]
[WARNING DRT-0419] No routing tracks pass through the center of Term i_cache_subsystem/i_icache/sram_block_0__data_sram/genblk1_0__i_ram/macro_mem_0/w_mask_in[6]
[WARNING DRT-0419] No routing tracks pass through the center of Term i_cache_subsystem/i_icache/sram_block_0__data_sram/genblk1_0__i_ram/macro_mem_0/w_mask_in[7]
[WARNING DRT-0419] No routing tracks pass through the center of Term i_cache_subsystem/i_icache/sram_block_0__data_sram/genblk1_0__i_ram/macro_mem_0/w_mask_in[8]
[WARNING DRT-0419] No routing tracks pass through the center of Term i_cache_subsystem/i_icache/sram_block_0__data_sram/genblk1_0__i_ram/macro_mem_0/w_mask_in[9]
[WARNING DRT-0419] No routing tracks pass through the center of Term i_cache_subsystem/i_icache/sram_block_0__data_sram/genblk1_0__i_ram/macro_mem_0/w_mask_in[10]
[WARNING DRT-0419] No routing tracks pass through the center of Term i_cache_subsystem/i_icache/sram_block_0__data_sram/genblk1_0__i_ram/macro_mem_0/w_mask_in[11]
[WARNING DRT-0419] No routing tracks pass through the center of Term i_cache_subsystem/i_icache/sram_block_0__data_sram/genblk1_0__i_ram/macro_mem_0/w_mask_in[12]
[WARNING DRT-0419] No routing tracks pass through the center of Term i_cache_subsystem/i_icache/sram_block_0__data_sram/genblk1_0__i_ram/macro_mem_0/w_mask_in[13]
[WARNING DRT-0419] No routing tracks pass through the center of Term i_cache_subsystem/i_icache/sram_block_0__data_sram/genblk1_0__i_ram/macro_mem_0/w_mask_in[14]
[WARNING DRT-0419] No routing tracks pass through the center of Term i_cache_subsystem/i_icache/sram_block_0__data_sram/genblk1_0__i_ram/macro_mem_0/w_mask_in[15]
[WARNING DRT-0419] No routing tracks pass through the center of Term i_cache_subsystem/i_icache/sram_block_0__data_sram/genblk1_0__i_ram/macro_mem_0/rd_out[0]
[WARNING DRT-0419] No routing tracks pass through the center of Term i_cache_subsystem/i_icache/sram_block_0__data_sram/genblk1_0__i_ram/macro_mem_0/rd_out[1]
[WARNING DRT-0419] No routing tracks pass through the center of Term i_cache_subsystem/i_icache/sram_block_0__data_sram/genblk1_0__i_ram/macro_mem_0/rd_out[2]
[WARNING DRT-0419] No routing tracks pass through the center of Term i_cache_subsystem/i_icache/sram_block_0__data_sram/genblk1_0__i_ram/macro_mem_0/rd_out[3]
[WARNING DRT-0419] No routing tracks pass through the center of Term i_cache_subsystem/i_icache/sram_block_0__data_sram/genblk1_0__i_ram/macro_mem_0/rd_out[4]
[WARNING DRT-0419] No routing tracks pass through the center of Term i_cache_subsystem/i_icache/sram_block_0__data_sram/genblk1_0__i_ram/macro_mem_0/rd_out[5]
[WARNING DRT-0419] No routing tracks pass through the center of Term i_cache_subsystem/i_icache/sram_block_0__data_sram/genblk1_0__i_ram/macro_mem_0/rd_out[6]
[WARNING DRT-0419] No routing tracks pass through the center of Term i_cache_subsystem/i_icache/sram_block_0__data_sram/genblk1_0__i_ram/macro_mem_0/rd_out[7]
[WARNING DRT-0419] No routing tracks pass through the center of Term i_cache_subsystem/i_icache/sram_block_0__data_sram/genblk1_0__i_ram/macro_mem_0/rd_out[8]
[WARNING DRT-0419] No routing tracks pass through the center of Term i_cache_subsystem/i_icache/sram_block_0__data_sram/genblk1_0__i_ram/macro_mem_0/rd_out[9]
[WARNING DRT-0419] No routing tracks pass through the center of Term i_cache_subsystem/i_icache/sram_block_0__data_sram/genblk1_0__i_ram/macro_mem_0/rd_out[10]
[WARNING DRT-0419] No routing tracks pass through the center of Term i_cache_subsystem/i_icache/sram_block_0__data_sram/genblk1_0__i_ram/macro_mem_0/rd_out[11]
[WARNING DRT-0419] No routing tracks pass through the center of Term i_cache_subsystem/i_icache/sram_block_0__data_sram/genblk1_0__i_ram/macro_mem_0/rd_out[12]
[WARNING DRT-0419] No routing tracks pass through the center of Term i_cache_subsystem/i_icache/sram_block_0__data_sram/genblk1_0__i_ram/macro_mem_0/rd_out[13]
[WARNING DRT-0419] No routing tracks pass through the center of Term i_cache_subsystem/i_icache/sram_block_0__data_sram/genblk1_0__i_ram/macro_mem_0/rd_out[14]
[WARNING DRT-0419] No routing tracks pass through the center of Term i_cache_subsystem/i_icache/sram_block_0__data_sram/genblk1_0__i_ram/macro_mem_0/rd_out[15]
[WARNING DRT-0419] No routing tracks pass through the center of Term i_cache_subsystem/i_icache/sram_block_0__data_sram/genblk1_0__i_ram/macro_mem_0/wd_in[0]
[WARNING DRT-0419] No routing tracks pass through the center of Term i_cache_subsystem/i_icache/sram_block_0__data_sram/genblk1_0__i_ram/macro_mem_0/wd_in[1]
[WARNING DRT-0419] No routing tracks pass through the center of Term i_cache_subsystem/i_icache/sram_block_0__data_sram/genblk1_0__i_ram/macro_mem_0/wd_in[2]
[WARNING DRT-0419] No routing tracks pass through the center of Term i_cache_subsystem/i_icache/sram_block_0__data_sram/genblk1_0__i_ram/macro_mem_0/wd_in[3]
[WARNING DRT-0419] No routing tracks pass through the center of Term i_cache_subsystem/i_icache/sram_block_0__data_sram/genblk1_0__i_ram/macro_mem_0/wd_in[4]
[WARNING DRT-0419] No routing tracks pass through the center of Term i_cache_subsystem/i_icache/sram_block_0__data_sram/genblk1_0__i_ram/macro_mem_0/wd_in[5]
[WARNING DRT-0419] No routing tracks pass through the center of Term i_cache_subsystem/i_icache/sram_block_0__data_sram/genblk1_0__i_ram/macro_mem_0/wd_in[6]
[WARNING DRT-0419] No routing tracks pass through the center of Term i_cache_subsystem/i_icache/sram_block_0__data_sram/genblk1_0__i_ram/macro_mem_0/wd_in[7]
[WARNING DRT-0419] No routing tracks pass through the center of Term i_cache_subsystem/i_icache/sram_block_0__data_sram/genblk1_0__i_ram/macro_mem_0/wd_in[8]
[WARNING DRT-0419] No routing tracks pass through the center of Term i_cache_subsystem/i_icache/sram_block_0__data_sram/genblk1_0__i_ram/macro_mem_0/wd_in[9]
[WARNING DRT-0419] No routing tracks pass through the center of Term i_cache_subsystem/i_icache/sram_block_0__data_sram/genblk1_0__i_ram/macro_mem_0/wd_in[10]
[WARNING DRT-0419] No routing tracks pass through the center of Term i_cache_subsystem/i_icache/sram_block_0__data_sram/genblk1_0__i_ram/macro_mem_0/wd_in[11]
[WARNING DRT-0419] No routing tracks pass through the center of Term i_cache_subsystem/i_icache/sram_block_0__data_sram/genblk1_0__i_ram/macro_mem_0/wd_in[12]
[WARNING DRT-0419] No routing tracks pass through the center of Term i_cache_subsystem/i_icache/sram_block_0__data_sram/genblk1_0__i_ram/macro_mem_0/wd_in[13]
[WARNING DRT-0419] No routing tracks pass through the center of Term i_cache_subsystem/i_icache/sram_block_0__data_sram/genblk1_0__i_ram/macro_mem_0/wd_in[14]
[WARNING DRT-0419] No routing tracks pass through the center of Term i_cache_subsystem/i_icache/sram_block_0__data_sram/genblk1_0__i_ram/macro_mem_0/wd_in[15]
[WARNING DRT-0419] No routing tracks pass through the center of Term i_cache_subsystem/i_icache/sram_block_0__data_sram/genblk1_0__i_ram/macro_mem_0/addr_in[0]
[WARNING DRT-0419] No routing tracks pass through the center of Term i_cache_subsystem/i_icache/sram_block_0__data_sram/genblk1_0__i_ram/macro_mem_0/addr_in[1]
[WARNING DRT-0419] No routing tracks pass through the center of Term i_cache_subsystem/i_icache/sram_block_0__data_sram/genblk1_0__i_ram/macro_mem_0/addr_in[2]
[WARNING DRT-0419] No routing tracks pass through the center of Term i_cache_subsystem/i_icache/sram_block_0__data_sram/genblk1_0__i_ram/macro_mem_0/addr_in[3]
[WARNING DRT-0419] No routing tracks pass through the center of Term i_cache_subsystem/i_icache/sram_block_0__data_sram/genblk1_0__i_ram/macro_mem_0/addr_in[4]
[WARNING DRT-0419] No routing tracks pass through the center of Term i_cache_subsystem/i_icache/sram_block_0__data_sram/genblk1_0__i_ram/macro_mem_0/addr_in[5]
[WARNING DRT-0419] No routing tracks pass through the center of Term i_cache_subsystem/i_icache/sram_block_0__data_sram/genblk1_0__i_ram/macro_mem_0/addr_in[6]
[WARNING DRT-0419] No routing tracks pass through the center of Term i_cache_subsystem/i_icache/sram_block_0__data_sram/genblk1_0__i_ram/macro_mem_0/addr_in[7]
[WARNING DRT-0419] No routing tracks pass through the center of Term i_cache_subsystem/i_icache/sram_block_0__data_sram/genblk1_0__i_ram/macro_mem_0/we_in
[WARNING DRT-0419] No routing tracks pass through the center of Term i_cache_subsystem/i_icache/sram_block_0__data_sram/genblk1_0__i_ram/macro_mem_0/ce_in
[WARNING DRT-0419] No routing tracks pass through the center of Term i_cache_subsystem/i_icache/sram_block_0__data_sram/genblk1_0__i_ram/macro_mem_0/clk
[WARNING DRT-0419] No routing tracks pass through the center of Term i_cache_subsystem/i_icache/sram_block_0__data_sram/genblk1_0__i_ram/macro_mem_1/w_mask_in[0]
[WARNING DRT-0419] No routing tracks pass through the center of Term i_cache_subsystem/i_icache/sram_block_0__data_sram/genblk1_0__i_ram/macro_mem_1/w_mask_in[1]
[WARNING DRT-0419] No routing tracks pass through the center of Term i_cache_subsystem/i_icache/sram_block_0__data_sram/genblk1_0__i_ram/macro_mem_1/w_mask_in[2]
[WARNING DRT-0419] No routing tracks pass through the center of Term i_cache_subsystem/i_icache/sram_block_0__data_sram/genblk1_0__i_ram/macro_mem_1/w_mask_in[3]
[WARNING DRT-0419] No routing tracks pass through the center of Term i_cache_subsystem/i_icache/sram_block_0__data_sram/genblk1_0__i_ram/macro_mem_1/w_mask_in[4]
[WARNING DRT-0419] No routing tracks pass through the center of Term i_cache_subsystem/i_icache/sram_block_0__data_sram/genblk1_0__i_ram/macro_mem_1/w_mask_in[5]
[WARNING DRT-0419] No routing tracks pass through the center of Term i_cache_subsystem/i_icache/sram_block_0__data_sram/genblk1_0__i_ram/macro_mem_1/w_mask_in[6]
[WARNING DRT-0419] No routing tracks pass through the center of Term i_cache_subsystem/i_icache/sram_block_0__data_sram/genblk1_0__i_ram/macro_mem_1/w_mask_in[7]
[WARNING DRT-0419] No routing tracks pass through the center of Term i_cache_subsystem/i_icache/sram_block_0__data_sram/genblk1_0__i_ram/macro_mem_1/w_mask_in[8]
[WARNING DRT-0419] No routing tracks pass through the center of Term i_cache_subsystem/i_icache/sram_block_0__data_sram/genblk1_0__i_ram/macro_mem_1/w_mask_in[9]
[WARNING DRT-0419] No routing tracks pass through the center of Term i_cache_subsystem/i_icache/sram_block_0__data_sram/genblk1_0__i_ram/macro_mem_1/w_mask_in[10]
[WARNING DRT-0419] No routing tracks pass through the center of Term i_cache_subsystem/i_icache/sram_block_0__data_sram/genblk1_0__i_ram/macro_mem_1/w_mask_in[11]
[WARNING DRT-0419] No routing tracks pass through the center of Term i_cache_subsystem/i_icache/sram_block_0__data_sram/genblk1_0__i_ram/macro_mem_1/w_mask_in[12]
[WARNING DRT-0419] No routing tracks pass through the center of Term i_cache_subsystem/i_icache/sram_block_0__data_sram/genblk1_0__i_ram/macro_mem_1/w_mask_in[13]
[WARNING DRT-0419] No routing tracks pass through the center of Term i_cache_subsystem/i_icache/sram_block_0__data_sram/genblk1_0__i_ram/macro_mem_1/w_mask_in[14]
[WARNING DRT-0419] No routing tracks pass through the center of Term i_cache_subsystem/i_icache/sram_block_0__data_sram/genblk1_0__i_ram/macro_mem_1/w_mask_in[15]
[WARNING DRT-0419] No routing tracks pass through the center of Term i_cache_subsystem/i_icache/sram_block_0__data_sram/genblk1_0__i_ram/macro_mem_1/rd_out[0]
[WARNING DRT-0419] No routing tracks pass through the center of Term i_cache_subsystem/i_icache/sram_block_0__data_sram/genblk1_0__i_ram/macro_mem_1/rd_out[1]
[WARNING DRT-0419] No routing tracks pass through the center of Term i_cache_subsystem/i_icache/sram_block_0__data_sram/genblk1_0__i_ram/macro_mem_1/rd_out[2]
[WARNING DRT-0419] No routing tracks pass through the center of Term i_cache_subsystem/i_icache/sram_block_0__data_sram/genblk1_0__i_ram/macro_mem_1/rd_out[3]
[WARNING DRT-0419] No routing tracks pass through the center of Term i_cache_subsystem/i_icache/sram_block_0__data_sram/genblk1_0__i_ram/macro_mem_1/rd_out[4]
[WARNING DRT-0419] No routing tracks pass through the center of Term i_cache_subsystem/i_icache/sram_block_0__data_sram/genblk1_0__i_ram/macro_mem_1/rd_out[5]
[WARNING DRT-0419] No routing tracks pass through the center of Term i_cache_subsystem/i_icache/sram_block_0__data_sram/genblk1_0__i_ram/macro_mem_1/rd_out[6]
[WARNING DRT-0419] No routing tracks pass through the center of Term i_cache_subsystem/i_icache/sram_block_0__data_sram/genblk1_0__i_ram/macro_mem_1/rd_out[7]
[WARNING DRT-0419] No routing tracks pass through the center of Term i_cache_subsystem/i_icache/sram_block_0__data_sram/genblk1_0__i_ram/macro_mem_1/rd_out[8]
[WARNING DRT-0419] No routing tracks pass through the center of Term i_cache_subsystem/i_icache/sram_block_0__data_sram/genblk1_0__i_ram/macro_mem_1/rd_out[9]
[WARNING DRT-0419] No routing tracks pass through the center of Term i_cache_subsystem/i_icache/sram_block_0__data_sram/genblk1_0__i_ram/macro_mem_1/rd_out[10]
[WARNING DRT-0419] No routing tracks pass through the center of Term i_cache_subsystem/i_icache/sram_block_0__data_sram/genblk1_0__i_ram/macro_mem_1/rd_out[11]
[WARNING DRT-0419] No routing tracks pass through the center of Term i_cache_subsystem/i_icache/sram_block_0__data_sram/genblk1_0__i_ram/macro_mem_1/rd_out[12]
[WARNING DRT-0419] No routing tracks pass through the center of Term i_cache_subsystem/i_icache/sram_block_0__data_sram/genblk1_0__i_ram/macro_mem_1/rd_out[13]
[WARNING DRT-0419] No routing tracks pass through the center of Term i_cache_subsystem/i_icache/sram_block_0__data_sram/genblk1_0__i_ram/macro_mem_1/rd_out[14]
[WARNING DRT-0419] No routing tracks pass through the center of Term i_cache_subsystem/i_icache/sram_block_0__data_sram/genblk1_0__i_ram/macro_mem_1/rd_out[15]
[WARNING DRT-0419] No routing tracks pass through the center of Term i_cache_subsystem/i_icache/sram_block_0__data_sram/genblk1_0__i_ram/macro_mem_1/wd_in[0]
[WARNING DRT-0419] No routing tracks pass through the center of Term i_cache_subsystem/i_icache/sram_block_0__data_sram/genblk1_0__i_ram/macro_mem_1/wd_in[1]
[WARNING DRT-0419] No routing tracks pass through the center of Term i_cache_subsystem/i_icache/sram_block_0__data_sram/genblk1_0__i_ram/macro_mem_1/wd_in[2]
[WARNING DRT-0419] No routing tracks pass through the center of Term i_cache_subsystem/i_icache/sram_block_0__data_sram/genblk1_0__i_ram/macro_mem_1/wd_in[3]
[WARNING DRT-0419] No routing tracks pass through the center of Term i_cache_subsystem/i_icache/sram_block_0__data_sram/genblk1_0__i_ram/macro_mem_1/wd_in[4]
[WARNING DRT-0419] No routing tracks pass through the center of Term i_cache_subsystem/i_icache/sram_block_0__data_sram/genblk1_0__i_ram/macro_mem_1/wd_in[5]
[WARNING DRT-0419] No routing tracks pass through the center of Term i_cache_subsystem/i_icache/sram_block_0__data_sram/genblk1_0__i_ram/macro_mem_1/wd_in[6]
[WARNING DRT-0419] No routing tracks pass through the center of Term i_cache_subsystem/i_icache/sram_block_0__data_sram/genblk1_0__i_ram/macro_mem_1/wd_in[7]
[WARNING DRT-0419] No routing tracks pass through the center of Term i_cache_subsystem/i_icache/sram_block_0__data_sram/genblk1_0__i_ram/macro_mem_1/wd_in[8]
[WARNING DRT-0419] No routing tracks pass through the center of Term i_cache_subsystem/i_icache/sram_block_0__data_sram/genblk1_0__i_ram/macro_mem_1/wd_in[9]
[WARNING DRT-0419] No routing tracks pass through the center of Term i_cache_subsystem/i_icache/sram_block_0__data_sram/genblk1_0__i_ram/macro_mem_1/wd_in[10]
[WARNING DRT-0419] No routing tracks pass through the center of Term i_cache_subsystem/i_icache/sram_block_0__data_sram/genblk1_0__i_ram/macro_mem_1/wd_in[11]
[WARNING DRT-0419] No routing tracks pass through the center of Term i_cache_subsystem/i_icache/sram_block_0__data_sram/genblk1_0__i_ram/macro_mem_1/wd_in[12]
[WARNING DRT-0419] No routing tracks pass through the center of Term i_cache_subsystem/i_icache/sram_block_0__data_sram/genblk1_0__i_ram/macro_mem_1/wd_in[13]
[WARNING DRT-0419] No routing tracks pass through the center of Term i_cache_subsystem/i_icache/sram_block_0__data_sram/genblk1_0__i_ram/macro_mem_1/wd_in[14]
[WARNING DRT-0419] No routing tracks pass through the center of Term i_cache_subsystem/i_icache/sram_block_0__data_sram/genblk1_0__i_ram/macro_mem_1/wd_in[15]
[WARNING DRT-0419] No routing tracks pass through the center of Term i_cache_subsystem/i_icache/sram_block_0__data_sram/genblk1_0__i_ram/macro_mem_1/addr_in[0]
[WARNING DRT-0419] No routing tracks pass through the center of Term i_cache_subsystem/i_icache/sram_block_0__data_sram/genblk1_0__i_ram/macro_mem_1/addr_in[1]
[WARNING DRT-0419] No routing tracks pass through the center of Term i_cache_subsystem/i_icache/sram_block_0__data_sram/genblk1_0__i_ram/macro_mem_1/addr_in[2]
[WARNING DRT-0419] No routing tracks pass through the center of Term i_cache_subsystem/i_icache/sram_block_0__data_sram/genblk1_0__i_ram/macro_mem_1/addr_in[3]
[WARNING DRT-0419] No routing tracks pass through the center of Term i_cache_subsystem/i_icache/sram_block_0__data_sram/genblk1_0__i_ram/macro_mem_1/addr_in[4]
[WARNING DRT-0419] No routing tracks pass through the center of Term i_cache_subsystem/i_icache/sram_block_0__data_sram/genblk1_0__i_ram/macro_mem_1/addr_in[5]
[WARNING DRT-0419] No routing tracks pass through the center of Term i_cache_subsystem/i_icache/sram_block_0__data_sram/genblk1_0__i_ram/macro_mem_1/addr_in[6]
[WARNING DRT-0419] No routing tracks pass through the center of Term i_cache_subsystem/i_icache/sram_block_0__data_sram/genblk1_0__i_ram/macro_mem_1/addr_in[7]
[WARNING DRT-0419] No routing tracks pass through the center of Term i_cache_subsystem/i_icache/sram_block_0__data_sram/genblk1_0__i_ram/macro_mem_1/we_in
[WARNING DRT-0419] No routing tracks pass through the center of Term i_cache_subsystem/i_icache/sram_block_0__data_sram/genblk1_0__i_ram/macro_mem_1/ce_in
[WARNING DRT-0419] No routing tracks pass through the center of Term i_cache_subsystem/i_icache/sram_block_0__data_sram/genblk1_0__i_ram/macro_mem_1/clk
[WARNING DRT-0419] No routing tracks pass through the center of Term i_cache_subsystem/i_icache/sram_block_0__data_sram/genblk1_0__i_ram/macro_mem_2/w_mask_in[0]
[WARNING DRT-0419] No routing tracks pass through the center of Term i_cache_subsystem/i_icache/sram_block_0__data_sram/genblk1_0__i_ram/macro_mem_2/w_mask_in[1]
[WARNING DRT-0419] No routing tracks pass through the center of Term i_cache_subsystem/i_icache/sram_block_0__data_sram/genblk1_0__i_ram/macro_mem_2/w_mask_in[2]
[WARNING DRT-0419] No routing tracks pass through the center of Term i_cache_subsystem/i_icache/sram_block_0__data_sram/genblk1_0__i_ram/macro_mem_2/w_mask_in[3]
[WARNING DRT-0419] No routing tracks pass through the center of Term i_cache_subsystem/i_icache/sram_block_0__data_sram/genblk1_0__i_ram/macro_mem_2/w_mask_in[4]
[WARNING DRT-0419] No routing tracks pass through the center of Term i_cache_subsystem/i_icache/sram_block_0__data_sram/genblk1_0__i_ram/macro_mem_2/w_mask_in[5]
[WARNING DRT-0419] No routing tracks pass through the center of Term i_cache_subsystem/i_icache/sram_block_0__data_sram/genblk1_0__i_ram/macro_mem_2/w_mask_in[6]
[WARNING DRT-0419] No routing tracks pass through the center of Term i_cache_subsystem/i_icache/sram_block_0__data_sram/genblk1_0__i_ram/macro_mem_2/w_mask_in[7]
[WARNING DRT-0419] No routing tracks pass through the center of Term i_cache_subsystem/i_icache/sram_block_0__data_sram/genblk1_0__i_ram/macro_mem_2/w_mask_in[8]
[WARNING DRT-0419] No routing tracks pass through the center of Term i_cache_subsystem/i_icache/sram_block_0__data_sram/genblk1_0__i_ram/macro_mem_2/w_mask_in[9]
[WARNING DRT-0419] No routing tracks pass through the center of Term i_cache_subsystem/i_icache/sram_block_0__data_sram/genblk1_0__i_ram/macro_mem_2/w_mask_in[10]
[WARNING DRT-0419] No routing tracks pass through the center of Term i_cache_subsystem/i_icache/sram_block_0__data_sram/genblk1_0__i_ram/macro_mem_2/w_mask_in[11]
[WARNING DRT-0419] No routing tracks pass through the center of Term i_cache_subsystem/i_icache/sram_block_0__data_sram/genblk1_0__i_ram/macro_mem_2/w_mask_in[12]
[WARNING DRT-0419] No routing tracks pass through the center of Term i_cache_subsystem/i_icache/sram_block_0__data_sram/genblk1_0__i_ram/macro_mem_2/w_mask_in[13]
[WARNING DRT-0419] No routing tracks pass through the center of Term i_cache_subsystem/i_icache/sram_block_0__data_sram/genblk1_0__i_ram/macro_mem_2/w_mask_in[14]
[WARNING DRT-0419] No routing tracks pass through the center of Term i_cache_subsystem/i_icache/sram_block_0__data_sram/genblk1_0__i_ram/macro_mem_2/w_mask_in[15]
[WARNING DRT-0419] No routing tracks pass through the center of Term i_cache_subsystem/i_icache/sram_block_0__data_sram/genblk1_0__i_ram/macro_mem_2/rd_out[0]
[WARNING DRT-0419] No routing tracks pass through the center of Term i_cache_subsystem/i_icache/sram_block_0__data_sram/genblk1_0__i_ram/macro_mem_2/rd_out[1]
[WARNING DRT-0419] No routing tracks pass through the center of Term i_cache_subsystem/i_icache/sram_block_0__data_sram/genblk1_0__i_ram/macro_mem_2/rd_out[2]
[WARNING DRT-0419] No routing tracks pass through the center of Term i_cache_subsystem/i_icache/sram_block_0__data_sram/genblk1_0__i_ram/macro_mem_2/rd_out[3]
[WARNING DRT-0419] No routing tracks pass through the center of Term i_cache_subsystem/i_icache/sram_block_0__data_sram/genblk1_0__i_ram/macro_mem_2/rd_out[4]
[WARNING DRT-0419] No routing tracks pass through the center of Term i_cache_subsystem/i_icache/sram_block_0__data_sram/genblk1_0__i_ram/macro_mem_2/rd_out[5]
[WARNING DRT-0419] No routing tracks pass through the center of Term i_cache_subsystem/i_icache/sram_block_0__data_sram/genblk1_0__i_ram/macro_mem_2/rd_out[6]
[WARNING DRT-0419] No routing tracks pass through the center of Term i_cache_subsystem/i_icache/sram_block_0__data_sram/genblk1_0__i_ram/macro_mem_2/rd_out[7]
[WARNING DRT-0419] No routing tracks pass through the center of Term i_cache_subsystem/i_icache/sram_block_0__data_sram/genblk1_0__i_ram/macro_mem_2/rd_out[8]
[WARNING DRT-0419] No routing tracks pass through the center of Term i_cache_subsystem/i_icache/sram_block_0__data_sram/genblk1_0__i_ram/macro_mem_2/rd_out[9]
[WARNING DRT-0419] No routing tracks pass through the center of Term i_cache_subsystem/i_icache/sram_block_0__data_sram/genblk1_0__i_ram/macro_mem_2/rd_out[10]
[WARNING DRT-0419] No routing tracks pass through the center of Term i_cache_subsystem/i_icache/sram_block_0__data_sram/genblk1_0__i_ram/macro_mem_2/rd_out[11]
[WARNING DRT-0419] No routing tracks pass through the center of Term i_cache_subsystem/i_icache/sram_block_0__data_sram/genblk1_0__i_ram/macro_mem_2/rd_out[12]
[WARNING DRT-0419] No routing tracks pass through the center of Term i_cache_subsystem/i_icache/sram_block_0__data_sram/genblk1_0__i_ram/macro_mem_2/rd_out[13]
[WARNING DRT-0419] No routing tracks pass through the center of Term i_cache_subsystem/i_icache/sram_block_0__data_sram/genblk1_0__i_ram/macro_mem_2/rd_out[14]
[WARNING DRT-0419] No routing tracks pass through the center of Term i_cache_subsystem/i_icache/sram_block_0__data_sram/genblk1_0__i_ram/macro_mem_2/rd_out[15]
[WARNING DRT-0419] No routing tracks pass through the center of Term i_cache_subsystem/i_icache/sram_block_0__data_sram/genblk1_0__i_ram/macro_mem_2/wd_in[0]
[WARNING DRT-0419] No routing tracks pass through the center of Term i_cache_subsystem/i_icache/sram_block_0__data_sram/genblk1_0__i_ram/macro_mem_2/wd_in[1]
[WARNING DRT-0419] No routing tracks pass through the center of Term i_cache_subsystem/i_icache/sram_block_0__data_sram/genblk1_0__i_ram/macro_mem_2/wd_in[2]
[WARNING DRT-0419] No routing tracks pass through the center of Term i_cache_subsystem/i_icache/sram_block_0__data_sram/genblk1_0__i_ram/macro_mem_2/wd_in[3]
[WARNING DRT-0419] No routing tracks pass through the center of Term i_cache_subsystem/i_icache/sram_block_0__data_sram/genblk1_0__i_ram/macro_mem_2/wd_in[4]
[WARNING DRT-0419] No routing tracks pass through the center of Term i_cache_subsystem/i_icache/sram_block_0__data_sram/genblk1_0__i_ram/macro_mem_2/wd_in[5]
[WARNING DRT-0419] No routing tracks pass through the center of Term i_cache_subsystem/i_icache/sram_block_0__data_sram/genblk1_0__i_ram/macro_mem_2/wd_in[6]
[WARNING DRT-0419] No routing tracks pass through the center of Term i_cache_subsystem/i_icache/sram_block_0__data_sram/genblk1_0__i_ram/macro_mem_2/wd_in[7]
[WARNING DRT-0419] No routing tracks pass through the center of Term i_cache_subsystem/i_icache/sram_block_0__data_sram/genblk1_0__i_ram/macro_mem_2/wd_in[8]
[WARNING DRT-0419] No routing tracks pass through the center of Term i_cache_subsystem/i_icache/sram_block_0__data_sram/genblk1_0__i_ram/macro_mem_2/wd_in[9]
[WARNING DRT-0419] No routing tracks pass through the center of Term i_cache_subsystem/i_icache/sram_block_0__data_sram/genblk1_0__i_ram/macro_mem_2/wd_in[10]
[WARNING DRT-0419] No routing tracks pass through the center of Term i_cache_subsystem/i_icache/sram_block_0__data_sram/genblk1_0__i_ram/macro_mem_2/wd_in[11]
[WARNING DRT-0419] No routing tracks pass through the center of Term i_cache_subsystem/i_icache/sram_block_0__data_sram/genblk1_0__i_ram/macro_mem_2/wd_in[12]
[WARNING DRT-0419] No routing tracks pass through the center of Term i_cache_subsystem/i_icache/sram_block_0__data_sram/genblk1_0__i_ram/macro_mem_2/wd_in[13]
[WARNING DRT-0419] No routing tracks pass through the center of Term i_cache_subsystem/i_icache/sram_block_0__data_sram/genblk1_0__i_ram/macro_mem_2/wd_in[14]
[WARNING DRT-0419] No routing tracks pass through the center of Term i_cache_subsystem/i_icache/sram_block_0__data_sram/genblk1_0__i_ram/macro_mem_2/wd_in[15]
[WARNING DRT-0419] No routing tracks pass through the center of Term i_cache_subsystem/i_icache/sram_block_0__data_sram/genblk1_0__i_ram/macro_mem_2/addr_in[0]
[WARNING DRT-0419] No routing tracks pass through the center of Term i_cache_subsystem/i_icache/sram_block_0__data_sram/genblk1_0__i_ram/macro_mem_2/addr_in[1]
[WARNING DRT-0419] No routing tracks pass through the center of Term i_cache_subsystem/i_icache/sram_block_0__data_sram/genblk1_0__i_ram/macro_mem_2/addr_in[2]
[WARNING DRT-0419] No routing tracks pass through the center of Term i_cache_subsystem/i_icache/sram_block_0__data_sram/genblk1_0__i_ram/macro_mem_2/addr_in[3]
[WARNING DRT-0419] No routing tracks pass through the center of Term i_cache_subsystem/i_icache/sram_block_0__data_sram/genblk1_0__i_ram/macro_mem_2/addr_in[4]
[WARNING DRT-0419] No routing tracks pass through the center of Term i_cache_subsystem/i_icache/sram_block_0__data_sram/genblk1_0__i_ram/macro_mem_2/addr_in[5]
[WARNING DRT-0419] No routing tracks pass through the center of Term i_cache_subsystem/i_icache/sram_block_0__data_sram/genblk1_0__i_ram/macro_mem_2/addr_in[6]
[WARNING DRT-0419] No routing tracks pass through the center of Term i_cache_subsystem/i_icache/sram_block_0__data_sram/genblk1_0__i_ram/macro_mem_2/addr_in[7]
[WARNING DRT-0419] No routing tracks pass through the center of Term i_cache_subsystem/i_icache/sram_block_0__data_sram/genblk1_0__i_ram/macro_mem_2/we_in
[WARNING DRT-0419] No routing tracks pass through the center of Term i_cache_subsystem/i_icache/sram_block_0__data_sram/genblk1_0__i_ram/macro_mem_2/ce_in
[WARNING DRT-0419] No routing tracks pass through the center of Term i_cache_subsystem/i_icache/sram_block_0__data_sram/genblk1_0__i_ram/macro_mem_2/clk
[WARNING DRT-0419] No routing tracks pass through the center of Term i_cache_subsystem/i_icache/sram_block_0__data_sram/genblk1_0__i_ram/macro_mem_3/w_mask_in[0]
[WARNING DRT-0419] No routing tracks pass through the center of Term i_cache_subsystem/i_icache/sram_block_0__data_sram/genblk1_0__i_ram/macro_mem_3/w_mask_in[1]
[WARNING DRT-0419] No routing tracks pass through the center of Term i_cache_subsystem/i_icache/sram_block_0__data_sram/genblk1_0__i_ram/macro_mem_3/w_mask_in[2]
[WARNING DRT-0419] No routing tracks pass through the center of Term i_cache_subsystem/i_icache/sram_block_0__data_sram/genblk1_0__i_ram/macro_mem_3/w_mask_in[3]
[WARNING DRT-0419] No routing tracks pass through the center of Term i_cache_subsystem/i_icache/sram_block_0__data_sram/genblk1_0__i_ram/macro_mem_3/w_mask_in[4]
[WARNING DRT-0419] No routing tracks pass through the center of Term i_cache_subsystem/i_icache/sram_block_0__data_sram/genblk1_0__i_ram/macro_mem_3/w_mask_in[5]
[WARNING DRT-0419] No routing tracks pass through the center of Term i_cache_subsystem/i_icache/sram_block_0__data_sram/genblk1_0__i_ram/macro_mem_3/w_mask_in[6]
[WARNING DRT-0419] No routing tracks pass through the center of Term i_cache_subsystem/i_icache/sram_block_0__data_sram/genblk1_0__i_ram/macro_mem_3/w_mask_in[7]
[WARNING DRT-0419] No routing tracks pass through the center of Term i_cache_subsystem/i_icache/sram_block_0__data_sram/genblk1_0__i_ram/macro_mem_3/w_mask_in[8]
[WARNING DRT-0419] No routing tracks pass through the center of Term i_cache_subsystem/i_icache/sram_block_0__data_sram/genblk1_0__i_ram/macro_mem_3/w_mask_in[9]
[WARNING DRT-0419] No routing tracks pass through the center of Term i_cache_subsystem/i_icache/sram_block_0__data_sram/genblk1_0__i_ram/macro_mem_3/w_mask_in[10]
[WARNING DRT-0419] No routing tracks pass through the center of Term i_cache_subsystem/i_icache/sram_block_0__data_sram/genblk1_0__i_ram/macro_mem_3/w_mask_in[11]
[WARNING DRT-0419] No routing tracks pass through the center of Term i_cache_subsystem/i_icache/sram_block_0__data_sram/genblk1_0__i_ram/macro_mem_3/w_mask_in[12]
[WARNING DRT-0419] No routing tracks pass through the center of Term i_cache_subsystem/i_icache/sram_block_0__data_sram/genblk1_0__i_ram/macro_mem_3/w_mask_in[13]
[WARNING DRT-0419] No routing tracks pass through the center of Term i_cache_subsystem/i_icache/sram_block_0__data_sram/genblk1_0__i_ram/macro_mem_3/w_mask_in[14]
[WARNING DRT-0419] No routing tracks pass through the center of Term i_cache_subsystem/i_icache/sram_block_0__data_sram/genblk1_0__i_ram/macro_mem_3/w_mask_in[15]
[WARNING DRT-0419] No routing tracks pass through the center of Term i_cache_subsystem/i_icache/sram_block_0__data_sram/genblk1_0__i_ram/macro_mem_3/rd_out[0]
[WARNING DRT-0419] No routing tracks pass through the center of Term i_cache_subsystem/i_icache/sram_block_0__data_sram/genblk1_0__i_ram/macro_mem_3/rd_out[1]
[WARNING DRT-0419] No routing tracks pass through the center of Term i_cache_subsystem/i_icache/sram_block_0__data_sram/genblk1_0__i_ram/macro_mem_3/rd_out[2]
[WARNING DRT-0419] No routing tracks pass through the center of Term i_cache_subsystem/i_icache/sram_block_0__data_sram/genblk1_0__i_ram/macro_mem_3/rd_out[3]
[WARNING DRT-0419] No routing tracks pass through the center of Term i_cache_subsystem/i_icache/sram_block_0__data_sram/genblk1_0__i_ram/macro_mem_3/rd_out[4]
[WARNING DRT-0419] No routing tracks pass through the center of Term i_cache_subsystem/i_icache/sram_block_0__data_sram/genblk1_0__i_ram/macro_mem_3/rd_out[5]
[WARNING DRT-0419] No routing tracks pass through the center of Term i_cache_subsystem/i_icache/sram_block_0__data_sram/genblk1_0__i_ram/macro_mem_3/rd_out[6]
[WARNING DRT-0419] No routing tracks pass through the center of Term i_cache_subsystem/i_icache/sram_block_0__data_sram/genblk1_0__i_ram/macro_mem_3/rd_out[7]
[WARNING DRT-0419] No routing tracks pass through the center of Term i_cache_subsystem/i_icache/sram_block_0__data_sram/genblk1_0__i_ram/macro_mem_3/rd_out[8]
[WARNING DRT-0419] No routing tracks pass through the center of Term i_cache_subsystem/i_icache/sram_block_0__data_sram/genblk1_0__i_ram/macro_mem_3/rd_out[9]
[WARNING DRT-0419] No routing tracks pass through the center of Term i_cache_subsystem/i_icache/sram_block_0__data_sram/genblk1_0__i_ram/macro_mem_3/rd_out[10]
[WARNING DRT-0419] No routing tracks pass through the center of Term i_cache_subsystem/i_icache/sram_block_0__data_sram/genblk1_0__i_ram/macro_mem_3/rd_out[11]
[WARNING DRT-0419] No routing tracks pass through the center of Term i_cache_subsystem/i_icache/sram_block_0__data_sram/genblk1_0__i_ram/macro_mem_3/rd_out[12]
[WARNING DRT-0419] No routing tracks pass through the center of Term i_cache_subsystem/i_icache/sram_block_0__data_sram/genblk1_0__i_ram/macro_mem_3/rd_out[13]
[WARNING DRT-0419] No routing tracks pass through the center of Term i_cache_subsystem/i_icache/sram_block_0__data_sram/genblk1_0__i_ram/macro_mem_3/rd_out[14]
[WARNING DRT-0419] No routing tracks pass through the center of Term i_cache_subsystem/i_icache/sram_block_0__data_sram/genblk1_0__i_ram/macro_mem_3/rd_out[15]
[WARNING DRT-0419] No routing tracks pass through the center of Term i_cache_subsystem/i_icache/sram_block_0__data_sram/genblk1_0__i_ram/macro_mem_3/wd_in[0]
[WARNING DRT-0419] No routing tracks pass through the center of Term i_cache_subsystem/i_icache/sram_block_0__data_sram/genblk1_0__i_ram/macro_mem_3/wd_in[1]
[WARNING DRT-0419] No routing tracks pass through the center of Term i_cache_subsystem/i_icache/sram_block_0__data_sram/genblk1_0__i_ram/macro_mem_3/wd_in[2]
[WARNING DRT-0419] No routing tracks pass through the center of Term i_cache_subsystem/i_icache/sram_block_0__data_sram/genblk1_0__i_ram/macro_mem_3/wd_in[3]
[WARNING DRT-0419] No routing tracks pass through the center of Term i_cache_subsystem/i_icache/sram_block_0__data_sram/genblk1_0__i_ram/macro_mem_3/wd_in[4]
[WARNING DRT-0419] No routing tracks pass through the center of Term i_cache_subsystem/i_icache/sram_block_0__data_sram/genblk1_0__i_ram/macro_mem_3/wd_in[5]
[WARNING DRT-0419] No routing tracks pass through the center of Term i_cache_subsystem/i_icache/sram_block_0__data_sram/genblk1_0__i_ram/macro_mem_3/wd_in[6]
[WARNING DRT-0419] No routing tracks pass through the center of Term i_cache_subsystem/i_icache/sram_block_0__data_sram/genblk1_0__i_ram/macro_mem_3/wd_in[7]
[WARNING DRT-0419] No routing tracks pass through the center of Term i_cache_subsystem/i_icache/sram_block_0__data_sram/genblk1_0__i_ram/macro_mem_3/wd_in[8]
[WARNING DRT-0419] No routing tracks pass through the center of Term i_cache_subsystem/i_icache/sram_block_0__data_sram/genblk1_0__i_ram/macro_mem_3/wd_in[9]
[WARNING DRT-0419] No routing tracks pass through the center of Term i_cache_subsystem/i_icache/sram_block_0__data_sram/genblk1_0__i_ram/macro_mem_3/wd_in[10]
[WARNING DRT-0419] No routing tracks pass through the center of Term i_cache_subsystem/i_icache/sram_block_0__data_sram/genblk1_0__i_ram/macro_mem_3/wd_in[11]
[WARNING DRT-0419] No routing tracks pass through the center of Term i_cache_subsystem/i_icache/sram_block_0__data_sram/genblk1_0__i_ram/macro_mem_3/wd_in[12]
[WARNING DRT-0419] No routing tracks pass through the center of Term i_cache_subsystem/i_icache/sram_block_0__data_sram/genblk1_0__i_ram/macro_mem_3/wd_in[13]
[WARNING DRT-0419] No routing tracks pass through the center of Term i_cache_subsystem/i_icache/sram_block_0__data_sram/genblk1_0__i_ram/macro_mem_3/wd_in[14]
[WARNING DRT-0419] No routing tracks pass through the center of Term i_cache_subsystem/i_icache/sram_block_0__data_sram/genblk1_0__i_ram/macro_mem_3/wd_in[15]
[WARNING DRT-0419] No routing tracks pass through the center of Term i_cache_subsystem/i_icache/sram_block_0__data_sram/genblk1_0__i_ram/macro_mem_3/addr_in[0]
[WARNING DRT-0419] No routing tracks pass through the center of Term i_cache_subsystem/i_icache/sram_block_0__data_sram/genblk1_0__i_ram/macro_mem_3/addr_in[1]
[WARNING DRT-0419] No routing tracks pass through the center of Term i_cache_subsystem/i_icache/sram_block_0__data_sram/genblk1_0__i_ram/macro_mem_3/addr_in[2]
[WARNING DRT-0419] No routing tracks pass through the center of Term i_cache_subsystem/i_icache/sram_block_0__data_sram/genblk1_0__i_ram/macro_mem_3/addr_in[3]
[WARNING DRT-0419] No routing tracks pass through the center of Term i_cache_subsystem/i_icache/sram_block_0__data_sram/genblk1_0__i_ram/macro_mem_3/addr_in[4]
[WARNING DRT-0419] No routing tracks pass through the center of Term i_cache_subsystem/i_icache/sram_block_0__data_sram/genblk1_0__i_ram/macro_mem_3/addr_in[5]
[WARNING DRT-0419] No routing tracks pass through the center of Term i_cache_subsystem/i_icache/sram_block_0__data_sram/genblk1_0__i_ram/macro_mem_3/addr_in[6]
[WARNING DRT-0419] No routing tracks pass through the center of Term i_cache_subsystem/i_icache/sram_block_0__data_sram/genblk1_0__i_ram/macro_mem_3/addr_in[7]
[WARNING DRT-0419] No routing tracks pass through the center of Term i_cache_subsystem/i_icache/sram_block_0__data_sram/genblk1_0__i_ram/macro_mem_3/we_in
[WARNING DRT-0419] No routing tracks pass through the center of Term i_cache_subsystem/i_icache/sram_block_0__data_sram/genblk1_0__i_ram/macro_mem_3/ce_in
[WARNING DRT-0419] No routing tracks pass through the center of Term i_cache_subsystem/i_icache/sram_block_0__data_sram/genblk1_0__i_ram/macro_mem_3/clk
[WARNING DRT-0419] No routing tracks pass through the center of Term i_cache_subsystem/i_icache/sram_block_0__data_sram/genblk1_1__i_ram/macro_mem_0/w_mask_in[0]
[WARNING DRT-0419] No routing tracks pass through the center of Term i_cache_subsystem/i_icache/sram_block_0__data_sram/genblk1_1__i_ram/macro_mem_0/w_mask_in[1]
[WARNING DRT-0419] No routing tracks pass through the center of Term i_cache_subsystem/i_icache/sram_block_0__data_sram/genblk1_1__i_ram/macro_mem_0/w_mask_in[2]
[WARNING DRT-0419] No routing tracks pass through the center of Term i_cache_subsystem/i_icache/sram_block_0__data_sram/genblk1_1__i_ram/macro_mem_0/w_mask_in[3]
[WARNING DRT-0419] No routing tracks pass through the center of Term i_cache_subsystem/i_icache/sram_block_0__data_sram/genblk1_1__i_ram/macro_mem_0/w_mask_in[4]
[WARNING DRT-0419] No routing tracks pass through the center of Term i_cache_subsystem/i_icache/sram_block_0__data_sram/genblk1_1__i_ram/macro_mem_0/w_mask_in[5]
[WARNING DRT-0419] No routing tracks pass through the center of Term i_cache_subsystem/i_icache/sram_block_0__data_sram/genblk1_1__i_ram/macro_mem_0/w_mask_in[6]
[WARNING DRT-0419] No routing tracks pass through the center of Term i_cache_subsystem/i_icache/sram_block_0__data_sram/genblk1_1__i_ram/macro_mem_0/w_mask_in[7]
[WARNING DRT-0419] No routing tracks pass through the center of Term i_cache_subsystem/i_icache/sram_block_0__data_sram/genblk1_1__i_ram/macro_mem_0/w_mask_in[8]
[WARNING DRT-0419] No routing tracks pass through the center of Term i_cache_subsystem/i_icache/sram_block_0__data_sram/genblk1_1__i_ram/macro_mem_0/w_mask_in[9]
[WARNING DRT-0419] No routing tracks pass through the center of Term i_cache_subsystem/i_icache/sram_block_0__data_sram/genblk1_1__i_ram/macro_mem_0/w_mask_in[10]
[WARNING DRT-0419] No routing tracks pass through the center of Term i_cache_subsystem/i_icache/sram_block_0__data_sram/genblk1_1__i_ram/macro_mem_0/w_mask_in[11]
[WARNING DRT-0419] No routing tracks pass through the center of Term i_cache_subsystem/i_icache/sram_block_0__data_sram/genblk1_1__i_ram/macro_mem_0/w_mask_in[12]
[WARNING DRT-0419] No routing tracks pass through the center of Term i_cache_subsystem/i_icache/sram_block_0__data_sram/genblk1_1__i_ram/macro_mem_0/w_mask_in[13]
[WARNING DRT-0419] No routing tracks pass through the center of Term i_cache_subsystem/i_icache/sram_block_0__data_sram/genblk1_1__i_ram/macro_mem_0/w_mask_in[14]
[WARNING DRT-0419] No routing tracks pass through the center of Term i_cache_subsystem/i_icache/sram_block_0__data_sram/genblk1_1__i_ram/macro_mem_0/w_mask_in[15]
[WARNING DRT-0419] No routing tracks pass through the center of Term i_cache_subsystem/i_icache/sram_block_0__data_sram/genblk1_1__i_ram/macro_mem_0/rd_out[0]
[WARNING DRT-0419] No routing tracks pass through the center of Term i_cache_subsystem/i_icache/sram_block_0__data_sram/genblk1_1__i_ram/macro_mem_0/rd_out[1]
[WARNING DRT-0419] No routing tracks pass through the center of Term i_cache_subsystem/i_icache/sram_block_0__data_sram/genblk1_1__i_ram/macro_mem_0/rd_out[2]
[WARNING DRT-0419] No routing tracks pass through the center of Term i_cache_subsystem/i_icache/sram_block_0__data_sram/genblk1_1__i_ram/macro_mem_0/rd_out[3]
[WARNING DRT-0419] No routing tracks pass through the center of Term i_cache_subsystem/i_icache/sram_block_0__data_sram/genblk1_1__i_ram/macro_mem_0/rd_out[4]
[WARNING DRT-0419] No routing tracks pass through the center of Term i_cache_subsystem/i_icache/sram_block_0__data_sram/genblk1_1__i_ram/macro_mem_0/rd_out[5]
[WARNING DRT-0419] No routing tracks pass through the center of Term i_cache_subsystem/i_icache/sram_block_0__data_sram/genblk1_1__i_ram/macro_mem_0/rd_out[6]
[WARNING DRT-0419] No routing tracks pass through the center of Term i_cache_subsystem/i_icache/sram_block_0__data_sram/genblk1_1__i_ram/macro_mem_0/rd_out[7]
[WARNING DRT-0419] No routing tracks pass through the center of Term i_cache_subsystem/i_icache/sram_block_0__data_sram/genblk1_1__i_ram/macro_mem_0/rd_out[8]
[WARNING DRT-0419] No routing tracks pass through the center of Term i_cache_subsystem/i_icache/sram_block_0__data_sram/genblk1_1__i_ram/macro_mem_0/rd_out[9]
[WARNING DRT-0419] No routing tracks pass through the center of Term i_cache_subsystem/i_icache/sram_block_0__data_sram/genblk1_1__i_ram/macro_mem_0/rd_out[10]
[WARNING DRT-0419] No routing tracks pass through the center of Term i_cache_subsystem/i_icache/sram_block_0__data_sram/genblk1_1__i_ram/macro_mem_0/rd_out[11]
[WARNING DRT-0419] No routing tracks pass through the center of Term i_cache_subsystem/i_icache/sram_block_0__data_sram/genblk1_1__i_ram/macro_mem_0/rd_out[12]
[WARNING DRT-0419] No routing tracks pass through the center of Term i_cache_subsystem/i_icache/sram_block_0__data_sram/genblk1_1__i_ram/macro_mem_0/rd_out[13]
[WARNING DRT-0419] No routing tracks pass through the center of Term i_cache_subsystem/i_icache/sram_block_0__data_sram/genblk1_1__i_ram/macro_mem_0/rd_out[14]
[WARNING DRT-0419] No routing tracks pass through the center of Term i_cache_subsystem/i_icache/sram_block_0__data_sram/genblk1_1__i_ram/macro_mem_0/rd_out[15]
[WARNING DRT-0419] No routing tracks pass through the center of Term i_cache_subsystem/i_icache/sram_block_0__data_sram/genblk1_1__i_ram/macro_mem_0/wd_in[0]
[WARNING DRT-0419] No routing tracks pass through the center of Term i_cache_subsystem/i_icache/sram_block_0__data_sram/genblk1_1__i_ram/macro_mem_0/wd_in[1]
[WARNING DRT-0419] No routing tracks pass through the center of Term i_cache_subsystem/i_icache/sram_block_0__data_sram/genblk1_1__i_ram/macro_mem_0/wd_in[2]
[WARNING DRT-0419] No routing tracks pass through the center of Term i_cache_subsystem/i_icache/sram_block_0__data_sram/genblk1_1__i_ram/macro_mem_0/wd_in[3]
[WARNING DRT-0419] No routing tracks pass through the center of Term i_cache_subsystem/i_icache/sram_block_0__data_sram/genblk1_1__i_ram/macro_mem_0/wd_in[4]
[WARNING DRT-0419] No routing tracks pass through the center of Term i_cache_subsystem/i_icache/sram_block_0__data_sram/genblk1_1__i_ram/macro_mem_0/wd_in[5]
[WARNING DRT-0419] No routing tracks pass through the center of Term i_cache_subsystem/i_icache/sram_block_0__data_sram/genblk1_1__i_ram/macro_mem_0/wd_in[6]
[WARNING DRT-0419] No routing tracks pass through the center of Term i_cache_subsystem/i_icache/sram_block_0__data_sram/genblk1_1__i_ram/macro_mem_0/wd_in[7]
[WARNING DRT-0419] No routing tracks pass through the center of Term i_cache_subsystem/i_icache/sram_block_0__data_sram/genblk1_1__i_ram/macro_mem_0/wd_in[8]
[WARNING DRT-0419] No routing tracks pass through the center of Term i_cache_subsystem/i_icache/sram_block_0__data_sram/genblk1_1__i_ram/macro_mem_0/wd_in[9]
[WARNING DRT-0419] No routing tracks pass through the center of Term i_cache_subsystem/i_icache/sram_block_0__data_sram/genblk1_1__i_ram/macro_mem_0/wd_in[10]
[WARNING DRT-0419] No routing tracks pass through the center of Term i_cache_subsystem/i_icache/sram_block_0__data_sram/genblk1_1__i_ram/macro_mem_0/wd_in[11]
[WARNING DRT-0419] No routing tracks pass through the center of Term i_cache_subsystem/i_icache/sram_block_0__data_sram/genblk1_1__i_ram/macro_mem_0/wd_in[12]
[WARNING DRT-0419] No routing tracks pass through the center of Term i_cache_subsystem/i_icache/sram_block_0__data_sram/genblk1_1__i_ram/macro_mem_0/wd_in[13]
[WARNING DRT-0419] No routing tracks pass through the center of Term i_cache_subsystem/i_icache/sram_block_0__data_sram/genblk1_1__i_ram/macro_mem_0/wd_in[14]
[WARNING DRT-0419] No routing tracks pass through the center of Term i_cache_subsystem/i_icache/sram_block_0__data_sram/genblk1_1__i_ram/macro_mem_0/wd_in[15]
[WARNING DRT-0419] No routing tracks pass through the center of Term i_cache_subsystem/i_icache/sram_block_0__data_sram/genblk1_1__i_ram/macro_mem_0/addr_in[0]
[WARNING DRT-0419] No routing tracks pass through the center of Term i_cache_subsystem/i_icache/sram_block_0__data_sram/genblk1_1__i_ram/macro_mem_0/addr_in[1]
[WARNING DRT-0419] No routing tracks pass through the center of Term i_cache_subsystem/i_icache/sram_block_0__data_sram/genblk1_1__i_ram/macro_mem_0/addr_in[2]
[WARNING DRT-0419] No routing tracks pass through the center of Term i_cache_subsystem/i_icache/sram_block_0__data_sram/genblk1_1__i_ram/macro_mem_0/addr_in[3]
[WARNING DRT-0419] No routing tracks pass through the center of Term i_cache_subsystem/i_icache/sram_block_0__data_sram/genblk1_1__i_ram/macro_mem_0/addr_in[4]
[WARNING DRT-0419] No routing tracks pass through the center of Term i_cache_subsystem/i_icache/sram_block_0__data_sram/genblk1_1__i_ram/macro_mem_0/addr_in[5]
[WARNING DRT-0419] No routing tracks pass through the center of Term i_cache_subsystem/i_icache/sram_block_0__data_sram/genblk1_1__i_ram/macro_mem_0/addr_in[6]
[WARNING DRT-0419] No routing tracks pass through the center of Term i_cache_subsystem/i_icache/sram_block_0__data_sram/genblk1_1__i_ram/macro_mem_0/addr_in[7]
[WARNING DRT-0419] No routing tracks pass through the center of Term i_cache_subsystem/i_icache/sram_block_0__data_sram/genblk1_1__i_ram/macro_mem_0/we_in
[WARNING DRT-0419] No routing tracks pass through the center of Term i_cache_subsystem/i_icache/sram_block_0__data_sram/genblk1_1__i_ram/macro_mem_0/ce_in
[WARNING DRT-0419] No routing tracks pass through the center of Term i_cache_subsystem/i_icache/sram_block_0__data_sram/genblk1_1__i_ram/macro_mem_0/clk
[WARNING DRT-0419] No routing tracks pass through the center of Term i_cache_subsystem/i_icache/sram_block_0__data_sram/genblk1_1__i_ram/macro_mem_1/w_mask_in[0]
[WARNING DRT-0419] No routing tracks pass through the center of Term i_cache_subsystem/i_icache/sram_block_0__data_sram/genblk1_1__i_ram/macro_mem_1/w_mask_in[1]
[WARNING DRT-0419] No routing tracks pass through the center of Term i_cache_subsystem/i_icache/sram_block_0__data_sram/genblk1_1__i_ram/macro_mem_1/w_mask_in[2]
[WARNING DRT-0419] No routing tracks pass through the center of Term i_cache_subsystem/i_icache/sram_block_0__data_sram/genblk1_1__i_ram/macro_mem_1/w_mask_in[3]
[WARNING DRT-0419] No routing tracks pass through the center of Term i_cache_subsystem/i_icache/sram_block_0__data_sram/genblk1_1__i_ram/macro_mem_1/w_mask_in[4]
[WARNING DRT-0419] No routing tracks pass through the center of Term i_cache_subsystem/i_icache/sram_block_0__data_sram/genblk1_1__i_ram/macro_mem_1/w_mask_in[5]
[WARNING DRT-0419] No routing tracks pass through the center of Term i_cache_subsystem/i_icache/sram_block_0__data_sram/genblk1_1__i_ram/macro_mem_1/w_mask_in[6]
[WARNING DRT-0419] No routing tracks pass through the center of Term i_cache_subsystem/i_icache/sram_block_0__data_sram/genblk1_1__i_ram/macro_mem_1/w_mask_in[7]
[WARNING DRT-0419] No routing tracks pass through the center of Term i_cache_subsystem/i_icache/sram_block_0__data_sram/genblk1_1__i_ram/macro_mem_1/w_mask_in[8]
[WARNING DRT-0419] No routing tracks pass through the center of Term i_cache_subsystem/i_icache/sram_block_0__data_sram/genblk1_1__i_ram/macro_mem_1/w_mask_in[9]
[WARNING DRT-0419] No routing tracks pass through the center of Term i_cache_subsystem/i_icache/sram_block_0__data_sram/genblk1_1__i_ram/macro_mem_1/w_mask_in[10]
[WARNING DRT-0419] No routing tracks pass through the center of Term i_cache_subsystem/i_icache/sram_block_0__data_sram/genblk1_1__i_ram/macro_mem_1/w_mask_in[11]
[WARNING DRT-0419] No routing tracks pass through the center of Term i_cache_subsystem/i_icache/sram_block_0__data_sram/genblk1_1__i_ram/macro_mem_1/w_mask_in[12]
[WARNING DRT-0419] No routing tracks pass through the center of Term i_cache_subsystem/i_icache/sram_block_0__data_sram/genblk1_1__i_ram/macro_mem_1/w_mask_in[13]
[WARNING DRT-0419] No routing tracks pass through the center of Term i_cache_subsystem/i_icache/sram_block_0__data_sram/genblk1_1__i_ram/macro_mem_1/w_mask_in[14]
[WARNING DRT-0419] No routing tracks pass through the center of Term i_cache_subsystem/i_icache/sram_block_0__data_sram/genblk1_1__i_ram/macro_mem_1/w_mask_in[15]
[WARNING DRT-0419] No routing tracks pass through the center of Term i_cache_subsystem/i_icache/sram_block_0__data_sram/genblk1_1__i_ram/macro_mem_1/rd_out[0]
[WARNING DRT-0419] No routing tracks pass through the center of Term i_cache_subsystem/i_icache/sram_block_0__data_sram/genblk1_1__i_ram/macro_mem_1/rd_out[1]
[WARNING DRT-0419] No routing tracks pass through the center of Term i_cache_subsystem/i_icache/sram_block_0__data_sram/genblk1_1__i_ram/macro_mem_1/rd_out[2]
[WARNING DRT-0419] No routing tracks pass through the center of Term i_cache_subsystem/i_icache/sram_block_0__data_sram/genblk1_1__i_ram/macro_mem_1/rd_out[3]
[WARNING DRT-0419] No routing tracks pass through the center of Term i_cache_subsystem/i_icache/sram_block_0__data_sram/genblk1_1__i_ram/macro_mem_1/rd_out[4]
[WARNING DRT-0419] No routing tracks pass through the center of Term i_cache_subsystem/i_icache/sram_block_0__data_sram/genblk1_1__i_ram/macro_mem_1/rd_out[5]
[WARNING DRT-0419] No routing tracks pass through the center of Term i_cache_subsystem/i_icache/sram_block_0__data_sram/genblk1_1__i_ram/macro_mem_1/rd_out[6]
[WARNING DRT-0419] No routing tracks pass through the center of Term i_cache_subsystem/i_icache/sram_block_0__data_sram/genblk1_1__i_ram/macro_mem_1/rd_out[7]
[WARNING DRT-0419] No routing tracks pass through the center of Term i_cache_subsystem/i_icache/sram_block_0__data_sram/genblk1_1__i_ram/macro_mem_1/rd_out[8]
[WARNING DRT-0419] No routing tracks pass through the center of Term i_cache_subsystem/i_icache/sram_block_0__data_sram/genblk1_1__i_ram/macro_mem_1/rd_out[9]
[WARNING DRT-0419] No routing tracks pass through the center of Term i_cache_subsystem/i_icache/sram_block_0__data_sram/genblk1_1__i_ram/macro_mem_1/rd_out[10]
[WARNING DRT-0419] No routing tracks pass through the center of Term i_cache_subsystem/i_icache/sram_block_0__data_sram/genblk1_1__i_ram/macro_mem_1/rd_out[11]
[WARNING DRT-0419] No routing tracks pass through the center of Term i_cache_subsystem/i_icache/sram_block_0__data_sram/genblk1_1__i_ram/macro_mem_1/rd_out[12]
[WARNING DRT-0419] No routing tracks pass through the center of Term i_cache_subsystem/i_icache/sram_block_0__data_sram/genblk1_1__i_ram/macro_mem_1/rd_out[13]
[WARNING DRT-0419] No routing tracks pass through the center of Term i_cache_subsystem/i_icache/sram_block_0__data_sram/genblk1_1__i_ram/macro_mem_1/rd_out[14]
[WARNING DRT-0419] No routing tracks pass through the center of Term i_cache_subsystem/i_icache/sram_block_0__data_sram/genblk1_1__i_ram/macro_mem_1/rd_out[15]
[WARNING DRT-0419] No routing tracks pass through the center of Term i_cache_subsystem/i_icache/sram_block_0__data_sram/genblk1_1__i_ram/macro_mem_1/wd_in[0]
[WARNING DRT-0419] No routing tracks pass through the center of Term i_cache_subsystem/i_icache/sram_block_0__data_sram/genblk1_1__i_ram/macro_mem_1/wd_in[1]
[WARNING DRT-0419] No routing tracks pass through the center of Term i_cache_subsystem/i_icache/sram_block_0__data_sram/genblk1_1__i_ram/macro_mem_1/wd_in[2]
[WARNING DRT-0419] No routing tracks pass through the center of Term i_cache_subsystem/i_icache/sram_block_0__data_sram/genblk1_1__i_ram/macro_mem_1/wd_in[3]
[WARNING DRT-0419] No routing tracks pass through the center of Term i_cache_subsystem/i_icache/sram_block_0__data_sram/genblk1_1__i_ram/macro_mem_1/wd_in[4]
[WARNING DRT-0419] No routing tracks pass through the center of Term i_cache_subsystem/i_icache/sram_block_0__data_sram/genblk1_1__i_ram/macro_mem_1/wd_in[5]
[WARNING DRT-0419] No routing tracks pass through the center of Term i_cache_subsystem/i_icache/sram_block_0__data_sram/genblk1_1__i_ram/macro_mem_1/wd_in[6]
[WARNING DRT-0419] No routing tracks pass through the center of Term i_cache_subsystem/i_icache/sram_block_0__data_sram/genblk1_1__i_ram/macro_mem_1/wd_in[7]
[WARNING DRT-0419] No routing tracks pass through the center of Term i_cache_subsystem/i_icache/sram_block_0__data_sram/genblk1_1__i_ram/macro_mem_1/wd_in[8]
[WARNING DRT-0419] No routing tracks pass through the center of Term i_cache_subsystem/i_icache/sram_block_0__data_sram/genblk1_1__i_ram/macro_mem_1/wd_in[9]
[WARNING DRT-0419] No routing tracks pass through the center of Term i_cache_subsystem/i_icache/sram_block_0__data_sram/genblk1_1__i_ram/macro_mem_1/wd_in[10]
[WARNING DRT-0419] No routing tracks pass through the center of Term i_cache_subsystem/i_icache/sram_block_0__data_sram/genblk1_1__i_ram/macro_mem_1/wd_in[11]
[WARNING DRT-0419] No routing tracks pass through the center of Term i_cache_subsystem/i_icache/sram_block_0__data_sram/genblk1_1__i_ram/macro_mem_1/wd_in[12]
[WARNING DRT-0419] No routing tracks pass through the center of Term i_cache_subsystem/i_icache/sram_block_0__data_sram/genblk1_1__i_ram/macro_mem_1/wd_in[13]
[WARNING DRT-0419] No routing tracks pass through the center of Term i_cache_subsystem/i_icache/sram_block_0__data_sram/genblk1_1__i_ram/macro_mem_1/wd_in[14]
[WARNING DRT-0419] No routing tracks pass through the center of Term i_cache_subsystem/i_icache/sram_block_0__data_sram/genblk1_1__i_ram/macro_mem_1/wd_in[15]
[WARNING DRT-0419] No routing tracks pass through the center of Term i_cache_subsystem/i_icache/sram_block_0__data_sram/genblk1_1__i_ram/macro_mem_1/addr_in[0]
[WARNING DRT-0419] No routing tracks pass through the center of Term i_cache_subsystem/i_icache/sram_block_0__data_sram/genblk1_1__i_ram/macro_mem_1/addr_in[1]
[WARNING DRT-0419] No routing tracks pass through the center of Term i_cache_subsystem/i_icache/sram_block_0__data_sram/genblk1_1__i_ram/macro_mem_1/addr_in[2]
[WARNING DRT-0419] No routing tracks pass through the center of Term i_cache_subsystem/i_icache/sram_block_0__data_sram/genblk1_1__i_ram/macro_mem_1/addr_in[3]
[WARNING DRT-0419] No routing tracks pass through the center of Term i_cache_subsystem/i_icache/sram_block_0__data_sram/genblk1_1__i_ram/macro_mem_1/addr_in[4]
[WARNING DRT-0419] No routing tracks pass through the center of Term i_cache_subsystem/i_icache/sram_block_0__data_sram/genblk1_1__i_ram/macro_mem_1/addr_in[5]
[WARNING DRT-0419] No routing tracks pass through the center of Term i_cache_subsystem/i_icache/sram_block_0__data_sram/genblk1_1__i_ram/macro_mem_1/addr_in[6]
[WARNING DRT-0419] No routing tracks pass through the center of Term i_cache_subsystem/i_icache/sram_block_0__data_sram/genblk1_1__i_ram/macro_mem_1/addr_in[7]
[WARNING DRT-0419] No routing tracks pass through the center of Term i_cache_subsystem/i_icache/sram_block_0__data_sram/genblk1_1__i_ram/macro_mem_1/we_in
[WARNING DRT-0419] No routing tracks pass through the center of Term i_cache_subsystem/i_icache/sram_block_0__data_sram/genblk1_1__i_ram/macro_mem_1/ce_in
[WARNING DRT-0419] No routing tracks pass through the center of Term i_cache_subsystem/i_icache/sram_block_0__data_sram/genblk1_1__i_ram/macro_mem_1/clk
[WARNING DRT-0419] No routing tracks pass through the center of Term i_cache_subsystem/i_icache/sram_block_0__data_sram/genblk1_1__i_ram/macro_mem_2/w_mask_in[0]
[WARNING DRT-0419] No routing tracks pass through the center of Term i_cache_subsystem/i_icache/sram_block_0__data_sram/genblk1_1__i_ram/macro_mem_2/w_mask_in[1]
[WARNING DRT-0419] No routing tracks pass through the center of Term i_cache_subsystem/i_icache/sram_block_0__data_sram/genblk1_1__i_ram/macro_mem_2/w_mask_in[2]
[WARNING DRT-0419] No routing tracks pass through the center of Term i_cache_subsystem/i_icache/sram_block_0__data_sram/genblk1_1__i_ram/macro_mem_2/w_mask_in[3]
[WARNING DRT-0419] No routing tracks pass through the center of Term i_cache_subsystem/i_icache/sram_block_0__data_sram/genblk1_1__i_ram/macro_mem_2/w_mask_in[4]
[WARNING DRT-0419] No routing tracks pass through the center of Term i_cache_subsystem/i_icache/sram_block_0__data_sram/genblk1_1__i_ram/macro_mem_2/w_mask_in[5]
[WARNING DRT-0419] No routing tracks pass through the center of Term i_cache_subsystem/i_icache/sram_block_0__data_sram/genblk1_1__i_ram/macro_mem_2/w_mask_in[6]
[WARNING DRT-0419] No routing tracks pass through the center of Term i_cache_subsystem/i_icache/sram_block_0__data_sram/genblk1_1__i_ram/macro_mem_2/w_mask_in[7]
[WARNING DRT-0419] No routing tracks pass through the center of Term i_cache_subsystem/i_icache/sram_block_0__data_sram/genblk1_1__i_ram/macro_mem_2/w_mask_in[8]
[WARNING DRT-0419] No routing tracks pass through the center of Term i_cache_subsystem/i_icache/sram_block_0__data_sram/genblk1_1__i_ram/macro_mem_2/w_mask_in[9]
[WARNING DRT-0419] No routing tracks pass through the center of Term i_cache_subsystem/i_icache/sram_block_0__data_sram/genblk1_1__i_ram/macro_mem_2/w_mask_in[10]
[WARNING DRT-0419] No routing tracks pass through the center of Term i_cache_subsystem/i_icache/sram_block_0__data_sram/genblk1_1__i_ram/macro_mem_2/w_mask_in[11]
[WARNING DRT-0419] No routing tracks pass through the center of Term i_cache_subsystem/i_icache/sram_block_0__data_sram/genblk1_1__i_ram/macro_mem_2/w_mask_in[12]
[WARNING DRT-0419] No routing tracks pass through the center of Term i_cache_subsystem/i_icache/sram_block_0__data_sram/genblk1_1__i_ram/macro_mem_2/w_mask_in[13]
[WARNING DRT-0419] No routing tracks pass through the center of Term i_cache_subsystem/i_icache/sram_block_0__data_sram/genblk1_1__i_ram/macro_mem_2/w_mask_in[14]
[WARNING DRT-0419] No routing tracks pass through the center of Term i_cache_subsystem/i_icache/sram_block_0__data_sram/genblk1_1__i_ram/macro_mem_2/w_mask_in[15]
[WARNING DRT-0419] No routing tracks pass through the center of Term i_cache_subsystem/i_icache/sram_block_0__data_sram/genblk1_1__i_ram/macro_mem_2/rd_out[0]
[WARNING DRT-0419] No routing tracks pass through the center of Term i_cache_subsystem/i_icache/sram_block_0__data_sram/genblk1_1__i_ram/macro_mem_2/rd_out[1]
[WARNING DRT-0419] No routing tracks pass through the center of Term i_cache_subsystem/i_icache/sram_block_0__data_sram/genblk1_1__i_ram/macro_mem_2/rd_out[2]
[WARNING DRT-0419] No routing tracks pass through the center of Term i_cache_subsystem/i_icache/sram_block_0__data_sram/genblk1_1__i_ram/macro_mem_2/rd_out[3]
[WARNING DRT-0419] No routing tracks pass through the center of Term i_cache_subsystem/i_icache/sram_block_0__data_sram/genblk1_1__i_ram/macro_mem_2/rd_out[4]
[WARNING DRT-0419] No routing tracks pass through the center of Term i_cache_subsystem/i_icache/sram_block_0__data_sram/genblk1_1__i_ram/macro_mem_2/rd_out[5]
[WARNING DRT-0419] No routing tracks pass through the center of Term i_cache_subsystem/i_icache/sram_block_0__data_sram/genblk1_1__i_ram/macro_mem_2/rd_out[6]
[WARNING DRT-0419] No routing tracks pass through the center of Term i_cache_subsystem/i_icache/sram_block_0__data_sram/genblk1_1__i_ram/macro_mem_2/rd_out[7]
[WARNING DRT-0419] No routing tracks pass through the center of Term i_cache_subsystem/i_icache/sram_block_0__data_sram/genblk1_1__i_ram/macro_mem_2/rd_out[8]
[WARNING DRT-0419] No routing tracks pass through the center of Term i_cache_subsystem/i_icache/sram_block_0__data_sram/genblk1_1__i_ram/macro_mem_2/rd_out[9]
[WARNING DRT-0419] No routing tracks pass through the center of Term i_cache_subsystem/i_icache/sram_block_0__data_sram/genblk1_1__i_ram/macro_mem_2/rd_out[10]
[WARNING DRT-0419] No routing tracks pass through the center of Term i_cache_subsystem/i_icache/sram_block_0__data_sram/genblk1_1__i_ram/macro_mem_2/rd_out[11]
[WARNING DRT-0419] No routing tracks pass through the center of Term i_cache_subsystem/i_icache/sram_block_0__data_sram/genblk1_1__i_ram/macro_mem_2/rd_out[12]
[WARNING DRT-0419] No routing tracks pass through the center of Term i_cache_subsystem/i_icache/sram_block_0__data_sram/genblk1_1__i_ram/macro_mem_2/rd_out[13]
[WARNING DRT-0419] No routing tracks pass through the center of Term i_cache_subsystem/i_icache/sram_block_0__data_sram/genblk1_1__i_ram/macro_mem_2/rd_out[14]
[WARNING DRT-0419] No routing tracks pass through the center of Term i_cache_subsystem/i_icache/sram_block_0__data_sram/genblk1_1__i_ram/macro_mem_2/rd_out[15]
[WARNING DRT-0419] No routing tracks pass through the center of Term i_cache_subsystem/i_icache/sram_block_0__data_sram/genblk1_1__i_ram/macro_mem_2/wd_in[0]
[WARNING DRT-0419] No routing tracks pass through the center of Term i_cache_subsystem/i_icache/sram_block_0__data_sram/genblk1_1__i_ram/macro_mem_2/wd_in[1]
[WARNING DRT-0419] No routing tracks pass through the center of Term i_cache_subsystem/i_icache/sram_block_0__data_sram/genblk1_1__i_ram/macro_mem_2/wd_in[2]
[WARNING DRT-0419] No routing tracks pass through the center of Term i_cache_subsystem/i_icache/sram_block_0__data_sram/genblk1_1__i_ram/macro_mem_2/wd_in[3]
[WARNING DRT-0419] No routing tracks pass through the center of Term i_cache_subsystem/i_icache/sram_block_0__data_sram/genblk1_1__i_ram/macro_mem_2/wd_in[4]
[WARNING DRT-0419] No routing tracks pass through the center of Term i_cache_subsystem/i_icache/sram_block_0__data_sram/genblk1_1__i_ram/macro_mem_2/wd_in[5]
[WARNING DRT-0419] No routing tracks pass through the center of Term i_cache_subsystem/i_icache/sram_block_0__data_sram/genblk1_1__i_ram/macro_mem_2/wd_in[6]
[WARNING DRT-0419] No routing tracks pass through the center of Term i_cache_subsystem/i_icache/sram_block_0__data_sram/genblk1_1__i_ram/macro_mem_2/wd_in[7]
[WARNING DRT-0419] No routing tracks pass through the center of Term i_cache_subsystem/i_icache/sram_block_0__data_sram/genblk1_1__i_ram/macro_mem_2/wd_in[8]
[WARNING DRT-0419] No routing tracks pass through the center of Term i_cache_subsystem/i_icache/sram_block_0__data_sram/genblk1_1__i_ram/macro_mem_2/wd_in[9]
[WARNING DRT-0419] No routing tracks pass through the center of Term i_cache_subsystem/i_icache/sram_block_0__data_sram/genblk1_1__i_ram/macro_mem_2/wd_in[10]
[WARNING DRT-0419] No routing tracks pass through the center of Term i_cache_subsystem/i_icache/sram_block_0__data_sram/genblk1_1__i_ram/macro_mem_2/wd_in[11]
[WARNING DRT-0419] No routing tracks pass through the center of Term i_cache_subsystem/i_icache/sram_block_0__data_sram/genblk1_1__i_ram/macro_mem_2/wd_in[12]
[WARNING DRT-0419] No routing tracks pass through the center of Term i_cache_subsystem/i_icache/sram_block_0__data_sram/genblk1_1__i_ram/macro_mem_2/wd_in[13]
[WARNING DRT-0419] No routing tracks pass through the center of Term i_cache_subsystem/i_icache/sram_block_0__data_sram/genblk1_1__i_ram/macro_mem_2/wd_in[14]
[WARNING DRT-0419] No routing tracks pass through the center of Term i_cache_subsystem/i_icache/sram_block_0__data_sram/genblk1_1__i_ram/macro_mem_2/wd_in[15]
[WARNING DRT-0419] No routing tracks pass through the center of Term i_cache_subsystem/i_icache/sram_block_0__data_sram/genblk1_1__i_ram/macro_mem_2/addr_in[0]
[WARNING DRT-0419] No routing tracks pass through the center of Term i_cache_subsystem/i_icache/sram_block_0__data_sram/genblk1_1__i_ram/macro_mem_2/addr_in[1]
[WARNING DRT-0419] No routing tracks pass through the center of Term i_cache_subsystem/i_icache/sram_block_0__data_sram/genblk1_1__i_ram/macro_mem_2/addr_in[2]
[WARNING DRT-0419] No routing tracks pass through the center of Term i_cache_subsystem/i_icache/sram_block_0__data_sram/genblk1_1__i_ram/macro_mem_2/addr_in[3]
[WARNING DRT-0419] No routing tracks pass through the center of Term i_cache_subsystem/i_icache/sram_block_0__data_sram/genblk1_1__i_ram/macro_mem_2/addr_in[4]
[WARNING DRT-0419] No routing tracks pass through the center of Term i_cache_subsystem/i_icache/sram_block_0__data_sram/genblk1_1__i_ram/macro_mem_2/addr_in[5]
[WARNING DRT-0419] No routing tracks pass through the center of Term i_cache_subsystem/i_icache/sram_block_0__data_sram/genblk1_1__i_ram/macro_mem_2/addr_in[6]
[WARNING DRT-0419] No routing tracks pass through the center of Term i_cache_subsystem/i_icache/sram_block_0__data_sram/genblk1_1__i_ram/macro_mem_2/addr_in[7]
[WARNING DRT-0419] No routing tracks pass through the center of Term i_cache_subsystem/i_icache/sram_block_0__data_sram/genblk1_1__i_ram/macro_mem_2/we_in
[WARNING DRT-0419] No routing tracks pass through the center of Term i_cache_subsystem/i_icache/sram_block_0__data_sram/genblk1_1__i_ram/macro_mem_2/ce_in
[WARNING DRT-0419] No routing tracks pass through the center of Term i_cache_subsystem/i_icache/sram_block_0__data_sram/genblk1_1__i_ram/macro_mem_2/clk
[WARNING DRT-0419] No routing tracks pass through the center of Term i_cache_subsystem/i_icache/sram_block_0__data_sram/genblk1_1__i_ram/macro_mem_3/w_mask_in[0]
[WARNING DRT-0419] No routing tracks pass through the center of Term i_cache_subsystem/i_icache/sram_block_0__data_sram/genblk1_1__i_ram/macro_mem_3/w_mask_in[1]
[WARNING DRT-0419] No routing tracks pass through the center of Term i_cache_subsystem/i_icache/sram_block_0__data_sram/genblk1_1__i_ram/macro_mem_3/w_mask_in[2]
[WARNING DRT-0419] No routing tracks pass through the center of Term i_cache_subsystem/i_icache/sram_block_0__data_sram/genblk1_1__i_ram/macro_mem_3/w_mask_in[3]
[WARNING DRT-0419] No routing tracks pass through the center of Term i_cache_subsystem/i_icache/sram_block_0__data_sram/genblk1_1__i_ram/macro_mem_3/w_mask_in[4]
[WARNING DRT-0419] No routing tracks pass through the center of Term i_cache_subsystem/i_icache/sram_block_0__data_sram/genblk1_1__i_ram/macro_mem_3/w_mask_in[5]
[WARNING DRT-0419] No routing tracks pass through the center of Term i_cache_subsystem/i_icache/sram_block_0__data_sram/genblk1_1__i_ram/macro_mem_3/w_mask_in[6]
[WARNING DRT-0419] No routing tracks pass through the center of Term i_cache_subsystem/i_icache/sram_block_0__data_sram/genblk1_1__i_ram/macro_mem_3/w_mask_in[7]
[WARNING DRT-0419] No routing tracks pass through the center of Term i_cache_subsystem/i_icache/sram_block_0__data_sram/genblk1_1__i_ram/macro_mem_3/w_mask_in[8]
[WARNING DRT-0419] No routing tracks pass through the center of Term i_cache_subsystem/i_icache/sram_block_0__data_sram/genblk1_1__i_ram/macro_mem_3/w_mask_in[9]
[WARNING DRT-0419] No routing tracks pass through the center of Term i_cache_subsystem/i_icache/sram_block_0__data_sram/genblk1_1__i_ram/macro_mem_3/w_mask_in[10]
[WARNING DRT-0419] No routing tracks pass through the center of Term i_cache_subsystem/i_icache/sram_block_0__data_sram/genblk1_1__i_ram/macro_mem_3/w_mask_in[11]
[WARNING DRT-0419] No routing tracks pass through the center of Term i_cache_subsystem/i_icache/sram_block_0__data_sram/genblk1_1__i_ram/macro_mem_3/w_mask_in[12]
[WARNING DRT-0419] No routing tracks pass through the center of Term i_cache_subsystem/i_icache/sram_block_0__data_sram/genblk1_1__i_ram/macro_mem_3/w_mask_in[13]
[WARNING DRT-0419] No routing tracks pass through the center of Term i_cache_subsystem/i_icache/sram_block_0__data_sram/genblk1_1__i_ram/macro_mem_3/w_mask_in[14]
[WARNING DRT-0419] No routing tracks pass through the center of Term i_cache_subsystem/i_icache/sram_block_0__data_sram/genblk1_1__i_ram/macro_mem_3/w_mask_in[15]
[WARNING DRT-0419] No routing tracks pass through the center of Term i_cache_subsystem/i_icache/sram_block_0__data_sram/genblk1_1__i_ram/macro_mem_3/rd_out[0]
[WARNING DRT-0419] No routing tracks pass through the center of Term i_cache_subsystem/i_icache/sram_block_0__data_sram/genblk1_1__i_ram/macro_mem_3/rd_out[1]
[WARNING DRT-0419] No routing tracks pass through the center of Term i_cache_subsystem/i_icache/sram_block_0__data_sram/genblk1_1__i_ram/macro_mem_3/rd_out[2]
[WARNING DRT-0419] No routing tracks pass through the center of Term i_cache_subsystem/i_icache/sram_block_0__data_sram/genblk1_1__i_ram/macro_mem_3/rd_out[3]
[WARNING DRT-0419] No routing tracks pass through the center of Term i_cache_subsystem/i_icache/sram_block_0__data_sram/genblk1_1__i_ram/macro_mem_3/rd_out[4]
[WARNING DRT-0419] No routing tracks pass through the center of Term i_cache_subsystem/i_icache/sram_block_0__data_sram/genblk1_1__i_ram/macro_mem_3/rd_out[5]
[WARNING DRT-0419] No routing tracks pass through the center of Term i_cache_subsystem/i_icache/sram_block_0__data_sram/genblk1_1__i_ram/macro_mem_3/rd_out[6]
[WARNING DRT-0419] No routing tracks pass through the center of Term i_cache_subsystem/i_icache/sram_block_0__data_sram/genblk1_1__i_ram/macro_mem_3/rd_out[7]
[WARNING DRT-0419] No routing tracks pass through the center of Term i_cache_subsystem/i_icache/sram_block_0__data_sram/genblk1_1__i_ram/macro_mem_3/rd_out[8]
[WARNING DRT-0419] No routing tracks pass through the center of Term i_cache_subsystem/i_icache/sram_block_0__data_sram/genblk1_1__i_ram/macro_mem_3/rd_out[9]
[WARNING DRT-0419] No routing tracks pass through the center of Term i_cache_subsystem/i_icache/sram_block_0__data_sram/genblk1_1__i_ram/macro_mem_3/rd_out[10]
[WARNING DRT-0419] No routing tracks pass through the center of Term i_cache_subsystem/i_icache/sram_block_0__data_sram/genblk1_1__i_ram/macro_mem_3/rd_out[11]
[WARNING DRT-0419] No routing tracks pass through the center of Term i_cache_subsystem/i_icache/sram_block_0__data_sram/genblk1_1__i_ram/macro_mem_3/rd_out[12]
[WARNING DRT-0419] No routing tracks pass through the center of Term i_cache_subsystem/i_icache/sram_block_0__data_sram/genblk1_1__i_ram/macro_mem_3/rd_out[13]
[WARNING DRT-0419] No routing tracks pass through the center of Term i_cache_subsystem/i_icache/sram_block_0__data_sram/genblk1_1__i_ram/macro_mem_3/rd_out[14]
[WARNING DRT-0419] No routing tracks pass through the center of Term i_cache_subsystem/i_icache/sram_block_0__data_sram/genblk1_1__i_ram/macro_mem_3/rd_out[15]
[WARNING DRT-0419] No routing tracks pass through the center of Term i_cache_subsystem/i_icache/sram_block_0__data_sram/genblk1_1__i_ram/macro_mem_3/wd_in[0]
[WARNING DRT-0419] No routing tracks pass through the center of Term i_cache_subsystem/i_icache/sram_block_0__data_sram/genblk1_1__i_ram/macro_mem_3/wd_in[1]
[WARNING DRT-0419] No routing tracks pass through the center of Term i_cache_subsystem/i_icache/sram_block_0__data_sram/genblk1_1__i_ram/macro_mem_3/wd_in[2]
[WARNING DRT-0419] No routing tracks pass through the center of Term i_cache_subsystem/i_icache/sram_block_0__data_sram/genblk1_1__i_ram/macro_mem_3/wd_in[3]
[WARNING DRT-0419] No routing tracks pass through the center of Term i_cache_subsystem/i_icache/sram_block_0__data_sram/genblk1_1__i_ram/macro_mem_3/wd_in[4]
[WARNING DRT-0419] No routing tracks pass through the center of Term i_cache_subsystem/i_icache/sram_block_0__data_sram/genblk1_1__i_ram/macro_mem_3/wd_in[5]
[WARNING DRT-0419] No routing tracks pass through the center of Term i_cache_subsystem/i_icache/sram_block_0__data_sram/genblk1_1__i_ram/macro_mem_3/wd_in[6]
[WARNING DRT-0419] No routing tracks pass through the center of Term i_cache_subsystem/i_icache/sram_block_0__data_sram/genblk1_1__i_ram/macro_mem_3/wd_in[7]
[WARNING DRT-0419] No routing tracks pass through the center of Term i_cache_subsystem/i_icache/sram_block_0__data_sram/genblk1_1__i_ram/macro_mem_3/wd_in[8]
[WARNING DRT-0419] No routing tracks pass through the center of Term i_cache_subsystem/i_icache/sram_block_0__data_sram/genblk1_1__i_ram/macro_mem_3/wd_in[9]
[WARNING DRT-0419] No routing tracks pass through the center of Term i_cache_subsystem/i_icache/sram_block_0__data_sram/genblk1_1__i_ram/macro_mem_3/wd_in[10]
[WARNING DRT-0419] No routing tracks pass through the center of Term i_cache_subsystem/i_icache/sram_block_0__data_sram/genblk1_1__i_ram/macro_mem_3/wd_in[11]
[WARNING DRT-0419] No routing tracks pass through the center of Term i_cache_subsystem/i_icache/sram_block_0__data_sram/genblk1_1__i_ram/macro_mem_3/wd_in[12]
[WARNING DRT-0419] No routing tracks pass through the center of Term i_cache_subsystem/i_icache/sram_block_0__data_sram/genblk1_1__i_ram/macro_mem_3/wd_in[13]
[WARNING DRT-0419] No routing tracks pass through the center of Term i_cache_subsystem/i_icache/sram_block_0__data_sram/genblk1_1__i_ram/macro_mem_3/wd_in[14]
[WARNING DRT-0419] No routing tracks pass through the center of Term i_cache_subsystem/i_icache/sram_block_0__data_sram/genblk1_1__i_ram/macro_mem_3/wd_in[15]
[WARNING DRT-0419] No routing tracks pass through the center of Term i_cache_subsystem/i_icache/sram_block_0__data_sram/genblk1_1__i_ram/macro_mem_3/addr_in[0]
[WARNING DRT-0419] No routing tracks pass through the center of Term i_cache_subsystem/i_icache/sram_block_0__data_sram/genblk1_1__i_ram/macro_mem_3/addr_in[1]
[WARNING DRT-0419] No routing tracks pass through the center of Term i_cache_subsystem/i_icache/sram_block_0__data_sram/genblk1_1__i_ram/macro_mem_3/addr_in[2]
[WARNING DRT-0419] No routing tracks pass through the center of Term i_cache_subsystem/i_icache/sram_block_0__data_sram/genblk1_1__i_ram/macro_mem_3/addr_in[3]
[WARNING DRT-0419] No routing tracks pass through the center of Term i_cache_subsystem/i_icache/sram_block_0__data_sram/genblk1_1__i_ram/macro_mem_3/addr_in[4]
[WARNING DRT-0419] No routing tracks pass through the center of Term i_cache_subsystem/i_icache/sram_block_0__data_sram/genblk1_1__i_ram/macro_mem_3/addr_in[5]
[WARNING DRT-0419] No routing tracks pass through the center of Term i_cache_subsystem/i_icache/sram_block_0__data_sram/genblk1_1__i_ram/macro_mem_3/addr_in[6]
[WARNING DRT-0419] No routing tracks pass through the center of Term i_cache_subsystem/i_icache/sram_block_0__data_sram/genblk1_1__i_ram/macro_mem_3/addr_in[7]
[WARNING DRT-0419] No routing tracks pass through the center of Term i_cache_subsystem/i_icache/sram_block_0__data_sram/genblk1_1__i_ram/macro_mem_3/we_in
[WARNING DRT-0419] No routing tracks pass through the center of Term i_cache_subsystem/i_icache/sram_block_0__data_sram/genblk1_1__i_ram/macro_mem_3/ce_in
[WARNING DRT-0419] No routing tracks pass through the center of Term i_cache_subsystem/i_icache/sram_block_0__data_sram/genblk1_1__i_ram/macro_mem_3/clk
[WARNING DRT-0419] No routing tracks pass through the center of Term i_cache_subsystem/i_icache/sram_block_0__tag_sram.genblk1_0__i_ram.macro_mem_0/w_mask_in[0]
[WARNING DRT-0419] No routing tracks pass through the center of Term i_cache_subsystem/i_icache/sram_block_0__tag_sram.genblk1_0__i_ram.macro_mem_0/w_mask_in[1]
[WARNING DRT-0419] No routing tracks pass through the center of Term i_cache_subsystem/i_icache/sram_block_0__tag_sram.genblk1_0__i_ram.macro_mem_0/w_mask_in[2]
[WARNING DRT-0419] No routing tracks pass through the center of Term i_cache_subsystem/i_icache/sram_block_0__tag_sram.genblk1_0__i_ram.macro_mem_0/w_mask_in[3]
[WARNING DRT-0419] No routing tracks pass through the center of Term i_cache_subsystem/i_icache/sram_block_0__tag_sram.genblk1_0__i_ram.macro_mem_0/w_mask_in[4]
[WARNING DRT-0419] No routing tracks pass through the center of Term i_cache_subsystem/i_icache/sram_block_0__tag_sram.genblk1_0__i_ram.macro_mem_0/w_mask_in[5]
[WARNING DRT-0419] No routing tracks pass through the center of Term i_cache_subsystem/i_icache/sram_block_0__tag_sram.genblk1_0__i_ram.macro_mem_0/w_mask_in[6]
[WARNING DRT-0419] No routing tracks pass through the center of Term i_cache_subsystem/i_icache/sram_block_0__tag_sram.genblk1_0__i_ram.macro_mem_0/w_mask_in[7]
[WARNING DRT-0419] No routing tracks pass through the center of Term i_cache_subsystem/i_icache/sram_block_0__tag_sram.genblk1_0__i_ram.macro_mem_0/w_mask_in[8]
[WARNING DRT-0419] No routing tracks pass through the center of Term i_cache_subsystem/i_icache/sram_block_0__tag_sram.genblk1_0__i_ram.macro_mem_0/w_mask_in[9]
[WARNING DRT-0419] No routing tracks pass through the center of Term i_cache_subsystem/i_icache/sram_block_0__tag_sram.genblk1_0__i_ram.macro_mem_0/w_mask_in[10]
[WARNING DRT-0419] No routing tracks pass through the center of Term i_cache_subsystem/i_icache/sram_block_0__tag_sram.genblk1_0__i_ram.macro_mem_0/w_mask_in[11]
[WARNING DRT-0419] No routing tracks pass through the center of Term i_cache_subsystem/i_icache/sram_block_0__tag_sram.genblk1_0__i_ram.macro_mem_0/w_mask_in[12]
[WARNING DRT-0419] No routing tracks pass through the center of Term i_cache_subsystem/i_icache/sram_block_0__tag_sram.genblk1_0__i_ram.macro_mem_0/w_mask_in[13]
[WARNING DRT-0419] No routing tracks pass through the center of Term i_cache_subsystem/i_icache/sram_block_0__tag_sram.genblk1_0__i_ram.macro_mem_0/w_mask_in[14]
[WARNING DRT-0419] No routing tracks pass through the center of Term i_cache_subsystem/i_icache/sram_block_0__tag_sram.genblk1_0__i_ram.macro_mem_0/w_mask_in[15]
[WARNING DRT-0419] No routing tracks pass through the center of Term i_cache_subsystem/i_icache/sram_block_0__tag_sram.genblk1_0__i_ram.macro_mem_0/rd_out[0]
[WARNING DRT-0419] No routing tracks pass through the center of Term i_cache_subsystem/i_icache/sram_block_0__tag_sram.genblk1_0__i_ram.macro_mem_0/rd_out[1]
[WARNING DRT-0419] No routing tracks pass through the center of Term i_cache_subsystem/i_icache/sram_block_0__tag_sram.genblk1_0__i_ram.macro_mem_0/rd_out[2]
[WARNING DRT-0419] No routing tracks pass through the center of Term i_cache_subsystem/i_icache/sram_block_0__tag_sram.genblk1_0__i_ram.macro_mem_0/rd_out[3]
[WARNING DRT-0419] No routing tracks pass through the center of Term i_cache_subsystem/i_icache/sram_block_0__tag_sram.genblk1_0__i_ram.macro_mem_0/rd_out[4]
[WARNING DRT-0419] No routing tracks pass through the center of Term i_cache_subsystem/i_icache/sram_block_0__tag_sram.genblk1_0__i_ram.macro_mem_0/rd_out[5]
[WARNING DRT-0419] No routing tracks pass through the center of Term i_cache_subsystem/i_icache/sram_block_0__tag_sram.genblk1_0__i_ram.macro_mem_0/rd_out[6]
[WARNING DRT-0419] No routing tracks pass through the center of Term i_cache_subsystem/i_icache/sram_block_0__tag_sram.genblk1_0__i_ram.macro_mem_0/rd_out[7]
[WARNING DRT-0419] No routing tracks pass through the center of Term i_cache_subsystem/i_icache/sram_block_0__tag_sram.genblk1_0__i_ram.macro_mem_0/rd_out[8]
[WARNING DRT-0419] No routing tracks pass through the center of Term i_cache_subsystem/i_icache/sram_block_0__tag_sram.genblk1_0__i_ram.macro_mem_0/rd_out[9]
[WARNING DRT-0419] No routing tracks pass through the center of Term i_cache_subsystem/i_icache/sram_block_0__tag_sram.genblk1_0__i_ram.macro_mem_0/rd_out[10]
[WARNING DRT-0419] No routing tracks pass through the center of Term i_cache_subsystem/i_icache/sram_block_0__tag_sram.genblk1_0__i_ram.macro_mem_0/rd_out[11]
[WARNING DRT-0419] No routing tracks pass through the center of Term i_cache_subsystem/i_icache/sram_block_0__tag_sram.genblk1_0__i_ram.macro_mem_0/rd_out[12]
[WARNING DRT-0419] No routing tracks pass through the center of Term i_cache_subsystem/i_icache/sram_block_0__tag_sram.genblk1_0__i_ram.macro_mem_0/rd_out[13]
[WARNING DRT-0419] No routing tracks pass through the center of Term i_cache_subsystem/i_icache/sram_block_0__tag_sram.genblk1_0__i_ram.macro_mem_0/rd_out[14]
[WARNING DRT-0419] No routing tracks pass through the center of Term i_cache_subsystem/i_icache/sram_block_0__tag_sram.genblk1_0__i_ram.macro_mem_0/rd_out[15]
[WARNING DRT-0419] No routing tracks pass through the center of Term i_cache_subsystem/i_icache/sram_block_0__tag_sram.genblk1_0__i_ram.macro_mem_0/wd_in[0]
[WARNING DRT-0419] No routing tracks pass through the center of Term i_cache_subsystem/i_icache/sram_block_0__tag_sram.genblk1_0__i_ram.macro_mem_0/wd_in[1]
[WARNING DRT-0419] No routing tracks pass through the center of Term i_cache_subsystem/i_icache/sram_block_0__tag_sram.genblk1_0__i_ram.macro_mem_0/wd_in[2]
[WARNING DRT-0419] No routing tracks pass through the center of Term i_cache_subsystem/i_icache/sram_block_0__tag_sram.genblk1_0__i_ram.macro_mem_0/wd_in[3]
[WARNING DRT-0419] No routing tracks pass through the center of Term i_cache_subsystem/i_icache/sram_block_0__tag_sram.genblk1_0__i_ram.macro_mem_0/wd_in[4]
[WARNING DRT-0419] No routing tracks pass through the center of Term i_cache_subsystem/i_icache/sram_block_0__tag_sram.genblk1_0__i_ram.macro_mem_0/wd_in[5]
[WARNING DRT-0419] No routing tracks pass through the center of Term i_cache_subsystem/i_icache/sram_block_0__tag_sram.genblk1_0__i_ram.macro_mem_0/wd_in[6]
[WARNING DRT-0419] No routing tracks pass through the center of Term i_cache_subsystem/i_icache/sram_block_0__tag_sram.genblk1_0__i_ram.macro_mem_0/wd_in[7]
[WARNING DRT-0419] No routing tracks pass through the center of Term i_cache_subsystem/i_icache/sram_block_0__tag_sram.genblk1_0__i_ram.macro_mem_0/wd_in[8]
[WARNING DRT-0419] No routing tracks pass through the center of Term i_cache_subsystem/i_icache/sram_block_0__tag_sram.genblk1_0__i_ram.macro_mem_0/wd_in[9]
[WARNING DRT-0419] No routing tracks pass through the center of Term i_cache_subsystem/i_icache/sram_block_0__tag_sram.genblk1_0__i_ram.macro_mem_0/wd_in[10]
[WARNING DRT-0419] No routing tracks pass through the center of Term i_cache_subsystem/i_icache/sram_block_0__tag_sram.genblk1_0__i_ram.macro_mem_0/wd_in[11]
[WARNING DRT-0419] No routing tracks pass through the center of Term i_cache_subsystem/i_icache/sram_block_0__tag_sram.genblk1_0__i_ram.macro_mem_0/wd_in[12]
[WARNING DRT-0419] No routing tracks pass through the center of Term i_cache_subsystem/i_icache/sram_block_0__tag_sram.genblk1_0__i_ram.macro_mem_0/wd_in[13]
[WARNING DRT-0419] No routing tracks pass through the center of Term i_cache_subsystem/i_icache/sram_block_0__tag_sram.genblk1_0__i_ram.macro_mem_0/wd_in[14]
[WARNING DRT-0419] No routing tracks pass through the center of Term i_cache_subsystem/i_icache/sram_block_0__tag_sram.genblk1_0__i_ram.macro_mem_0/wd_in[15]
[WARNING DRT-0419] No routing tracks pass through the center of Term i_cache_subsystem/i_icache/sram_block_0__tag_sram.genblk1_0__i_ram.macro_mem_0/addr_in[0]
[WARNING DRT-0419] No routing tracks pass through the center of Term i_cache_subsystem/i_icache/sram_block_0__tag_sram.genblk1_0__i_ram.macro_mem_0/addr_in[1]
[WARNING DRT-0419] No routing tracks pass through the center of Term i_cache_subsystem/i_icache/sram_block_0__tag_sram.genblk1_0__i_ram.macro_mem_0/addr_in[2]
[WARNING DRT-0419] No routing tracks pass through the center of Term i_cache_subsystem/i_icache/sram_block_0__tag_sram.genblk1_0__i_ram.macro_mem_0/addr_in[3]
[WARNING DRT-0419] No routing tracks pass through the center of Term i_cache_subsystem/i_icache/sram_block_0__tag_sram.genblk1_0__i_ram.macro_mem_0/addr_in[4]
[WARNING DRT-0419] No routing tracks pass through the center of Term i_cache_subsystem/i_icache/sram_block_0__tag_sram.genblk1_0__i_ram.macro_mem_0/addr_in[5]
[WARNING DRT-0419] No routing tracks pass through the center of Term i_cache_subsystem/i_icache/sram_block_0__tag_sram.genblk1_0__i_ram.macro_mem_0/addr_in[6]
[WARNING DRT-0419] No routing tracks pass through the center of Term i_cache_subsystem/i_icache/sram_block_0__tag_sram.genblk1_0__i_ram.macro_mem_0/addr_in[7]
[WARNING DRT-0419] No routing tracks pass through the center of Term i_cache_subsystem/i_icache/sram_block_0__tag_sram.genblk1_0__i_ram.macro_mem_0/we_in
[WARNING DRT-0419] No routing tracks pass through the center of Term i_cache_subsystem/i_icache/sram_block_0__tag_sram.genblk1_0__i_ram.macro_mem_0/ce_in
[WARNING DRT-0419] No routing tracks pass through the center of Term i_cache_subsystem/i_icache/sram_block_0__tag_sram.genblk1_0__i_ram.macro_mem_0/clk
[WARNING DRT-0419] No routing tracks pass through the center of Term i_cache_subsystem/i_icache/sram_block_0__tag_sram.genblk1_0__i_ram.macro_mem_1/w_mask_in[0]
[WARNING DRT-0419] No routing tracks pass through the center of Term i_cache_subsystem/i_icache/sram_block_0__tag_sram.genblk1_0__i_ram.macro_mem_1/w_mask_in[1]
[WARNING DRT-0419] No routing tracks pass through the center of Term i_cache_subsystem/i_icache/sram_block_0__tag_sram.genblk1_0__i_ram.macro_mem_1/w_mask_in[2]
[WARNING DRT-0419] No routing tracks pass through the center of Term i_cache_subsystem/i_icache/sram_block_0__tag_sram.genblk1_0__i_ram.macro_mem_1/w_mask_in[3]
[WARNING DRT-0419] No routing tracks pass through the center of Term i_cache_subsystem/i_icache/sram_block_0__tag_sram.genblk1_0__i_ram.macro_mem_1/w_mask_in[4]
[WARNING DRT-0419] No routing tracks pass through the center of Term i_cache_subsystem/i_icache/sram_block_0__tag_sram.genblk1_0__i_ram.macro_mem_1/w_mask_in[5]
[WARNING DRT-0419] No routing tracks pass through the center of Term i_cache_subsystem/i_icache/sram_block_0__tag_sram.genblk1_0__i_ram.macro_mem_1/w_mask_in[6]
[WARNING DRT-0419] No routing tracks pass through the center of Term i_cache_subsystem/i_icache/sram_block_0__tag_sram.genblk1_0__i_ram.macro_mem_1/w_mask_in[7]
[WARNING DRT-0419] No routing tracks pass through the center of Term i_cache_subsystem/i_icache/sram_block_0__tag_sram.genblk1_0__i_ram.macro_mem_1/w_mask_in[8]
[WARNING DRT-0419] No routing tracks pass through the center of Term i_cache_subsystem/i_icache/sram_block_0__tag_sram.genblk1_0__i_ram.macro_mem_1/w_mask_in[9]
[WARNING DRT-0419] No routing tracks pass through the center of Term i_cache_subsystem/i_icache/sram_block_0__tag_sram.genblk1_0__i_ram.macro_mem_1/w_mask_in[10]
[WARNING DRT-0419] No routing tracks pass through the center of Term i_cache_subsystem/i_icache/sram_block_0__tag_sram.genblk1_0__i_ram.macro_mem_1/w_mask_in[11]
[WARNING DRT-0419] No routing tracks pass through the center of Term i_cache_subsystem/i_icache/sram_block_0__tag_sram.genblk1_0__i_ram.macro_mem_1/w_mask_in[12]
[WARNING DRT-0419] No routing tracks pass through the center of Term i_cache_subsystem/i_icache/sram_block_0__tag_sram.genblk1_0__i_ram.macro_mem_1/w_mask_in[13]
[WARNING DRT-0419] No routing tracks pass through the center of Term i_cache_subsystem/i_icache/sram_block_0__tag_sram.genblk1_0__i_ram.macro_mem_1/w_mask_in[14]
[WARNING DRT-0419] No routing tracks pass through the center of Term i_cache_subsystem/i_icache/sram_block_0__tag_sram.genblk1_0__i_ram.macro_mem_1/w_mask_in[15]
[WARNING DRT-0419] No routing tracks pass through the center of Term i_cache_subsystem/i_icache/sram_block_0__tag_sram.genblk1_0__i_ram.macro_mem_1/rd_out[0]
[WARNING DRT-0419] No routing tracks pass through the center of Term i_cache_subsystem/i_icache/sram_block_0__tag_sram.genblk1_0__i_ram.macro_mem_1/rd_out[1]
[WARNING DRT-0419] No routing tracks pass through the center of Term i_cache_subsystem/i_icache/sram_block_0__tag_sram.genblk1_0__i_ram.macro_mem_1/rd_out[2]
[WARNING DRT-0419] No routing tracks pass through the center of Term i_cache_subsystem/i_icache/sram_block_0__tag_sram.genblk1_0__i_ram.macro_mem_1/rd_out[3]
[WARNING DRT-0419] No routing tracks pass through the center of Term i_cache_subsystem/i_icache/sram_block_0__tag_sram.genblk1_0__i_ram.macro_mem_1/rd_out[4]
[WARNING DRT-0419] No routing tracks pass through the center of Term i_cache_subsystem/i_icache/sram_block_0__tag_sram.genblk1_0__i_ram.macro_mem_1/rd_out[5]
[WARNING DRT-0419] No routing tracks pass through the center of Term i_cache_subsystem/i_icache/sram_block_0__tag_sram.genblk1_0__i_ram.macro_mem_1/rd_out[6]
[WARNING DRT-0419] No routing tracks pass through the center of Term i_cache_subsystem/i_icache/sram_block_0__tag_sram.genblk1_0__i_ram.macro_mem_1/rd_out[7]
[WARNING DRT-0419] No routing tracks pass through the center of Term i_cache_subsystem/i_icache/sram_block_0__tag_sram.genblk1_0__i_ram.macro_mem_1/rd_out[8]
[WARNING DRT-0419] No routing tracks pass through the center of Term i_cache_subsystem/i_icache/sram_block_0__tag_sram.genblk1_0__i_ram.macro_mem_1/rd_out[9]
[WARNING DRT-0419] No routing tracks pass through the center of Term i_cache_subsystem/i_icache/sram_block_0__tag_sram.genblk1_0__i_ram.macro_mem_1/rd_out[10]
[WARNING DRT-0419] No routing tracks pass through the center of Term i_cache_subsystem/i_icache/sram_block_0__tag_sram.genblk1_0__i_ram.macro_mem_1/rd_out[11]
[WARNING DRT-0419] No routing tracks pass through the center of Term i_cache_subsystem/i_icache/sram_block_0__tag_sram.genblk1_0__i_ram.macro_mem_1/rd_out[12]
[WARNING DRT-0419] No routing tracks pass through the center of Term i_cache_subsystem/i_icache/sram_block_0__tag_sram.genblk1_0__i_ram.macro_mem_1/rd_out[13]
[WARNING DRT-0419] No routing tracks pass through the center of Term i_cache_subsystem/i_icache/sram_block_0__tag_sram.genblk1_0__i_ram.macro_mem_1/rd_out[14]
[WARNING DRT-0419] No routing tracks pass through the center of Term i_cache_subsystem/i_icache/sram_block_0__tag_sram.genblk1_0__i_ram.macro_mem_1/rd_out[15]
[WARNING DRT-0419] No routing tracks pass through the center of Term i_cache_subsystem/i_icache/sram_block_0__tag_sram.genblk1_0__i_ram.macro_mem_1/wd_in[0]
[WARNING DRT-0419] No routing tracks pass through the center of Term i_cache_subsystem/i_icache/sram_block_0__tag_sram.genblk1_0__i_ram.macro_mem_1/wd_in[1]
[WARNING DRT-0419] No routing tracks pass through the center of Term i_cache_subsystem/i_icache/sram_block_0__tag_sram.genblk1_0__i_ram.macro_mem_1/wd_in[2]
[WARNING DRT-0419] No routing tracks pass through the center of Term i_cache_subsystem/i_icache/sram_block_0__tag_sram.genblk1_0__i_ram.macro_mem_1/wd_in[3]
[WARNING DRT-0419] No routing tracks pass through the center of Term i_cache_subsystem/i_icache/sram_block_0__tag_sram.genblk1_0__i_ram.macro_mem_1/wd_in[4]
[WARNING DRT-0419] No routing tracks pass through the center of Term i_cache_subsystem/i_icache/sram_block_0__tag_sram.genblk1_0__i_ram.macro_mem_1/wd_in[5]
[WARNING DRT-0419] No routing tracks pass through the center of Term i_cache_subsystem/i_icache/sram_block_0__tag_sram.genblk1_0__i_ram.macro_mem_1/wd_in[6]
[WARNING DRT-0419] No routing tracks pass through the center of Term i_cache_subsystem/i_icache/sram_block_0__tag_sram.genblk1_0__i_ram.macro_mem_1/wd_in[7]
[WARNING DRT-0419] No routing tracks pass through the center of Term i_cache_subsystem/i_icache/sram_block_0__tag_sram.genblk1_0__i_ram.macro_mem_1/wd_in[8]
[WARNING DRT-0419] No routing tracks pass through the center of Term i_cache_subsystem/i_icache/sram_block_0__tag_sram.genblk1_0__i_ram.macro_mem_1/wd_in[9]
[WARNING DRT-0419] No routing tracks pass through the center of Term i_cache_subsystem/i_icache/sram_block_0__tag_sram.genblk1_0__i_ram.macro_mem_1/wd_in[10]
[WARNING DRT-0419] No routing tracks pass through the center of Term i_cache_subsystem/i_icache/sram_block_0__tag_sram.genblk1_0__i_ram.macro_mem_1/wd_in[11]
[WARNING DRT-0419] No routing tracks pass through the center of Term i_cache_subsystem/i_icache/sram_block_0__tag_sram.genblk1_0__i_ram.macro_mem_1/wd_in[12]
[WARNING DRT-0419] No routing tracks pass through the center of Term i_cache_subsystem/i_icache/sram_block_0__tag_sram.genblk1_0__i_ram.macro_mem_1/wd_in[13]
[WARNING DRT-0419] No routing tracks pass through the center of Term i_cache_subsystem/i_icache/sram_block_0__tag_sram.genblk1_0__i_ram.macro_mem_1/wd_in[14]
[WARNING DRT-0419] No routing tracks pass through the center of Term i_cache_subsystem/i_icache/sram_block_0__tag_sram.genblk1_0__i_ram.macro_mem_1/wd_in[15]
[WARNING DRT-0419] No routing tracks pass through the center of Term i_cache_subsystem/i_icache/sram_block_0__tag_sram.genblk1_0__i_ram.macro_mem_1/addr_in[0]
[WARNING DRT-0419] No routing tracks pass through the center of Term i_cache_subsystem/i_icache/sram_block_0__tag_sram.genblk1_0__i_ram.macro_mem_1/addr_in[1]
[WARNING DRT-0419] No routing tracks pass through the center of Term i_cache_subsystem/i_icache/sram_block_0__tag_sram.genblk1_0__i_ram.macro_mem_1/addr_in[2]
[WARNING DRT-0419] No routing tracks pass through the center of Term i_cache_subsystem/i_icache/sram_block_0__tag_sram.genblk1_0__i_ram.macro_mem_1/addr_in[3]
[WARNING DRT-0419] No routing tracks pass through the center of Term i_cache_subsystem/i_icache/sram_block_0__tag_sram.genblk1_0__i_ram.macro_mem_1/addr_in[4]
[WARNING DRT-0419] No routing tracks pass through the center of Term i_cache_subsystem/i_icache/sram_block_0__tag_sram.genblk1_0__i_ram.macro_mem_1/addr_in[5]
[WARNING DRT-0419] No routing tracks pass through the center of Term i_cache_subsystem/i_icache/sram_block_0__tag_sram.genblk1_0__i_ram.macro_mem_1/addr_in[6]
[WARNING DRT-0419] No routing tracks pass through the center of Term i_cache_subsystem/i_icache/sram_block_0__tag_sram.genblk1_0__i_ram.macro_mem_1/addr_in[7]
[WARNING DRT-0419] No routing tracks pass through the center of Term i_cache_subsystem/i_icache/sram_block_0__tag_sram.genblk1_0__i_ram.macro_mem_1/we_in
[WARNING DRT-0419] No routing tracks pass through the center of Term i_cache_subsystem/i_icache/sram_block_0__tag_sram.genblk1_0__i_ram.macro_mem_1/ce_in
[WARNING DRT-0419] No routing tracks pass through the center of Term i_cache_subsystem/i_icache/sram_block_0__tag_sram.genblk1_0__i_ram.macro_mem_1/clk
[WARNING DRT-0419] No routing tracks pass through the center of Term i_cache_subsystem/i_icache/sram_block_0__tag_sram.genblk1_0__i_ram.macro_mem_2/w_mask_in[0]
[WARNING DRT-0419] No routing tracks pass through the center of Term i_cache_subsystem/i_icache/sram_block_0__tag_sram.genblk1_0__i_ram.macro_mem_2/w_mask_in[1]
[WARNING DRT-0419] No routing tracks pass through the center of Term i_cache_subsystem/i_icache/sram_block_0__tag_sram.genblk1_0__i_ram.macro_mem_2/w_mask_in[2]
[WARNING DRT-0419] No routing tracks pass through the center of Term i_cache_subsystem/i_icache/sram_block_0__tag_sram.genblk1_0__i_ram.macro_mem_2/w_mask_in[3]
[WARNING DRT-0419] No routing tracks pass through the center of Term i_cache_subsystem/i_icache/sram_block_0__tag_sram.genblk1_0__i_ram.macro_mem_2/w_mask_in[4]
[WARNING DRT-0419] No routing tracks pass through the center of Term i_cache_subsystem/i_icache/sram_block_0__tag_sram.genblk1_0__i_ram.macro_mem_2/w_mask_in[5]
[WARNING DRT-0419] No routing tracks pass through the center of Term i_cache_subsystem/i_icache/sram_block_0__tag_sram.genblk1_0__i_ram.macro_mem_2/w_mask_in[6]
[WARNING DRT-0419] No routing tracks pass through the center of Term i_cache_subsystem/i_icache/sram_block_0__tag_sram.genblk1_0__i_ram.macro_mem_2/w_mask_in[7]
[WARNING DRT-0419] No routing tracks pass through the center of Term i_cache_subsystem/i_icache/sram_block_0__tag_sram.genblk1_0__i_ram.macro_mem_2/w_mask_in[8]
[WARNING DRT-0419] No routing tracks pass through the center of Term i_cache_subsystem/i_icache/sram_block_0__tag_sram.genblk1_0__i_ram.macro_mem_2/w_mask_in[9]
[WARNING DRT-0419] No routing tracks pass through the center of Term i_cache_subsystem/i_icache/sram_block_0__tag_sram.genblk1_0__i_ram.macro_mem_2/w_mask_in[10]
[WARNING DRT-0419] No routing tracks pass through the center of Term i_cache_subsystem/i_icache/sram_block_0__tag_sram.genblk1_0__i_ram.macro_mem_2/w_mask_in[11]
[WARNING DRT-0419] No routing tracks pass through the center of Term i_cache_subsystem/i_icache/sram_block_0__tag_sram.genblk1_0__i_ram.macro_mem_2/w_mask_in[12]
[WARNING DRT-0419] No routing tracks pass through the center of Term i_cache_subsystem/i_icache/sram_block_0__tag_sram.genblk1_0__i_ram.macro_mem_2/w_mask_in[13]
[WARNING DRT-0419] No routing tracks pass through the center of Term i_cache_subsystem/i_icache/sram_block_0__tag_sram.genblk1_0__i_ram.macro_mem_2/w_mask_in[14]
[WARNING DRT-0419] No routing tracks pass through the center of Term i_cache_subsystem/i_icache/sram_block_0__tag_sram.genblk1_0__i_ram.macro_mem_2/w_mask_in[15]
[WARNING DRT-0419] No routing tracks pass through the center of Term i_cache_subsystem/i_icache/sram_block_0__tag_sram.genblk1_0__i_ram.macro_mem_2/rd_out[0]
[WARNING DRT-0419] No routing tracks pass through the center of Term i_cache_subsystem/i_icache/sram_block_0__tag_sram.genblk1_0__i_ram.macro_mem_2/rd_out[1]
[WARNING DRT-0419] No routing tracks pass through the center of Term i_cache_subsystem/i_icache/sram_block_0__tag_sram.genblk1_0__i_ram.macro_mem_2/rd_out[2]
[WARNING DRT-0419] No routing tracks pass through the center of Term i_cache_subsystem/i_icache/sram_block_0__tag_sram.genblk1_0__i_ram.macro_mem_2/rd_out[3]
[WARNING DRT-0419] No routing tracks pass through the center of Term i_cache_subsystem/i_icache/sram_block_0__tag_sram.genblk1_0__i_ram.macro_mem_2/rd_out[4]
[WARNING DRT-0419] No routing tracks pass through the center of Term i_cache_subsystem/i_icache/sram_block_0__tag_sram.genblk1_0__i_ram.macro_mem_2/rd_out[5]
[WARNING DRT-0419] No routing tracks pass through the center of Term i_cache_subsystem/i_icache/sram_block_0__tag_sram.genblk1_0__i_ram.macro_mem_2/rd_out[6]
[WARNING DRT-0419] No routing tracks pass through the center of Term i_cache_subsystem/i_icache/sram_block_0__tag_sram.genblk1_0__i_ram.macro_mem_2/rd_out[7]
[WARNING DRT-0419] No routing tracks pass through the center of Term i_cache_subsystem/i_icache/sram_block_0__tag_sram.genblk1_0__i_ram.macro_mem_2/rd_out[8]
[WARNING DRT-0419] No routing tracks pass through the center of Term i_cache_subsystem/i_icache/sram_block_0__tag_sram.genblk1_0__i_ram.macro_mem_2/rd_out[9]
[WARNING DRT-0419] No routing tracks pass through the center of Term i_cache_subsystem/i_icache/sram_block_0__tag_sram.genblk1_0__i_ram.macro_mem_2/rd_out[10]
[WARNING DRT-0419] No routing tracks pass through the center of Term i_cache_subsystem/i_icache/sram_block_0__tag_sram.genblk1_0__i_ram.macro_mem_2/rd_out[11]
[WARNING DRT-0419] No routing tracks pass through the center of Term i_cache_subsystem/i_icache/sram_block_0__tag_sram.genblk1_0__i_ram.macro_mem_2/rd_out[12]
[WARNING DRT-0419] No routing tracks pass through the center of Term i_cache_subsystem/i_icache/sram_block_0__tag_sram.genblk1_0__i_ram.macro_mem_2/rd_out[13]
[WARNING DRT-0419] No routing tracks pass through the center of Term i_cache_subsystem/i_icache/sram_block_0__tag_sram.genblk1_0__i_ram.macro_mem_2/rd_out[14]
[WARNING DRT-0419] No routing tracks pass through the center of Term i_cache_subsystem/i_icache/sram_block_0__tag_sram.genblk1_0__i_ram.macro_mem_2/rd_out[15]
[WARNING DRT-0419] No routing tracks pass through the center of Term i_cache_subsystem/i_icache/sram_block_0__tag_sram.genblk1_0__i_ram.macro_mem_2/wd_in[0]
[WARNING DRT-0419] No routing tracks pass through the center of Term i_cache_subsystem/i_icache/sram_block_0__tag_sram.genblk1_0__i_ram.macro_mem_2/wd_in[1]
[WARNING DRT-0419] No routing tracks pass through the center of Term i_cache_subsystem/i_icache/sram_block_0__tag_sram.genblk1_0__i_ram.macro_mem_2/wd_in[2]
[WARNING DRT-0419] No routing tracks pass through the center of Term i_cache_subsystem/i_icache/sram_block_0__tag_sram.genblk1_0__i_ram.macro_mem_2/wd_in[3]
[WARNING DRT-0419] No routing tracks pass through the center of Term i_cache_subsystem/i_icache/sram_block_0__tag_sram.genblk1_0__i_ram.macro_mem_2/wd_in[4]
[WARNING DRT-0419] No routing tracks pass through the center of Term i_cache_subsystem/i_icache/sram_block_0__tag_sram.genblk1_0__i_ram.macro_mem_2/wd_in[5]
[WARNING DRT-0419] No routing tracks pass through the center of Term i_cache_subsystem/i_icache/sram_block_0__tag_sram.genblk1_0__i_ram.macro_mem_2/wd_in[6]
[WARNING DRT-0419] No routing tracks pass through the center of Term i_cache_subsystem/i_icache/sram_block_0__tag_sram.genblk1_0__i_ram.macro_mem_2/wd_in[7]
[WARNING DRT-0419] No routing tracks pass through the center of Term i_cache_subsystem/i_icache/sram_block_0__tag_sram.genblk1_0__i_ram.macro_mem_2/wd_in[8]
[WARNING DRT-0419] No routing tracks pass through the center of Term i_cache_subsystem/i_icache/sram_block_0__tag_sram.genblk1_0__i_ram.macro_mem_2/wd_in[9]
[WARNING DRT-0419] No routing tracks pass through the center of Term i_cache_subsystem/i_icache/sram_block_0__tag_sram.genblk1_0__i_ram.macro_mem_2/wd_in[10]
[WARNING DRT-0419] No routing tracks pass through the center of Term i_cache_subsystem/i_icache/sram_block_0__tag_sram.genblk1_0__i_ram.macro_mem_2/wd_in[11]
[WARNING DRT-0419] No routing tracks pass through the center of Term i_cache_subsystem/i_icache/sram_block_0__tag_sram.genblk1_0__i_ram.macro_mem_2/wd_in[12]
[WARNING DRT-0419] No routing tracks pass through the center of Term i_cache_subsystem/i_icache/sram_block_0__tag_sram.genblk1_0__i_ram.macro_mem_2/wd_in[13]
[WARNING DRT-0419] No routing tracks pass through the center of Term i_cache_subsystem/i_icache/sram_block_0__tag_sram.genblk1_0__i_ram.macro_mem_2/wd_in[14]
[WARNING DRT-0419] No routing tracks pass through the center of Term i_cache_subsystem/i_icache/sram_block_0__tag_sram.genblk1_0__i_ram.macro_mem_2/wd_in[15]
[WARNING DRT-0419] No routing tracks pass through the center of Term i_cache_subsystem/i_icache/sram_block_0__tag_sram.genblk1_0__i_ram.macro_mem_2/addr_in[0]
[WARNING DRT-0419] No routing tracks pass through the center of Term i_cache_subsystem/i_icache/sram_block_0__tag_sram.genblk1_0__i_ram.macro_mem_2/addr_in[1]
[WARNING DRT-0419] No routing tracks pass through the center of Term i_cache_subsystem/i_icache/sram_block_0__tag_sram.genblk1_0__i_ram.macro_mem_2/addr_in[2]
[WARNING DRT-0419] No routing tracks pass through the center of Term i_cache_subsystem/i_icache/sram_block_0__tag_sram.genblk1_0__i_ram.macro_mem_2/addr_in[3]
[WARNING DRT-0419] No routing tracks pass through the center of Term i_cache_subsystem/i_icache/sram_block_0__tag_sram.genblk1_0__i_ram.macro_mem_2/addr_in[4]
[WARNING DRT-0419] No routing tracks pass through the center of Term i_cache_subsystem/i_icache/sram_block_0__tag_sram.genblk1_0__i_ram.macro_mem_2/addr_in[5]
[WARNING DRT-0419] No routing tracks pass through the center of Term i_cache_subsystem/i_icache/sram_block_0__tag_sram.genblk1_0__i_ram.macro_mem_2/addr_in[6]
[WARNING DRT-0419] No routing tracks pass through the center of Term i_cache_subsystem/i_icache/sram_block_0__tag_sram.genblk1_0__i_ram.macro_mem_2/addr_in[7]
[WARNING DRT-0419] No routing tracks pass through the center of Term i_cache_subsystem/i_icache/sram_block_0__tag_sram.genblk1_0__i_ram.macro_mem_2/we_in
[WARNING DRT-0419] No routing tracks pass through the center of Term i_cache_subsystem/i_icache/sram_block_0__tag_sram.genblk1_0__i_ram.macro_mem_2/ce_in
[WARNING DRT-0419] No routing tracks pass through the center of Term i_cache_subsystem/i_icache/sram_block_0__tag_sram.genblk1_0__i_ram.macro_mem_2/clk
[WARNING DRT-0419] No routing tracks pass through the center of Term i_cache_subsystem/i_icache/sram_block_1__data_sram/genblk1_0__i_ram/macro_mem_0/w_mask_in[0]
[WARNING DRT-0419] No routing tracks pass through the center of Term i_cache_subsystem/i_icache/sram_block_1__data_sram/genblk1_0__i_ram/macro_mem_0/w_mask_in[1]
[WARNING DRT-0419] No routing tracks pass through the center of Term i_cache_subsystem/i_icache/sram_block_1__data_sram/genblk1_0__i_ram/macro_mem_0/w_mask_in[2]
[WARNING DRT-0419] No routing tracks pass through the center of Term i_cache_subsystem/i_icache/sram_block_1__data_sram/genblk1_0__i_ram/macro_mem_0/w_mask_in[3]
[WARNING DRT-0419] No routing tracks pass through the center of Term i_cache_subsystem/i_icache/sram_block_1__data_sram/genblk1_0__i_ram/macro_mem_0/w_mask_in[4]
[WARNING DRT-0419] No routing tracks pass through the center of Term i_cache_subsystem/i_icache/sram_block_1__data_sram/genblk1_0__i_ram/macro_mem_0/w_mask_in[5]
[WARNING DRT-0419] No routing tracks pass through the center of Term i_cache_subsystem/i_icache/sram_block_1__data_sram/genblk1_0__i_ram/macro_mem_0/w_mask_in[6]
[WARNING DRT-0419] No routing tracks pass through the center of Term i_cache_subsystem/i_icache/sram_block_1__data_sram/genblk1_0__i_ram/macro_mem_0/w_mask_in[7]
[WARNING DRT-0419] No routing tracks pass through the center of Term i_cache_subsystem/i_icache/sram_block_1__data_sram/genblk1_0__i_ram/macro_mem_0/w_mask_in[8]
[WARNING DRT-0419] No routing tracks pass through the center of Term i_cache_subsystem/i_icache/sram_block_1__data_sram/genblk1_0__i_ram/macro_mem_0/w_mask_in[9]
[WARNING DRT-0419] No routing tracks pass through the center of Term i_cache_subsystem/i_icache/sram_block_1__data_sram/genblk1_0__i_ram/macro_mem_0/w_mask_in[10]
[WARNING DRT-0419] No routing tracks pass through the center of Term i_cache_subsystem/i_icache/sram_block_1__data_sram/genblk1_0__i_ram/macro_mem_0/w_mask_in[11]
[WARNING DRT-0419] No routing tracks pass through the center of Term i_cache_subsystem/i_icache/sram_block_1__data_sram/genblk1_0__i_ram/macro_mem_0/w_mask_in[12]
[WARNING DRT-0419] No routing tracks pass through the center of Term i_cache_subsystem/i_icache/sram_block_1__data_sram/genblk1_0__i_ram/macro_mem_0/w_mask_in[13]
[WARNING DRT-0419] No routing tracks pass through the center of Term i_cache_subsystem/i_icache/sram_block_1__data_sram/genblk1_0__i_ram/macro_mem_0/w_mask_in[14]
[WARNING DRT-0419] No routing tracks pass through the center of Term i_cache_subsystem/i_icache/sram_block_1__data_sram/genblk1_0__i_ram/macro_mem_0/w_mask_in[15]
[WARNING DRT-0419] No routing tracks pass through the center of Term i_cache_subsystem/i_icache/sram_block_1__data_sram/genblk1_0__i_ram/macro_mem_0/rd_out[0]
[WARNING DRT-0419] No routing tracks pass through the center of Term i_cache_subsystem/i_icache/sram_block_1__data_sram/genblk1_0__i_ram/macro_mem_0/rd_out[1]
[WARNING DRT-0419] No routing tracks pass through the center of Term i_cache_subsystem/i_icache/sram_block_1__data_sram/genblk1_0__i_ram/macro_mem_0/rd_out[2]
[WARNING DRT-0419] No routing tracks pass through the center of Term i_cache_subsystem/i_icache/sram_block_1__data_sram/genblk1_0__i_ram/macro_mem_0/rd_out[3]
[WARNING DRT-0419] No routing tracks pass through the center of Term i_cache_subsystem/i_icache/sram_block_1__data_sram/genblk1_0__i_ram/macro_mem_0/rd_out[4]
[WARNING DRT-0419] No routing tracks pass through the center of Term i_cache_subsystem/i_icache/sram_block_1__data_sram/genblk1_0__i_ram/macro_mem_0/rd_out[5]
[WARNING DRT-0419] No routing tracks pass through the center of Term i_cache_subsystem/i_icache/sram_block_1__data_sram/genblk1_0__i_ram/macro_mem_0/rd_out[6]
[WARNING DRT-0419] No routing tracks pass through the center of Term i_cache_subsystem/i_icache/sram_block_1__data_sram/genblk1_0__i_ram/macro_mem_0/rd_out[7]
[WARNING DRT-0419] No routing tracks pass through the center of Term i_cache_subsystem/i_icache/sram_block_1__data_sram/genblk1_0__i_ram/macro_mem_0/rd_out[8]
[WARNING DRT-0419] No routing tracks pass through the center of Term i_cache_subsystem/i_icache/sram_block_1__data_sram/genblk1_0__i_ram/macro_mem_0/rd_out[9]
[WARNING DRT-0419] No routing tracks pass through the center of Term i_cache_subsystem/i_icache/sram_block_1__data_sram/genblk1_0__i_ram/macro_mem_0/rd_out[10]
[WARNING DRT-0419] No routing tracks pass through the center of Term i_cache_subsystem/i_icache/sram_block_1__data_sram/genblk1_0__i_ram/macro_mem_0/rd_out[11]
[WARNING DRT-0419] No routing tracks pass through the center of Term i_cache_subsystem/i_icache/sram_block_1__data_sram/genblk1_0__i_ram/macro_mem_0/rd_out[12]
[WARNING DRT-0419] No routing tracks pass through the center of Term i_cache_subsystem/i_icache/sram_block_1__data_sram/genblk1_0__i_ram/macro_mem_0/rd_out[13]
[WARNING DRT-0419] No routing tracks pass through the center of Term i_cache_subsystem/i_icache/sram_block_1__data_sram/genblk1_0__i_ram/macro_mem_0/rd_out[14]
[WARNING DRT-0419] No routing tracks pass through the center of Term i_cache_subsystem/i_icache/sram_block_1__data_sram/genblk1_0__i_ram/macro_mem_0/rd_out[15]
[WARNING DRT-0419] No routing tracks pass through the center of Term i_cache_subsystem/i_icache/sram_block_1__data_sram/genblk1_0__i_ram/macro_mem_0/wd_in[0]
[WARNING DRT-0419] No routing tracks pass through the center of Term i_cache_subsystem/i_icache/sram_block_1__data_sram/genblk1_0__i_ram/macro_mem_0/wd_in[1]
[WARNING DRT-0419] No routing tracks pass through the center of Term i_cache_subsystem/i_icache/sram_block_1__data_sram/genblk1_0__i_ram/macro_mem_0/wd_in[2]
[WARNING DRT-0419] No routing tracks pass through the center of Term i_cache_subsystem/i_icache/sram_block_1__data_sram/genblk1_0__i_ram/macro_mem_0/wd_in[3]
[WARNING DRT-0419] No routing tracks pass through the center of Term i_cache_subsystem/i_icache/sram_block_1__data_sram/genblk1_0__i_ram/macro_mem_0/wd_in[4]
[WARNING DRT-0419] No routing tracks pass through the center of Term i_cache_subsystem/i_icache/sram_block_1__data_sram/genblk1_0__i_ram/macro_mem_0/wd_in[5]
[WARNING DRT-0419] No routing tracks pass through the center of Term i_cache_subsystem/i_icache/sram_block_1__data_sram/genblk1_0__i_ram/macro_mem_0/wd_in[6]
[WARNING DRT-0419] No routing tracks pass through the center of Term i_cache_subsystem/i_icache/sram_block_1__data_sram/genblk1_0__i_ram/macro_mem_0/wd_in[7]
[WARNING DRT-0419] No routing tracks pass through the center of Term i_cache_subsystem/i_icache/sram_block_1__data_sram/genblk1_0__i_ram/macro_mem_0/wd_in[8]
[WARNING DRT-0419] No routing tracks pass through the center of Term i_cache_subsystem/i_icache/sram_block_1__data_sram/genblk1_0__i_ram/macro_mem_0/wd_in[9]
[WARNING DRT-0419] No routing tracks pass through the center of Term i_cache_subsystem/i_icache/sram_block_1__data_sram/genblk1_0__i_ram/macro_mem_0/wd_in[10]
[WARNING DRT-0419] No routing tracks pass through the center of Term i_cache_subsystem/i_icache/sram_block_1__data_sram/genblk1_0__i_ram/macro_mem_0/wd_in[11]
[WARNING DRT-0419] No routing tracks pass through the center of Term i_cache_subsystem/i_icache/sram_block_1__data_sram/genblk1_0__i_ram/macro_mem_0/wd_in[12]
[WARNING DRT-0419] No routing tracks pass through the center of Term i_cache_subsystem/i_icache/sram_block_1__data_sram/genblk1_0__i_ram/macro_mem_0/wd_in[13]
[WARNING DRT-0419] No routing tracks pass through the center of Term i_cache_subsystem/i_icache/sram_block_1__data_sram/genblk1_0__i_ram/macro_mem_0/wd_in[14]
[WARNING DRT-0419] No routing tracks pass through the center of Term i_cache_subsystem/i_icache/sram_block_1__data_sram/genblk1_0__i_ram/macro_mem_0/wd_in[15]
[WARNING DRT-0419] No routing tracks pass through the center of Term i_cache_subsystem/i_icache/sram_block_1__data_sram/genblk1_0__i_ram/macro_mem_0/addr_in[0]
[WARNING DRT-0419] No routing tracks pass through the center of Term i_cache_subsystem/i_icache/sram_block_1__data_sram/genblk1_0__i_ram/macro_mem_0/addr_in[1]
[WARNING DRT-0419] No routing tracks pass through the center of Term i_cache_subsystem/i_icache/sram_block_1__data_sram/genblk1_0__i_ram/macro_mem_0/addr_in[2]
[WARNING DRT-0419] No routing tracks pass through the center of Term i_cache_subsystem/i_icache/sram_block_1__data_sram/genblk1_0__i_ram/macro_mem_0/addr_in[3]
[WARNING DRT-0419] No routing tracks pass through the center of Term i_cache_subsystem/i_icache/sram_block_1__data_sram/genblk1_0__i_ram/macro_mem_0/addr_in[4]
[WARNING DRT-0419] No routing tracks pass through the center of Term i_cache_subsystem/i_icache/sram_block_1__data_sram/genblk1_0__i_ram/macro_mem_0/addr_in[5]
[WARNING DRT-0419] No routing tracks pass through the center of Term i_cache_subsystem/i_icache/sram_block_1__data_sram/genblk1_0__i_ram/macro_mem_0/addr_in[6]
[WARNING DRT-0419] No routing tracks pass through the center of Term i_cache_subsystem/i_icache/sram_block_1__data_sram/genblk1_0__i_ram/macro_mem_0/addr_in[7]
[WARNING DRT-0419] No routing tracks pass through the center of Term i_cache_subsystem/i_icache/sram_block_1__data_sram/genblk1_0__i_ram/macro_mem_0/we_in
[WARNING DRT-0419] No routing tracks pass through the center of Term i_cache_subsystem/i_icache/sram_block_1__data_sram/genblk1_0__i_ram/macro_mem_0/ce_in
[WARNING DRT-0419] No routing tracks pass through the center of Term i_cache_subsystem/i_icache/sram_block_1__data_sram/genblk1_0__i_ram/macro_mem_0/clk
[WARNING DRT-0419] No routing tracks pass through the center of Term i_cache_subsystem/i_icache/sram_block_1__data_sram/genblk1_0__i_ram/macro_mem_1/w_mask_in[0]
[WARNING DRT-0419] No routing tracks pass through the center of Term i_cache_subsystem/i_icache/sram_block_1__data_sram/genblk1_0__i_ram/macro_mem_1/w_mask_in[1]
[WARNING DRT-0419] No routing tracks pass through the center of Term i_cache_subsystem/i_icache/sram_block_1__data_sram/genblk1_0__i_ram/macro_mem_1/w_mask_in[2]
[WARNING DRT-0419] No routing tracks pass through the center of Term i_cache_subsystem/i_icache/sram_block_1__data_sram/genblk1_0__i_ram/macro_mem_1/w_mask_in[3]
[WARNING DRT-0419] No routing tracks pass through the center of Term i_cache_subsystem/i_icache/sram_block_1__data_sram/genblk1_0__i_ram/macro_mem_1/w_mask_in[4]
[WARNING DRT-0419] No routing tracks pass through the center of Term i_cache_subsystem/i_icache/sram_block_1__data_sram/genblk1_0__i_ram/macro_mem_1/w_mask_in[5]
[WARNING DRT-0419] No routing tracks pass through the center of Term i_cache_subsystem/i_icache/sram_block_1__data_sram/genblk1_0__i_ram/macro_mem_1/w_mask_in[6]
[WARNING DRT-0419] No routing tracks pass through the center of Term i_cache_subsystem/i_icache/sram_block_1__data_sram/genblk1_0__i_ram/macro_mem_1/w_mask_in[7]
[WARNING DRT-0419] No routing tracks pass through the center of Term i_cache_subsystem/i_icache/sram_block_1__data_sram/genblk1_0__i_ram/macro_mem_1/w_mask_in[8]
[WARNING DRT-0419] No routing tracks pass through the center of Term i_cache_subsystem/i_icache/sram_block_1__data_sram/genblk1_0__i_ram/macro_mem_1/w_mask_in[9]
[WARNING DRT-0419] No routing tracks pass through the center of Term i_cache_subsystem/i_icache/sram_block_1__data_sram/genblk1_0__i_ram/macro_mem_1/w_mask_in[10]
[WARNING DRT-0419] No routing tracks pass through the center of Term i_cache_subsystem/i_icache/sram_block_1__data_sram/genblk1_0__i_ram/macro_mem_1/w_mask_in[11]
[WARNING DRT-0419] No routing tracks pass through the center of Term i_cache_subsystem/i_icache/sram_block_1__data_sram/genblk1_0__i_ram/macro_mem_1/w_mask_in[12]
[WARNING DRT-0419] No routing tracks pass through the center of Term i_cache_subsystem/i_icache/sram_block_1__data_sram/genblk1_0__i_ram/macro_mem_1/w_mask_in[13]
[WARNING DRT-0419] No routing tracks pass through the center of Term i_cache_subsystem/i_icache/sram_block_1__data_sram/genblk1_0__i_ram/macro_mem_1/w_mask_in[14]
[WARNING DRT-0419] No routing tracks pass through the center of Term i_cache_subsystem/i_icache/sram_block_1__data_sram/genblk1_0__i_ram/macro_mem_1/w_mask_in[15]
[WARNING DRT-0419] No routing tracks pass through the center of Term i_cache_subsystem/i_icache/sram_block_1__data_sram/genblk1_0__i_ram/macro_mem_1/rd_out[0]
[WARNING DRT-0419] No routing tracks pass through the center of Term i_cache_subsystem/i_icache/sram_block_1__data_sram/genblk1_0__i_ram/macro_mem_1/rd_out[1]
[WARNING DRT-0419] No routing tracks pass through the center of Term i_cache_subsystem/i_icache/sram_block_1__data_sram/genblk1_0__i_ram/macro_mem_1/rd_out[2]
[WARNING DRT-0419] No routing tracks pass through the center of Term i_cache_subsystem/i_icache/sram_block_1__data_sram/genblk1_0__i_ram/macro_mem_1/rd_out[3]
[WARNING DRT-0419] No routing tracks pass through the center of Term i_cache_subsystem/i_icache/sram_block_1__data_sram/genblk1_0__i_ram/macro_mem_1/rd_out[4]
[WARNING DRT-0419] No routing tracks pass through the center of Term i_cache_subsystem/i_icache/sram_block_1__data_sram/genblk1_0__i_ram/macro_mem_1/rd_out[5]
[WARNING DRT-0419] No routing tracks pass through the center of Term i_cache_subsystem/i_icache/sram_block_1__data_sram/genblk1_0__i_ram/macro_mem_1/rd_out[6]
[WARNING DRT-0419] No routing tracks pass through the center of Term i_cache_subsystem/i_icache/sram_block_1__data_sram/genblk1_0__i_ram/macro_mem_1/rd_out[7]
[WARNING DRT-0419] No routing tracks pass through the center of Term i_cache_subsystem/i_icache/sram_block_1__data_sram/genblk1_0__i_ram/macro_mem_1/rd_out[8]
[WARNING DRT-0419] No routing tracks pass through the center of Term i_cache_subsystem/i_icache/sram_block_1__data_sram/genblk1_0__i_ram/macro_mem_1/rd_out[9]
[WARNING DRT-0419] No routing tracks pass through the center of Term i_cache_subsystem/i_icache/sram_block_1__data_sram/genblk1_0__i_ram/macro_mem_1/rd_out[10]
[WARNING DRT-0419] No routing tracks pass through the center of Term i_cache_subsystem/i_icache/sram_block_1__data_sram/genblk1_0__i_ram/macro_mem_1/rd_out[11]
[WARNING DRT-0419] No routing tracks pass through the center of Term i_cache_subsystem/i_icache/sram_block_1__data_sram/genblk1_0__i_ram/macro_mem_1/rd_out[12]
[WARNING DRT-0419] No routing tracks pass through the center of Term i_cache_subsystem/i_icache/sram_block_1__data_sram/genblk1_0__i_ram/macro_mem_1/rd_out[13]
[WARNING DRT-0419] No routing tracks pass through the center of Term i_cache_subsystem/i_icache/sram_block_1__data_sram/genblk1_0__i_ram/macro_mem_1/rd_out[14]
[WARNING DRT-0419] No routing tracks pass through the center of Term i_cache_subsystem/i_icache/sram_block_1__data_sram/genblk1_0__i_ram/macro_mem_1/rd_out[15]
[WARNING DRT-0419] No routing tracks pass through the center of Term i_cache_subsystem/i_icache/sram_block_1__data_sram/genblk1_0__i_ram/macro_mem_1/wd_in[0]
[WARNING DRT-0419] No routing tracks pass through the center of Term i_cache_subsystem/i_icache/sram_block_1__data_sram/genblk1_0__i_ram/macro_mem_1/wd_in[1]
[WARNING DRT-0419] No routing tracks pass through the center of Term i_cache_subsystem/i_icache/sram_block_1__data_sram/genblk1_0__i_ram/macro_mem_1/wd_in[2]
[WARNING DRT-0419] No routing tracks pass through the center of Term i_cache_subsystem/i_icache/sram_block_1__data_sram/genblk1_0__i_ram/macro_mem_1/wd_in[3]
[WARNING DRT-0419] No routing tracks pass through the center of Term i_cache_subsystem/i_icache/sram_block_1__data_sram/genblk1_0__i_ram/macro_mem_1/wd_in[4]
[WARNING DRT-0419] No routing tracks pass through the center of Term i_cache_subsystem/i_icache/sram_block_1__data_sram/genblk1_0__i_ram/macro_mem_1/wd_in[5]
[WARNING DRT-0419] No routing tracks pass through the center of Term i_cache_subsystem/i_icache/sram_block_1__data_sram/genblk1_0__i_ram/macro_mem_1/wd_in[6]
[WARNING DRT-0419] No routing tracks pass through the center of Term i_cache_subsystem/i_icache/sram_block_1__data_sram/genblk1_0__i_ram/macro_mem_1/wd_in[7]
[WARNING DRT-0419] No routing tracks pass through the center of Term i_cache_subsystem/i_icache/sram_block_1__data_sram/genblk1_0__i_ram/macro_mem_1/wd_in[8]
[WARNING DRT-0419] No routing tracks pass through the center of Term i_cache_subsystem/i_icache/sram_block_1__data_sram/genblk1_0__i_ram/macro_mem_1/wd_in[9]
[WARNING DRT-0419] No routing tracks pass through the center of Term i_cache_subsystem/i_icache/sram_block_1__data_sram/genblk1_0__i_ram/macro_mem_1/wd_in[10]
[WARNING DRT-0419] No routing tracks pass through the center of Term i_cache_subsystem/i_icache/sram_block_1__data_sram/genblk1_0__i_ram/macro_mem_1/wd_in[11]
[WARNING DRT-0419] No routing tracks pass through the center of Term i_cache_subsystem/i_icache/sram_block_1__data_sram/genblk1_0__i_ram/macro_mem_1/wd_in[12]
[WARNING DRT-0419] No routing tracks pass through the center of Term i_cache_subsystem/i_icache/sram_block_1__data_sram/genblk1_0__i_ram/macro_mem_1/wd_in[13]
[WARNING DRT-0419] No routing tracks pass through the center of Term i_cache_subsystem/i_icache/sram_block_1__data_sram/genblk1_0__i_ram/macro_mem_1/wd_in[14]
[WARNING DRT-0419] No routing tracks pass through the center of Term i_cache_subsystem/i_icache/sram_block_1__data_sram/genblk1_0__i_ram/macro_mem_1/wd_in[15]
[WARNING DRT-0419] No routing tracks pass through the center of Term i_cache_subsystem/i_icache/sram_block_1__data_sram/genblk1_0__i_ram/macro_mem_1/addr_in[0]
[WARNING DRT-0419] No routing tracks pass through the center of Term i_cache_subsystem/i_icache/sram_block_1__data_sram/genblk1_0__i_ram/macro_mem_1/addr_in[1]
[WARNING DRT-0419] No routing tracks pass through the center of Term i_cache_subsystem/i_icache/sram_block_1__data_sram/genblk1_0__i_ram/macro_mem_1/addr_in[2]
[WARNING DRT-0419] No routing tracks pass through the center of Term i_cache_subsystem/i_icache/sram_block_1__data_sram/genblk1_0__i_ram/macro_mem_1/addr_in[3]
[WARNING DRT-0419] No routing tracks pass through the center of Term i_cache_subsystem/i_icache/sram_block_1__data_sram/genblk1_0__i_ram/macro_mem_1/addr_in[4]
[WARNING DRT-0419] No routing tracks pass through the center of Term i_cache_subsystem/i_icache/sram_block_1__data_sram/genblk1_0__i_ram/macro_mem_1/addr_in[5]
[WARNING DRT-0419] No routing tracks pass through the center of Term i_cache_subsystem/i_icache/sram_block_1__data_sram/genblk1_0__i_ram/macro_mem_1/addr_in[6]
[WARNING DRT-0419] No routing tracks pass through the center of Term i_cache_subsystem/i_icache/sram_block_1__data_sram/genblk1_0__i_ram/macro_mem_1/addr_in[7]
[WARNING DRT-0419] No routing tracks pass through the center of Term i_cache_subsystem/i_icache/sram_block_1__data_sram/genblk1_0__i_ram/macro_mem_1/we_in
[WARNING DRT-0419] No routing tracks pass through the center of Term i_cache_subsystem/i_icache/sram_block_1__data_sram/genblk1_0__i_ram/macro_mem_1/ce_in
[WARNING DRT-0419] No routing tracks pass through the center of Term i_cache_subsystem/i_icache/sram_block_1__data_sram/genblk1_0__i_ram/macro_mem_1/clk
[WARNING DRT-0419] No routing tracks pass through the center of Term i_cache_subsystem/i_icache/sram_block_1__data_sram/genblk1_0__i_ram/macro_mem_2/w_mask_in[0]
[WARNING DRT-0419] No routing tracks pass through the center of Term i_cache_subsystem/i_icache/sram_block_1__data_sram/genblk1_0__i_ram/macro_mem_2/w_mask_in[1]
[WARNING DRT-0419] No routing tracks pass through the center of Term i_cache_subsystem/i_icache/sram_block_1__data_sram/genblk1_0__i_ram/macro_mem_2/w_mask_in[2]
[WARNING DRT-0419] No routing tracks pass through the center of Term i_cache_subsystem/i_icache/sram_block_1__data_sram/genblk1_0__i_ram/macro_mem_2/w_mask_in[3]
[WARNING DRT-0419] No routing tracks pass through the center of Term i_cache_subsystem/i_icache/sram_block_1__data_sram/genblk1_0__i_ram/macro_mem_2/w_mask_in[4]
[WARNING DRT-0419] No routing tracks pass through the center of Term i_cache_subsystem/i_icache/sram_block_1__data_sram/genblk1_0__i_ram/macro_mem_2/w_mask_in[5]
[WARNING DRT-0419] No routing tracks pass through the center of Term i_cache_subsystem/i_icache/sram_block_1__data_sram/genblk1_0__i_ram/macro_mem_2/w_mask_in[6]
[WARNING DRT-0419] No routing tracks pass through the center of Term i_cache_subsystem/i_icache/sram_block_1__data_sram/genblk1_0__i_ram/macro_mem_2/w_mask_in[7]
[WARNING DRT-0419] No routing tracks pass through the center of Term i_cache_subsystem/i_icache/sram_block_1__data_sram/genblk1_0__i_ram/macro_mem_2/w_mask_in[8]
[WARNING DRT-0419] No routing tracks pass through the center of Term i_cache_subsystem/i_icache/sram_block_1__data_sram/genblk1_0__i_ram/macro_mem_2/w_mask_in[9]
[WARNING DRT-0419] No routing tracks pass through the center of Term i_cache_subsystem/i_icache/sram_block_1__data_sram/genblk1_0__i_ram/macro_mem_2/w_mask_in[10]
[WARNING DRT-0419] No routing tracks pass through the center of Term i_cache_subsystem/i_icache/sram_block_1__data_sram/genblk1_0__i_ram/macro_mem_2/w_mask_in[11]
[WARNING DRT-0419] No routing tracks pass through the center of Term i_cache_subsystem/i_icache/sram_block_1__data_sram/genblk1_0__i_ram/macro_mem_2/w_mask_in[12]
[WARNING DRT-0419] No routing tracks pass through the center of Term i_cache_subsystem/i_icache/sram_block_1__data_sram/genblk1_0__i_ram/macro_mem_2/w_mask_in[13]
[WARNING DRT-0419] No routing tracks pass through the center of Term i_cache_subsystem/i_icache/sram_block_1__data_sram/genblk1_0__i_ram/macro_mem_2/w_mask_in[14]
[WARNING DRT-0419] No routing tracks pass through the center of Term i_cache_subsystem/i_icache/sram_block_1__data_sram/genblk1_0__i_ram/macro_mem_2/w_mask_in[15]
[WARNING DRT-0419] No routing tracks pass through the center of Term i_cache_subsystem/i_icache/sram_block_1__data_sram/genblk1_0__i_ram/macro_mem_2/rd_out[0]
[WARNING DRT-0419] No routing tracks pass through the center of Term i_cache_subsystem/i_icache/sram_block_1__data_sram/genblk1_0__i_ram/macro_mem_2/rd_out[1]
[WARNING DRT-0419] No routing tracks pass through the center of Term i_cache_subsystem/i_icache/sram_block_1__data_sram/genblk1_0__i_ram/macro_mem_2/rd_out[2]
[WARNING DRT-0419] No routing tracks pass through the center of Term i_cache_subsystem/i_icache/sram_block_1__data_sram/genblk1_0__i_ram/macro_mem_2/rd_out[3]
[WARNING DRT-0419] No routing tracks pass through the center of Term i_cache_subsystem/i_icache/sram_block_1__data_sram/genblk1_0__i_ram/macro_mem_2/rd_out[4]
[WARNING DRT-0419] No routing tracks pass through the center of Term i_cache_subsystem/i_icache/sram_block_1__data_sram/genblk1_0__i_ram/macro_mem_2/rd_out[5]
[WARNING DRT-0419] No routing tracks pass through the center of Term i_cache_subsystem/i_icache/sram_block_1__data_sram/genblk1_0__i_ram/macro_mem_2/rd_out[6]
[WARNING DRT-0419] No routing tracks pass through the center of Term i_cache_subsystem/i_icache/sram_block_1__data_sram/genblk1_0__i_ram/macro_mem_2/rd_out[7]
[WARNING DRT-0419] No routing tracks pass through the center of Term i_cache_subsystem/i_icache/sram_block_1__data_sram/genblk1_0__i_ram/macro_mem_2/rd_out[8]
[WARNING DRT-0419] No routing tracks pass through the center of Term i_cache_subsystem/i_icache/sram_block_1__data_sram/genblk1_0__i_ram/macro_mem_2/rd_out[9]
[WARNING DRT-0419] No routing tracks pass through the center of Term i_cache_subsystem/i_icache/sram_block_1__data_sram/genblk1_0__i_ram/macro_mem_2/rd_out[10]
[WARNING DRT-0419] No routing tracks pass through the center of Term i_cache_subsystem/i_icache/sram_block_1__data_sram/genblk1_0__i_ram/macro_mem_2/rd_out[11]
[WARNING DRT-0419] No routing tracks pass through the center of Term i_cache_subsystem/i_icache/sram_block_1__data_sram/genblk1_0__i_ram/macro_mem_2/rd_out[12]
[WARNING DRT-0419] No routing tracks pass through the center of Term i_cache_subsystem/i_icache/sram_block_1__data_sram/genblk1_0__i_ram/macro_mem_2/rd_out[13]
[WARNING DRT-0419] No routing tracks pass through the center of Term i_cache_subsystem/i_icache/sram_block_1__data_sram/genblk1_0__i_ram/macro_mem_2/rd_out[14]
[WARNING DRT-0419] No routing tracks pass through the center of Term i_cache_subsystem/i_icache/sram_block_1__data_sram/genblk1_0__i_ram/macro_mem_2/rd_out[15]
[WARNING DRT-0419] No routing tracks pass through the center of Term i_cache_subsystem/i_icache/sram_block_1__data_sram/genblk1_0__i_ram/macro_mem_2/wd_in[0]
[WARNING DRT-0419] No routing tracks pass through the center of Term i_cache_subsystem/i_icache/sram_block_1__data_sram/genblk1_0__i_ram/macro_mem_2/wd_in[1]
[WARNING DRT-0419] No routing tracks pass through the center of Term i_cache_subsystem/i_icache/sram_block_1__data_sram/genblk1_0__i_ram/macro_mem_2/wd_in[2]
[WARNING DRT-0419] No routing tracks pass through the center of Term i_cache_subsystem/i_icache/sram_block_1__data_sram/genblk1_0__i_ram/macro_mem_2/wd_in[3]
[WARNING DRT-0419] No routing tracks pass through the center of Term i_cache_subsystem/i_icache/sram_block_1__data_sram/genblk1_0__i_ram/macro_mem_2/wd_in[4]
[WARNING DRT-0419] No routing tracks pass through the center of Term i_cache_subsystem/i_icache/sram_block_1__data_sram/genblk1_0__i_ram/macro_mem_2/wd_in[5]
[WARNING DRT-0419] No routing tracks pass through the center of Term i_cache_subsystem/i_icache/sram_block_1__data_sram/genblk1_0__i_ram/macro_mem_2/wd_in[6]
[WARNING DRT-0419] No routing tracks pass through the center of Term i_cache_subsystem/i_icache/sram_block_1__data_sram/genblk1_0__i_ram/macro_mem_2/wd_in[7]
[WARNING DRT-0419] No routing tracks pass through the center of Term i_cache_subsystem/i_icache/sram_block_1__data_sram/genblk1_0__i_ram/macro_mem_2/wd_in[8]
[WARNING DRT-0419] No routing tracks pass through the center of Term i_cache_subsystem/i_icache/sram_block_1__data_sram/genblk1_0__i_ram/macro_mem_2/wd_in[9]
[WARNING DRT-0419] No routing tracks pass through the center of Term i_cache_subsystem/i_icache/sram_block_1__data_sram/genblk1_0__i_ram/macro_mem_2/wd_in[10]
[WARNING DRT-0419] No routing tracks pass through the center of Term i_cache_subsystem/i_icache/sram_block_1__data_sram/genblk1_0__i_ram/macro_mem_2/wd_in[11]
[WARNING DRT-0419] No routing tracks pass through the center of Term i_cache_subsystem/i_icache/sram_block_1__data_sram/genblk1_0__i_ram/macro_mem_2/wd_in[12]
[WARNING DRT-0419] No routing tracks pass through the center of Term i_cache_subsystem/i_icache/sram_block_1__data_sram/genblk1_0__i_ram/macro_mem_2/wd_in[13]
[WARNING DRT-0419] No routing tracks pass through the center of Term i_cache_subsystem/i_icache/sram_block_1__data_sram/genblk1_0__i_ram/macro_mem_2/wd_in[14]
[WARNING DRT-0419] No routing tracks pass through the center of Term i_cache_subsystem/i_icache/sram_block_1__data_sram/genblk1_0__i_ram/macro_mem_2/wd_in[15]
[WARNING DRT-0419] No routing tracks pass through the center of Term i_cache_subsystem/i_icache/sram_block_1__data_sram/genblk1_0__i_ram/macro_mem_2/addr_in[0]
[WARNING DRT-0419] No routing tracks pass through the center of Term i_cache_subsystem/i_icache/sram_block_1__data_sram/genblk1_0__i_ram/macro_mem_2/addr_in[1]
[WARNING DRT-0419] No routing tracks pass through the center of Term i_cache_subsystem/i_icache/sram_block_1__data_sram/genblk1_0__i_ram/macro_mem_2/addr_in[2]
[WARNING DRT-0419] No routing tracks pass through the center of Term i_cache_subsystem/i_icache/sram_block_1__data_sram/genblk1_0__i_ram/macro_mem_2/addr_in[3]
[WARNING DRT-0419] No routing tracks pass through the center of Term i_cache_subsystem/i_icache/sram_block_1__data_sram/genblk1_0__i_ram/macro_mem_2/addr_in[4]
[WARNING DRT-0419] No routing tracks pass through the center of Term i_cache_subsystem/i_icache/sram_block_1__data_sram/genblk1_0__i_ram/macro_mem_2/addr_in[5]
[WARNING DRT-0419] No routing tracks pass through the center of Term i_cache_subsystem/i_icache/sram_block_1__data_sram/genblk1_0__i_ram/macro_mem_2/addr_in[6]
[WARNING DRT-0419] No routing tracks pass through the center of Term i_cache_subsystem/i_icache/sram_block_1__data_sram/genblk1_0__i_ram/macro_mem_2/addr_in[7]
[WARNING DRT-0419] No routing tracks pass through the center of Term i_cache_subsystem/i_icache/sram_block_1__data_sram/genblk1_0__i_ram/macro_mem_2/we_in
[WARNING DRT-0419] No routing tracks pass through the center of Term i_cache_subsystem/i_icache/sram_block_1__data_sram/genblk1_0__i_ram/macro_mem_2/ce_in
[WARNING DRT-0419] No routing tracks pass through the center of Term i_cache_subsystem/i_icache/sram_block_1__data_sram/genblk1_0__i_ram/macro_mem_2/clk
[WARNING DRT-0419] No routing tracks pass through the center of Term i_cache_subsystem/i_icache/sram_block_1__data_sram/genblk1_0__i_ram/macro_mem_3/w_mask_in[0]
[WARNING DRT-0419] No routing tracks pass through the center of Term i_cache_subsystem/i_icache/sram_block_1__data_sram/genblk1_0__i_ram/macro_mem_3/w_mask_in[1]
[WARNING DRT-0419] No routing tracks pass through the center of Term i_cache_subsystem/i_icache/sram_block_1__data_sram/genblk1_0__i_ram/macro_mem_3/w_mask_in[2]
[WARNING DRT-0419] No routing tracks pass through the center of Term i_cache_subsystem/i_icache/sram_block_1__data_sram/genblk1_0__i_ram/macro_mem_3/w_mask_in[3]
[WARNING DRT-0419] No routing tracks pass through the center of Term i_cache_subsystem/i_icache/sram_block_1__data_sram/genblk1_0__i_ram/macro_mem_3/w_mask_in[4]
[WARNING DRT-0419] No routing tracks pass through the center of Term i_cache_subsystem/i_icache/sram_block_1__data_sram/genblk1_0__i_ram/macro_mem_3/w_mask_in[5]
[WARNING DRT-0419] No routing tracks pass through the center of Term i_cache_subsystem/i_icache/sram_block_1__data_sram/genblk1_0__i_ram/macro_mem_3/w_mask_in[6]
[WARNING DRT-0419] No routing tracks pass through the center of Term i_cache_subsystem/i_icache/sram_block_1__data_sram/genblk1_0__i_ram/macro_mem_3/w_mask_in[7]
[WARNING DRT-0419] No routing tracks pass through the center of Term i_cache_subsystem/i_icache/sram_block_1__data_sram/genblk1_0__i_ram/macro_mem_3/w_mask_in[8]
[WARNING DRT-0419] No routing tracks pass through the center of Term i_cache_subsystem/i_icache/sram_block_1__data_sram/genblk1_0__i_ram/macro_mem_3/w_mask_in[9]
[WARNING DRT-0419] No routing tracks pass through the center of Term i_cache_subsystem/i_icache/sram_block_1__data_sram/genblk1_0__i_ram/macro_mem_3/w_mask_in[10]
[WARNING DRT-0419] No routing tracks pass through the center of Term i_cache_subsystem/i_icache/sram_block_1__data_sram/genblk1_0__i_ram/macro_mem_3/w_mask_in[11]
[WARNING DRT-0419] No routing tracks pass through the center of Term i_cache_subsystem/i_icache/sram_block_1__data_sram/genblk1_0__i_ram/macro_mem_3/w_mask_in[12]
[WARNING DRT-0419] No routing tracks pass through the center of Term i_cache_subsystem/i_icache/sram_block_1__data_sram/genblk1_0__i_ram/macro_mem_3/w_mask_in[13]
[WARNING DRT-0419] No routing tracks pass through the center of Term i_cache_subsystem/i_icache/sram_block_1__data_sram/genblk1_0__i_ram/macro_mem_3/w_mask_in[14]
[WARNING DRT-0419] No routing tracks pass through the center of Term i_cache_subsystem/i_icache/sram_block_1__data_sram/genblk1_0__i_ram/macro_mem_3/w_mask_in[15]
[WARNING DRT-0419] No routing tracks pass through the center of Term i_cache_subsystem/i_icache/sram_block_1__data_sram/genblk1_0__i_ram/macro_mem_3/rd_out[0]
[WARNING DRT-0419] No routing tracks pass through the center of Term i_cache_subsystem/i_icache/sram_block_1__data_sram/genblk1_0__i_ram/macro_mem_3/rd_out[1]
[WARNING DRT-0419] No routing tracks pass through the center of Term i_cache_subsystem/i_icache/sram_block_1__data_sram/genblk1_0__i_ram/macro_mem_3/rd_out[2]
[WARNING DRT-0419] No routing tracks pass through the center of Term i_cache_subsystem/i_icache/sram_block_1__data_sram/genblk1_0__i_ram/macro_mem_3/rd_out[3]
[WARNING DRT-0419] No routing tracks pass through the center of Term i_cache_subsystem/i_icache/sram_block_1__data_sram/genblk1_0__i_ram/macro_mem_3/rd_out[4]
[WARNING DRT-0419] No routing tracks pass through the center of Term i_cache_subsystem/i_icache/sram_block_1__data_sram/genblk1_0__i_ram/macro_mem_3/rd_out[5]
[WARNING DRT-0419] No routing tracks pass through the center of Term i_cache_subsystem/i_icache/sram_block_1__data_sram/genblk1_0__i_ram/macro_mem_3/rd_out[6]
[WARNING DRT-0419] No routing tracks pass through the center of Term i_cache_subsystem/i_icache/sram_block_1__data_sram/genblk1_0__i_ram/macro_mem_3/rd_out[7]
[WARNING DRT-0419] No routing tracks pass through the center of Term i_cache_subsystem/i_icache/sram_block_1__data_sram/genblk1_0__i_ram/macro_mem_3/rd_out[8]
[WARNING DRT-0419] No routing tracks pass through the center of Term i_cache_subsystem/i_icache/sram_block_1__data_sram/genblk1_0__i_ram/macro_mem_3/rd_out[9]
[WARNING DRT-0419] No routing tracks pass through the center of Term i_cache_subsystem/i_icache/sram_block_1__data_sram/genblk1_0__i_ram/macro_mem_3/rd_out[10]
[WARNING DRT-0419] No routing tracks pass through the center of Term i_cache_subsystem/i_icache/sram_block_1__data_sram/genblk1_0__i_ram/macro_mem_3/rd_out[11]
[WARNING DRT-0419] No routing tracks pass through the center of Term i_cache_subsystem/i_icache/sram_block_1__data_sram/genblk1_0__i_ram/macro_mem_3/rd_out[12]
[WARNING DRT-0419] No routing tracks pass through the center of Term i_cache_subsystem/i_icache/sram_block_1__data_sram/genblk1_0__i_ram/macro_mem_3/rd_out[13]
[WARNING DRT-0419] No routing tracks pass through the center of Term i_cache_subsystem/i_icache/sram_block_1__data_sram/genblk1_0__i_ram/macro_mem_3/rd_out[14]
[WARNING DRT-0419] No routing tracks pass through the center of Term i_cache_subsystem/i_icache/sram_block_1__data_sram/genblk1_0__i_ram/macro_mem_3/rd_out[15]
[WARNING DRT-0419] No routing tracks pass through the center of Term i_cache_subsystem/i_icache/sram_block_1__data_sram/genblk1_0__i_ram/macro_mem_3/wd_in[0]
[WARNING DRT-0419] No routing tracks pass through the center of Term i_cache_subsystem/i_icache/sram_block_1__data_sram/genblk1_0__i_ram/macro_mem_3/wd_in[1]
[WARNING DRT-0419] No routing tracks pass through the center of Term i_cache_subsystem/i_icache/sram_block_1__data_sram/genblk1_0__i_ram/macro_mem_3/wd_in[2]
[WARNING DRT-0419] No routing tracks pass through the center of Term i_cache_subsystem/i_icache/sram_block_1__data_sram/genblk1_0__i_ram/macro_mem_3/wd_in[3]
[WARNING DRT-0419] No routing tracks pass through the center of Term i_cache_subsystem/i_icache/sram_block_1__data_sram/genblk1_0__i_ram/macro_mem_3/wd_in[4]
[WARNING DRT-0419] No routing tracks pass through the center of Term i_cache_subsystem/i_icache/sram_block_1__data_sram/genblk1_0__i_ram/macro_mem_3/wd_in[5]
[WARNING DRT-0419] No routing tracks pass through the center of Term i_cache_subsystem/i_icache/sram_block_1__data_sram/genblk1_0__i_ram/macro_mem_3/wd_in[6]
[WARNING DRT-0419] No routing tracks pass through the center of Term i_cache_subsystem/i_icache/sram_block_1__data_sram/genblk1_0__i_ram/macro_mem_3/wd_in[7]
[WARNING DRT-0419] No routing tracks pass through the center of Term i_cache_subsystem/i_icache/sram_block_1__data_sram/genblk1_0__i_ram/macro_mem_3/wd_in[8]
[WARNING DRT-0419] No routing tracks pass through the center of Term i_cache_subsystem/i_icache/sram_block_1__data_sram/genblk1_0__i_ram/macro_mem_3/wd_in[9]
[WARNING DRT-0419] No routing tracks pass through the center of Term i_cache_subsystem/i_icache/sram_block_1__data_sram/genblk1_0__i_ram/macro_mem_3/wd_in[10]
[WARNING DRT-0419] No routing tracks pass through the center of Term i_cache_subsystem/i_icache/sram_block_1__data_sram/genblk1_0__i_ram/macro_mem_3/wd_in[11]
[WARNING DRT-0419] No routing tracks pass through the center of Term i_cache_subsystem/i_icache/sram_block_1__data_sram/genblk1_0__i_ram/macro_mem_3/wd_in[12]
[WARNING DRT-0419] No routing tracks pass through the center of Term i_cache_subsystem/i_icache/sram_block_1__data_sram/genblk1_0__i_ram/macro_mem_3/wd_in[13]
[WARNING DRT-0419] No routing tracks pass through the center of Term i_cache_subsystem/i_icache/sram_block_1__data_sram/genblk1_0__i_ram/macro_mem_3/wd_in[14]
[WARNING DRT-0419] No routing tracks pass through the center of Term i_cache_subsystem/i_icache/sram_block_1__data_sram/genblk1_0__i_ram/macro_mem_3/wd_in[15]
[WARNING DRT-0419] No routing tracks pass through the center of Term i_cache_subsystem/i_icache/sram_block_1__data_sram/genblk1_0__i_ram/macro_mem_3/addr_in[0]
[WARNING DRT-0419] No routing tracks pass through the center of Term i_cache_subsystem/i_icache/sram_block_1__data_sram/genblk1_0__i_ram/macro_mem_3/addr_in[1]
[WARNING DRT-0419] No routing tracks pass through the center of Term i_cache_subsystem/i_icache/sram_block_1__data_sram/genblk1_0__i_ram/macro_mem_3/addr_in[2]
[WARNING DRT-0419] No routing tracks pass through the center of Term i_cache_subsystem/i_icache/sram_block_1__data_sram/genblk1_0__i_ram/macro_mem_3/addr_in[3]
[WARNING DRT-0419] No routing tracks pass through the center of Term i_cache_subsystem/i_icache/sram_block_1__data_sram/genblk1_0__i_ram/macro_mem_3/addr_in[4]
[WARNING DRT-0419] No routing tracks pass through the center of Term i_cache_subsystem/i_icache/sram_block_1__data_sram/genblk1_0__i_ram/macro_mem_3/addr_in[5]
[WARNING DRT-0419] No routing tracks pass through the center of Term i_cache_subsystem/i_icache/sram_block_1__data_sram/genblk1_0__i_ram/macro_mem_3/addr_in[6]
[WARNING DRT-0419] No routing tracks pass through the center of Term i_cache_subsystem/i_icache/sram_block_1__data_sram/genblk1_0__i_ram/macro_mem_3/addr_in[7]
[WARNING DRT-0419] No routing tracks pass through the center of Term i_cache_subsystem/i_icache/sram_block_1__data_sram/genblk1_0__i_ram/macro_mem_3/we_in
[WARNING DRT-0419] No routing tracks pass through the center of Term i_cache_subsystem/i_icache/sram_block_1__data_sram/genblk1_0__i_ram/macro_mem_3/ce_in
[WARNING DRT-0419] No routing tracks pass through the center of Term i_cache_subsystem/i_icache/sram_block_1__data_sram/genblk1_0__i_ram/macro_mem_3/clk
[WARNING DRT-0419] No routing tracks pass through the center of Term i_cache_subsystem/i_icache/sram_block_1__data_sram/genblk1_1__i_ram/macro_mem_0/w_mask_in[0]
[WARNING DRT-0419] No routing tracks pass through the center of Term i_cache_subsystem/i_icache/sram_block_1__data_sram/genblk1_1__i_ram/macro_mem_0/w_mask_in[1]
[WARNING DRT-0419] No routing tracks pass through the center of Term i_cache_subsystem/i_icache/sram_block_1__data_sram/genblk1_1__i_ram/macro_mem_0/w_mask_in[2]
[WARNING DRT-0419] No routing tracks pass through the center of Term i_cache_subsystem/i_icache/sram_block_1__data_sram/genblk1_1__i_ram/macro_mem_0/w_mask_in[3]
[WARNING DRT-0419] No routing tracks pass through the center of Term i_cache_subsystem/i_icache/sram_block_1__data_sram/genblk1_1__i_ram/macro_mem_0/w_mask_in[4]
[WARNING DRT-0419] No routing tracks pass through the center of Term i_cache_subsystem/i_icache/sram_block_1__data_sram/genblk1_1__i_ram/macro_mem_0/w_mask_in[5]
[WARNING DRT-0419] No routing tracks pass through the center of Term i_cache_subsystem/i_icache/sram_block_1__data_sram/genblk1_1__i_ram/macro_mem_0/w_mask_in[6]
[WARNING DRT-0419] No routing tracks pass through the center of Term i_cache_subsystem/i_icache/sram_block_1__data_sram/genblk1_1__i_ram/macro_mem_0/w_mask_in[7]
[WARNING DRT-0419] No routing tracks pass through the center of Term i_cache_subsystem/i_icache/sram_block_1__data_sram/genblk1_1__i_ram/macro_mem_0/w_mask_in[8]
[WARNING DRT-0419] No routing tracks pass through the center of Term i_cache_subsystem/i_icache/sram_block_1__data_sram/genblk1_1__i_ram/macro_mem_0/w_mask_in[9]
[WARNING DRT-0419] No routing tracks pass through the center of Term i_cache_subsystem/i_icache/sram_block_1__data_sram/genblk1_1__i_ram/macro_mem_0/w_mask_in[10]
[WARNING DRT-0419] No routing tracks pass through the center of Term i_cache_subsystem/i_icache/sram_block_1__data_sram/genblk1_1__i_ram/macro_mem_0/w_mask_in[11]
[WARNING DRT-0419] No routing tracks pass through the center of Term i_cache_subsystem/i_icache/sram_block_1__data_sram/genblk1_1__i_ram/macro_mem_0/w_mask_in[12]
[WARNING DRT-0419] No routing tracks pass through the center of Term i_cache_subsystem/i_icache/sram_block_1__data_sram/genblk1_1__i_ram/macro_mem_0/w_mask_in[13]
[WARNING DRT-0419] No routing tracks pass through the center of Term i_cache_subsystem/i_icache/sram_block_1__data_sram/genblk1_1__i_ram/macro_mem_0/w_mask_in[14]
[WARNING DRT-0419] No routing tracks pass through the center of Term i_cache_subsystem/i_icache/sram_block_1__data_sram/genblk1_1__i_ram/macro_mem_0/w_mask_in[15]
[WARNING DRT-0419] No routing tracks pass through the center of Term i_cache_subsystem/i_icache/sram_block_1__data_sram/genblk1_1__i_ram/macro_mem_0/rd_out[0]
[WARNING DRT-0419] No routing tracks pass through the center of Term i_cache_subsystem/i_icache/sram_block_1__data_sram/genblk1_1__i_ram/macro_mem_0/rd_out[1]
[WARNING DRT-0419] No routing tracks pass through the center of Term i_cache_subsystem/i_icache/sram_block_1__data_sram/genblk1_1__i_ram/macro_mem_0/rd_out[2]
[WARNING DRT-0419] No routing tracks pass through the center of Term i_cache_subsystem/i_icache/sram_block_1__data_sram/genblk1_1__i_ram/macro_mem_0/rd_out[3]
[WARNING DRT-0419] No routing tracks pass through the center of Term i_cache_subsystem/i_icache/sram_block_1__data_sram/genblk1_1__i_ram/macro_mem_0/rd_out[4]
[WARNING DRT-0419] No routing tracks pass through the center of Term i_cache_subsystem/i_icache/sram_block_1__data_sram/genblk1_1__i_ram/macro_mem_0/rd_out[5]
[WARNING DRT-0419] No routing tracks pass through the center of Term i_cache_subsystem/i_icache/sram_block_1__data_sram/genblk1_1__i_ram/macro_mem_0/rd_out[6]
[WARNING DRT-0419] No routing tracks pass through the center of Term i_cache_subsystem/i_icache/sram_block_1__data_sram/genblk1_1__i_ram/macro_mem_0/rd_out[7]
[WARNING DRT-0419] No routing tracks pass through the center of Term i_cache_subsystem/i_icache/sram_block_1__data_sram/genblk1_1__i_ram/macro_mem_0/rd_out[8]
[WARNING DRT-0419] No routing tracks pass through the center of Term i_cache_subsystem/i_icache/sram_block_1__data_sram/genblk1_1__i_ram/macro_mem_0/rd_out[9]
[WARNING DRT-0419] No routing tracks pass through the center of Term i_cache_subsystem/i_icache/sram_block_1__data_sram/genblk1_1__i_ram/macro_mem_0/rd_out[10]
[WARNING DRT-0419] No routing tracks pass through the center of Term i_cache_subsystem/i_icache/sram_block_1__data_sram/genblk1_1__i_ram/macro_mem_0/rd_out[11]
[WARNING DRT-0419] No routing tracks pass through the center of Term i_cache_subsystem/i_icache/sram_block_1__data_sram/genblk1_1__i_ram/macro_mem_0/rd_out[12]
[WARNING DRT-0419] No routing tracks pass through the center of Term i_cache_subsystem/i_icache/sram_block_1__data_sram/genblk1_1__i_ram/macro_mem_0/rd_out[13]
[WARNING DRT-0419] No routing tracks pass through the center of Term i_cache_subsystem/i_icache/sram_block_1__data_sram/genblk1_1__i_ram/macro_mem_0/rd_out[14]
[WARNING DRT-0419] No routing tracks pass through the center of Term i_cache_subsystem/i_icache/sram_block_1__data_sram/genblk1_1__i_ram/macro_mem_0/rd_out[15]
[WARNING DRT-0419] No routing tracks pass through the center of Term i_cache_subsystem/i_icache/sram_block_1__data_sram/genblk1_1__i_ram/macro_mem_0/wd_in[0]
[WARNING DRT-0419] No routing tracks pass through the center of Term i_cache_subsystem/i_icache/sram_block_1__data_sram/genblk1_1__i_ram/macro_mem_0/wd_in[1]
[WARNING DRT-0419] No routing tracks pass through the center of Term i_cache_subsystem/i_icache/sram_block_1__data_sram/genblk1_1__i_ram/macro_mem_0/wd_in[2]
[WARNING DRT-0419] No routing tracks pass through the center of Term i_cache_subsystem/i_icache/sram_block_1__data_sram/genblk1_1__i_ram/macro_mem_0/wd_in[3]
[WARNING DRT-0419] No routing tracks pass through the center of Term i_cache_subsystem/i_icache/sram_block_1__data_sram/genblk1_1__i_ram/macro_mem_0/wd_in[4]
[WARNING DRT-0419] No routing tracks pass through the center of Term i_cache_subsystem/i_icache/sram_block_1__data_sram/genblk1_1__i_ram/macro_mem_0/wd_in[5]
[WARNING DRT-0419] No routing tracks pass through the center of Term i_cache_subsystem/i_icache/sram_block_1__data_sram/genblk1_1__i_ram/macro_mem_0/wd_in[6]
[WARNING DRT-0419] No routing tracks pass through the center of Term i_cache_subsystem/i_icache/sram_block_1__data_sram/genblk1_1__i_ram/macro_mem_0/wd_in[7]
[WARNING DRT-0419] No routing tracks pass through the center of Term i_cache_subsystem/i_icache/sram_block_1__data_sram/genblk1_1__i_ram/macro_mem_0/wd_in[8]
[WARNING DRT-0419] No routing tracks pass through the center of Term i_cache_subsystem/i_icache/sram_block_1__data_sram/genblk1_1__i_ram/macro_mem_0/wd_in[9]
[WARNING DRT-0419] No routing tracks pass through the center of Term i_cache_subsystem/i_icache/sram_block_1__data_sram/genblk1_1__i_ram/macro_mem_0/wd_in[10]
[WARNING DRT-0419] No routing tracks pass through the center of Term i_cache_subsystem/i_icache/sram_block_1__data_sram/genblk1_1__i_ram/macro_mem_0/wd_in[11]
[WARNING DRT-0419] No routing tracks pass through the center of Term i_cache_subsystem/i_icache/sram_block_1__data_sram/genblk1_1__i_ram/macro_mem_0/wd_in[12]
[WARNING DRT-0419] No routing tracks pass through the center of Term i_cache_subsystem/i_icache/sram_block_1__data_sram/genblk1_1__i_ram/macro_mem_0/wd_in[13]
[WARNING DRT-0419] No routing tracks pass through the center of Term i_cache_subsystem/i_icache/sram_block_1__data_sram/genblk1_1__i_ram/macro_mem_0/wd_in[14]
[WARNING DRT-0419] No routing tracks pass through the center of Term i_cache_subsystem/i_icache/sram_block_1__data_sram/genblk1_1__i_ram/macro_mem_0/wd_in[15]
[WARNING DRT-0419] No routing tracks pass through the center of Term i_cache_subsystem/i_icache/sram_block_1__data_sram/genblk1_1__i_ram/macro_mem_0/addr_in[0]
[WARNING DRT-0419] No routing tracks pass through the center of Term i_cache_subsystem/i_icache/sram_block_1__data_sram/genblk1_1__i_ram/macro_mem_0/addr_in[1]
[WARNING DRT-0419] No routing tracks pass through the center of Term i_cache_subsystem/i_icache/sram_block_1__data_sram/genblk1_1__i_ram/macro_mem_0/addr_in[2]
[WARNING DRT-0419] No routing tracks pass through the center of Term i_cache_subsystem/i_icache/sram_block_1__data_sram/genblk1_1__i_ram/macro_mem_0/addr_in[3]
[WARNING DRT-0419] No routing tracks pass through the center of Term i_cache_subsystem/i_icache/sram_block_1__data_sram/genblk1_1__i_ram/macro_mem_0/addr_in[4]
[WARNING DRT-0419] No routing tracks pass through the center of Term i_cache_subsystem/i_icache/sram_block_1__data_sram/genblk1_1__i_ram/macro_mem_0/addr_in[5]
[WARNING DRT-0419] No routing tracks pass through the center of Term i_cache_subsystem/i_icache/sram_block_1__data_sram/genblk1_1__i_ram/macro_mem_0/addr_in[6]
[WARNING DRT-0419] No routing tracks pass through the center of Term i_cache_subsystem/i_icache/sram_block_1__data_sram/genblk1_1__i_ram/macro_mem_0/addr_in[7]
[WARNING DRT-0419] No routing tracks pass through the center of Term i_cache_subsystem/i_icache/sram_block_1__data_sram/genblk1_1__i_ram/macro_mem_0/we_in
[WARNING DRT-0419] No routing tracks pass through the center of Term i_cache_subsystem/i_icache/sram_block_1__data_sram/genblk1_1__i_ram/macro_mem_0/ce_in
[WARNING DRT-0419] No routing tracks pass through the center of Term i_cache_subsystem/i_icache/sram_block_1__data_sram/genblk1_1__i_ram/macro_mem_0/clk
[WARNING DRT-0419] No routing tracks pass through the center of Term i_cache_subsystem/i_icache/sram_block_1__data_sram/genblk1_1__i_ram/macro_mem_2/w_mask_in[0]
[WARNING DRT-0419] No routing tracks pass through the center of Term i_cache_subsystem/i_icache/sram_block_1__data_sram/genblk1_1__i_ram/macro_mem_2/w_mask_in[1]
[WARNING DRT-0419] No routing tracks pass through the center of Term i_cache_subsystem/i_icache/sram_block_1__data_sram/genblk1_1__i_ram/macro_mem_2/w_mask_in[2]
[WARNING DRT-0419] No routing tracks pass through the center of Term i_cache_subsystem/i_icache/sram_block_1__data_sram/genblk1_1__i_ram/macro_mem_2/w_mask_in[3]
[WARNING DRT-0419] No routing tracks pass through the center of Term i_cache_subsystem/i_icache/sram_block_1__data_sram/genblk1_1__i_ram/macro_mem_2/w_mask_in[4]
[WARNING DRT-0419] No routing tracks pass through the center of Term i_cache_subsystem/i_icache/sram_block_1__data_sram/genblk1_1__i_ram/macro_mem_2/w_mask_in[5]
[WARNING DRT-0419] No routing tracks pass through the center of Term i_cache_subsystem/i_icache/sram_block_1__data_sram/genblk1_1__i_ram/macro_mem_2/w_mask_in[6]
[WARNING DRT-0419] No routing tracks pass through the center of Term i_cache_subsystem/i_icache/sram_block_1__data_sram/genblk1_1__i_ram/macro_mem_2/w_mask_in[7]
[WARNING DRT-0419] No routing tracks pass through the center of Term i_cache_subsystem/i_icache/sram_block_1__data_sram/genblk1_1__i_ram/macro_mem_2/w_mask_in[8]
[WARNING DRT-0419] No routing tracks pass through the center of Term i_cache_subsystem/i_icache/sram_block_1__data_sram/genblk1_1__i_ram/macro_mem_2/w_mask_in[9]
[WARNING DRT-0419] No routing tracks pass through the center of Term i_cache_subsystem/i_icache/sram_block_1__data_sram/genblk1_1__i_ram/macro_mem_2/w_mask_in[10]
[WARNING DRT-0419] No routing tracks pass through the center of Term i_cache_subsystem/i_icache/sram_block_1__data_sram/genblk1_1__i_ram/macro_mem_2/w_mask_in[11]
[WARNING DRT-0419] No routing tracks pass through the center of Term i_cache_subsystem/i_icache/sram_block_1__data_sram/genblk1_1__i_ram/macro_mem_2/w_mask_in[12]
[WARNING DRT-0419] No routing tracks pass through the center of Term i_cache_subsystem/i_icache/sram_block_1__data_sram/genblk1_1__i_ram/macro_mem_2/w_mask_in[13]
[WARNING DRT-0419] No routing tracks pass through the center of Term i_cache_subsystem/i_icache/sram_block_1__data_sram/genblk1_1__i_ram/macro_mem_2/w_mask_in[14]
[WARNING DRT-0419] No routing tracks pass through the center of Term i_cache_subsystem/i_icache/sram_block_1__data_sram/genblk1_1__i_ram/macro_mem_2/w_mask_in[15]
[WARNING DRT-0419] No routing tracks pass through the center of Term i_cache_subsystem/i_icache/sram_block_1__data_sram/genblk1_1__i_ram/macro_mem_2/rd_out[0]
[WARNING DRT-0419] No routing tracks pass through the center of Term i_cache_subsystem/i_icache/sram_block_1__data_sram/genblk1_1__i_ram/macro_mem_2/rd_out[1]
[WARNING DRT-0419] No routing tracks pass through the center of Term i_cache_subsystem/i_icache/sram_block_1__data_sram/genblk1_1__i_ram/macro_mem_2/rd_out[2]
[WARNING DRT-0419] No routing tracks pass through the center of Term i_cache_subsystem/i_icache/sram_block_1__data_sram/genblk1_1__i_ram/macro_mem_2/rd_out[3]
[WARNING DRT-0419] No routing tracks pass through the center of Term i_cache_subsystem/i_icache/sram_block_1__data_sram/genblk1_1__i_ram/macro_mem_2/rd_out[4]
[WARNING DRT-0419] No routing tracks pass through the center of Term i_cache_subsystem/i_icache/sram_block_1__data_sram/genblk1_1__i_ram/macro_mem_2/rd_out[5]
[WARNING DRT-0419] No routing tracks pass through the center of Term i_cache_subsystem/i_icache/sram_block_1__data_sram/genblk1_1__i_ram/macro_mem_2/rd_out[6]
[WARNING DRT-0419] No routing tracks pass through the center of Term i_cache_subsystem/i_icache/sram_block_1__data_sram/genblk1_1__i_ram/macro_mem_2/rd_out[7]
[WARNING DRT-0419] No routing tracks pass through the center of Term i_cache_subsystem/i_icache/sram_block_1__data_sram/genblk1_1__i_ram/macro_mem_2/rd_out[8]
[WARNING DRT-0419] No routing tracks pass through the center of Term i_cache_subsystem/i_icache/sram_block_1__data_sram/genblk1_1__i_ram/macro_mem_2/rd_out[9]
[WARNING DRT-0419] No routing tracks pass through the center of Term i_cache_subsystem/i_icache/sram_block_1__data_sram/genblk1_1__i_ram/macro_mem_2/rd_out[10]
[WARNING DRT-0419] No routing tracks pass through the center of Term i_cache_subsystem/i_icache/sram_block_1__data_sram/genblk1_1__i_ram/macro_mem_2/rd_out[11]
[WARNING DRT-0419] No routing tracks pass through the center of Term i_cache_subsystem/i_icache/sram_block_1__data_sram/genblk1_1__i_ram/macro_mem_2/rd_out[12]
[WARNING DRT-0419] No routing tracks pass through the center of Term i_cache_subsystem/i_icache/sram_block_1__data_sram/genblk1_1__i_ram/macro_mem_2/rd_out[13]
[WARNING DRT-0419] No routing tracks pass through the center of Term i_cache_subsystem/i_icache/sram_block_1__data_sram/genblk1_1__i_ram/macro_mem_2/rd_out[14]
[WARNING DRT-0419] No routing tracks pass through the center of Term i_cache_subsystem/i_icache/sram_block_1__data_sram/genblk1_1__i_ram/macro_mem_2/rd_out[15]
[WARNING DRT-0419] No routing tracks pass through the center of Term i_cache_subsystem/i_icache/sram_block_1__data_sram/genblk1_1__i_ram/macro_mem_2/wd_in[0]
[WARNING DRT-0419] No routing tracks pass through the center of Term i_cache_subsystem/i_icache/sram_block_1__data_sram/genblk1_1__i_ram/macro_mem_2/wd_in[1]
[WARNING DRT-0419] No routing tracks pass through the center of Term i_cache_subsystem/i_icache/sram_block_1__data_sram/genblk1_1__i_ram/macro_mem_2/wd_in[2]
[WARNING DRT-0419] No routing tracks pass through the center of Term i_cache_subsystem/i_icache/sram_block_1__data_sram/genblk1_1__i_ram/macro_mem_2/wd_in[3]
[WARNING DRT-0419] No routing tracks pass through the center of Term i_cache_subsystem/i_icache/sram_block_1__data_sram/genblk1_1__i_ram/macro_mem_2/wd_in[4]
[WARNING DRT-0419] No routing tracks pass through the center of Term i_cache_subsystem/i_icache/sram_block_1__data_sram/genblk1_1__i_ram/macro_mem_2/wd_in[5]
[WARNING DRT-0419] No routing tracks pass through the center of Term i_cache_subsystem/i_icache/sram_block_1__data_sram/genblk1_1__i_ram/macro_mem_2/wd_in[6]
[WARNING DRT-0419] No routing tracks pass through the center of Term i_cache_subsystem/i_icache/sram_block_1__data_sram/genblk1_1__i_ram/macro_mem_2/wd_in[7]
[WARNING DRT-0419] No routing tracks pass through the center of Term i_cache_subsystem/i_icache/sram_block_1__data_sram/genblk1_1__i_ram/macro_mem_2/wd_in[8]
[WARNING DRT-0419] No routing tracks pass through the center of Term i_cache_subsystem/i_icache/sram_block_1__data_sram/genblk1_1__i_ram/macro_mem_2/wd_in[9]
[WARNING DRT-0419] No routing tracks pass through the center of Term i_cache_subsystem/i_icache/sram_block_1__data_sram/genblk1_1__i_ram/macro_mem_2/wd_in[10]
[WARNING DRT-0419] No routing tracks pass through the center of Term i_cache_subsystem/i_icache/sram_block_1__data_sram/genblk1_1__i_ram/macro_mem_2/wd_in[11]
[WARNING DRT-0419] No routing tracks pass through the center of Term i_cache_subsystem/i_icache/sram_block_1__data_sram/genblk1_1__i_ram/macro_mem_2/wd_in[12]
[WARNING DRT-0419] No routing tracks pass through the center of Term i_cache_subsystem/i_icache/sram_block_1__data_sram/genblk1_1__i_ram/macro_mem_2/wd_in[13]
[WARNING DRT-0419] No routing tracks pass through the center of Term i_cache_subsystem/i_icache/sram_block_1__data_sram/genblk1_1__i_ram/macro_mem_2/wd_in[14]
[WARNING DRT-0419] No routing tracks pass through the center of Term i_cache_subsystem/i_icache/sram_block_1__data_sram/genblk1_1__i_ram/macro_mem_2/wd_in[15]
[WARNING DRT-0419] No routing tracks pass through the center of Term i_cache_subsystem/i_icache/sram_block_1__data_sram/genblk1_1__i_ram/macro_mem_2/addr_in[0]
[WARNING DRT-0419] No routing tracks pass through the center of Term i_cache_subsystem/i_icache/sram_block_1__data_sram/genblk1_1__i_ram/macro_mem_2/addr_in[1]
[WARNING DRT-0419] No routing tracks pass through the center of Term i_cache_subsystem/i_icache/sram_block_1__data_sram/genblk1_1__i_ram/macro_mem_2/addr_in[2]
[WARNING DRT-0419] No routing tracks pass through the center of Term i_cache_subsystem/i_icache/sram_block_1__data_sram/genblk1_1__i_ram/macro_mem_2/addr_in[3]
[WARNING DRT-0419] No routing tracks pass through the center of Term i_cache_subsystem/i_icache/sram_block_1__data_sram/genblk1_1__i_ram/macro_mem_2/addr_in[4]
[WARNING DRT-0419] No routing tracks pass through the center of Term i_cache_subsystem/i_icache/sram_block_1__data_sram/genblk1_1__i_ram/macro_mem_2/addr_in[5]
[WARNING DRT-0419] No routing tracks pass through the center of Term i_cache_subsystem/i_icache/sram_block_1__data_sram/genblk1_1__i_ram/macro_mem_2/addr_in[6]
[WARNING DRT-0419] No routing tracks pass through the center of Term i_cache_subsystem/i_icache/sram_block_1__data_sram/genblk1_1__i_ram/macro_mem_2/addr_in[7]
[WARNING DRT-0419] message limit (1000) reached. This message will no longer print.
[WARNING DRT-0418] Term i_cache_subsystem/i_nbdcache/sram_block_4__data_sram/genblk1_0__i_ram/macro_mem_0/w_mask_in[0] has no pins on routing grid
[WARNING DRT-0418] Term i_cache_subsystem/i_nbdcache/sram_block_4__data_sram/genblk1_0__i_ram/macro_mem_0/w_mask_in[1] has no pins on routing grid
[WARNING DRT-0418] Term i_cache_subsystem/i_nbdcache/sram_block_4__data_sram/genblk1_0__i_ram/macro_mem_0/w_mask_in[2] has no pins on routing grid
[WARNING DRT-0418] Term i_cache_subsystem/i_nbdcache/sram_block_4__data_sram/genblk1_0__i_ram/macro_mem_0/w_mask_in[3] has no pins on routing grid
[WARNING DRT-0418] Term i_cache_subsystem/i_nbdcache/sram_block_4__data_sram/genblk1_0__i_ram/macro_mem_0/w_mask_in[11] has no pins on routing grid
[WARNING DRT-0418] Term i_cache_subsystem/i_nbdcache/sram_block_4__data_sram/genblk1_0__i_ram/macro_mem_0/w_mask_in[12] has no pins on routing grid
[WARNING DRT-0418] Term i_cache_subsystem/i_nbdcache/sram_block_4__data_sram/genblk1_0__i_ram/macro_mem_0/w_mask_in[13] has no pins on routing grid
[WARNING DRT-0418] Term i_cache_subsystem/i_nbdcache/sram_block_4__data_sram/genblk1_0__i_ram/macro_mem_0/w_mask_in[14] has no pins on routing grid
[WARNING DRT-0418] Term i_cache_subsystem/i_nbdcache/sram_block_4__data_sram/genblk1_0__i_ram/macro_mem_0/w_mask_in[15] has no pins on routing grid
[WARNING DRT-0418] Term i_cache_subsystem/i_nbdcache/sram_block_4__data_sram/genblk1_0__i_ram/macro_mem_0/rd_out[5] has no pins on routing grid
[WARNING DRT-0418] Term i_cache_subsystem/i_nbdcache/sram_block_4__data_sram/genblk1_0__i_ram/macro_mem_0/rd_out[6] has no pins on routing grid
[WARNING DRT-0418] Term i_cache_subsystem/i_nbdcache/sram_block_4__data_sram/genblk1_0__i_ram/macro_mem_0/rd_out[7] has no pins on routing grid
[WARNING DRT-0418] Term i_cache_subsystem/i_nbdcache/sram_block_4__data_sram/genblk1_0__i_ram/macro_mem_0/rd_out[8] has no pins on routing grid
[WARNING DRT-0418] Term i_cache_subsystem/i_nbdcache/sram_block_4__data_sram/genblk1_0__i_ram/macro_mem_0/rd_out[9] has no pins on routing grid
[WARNING DRT-0418] Term i_cache_subsystem/i_nbdcache/sram_block_4__data_sram/genblk1_0__i_ram/macro_mem_0/rd_out[10] has no pins on routing grid
[WARNING DRT-0418] Term i_cache_subsystem/i_nbdcache/sram_block_4__data_sram/genblk1_0__i_ram/macro_mem_0/rd_out[11] has no pins on routing grid
[WARNING DRT-0418] Term i_cache_subsystem/i_nbdcache/sram_block_4__data_sram/genblk1_0__i_ram/macro_mem_0/rd_out[12] has no pins on routing grid
[WARNING DRT-0418] Term i_cache_subsystem/i_nbdcache/sram_block_4__data_sram/genblk1_0__i_ram/macro_mem_0/rd_out[13] has no pins on routing grid
[WARNING DRT-0418] Term i_cache_subsystem/i_nbdcache/sram_block_4__data_sram/genblk1_0__i_ram/macro_mem_0/rd_out[14] has no pins on routing grid
[WARNING DRT-0418] Term i_cache_subsystem/i_nbdcache/sram_block_4__data_sram/genblk1_0__i_ram/macro_mem_0/rd_out[15] has no pins on routing grid
[WARNING DRT-0418] Term i_cache_subsystem/i_nbdcache/sram_block_4__data_sram/genblk1_0__i_ram/macro_mem_0/wd_in[0] has no pins on routing grid
[WARNING DRT-0418] Term i_cache_subsystem/i_nbdcache/sram_block_4__data_sram/genblk1_0__i_ram/macro_mem_0/wd_in[1] has no pins on routing grid
[WARNING DRT-0418] Term i_cache_subsystem/i_nbdcache/sram_block_4__data_sram/genblk1_0__i_ram/macro_mem_0/wd_in[2] has no pins on routing grid
[WARNING DRT-0418] Term i_cache_subsystem/i_nbdcache/sram_block_4__data_sram/genblk1_0__i_ram/macro_mem_0/wd_in[3] has no pins on routing grid
[WARNING DRT-0418] Term i_cache_subsystem/i_nbdcache/sram_block_4__data_sram/genblk1_0__i_ram/macro_mem_0/wd_in[4] has no pins on routing grid
[WARNING DRT-0418] Term i_cache_subsystem/i_nbdcache/sram_block_4__data_sram/genblk1_0__i_ram/macro_mem_0/wd_in[5] has no pins on routing grid
[WARNING DRT-0418] Term i_cache_subsystem/i_nbdcache/sram_block_4__data_sram/genblk1_0__i_ram/macro_mem_0/wd_in[6] has no pins on routing grid
[WARNING DRT-0418] Term i_cache_subsystem/i_nbdcache/sram_block_4__data_sram/genblk1_0__i_ram/macro_mem_0/wd_in[7] has no pins on routing grid
[WARNING DRT-0418] Term i_cache_subsystem/i_nbdcache/sram_block_4__data_sram/genblk1_0__i_ram/macro_mem_0/wd_in[8] has no pins on routing grid
[WARNING DRT-0418] Term i_cache_subsystem/i_nbdcache/sram_block_4__data_sram/genblk1_0__i_ram/macro_mem_0/wd_in[9] has no pins on routing grid
[WARNING DRT-0418] Term i_cache_subsystem/i_nbdcache/sram_block_4__data_sram/genblk1_0__i_ram/macro_mem_0/wd_in[10] has no pins on routing grid
[WARNING DRT-0418] Term i_cache_subsystem/i_nbdcache/sram_block_4__data_sram/genblk1_0__i_ram/macro_mem_0/addr_in[0] has no pins on routing grid
[WARNING DRT-0418] Term i_cache_subsystem/i_nbdcache/sram_block_4__data_sram/genblk1_0__i_ram/macro_mem_0/addr_in[1] has no pins on routing grid
[WARNING DRT-0418] Term i_cache_subsystem/i_nbdcache/sram_block_4__data_sram/genblk1_0__i_ram/macro_mem_0/addr_in[2] has no pins on routing grid
[WARNING DRT-0418] Term i_cache_subsystem/i_nbdcache/sram_block_4__data_sram/genblk1_0__i_ram/macro_mem_0/addr_in[3] has no pins on routing grid
[WARNING DRT-0418] Term i_cache_subsystem/i_nbdcache/sram_block_4__data_sram/genblk1_0__i_ram/macro_mem_0/addr_in[4] has no pins on routing grid
[WARNING DRT-0418] Term i_cache_subsystem/i_nbdcache/sram_block_4__data_sram/genblk1_0__i_ram/macro_mem_0/we_in has no pins on routing grid
[WARNING DRT-0418] Term i_cache_subsystem/i_nbdcache/sram_block_4__data_sram/genblk1_0__i_ram/macro_mem_0/ce_in has no pins on routing grid
[WARNING DRT-0418] Term i_cache_subsystem/i_nbdcache/sram_block_4__data_sram/genblk1_0__i_ram/macro_mem_0/clk has no pins on routing grid
[INFO DRT-0167] List of default vias:
  Layer via1
    default via: via1_7
  Layer via2
    default via: via2_5
  Layer via3
    default via: via3_2
  Layer via4
    default via: via4_0
  Layer via5
    default via: via5_0
  Layer via6
    default via: via6_0
  Layer via7
    default via: via7_0
  Layer via8
    default via: via8_0
  Layer via9
    default via: via9_0
  Layer hb_layer
    default via: hb_layer_0
  Layer via11
    default via: via11_0
  Layer via12
    default via: via12_0
  Layer via13
    default via: via13_0
  Layer via14
    default via: via14_0
  Layer via15
    default via: via15_0
  Layer via16
    default via: via16_0
  Layer via17
    default via: via17_2
  Layer via18
    default via: via18_5
  Layer via19
    default via: via19_7
[INFO DRT-0162] Library cell analysis.
[INFO DRT-0163] Instance analysis.
  Complete 100000 instances.
[INFO DRT-0164] Number of unique instances = 870.
[INFO DRT-0168] Init region query.
[INFO DRT-0018]   Complete 100000 insts.
[INFO DRT-0024]   Complete active.
[INFO DRT-0024]   Complete Fr_VIA.
[INFO DRT-0024]   Complete metal1.
[INFO DRT-0024]   Complete via1.
[INFO DRT-0024]   Complete metal2.
[INFO DRT-0024]   Complete via2.
[INFO DRT-0024]   Complete metal3.
[INFO DRT-0024]   Complete via3.
[INFO DRT-0024]   Complete metal4.
[INFO DRT-0024]   Complete via4.
[INFO DRT-0024]   Complete metal5.
[INFO DRT-0024]   Complete via5.
[INFO DRT-0024]   Complete metal6.
[INFO DRT-0024]   Complete via6.
[INFO DRT-0024]   Complete metal7.
[INFO DRT-0024]   Complete via7.
[INFO DRT-0024]   Complete metal8.
[INFO DRT-0024]   Complete via8.
[INFO DRT-0024]   Complete metal9.
[INFO DRT-0024]   Complete via9.
[INFO DRT-0024]   Complete metal10.
[INFO DRT-0024]   Complete hb_layer.
[INFO DRT-0024]   Complete metal11.
[INFO DRT-0024]   Complete via11.
[INFO DRT-0024]   Complete metal12.
[INFO DRT-0024]   Complete via12.
[INFO DRT-0024]   Complete metal13.
[INFO DRT-0024]   Complete via13.
[INFO DRT-0024]   Complete metal14.
[INFO DRT-0024]   Complete via14.
[INFO DRT-0024]   Complete metal15.
[INFO DRT-0024]   Complete via15.
[INFO DRT-0024]   Complete metal16.
[INFO DRT-0024]   Complete via16.
[INFO DRT-0024]   Complete metal17.
[INFO DRT-0024]   Complete via17.
[INFO DRT-0024]   Complete metal18.
[INFO DRT-0024]   Complete via18.
[INFO DRT-0024]   Complete metal19.
[INFO DRT-0024]   Complete via19.
[INFO DRT-0024]   Complete metal20.
[INFO DRT-0033] active shape region query size = 0.
[INFO DRT-0033] FR_VIA shape region query size = 0.
[INFO DRT-0033] metal1 shape region query size = 2195749.
[INFO DRT-0033] via1 shape region query size = 0.
[INFO DRT-0033] metal2 shape region query size = 69.
[INFO DRT-0033] via2 shape region query size = 0.
[INFO DRT-0033] metal3 shape region query size = 8280.
[INFO DRT-0033] via3 shape region query size = 0.
[INFO DRT-0033] metal4 shape region query size = 4761.
[INFO DRT-0033] via4 shape region query size = 0.
[INFO DRT-0033] metal5 shape region query size = 247.
[INFO DRT-0033] via5 shape region query size = 0.
[INFO DRT-0033] metal6 shape region query size = 248.
[INFO DRT-0033] via6 shape region query size = 0.
[INFO DRT-0033] metal7 shape region query size = 0.
[INFO DRT-0033] via7 shape region query size = 0.
[INFO DRT-0033] metal8 shape region query size = 0.
[INFO DRT-0033] via8 shape region query size = 0.
[INFO DRT-0033] metal9 shape region query size = 0.
[INFO DRT-0033] via9 shape region query size = 0.
[INFO DRT-0033] metal10 shape region query size = 4934.
[INFO DRT-0033] hb_layer shape region query size = 0.
[INFO DRT-0033] metal11 shape region query size = 4934.
[INFO DRT-0033] via11 shape region query size = 0.
[INFO DRT-0033] metal12 shape region query size = 0.
[INFO DRT-0033] via12 shape region query size = 0.
[INFO DRT-0033] metal13 shape region query size = 0.
[INFO DRT-0033] via13 shape region query size = 0.
[INFO DRT-0033] metal14 shape region query size = 0.
[INFO DRT-0033] via14 shape region query size = 0.
[INFO DRT-0033] metal15 shape region query size = 0.
[INFO DRT-0033] via15 shape region query size = 0.
[INFO DRT-0033] metal16 shape region query size = 0.
[INFO DRT-0033] via16 shape region query size = 0.
[INFO DRT-0033] metal17 shape region query size = 4347.
[INFO DRT-0033] via17 shape region query size = 0.
[INFO DRT-0033] metal18 shape region query size = 7560.
[INFO DRT-0033] via18 shape region query size = 0.
[INFO DRT-0033] metal19 shape region query size = 1644766.
[INFO DRT-0033] via19 shape region query size = 0.
[INFO DRT-0033] metal20 shape region query size = 63.
[INFO DRT-0165] Start pin access.
[INFO DRT-0076]   Complete 1000 pins.
[INFO DRT-0076]   Complete 2000 pins.
[INFO DRT-0076]   Complete 3000 pins.
[INFO DRT-0076]   Complete 4000 pins.
[INFO DRT-0076]   Complete 5000 pins.
[INFO DRT-0078]   Complete 5162 pins.
[INFO DRT-0079]   Complete 100 unique inst patterns.
[INFO DRT-0079]   Complete 200 unique inst patterns.
[INFO DRT-0079]   Complete 300 unique inst patterns.
[INFO DRT-0079]   Complete 400 unique inst patterns.
[INFO DRT-0079]   Complete 500 unique inst patterns.
[INFO DRT-0079]   Complete 600 unique inst patterns.
[INFO DRT-0079]   Complete 700 unique inst patterns.
[INFO DRT-0079]   Complete 800 unique inst patterns.
[INFO DRT-0081]   Complete 825 unique inst patterns.
[INFO DRT-0082]   Complete 10000 groups.
[INFO DRT-0082]   Complete 20000 groups.
[INFO DRT-0082]   Complete 30000 groups.
[INFO DRT-0082]   Complete 40000 groups.
[INFO DRT-0084]   Complete 47268 groups.
#scanned instances     = 158876
#unique  instances     = 870
#stdCellGenAp          = 27022
#stdCellValidPlanarAp  = 20075
#stdCellValidViaAp     = 13466
#stdCellPinNoAp        = 0
#stdCellPinCnt         = 602504
#instTermValidViaApCnt = 0
#macroGenAp            = 4142
#macroValidPlanarAp    = 4012
#macroValidViaAp       = 0
#macroNoAp             = 0
[INFO DRT-0166] Complete pin access.
[INFO DRT-0267] cpu time = 02:24:32, elapsed time = 00:01:27, memory = 962.55 (MB), peak = 1010.48 (MB)
[INFO DRT-0156] guideIn read 100000 guides.
[INFO DRT-0156] guideIn read 200000 guides.
[INFO DRT-0156] guideIn read 300000 guides.
[INFO DRT-0156] guideIn read 400000 guides.
[INFO DRT-0156] guideIn read 500000 guides.
[INFO DRT-0156] guideIn read 600000 guides.
[INFO DRT-0156] guideIn read 700000 guides.
[INFO DRT-0156] guideIn read 800000 guides.
[INFO DRT-0156] guideIn read 900000 guides.
[INFO DRT-0156] guideIn read 1000000 guides.

[INFO DRT-0157] Number of guides:     1930923

[INFO DRT-0169] Post process guides.
[INFO DRT-0176] GCELLGRID X 0 DO 476 STEP 4200 ;
[INFO DRT-0177] GCELLGRID Y 0 DO 476 STEP 4200 ;
[INFO DRT-0026]   Complete 100000 origin guides.
[INFO DRT-0026]   Complete 200000 origin guides.
[INFO DRT-0026]   Complete 300000 origin guides.
[INFO DRT-0026]   Complete 400000 origin guides.
[INFO DRT-0026]   Complete 500000 origin guides.
[INFO DRT-0026]   Complete 600000 origin guides.
[INFO DRT-0026]   Complete 700000 origin guides.
[INFO DRT-0026]   Complete 800000 origin guides.
[INFO DRT-0026]   Complete 900000 origin guides.
[INFO DRT-0027]   Complete 1000000 origin guides.
[INFO DRT-0028]   Complete active.
[INFO DRT-0028]   Complete Fr_VIA.
[INFO DRT-0028]   Complete metal1.
[INFO DRT-0028]   Complete via1.
[INFO DRT-0028]   Complete metal2.
[INFO DRT-0028]   Complete via2.
[INFO DRT-0028]   Complete metal3.
[INFO DRT-0028]   Complete via3.
[INFO DRT-0028]   Complete metal4.
[INFO DRT-0028]   Complete via4.
[INFO DRT-0028]   Complete metal5.
[INFO DRT-0028]   Complete via5.
[INFO DRT-0028]   Complete metal6.
[INFO DRT-0028]   Complete via6.
[INFO DRT-0028]   Complete metal7.
[INFO DRT-0028]   Complete via7.
[INFO DRT-0028]   Complete metal8.
[INFO DRT-0028]   Complete via8.
[INFO DRT-0028]   Complete metal9.
[INFO DRT-0028]   Complete via9.
[INFO DRT-0028]   Complete metal10.
[INFO DRT-0028]   Complete hb_layer.
[INFO DRT-0028]   Complete metal11.
[INFO DRT-0028]   Complete via11.
[INFO DRT-0028]   Complete metal12.
[INFO DRT-0028]   Complete via12.
[INFO DRT-0028]   Complete metal13.
[INFO DRT-0028]   Complete via13.
[INFO DRT-0028]   Complete metal14.
[INFO DRT-0028]   Complete via14.
[INFO DRT-0028]   Complete metal15.
[INFO DRT-0028]   Complete via15.
[INFO DRT-0028]   Complete metal16.
[INFO DRT-0028]   Complete via16.
[INFO DRT-0028]   Complete metal17.
[INFO DRT-0028]   Complete via17.
[INFO DRT-0028]   Complete metal18.
[INFO DRT-0028]   Complete via18.
[INFO DRT-0028]   Complete metal19.
[INFO DRT-0028]   Complete via19.
[INFO DRT-0028]   Complete metal20.
  complete 100000 nets.
[INFO DRT-0178] Init guide query.
[INFO DRT-0029]   Complete 100000 nets (guide).
[INFO DRT-0035]   Complete active (guide).
[INFO DRT-0035]   Complete Fr_VIA (guide).
[INFO DRT-0035]   Complete metal1 (guide).
[INFO DRT-0035]   Complete via1 (guide).
[INFO DRT-0035]   Complete metal2 (guide).
[INFO DRT-0035]   Complete via2 (guide).
[INFO DRT-0035]   Complete metal3 (guide).
[INFO DRT-0035]   Complete via3 (guide).
[INFO DRT-0035]   Complete metal4 (guide).
[INFO DRT-0035]   Complete via4 (guide).
[INFO DRT-0035]   Complete metal5 (guide).
[INFO DRT-0035]   Complete via5 (guide).
[INFO DRT-0035]   Complete metal6 (guide).
[INFO DRT-0035]   Complete via6 (guide).
[INFO DRT-0035]   Complete metal7 (guide).
[INFO DRT-0035]   Complete via7 (guide).
[INFO DRT-0035]   Complete metal8 (guide).
[INFO DRT-0035]   Complete via8 (guide).
[INFO DRT-0035]   Complete metal9 (guide).
[INFO DRT-0035]   Complete via9 (guide).
[INFO DRT-0035]   Complete metal10 (guide).
[INFO DRT-0035]   Complete hb_layer (guide).
[INFO DRT-0035]   Complete metal11 (guide).
[INFO DRT-0035]   Complete via11 (guide).
[INFO DRT-0035]   Complete metal12 (guide).
[INFO DRT-0035]   Complete via12 (guide).
[INFO DRT-0035]   Complete metal13 (guide).
[INFO DRT-0035]   Complete via13 (guide).
[INFO DRT-0035]   Complete metal14 (guide).
[INFO DRT-0035]   Complete via14 (guide).
[INFO DRT-0035]   Complete metal15 (guide).
[INFO DRT-0035]   Complete via15 (guide).
[INFO DRT-0035]   Complete metal16 (guide).
[INFO DRT-0035]   Complete via16 (guide).
[INFO DRT-0035]   Complete metal17 (guide).
[INFO DRT-0035]   Complete via17 (guide).
[INFO DRT-0035]   Complete metal18 (guide).
[INFO DRT-0035]   Complete via18 (guide).
[INFO DRT-0035]   Complete metal19 (guide).
[INFO DRT-0035]   Complete via19 (guide).
[INFO DRT-0035]   Complete metal20 (guide).
[INFO DRT-0036] active guide region query size = 0.
[INFO DRT-0036] FR_VIA guide region query size = 0.
[INFO DRT-0036] metal1 guide region query size = 289715.
[INFO DRT-0036] via1 guide region query size = 0.
[INFO DRT-0036] metal2 guide region query size = 214537.
[INFO DRT-0036] via2 guide region query size = 0.
[INFO DRT-0036] metal3 guide region query size = 107143.
[INFO DRT-0036] via3 guide region query size = 0.
[INFO DRT-0036] metal4 guide region query size = 19916.
[INFO DRT-0036] via4 guide region query size = 0.
[INFO DRT-0036] metal5 guide region query size = 15062.
[INFO DRT-0036] via5 guide region query size = 0.
[INFO DRT-0036] metal6 guide region query size = 11869.
[INFO DRT-0036] via6 guide region query size = 0.
[INFO DRT-0036] metal7 guide region query size = 9923.
[INFO DRT-0036] via7 guide region query size = 0.
[INFO DRT-0036] metal8 guide region query size = 9700.
[INFO DRT-0036] via8 guide region query size = 0.
[INFO DRT-0036] metal9 guide region query size = 9512.
[INFO DRT-0036] via9 guide region query size = 0.
[INFO DRT-0036] metal10 guide region query size = 9547.
[INFO DRT-0036] hb_layer guide region query size = 0.
[INFO DRT-0036] metal11 guide region query size = 9601.
[INFO DRT-0036] via11 guide region query size = 0.
[INFO DRT-0036] metal12 guide region query size = 9596.
[INFO DRT-0036] via12 guide region query size = 0.
[INFO DRT-0036] metal13 guide region query size = 9766.
[INFO DRT-0036] via13 guide region query size = 0.
[INFO DRT-0036] metal14 guide region query size = 10053.
[INFO DRT-0036] via14 guide region query size = 0.
[INFO DRT-0036] metal15 guide region query size = 12349.
[INFO DRT-0036] via15 guide region query size = 0.
[INFO DRT-0036] metal16 guide region query size = 14692.
[INFO DRT-0036] via16 guide region query size = 0.
[INFO DRT-0036] metal17 guide region query size = 24552.
[INFO DRT-0036] via17 guide region query size = 0.
[INFO DRT-0036] metal18 guide region query size = 46393.
[INFO DRT-0036] via18 guide region query size = 0.
[INFO DRT-0036] metal19 guide region query size = 189361.
[INFO DRT-0036] via19 guide region query size = 0.
[INFO DRT-0036] metal20 guide region query size = 40644.
[INFO DRT-0179] Init gr pin query.
[INFO DRT-0267] cpu time = 00:06:58, elapsed time = 00:06:15, memory = 1558.93 (MB), peak = 1558.93 (MB)
[INFO DRT-0245] skipped writing guide updates to database.
[INFO DRT-0185] Post process initialize RPin region query.
[INFO DRT-0181] Start track assignment.
[INFO DRT-0184] Done with 386947 vertical wires in 10 frboxes and 676984 horizontal wires in 10 frboxes.
[INFO DRT-0186] Done with 174307 vertical wires in 10 frboxes and 220667 horizontal wires in 10 frboxes.
[INFO DRT-0182] Complete track assignment.
[INFO DRT-0267] cpu time = 00:02:33, elapsed time = 00:00:44, memory = 4580.88 (MB), peak = 4644.60 (MB)
[INFO DRT-0187] Start routing data preparation.
[INFO DRT-0267] cpu time = 00:00:01, elapsed time = 00:00:01, memory = 4613.38 (MB), peak = 4644.60 (MB)
[INFO DRT-0194] Start detail routing.
[INFO DRT-0195] Start 0th optimization iteration.
    Completing 10% with 0 violations.
    elapsed time = 00:00:50, memory = 11622.00 (MB).
    Completing 20% with 0 violations.
    elapsed time = 00:01:39, memory = 12966.20 (MB).
    Completing 30% with 111649 violations.
    elapsed time = 00:02:45, memory = 11521.96 (MB).
    Completing 40% with 111649 violations.
    elapsed time = 00:04:11, memory = 15361.11 (MB).
    Completing 50% with 207931 violations.
    elapsed time = 00:05:39, memory = 12227.84 (MB).
    Completing 60% with 207932 violations.
    elapsed time = 00:06:37, memory = 17114.74 (MB).
    Completing 70% with 207932 violations.
    elapsed time = 00:07:21, memory = 16576.79 (MB).
    Completing 80% with 315343 violations.
    elapsed time = 00:08:51, memory = 13782.99 (MB).
    Completing 90% with 315343 violations.
    elapsed time = 00:10:27, memory = 18426.25 (MB).
    Completing 100% with 408575 violations.
    elapsed time = 00:12:17, memory = 13302.72 (MB).
[INFO DRT-0199]   Number of violations = 447460.
Viol/Layer      metal1   via1 metal2   via2 metal3   via3 metal4   via4 metal5   via5 metal6 metal7   via7 metal8   via8 metal9   via9 me..10 hb..er me..11  via11 me..12  via12 me..13  via13 me..14 me..15  via15 me..16  via16 me..17  via17 me..18  via18 me..19  via19 me..20
Cut Spacing          0     37      0    337      0      2      0    175      0     47      0      0     27      0     14      0    636      0      0      0    486      0      1      0     11      0      0      8      0    203      0     32      0    424      0    614      0
Metal Spacing     2068      0   6858      0    939      0     26      0      3      0      4      8      0      4      0     15      0   2219      0    494      0     95      0    384      0     25    315      0     51      0    913      0   3486      0  83939      0   3693
NS Metal             3      0      1      0      1      0      0      0      0      0      0      0      0      0      0      0      0      0      0      2      0      9      0      3      0      0      0      0      0      0      0      0     67      0     88      0      6
Recheck           1378      0   7865      0   4201      0   1064      0    659      0   1057   1039      0    644      0    687      0    625      0    619      0    708      0    690      0   1066   1117      0    907      0   2839      0   3611      0   5651      0   2458
Short             3155    196  74421     36  19155      1    362      5    108      0    237     29      0     76      0     33      3    148      1    116      0     50      0     59      1     49     89      0    618    112   3742     46   8340    376 122532    752  64954
[INFO DRT-0267] cpu time = 13:27:57, elapsed time = 00:16:09, memory = 13930.54 (MB), peak = 18941.70 (MB)
Total wire length = 4028881 um.
Total wire length on LAYER metal1 = 3284 um.
Total wire length on LAYER metal2 = 724628 um.
Total wire length on LAYER metal3 = 859907 um.
Total wire length on LAYER metal4 = 248466 um.
Total wire length on LAYER metal5 = 254276 um.
Total wire length on LAYER metal6 = 220127 um.
Total wire length on LAYER metal7 = 58439 um.
Total wire length on LAYER metal8 = 40081 um.
Total wire length on LAYER metal9 = 24836 um.
Total wire length on LAYER metal10 = 20650 um.
Total wire length on LAYER metal11 = 12669 um.
Total wire length on LAYER metal12 = 21777 um.
Total wire length on LAYER metal13 = 40950 um.
Total wire length on LAYER metal14 = 54304 um.
Total wire length on LAYER metal15 = 144965 um.
Total wire length on LAYER metal16 = 127826 um.
Total wire length on LAYER metal17 = 319651 um.
Total wire length on LAYER metal18 = 323042 um.
Total wire length on LAYER metal19 = 114263 um.
Total wire length on LAYER metal20 = 414731 um.
Total number of vias = 1446219.
Up-via summary (total 1446219):

-------------------
  active          0
  metal1     343290
  metal2     397552
  metal3      46107
  metal4      17396
  metal5      13000
  metal6       7867
  metal7       7708
  metal8       7346
  metal9       7289
 metal10       2431
 metal11       7330
 metal12       7554
 metal13       7927
 metal14       8223
 metal15      17244
 metal16      17496
 metal17     121458
 metal18     115939
 metal19     293062
-------------------
            1446219


[INFO DRT-0195] Start 1st optimization iteration.
    Completing 10% with 447460 violations.
    elapsed time = 00:00:35, memory = 20550.36 (MB).
    Completing 20% with 447460 violations.
    elapsed time = 00:01:18, memory = 18830.86 (MB).
    Completing 30% with 392715 violations.
    elapsed time = 00:02:24, memory = 14342.23 (MB).
    Completing 40% with 392715 violations.
    elapsed time = 00:03:29, memory = 20092.46 (MB).
    Completing 50% with 330872 violations.
    elapsed time = 00:04:54, memory = 14603.81 (MB).
    Completing 60% with 330872 violations.
    elapsed time = 00:05:27, memory = 21531.32 (MB).
    Completing 70% with 330872 violations.
    elapsed time = 00:06:11, memory = 20167.95 (MB).
    Completing 80% with 275027 violations.
    elapsed time = 00:07:20, memory = 15017.70 (MB).
    Completing 90% with 275027 violations.
    elapsed time = 00:08:27, memory = 20637.57 (MB).
    Completing 100% with 218286 violations.
    elapsed time = 00:09:54, memory = 15165.93 (MB).
[INFO DRT-0199]   Number of violations = 218345.
Viol/Layer      metal1   via1 metal2   via2 metal3   via3 metal4   via4 metal5   via5 metal6   via7 metal8   via8 metal9   via9 me..10 me..11  via11 me..12 me..13  via13 me..14  via14 me..15  via15 me..16  via16 me..17  via17 me..18  via18 me..19  via19 me..20
Cut Spacing          0     35      0    181      0      2      0     62      0     21      0      4      0      1      0    220      0      0    129      0      0      2      0      2      0      5      0    100      0     12      0    113      0    140      0
Metal Spacing      114      0   8535      0    708      0     62      0      1      0      1      0      0      0      5      0   1596    220      0     14    120      0      9      0    250      0     16      0    299      0   1492      0  34800      0   5520
NS Metal             0      0      0      0      0      0      0      0      0      0      0      0      0      0      0      0      5      0      0      2      0      0      0      0      0      0      0      0      1      0      4      0     16      0      2
Recheck              0      0      0      0      0      0      0      0      0      0      0      0      0      0      0      0      3      0      0      0      0      0      3      0      6      0      1      0      0      0      4      0     40      0      2
Short              161      0  46543      3  10481      0    202      0     53      0     37      0      5      0      7      0     16     21      0      5      4      0      4      0    209      0    465    125   1111      5   5738     18  33508     19  64725
[INFO DRT-0267] cpu time = 09:59:02, elapsed time = 00:12:58, memory = 15165.93 (MB), peak = 21899.04 (MB)
Total wire length = 4002755 um.
Total wire length on LAYER metal1 = 2463 um.
Total wire length on LAYER metal2 = 703518 um.
Total wire length on LAYER metal3 = 854458 um.
Total wire length on LAYER metal4 = 259251 um.
Total wire length on LAYER metal5 = 255423 um.
Total wire length on LAYER metal6 = 221197 um.
Total wire length on LAYER metal7 = 58293 um.
Total wire length on LAYER metal8 = 40081 um.
Total wire length on LAYER metal9 = 24843 um.
Total wire length on LAYER metal10 = 20186 um.
Total wire length on LAYER metal11 = 11452 um.
Total wire length on LAYER metal12 = 20642 um.
Total wire length on LAYER metal13 = 40524 um.
Total wire length on LAYER metal14 = 54781 um.
Total wire length on LAYER metal15 = 149730 um.
Total wire length on LAYER metal16 = 130551 um.
Total wire length on LAYER metal17 = 329220 um.
Total wire length on LAYER metal18 = 322962 um.
Total wire length on LAYER metal19 = 97121 um.
Total wire length on LAYER metal20 = 406048 um.
Total number of vias = 1425681.
Up-via summary (total 1425681):

-------------------
  active          0
  metal1     341958
  metal2     392648
  metal3      48941
  metal4      18166
  metal5      13523
  metal6       7748
  metal7       7587
  metal8       7214
  metal9       7164
 metal10       2307
 metal11       7217
 metal12       7347
 metal13       7644
 metal14       8099
 metal15      18581
 metal16      18687
 metal17     116638
 metal18     105958
 metal19     288254
-------------------
            1425681


[INFO DRT-0195] Start 2nd optimization iteration.
    Completing 10% with 218345 violations.
    elapsed time = 00:00:30, memory = 21371.72 (MB).
    Completing 20% with 218345 violations.
    elapsed time = 00:01:09, memory = 19643.84 (MB).
    Completing 30% with 213216 violations.
    elapsed time = 00:02:23, memory = 15149.56 (MB).
    Completing 40% with 213216 violations.
    elapsed time = 00:03:25, memory = 21222.87 (MB).
    Completing 50% with 208489 violations.
    elapsed time = 00:04:56, memory = 15300.44 (MB).
    Completing 60% with 208490 violations.
    elapsed time = 00:05:26, memory = 21818.20 (MB).
    Completing 70% with 208490 violations.
    elapsed time = 00:06:04, memory = 20616.01 (MB).
    Completing 80% with 204772 violations.
    elapsed time = 00:07:20, memory = 15446.32 (MB).
    Completing 90% with 204772 violations.
    elapsed time = 00:08:29, memory = 21492.43 (MB).
    Completing 100% with 198259 violations.
    elapsed time = 00:09:50, memory = 15583.02 (MB).
[INFO DRT-0199]   Number of violations = 198265.
Viol/Layer      metal1   via1 metal2   via2 metal3   via3 metal4   via4 metal5   via5 metal6   via7 metal8   via8 metal9   via9 me..10 me..11  via11 me..12 me..13  via13 me..14 me..15  via15 me..16  via16 me..17  via17 me..18  via18 me..19  via19 me..20
Cut Spacing          0     38      0    168      0      1      0     33      0     29      0      3      0      2      0    150      0      0     94      0      0      2      0      0      6      0    103      0     11      0     85      0    107      0
Metal Spacing       98      0   7652      0    595      0     96      0      0      0      4      0      3      0      3      0   1436    121      0      9    118      0      8    254      0     10      0    353      0   1416      0  33222      0   4981
NS Metal             0      0      0      0      1      0      0      0      0      0      0      0      0      0      0      0      0      0      0      2      0      0      0      0      0      0      0      2      0      1      0     63      0      0
Recheck              0      0      4      0      2      0      0      0      0      0      0      0      0      0      0      0      3      0      0      0      0      0      0      0      0      0      0      0      0      0      0      0      0      0
Short              114      0  42200      5   9711      0    225      0     31      0     27      0      3      0      2      0      8      0      0      2      8      0      6    262      0    258     50    725     14   4678     14  31603      6  57024
[INFO DRT-0267] cpu time = 09:25:48, elapsed time = 00:13:02, memory = 15455.43 (MB), peak = 22758.14 (MB)
Total wire length = 3992876 um.
Total wire length on LAYER metal1 = 2370 um.
Total wire length on LAYER metal2 = 699330 um.
Total wire length on LAYER metal3 = 852798 um.
Total wire length on LAYER metal4 = 260590 um.
Total wire length on LAYER metal5 = 255316 um.
Total wire length on LAYER metal6 = 221933 um.
Total wire length on LAYER metal7 = 58137 um.
Total wire length on LAYER metal8 = 39891 um.
Total wire length on LAYER metal9 = 24443 um.
Total wire length on LAYER metal10 = 20028 um.
Total wire length on LAYER metal11 = 10743 um.
Total wire length on LAYER metal12 = 19768 um.
Total wire length on LAYER metal13 = 39948 um.
Total wire length on LAYER metal14 = 54985 um.
Total wire length on LAYER metal15 = 151000 um.
Total wire length on LAYER metal16 = 131937 um.
Total wire length on LAYER metal17 = 328456 um.
Total wire length on LAYER metal18 = 323331 um.
Total wire length on LAYER metal19 = 95909 um.
Total wire length on LAYER metal20 = 401954 um.
Total number of vias = 1419929.
Up-via summary (total 1419929):

-------------------
  active          0
  metal1     342069
  metal2     390393
  metal3      48806
  metal4      18327
  metal5      13630
  metal6       7672
  metal7       7500
  metal8       7130
  metal9       7090
 metal10       2220
 metal11       7124
 metal12       7198
 metal13       7484
 metal14       8016
 metal15      18804
 metal16      18726
 metal17     115085
 metal18     104980
 metal19     287675
-------------------
            1419929


[INFO DRT-0195] Start 3rd optimization iteration.
    Completing 10% with 198265 violations.
    elapsed time = 00:00:27, memory = 22352.54 (MB).
    Completing 20% with 198265 violations.
    elapsed time = 00:00:57, memory = 21035.20 (MB).
    Completing 30% with 166833 violations.
    elapsed time = 00:02:46, memory = 15585.68 (MB).
    Completing 40% with 166833 violations.
    elapsed time = 00:03:36, memory = 21859.06 (MB).
    Completing 50% with 133421 violations.
    elapsed time = 00:06:15, memory = 15673.31 (MB).
    Completing 60% with 133421 violations.
    elapsed time = 00:06:43, memory = 22554.00 (MB).
    Completing 70% with 133421 violations.
    elapsed time = 00:07:10, memory = 22059.80 (MB).
    Completing 80% with 100434 violations.
    elapsed time = 00:08:26, memory = 15783.28 (MB).
    Completing 90% with 100434 violations.
    elapsed time = 00:09:17, memory = 21944.14 (MB).
    Completing 100% with 68189 violations.
    elapsed time = 00:11:20, memory = 15816.86 (MB).
[INFO DRT-0199]   Number of violations = 68235.
Viol/Layer      metal1   via1 metal2   via2 metal3   via3 metal4   via4 metal5   via5   via7 metal8 metal9   via9 me..10 me..11  via11 me..12 me..13 me..15  via15 me..16  via16 me..17  via17 me..18  via18 me..19  via19 me..20
Cut Spacing          0      9      0     45      0      1      0     11      0      2      2      0      0     53      0      0     37      0      0      0      1      0     30      0      3      0     32      0     65      0
Metal Spacing       39      0   1639      0    221      0     58      0      3      0      0      0      5      0    481     33      0      5     16    110      0      4      0     84      0    808      0  10951      0   4417
NS Metal             0      0      2      0      2      0      0      0      0      0      0      0      0      0      0      0      0      0      0      0      0      0      0      4      0      5      0     22      0      3
Recheck              0      0      0      0      5      0      0      0      0      0      0      0      0      0      0      0      0      0      0      0      0      0      0      0      0      0      0     37      0      4
Short               39      0   7138      9   1939      0     50      0     47      0      0      1      1      1      3      0      0      1      0    124      0    105      3    249      0   2128     17   6828     13  30290
[INFO DRT-0267] cpu time = 08:04:03, elapsed time = 00:14:25, memory = 15783.41 (MB), peak = 22771.40 (MB)
Total wire length = 4010682 um.
Total wire length on LAYER metal1 = 2021 um.
Total wire length on LAYER metal2 = 639891 um.
Total wire length on LAYER metal3 = 845400 um.
Total wire length on LAYER metal4 = 307460 um.
Total wire length on LAYER metal5 = 265812 um.
Total wire length on LAYER metal6 = 229434 um.
Total wire length on LAYER metal7 = 59200 um.
Total wire length on LAYER metal8 = 39535 um.
Total wire length on LAYER metal9 = 23129 um.
Total wire length on LAYER metal10 = 20031 um.
Total wire length on LAYER metal11 = 10432 um.
Total wire length on LAYER metal12 = 19688 um.
Total wire length on LAYER metal13 = 39825 um.
Total wire length on LAYER metal14 = 55523 um.
Total wire length on LAYER metal15 = 154987 um.
Total wire length on LAYER metal16 = 141217 um.
Total wire length on LAYER metal17 = 343656 um.
Total wire length on LAYER metal18 = 344010 um.
Total wire length on LAYER metal19 = 91345 um.
Total wire length on LAYER metal20 = 378079 um.
Total number of vias = 1500289.
Up-via summary (total 1500289):

-------------------
  active          0
  metal1     341171
  metal2     398930
  metal3      64374
  metal4      22296
  metal5      15166
  metal6       7684
  metal7       7499
  metal8       7129
  metal9       7081
 metal10       2212
 metal11       7127
 metal12       7195
 metal13       7506
 metal14       8062
 metal15      19864
 metal16      20917
 metal17     128725
 metal18     119172
 metal19     308179
-------------------
            1500289


[INFO DRT-0195] Start 4th optimization iteration.
    Completing 10% with 68235 violations.
    elapsed time = 00:00:12, memory = 22455.14 (MB).
    Completing 20% with 68235 violations.
    elapsed time = 00:00:29, memory = 20423.85 (MB).
    Completing 30% with 61168 violations.
    elapsed time = 00:01:39, memory = 15838.33 (MB).
    Completing 40% with 61168 violations.
    elapsed time = 00:02:03, memory = 22553.86 (MB).
    Completing 50% with 53968 violations.
    elapsed time = 00:04:40, memory = 15913.66 (MB).
    Completing 60% with 53968 violations.
    elapsed time = 00:04:50, memory = 22165.86 (MB).
    Completing 70% with 53968 violations.
    elapsed time = 00:05:08, memory = 22175.10 (MB).
    Completing 80% with 47617 violations.
    elapsed time = 00:06:02, memory = 15936.16 (MB).
    Completing 90% with 47617 violations.
    elapsed time = 00:06:30, memory = 22378.98 (MB).
    Completing 100% with 40498 violations.
    elapsed time = 00:08:12, memory = 16044.28 (MB).
[INFO DRT-0199]   Number of violations = 40528.
Viol/Layer      metal1   via1 metal2   via2 metal3 metal4   via4   via5 metal9   via9 me..10 me..11  via11 me..12 me..13 me..15 me..16  via16 me..17  via17 me..18  via18 me..19  via19 me..20
Cut Spacing          0      5      0     17      0      0      6      1      0     35      0      0     21      0      0      0      0     24      0      3      0     25      0     48      0
Metal Spacing       17      0    512      0    109      8      0      0      5      0    217     23      0      4      6     92      2      0     65      0    536      0   6997      0   2753
NS Metal             0      0      1      0      1      0      0      0      0      0      0      0      0      0      0      0      0      0      2      0      6      0     32      0      3
Recheck              0      0      1      0      3      0      0      0      0      0      0      0      0      0      0      0      0      0      0      0      0      0     27      0      0
Short               14      0   2178      2    885      9      0      0      1      1      1      0      0      1      0     94    112      2    231      2   1477      8   4097      3  19803
[INFO DRT-0267] cpu time = 04:31:12, elapsed time = 00:11:25, memory = 15974.21 (MB), peak = 23039.81 (MB)
Total wire length = 4013293 um.
Total wire length on LAYER metal1 = 2004 um.
Total wire length on LAYER metal2 = 635859 um.
Total wire length on LAYER metal3 = 844337 um.
Total wire length on LAYER metal4 = 309451 um.
Total wire length on LAYER metal5 = 267097 um.
Total wire length on LAYER metal6 = 231121 um.
Total wire length on LAYER metal7 = 59347 um.
Total wire length on LAYER metal8 = 39478 um.
Total wire length on LAYER metal9 = 22963 um.
Total wire length on LAYER metal10 = 20026 um.
Total wire length on LAYER metal11 = 10384 um.
Total wire length on LAYER metal12 = 19744 um.
Total wire length on LAYER metal13 = 39848 um.
Total wire length on LAYER metal14 = 55591 um.
Total wire length on LAYER metal15 = 156058 um.
Total wire length on LAYER metal16 = 143969 um.
Total wire length on LAYER metal17 = 345520 um.
Total wire length on LAYER metal18 = 348751 um.
Total wire length on LAYER metal19 = 90793 um.
Total wire length on LAYER metal20 = 370942 um.
Total number of vias = 1508106.
Up-via summary (total 1508106):

-------------------
  active          0
  metal1     341139
  metal2     399298
  metal3      64956
  metal4      22665
  metal5      15441
  metal6       7685
  metal7       7494
  metal8       7125
  metal9       7081
 metal10       2213
 metal11       7133
 metal12       7203
 metal13       7521
 metal14       8057
 metal15      20149
 metal16      21394
 metal17     130772
 metal18     120943
 metal19     309837
-------------------
            1508106


[INFO DRT-0195] Start 5th optimization iteration.
    Completing 10% with 40528 violations.
    elapsed time = 00:00:07, memory = 22665.45 (MB).
    Completing 20% with 40528 violations.
    elapsed time = 00:00:23, memory = 20966.13 (MB).
    Completing 30% with 38013 violations.
    elapsed time = 00:01:37, memory = 15975.64 (MB).
    Completing 40% with 38013 violations.
    elapsed time = 00:01:52, memory = 22514.89 (MB).
    Completing 50% with 34604 violations.
    elapsed time = 00:04:16, memory = 16040.41 (MB).
    Completing 60% with 34604 violations.
    elapsed time = 00:04:22, memory = 22510.04 (MB).
    Completing 70% with 34604 violations.
    elapsed time = 00:04:36, memory = 22678.48 (MB).
    Completing 80% with 31416 violations.
    elapsed time = 00:05:59, memory = 16046.57 (MB).
    Completing 90% with 31416 violations.
    elapsed time = 00:06:14, memory = 22346.36 (MB).
    Completing 100% with 27925 violations.
    elapsed time = 00:08:05, memory = 16084.69 (MB).
[INFO DRT-0199]   Number of violations = 27945.
Viol/Layer      metal1   via1 metal2   via2 metal3 metal4 metal5   via5 metal6 metal9   via9 me..10 me..11  via11 me..12 me..13 me..14 me..15  via15 me..16  via16 me..17  via17 me..18  via18 me..19  via19 me..20
Cut Spacing          0      3      0      4      0      0      0      1      0      0     14      0      0     10      0      0      0      0      2      0     16      0      2      0     21      0     31      0
Metal Spacing        8      0    212      0     42      1      0      0      0      1      0    107     15      0      2      1      1     50      0      7      0     51      0    386      0   4934      0   2012
NS Metal             0      0      0      0      0      0      0      0      0      0      0      0      0      0      0      0      0      0      0      0      0      2      0      4      0     10      0      4
Recheck              0      0      0      0      0      0      0      0      0      0      0      0      0      0      0      0      0      0      0      0      0      0      0      0      0     31      0      0
Short                6      0    774      1    274      3      2      0      1      0      0      0      0      0      0      1      2    101      1    101      0    213      1   1149      6   2768      3  14553
[INFO DRT-0267] cpu time = 03:21:00, elapsed time = 00:11:11, memory = 16004.82 (MB), peak = 23081.02 (MB)
Total wire length = 4014189 um.
Total wire length on LAYER metal1 = 1993 um.
Total wire length on LAYER metal2 = 634682 um.
Total wire length on LAYER metal3 = 843960 um.
Total wire length on LAYER metal4 = 309859 um.
Total wire length on LAYER metal5 = 267476 um.
Total wire length on LAYER metal6 = 231839 um.
Total wire length on LAYER metal7 = 59466 um.
Total wire length on LAYER metal8 = 39465 um.
Total wire length on LAYER metal9 = 22883 um.
Total wire length on LAYER metal10 = 20032 um.
Total wire length on LAYER metal11 = 10423 um.
Total wire length on LAYER metal12 = 19665 um.
Total wire length on LAYER metal13 = 39813 um.
Total wire length on LAYER metal14 = 55692 um.
Total wire length on LAYER metal15 = 156757 um.
Total wire length on LAYER metal16 = 145961 um.
Total wire length on LAYER metal17 = 346117 um.
Total wire length on LAYER metal18 = 350617 um.
Total wire length on LAYER metal19 = 90571 um.
Total wire length on LAYER metal20 = 366908 um.
Total number of vias = 1510846.
Up-via summary (total 1510846):

-------------------
  active          0
  metal1     341097
  metal2     399320
  metal3      65084
  metal4      22840
  metal5      15586
  metal6       7682
  metal7       7490
  metal8       7120
  metal9       7078
 metal10       2208
 metal11       7128
 metal12       7198
 metal13       7512
 metal14       8058
 metal15      20297
 metal16      21738
 metal17     131440
 metal18     121492
 metal19     310478
-------------------
            1510846


[INFO DRT-0198] Complete detail routing.
Total wire length = 4014189 um.
Total wire length on LAYER metal1 = 1993 um.
Total wire length on LAYER metal2 = 634682 um.
Total wire length on LAYER metal3 = 843960 um.
Total wire length on LAYER metal4 = 309859 um.
Total wire length on LAYER metal5 = 267476 um.
Total wire length on LAYER metal6 = 231839 um.
Total wire length on LAYER metal7 = 59466 um.
Total wire length on LAYER metal8 = 39465 um.
Total wire length on LAYER metal9 = 22883 um.
Total wire length on LAYER metal10 = 20032 um.
Total wire length on LAYER metal11 = 10423 um.
Total wire length on LAYER metal12 = 19665 um.
Total wire length on LAYER metal13 = 39813 um.
Total wire length on LAYER metal14 = 55692 um.
Total wire length on LAYER metal15 = 156757 um.
Total wire length on LAYER metal16 = 145961 um.
Total wire length on LAYER metal17 = 346117 um.
Total wire length on LAYER metal18 = 350617 um.
Total wire length on LAYER metal19 = 90571 um.
Total wire length on LAYER metal20 = 366908 um.
Total number of vias = 1510846.
Up-via summary (total 1510846):

-------------------
  active          0
  metal1     341097
  metal2     399320
  metal3      65084
  metal4      22840
  metal5      15586
  metal6       7682
  metal7       7490
  metal8       7120
  metal9       7078
 metal10       2208
 metal11       7128
 metal12       7198
 metal13       7512
 metal14       8058
 metal15      20297
 metal16      21738
 metal17     131440
 metal18     121492
 metal19     310478
-------------------
            1510846


[INFO DRT-0267] cpu time = 48:49:11, elapsed time = 01:19:19, memory = 16004.82 (MB), peak = 23081.02 (MB)

[INFO DRT-0180] Post processing.
Elapsed time: 1:28:05[h:]min:sec. CPU time: user 184647.76 sys 366.96 (3500%). Peak memory: 23634960KB.
