OpenROAD v2.0-17198-g8396d0866 
Features included (+) or not (-): +Charts +GPU +GUI +Python : None
This program is licensed under the BSD-3 license. See the LICENSE file for details.
Components of this program may be licensed under more restrictive licenses which must be honored.
[WARNING STA-0101] object 'reset_i' not found.
[WARNING STA-0472] no valid objects specified for -through
[WARNING STA-0101] object 'reset_l' not found.
[WARNING STA-0472] no valid objects specified for -through
[WARNING STA-0101] object 'p_clk_async_reset_i' not found.
[WARNING STA-0472] no valid objects specified for -through
[WARNING ODB-0378] Global connections are not set up.
[INFO] Deleted 0 routing obstructions
[INFO RCX-0431] Defined process_corner X with ext_model_index 0
[INFO RCX-0029] Defined extraction corner X
[INFO RCX-0435] Reading extraction model file /workspace/OpenROAD-3D/flow/platforms/nangate45_3D/nangate45_3D.rules ...
[INFO RCX-0436] RC segment generation ariane (max_merge_res 50.0) ...
[WARNING RCX-0111] Net 430 hart_id_i[12] has a loop at x=933850 y=1188550 , on iterm input147/A.
[WARNING RCX-0111] Net 443 hart_id_i[24] has a loop at x=908390 y=1241730 , on iterm input160/A.
[WARNING RCX-0111] Net 443 hart_id_i[24] has a loop at x=908390 y=1241660 , on iterm input160/A.
[WARNING RCX-0111] Net 452 hart_id_i[32] has a loop at x=843030 y=1182960 , on iterm input169/A.
[WARNING RCX-0111] Net 456 hart_id_i[36] has a loop at x=918270 y=1112930 , on iterm input173/A.
[WARNING RCX-0111] Net 456 hart_id_i[36] has a loop at x=918270 y=1112860 , on iterm input173/A.
[WARNING RCX-0111] Net 458 hart_id_i[38] has a loop at x=904970 y=1012130 , on iterm input175/A.
[WARNING RCX-0111] Net 458 hart_id_i[38] has a loop at x=904970 y=1012060 , on iterm input175/A.
[WARNING RCX-0111] Net 459 hart_id_i[39] has a loop at x=933470 y=1079330 , on iterm input176/A.
[WARNING RCX-0111] Net 459 hart_id_i[39] has a loop at x=933470 y=1079260 , on iterm input176/A.
[WARNING RCX-0111] Net 463 hart_id_i[42] has a loop at x=916380 y=1090460 , on iterm input180/A.
[WARNING RCX-0111] Net 463 hart_id_i[42] has a loop at x=916380 y=1090420 , on iterm input180/A.
[WARNING RCX-0111] Net 463 hart_id_i[42] has a loop at x=916370 y=1090420 , on iterm input180/A.
[WARNING RCX-0111] Net 463 hart_id_i[42] has a loop at x=916370 y=1090320 , on iterm input180/A.
[INFO RCX-0040] Final 746230 rc segments
[INFO RCX-0439] Coupling Cap extraction ariane ...
[INFO RCX-0440] Coupling threshhold is 0.1000 fF, coupling capacitance less than 0.1000 fF will be grounded.
[INFO RCX-0442] 14% of 1843153 wires extracted
[INFO RCX-0442] 30% of 1843153 wires extracted
[INFO RCX-0442] 41% of 1843153 wires extracted
[INFO RCX-0442] 47% of 1843153 wires extracted
[INFO RCX-0442] 55% of 1843153 wires extracted
[INFO RCX-0442] 75% of 1843153 wires extracted
[INFO RCX-0442] 89% of 1843153 wires extracted
[INFO RCX-0442] 98% of 1843153 wires extracted
[INFO RCX-0442] 100% of 1843153 wires extracted
[INFO RCX-0045] Extract 189805 nets, 912839 rsegs, 912839 caps, 1965668 ccs
[INFO RCX-0042] 100000 nets finished
[INFO RCX-0443] 189807 nets finished
[WARNING STA-1650] ./results/nangate45_3D/ariane133/HBT/6_final.spef line 349267, net i_cache_subsystem/_0998_ not found.
[WARNING STA-1650] ./results/nangate45_3D/ariane133/HBT/6_final.spef line 349269, net i_cache_subsystem/_0300_ not found.
[WARNING STA-1650] ./results/nangate45_3D/ariane133/HBT/6_final.spef line 349271, net ex_stage_i/lsu_i/i_mmu/_1475_ not found.
[WARNING STA-1650] ./results/nangate45_3D/ariane133/HBT/6_final.spef line 349272, net ex_stage_i/lsu_i/i_mmu/i_dtlb/_08511_ not found.
[WARNING STA-1650] ./results/nangate45_3D/ariane133/HBT/6_final.spef line 349273, net ex_stage_i/lsu_i/i_mmu/i_dtlb/_08711_ not found.
[WARNING STA-1650] ./results/nangate45_3D/ariane133/HBT/6_final.spef line 349274, net ex_stage_i/lsu_i/i_mmu/i_itlb/_07820_ not found.
[WARNING STA-1650] ./results/nangate45_3D/ariane133/HBT/6_final.spef line 349275, net ex_stage_i/lsu_i/i_mmu/i_itlb/_11593_ not found.
[WARNING STA-1650] ./results/nangate45_3D/ariane133/HBT/6_final.spef line 349276, net i_cache_subsystem/i_nbdcache/i_miss_handler/_22358_ not found.
[WARNING STA-1650] ./results/nangate45_3D/ariane133/HBT/6_final.spef line 349281, net ex_stage_i/lsu_i/i_mmu/i_dtlb/_02096_ not found.
[WARNING STA-1650] ./results/nangate45_3D/ariane133/HBT/6_final.spef line 349282, net ex_stage_i/lsu_i/i_mmu/i_dtlb/_02096_ not found.
[WARNING STA-1650] ./results/nangate45_3D/ariane133/HBT/6_final.spef line 349283, net ex_stage_i/lsu_i/i_mmu/i_dtlb/_02424_ not found.
[WARNING STA-1650] ./results/nangate45_3D/ariane133/HBT/6_final.spef line 349284, net ex_stage_i/lsu_i/i_mmu/i_dtlb/_02486_ not found.
[WARNING STA-1650] ./results/nangate45_3D/ariane133/HBT/6_final.spef line 349285, net ex_stage_i/lsu_i/i_mmu/i_itlb/_02337_ not found.
[WARNING STA-1650] ./results/nangate45_3D/ariane133/HBT/6_final.spef line 349286, net ex_stage_i/lsu_i/i_mmu/i_itlb/_02450_ not found.
[WARNING STA-1650] ./results/nangate45_3D/ariane133/HBT/6_final.spef line 349287, net ex_stage_i/lsu_i/i_mmu/i_itlb/_02454_ not found.
[WARNING STA-1650] ./results/nangate45_3D/ariane133/HBT/6_final.spef line 349288, net ex_stage_i/lsu_i/i_mmu/i_ptw.dtlb_update_o\[85\] not found.
[WARNING STA-1650] ./results/nangate45_3D/ariane133/HBT/6_final.spef line 349289, net ex_stage_i/lsu_i/i_mmu/i_ptw.dtlb_update_o\[85\] not found.
[WARNING STA-1650] ./results/nangate45_3D/ariane133/HBT/6_final.spef line 349290, net ex_stage_i/lsu_i/i_mmu/i_ptw.dtlb_update_o\[89\] not found.
[WARNING STA-1650] ./results/nangate45_3D/ariane133/HBT/6_final.spef line 349291, net ex_stage_i/lsu_i/mmu_vaddr\[32\] not found.
[WARNING STA-1650] ./results/nangate45_3D/ariane133/HBT/6_final.spef line 349292, net ex_stage_i/lsu_i/mmu_vaddr\[32\] not found.
[WARNING STA-1650] ./results/nangate45_3D/ariane133/HBT/6_final.spef line 349293, net ex_stage_i/lsu_i/mmu_vaddr\[32\] not found.
[WARNING STA-1650] ./results/nangate45_3D/ariane133/HBT/6_final.spef line 349294, net ex_stage_i/lsu_i/mmu_vaddr\[33\] not found.
[WARNING STA-1650] ./results/nangate45_3D/ariane133/HBT/6_final.spef line 349295, net i_cache_subsystem/i_nbdcache/i_miss_handler/_01419_ not found.
[WARNING STA-1650] ./results/nangate45_3D/ariane133/HBT/6_final.spef line 349296, net i_cache_subsystem/i_nbdcache/i_miss_handler/_01419_ not found.
[WARNING STA-1650] ./results/nangate45_3D/ariane133/HBT/6_final.spef line 349297, net i_cache_subsystem/i_nbdcache/i_miss_handler/_01548_ not found.
[WARNING STA-1650] ./results/nangate45_3D/ariane133/HBT/6_final.spef line 349333, net i_cache_subsystem/i_nbdcache/i_miss_handler/_08083_ not found.
[WARNING STA-1650] ./results/nangate45_3D/ariane133/HBT/6_final.spef line 349363, net i_cache_subsystem/i_nbdcache/i_miss_handler/_15549_ not found.
[WARNING STA-1650] ./results/nangate45_3D/ariane133/HBT/6_final.spef line 349369, net i_cache_subsystem/i_nbdcache/i_miss_handler/_09554_ not found.
[WARNING STA-1650] ./results/nangate45_3D/ariane133/HBT/6_final.spef line 349371, net i_cache_subsystem/i_nbdcache/i_miss_handler/_22268_ not found.
[WARNING STA-1650] ./results/nangate45_3D/ariane133/HBT/6_final.spef line 349400, net ex_stage_i/lsu_i/i_store_unit/i_amo_buffer.data_i\[45\] not found.
[WARNING STA-1650] ./results/nangate45_3D/ariane133/HBT/6_final.spef line 349401, net ex_stage_i/lsu_i/i_store_unit/i_amo_buffer.data_i\[54\] not found.
[WARNING STA-1650] ./results/nangate45_3D/ariane133/HBT/6_final.spef line 349402, net ex_stage_i/lsu_i/i_store_unit/i_amo_buffer.data_i\[54\] not found.
[WARNING STA-1650] ./results/nangate45_3D/ariane133/HBT/6_final.spef line 349403, net i_cache_subsystem/_0314_ not found.
[WARNING STA-1650] ./results/nangate45_3D/ariane133/HBT/6_final.spef line 349405, net issue_stage_i/i_scoreboard/_58377_ not found.
[WARNING STA-1650] ./results/nangate45_3D/ariane133/HBT/6_final.spef line 349407, net issue_stage_i/i_scoreboard/_23632_ not found.
[WARNING STA-1650] ./results/nangate45_3D/ariane133/HBT/6_final.spef line 349408, net issue_stage_i/i_scoreboard/_23651_ not found.
[WARNING STA-1650] ./results/nangate45_3D/ariane133/HBT/6_final.spef line 349409, net issue_stage_i/i_scoreboard/_23652_ not found.
[WARNING STA-1650] ./results/nangate45_3D/ariane133/HBT/6_final.spef line 349410, net issue_stage_i/i_scoreboard/_23652_ not found.
[WARNING STA-1650] ./results/nangate45_3D/ariane133/HBT/6_final.spef line 349411, net issue_stage_i/rs1_sb_iro\[30\] not found.
[WARNING STA-1650] ./results/nangate45_3D/ariane133/HBT/6_final.spef line 349416, net issue_stage_i/i_scoreboard/_36878_ not found.
[WARNING STA-1650] ./results/nangate45_3D/ariane133/HBT/6_final.spef line 349419, net issue_stage_i/i_scoreboard/_16273_ not found.
[WARNING STA-1650] ./results/nangate45_3D/ariane133/HBT/6_final.spef line 349420, net issue_stage_i/i_scoreboard/_16273_ not found.
[WARNING STA-1650] ./results/nangate45_3D/ariane133/HBT/6_final.spef line 349421, net issue_stage_i/i_scoreboard/_23646_ not found.
[WARNING STA-1650] ./results/nangate45_3D/ariane133/HBT/6_final.spef line 349422, net issue_stage_i/i_scoreboard/_23652_ not found.
[WARNING STA-1650] ./results/nangate45_3D/ariane133/HBT/6_final.spef line 349423, net issue_stage_i/i_scoreboard/_23677_ not found.
[WARNING STA-1650] ./results/nangate45_3D/ariane133/HBT/6_final.spef line 349424, net issue_stage_i/i_scoreboard/_24752_ not found.
[WARNING STA-1650] ./results/nangate45_3D/ariane133/HBT/6_final.spef line 349425, net issue_stage_i/i_scoreboard/_24877_ not found.
[WARNING STA-1650] ./results/nangate45_3D/ariane133/HBT/6_final.spef line 349426, net issue_stage_i/rs1_sb_iro\[30\] not found.
[WARNING STA-1650] ./results/nangate45_3D/ariane133/HBT/6_final.spef line 349427, net issue_stage_i/rs2_sb_iro\[38\] not found.
[WARNING STA-1650] ./results/nangate45_3D/ariane133/HBT/6_final.spef line 349428, net issue_stage_i/rs2_sb_iro\[38\] not found.
[WARNING STA-1650] ./results/nangate45_3D/ariane133/HBT/6_final.spef line 349429, net issue_stage_i/rs2_sb_iro\[38\] not found.
[WARNING STA-1650] ./results/nangate45_3D/ariane133/HBT/6_final.spef line 349463, net i_cache_subsystem/_1032_ not found.
[WARNING STA-1650] ./results/nangate45_3D/ariane133/HBT/6_final.spef line 349464, net i_cache_subsystem/i_nbdcache/_6763_ not found.
[WARNING STA-1650] ./results/nangate45_3D/ariane133/HBT/6_final.spef line 349465, net i_cache_subsystem/i_nbdcache/i_miss_handler/_15586_ not found.
[WARNING STA-1650] ./results/nangate45_3D/ariane133/HBT/6_final.spef line 349473, net i_cache_subsystem/_0314_ not found.
[WARNING STA-1650] ./results/nangate45_3D/ariane133/HBT/6_final.spef line 349474, net i_cache_subsystem/_0314_ not found.
[WARNING STA-1650] ./results/nangate45_3D/ariane133/HBT/6_final.spef line 349475, net i_cache_subsystem/_0338_ not found.
[WARNING STA-1650] ./results/nangate45_3D/ariane133/HBT/6_final.spef line 349476, net i_cache_subsystem/_0404_ not found.
[WARNING STA-1650] ./results/nangate45_3D/ariane133/HBT/6_final.spef line 349477, net i_cache_subsystem/axi_req_data\[117\] not found.
[WARNING STA-1650] ./results/nangate45_3D/ariane133/HBT/6_final.spef line 349478, net i_cache_subsystem/i_nbdcache/i_miss_handler/_01005_ not found.
[WARNING STA-1650] ./results/nangate45_3D/ariane133/HBT/6_final.spef line 349479, net i_cache_subsystem/i_nbdcache/i_miss_handler/_07351_ not found.
[WARNING STA-1650] ./results/nangate45_3D/ariane133/HBT/6_final.spef line 349480, net i_cache_subsystem/i_nbdcache/i_miss_handler/_08615_ not found.
[WARNING STA-1650] ./results/nangate45_3D/ariane133/HBT/6_final.spef line 349481, net i_cache_subsystem/i_nbdcache/i_miss_handler/_09686_ not found.
[WARNING STA-1650] ./results/nangate45_3D/ariane133/HBT/6_final.spef line 349490, net i_cache_subsystem/i_nbdcache/i_miss_handler/evict_cl_q_data__109_ not found.
[WARNING STA-1650] ./results/nangate45_3D/ariane133/HBT/6_final.spef line 349491, net i_cache_subsystem/i_nbdcache/i_miss_handler/evict_cl_q_data__110_ not found.
[WARNING STA-1650] ./results/nangate45_3D/ariane133/HBT/6_final.spef line 349492, net i_cache_subsystem/i_nbdcache/i_miss_handler/evict_cl_q_data__82_ not found.
[WARNING STA-1650] ./results/nangate45_3D/ariane133/HBT/6_final.spef line 349500, net i_cache_subsystem/i_nbdcache/i_miss_handler/_03328_ not found.
[WARNING STA-1650] ./results/nangate45_3D/ariane133/HBT/6_final.spef line 349501, net i_cache_subsystem/i_nbdcache/i_miss_handler/evict_cl_q_data__82_ not found.
[WARNING STA-1650] ./results/nangate45_3D/ariane133/HBT/6_final.spef line 349502, net i_cache_subsystem/i_nbdcache/i_miss_handler/evict_cl_q_data__82_ not found.
[WARNING STA-1650] ./results/nangate45_3D/ariane133/HBT/6_final.spef line 349505, net i_cache_subsystem/i_nbdcache/i_miss_handler/_03328_ not found.
[WARNING STA-1650] ./results/nangate45_3D/ariane133/HBT/6_final.spef line 349536, net i_cache_subsystem/i_nbdcache/sram_block_7__tag_sram.genblk1_0__i_ram.macro_mem_2 not found.
[WARNING STA-1650] ./results/nangate45_3D/ariane133/HBT/6_final.spef line 349552, net i_cache_subsystem/i_nbdcache/i_tag_cmp.rdata_i\[130\] not found.
[WARNING STA-1650] ./results/nangate45_3D/ariane133/HBT/6_final.spef line 349557, net ex_stage_i/lsu_i/i_store_unit/store_buffer_i/_11063_ not found.
[WARNING STA-1650] ./results/nangate45_3D/ariane133/HBT/6_final.spef line 349563, net ex_stage_i/lsu_i/i_load_unit.result_o\[30\] not found.
[WARNING STA-1650] ./results/nangate45_3D/ariane133/HBT/6_final.spef line 349585, net i_cache_subsystem/i_nbdcache/i_miss_handler/_00105_ not found.
[WARNING STA-1650] ./results/nangate45_3D/ariane133/HBT/6_final.spef line 349586, net i_cache_subsystem/i_nbdcache/sram_block_1__tag_sram.genblk1_0__i_ram.macro_mem_2 not found.
[WARNING STA-1650] ./results/nangate45_3D/ariane133/HBT/6_final.spef line 349587, net i_cache_subsystem/i_nbdcache/sram_block_1__tag_sram.genblk1_0__i_ram.macro_mem_2 not found.
[WARNING STA-1650] ./results/nangate45_3D/ariane133/HBT/6_final.spef line 349588, net i_cache_subsystem/i_nbdcache/sram_block_1__tag_sram.genblk1_0__i_ram.macro_mem_2 not found.
[WARNING STA-1650] ./results/nangate45_3D/ariane133/HBT/6_final.spef line 349589, net i_cache_subsystem/i_nbdcache/sram_block_1__tag_sram.genblk1_0__i_ram.macro_mem_2 not found.
[WARNING STA-1650] ./results/nangate45_3D/ariane133/HBT/6_final.spef line 349599, net i_cache_subsystem/axi_req_bypass\[102\] not found.
[WARNING STA-1650] ./results/nangate45_3D/ariane133/HBT/6_final.spef line 349600, net i_cache_subsystem/axi_req_bypass\[114\] not found.
[WARNING STA-1650] ./results/nangate45_3D/ariane133/HBT/6_final.spef line 349601, net i_cache_subsystem/i_nbdcache/i_tag_cmp.rdata_i\[168\] not found.
[WARNING STA-1650] ./results/nangate45_3D/ariane133/HBT/6_final.spef line 349602, net i_cache_subsystem/i_nbdcache/i_tag_cmp.rdata_i\[170\] not found.
[WARNING STA-1650] ./results/nangate45_3D/ariane133/HBT/6_final.spef line 349603, net i_cache_subsystem/i_nbdcache/master_ports_2__i_cache_ctrl.mem_req_q_wdata__0_ not found.
[WARNING STA-1650] ./results/nangate45_3D/ariane133/HBT/6_final.spef line 349634, net issue_stage_i/i_issue_read_operands/i_ariane_regfile/_04690_ not found.
[WARNING STA-1650] ./results/nangate45_3D/ariane133/HBT/6_final.spef line 349635, net issue_stage_i/i_issue_read_operands/i_ariane_regfile/_06992_ not found.
[WARNING STA-1650] ./results/nangate45_3D/ariane133/HBT/6_final.spef line 349636, net issue_stage_i/i_issue_read_operands/i_ariane_regfile/_07005_ not found.
[WARNING STA-1650] ./results/nangate45_3D/ariane133/HBT/6_final.spef line 349637, net issue_stage_i/i_issue_read_operands/i_ariane_regfile/_07005_ not found.
[WARNING STA-1650] ./results/nangate45_3D/ariane133/HBT/6_final.spef line 349638, net issue_stage_i/i_issue_read_operands/i_ariane_regfile/_07083_ not found.
[WARNING STA-1650] ./results/nangate45_3D/ariane133/HBT/6_final.spef line 349639, net issue_stage_i/i_issue_read_operands/i_ariane_regfile/_07100_ not found.
[WARNING STA-1650] ./results/nangate45_3D/ariane133/HBT/6_final.spef line 349640, net issue_stage_i/i_issue_read_operands/i_ariane_regfile/_07115_ not found.
[WARNING STA-1650] ./results/nangate45_3D/ariane133/HBT/6_final.spef line 349641, net issue_stage_i/i_issue_read_operands/i_ariane_regfile/_07313_ not found.
[WARNING STA-1650] ./results/nangate45_3D/ariane133/HBT/6_final.spef line 349642, net issue_stage_i/i_issue_read_operands/i_ariane_regfile/_09897_ not found.
[WARNING STA-1650] ./results/nangate45_3D/ariane133/HBT/6_final.spef line 349643, net issue_stage_i/i_issue_read_operands/rdata\[115\] not found.
[WARNING STA-1650] ./results/nangate45_3D/ariane133/HBT/6_final.spef line 349672, net ex_stage_i/lsu_i/i_store_unit/_1786_ not found.
[WARNING STA-1650] ./results/nangate45_3D/ariane133/HBT/6_final.spef line 349673, net i_cache_subsystem/_1006_ not found.
[WARNING STA-1650] ./results/nangate45_3D/ariane133/HBT/6_final.spef line 349675, net i_cache_subsystem/_0340_ not found.
[WARNING STA-1650] ./results/nangate45_3D/ariane133/HBT/6_final.spef line 349676, net i_cache_subsystem/_0378_ not found.
[WARNING STA-1650] ./results/nangate45_3D/ariane133/HBT/6_final.spef line 349677, net i_cache_subsystem/_0385_ not found.
[WARNING STA-1650] ./results/nangate45_3D/ariane133/HBT/6_final.spef line 349678, net i_cache_subsystem/i_nbdcache/i_miss_handler/_15363_ not found.
[WARNING STA-1650] ./results/nangate45_3D/ariane133/HBT/6_final.spef line 349679, net i_cache_subsystem/i_nbdcache/i_miss_handler/_15364_ not found.
[WARNING STA-1650] ./results/nangate45_3D/ariane133/HBT/6_final.spef line 349680, net i_cache_subsystem/i_nbdcache/i_miss_handler/_15374_ not found.
[WARNING STA-1650] ./results/nangate45_3D/ariane133/HBT/6_final.spef line 349681, net i_cache_subsystem/i_nbdcache/i_miss_handler/_15643_ not found.
[WARNING STA-1650] ./results/nangate45_3D/ariane133/HBT/6_final.spef line 349683, net i_cache_subsystem/axi_req_data\[154\] not found.
[WARNING STA-1650] ./results/nangate45_3D/ariane133/HBT/6_final.spef line 349684, net i_cache_subsystem/i_nbdcache/i_miss_handler/_01010_ not found.
[WARNING STA-1650] ./results/nangate45_3D/ariane133/HBT/6_final.spef line 349685, net i_cache_subsystem/i_nbdcache/i_miss_handler/_06540_ not found.
[WARNING STA-1650] ./results/nangate45_3D/ariane133/HBT/6_final.spef line 349686, net i_cache_subsystem/i_nbdcache/i_miss_handler/_08131_ not found.
[WARNING STA-1650] ./results/nangate45_3D/ariane133/HBT/6_final.spef line 349687, net i_cache_subsystem/i_nbdcache/i_miss_handler/_09383_ not found.
[WARNING STA-1650] ./results/nangate45_3D/ariane133/HBT/6_final.spef line 349688, net i_cache_subsystem/i_nbdcache/i_miss_handler/_09520_ not found.
[WARNING STA-1650] ./results/nangate45_3D/ariane133/HBT/6_final.spef line 349690, net i_cache_subsystem/i_nbdcache/i_miss_handler/_15520_ not found.
[WARNING STA-1650] ./results/nangate45_3D/ariane133/HBT/6_final.spef line 349691, net i_cache_subsystem/i_nbdcache/i_miss_handler/_15578_ not found.
[WARNING STA-1650] ./results/nangate45_3D/ariane133/HBT/6_final.spef line 349694, net i_cache_subsystem/i_nbdcache/i_miss_handler/_08131_ not found.
[WARNING STA-1650] ./results/nangate45_3D/ariane133/HBT/6_final.spef line 349695, net i_cache_subsystem/i_nbdcache/i_miss_handler/_08925_ not found.
[WARNING STA-1650] ./results/nangate45_3D/ariane133/HBT/6_final.spef line 349696, net i_cache_subsystem/i_nbdcache/i_miss_handler/_09088_ not found.
[WARNING STA-1650] ./results/nangate45_3D/ariane133/HBT/6_final.spef line 349697, net i_cache_subsystem/i_nbdcache/i_miss_handler/_09202_ not found.
[WARNING STA-1650] ./results/nangate45_3D/ariane133/HBT/6_final.spef line 349698, net i_cache_subsystem/i_nbdcache/i_miss_handler/_09248_ not found.
[WARNING STA-1650] ./results/nangate45_3D/ariane133/HBT/6_final.spef line 349699, net i_cache_subsystem/i_nbdcache/i_miss_handler/_09514_ not found.
[WARNING STA-1650] ./results/nangate45_3D/ariane133/HBT/6_final.spef line 349700, net i_cache_subsystem/i_nbdcache/i_miss_handler/_09517_ not found.
[WARNING STA-1650] ./results/nangate45_3D/ariane133/HBT/6_final.spef line 349701, net i_cache_subsystem/i_nbdcache/i_miss_handler/_09650_ not found.
[WARNING STA-1650] ./results/nangate45_3D/ariane133/HBT/6_final.spef line 349702, net i_cache_subsystem/i_nbdcache/i_miss_handler/_13962_ not found.
[WARNING STA-1650] ./results/nangate45_3D/ariane133/HBT/6_final.spef line 349703, net i_cache_subsystem/i_nbdcache/i_miss_handler/_14138_ not found.
[WARNING STA-1650] ./results/nangate45_3D/ariane133/HBT/6_final.spef line 349704, net i_cache_subsystem/i_nbdcache/i_miss_handler/_14138_ not found.
[WARNING STA-1650] ./results/nangate45_3D/ariane133/HBT/6_final.spef line 349705, net i_cache_subsystem/i_nbdcache/i_miss_handler/_14151_ not found.
[WARNING STA-1650] ./results/nangate45_3D/ariane133/HBT/6_final.spef line 349706, net i_cache_subsystem/i_nbdcache/i_miss_handler/_14151_ not found.
[WARNING STA-1650] ./results/nangate45_3D/ariane133/HBT/6_final.spef line 349707, net i_cache_subsystem/i_nbdcache/i_miss_handler/_14190_ not found.
[WARNING STA-1650] ./results/nangate45_3D/ariane133/HBT/6_final.spef line 349708, net i_cache_subsystem/i_nbdcache/i_miss_handler/_14205_ not found.
[WARNING STA-1650] ./results/nangate45_3D/ariane133/HBT/6_final.spef line 349709, net i_cache_subsystem/i_nbdcache/i_miss_handler/_14205_ not found.
[WARNING STA-1650] ./results/nangate45_3D/ariane133/HBT/6_final.spef line 349710, net i_cache_subsystem/i_nbdcache/i_miss_handler/_14210_ not found.
[WARNING STA-1650] ./results/nangate45_3D/ariane133/HBT/6_final.spef line 349711, net i_cache_subsystem/i_nbdcache/i_miss_handler/_14222_ not found.
[WARNING STA-1650] ./results/nangate45_3D/ariane133/HBT/6_final.spef line 349712, net i_cache_subsystem/i_nbdcache/i_miss_handler/_14222_ not found.
[WARNING STA-1650] ./results/nangate45_3D/ariane133/HBT/6_final.spef line 349713, net i_cache_subsystem/i_nbdcache/i_miss_handler/_14247_ not found.
[WARNING STA-1650] ./results/nangate45_3D/ariane133/HBT/6_final.spef line 349714, net i_cache_subsystem/i_nbdcache/i_miss_handler/_14273_ not found.
[WARNING STA-1650] ./results/nangate45_3D/ariane133/HBT/6_final.spef line 349715, net i_cache_subsystem/i_nbdcache/i_miss_handler/_14280_ not found.
[WARNING STA-1650] ./results/nangate45_3D/ariane133/HBT/6_final.spef line 349716, net i_cache_subsystem/i_nbdcache/i_miss_handler/_14462_ not found.
[WARNING STA-1650] ./results/nangate45_3D/ariane133/HBT/6_final.spef line 349717, net i_cache_subsystem/i_nbdcache/i_miss_handler/_14462_ not found.
[WARNING STA-1650] ./results/nangate45_3D/ariane133/HBT/6_final.spef line 349718, net i_cache_subsystem/i_nbdcache/i_miss_handler/_14723_ not found.
[WARNING STA-1650] ./results/nangate45_3D/ariane133/HBT/6_final.spef line 349719, net i_cache_subsystem/i_nbdcache/i_miss_handler/_14745_ not found.
[WARNING STA-1650] ./results/nangate45_3D/ariane133/HBT/6_final.spef line 349720, net i_cache_subsystem/i_nbdcache/i_miss_handler/_15086_ not found.
[WARNING STA-1650] ./results/nangate45_3D/ariane133/HBT/6_final.spef line 349721, net i_cache_subsystem/i_nbdcache/i_miss_handler/_15090_ not found.
[WARNING STA-1650] ./results/nangate45_3D/ariane133/HBT/6_final.spef line 349722, net i_cache_subsystem/i_nbdcache/i_miss_handler/_15092_ not found.
[WARNING STA-1650] ./results/nangate45_3D/ariane133/HBT/6_final.spef line 349723, net i_cache_subsystem/i_nbdcache/i_miss_handler/_15449_ not found.
[WARNING STA-1650] ./results/nangate45_3D/ariane133/HBT/6_final.spef line 349724, net i_cache_subsystem/i_nbdcache/i_miss_handler/_16066_ not found.
[WARNING STA-1650] ./results/nangate45_3D/ariane133/HBT/6_final.spef line 349725, net i_cache_subsystem/i_nbdcache/i_miss_handler/_16139_ not found.
[WARNING STA-1650] ./results/nangate45_3D/ariane133/HBT/6_final.spef line 349726, net i_cache_subsystem/i_nbdcache/i_miss_handler/_21924_ not found.
[WARNING STA-1650] ./results/nangate45_3D/ariane133/HBT/6_final.spef line 349727, net i_cache_subsystem/i_nbdcache/i_miss_handler/_21978_ not found.
[WARNING STA-1650] ./results/nangate45_3D/ariane133/HBT/6_final.spef line 349728, net issue_stage_i/i_issue_read_operands/i_ariane_regfile/_12216_ not found.
[WARNING STA-1650] ./results/nangate45_3D/ariane133/HBT/6_final.spef line 349729, net issue_stage_i/i_issue_read_operands/i_ariane_regfile/_12220_ not found.
[WARNING STA-1650] ./results/nangate45_3D/ariane133/HBT/6_final.spef line 349730, net issue_stage_i/i_issue_read_operands/i_ariane_regfile/_12220_ not found.
[WARNING STA-1650] ./results/nangate45_3D/ariane133/HBT/6_final.spef line 349731, net issue_stage_i/i_issue_read_operands/i_ariane_regfile/_14143_ not found.
[WARNING STA-1650] ./results/nangate45_3D/ariane133/HBT/6_final.spef line 349732, net issue_stage_i/i_issue_read_operands/i_ariane_regfile/_14160_ not found.
[WARNING STA-1650] ./results/nangate45_3D/ariane133/HBT/6_final.spef line 349733, net issue_stage_i/i_issue_read_operands/i_ariane_regfile/_14161_ not found.
[WARNING STA-1650] ./results/nangate45_3D/ariane133/HBT/6_final.spef line 349734, net issue_stage_i/i_issue_read_operands/i_ariane_regfile/_14569_ not found.
[WARNING STA-1650] ./results/nangate45_3D/ariane133/HBT/6_final.spef line 349735, net issue_stage_i/i_issue_read_operands/i_ariane_regfile/_17109_ not found.
[WARNING STA-1650] ./results/nangate45_3D/ariane133/HBT/6_final.spef line 349736, net issue_stage_i/i_issue_read_operands/i_ariane_regfile/_18696_ not found.
[WARNING STA-1650] ./results/nangate45_3D/ariane133/HBT/6_final.spef line 349737, net issue_stage_i/i_issue_read_operands/i_ariane_regfile/_18840_ not found.
[WARNING STA-1650] ./results/nangate45_3D/ariane133/HBT/6_final.spef line 349738, net issue_stage_i/i_issue_read_operands/i_ariane_regfile/_20482_ not found.
[WARNING STA-1650] ./results/nangate45_3D/ariane133/HBT/6_final.spef line 349739, net issue_stage_i/i_issue_read_operands/i_ariane_regfile/_21058_ not found.
[WARNING STA-1650] ./results/nangate45_3D/ariane133/HBT/6_final.spef line 349740, net issue_stage_i/i_issue_read_operands/i_ariane_regfile/_21314_ not found.
[WARNING STA-1650] ./results/nangate45_3D/ariane133/HBT/6_final.spef line 349751, net i_cache_subsystem/i_nbdcache/i_miss_handler/_01317_ not found.
[WARNING STA-1650] ./results/nangate45_3D/ariane133/HBT/6_final.spef line 349752, net i_cache_subsystem/i_nbdcache/i_miss_handler/_07176_ not found.
[WARNING STA-1650] ./results/nangate45_3D/ariane133/HBT/6_final.spef line 349753, net i_cache_subsystem/i_nbdcache/i_miss_handler/_08362_ not found.
[WARNING STA-1650] ./results/nangate45_3D/ariane133/HBT/6_final.spef line 349754, net i_cache_subsystem/i_nbdcache/i_miss_handler/_08373_ not found.
[WARNING STA-1650] ./results/nangate45_3D/ariane133/HBT/6_final.spef line 349755, net i_cache_subsystem/i_nbdcache/i_miss_handler/_08394_ not found.
[WARNING STA-1650] ./results/nangate45_3D/ariane133/HBT/6_final.spef line 349756, net i_cache_subsystem/i_nbdcache/i_miss_handler/_08398_ not found.
[WARNING STA-1650] ./results/nangate45_3D/ariane133/HBT/6_final.spef line 349757, net i_cache_subsystem/i_nbdcache/i_miss_handler/_08398_ not found.
[WARNING STA-1650] ./results/nangate45_3D/ariane133/HBT/6_final.spef line 349758, net i_cache_subsystem/i_nbdcache/i_miss_handler/_08398_ not found.
[WARNING STA-1650] ./results/nangate45_3D/ariane133/HBT/6_final.spef line 349759, net i_cache_subsystem/i_nbdcache/i_miss_handler/_08398_ not found.
[WARNING STA-1650] ./results/nangate45_3D/ariane133/HBT/6_final.spef line 349760, net i_cache_subsystem/i_nbdcache/i_miss_handler/_08398_ not found.
[WARNING STA-1650] ./results/nangate45_3D/ariane133/HBT/6_final.spef line 349761, net i_cache_subsystem/i_nbdcache/i_miss_handler/_08410_ not found.
[WARNING STA-1650] ./results/nangate45_3D/ariane133/HBT/6_final.spef line 349762, net i_cache_subsystem/i_nbdcache/i_miss_handler/_08415_ not found.
[WARNING STA-1650] ./results/nangate45_3D/ariane133/HBT/6_final.spef line 349763, net i_cache_subsystem/i_nbdcache/i_miss_handler/_08441_ not found.
[WARNING STA-1650] ./results/nangate45_3D/ariane133/HBT/6_final.spef line 349764, net i_cache_subsystem/i_nbdcache/i_miss_handler/_08442_ not found.
[WARNING STA-1650] ./results/nangate45_3D/ariane133/HBT/6_final.spef line 349765, net i_cache_subsystem/i_nbdcache/i_miss_handler/_08442_ not found.
[WARNING STA-1650] ./results/nangate45_3D/ariane133/HBT/6_final.spef line 349766, net i_cache_subsystem/i_nbdcache/i_miss_handler/_08449_ not found.
[WARNING STA-1650] ./results/nangate45_3D/ariane133/HBT/6_final.spef line 349767, net i_cache_subsystem/i_nbdcache/i_miss_handler/_08449_ not found.
[WARNING STA-1650] ./results/nangate45_3D/ariane133/HBT/6_final.spef line 349768, net i_cache_subsystem/i_nbdcache/i_miss_handler/_08485_ not found.
[WARNING STA-1650] ./results/nangate45_3D/ariane133/HBT/6_final.spef line 349769, net i_cache_subsystem/i_nbdcache/i_miss_handler/_08539_ not found.
[WARNING STA-1650] ./results/nangate45_3D/ariane133/HBT/6_final.spef line 349770, net i_cache_subsystem/i_nbdcache/i_miss_handler/_08600_ not found.
[WARNING STA-1650] ./results/nangate45_3D/ariane133/HBT/6_final.spef line 349771, net i_cache_subsystem/i_nbdcache/i_miss_handler/_08676_ not found.
[WARNING STA-1650] ./results/nangate45_3D/ariane133/HBT/6_final.spef line 349772, net i_cache_subsystem/i_nbdcache/i_miss_handler/_08784_ not found.
[WARNING STA-1650] ./results/nangate45_3D/ariane133/HBT/6_final.spef line 349773, net i_cache_subsystem/i_nbdcache/i_miss_handler/_08870_ not found.
[WARNING STA-1650] ./results/nangate45_3D/ariane133/HBT/6_final.spef line 349774, net i_cache_subsystem/i_nbdcache/i_miss_handler/_08912_ not found.
[WARNING STA-1650] ./results/nangate45_3D/ariane133/HBT/6_final.spef line 349775, net i_cache_subsystem/i_nbdcache/i_miss_handler/_08925_ not found.
[WARNING STA-1650] ./results/nangate45_3D/ariane133/HBT/6_final.spef line 349776, net i_cache_subsystem/i_nbdcache/i_miss_handler/_09205_ not found.
[WARNING STA-1650] ./results/nangate45_3D/ariane133/HBT/6_final.spef line 349777, net i_cache_subsystem/i_nbdcache/i_miss_handler/_09261_ not found.
[WARNING STA-1650] ./results/nangate45_3D/ariane133/HBT/6_final.spef line 349778, net i_cache_subsystem/i_nbdcache/i_miss_handler/_09261_ not found.
[WARNING STA-1650] ./results/nangate45_3D/ariane133/HBT/6_final.spef line 349779, net i_cache_subsystem/i_nbdcache/i_miss_handler/_09514_ not found.
[WARNING STA-1650] ./results/nangate45_3D/ariane133/HBT/6_final.spef line 349780, net i_cache_subsystem/i_nbdcache/i_miss_handler/_09514_ not found.
[WARNING STA-1650] ./results/nangate45_3D/ariane133/HBT/6_final.spef line 349781, net i_cache_subsystem/i_nbdcache/i_miss_handler/_10545_ not found.
[WARNING STA-1650] ./results/nangate45_3D/ariane133/HBT/6_final.spef line 349782, net i_cache_subsystem/i_nbdcache/i_miss_handler/_10666_ not found.
[WARNING STA-1650] ./results/nangate45_3D/ariane133/HBT/6_final.spef line 349783, net i_cache_subsystem/i_nbdcache/i_miss_handler/_10695_ not found.
[WARNING STA-1650] ./results/nangate45_3D/ariane133/HBT/6_final.spef line 349784, net i_cache_subsystem/i_nbdcache/i_miss_handler/_10696_ not found.
[WARNING STA-1650] ./results/nangate45_3D/ariane133/HBT/6_final.spef line 349785, net i_cache_subsystem/i_nbdcache/i_miss_handler/_10696_ not found.
[WARNING STA-1650] ./results/nangate45_3D/ariane133/HBT/6_final.spef line 349786, net i_cache_subsystem/i_nbdcache/i_miss_handler/_10696_ not found.
[WARNING STA-1650] ./results/nangate45_3D/ariane133/HBT/6_final.spef line 349787, net i_cache_subsystem/i_nbdcache/i_miss_handler/_10702_ not found.
[WARNING STA-1650] ./results/nangate45_3D/ariane133/HBT/6_final.spef line 349788, net i_cache_subsystem/i_nbdcache/i_miss_handler/_10703_ not found.
[WARNING STA-1650] ./results/nangate45_3D/ariane133/HBT/6_final.spef line 349789, net i_cache_subsystem/i_nbdcache/i_miss_handler/_10703_ not found.
[WARNING STA-1650] ./results/nangate45_3D/ariane133/HBT/6_final.spef line 349790, net i_cache_subsystem/i_nbdcache/i_miss_handler/_10848_ not found.
[WARNING STA-1650] ./results/nangate45_3D/ariane133/HBT/6_final.spef line 349791, net i_cache_subsystem/i_nbdcache/i_miss_handler/_10912_ not found.
[WARNING STA-1650] ./results/nangate45_3D/ariane133/HBT/6_final.spef line 349792, net issue_stage_i/i_issue_read_operands/i_ariane_regfile/_01518_ not found.
[WARNING STA-1650] ./results/nangate45_3D/ariane133/HBT/6_final.spef line 349793, net issue_stage_i/i_issue_read_operands/i_ariane_regfile/_05625_ not found.
[WARNING STA-1650] ./results/nangate45_3D/ariane133/HBT/6_final.spef line 349810, net issue_stage_i/i_issue_read_operands/i_ariane_regfile/_11300_ not found.
[WARNING STA-1650] ./results/nangate45_3D/ariane133/HBT/6_final.spef line 349811, net issue_stage_i/i_issue_read_operands/i_ariane_regfile/_11620_ not found.
[WARNING STA-1650] ./results/nangate45_3D/ariane133/HBT/6_final.spef line 349812, net issue_stage_i/i_issue_read_operands/i_ariane_regfile/_15676_ not found.
[WARNING STA-1650] ./results/nangate45_3D/ariane133/HBT/6_final.spef line 349818, net issue_stage_i/i_issue_read_operands/i_ariane_regfile/_07092_ not found.
[WARNING STA-1650] ./results/nangate45_3D/ariane133/HBT/6_final.spef line 349819, net issue_stage_i/i_issue_read_operands/i_ariane_regfile/_08869_ not found.
[WARNING STA-1650] ./results/nangate45_3D/ariane133/HBT/6_final.spef line 349820, net issue_stage_i/i_issue_read_operands/i_ariane_regfile/_08925_ not found.
[WARNING STA-1650] ./results/nangate45_3D/ariane133/HBT/6_final.spef line 349875, net i_cache_subsystem/i_nbdcache/i_miss_handler/_15074_ not found.
[WARNING STA-1650] ./results/nangate45_3D/ariane133/HBT/6_final.spef line 349890, net i_cache_subsystem/i_nbdcache/i_tag_cmp.rdata_i\[746\] not found.
[WARNING STA-1650] ./results/nangate45_3D/ariane133/HBT/6_final.spef line 349911, net issue_stage_i/i_scoreboard/_50147_ not found.
[WARNING STA-1650] ./results/nangate45_3D/ariane133/HBT/6_final.spef line 349920, net ex_stage_i/lsu_i/i_store_unit/i_amo_buffer.data_i\[52\] not found.
[WARNING STA-1650] ./results/nangate45_3D/ariane133/HBT/6_final.spef line 349925, net i_cache_subsystem/axi_req_bypass\[104\] not found.
[WARNING STA-1650] ./results/nangate45_3D/ariane133/HBT/6_final.spef line 349927, net issue_stage_i/i_issue_read_operands/rdata\[108\] not found.
[WARNING STA-1650] ./results/nangate45_3D/ariane133/HBT/6_final.spef line 349928, net issue_stage_i/i_issue_read_operands/rdata\[33\] not found.
[WARNING STA-1650] ./results/nangate45_3D/ariane133/HBT/6_final.spef line 349929, net issue_stage_i/i_issue_read_operands/rdata\[50\] not found.
[WARNING STA-1650] ./results/nangate45_3D/ariane133/HBT/6_final.spef line 349930, net issue_stage_i/i_scoreboard/_14578_ not found.
[WARNING STA-1650] ./results/nangate45_3D/ariane133/HBT/6_final.spef line 349931, net issue_stage_i/i_scoreboard/_16273_ not found.
[WARNING STA-1650] ./results/nangate45_3D/ariane133/HBT/6_final.spef line 349932, net issue_stage_i/i_scoreboard/_23631_ not found.
[WARNING STA-1650] ./results/nangate45_3D/ariane133/HBT/6_final.spef line 349933, net issue_stage_i/i_scoreboard/_23647_ not found.
[WARNING STA-1650] ./results/nangate45_3D/ariane133/HBT/6_final.spef line 349934, net issue_stage_i/i_scoreboard/_24764_ not found.
[WARNING STA-1650] ./results/nangate45_3D/ariane133/HBT/6_final.spef line 349935, net issue_stage_i/i_scoreboard/_24764_ not found.
[WARNING STA-1650] ./results/nangate45_3D/ariane133/HBT/6_final.spef line 349936, net issue_stage_i/rs2_sb_iro\[49\] not found.
[WARNING STA-1650] ./results/nangate45_3D/ariane133/HBT/6_final.spef line 349937, net issue_stage_i/rs2_sb_iro\[59\] not found.
[WARNING STA-1650] ./results/nangate45_3D/ariane133/HBT/6_final.spef line 349975, net ex_stage_i/lsu_i/i_mmu/_1518_ not found.
[WARNING STA-1650] ./results/nangate45_3D/ariane133/HBT/6_final.spef line 349976, net ex_stage_i/lsu_i/i_mmu/i_dtlb/_07280_ not found.
[WARNING STA-1650] ./results/nangate45_3D/ariane133/HBT/6_final.spef line 349981, net ex_stage_i/lsu_i/i_mmu/i_dtlb/_02486_ not found.
[WARNING STA-1650] ./results/nangate45_3D/ariane133/HBT/6_final.spef line 349982, net ex_stage_i/lsu_i/i_mmu/i_dtlb/_02572_ not found.
[WARNING STA-1650] ./results/nangate45_3D/ariane133/HBT/6_final.spef line 349983, net ex_stage_i/lsu_i/i_mmu/i_dtlb/_03005_ not found.
[WARNING STA-1650] ./results/nangate45_3D/ariane133/HBT/6_final.spef line 349984, net ex_stage_i/lsu_i/i_mmu/i_dtlb/_03007_ not found.
[WARNING STA-1650] ./results/nangate45_3D/ariane133/HBT/6_final.spef line 349985, net ex_stage_i/lsu_i/i_mmu/i_dtlb/_03548_ not found.
[WARNING STA-1650] ./results/nangate45_3D/ariane133/HBT/6_final.spef line 349986, net ex_stage_i/lsu_i/i_mmu/i_itlb/_02572_ not found.
[WARNING STA-1650] ./results/nangate45_3D/ariane133/HBT/6_final.spef line 349987, net ex_stage_i/lsu_i/i_mmu/i_itlb/_04802_ not found.
[WARNING STA-1650] ./results/nangate45_3D/ariane133/HBT/6_final.spef line 349988, net ex_stage_i/lsu_i/i_mmu/i_ptw.dtlb_update_o\[0\] not found.
[WARNING STA-1650] ./results/nangate45_3D/ariane133/HBT/6_final.spef line 350000, net ex_stage_i/lsu_i/i_mmu/_1304_ not found.
[WARNING STA-1650] ./results/nangate45_3D/ariane133/HBT/6_final.spef line 350001, net ex_stage_i/lsu_i/i_mmu/_1391_ not found.
[WARNING STA-1650] ./results/nangate45_3D/ariane133/HBT/6_final.spef line 350002, net ex_stage_i/lsu_i/i_mmu/_1395_ not found.
[WARNING STA-1650] ./results/nangate45_3D/ariane133/HBT/6_final.spef line 350003, net ex_stage_i/lsu_i/i_mmu/_1395_ not found.
[WARNING STA-1650] ./results/nangate45_3D/ariane133/HBT/6_final.spef line 350004, net ex_stage_i/lsu_i/i_mmu/_1395_ not found.
[WARNING STA-1650] ./results/nangate45_3D/ariane133/HBT/6_final.spef line 350005, net ex_stage_i/lsu_i/i_mmu/_2278_ not found.
[WARNING STA-1650] ./results/nangate45_3D/ariane133/HBT/6_final.spef line 350006, net ex_stage_i/lsu_i/i_mmu/_2294_ not found.
[WARNING STA-1650] ./results/nangate45_3D/ariane133/HBT/6_final.spef line 350007, net ex_stage_i/lsu_i/i_mmu/_2294_ not found.
[WARNING STA-1650] ./results/nangate45_3D/ariane133/HBT/6_final.spef line 350008, net ex_stage_i/lsu_i/i_mmu/i_dtlb/_10183_ not found.
[WARNING STA-1650] ./results/nangate45_3D/ariane133/HBT/6_final.spef line 350009, net ex_stage_i/lsu_i/i_mmu/i_dtlb/_10245_ not found.
[WARNING STA-1650] ./results/nangate45_3D/ariane133/HBT/6_final.spef line 350010, net ex_stage_i/lsu_i/i_mmu/i_dtlb/_11050_ not found.
[WARNING STA-1650] ./results/nangate45_3D/ariane133/HBT/6_final.spef line 350011, net ex_stage_i/lsu_i/i_mmu/i_dtlb/_11050_ not found.
[WARNING STA-1650] ./results/nangate45_3D/ariane133/HBT/6_final.spef line 350012, net ex_stage_i/lsu_i/i_mmu/i_dtlb/_12390_ not found.
[WARNING STA-1650] ./results/nangate45_3D/ariane133/HBT/6_final.spef line 350013, net ex_stage_i/lsu_i/i_mmu/i_dtlb/_12394_ not found.
[WARNING STA-1650] ./results/nangate45_3D/ariane133/HBT/6_final.spef line 350014, net ex_stage_i/lsu_i/i_mmu/i_dtlb/_12451_ not found.
[WARNING STA-1650] ./results/nangate45_3D/ariane133/HBT/6_final.spef line 350015, net ex_stage_i/lsu_i/i_mmu/i_dtlb/_12452_ not found.
[WARNING STA-1650] ./results/nangate45_3D/ariane133/HBT/6_final.spef line 350016, net ex_stage_i/lsu_i/i_mmu/i_dtlb/_12456_ not found.
[WARNING STA-1650] ./results/nangate45_3D/ariane133/HBT/6_final.spef line 350017, net ex_stage_i/lsu_i/i_mmu/i_dtlb/_12611_ not found.
[WARNING STA-1650] ./results/nangate45_3D/ariane133/HBT/6_final.spef line 350018, net ex_stage_i/lsu_i/i_mmu/i_itlb/_08980_ not found.
[WARNING STA-1650] ./results/nangate45_3D/ariane133/HBT/6_final.spef line 350019, net ex_stage_i/lsu_i/i_mmu/i_itlb/_08981_ not found.
[WARNING STA-1650] ./results/nangate45_3D/ariane133/HBT/6_final.spef line 350020, net ex_stage_i/lsu_i/i_mmu/i_itlb/_09349_ not found.
[WARNING STA-1650] ./results/nangate45_3D/ariane133/HBT/6_final.spef line 350021, net ex_stage_i/lsu_i/i_mmu/i_itlb/_10952_ not found.
[WARNING STA-1650] ./results/nangate45_3D/ariane133/HBT/6_final.spef line 350022, net ex_stage_i/lsu_i/i_mmu/i_itlb/_11315_ not found.
[WARNING STA-1650] ./results/nangate45_3D/ariane133/HBT/6_final.spef line 350023, net ex_stage_i/lsu_i/i_mmu/i_itlb/_11555_ not found.
[WARNING STA-1650] ./results/nangate45_3D/ariane133/HBT/6_final.spef line 350024, net ex_stage_i/lsu_i/i_mmu/i_itlb/_11683_ not found.
[WARNING STA-1650] ./results/nangate45_3D/ariane133/HBT/6_final.spef line 350025, net ex_stage_i/lsu_i/i_mmu/i_itlb/_11811_ not found.
[WARNING STA-1650] ./results/nangate45_3D/ariane133/HBT/6_final.spef line 350026, net ex_stage_i/lsu_i/i_mmu/i_itlb/_12275_ not found.
[WARNING STA-1650] ./results/nangate45_3D/ariane133/HBT/6_final.spef line 350027, net i_cache_subsystem/i_icache/_5804_ not found.
[WARNING STA-1650] ./results/nangate45_3D/ariane133/HBT/6_final.spef line 350028, net issue_stage_i/i_scoreboard/_34417_ not found.
[WARNING STA-1650] ./results/nangate45_3D/ariane133/HBT/6_final.spef line 350029, net issue_stage_i/i_scoreboard/_61045_ not found.
[WARNING STA-1650] ./results/nangate45_3D/ariane133/HBT/6_final.spef line 350038, net ex_stage_i/lsu_i/i_mmu/N123 not found.
[WARNING STA-1650] ./results/nangate45_3D/ariane133/HBT/6_final.spef line 350039, net ex_stage_i/lsu_i/i_mmu/i_dtlb/tags_q\[276\] not found.
[WARNING STA-1650] ./results/nangate45_3D/ariane133/HBT/6_final.spef line 350040, net ex_stage_i/lsu_i/i_mmu/i_dtlb/tags_q\[59\] not found.
[WARNING STA-1650] ./results/nangate45_3D/ariane133/HBT/6_final.spef line 350041, net ex_stage_i/lsu_i/i_mmu/i_itlb/content_q\[308\] not found.
[WARNING STA-1650] ./results/nangate45_3D/ariane133/HBT/6_final.spef line 350042, net ex_stage_i/lsu_i/i_mmu/i_itlb/content_q\[308\] not found.
[WARNING STA-1650] ./results/nangate45_3D/ariane133/HBT/6_final.spef line 350043, net ex_stage_i/lsu_i/i_mmu/i_ptw.dtlb_update_o\[86\] not found.
[WARNING STA-1650] ./results/nangate45_3D/ariane133/HBT/6_final.spef line 350044, net ex_stage_i/lsu_i/i_mmu/i_ptw.dtlb_update_o\[86\] not found.
[WARNING STA-1650] ./results/nangate45_3D/ariane133/HBT/6_final.spef line 350045, net ex_stage_i/lsu_i/i_mmu/i_ptw.dtlb_update_o\[90\] not found.
[WARNING STA-1650] ./results/nangate45_3D/ariane133/HBT/6_final.spef line 350046, net ex_stage_i/lsu_i/i_mmu/i_ptw.dtlb_update_o\[90\] not found.
[WARNING STA-1650] ./results/nangate45_3D/ariane133/HBT/6_final.spef line 350047, net ex_stage_i/lsu_i/i_mmu/i_ptw.dtlb_update_o\[91\] not found.
[WARNING STA-1650] ./results/nangate45_3D/ariane133/HBT/6_final.spef line 350048, net ex_stage_i/lsu_i/mmu_vaddr\[33\] not found.
[WARNING STA-1650] ./results/nangate45_3D/ariane133/HBT/6_final.spef line 350096, net ex_stage_i/_1997_ not found.
[WARNING STA-1650] ./results/nangate45_3D/ariane133/HBT/6_final.spef line 350099, net i_cache_subsystem/axi_req_bypass\[122\] not found.
[WARNING STA-1650] ./results/nangate45_3D/ariane133/HBT/6_final.spef line 350100, net i_cache_subsystem/i_nbdcache/i_miss_handler/_00106_ not found.
[WARNING STA-1650] ./results/nangate45_3D/ariane133/HBT/6_final.spef line 350101, net issue_stage_i/i_scoreboard/_36810_ not found.
[WARNING STA-1650] ./results/nangate45_3D/ariane133/HBT/6_final.spef line 350102, net issue_stage_i/i_scoreboard/_47096_ not found.
[WARNING STA-1650] ./results/nangate45_3D/ariane133/HBT/6_final.spef line 350112, net i_cache_subsystem/i_nbdcache/i_miss_handler/_00045_ not found.
[WARNING STA-1650] ./results/nangate45_3D/ariane133/HBT/6_final.spef line 350113, net i_cache_subsystem/i_nbdcache/i_miss_handler/_00052_ not found.
[WARNING STA-1650] ./results/nangate45_3D/ariane133/HBT/6_final.spef line 350114, net issue_stage_i/i_issue_read_operands/i_ariane_regfile/_06992_ not found.
[WARNING STA-1650] ./results/nangate45_3D/ariane133/HBT/6_final.spef line 350115, net issue_stage_i/i_issue_read_operands/i_ariane_regfile/_08834_ not found.
[WARNING STA-1650] ./results/nangate45_3D/ariane133/HBT/6_final.spef line 350116, net issue_stage_i/i_issue_read_operands/i_ariane_regfile/_08930_ not found.
[WARNING STA-1650] ./results/nangate45_3D/ariane133/HBT/6_final.spef line 350117, net issue_stage_i/i_scoreboard/_13250_ not found.
[WARNING STA-1650] ./results/nangate45_3D/ariane133/HBT/6_final.spef line 350118, net issue_stage_i/i_scoreboard/_14051_ not found.
[WARNING STA-1650] ./results/nangate45_3D/ariane133/HBT/6_final.spef line 350119, net issue_stage_i/i_scoreboard/_14488_ not found.
[WARNING STA-1650] ./results/nangate45_3D/ariane133/HBT/6_final.spef line 350152, net i_cache_subsystem/_1142_ not found.
[WARNING STA-1650] ./results/nangate45_3D/ariane133/HBT/6_final.spef line 350153, net i_cache_subsystem/_1150_ not found.
[WARNING STA-1650] ./results/nangate45_3D/ariane133/HBT/6_final.spef line 350156, net i_cache_subsystem/i_nbdcache/_1843_ not found.
[WARNING STA-1650] ./results/nangate45_3D/ariane133/HBT/6_final.spef line 350157, net i_cache_subsystem/i_nbdcache/i_miss_handler/_06992_ not found.
[WARNING STA-1650] ./results/nangate45_3D/ariane133/HBT/6_final.spef line 350159, net i_cache_subsystem/i_nbdcache/sram_block_6__data_sram/genblk1_0__i_ram/macro_mem_3 not found.
[WARNING STA-1650] ./results/nangate45_3D/ariane133/HBT/6_final.spef line 350168, net i_cache_subsystem/i_icache/sram_block_2__data_sram/genblk1_0__i_ram/macro_mem_0 not found.
[WARNING STA-1650] ./results/nangate45_3D/ariane133/HBT/6_final.spef line 350169, net i_cache_subsystem/i_icache/sram_block_2__data_sram/genblk1_0__i_ram/macro_mem_0 not found.
[WARNING STA-1650] ./results/nangate45_3D/ariane133/HBT/6_final.spef line 350170, net i_cache_subsystem/i_icache/sram_block_2__data_sram/genblk1_0__i_ram/macro_mem_0 not found.
[WARNING STA-1650] ./results/nangate45_3D/ariane133/HBT/6_final.spef line 350171, net i_cache_subsystem/i_icache/sram_block_2__data_sram/genblk1_0__i_ram/macro_mem_0 not found.
[WARNING STA-1650] ./results/nangate45_3D/ariane133/HBT/6_final.spef line 350172, net i_cache_subsystem/i_icache/sram_block_2__data_sram/genblk1_0__i_ram/macro_mem_0 not found.
[WARNING STA-1650] ./results/nangate45_3D/ariane133/HBT/6_final.spef line 350173, net i_cache_subsystem/i_icache/sram_block_3__tag_sram.genblk1_0__i_ram.macro_mem_1 not found.
[WARNING STA-1650] ./results/nangate45_3D/ariane133/HBT/6_final.spef line 350174, net i_cache_subsystem/i_icache/sram_block_3__tag_sram.genblk1_0__i_ram.macro_mem_1 not found.
[WARNING STA-1650] ./results/nangate45_3D/ariane133/HBT/6_final.spef line 350175, net i_cache_subsystem/i_icache/sram_block_3__tag_sram.genblk1_0__i_ram.macro_mem_1 not found.
[WARNING STA-1650] ./results/nangate45_3D/ariane133/HBT/6_final.spef line 350176, net i_cache_subsystem/i_icache/sram_block_3__tag_sram.genblk1_0__i_ram.macro_mem_1 not found.
[WARNING STA-1650] ./results/nangate45_3D/ariane133/HBT/6_final.spef line 350181, net i_cache_subsystem/i_icache/data_rdata\[145\] not found.
[WARNING STA-1650] ./results/nangate45_3D/ariane133/HBT/6_final.spef line 350182, net i_cache_subsystem/i_icache/data_rdata\[148\] not found.
[WARNING STA-1650] ./results/nangate45_3D/ariane133/HBT/6_final.spef line 350183, net i_cache_subsystem/i_icache/data_rdata\[149\] not found.
[WARNING STA-1650] ./results/nangate45_3D/ariane133/HBT/6_final.spef line 350184, net i_cache_subsystem/i_icache/data_rdata\[149\] not found.
[WARNING STA-1650] ./results/nangate45_3D/ariane133/HBT/6_final.spef line 350185, net i_cache_subsystem/i_icache/data_rdata\[152\] not found.
[WARNING STA-1650] ./results/nangate45_3D/ariane133/HBT/6_final.spef line 350216, net ex_stage_i/lsu_i/_3197_ not found.
[WARNING STA-1650] ./results/nangate45_3D/ariane133/HBT/6_final.spef line 350217, net ex_stage_i/lsu_i/_3262_ not found.
[WARNING STA-1650] ./results/nangate45_3D/ariane133/HBT/6_final.spef line 350218, net ex_stage_i/lsu_i/_3263_ not found.
[WARNING STA-1650] ./results/nangate45_3D/ariane133/HBT/6_final.spef line 350219, net ex_stage_i/lsu_i/_3271_ not found.
[WARNING STA-1650] ./results/nangate45_3D/ariane133/HBT/6_final.spef line 350220, net ex_stage_i/lsu_i/i_mmu/_1594_ not found.
[WARNING STA-1650] ./results/nangate45_3D/ariane133/HBT/6_final.spef line 350235, net ex_stage_i/lsu_i/_0366_ not found.
[WARNING STA-1650] ./results/nangate45_3D/ariane133/HBT/6_final.spef line 350236, net ex_stage_i/lsu_i/_0468_ not found.
[WARNING STA-1650] ./results/nangate45_3D/ariane133/HBT/6_final.spef line 350237, net ex_stage_i/lsu_i/_0534_ not found.
[WARNING STA-1650] ./results/nangate45_3D/ariane133/HBT/6_final.spef line 350238, net ex_stage_i/lsu_i/i_load_unit.ex_i\[45\] not found.
[WARNING STA-1650] ./results/nangate45_3D/ariane133/HBT/6_final.spef line 350239, net ex_stage_i/lsu_i/i_load_unit.load_data_q\[7\] not found.
[WARNING STA-1650] ./results/nangate45_3D/ariane133/HBT/6_final.spef line 350240, net ex_stage_i/lsu_i/i_load_unit.result_o\[28\] not found.
[WARNING STA-1650] ./results/nangate45_3D/ariane133/HBT/6_final.spef line 350241, net ex_stage_i/lsu_i/i_load_unit.result_o\[52\] not found.
[WARNING STA-1650] ./results/nangate45_3D/ariane133/HBT/6_final.spef line 350242, net ex_stage_i/lsu_i/i_load_unit.result_o\[57\] not found.
[WARNING STA-1650] ./results/nangate45_3D/ariane133/HBT/6_final.spef line 350243, net ex_stage_i/lsu_i/i_load_unit.result_o\[57\] not found.
[WARNING STA-1650] ./results/nangate45_3D/ariane133/HBT/6_final.spef line 350244, net ex_stage_i/lsu_i/i_load_unit.result_o\[58\] not found.
[WARNING STA-1650] ./results/nangate45_3D/ariane133/HBT/6_final.spef line 350245, net ex_stage_i/lsu_i/i_load_unit.result_o\[59\] not found.
[WARNING STA-1650] ./results/nangate45_3D/ariane133/HBT/6_final.spef line 350246, net ex_stage_i/lsu_i/i_load_unit.result_o\[62\] not found.
[WARNING STA-1650] ./results/nangate45_3D/ariane133/HBT/6_final.spef line 350249, net ex_stage_i/lsu_i/i_mmu/_1594_ not found.
[WARNING STA-1650] ./results/nangate45_3D/ariane133/HBT/6_final.spef line 350250, net ex_stage_i/lsu_i/i_mmu/_1783_ not found.
[WARNING STA-1650] ./results/nangate45_3D/ariane133/HBT/6_final.spef line 350251, net ex_stage_i/lsu_i/i_mmu/_1865_ not found.
[WARNING STA-1650] ./results/nangate45_3D/ariane133/HBT/6_final.spef line 350252, net ex_stage_i/lsu_i/i_load_unit.ex_i\[45\] not found.
[WARNING STA-1650] ./results/nangate45_3D/ariane133/HBT/6_final.spef line 350253, net ex_stage_i/lsu_i/i_mmu/_0352_ not found.
[WARNING STA-1650] ./results/nangate45_3D/ariane133/HBT/6_final.spef line 350254, net ex_stage_i/lsu_i/i_mmu/dtlb_pte_q_u_ not found.
[WARNING STA-1650] ./results/nangate45_3D/ariane133/HBT/6_final.spef line 350255, net ex_stage_i/lsu_i/i_mmu/_1865_ not found.
[WARNING STA-1650] ./results/nangate45_3D/ariane133/HBT/6_final.spef line 350256, net ex_stage_i/lsu_i/i_mmu/i_dtlb/_06820_ not found.
[WARNING STA-1650] ./results/nangate45_3D/ariane133/HBT/6_final.spef line 350257, net ex_stage_i/lsu_i/i_mmu/i_itlb/_07082_ not found.
[WARNING STA-1650] ./results/nangate45_3D/ariane133/HBT/6_final.spef line 350264, net ex_stage_i/lsu_i/i_load_unit.ex_i\[31\] not found.
[WARNING STA-1650] ./results/nangate45_3D/ariane133/HBT/6_final.spef line 350265, net ex_stage_i/lsu_i/i_load_unit.ex_i\[39\] not found.
[WARNING STA-1650] ./results/nangate45_3D/ariane133/HBT/6_final.spef line 350266, net ex_stage_i/lsu_i/i_mmu/_0324_ not found.
[WARNING STA-1650] ./results/nangate45_3D/ariane133/HBT/6_final.spef line 350267, net ex_stage_i/lsu_i/i_mmu/i_ptw.N122 not found.
[WARNING STA-1650] ./results/nangate45_3D/ariane133/HBT/6_final.spef line 350268, net ex_stage_i/lsu_i/i_mmu/i_ptw.N124 not found.
[WARNING STA-1650] ./results/nangate45_3D/ariane133/HBT/6_final.spef line 350269, net ex_stage_i/lsu_i/i_mmu/i_ptw.N125 not found.
[WARNING STA-1650] ./results/nangate45_3D/ariane133/HBT/6_final.spef line 350270, net ex_stage_i/lsu_i/i_mmu/i_ptw.dtlb_update_o\[72\] not found.
[WARNING STA-1650] ./results/nangate45_3D/ariane133/HBT/6_final.spef line 350310, net i_cache_subsystem/_1136_ not found.
[WARNING STA-1650] ./results/nangate45_3D/ariane133/HBT/6_final.spef line 350311, net i_cache_subsystem/axi_req_data\[154\] not found.
[WARNING STA-1650] ./results/nangate45_3D/ariane133/HBT/6_final.spef line 350312, net i_cache_subsystem/_1143_ not found.
[WARNING STA-1650] ./results/nangate45_3D/ariane133/HBT/6_final.spef line 350313, net i_cache_subsystem/i_nbdcache/_5983_ not found.
[WARNING STA-1650] ./results/nangate45_3D/ariane133/HBT/6_final.spef line 350321, net i_cache_subsystem/_0405_ not found.
[WARNING STA-1650] ./results/nangate45_3D/ariane133/HBT/6_final.spef line 350322, net i_cache_subsystem/_0408_ not found.
[WARNING STA-1650] ./results/nangate45_3D/ariane133/HBT/6_final.spef line 350323, net i_cache_subsystem/_0409_ not found.
[WARNING STA-1650] ./results/nangate45_3D/ariane133/HBT/6_final.spef line 350324, net i_cache_subsystem/axi_req_bypass\[141\] not found.
[WARNING STA-1650] ./results/nangate45_3D/ariane133/HBT/6_final.spef line 350325, net i_cache_subsystem/axi_req_bypass\[158\] not found.
[WARNING STA-1650] ./results/nangate45_3D/ariane133/HBT/6_final.spef line 350326, net i_cache_subsystem/axi_req_bypass\[160\] not found.
[WARNING STA-1650] ./results/nangate45_3D/ariane133/HBT/6_final.spef line 350327, net i_cache_subsystem/axi_req_bypass\[167\] not found.
[WARNING STA-1650] ./results/nangate45_3D/ariane133/HBT/6_final.spef line 350328, net i_cache_subsystem/i_nbdcache/i_miss_handler/_06416_ not found.
[WARNING STA-1650] ./results/nangate45_3D/ariane133/HBT/6_final.spef line 350329, net i_cache_subsystem/i_nbdcache/i_miss_handler/_06540_ not found.
[WARNING STA-1650] ./results/nangate45_3D/ariane133/HBT/6_final.spef line 350334, net i_cache_subsystem/i_nbdcache/i_miss_handler/_19654_ not found.
[WARNING STA-1650] ./results/nangate45_3D/ariane133/HBT/6_final.spef line 350335, net i_cache_subsystem/i_nbdcache/sram_block_5__data_sram/genblk1_1__i_ram/macro_mem_3 not found.
[WARNING STA-1650] ./results/nangate45_3D/ariane133/HBT/6_final.spef line 350350, net i_cache_subsystem/i_nbdcache/i_miss_handler/_04531_ not found.
[WARNING STA-1650] ./results/nangate45_3D/ariane133/HBT/6_final.spef line 350351, net i_cache_subsystem/i_nbdcache/i_tag_cmp.rdata_i\[173\] not found.
[WARNING STA-1650] ./results/nangate45_3D/ariane133/HBT/6_final.spef line 350374, net i_cache_subsystem/_1002_ not found.
[WARNING STA-1650] ./results/nangate45_3D/ariane133/HBT/6_final.spef line 350376, net ex_stage_i/lsu_i/i_store_unit/i_amo_buffer.data_i\[57\] not found.
[WARNING STA-1650] ./results/nangate45_3D/ariane133/HBT/6_final.spef line 350377, net i_cache_subsystem/axi_req_bypass\[103\] not found.
[WARNING STA-1650] ./results/nangate45_3D/ariane133/HBT/6_final.spef line 350381, net ex_stage_i/lsu_i/i_store_unit/_1727_ not found.
[WARNING STA-1650] ./results/nangate45_3D/ariane133/HBT/6_final.spef line 350382, net ex_stage_i/lsu_i/i_store_unit/_1732_ not found.
[WARNING STA-1650] ./results/nangate45_3D/ariane133/HBT/6_final.spef line 350383, net ex_stage_i/lsu_i/i_store_unit/_1734_ not found.
[WARNING STA-1650] ./results/nangate45_3D/ariane133/HBT/6_final.spef line 350385, net issue_stage_i/rs1_sb_iro\[34\] not found.
[WARNING STA-1650] ./results/nangate45_3D/ariane133/HBT/6_final.spef line 350386, net issue_stage_i/rs1_sb_iro\[43\] not found.
[WARNING STA-1650] ./results/nangate45_3D/ariane133/HBT/6_final.spef line 350411, net i_cache_subsystem/i_nbdcache/i_miss_handler/_00065_ not found.
[WARNING STA-1650] ./results/nangate45_3D/ariane133/HBT/6_final.spef line 350412, net ex_stage_i/lsu_i/i_mmu/_1594_ not found.
[WARNING STA-1650] ./results/nangate45_3D/ariane133/HBT/6_final.spef line 350413, net ex_stage_i/lsu_i/i_mmu/_1723_ not found.
[WARNING STA-1650] ./results/nangate45_3D/ariane133/HBT/6_final.spef line 350414, net ex_stage_i/lsu_i/i_mmu/i_dtlb/_12502_ not found.
[WARNING STA-1650] ./results/nangate45_3D/ariane133/HBT/6_final.spef line 350415, net ex_stage_i/lsu_i/i_store_unit/_1777_ not found.
[WARNING STA-1650] ./results/nangate45_3D/ariane133/HBT/6_final.spef line 350416, net i_cache_subsystem/_1002_ not found.
[WARNING STA-1650] ./results/nangate45_3D/ariane133/HBT/6_final.spef line 350433, net ex_stage_i/lsu_i/i_load_unit.ex_i\[54\] not found.
[WARNING STA-1650] ./results/nangate45_3D/ariane133/HBT/6_final.spef line 350434, net ex_stage_i/lsu_i/i_load_unit.paddr_i\[0\] not found.
[WARNING STA-1650] ./results/nangate45_3D/ariane133/HBT/6_final.spef line 350435, net ex_stage_i/lsu_i/i_load_unit.result_o\[28\] not found.
[WARNING STA-1650] ./results/nangate45_3D/ariane133/HBT/6_final.spef line 350436, net ex_stage_i/lsu_i/i_load_unit.result_o\[51\] not found.
[WARNING STA-1650] ./results/nangate45_3D/ariane133/HBT/6_final.spef line 350437, net ex_stage_i/lsu_i/i_load_unit.result_o\[57\] not found.
[WARNING STA-1650] ./results/nangate45_3D/ariane133/HBT/6_final.spef line 350438, net ex_stage_i/lsu_i/i_load_unit.result_o\[57\] not found.
[WARNING STA-1650] ./results/nangate45_3D/ariane133/HBT/6_final.spef line 350439, net ex_stage_i/lsu_i/i_load_unit.result_o\[62\] not found.
[WARNING STA-1650] ./results/nangate45_3D/ariane133/HBT/6_final.spef line 350440, net ex_stage_i/lsu_i/i_mmu/_0324_ not found.
[WARNING STA-1650] ./results/nangate45_3D/ariane133/HBT/6_final.spef line 350441, net ex_stage_i/lsu_i/i_mmu/dtlb_pte_q_u_ not found.
[WARNING STA-1650] ./results/nangate45_3D/ariane133/HBT/6_final.spef line 350442, net ex_stage_i/lsu_i/i_mmu/i_ptw.N124 not found.
[WARNING STA-1650] ./results/nangate45_3D/ariane133/HBT/6_final.spef line 350443, net ex_stage_i/lsu_i/i_mmu/i_ptw.dtlb_update_o\[72\] not found.
[WARNING STA-1650] ./results/nangate45_3D/ariane133/HBT/6_final.spef line 350444, net ex_stage_i/lsu_i/i_store_unit/i_amo_buffer.data_i\[39\] not found.
[WARNING STA-1650] ./results/nangate45_3D/ariane133/HBT/6_final.spef line 350445, net ex_stage_i/lsu_i/i_store_unit/i_amo_buffer.data_size_i\[0\] not found.
[WARNING STA-1650] ./results/nangate45_3D/ariane133/HBT/6_final.spef line 350446, net ex_stage_i/lsu_i/mmu_vaddr\[23\] not found.
[WARNING STA-1650] ./results/nangate45_3D/ariane133/HBT/6_final.spef line 350447, net i_cache_subsystem/_0408_ not found.
[WARNING STA-1650] ./results/nangate45_3D/ariane133/HBT/6_final.spef line 350448, net i_cache_subsystem/_0409_ not found.
[WARNING STA-1650] ./results/nangate45_3D/ariane133/HBT/6_final.spef line 350459, net ex_stage_i/lsu_i/i_mmu/i_itlb/_11278_ not found.
[WARNING STA-1650] ./results/nangate45_3D/ariane133/HBT/6_final.spef line 350461, net ex_stage_i/lsu_i/i_mmu/i_itlb/_04649_ not found.
[WARNING STA-1650] ./results/nangate45_3D/ariane133/HBT/6_final.spef line 350462, net ex_stage_i/lsu_i/i_mmu/i_itlb/tags_q\[482\] not found.
[WARNING STA-1650] ./results/nangate45_3D/ariane133/HBT/6_final.spef line 350463, net ex_stage_i/lsu_i/i_mmu/i_itlb/_06820_ not found.
[WARNING STA-1650] ./results/nangate45_3D/ariane133/HBT/6_final.spef line 350464, net ex_stage_i/lsu_i/i_mmu/i_itlb/_10310_ not found.
[WARNING STA-1650] ./results/nangate45_3D/ariane133/HBT/6_final.spef line 350465, net ex_stage_i/lsu_i/i_mmu/i_itlb/_10375_ not found.
[WARNING STA-1650] ./results/nangate45_3D/ariane133/HBT/6_final.spef line 350466, net ex_stage_i/lsu_i/i_mmu/i_itlb/_12510_ not found.
[WARNING STA-1650] ./results/nangate45_3D/ariane133/HBT/6_final.spef line 350467, net ex_stage_i/lsu_i/i_mmu/i_itlb/_12510_ not found.
[WARNING STA-1650] ./results/nangate45_3D/ariane133/HBT/6_final.spef line 350468, net i_frontend/_14563_ not found.
[WARNING STA-1650] ./results/nangate45_3D/ariane133/HBT/6_final.spef line 350469, net i_frontend/i_fetch_fifo/i_fifo_v3/_5538_ not found.
[WARNING STA-1650] ./results/nangate45_3D/ariane133/HBT/6_final.spef line 350470, net i_frontend/i_fetch_fifo/i_fifo_v3/_6788_ not found.
[WARNING STA-1650] ./results/nangate45_3D/ariane133/HBT/6_final.spef line 350471, net i_frontend/i_fetch_fifo/i_fifo_v3/_8443_ not found.
[WARNING STA-1650] ./results/nangate45_3D/ariane133/HBT/6_final.spef line 350482, net ex_stage_i/lsu_i/i_mmu/i_itlb/_04649_ not found.
[WARNING STA-1650] ./results/nangate45_3D/ariane133/HBT/6_final.spef line 350483, net ex_stage_i/lsu_i/i_mmu/i_itlb/_04649_ not found.
[WARNING STA-1650] ./results/nangate45_3D/ariane133/HBT/6_final.spef line 350484, net ex_stage_i/lsu_i/i_mmu/i_itlb/_04649_ not found.
[WARNING STA-1650] ./results/nangate45_3D/ariane133/HBT/6_final.spef line 350485, net ex_stage_i/lsu_i/i_mmu/i_itlb/_04649_ not found.
[WARNING STA-1650] ./results/nangate45_3D/ariane133/HBT/6_final.spef line 350486, net ex_stage_i/lsu_i/i_mmu/i_itlb/_04649_ not found.
[WARNING STA-1650] ./results/nangate45_3D/ariane133/HBT/6_final.spef line 350487, net ex_stage_i/lsu_i/i_mmu/i_itlb/_04649_ not found.
[WARNING STA-1650] ./results/nangate45_3D/ariane133/HBT/6_final.spef line 350488, net ex_stage_i/lsu_i/i_mmu/i_itlb/tags_q\[175\] not found.
[WARNING STA-1650] ./results/nangate45_3D/ariane133/HBT/6_final.spef line 350489, net ex_stage_i/lsu_i/i_mmu/i_ptw.N126 not found.
[WARNING STA-1650] ./results/nangate45_3D/ariane133/HBT/6_final.spef line 350491, net i_frontend/i_fetch_fifo/i_fifo_v3/mem_q\[1309\] not found.
[WARNING STA-1650] ./results/nangate45_3D/ariane133/HBT/6_final.spef line 350492, net i_frontend/i_fetch_fifo/i_fifo_v3/mem_q\[631\] not found.
[WARNING STA-1650] ./results/nangate45_3D/ariane133/HBT/6_final.spef line 350493, net i_frontend/i_ras.data_o\[25\] not found.
[WARNING STA-1650] ./results/nangate45_3D/ariane133/HBT/6_final.spef line 350498, net i_frontend/_11299_ not found.
[WARNING STA-1650] ./results/nangate45_3D/ariane133/HBT/6_final.spef line 350499, net i_frontend/_12274_ not found.
[WARNING STA-1650] ./results/nangate45_3D/ariane133/HBT/6_final.spef line 350500, net i_frontend/_12459_ not found.
[WARNING STA-1650] ./results/nangate45_3D/ariane133/HBT/6_final.spef line 350501, net i_frontend/_14560_ not found.
[WARNING STA-1650] ./results/nangate45_3D/ariane133/HBT/6_final.spef line 350502, net i_frontend/_14561_ not found.
[WARNING STA-1650] ./results/nangate45_3D/ariane133/HBT/6_final.spef line 350503, net i_frontend/_14563_ not found.
[WARNING STA-1650] ./results/nangate45_3D/ariane133/HBT/6_final.spef line 350504, net i_frontend/_15973_ not found.
[WARNING STA-1650] ./results/nangate45_3D/ariane133/HBT/6_final.spef line 350508, net i_frontend/_04298_ not found.
[WARNING STA-1650] ./results/nangate45_3D/ariane133/HBT/6_final.spef line 350509, net i_frontend/_07016_ not found.
[WARNING STA-1650] ./results/nangate45_3D/ariane133/HBT/6_final.spef line 350510, net i_frontend/_07444_ not found.
[WARNING STA-1650] ./results/nangate45_3D/ariane133/HBT/6_final.spef line 350511, net i_frontend/_07455_ not found.
[WARNING STA-1650] ./results/nangate45_3D/ariane133/HBT/6_final.spef line 350512, net i_frontend/_07455_ not found.
[WARNING STA-1650] ./results/nangate45_3D/ariane133/HBT/6_final.spef line 350513, net i_frontend/_08041_ not found.
[WARNING STA-1650] ./results/nangate45_3D/ariane133/HBT/6_final.spef line 350514, net i_frontend/_10305_ not found.
[WARNING STA-1650] ./results/nangate45_3D/ariane133/HBT/6_final.spef line 350515, net i_frontend/_12656_ not found.
[WARNING STA-1650] ./results/nangate45_3D/ariane133/HBT/6_final.spef line 350516, net i_frontend/_15780_ not found.
[WARNING STA-1650] ./results/nangate45_3D/ariane133/HBT/6_final.spef line 350517, net i_frontend/_15828_ not found.
[WARNING STA-1650] ./results/nangate45_3D/ariane133/HBT/6_final.spef line 350520, net i_frontend/i_fetch_fifo/i_fifo_v3/_1376_ not found.
[WARNING STA-1650] ./results/nangate45_3D/ariane133/HBT/6_final.spef line 350556, net i_cache_subsystem/i_nbdcache/i_miss_handler/_00089_ not found.
[WARNING STA-1650] ./results/nangate45_3D/ariane133/HBT/6_final.spef line 350560, net ex_stage_i/lsu_i/i_load_unit.paddr_i\[2\] not found.
[WARNING STA-1650] ./results/nangate45_3D/ariane133/HBT/6_final.spef line 350561, net ex_stage_i/lsu_i/i_load_unit.result_o\[30\] not found.
[WARNING STA-1650] ./results/nangate45_3D/ariane133/HBT/6_final.spef line 350565, net ex_stage_i/lsu_i/i_store_unit/i_amo_buffer.data_i\[5\] not found.
[WARNING STA-1650] ./results/nangate45_3D/ariane133/HBT/6_final.spef line 350568, net i_cache_subsystem/axi_req_bypass\[105\] not found.
[WARNING STA-1650] ./results/nangate45_3D/ariane133/HBT/6_final.spef line 350581, net issue_stage_i/i_scoreboard/_23935_ not found.
[WARNING STA-1650] ./results/nangate45_3D/ariane133/HBT/6_final.spef line 350588, net issue_stage_i/i_issue_read_operands/rdata\[21\] not found.
[WARNING STA-1650] ./results/nangate45_3D/ariane133/HBT/6_final.spef line 350589, net issue_stage_i/rs2_sb_iro\[53\] not found.
[WARNING STA-1650] ./results/nangate45_3D/ariane133/HBT/6_final.spef line 350590, net ex_stage_i/_4877_ not found.
[WARNING STA-1650] ./results/nangate45_3D/ariane133/HBT/6_final.spef line 350591, net ex_stage_i/_5691_ not found.
[WARNING STA-1650] ./results/nangate45_3D/ariane133/HBT/6_final.spef line 350592, net issue_stage_i/i_scoreboard/_43308_ not found.
[WARNING STA-1650] ./results/nangate45_3D/ariane133/HBT/6_final.spef line 350597, net ex_stage_i/_0096_ not found.
[WARNING STA-1650] ./results/nangate45_3D/ariane133/HBT/6_final.spef line 350598, net ex_stage_i/_0101_ not found.
[WARNING STA-1650] ./results/nangate45_3D/ariane133/HBT/6_final.spef line 350599, net ex_stage_i/_0111_ not found.
[WARNING STA-1650] ./results/nangate45_3D/ariane133/HBT/6_final.spef line 350600, net ex_stage_i/_0287_ not found.
[WARNING STA-1650] ./results/nangate45_3D/ariane133/HBT/6_final.spef line 350601, net ex_stage_i/_0287_ not found.
[WARNING STA-1650] ./results/nangate45_3D/ariane133/HBT/6_final.spef line 350602, net ex_stage_i/_0305_ not found.
[WARNING STA-1650] ./results/nangate45_3D/ariane133/HBT/6_final.spef line 350603, net ex_stage_i/_0614_ not found.
[WARNING STA-1650] ./results/nangate45_3D/ariane133/HBT/6_final.spef line 350604, net ex_stage_i/_0672_ not found.
[WARNING STA-1650] ./results/nangate45_3D/ariane133/HBT/6_final.spef line 350605, net ex_stage_i/_0751_ not found.
[WARNING STA-1650] ./results/nangate45_3D/ariane133/HBT/6_final.spef line 350606, net ex_stage_i/_0942_ not found.
[WARNING STA-1650] ./results/nangate45_3D/ariane133/HBT/6_final.spef line 350607, net ex_stage_i/_1271_ not found.
[WARNING STA-1650] ./results/nangate45_3D/ariane133/HBT/6_final.spef line 350608, net ex_stage_i/_1337_ not found.
[WARNING STA-1650] ./results/nangate45_3D/ariane133/HBT/6_final.spef line 350609, net ex_stage_i/_1410_ not found.
[WARNING STA-1650] ./results/nangate45_3D/ariane133/HBT/6_final.spef line 350610, net ex_stage_i/_1516_ not found.
[WARNING STA-1650] ./results/nangate45_3D/ariane133/HBT/6_final.spef line 350611, net ex_stage_i/_1615_ not found.
[WARNING STA-1650] ./results/nangate45_3D/ariane133/HBT/6_final.spef line 350612, net ex_stage_i/_1690_ not found.
[WARNING STA-1650] ./results/nangate45_3D/ariane133/HBT/6_final.spef line 350613, net ex_stage_i/_3245_ not found.
[WARNING STA-1650] ./results/nangate45_3D/ariane133/HBT/6_final.spef line 350614, net ex_stage_i/_3726_ not found.
[WARNING STA-1650] ./results/nangate45_3D/ariane133/HBT/6_final.spef line 350615, net ex_stage_i/_3726_ not found.
[WARNING STA-1650] ./results/nangate45_3D/ariane133/HBT/6_final.spef line 350653, net i_cache_subsystem/i_nbdcache/_6763_ not found.
[WARNING STA-1650] ./results/nangate45_3D/ariane133/HBT/6_final.spef line 350654, net i_cache_subsystem/i_nbdcache/i_miss_handler/_12300_ not found.
[WARNING STA-1650] ./results/nangate45_3D/ariane133/HBT/6_final.spef line 350655, net i_cache_subsystem/i_nbdcache/i_miss_handler/_12301_ not found.
[WARNING STA-1650] ./results/nangate45_3D/ariane133/HBT/6_final.spef line 350656, net i_cache_subsystem/i_nbdcache/i_miss_handler/_12486_ not found.
[WARNING STA-1650] ./results/nangate45_3D/ariane133/HBT/6_final.spef line 350658, net i_cache_subsystem/i_nbdcache/i_miss_handler/_00088_ not found.
[WARNING STA-1650] ./results/nangate45_3D/ariane133/HBT/6_final.spef line 350659, net i_cache_subsystem/i_nbdcache/i_miss_handler/_00096_ not found.
[WARNING STA-1650] ./results/nangate45_3D/ariane133/HBT/6_final.spef line 350660, net i_cache_subsystem/i_nbdcache/i_miss_handler/_07060_ not found.
[WARNING STA-1650] ./results/nangate45_3D/ariane133/HBT/6_final.spef line 350665, net i_cache_subsystem/i_nbdcache/i_miss_handler/_12247_ not found.
[WARNING STA-1650] ./results/nangate45_3D/ariane133/HBT/6_final.spef line 350666, net i_cache_subsystem/i_nbdcache/i_miss_handler/_12575_ not found.
[WARNING STA-1650] ./results/nangate45_3D/ariane133/HBT/6_final.spef line 350667, net i_cache_subsystem/i_nbdcache/i_miss_handler/_12578_ not found.
[WARNING STA-1650] ./results/nangate45_3D/ariane133/HBT/6_final.spef line 350668, net i_cache_subsystem/i_nbdcache/i_miss_handler/_12696_ not found.
[WARNING STA-1650] ./results/nangate45_3D/ariane133/HBT/6_final.spef line 350669, net i_cache_subsystem/i_nbdcache/i_miss_handler/_00046_ not found.
[WARNING STA-1650] ./results/nangate45_3D/ariane133/HBT/6_final.spef line 350670, net i_cache_subsystem/i_nbdcache/i_miss_handler/_00094_ not found.
[WARNING STA-1650] ./results/nangate45_3D/ariane133/HBT/6_final.spef line 350671, net i_cache_subsystem/i_nbdcache/i_miss_handler/_00096_ not found.
[WARNING STA-1650] ./results/nangate45_3D/ariane133/HBT/6_final.spef line 350672, net i_cache_subsystem/i_nbdcache/i_miss_handler/_07107_ not found.
[WARNING STA-1650] ./results/nangate45_3D/ariane133/HBT/6_final.spef line 350673, net i_cache_subsystem/i_nbdcache/i_miss_handler/_07107_ not found.
[WARNING STA-1650] ./results/nangate45_3D/ariane133/HBT/6_final.spef line 350674, net i_cache_subsystem/i_nbdcache/i_miss_handler/_09155_ not found.
[WARNING STA-1650] ./results/nangate45_3D/ariane133/HBT/6_final.spef line 350675, net i_cache_subsystem/i_nbdcache/i_miss_handler/_10393_ not found.
[WARNING STA-1650] ./results/nangate45_3D/ariane133/HBT/6_final.spef line 350676, net i_cache_subsystem/i_nbdcache/i_miss_handler/_10944_ not found.
[WARNING STA-1650] ./results/nangate45_3D/ariane133/HBT/6_final.spef line 350680, net i_cache_subsystem/i_nbdcache/i_miss_handler/_09155_ not found.
[WARNING STA-1650] ./results/nangate45_3D/ariane133/HBT/6_final.spef line 350681, net i_cache_subsystem/i_nbdcache/i_miss_handler/_10393_ not found.
[WARNING STA-1650] ./results/nangate45_3D/ariane133/HBT/6_final.spef line 350682, net ex_stage_i/_7979_ not found.
[WARNING STA-1650] ./results/nangate45_3D/ariane133/HBT/6_final.spef line 350683, net ex_stage_i/lsu_i/i_store_unit/_1211_ not found.
[WARNING STA-1650] ./results/nangate45_3D/ariane133/HBT/6_final.spef line 350684, net ex_stage_i/lsu_i/i_store_unit/_1511_ not found.
[WARNING STA-1650] ./results/nangate45_3D/ariane133/HBT/6_final.spef line 350685, net ex_stage_i/lsu_i/i_store_unit/_1667_ not found.
[WARNING STA-1650] ./results/nangate45_3D/ariane133/HBT/6_final.spef line 350686, net i_cache_subsystem/i_nbdcache/i_miss_handler/_12124_ not found.
[WARNING STA-1650] ./results/nangate45_3D/ariane133/HBT/6_final.spef line 350691, net ex_stage_i/lsu_i/i_store_unit/_0444_ not found.
[WARNING STA-1650] ./results/nangate45_3D/ariane133/HBT/6_final.spef line 350692, net ex_stage_i/lsu_i/i_store_unit/_0467_ not found.
[WARNING STA-1650] ./results/nangate45_3D/ariane133/HBT/6_final.spef line 350693, net ex_stage_i/lsu_i/i_store_unit/i_amo_buffer.data_i\[3\] not found.
[WARNING STA-1650] ./results/nangate45_3D/ariane133/HBT/6_final.spef line 350694, net ex_stage_i/lsu_i/i_store_unit/i_amo_buffer.data_i\[44\] not found.
[WARNING STA-1650] ./results/nangate45_3D/ariane133/HBT/6_final.spef line 350695, net ex_stage_i/lsu_i/i_store_unit/i_amo_buffer.data_i\[54\] not found.
[WARNING STA-1650] ./results/nangate45_3D/ariane133/HBT/6_final.spef line 350696, net i_cache_subsystem/i_nbdcache/i_miss_handler/_06449_ not found.
[WARNING STA-1650] ./results/nangate45_3D/ariane133/HBT/6_final.spef line 350697, net i_cache_subsystem/i_nbdcache/i_miss_handler/_08769_ not found.
[WARNING STA-1650] ./results/nangate45_3D/ariane133/HBT/6_final.spef line 350698, net i_cache_subsystem/i_nbdcache/i_miss_handler/_10474_ not found.
[WARNING STA-1650] ./results/nangate45_3D/ariane133/HBT/6_final.spef line 350699, net i_cache_subsystem/i_nbdcache/i_miss_handler/_10806_ not found.
[WARNING STA-1650] ./results/nangate45_3D/ariane133/HBT/6_final.spef line 350700, net i_cache_subsystem/i_nbdcache/i_miss_handler/_10806_ not found.
[WARNING STA-1650] ./results/nangate45_3D/ariane133/HBT/6_final.spef line 350701, net i_cache_subsystem/i_nbdcache/i_miss_handler/_10982_ not found.
[WARNING STA-1650] ./results/nangate45_3D/ariane133/HBT/6_final.spef line 350702, net i_cache_subsystem/i_nbdcache/i_miss_handler/_11055_ not found.
[WARNING STA-1650] ./results/nangate45_3D/ariane133/HBT/6_final.spef line 350703, net i_cache_subsystem/i_nbdcache/i_miss_handler/_11138_ not found.
[WARNING STA-1650] ./results/nangate45_3D/ariane133/HBT/6_final.spef line 350704, net i_cache_subsystem/i_nbdcache/i_miss_handler/_11166_ not found.
[WARNING STA-1650] ./results/nangate45_3D/ariane133/HBT/6_final.spef line 350707, net ex_stage_i/lsu_i/i_store_unit/_1511_ not found.
[WARNING STA-1650] ./results/nangate45_3D/ariane133/HBT/6_final.spef line 350708, net ex_stage_i/lsu_i/i_store_unit/_0467_ not found.
[WARNING STA-1650] ./results/nangate45_3D/ariane133/HBT/6_final.spef line 350711, net ex_stage_i/_8076_ not found.
[WARNING STA-1650] ./results/nangate45_3D/ariane133/HBT/6_final.spef line 350712, net ex_stage_i/lsu_i/_5966_ not found.
[WARNING STA-1650] ./results/nangate45_3D/ariane133/HBT/6_final.spef line 350713, net issue_stage_i/i_scoreboard/_42716_ not found.
[WARNING STA-1650] ./results/nangate45_3D/ariane133/HBT/6_final.spef line 350714, net issue_stage_i/i_scoreboard/_44553_ not found.
[WARNING STA-1650] ./results/nangate45_3D/ariane133/HBT/6_final.spef line 350715, net issue_stage_i/i_scoreboard/_61053_ not found.
[WARNING STA-1650] ./results/nangate45_3D/ariane133/HBT/6_final.spef line 350732, net ex_stage_i/lsu_i/_0936_ not found.
[WARNING STA-1650] ./results/nangate45_3D/ariane133/HBT/6_final.spef line 350733, net ex_stage_i/lsu_i/_1028_ not found.
[WARNING STA-1650] ./results/nangate45_3D/ariane133/HBT/6_final.spef line 350734, net ex_stage_i/lsu_i/i_load_unit.ex_i\[29\] not found.
[WARNING STA-1650] ./results/nangate45_3D/ariane133/HBT/6_final.spef line 350735, net ex_stage_i/lsu_i/i_load_unit.lsu_ctrl_i\[26\] not found.
[WARNING STA-1650] ./results/nangate45_3D/ariane133/HBT/6_final.spef line 350736, net ex_stage_i/lsu_i/i_load_unit.lsu_ctrl_i\[43\] not found.
[WARNING STA-1650] ./results/nangate45_3D/ariane133/HBT/6_final.spef line 350737, net ex_stage_i/lsu_i/i_load_unit.lsu_ctrl_i\[51\] not found.
[WARNING STA-1650] ./results/nangate45_3D/ariane133/HBT/6_final.spef line 350738, net ex_stage_i/lsu_i/i_mmu/i_ptw.dtlb_update_o\[84\] not found.
[WARNING STA-1650] ./results/nangate45_3D/ariane133/HBT/6_final.spef line 350739, net ex_stage_i/lsu_i/i_store_unit/_0416_ not found.
[WARNING STA-1650] ./results/nangate45_3D/ariane133/HBT/6_final.spef line 350740, net ex_stage_i/lsu_i/i_store_unit/_0467_ not found.
[WARNING STA-1650] ./results/nangate45_3D/ariane133/HBT/6_final.spef line 350741, net ex_stage_i/lsu_i/i_store_unit/i_amo_buffer.data_i\[44\] not found.
[WARNING STA-1650] ./results/nangate45_3D/ariane133/HBT/6_final.spef line 350742, net ex_stage_i/lsu_i/i_store_unit/i_amo_buffer.data_i\[44\] not found.
[WARNING STA-1650] ./results/nangate45_3D/ariane133/HBT/6_final.spef line 350745, net issue_stage_i/i_scoreboard/_07484_ not found.
[WARNING STA-1650] ./results/nangate45_3D/ariane133/HBT/6_final.spef line 350746, net issue_stage_i/i_scoreboard/_07484_ not found.
[WARNING STA-1650] ./results/nangate45_3D/ariane133/HBT/6_final.spef line 350747, net issue_stage_i/i_scoreboard/_07484_ not found.
[WARNING STA-1650] ./results/nangate45_3D/ariane133/HBT/6_final.spef line 350748, net issue_stage_i/i_scoreboard/_07484_ not found.
[WARNING STA-1650] ./results/nangate45_3D/ariane133/HBT/6_final.spef line 350749, net issue_stage_i/i_scoreboard/_07484_ not found.
[WARNING STA-1650] ./results/nangate45_3D/ariane133/HBT/6_final.spef line 350750, net issue_stage_i/i_scoreboard/_07779_ not found.
[WARNING STA-1650] ./results/nangate45_3D/ariane133/HBT/6_final.spef line 350751, net issue_stage_i/i_scoreboard/_10464_ not found.
[WARNING STA-1650] ./results/nangate45_3D/ariane133/HBT/6_final.spef line 350752, net issue_stage_i/i_scoreboard/_25910_ not found.
[WARNING STA-1650] ./results/nangate45_3D/ariane133/HBT/6_final.spef line 350753, net issue_stage_i/rd_clobber_gpr_sb_iro\[107\] not found.
[WARNING STA-1650] ./results/nangate45_3D/ariane133/HBT/6_final.spef line 350754, net issue_stage_i/rd_clobber_gpr_sb_iro\[128\] not found.
[WARNING STA-1650] ./results/nangate45_3D/ariane133/HBT/6_final.spef line 350806, net i_cache_subsystem/i_nbdcache/_1800_ not found.
[WARNING STA-1650] ./results/nangate45_3D/ariane133/HBT/6_final.spef line 350807, net i_cache_subsystem/i_nbdcache/i_miss_handler/_00099_ not found.
[WARNING STA-1650] ./results/nangate45_3D/ariane133/HBT/6_final.spef line 350809, net i_cache_subsystem/i_nbdcache/_1803_ not found.
[WARNING STA-1650] ./results/nangate45_3D/ariane133/HBT/6_final.spef line 350810, net i_cache_subsystem/i_nbdcache/i_miss_handler/_00059_ not found.
[WARNING STA-1650] ./results/nangate45_3D/ariane133/HBT/6_final.spef line 350818, net ex_stage_i/lsu_i/i_store_unit/_1763_ not found.
[WARNING STA-1650] ./results/nangate45_3D/ariane133/HBT/6_final.spef line 350819, net ex_stage_i/lsu_i/i_store_unit/i_amo_buffer.data_i\[19\] not found.
[WARNING STA-1650] ./results/nangate45_3D/ariane133/HBT/6_final.spef line 350870, net i_cache_subsystem/_0403_ not found.
[WARNING STA-1650] ./results/nangate45_3D/ariane133/HBT/6_final.spef line 350871, net i_cache_subsystem/i_nbdcache/_3113_ not found.
[WARNING STA-1650] ./results/nangate45_3D/ariane133/HBT/6_final.spef line 350872, net i_cache_subsystem/i_nbdcache/_3790_ not found.
[WARNING STA-1650] ./results/nangate45_3D/ariane133/HBT/6_final.spef line 350873, net i_cache_subsystem/i_nbdcache/_5225_ not found.
[WARNING STA-1650] ./results/nangate45_3D/ariane133/HBT/6_final.spef line 350874, net i_cache_subsystem/i_nbdcache/_5799_ not found.
[WARNING STA-1650] ./results/nangate45_3D/ariane133/HBT/6_final.spef line 350875, net i_cache_subsystem/i_nbdcache/_5799_ not found.
[WARNING STA-1650] ./results/nangate45_3D/ariane133/HBT/6_final.spef line 350876, net i_cache_subsystem/i_nbdcache/_6038_ not found.
[WARNING STA-1650] ./results/nangate45_3D/ariane133/HBT/6_final.spef line 350877, net i_cache_subsystem/i_nbdcache/_6800_ not found.
[WARNING STA-1650] ./results/nangate45_3D/ariane133/HBT/6_final.spef line 350878, net i_cache_subsystem/i_nbdcache/i_miss_handler/_11795_ not found.
[WARNING STA-1650] ./results/nangate45_3D/ariane133/HBT/6_final.spef line 350879, net i_cache_subsystem/i_nbdcache/i_miss_handler/_11822_ not found.
[WARNING STA-1650] ./results/nangate45_3D/ariane133/HBT/6_final.spef line 350880, net i_cache_subsystem/i_nbdcache/i_miss_handler/_11968_ not found.
[WARNING STA-1650] ./results/nangate45_3D/ariane133/HBT/6_final.spef line 350881, net i_cache_subsystem/i_nbdcache/i_miss_handler/_11974_ not found.
[WARNING STA-1650] ./results/nangate45_3D/ariane133/HBT/6_final.spef line 350882, net i_cache_subsystem/i_nbdcache/i_miss_handler/_13060_ not found.
[WARNING STA-1650] ./results/nangate45_3D/ariane133/HBT/6_final.spef line 350883, net i_cache_subsystem/i_nbdcache/i_miss_handler/_20353_ not found.
[WARNING STA-1650] ./results/nangate45_3D/ariane133/HBT/6_final.spef line 350884, net i_cache_subsystem/i_nbdcache/i_miss_handler/_20355_ not found.
[WARNING STA-1650] ./results/nangate45_3D/ariane133/HBT/6_final.spef line 350885, net i_cache_subsystem/i_nbdcache/i_miss_handler/_21842_ not found.
[WARNING STA-1650] ./results/nangate45_3D/ariane133/HBT/6_final.spef line 350886, net i_cache_subsystem/i_nbdcache/i_miss_handler/_21886_ not found.
[WARNING STA-1650] ./results/nangate45_3D/ariane133/HBT/6_final.spef line 350887, net i_cache_subsystem/i_nbdcache/i_miss_handler/_21887_ not found.
[WARNING STA-1650] ./results/nangate45_3D/ariane133/HBT/6_final.spef line 350888, net i_cache_subsystem/i_nbdcache/i_miss_handler/_22229_ not found.
[WARNING STA-1650] ./results/nangate45_3D/ariane133/HBT/6_final.spef line 350889, net i_cache_subsystem/i_nbdcache/i_miss_handler/_22405_ not found.
[WARNING STA-1650] ./results/nangate45_3D/ariane133/HBT/6_final.spef line 350897, net i_cache_subsystem/_0403_ not found.
[WARNING STA-1650] ./results/nangate45_3D/ariane133/HBT/6_final.spef line 350898, net i_cache_subsystem/i_nbdcache/_1372_ not found.
[WARNING STA-1650] ./results/nangate45_3D/ariane133/HBT/6_final.spef line 350899, net i_cache_subsystem/i_nbdcache/i_miss_handler/_00048_ not found.
[WARNING STA-1650] ./results/nangate45_3D/ariane133/HBT/6_final.spef line 350900, net i_cache_subsystem/i_nbdcache/i_miss_handler/_00048_ not found.
[WARNING STA-1650] ./results/nangate45_3D/ariane133/HBT/6_final.spef line 350901, net i_cache_subsystem/i_nbdcache/i_miss_handler/_00056_ not found.
[WARNING STA-1650] ./results/nangate45_3D/ariane133/HBT/6_final.spef line 350902, net i_cache_subsystem/i_nbdcache/i_miss_handler/_00061_ not found.
[WARNING STA-1650] ./results/nangate45_3D/ariane133/HBT/6_final.spef line 350903, net i_cache_subsystem/i_nbdcache/i_miss_handler/_00074_ not found.
[WARNING STA-1650] ./results/nangate45_3D/ariane133/HBT/6_final.spef line 350904, net i_cache_subsystem/i_nbdcache/i_miss_handler/_00104_ not found.
[WARNING STA-1650] ./results/nangate45_3D/ariane133/HBT/6_final.spef line 350905, net i_cache_subsystem/i_nbdcache/i_miss_handler/_00168_ not found.
[WARNING STA-1650] ./results/nangate45_3D/ariane133/HBT/6_final.spef line 350906, net i_cache_subsystem/i_nbdcache/i_miss_handler/_06820_ not found.
[WARNING STA-1650] ./results/nangate45_3D/ariane133/HBT/6_final.spef line 350907, net i_cache_subsystem/i_nbdcache/i_miss_handler/mshr_q_wdata__4__2_ not found.
[WARNING STA-1650] ./results/nangate45_3D/ariane133/HBT/6_final.spef line 350916, net i_cache_subsystem/i_nbdcache/_3782_ not found.
[WARNING STA-1650] ./results/nangate45_3D/ariane133/HBT/6_final.spef line 350917, net i_cache_subsystem/i_nbdcache/i_miss_handler/_20360_ not found.
[WARNING STA-1650] ./results/nangate45_3D/ariane133/HBT/6_final.spef line 350918, net i_cache_subsystem/i_nbdcache/i_miss_handler/_20365_ not found.
[WARNING STA-1650] ./results/nangate45_3D/ariane133/HBT/6_final.spef line 350919, net i_cache_subsystem/i_nbdcache/i_miss_handler/_20366_ not found.
[WARNING STA-1650] ./results/nangate45_3D/ariane133/HBT/6_final.spef line 350922, net i_cache_subsystem/i_nbdcache/_1861_ not found.
[WARNING STA-1650] ./results/nangate45_3D/ariane133/HBT/6_final.spef line 350923, net i_cache_subsystem/i_nbdcache/i_miss_handler/_00048_ not found.
[WARNING STA-1650] ./results/nangate45_3D/ariane133/HBT/6_final.spef line 350925, net i_cache_subsystem/i_nbdcache/_3782_ not found.
[WARNING STA-1650] ./results/nangate45_3D/ariane133/HBT/6_final.spef line 350926, net i_cache_subsystem/i_nbdcache/_5169_ not found.
[WARNING STA-1650] ./results/nangate45_3D/ariane133/HBT/6_final.spef line 350927, net i_cache_subsystem/i_nbdcache/i_miss_handler/_12879_ not found.
[WARNING STA-1650] ./results/nangate45_3D/ariane133/HBT/6_final.spef line 350928, net i_cache_subsystem/i_nbdcache/i_miss_handler/_20042_ not found.
[WARNING STA-1650] ./results/nangate45_3D/ariane133/HBT/6_final.spef line 350931, net i_cache_subsystem/i_nbdcache/_1810_ not found.
[WARNING STA-1650] ./results/nangate45_3D/ariane133/HBT/6_final.spef line 350932, net i_cache_subsystem/i_nbdcache/i_miss_handler/_00048_ not found.
[WARNING STA-1650] ./results/nangate45_3D/ariane133/HBT/6_final.spef line 350933, net i_cache_subsystem/i_nbdcache/i_miss_handler/_06820_ not found.
[WARNING STA-1650] ./results/nangate45_3D/ariane133/HBT/6_final.spef line 350934, net i_cache_subsystem/i_nbdcache/wdata_ram_data__108_ not found.
[WARNING STA-1650] ./results/nangate45_3D/ariane133/HBT/6_final.spef line 350935, net i_cache_subsystem/i_nbdcache/i_miss_handler/_20073_ not found.
[WARNING STA-1650] ./results/nangate45_3D/ariane133/HBT/6_final.spef line 350939, net i_cache_subsystem/i_nbdcache/i_miss_handler/_06817_ not found.
[WARNING STA-1650] ./results/nangate45_3D/ariane133/HBT/6_final.spef line 350940, net i_cache_subsystem/i_nbdcache/master_ports_0__i_cache_ctrl.miss_req_o\[8\] not found.
[WARNING STA-1650] ./results/nangate45_3D/ariane133/HBT/6_final.spef line 350944, net i_cache_subsystem/i_nbdcache/i_miss_handler/i_bypass_arbiter.req_q\[18\] not found.
[WARNING STA-1650] ./results/nangate45_3D/ariane133/HBT/6_final.spef line 350945, net i_cache_subsystem/i_nbdcache/master_ports_0__i_cache_ctrl.miss_req_o\[8\] not found.
[WARNING STA-1650] ./results/nangate45_3D/ariane133/HBT/6_final.spef line 350948, net i_cache_subsystem/i_nbdcache/_6683_ not found.
[WARNING STA-1650] ./results/nangate45_3D/ariane133/HBT/6_final.spef line 350953, net i_cache_subsystem/i_nbdcache/i_miss_handler/evict_cl_q_data__124_ not found.
[WARNING STA-1650] ./results/nangate45_3D/ariane133/HBT/6_final.spef line 350957, net i_cache_subsystem/i_nbdcache/i_miss_handler/evict_cl_q_data__77_ not found.
[WARNING STA-1650] ./results/nangate45_3D/ariane133/HBT/6_final.spef line 350958, net i_cache_subsystem/i_nbdcache/wdata_ram_data__80_ not found.
[WARNING STA-1650] ./results/nangate45_3D/ariane133/HBT/6_final.spef line 350961, net i_cache_subsystem/i_nbdcache/wdata_ram_data__80_ not found.
[WARNING STA-1650] ./results/nangate45_3D/ariane133/HBT/6_final.spef line 350962, net i_cache_subsystem/i_nbdcache/i_miss_handler/evict_cl_q_data__125_ not found.
[WARNING STA-1650] ./results/nangate45_3D/ariane133/HBT/6_final.spef line 350965, net i_cache_subsystem/i_nbdcache/i_miss_handler/evict_cl_q_data__125_ not found.
[WARNING STA-1650] ./results/nangate45_3D/ariane133/HBT/6_final.spef line 350966, net i_cache_subsystem/i_nbdcache/wdata_ram_data__82_ not found.
[WARNING STA-1648] ./results/nangate45_3D/ariane133/HBT/6_final.spef line 351003, instance i_cache_subsystem/_0552_ not found.
[WARNING STA-1650] ./results/nangate45_3D/ariane133/HBT/6_final.spef line 351007, net i_cache_subsystem/_0552_ not found.
[WARNING STA-1650] ./results/nangate45_3D/ariane133/HBT/6_final.spef line 351016, net i_cache_subsystem/_0533_ not found.
[WARNING STA-1650] ./results/nangate45_3D/ariane133/HBT/6_final.spef line 351029, net i_cache_subsystem/i_icache/_2344_ not found.
[WARNING STA-1650] ./results/nangate45_3D/ariane133/HBT/6_final.spef line 351032, net i_cache_subsystem/_0552_ not found.
[WARNING STA-1650] ./results/nangate45_3D/ariane133/HBT/6_final.spef line 351057, net i_cache_subsystem/_1052_ not found.
[WARNING STA-1650] ./results/nangate45_3D/ariane133/HBT/6_final.spef line 351058, net i_cache_subsystem/_1057_ not found.
[WARNING STA-1650] ./results/nangate45_3D/ariane133/HBT/6_final.spef line 351059, net i_cache_subsystem/_1059_ not found.
[WARNING STA-1650] ./results/nangate45_3D/ariane133/HBT/6_final.spef line 351066, net i_cache_subsystem/i_nbdcache/i_miss_handler/_09534_ not found.
[WARNING STA-1650] ./results/nangate45_3D/ariane133/HBT/6_final.spef line 351068, net i_cache_subsystem/i_nbdcache/i_miss_handler/_18851_ not found.
[WARNING STA-1650] ./results/nangate45_3D/ariane133/HBT/6_final.spef line 351069, net i_cache_subsystem/i_nbdcache/i_miss_handler/_18937_ not found.
[WARNING STA-1650] ./results/nangate45_3D/ariane133/HBT/6_final.spef line 351071, net i_cache_subsystem/i_nbdcache/i_miss_handler/_22579_ not found.
[WARNING STA-1650] ./results/nangate45_3D/ariane133/HBT/6_final.spef line 351072, net i_cache_subsystem/i_nbdcache/sram_block_0__data_sram/genblk1_1__i_ram/macro_mem_1 not found.
[WARNING STA-1650] ./results/nangate45_3D/ariane133/HBT/6_final.spef line 351073, net i_cache_subsystem/i_nbdcache/i_miss_handler/evict_cl_q_data__73_ not found.
[WARNING STA-1650] ./results/nangate45_3D/ariane133/HBT/6_final.spef line 351074, net i_cache_subsystem/i_nbdcache/i_miss_handler/evict_cl_q_data__86_ not found.
[WARNING STA-1650] ./results/nangate45_3D/ariane133/HBT/6_final.spef line 351076, net i_cache_subsystem/i_nbdcache/i_miss_handler/_22579_ not found.
[WARNING STA-1650] ./results/nangate45_3D/ariane133/HBT/6_final.spef line 351080, net i_cache_subsystem/i_nbdcache/i_miss_handler/evict_cl_q_data__86_ not found.
[WARNING STA-1650] ./results/nangate45_3D/ariane133/HBT/6_final.spef line 351081, net i_cache_subsystem/i_nbdcache/i_tag_cmp.rdata_i\[608\] not found.
[WARNING STA-1650] ./results/nangate45_3D/ariane133/HBT/6_final.spef line 351082, net i_cache_subsystem/i_nbdcache/i_tag_cmp.rdata_i\[609\] not found.
[WARNING STA-1650] ./results/nangate45_3D/ariane133/HBT/6_final.spef line 351083, net i_cache_subsystem/i_nbdcache/i_tag_cmp.rdata_i\[610\] not found.
[WARNING STA-1650] ./results/nangate45_3D/ariane133/HBT/6_final.spef line 351084, net i_cache_subsystem/i_nbdcache/sram_block_5__data_sram/genblk1_1__i_ram/csel_b not found.
[WARNING STA-1650] ./results/nangate45_3D/ariane133/HBT/6_final.spef line 351087, net i_cache_subsystem/i_nbdcache/sram_block_3__data_sram/genblk1_1__i_ram/macro_mem_0 not found.
[WARNING STA-1650] ./results/nangate45_3D/ariane133/HBT/6_final.spef line 351117, net i_cache_subsystem/i_nbdcache/i_miss_handler/_19666_ not found.
[WARNING STA-1650] ./results/nangate45_3D/ariane133/HBT/6_final.spef line 351135, net i_cache_subsystem/i_nbdcache/i_tag_cmp.rdata_i\[504\] not found.
[WARNING STA-1650] ./results/nangate45_3D/ariane133/HBT/6_final.spef line 351136, net i_cache_subsystem/i_nbdcache/sram_block_4__tag_sram.genblk1_0__i_ram.CSel_SI not found.
[WARNING STA-1650] ./results/nangate45_3D/ariane133/HBT/6_final.spef line 351137, net i_cache_subsystem/_1042_ not found.
[WARNING STA-1650] ./results/nangate45_3D/ariane133/HBT/6_final.spef line 351138, net i_cache_subsystem/_1042_ not found.
[WARNING STA-1650] ./results/nangate45_3D/ariane133/HBT/6_final.spef line 351139, net i_cache_subsystem/_1044_ not found.
[WARNING STA-1650] ./results/nangate45_3D/ariane133/HBT/6_final.spef line 351140, net i_cache_subsystem/_1117_ not found.
[WARNING STA-1650] ./results/nangate45_3D/ariane133/HBT/6_final.spef line 351144, net i_cache_subsystem/axi_req_bypass\[136\] not found.
[WARNING STA-1650] ./results/nangate45_3D/ariane133/HBT/6_final.spef line 351145, net i_cache_subsystem/i_nbdcache/i_miss_handler/i_lfsr.refill_way_bin\[0\] not found.
[WARNING STA-1650] ./results/nangate45_3D/ariane133/HBT/6_final.spef line 351152, net ex_stage_i/lsu_i/i_store_unit/store_buffer_i/_10213_ not found.
[WARNING STA-1650] ./results/nangate45_3D/ariane133/HBT/6_final.spef line 351153, net i_cache_subsystem/_1086_ not found.
[WARNING STA-1650] ./results/nangate45_3D/ariane133/HBT/6_final.spef line 351154, net i_cache_subsystem/i_nbdcache/i_miss_handler/_20423_ not found.
[WARNING STA-1650] ./results/nangate45_3D/ariane133/HBT/6_final.spef line 351155, net i_cache_subsystem/i_nbdcache/i_miss_handler/_20428_ not found.
[WARNING STA-1650] ./results/nangate45_3D/ariane133/HBT/6_final.spef line 351156, net i_cache_subsystem/i_nbdcache/i_miss_handler/_21842_ not found.
[WARNING STA-1650] ./results/nangate45_3D/ariane133/HBT/6_final.spef line 351167, net ex_stage_i/lsu_i/i_load_unit.paddr_i\[2\] not found.
[WARNING STA-1650] ./results/nangate45_3D/ariane133/HBT/6_final.spef line 351168, net ex_stage_i/lsu_i/i_load_unit.paddr_i\[2\] not found.
[WARNING STA-1650] ./results/nangate45_3D/ariane133/HBT/6_final.spef line 351169, net ex_stage_i/lsu_i/i_store_unit/store_buffer_i/_03213_ not found.
[WARNING STA-1650] ./results/nangate45_3D/ariane133/HBT/6_final.spef line 351170, net i_cache_subsystem/axi_req_bypass\[120\] not found.
[WARNING STA-1650] ./results/nangate45_3D/ariane133/HBT/6_final.spef line 351171, net i_cache_subsystem/axi_req_bypass\[121\] not found.
[WARNING STA-1650] ./results/nangate45_3D/ariane133/HBT/6_final.spef line 351172, net i_cache_subsystem/axi_req_bypass\[165\] not found.
[WARNING STA-1650] ./results/nangate45_3D/ariane133/HBT/6_final.spef line 351173, net i_cache_subsystem/i_nbdcache/i_miss_handler/_00069_ not found.
[WARNING STA-1650] ./results/nangate45_3D/ariane133/HBT/6_final.spef line 351174, net i_cache_subsystem/i_nbdcache/i_miss_handler/_01537_ not found.
[WARNING STA-1650] ./results/nangate45_3D/ariane133/HBT/6_final.spef line 351175, net i_cache_subsystem/i_nbdcache/i_miss_handler/i_lfsr.refill_way_bin\[0\] not found.
[WARNING STA-1650] ./results/nangate45_3D/ariane133/HBT/6_final.spef line 351205, net i_cache_subsystem/_1128_ not found.
[WARNING STA-1650] ./results/nangate45_3D/ariane133/HBT/6_final.spef line 351206, net i_cache_subsystem/axi_req_bypass\[122\] not found.
[WARNING STA-1650] ./results/nangate45_3D/ariane133/HBT/6_final.spef line 351207, net i_cache_subsystem/i_nbdcache/i_miss_handler/_12304_ not found.
[WARNING STA-1650] ./results/nangate45_3D/ariane133/HBT/6_final.spef line 351208, net issue_stage_i/i_issue_read_operands/i_ariane_regfile/_12139_ not found.
[WARNING STA-1650] ./results/nangate45_3D/ariane133/HBT/6_final.spef line 351209, net issue_stage_i/i_issue_read_operands/i_ariane_regfile/_13801_ not found.
[WARNING STA-1650] ./results/nangate45_3D/ariane133/HBT/6_final.spef line 351210, net issue_stage_i/i_issue_read_operands/i_ariane_regfile/_14396_ not found.
[WARNING STA-1650] ./results/nangate45_3D/ariane133/HBT/6_final.spef line 351211, net issue_stage_i/i_scoreboard/_44147_ not found.
[WARNING STA-1650] ./results/nangate45_3D/ariane133/HBT/6_final.spef line 351222, net i_cache_subsystem/i_nbdcache/_1798_ not found.
[WARNING STA-1650] ./results/nangate45_3D/ariane133/HBT/6_final.spef line 351223, net i_cache_subsystem/i_nbdcache/i_miss_handler/_00077_ not found.
[WARNING STA-1650] ./results/nangate45_3D/ariane133/HBT/6_final.spef line 351224, net issue_stage_i/i_issue_read_operands/i_ariane_regfile/_01078_ not found.
[WARNING STA-1650] ./results/nangate45_3D/ariane133/HBT/6_final.spef line 351225, net issue_stage_i/i_issue_read_operands/i_ariane_regfile/_06992_ not found.
[WARNING STA-1650] ./results/nangate45_3D/ariane133/HBT/6_final.spef line 351226, net issue_stage_i/i_issue_read_operands/i_ariane_regfile/_08909_ not found.
[WARNING STA-1650] ./results/nangate45_3D/ariane133/HBT/6_final.spef line 351227, net issue_stage_i/i_issue_read_operands/i_ariane_regfile/_08972_ not found.
[WARNING STA-1650] ./results/nangate45_3D/ariane133/HBT/6_final.spef line 351228, net issue_stage_i/i_scoreboard/_11811_ not found.
[WARNING STA-1650] ./results/nangate45_3D/ariane133/HBT/6_final.spef line 351277, net i_cache_subsystem/i_nbdcache/_1807_ not found.
[WARNING STA-1650] ./results/nangate45_3D/ariane133/HBT/6_final.spef line 351278, net i_cache_subsystem/i_nbdcache/_1814_ not found.
[WARNING STA-1650] ./results/nangate45_3D/ariane133/HBT/6_final.spef line 351279, net i_cache_subsystem/i_nbdcache/_1835_ not found.
[WARNING STA-1650] ./results/nangate45_3D/ariane133/HBT/6_final.spef line 351280, net i_cache_subsystem/i_nbdcache/_1841_ not found.
[WARNING STA-1650] ./results/nangate45_3D/ariane133/HBT/6_final.spef line 351281, net i_cache_subsystem/i_nbdcache/i_miss_handler/_00095_ not found.
[WARNING STA-1650] ./results/nangate45_3D/ariane133/HBT/6_final.spef line 351282, net i_cache_subsystem/i_nbdcache/i_miss_handler/_10906_ not found.
[WARNING STA-1650] ./results/nangate45_3D/ariane133/HBT/6_final.spef line 351283, net i_cache_subsystem/i_nbdcache/i_miss_handler/_10972_ not found.
[WARNING STA-1650] ./results/nangate45_3D/ariane133/HBT/6_final.spef line 351284, net issue_stage_i/i_issue_read_operands/i_ariane_regfile/_04936_ not found.
[WARNING STA-1650] ./results/nangate45_3D/ariane133/HBT/6_final.spef line 351285, net issue_stage_i/i_issue_read_operands/i_ariane_regfile/_05625_ not found.
[WARNING STA-1650] ./results/nangate45_3D/ariane133/HBT/6_final.spef line 351286, net issue_stage_i/i_issue_read_operands/i_ariane_regfile/_06951_ not found.
[WARNING STA-1650] ./results/nangate45_3D/ariane133/HBT/6_final.spef line 351287, net issue_stage_i/i_issue_read_operands/i_ariane_regfile/_06966_ not found.
[WARNING STA-1650] ./results/nangate45_3D/ariane133/HBT/6_final.spef line 351288, net issue_stage_i/i_issue_read_operands/i_ariane_regfile/_07096_ not found.
[WARNING STA-1650] ./results/nangate45_3D/ariane133/HBT/6_final.spef line 351289, net issue_stage_i/i_issue_read_operands/i_ariane_regfile/_07096_ not found.
[WARNING STA-1650] ./results/nangate45_3D/ariane133/HBT/6_final.spef line 351290, net issue_stage_i/i_issue_read_operands/i_ariane_regfile/_07624_ not found.
[WARNING STA-1650] ./results/nangate45_3D/ariane133/HBT/6_final.spef line 351291, net issue_stage_i/i_issue_read_operands/i_ariane_regfile/_09022_ not found.
[WARNING STA-1650] ./results/nangate45_3D/ariane133/HBT/6_final.spef line 351292, net issue_stage_i/i_issue_read_operands/rdata\[71\] not found.
[WARNING STA-1650] ./results/nangate45_3D/ariane133/HBT/6_final.spef line 351325, net i_cache_subsystem/i_nbdcache/i_miss_handler/_15637_ not found.
[WARNING STA-1650] ./results/nangate45_3D/ariane133/HBT/6_final.spef line 351327, net i_cache_subsystem/i_nbdcache/i_miss_handler/_14483_ not found.
[WARNING STA-1650] ./results/nangate45_3D/ariane133/HBT/6_final.spef line 351328, net issue_stage_i/i_issue_read_operands/i_ariane_regfile/_11981_ not found.
[WARNING STA-1650] ./results/nangate45_3D/ariane133/HBT/6_final.spef line 351329, net issue_stage_i/i_issue_read_operands/i_ariane_regfile/_13821_ not found.
[WARNING STA-1650] ./results/nangate45_3D/ariane133/HBT/6_final.spef line 351330, net issue_stage_i/i_issue_read_operands/i_ariane_regfile/_14042_ not found.
[WARNING STA-1650] ./results/nangate45_3D/ariane133/HBT/6_final.spef line 351331, net issue_stage_i/i_issue_read_operands/i_ariane_regfile/_17670_ not found.
[WARNING STA-1650] ./results/nangate45_3D/ariane133/HBT/6_final.spef line 351345, net i_cache_subsystem/i_nbdcache/_1836_ not found.
[WARNING STA-1650] ./results/nangate45_3D/ariane133/HBT/6_final.spef line 351346, net i_cache_subsystem/i_nbdcache/_1840_ not found.
[WARNING STA-1650] ./results/nangate45_3D/ariane133/HBT/6_final.spef line 351347, net i_cache_subsystem/i_nbdcache/i_miss_handler/_08463_ not found.
[WARNING STA-1650] ./results/nangate45_3D/ariane133/HBT/6_final.spef line 351348, net i_cache_subsystem/i_nbdcache/i_miss_handler/_08463_ not found.
[WARNING STA-1650] ./results/nangate45_3D/ariane133/HBT/6_final.spef line 351349, net i_cache_subsystem/i_nbdcache/i_miss_handler/_08676_ not found.
[WARNING STA-1650] ./results/nangate45_3D/ariane133/HBT/6_final.spef line 351350, net i_cache_subsystem/i_nbdcache/i_miss_handler/_09574_ not found.
[WARNING STA-1650] ./results/nangate45_3D/ariane133/HBT/6_final.spef line 351351, net i_cache_subsystem/i_nbdcache/i_miss_handler/_10587_ not found.
[WARNING STA-1650] ./results/nangate45_3D/ariane133/HBT/6_final.spef line 351352, net i_cache_subsystem/i_nbdcache/i_miss_handler/_10912_ not found.
[WARNING STA-1650] ./results/nangate45_3D/ariane133/HBT/6_final.spef line 351353, net issue_stage_i/i_issue_read_operands/i_ariane_regfile/_06992_ not found.
[WARNING STA-1650] ./results/nangate45_3D/ariane133/HBT/6_final.spef line 351354, net issue_stage_i/i_issue_read_operands/i_ariane_regfile/_06992_ not found.
[WARNING STA-1650] ./results/nangate45_3D/ariane133/HBT/6_final.spef line 351355, net issue_stage_i/i_issue_read_operands/i_ariane_regfile/_07083_ not found.
[WARNING STA-1650] ./results/nangate45_3D/ariane133/HBT/6_final.spef line 351356, net issue_stage_i/i_issue_read_operands/i_ariane_regfile/_07152_ not found.
[WARNING STA-1650] ./results/nangate45_3D/ariane133/HBT/6_final.spef line 351357, net issue_stage_i/i_issue_read_operands/i_ariane_regfile/_07152_ not found.
[WARNING STA-1650] ./results/nangate45_3D/ariane133/HBT/6_final.spef line 351358, net issue_stage_i/i_issue_read_operands/i_ariane_regfile/_08993_ not found.
[WARNING STA-1650] ./results/nangate45_3D/ariane133/HBT/6_final.spef line 351359, net issue_stage_i/i_issue_read_operands/rdata\[109\] not found.
[WARNING STA-1650] ./results/nangate45_3D/ariane133/HBT/6_final.spef line 351360, net issue_stage_i/i_issue_read_operands/rdata\[122\] not found.
[WARNING STA-1650] ./results/nangate45_3D/ariane133/HBT/6_final.spef line 351381, net issue_stage_i/i_issue_read_operands/i_ariane_regfile/_16314_ not found.
[WARNING STA-1650] ./results/nangate45_3D/ariane133/HBT/6_final.spef line 351385, net issue_stage_i/i_issue_read_operands/rdata\[109\] not found.
[WARNING STA-1650] ./results/nangate45_3D/ariane133/HBT/6_final.spef line 351390, net ex_stage_i/_7483_ not found.
[WARNING STA-1650] ./results/nangate45_3D/ariane133/HBT/6_final.spef line 351399, net ex_stage_i/_0654_ not found.
[WARNING STA-1650] ./results/nangate45_3D/ariane133/HBT/6_final.spef line 351402, net issue_stage_i/i_issue_read_operands/i_ariane_regfile/_06999_ not found.
[WARNING STA-1650] ./results/nangate45_3D/ariane133/HBT/6_final.spef line 351403, net issue_stage_i/i_issue_read_operands/i_ariane_regfile/_08676_ not found.
[WARNING STA-1650] ./results/nangate45_3D/ariane133/HBT/6_final.spef line 351404, net issue_stage_i/i_issue_read_operands/i_ariane_regfile/_08996_ not found.
[WARNING STA-1650] ./results/nangate45_3D/ariane133/HBT/6_final.spef line 351405, net issue_stage_i/i_issue_read_operands/i_ariane_regfile/_08996_ not found.
[WARNING STA-1650] ./results/nangate45_3D/ariane133/HBT/6_final.spef line 351406, net issue_stage_i/i_issue_read_operands/rdata\[26\] not found.
[WARNING STA-1650] ./results/nangate45_3D/ariane133/HBT/6_final.spef line 351407, net issue_stage_i/i_issue_read_operands/rdata\[31\] not found.
[WARNING STA-1650] ./results/nangate45_3D/ariane133/HBT/6_final.spef line 351436, net i_cache_subsystem/_1042_ not found.
[WARNING STA-1650] ./results/nangate45_3D/ariane133/HBT/6_final.spef line 351437, net i_cache_subsystem/_1094_ not found.
[WARNING STA-1650] ./results/nangate45_3D/ariane133/HBT/6_final.spef line 351438, net i_cache_subsystem/_1094_ not found.
[WARNING STA-1650] ./results/nangate45_3D/ariane133/HBT/6_final.spef line 351439, net i_cache_subsystem/i_nbdcache/i_miss_handler/_14401_ not found.
[WARNING STA-1650] ./results/nangate45_3D/ariane133/HBT/6_final.spef line 351440, net i_cache_subsystem/i_nbdcache/i_miss_handler/_14416_ not found.
[WARNING STA-1650] ./results/nangate45_3D/ariane133/HBT/6_final.spef line 351441, net i_cache_subsystem/i_nbdcache/i_miss_handler/_14534_ not found.
[WARNING STA-1650] ./results/nangate45_3D/ariane133/HBT/6_final.spef line 351442, net i_cache_subsystem/i_nbdcache/i_miss_handler/_14544_ not found.
[WARNING STA-1650] ./results/nangate45_3D/ariane133/HBT/6_final.spef line 351443, net i_cache_subsystem/i_nbdcache/i_miss_handler/_14550_ not found.
[WARNING STA-1650] ./results/nangate45_3D/ariane133/HBT/6_final.spef line 351444, net i_cache_subsystem/i_nbdcache/i_miss_handler/_14550_ not found.
[WARNING STA-1650] ./results/nangate45_3D/ariane133/HBT/6_final.spef line 351445, net i_cache_subsystem/i_nbdcache/i_miss_handler/_14581_ not found.
[WARNING STA-1650] ./results/nangate45_3D/ariane133/HBT/6_final.spef line 351446, net i_cache_subsystem/i_nbdcache/i_miss_handler/_15206_ not found.
[WARNING STA-1650] ./results/nangate45_3D/ariane133/HBT/6_final.spef line 351447, net i_cache_subsystem/i_nbdcache/i_miss_handler/_15208_ not found.
[WARNING STA-1650] ./results/nangate45_3D/ariane133/HBT/6_final.spef line 351448, net i_cache_subsystem/i_nbdcache/i_miss_handler/_15228_ not found.
[WARNING STA-1650] ./results/nangate45_3D/ariane133/HBT/6_final.spef line 351449, net i_cache_subsystem/i_nbdcache/i_miss_handler/_15398_ not found.
[WARNING STA-1650] ./results/nangate45_3D/ariane133/HBT/6_final.spef line 351450, net i_cache_subsystem/i_nbdcache/i_miss_handler/_15601_ not found.
[WARNING STA-1650] ./results/nangate45_3D/ariane133/HBT/6_final.spef line 351451, net i_cache_subsystem/i_nbdcache/i_miss_handler/_15659_ not found.
[WARNING STA-1650] ./results/nangate45_3D/ariane133/HBT/6_final.spef line 351452, net i_cache_subsystem/i_nbdcache/i_miss_handler/_15666_ not found.
[WARNING STA-1650] ./results/nangate45_3D/ariane133/HBT/6_final.spef line 351453, net i_cache_subsystem/i_nbdcache/i_miss_handler/_21965_ not found.
[WARNING STA-1650] ./results/nangate45_3D/ariane133/HBT/6_final.spef line 351462, net i_cache_subsystem/axi_req_bypass\[165\] not found.
[WARNING STA-1650] ./results/nangate45_3D/ariane133/HBT/6_final.spef line 351463, net i_cache_subsystem/axi_req_data\[136\] not found.
[WARNING STA-1650] ./results/nangate45_3D/ariane133/HBT/6_final.spef line 351464, net i_cache_subsystem/axi_req_data\[155\] not found.
[WARNING STA-1650] ./results/nangate45_3D/ariane133/HBT/6_final.spef line 351465, net i_cache_subsystem/axi_req_data\[158\] not found.
[WARNING STA-1650] ./results/nangate45_3D/ariane133/HBT/6_final.spef line 351466, net i_cache_subsystem/i_nbdcache/i_miss_handler/_00979_ not found.
[WARNING STA-1650] ./results/nangate45_3D/ariane133/HBT/6_final.spef line 351467, net i_cache_subsystem/i_nbdcache/i_miss_handler/_00986_ not found.
[WARNING STA-1650] ./results/nangate45_3D/ariane133/HBT/6_final.spef line 351468, net i_cache_subsystem/i_nbdcache/i_miss_handler/_06442_ not found.
[WARNING STA-1650] ./results/nangate45_3D/ariane133/HBT/6_final.spef line 351469, net i_cache_subsystem/i_nbdcache/i_miss_handler/_06442_ not found.
[WARNING STA-1650] ./results/nangate45_3D/ariane133/HBT/6_final.spef line 351470, net i_cache_subsystem/i_nbdcache/i_miss_handler/_06442_ not found.
[WARNING STA-1650] ./results/nangate45_3D/ariane133/HBT/6_final.spef line 351471, net i_cache_subsystem/i_nbdcache/i_miss_handler/_08416_ not found.
[WARNING STA-1650] ./results/nangate45_3D/ariane133/HBT/6_final.spef line 351472, net i_cache_subsystem/i_nbdcache/i_miss_handler/_08417_ not found.
[WARNING STA-1650] ./results/nangate45_3D/ariane133/HBT/6_final.spef line 351473, net i_cache_subsystem/i_nbdcache/i_miss_handler/_08417_ not found.
[WARNING STA-1650] ./results/nangate45_3D/ariane133/HBT/6_final.spef line 351474, net i_cache_subsystem/i_nbdcache/i_miss_handler/_08457_ not found.
[WARNING STA-1650] ./results/nangate45_3D/ariane133/HBT/6_final.spef line 351475, net i_cache_subsystem/i_nbdcache/i_miss_handler/_08457_ not found.
[WARNING STA-1650] ./results/nangate45_3D/ariane133/HBT/6_final.spef line 351476, net i_cache_subsystem/i_nbdcache/i_miss_handler/_08508_ not found.
[WARNING STA-1650] ./results/nangate45_3D/ariane133/HBT/6_final.spef line 351477, net i_cache_subsystem/i_nbdcache/i_miss_handler/_08741_ not found.
[WARNING STA-1650] ./results/nangate45_3D/ariane133/HBT/6_final.spef line 351478, net i_cache_subsystem/i_nbdcache/i_miss_handler/_08751_ not found.
[WARNING STA-1650] ./results/nangate45_3D/ariane133/HBT/6_final.spef line 351479, net i_cache_subsystem/i_nbdcache/i_miss_handler/_08775_ not found.
[WARNING STA-1650] ./results/nangate45_3D/ariane133/HBT/6_final.spef line 351480, net i_cache_subsystem/i_nbdcache/i_miss_handler/_08797_ not found.
[WARNING STA-1650] ./results/nangate45_3D/ariane133/HBT/6_final.spef line 351481, net i_cache_subsystem/i_nbdcache/i_miss_handler/_09119_ not found.
[WARNING STA-1650] ./results/nangate45_3D/ariane133/HBT/6_final.spef line 351482, net i_cache_subsystem/i_nbdcache/i_miss_handler/_09136_ not found.
[WARNING STA-1650] ./results/nangate45_3D/ariane133/HBT/6_final.spef line 351483, net i_cache_subsystem/i_nbdcache/i_miss_handler/_09143_ not found.
[WARNING STA-1650] ./results/nangate45_3D/ariane133/HBT/6_final.spef line 351484, net i_cache_subsystem/i_nbdcache/i_miss_handler/_09382_ not found.
[WARNING STA-1650] ./results/nangate45_3D/ariane133/HBT/6_final.spef line 351485, net i_cache_subsystem/i_nbdcache/i_miss_handler/_09387_ not found.
[WARNING STA-1650] ./results/nangate45_3D/ariane133/HBT/6_final.spef line 351486, net i_cache_subsystem/i_nbdcache/i_miss_handler/_09387_ not found.
[WARNING STA-1650] ./results/nangate45_3D/ariane133/HBT/6_final.spef line 351487, net i_cache_subsystem/i_nbdcache/i_miss_handler/_09534_ not found.
[WARNING STA-1650] ./results/nangate45_3D/ariane133/HBT/6_final.spef line 351488, net i_cache_subsystem/i_nbdcache/i_miss_handler/_10854_ not found.
[WARNING STA-1650] ./results/nangate45_3D/ariane133/HBT/6_final.spef line 351489, net i_cache_subsystem/i_nbdcache/i_miss_handler/_10854_ not found.
[WARNING STA-1650] ./results/nangate45_3D/ariane133/HBT/6_final.spef line 351496, net i_cache_subsystem/i_nbdcache/i_miss_handler/_14369_ not found.
[WARNING STA-1650] ./results/nangate45_3D/ariane133/HBT/6_final.spef line 351497, net i_cache_subsystem/i_nbdcache/i_miss_handler/_14888_ not found.
[WARNING STA-1650] ./results/nangate45_3D/ariane133/HBT/6_final.spef line 351498, net i_cache_subsystem/i_nbdcache/i_miss_handler/_15122_ not found.
[WARNING STA-1650] ./results/nangate45_3D/ariane133/HBT/6_final.spef line 351499, net issue_stage_i/i_scoreboard/_38257_ not found.
[WARNING STA-1650] ./results/nangate45_3D/ariane133/HBT/6_final.spef line 351500, net issue_stage_i/i_scoreboard/_40671_ not found.
[WARNING STA-1650] ./results/nangate45_3D/ariane133/HBT/6_final.spef line 351501, net issue_stage_i/i_scoreboard/_40747_ not found.
[WARNING STA-1650] ./results/nangate45_3D/ariane133/HBT/6_final.spef line 351502, net issue_stage_i/i_scoreboard/_46140_ not found.
[WARNING STA-1650] ./results/nangate45_3D/ariane133/HBT/6_final.spef line 351503, net issue_stage_i/i_scoreboard/_48462_ not found.
[WARNING STA-1650] ./results/nangate45_3D/ariane133/HBT/6_final.spef line 351504, net issue_stage_i/i_scoreboard/_50409_ not found.
[WARNING STA-1650] ./results/nangate45_3D/ariane133/HBT/6_final.spef line 351505, net issue_stage_i/i_scoreboard/_59798_ not found.
[WARNING STA-1650] ./results/nangate45_3D/ariane133/HBT/6_final.spef line 351506, net issue_stage_i/i_scoreboard/_63602_ not found.
[WARNING STA-1650] ./results/nangate45_3D/ariane133/HBT/6_final.spef line 351530, net ex_stage_i/lsu_i/i_load_unit.ex_i\[36\] not found.
[WARNING STA-1650] ./results/nangate45_3D/ariane133/HBT/6_final.spef line 351531, net i_cache_subsystem/i_nbdcache/_1807_ not found.
[WARNING STA-1650] ./results/nangate45_3D/ariane133/HBT/6_final.spef line 351532, net i_cache_subsystem/i_nbdcache/i_miss_handler/_08220_ not found.
[WARNING STA-1650] ./results/nangate45_3D/ariane133/HBT/6_final.spef line 351533, net i_cache_subsystem/i_nbdcache/i_miss_handler/_08458_ not found.
[WARNING STA-1650] ./results/nangate45_3D/ariane133/HBT/6_final.spef line 351534, net i_cache_subsystem/i_nbdcache/i_miss_handler/_08486_ not found.
[WARNING STA-1650] ./results/nangate45_3D/ariane133/HBT/6_final.spef line 351535, net i_cache_subsystem/i_nbdcache/i_miss_handler/_08597_ not found.
[WARNING STA-1650] ./results/nangate45_3D/ariane133/HBT/6_final.spef line 351536, net i_cache_subsystem/i_nbdcache/i_miss_handler/_08636_ not found.
[WARNING STA-1650] ./results/nangate45_3D/ariane133/HBT/6_final.spef line 351537, net i_cache_subsystem/i_nbdcache/i_miss_handler/_08672_ not found.
[WARNING STA-1650] ./results/nangate45_3D/ariane133/HBT/6_final.spef line 351538, net i_cache_subsystem/i_nbdcache/i_miss_handler/_10954_ not found.
[WARNING STA-1650] ./results/nangate45_3D/ariane133/HBT/6_final.spef line 351539, net issue_stage_i/i_scoreboard/_00076_ not found.
[WARNING STA-1650] ./results/nangate45_3D/ariane133/HBT/6_final.spef line 351540, net issue_stage_i/i_scoreboard/_07478_ not found.
[WARNING STA-1650] ./results/nangate45_3D/ariane133/HBT/6_final.spef line 351541, net issue_stage_i/i_scoreboard/_07553_ not found.
[WARNING STA-1650] ./results/nangate45_3D/ariane133/HBT/6_final.spef line 351542, net issue_stage_i/i_scoreboard/_08626_ not found.
[WARNING STA-1650] ./results/nangate45_3D/ariane133/HBT/6_final.spef line 351543, net issue_stage_i/i_scoreboard/_08692_ not found.
[WARNING STA-1650] ./results/nangate45_3D/ariane133/HBT/6_final.spef line 351544, net issue_stage_i/i_scoreboard/_08697_ not found.
[WARNING STA-1650] ./results/nangate45_3D/ariane133/HBT/6_final.spef line 351545, net issue_stage_i/i_scoreboard/_08729_ not found.
[WARNING STA-1650] ./results/nangate45_3D/ariane133/HBT/6_final.spef line 351546, net issue_stage_i/i_scoreboard/_08734_ not found.
[WARNING STA-1650] ./results/nangate45_3D/ariane133/HBT/6_final.spef line 351547, net issue_stage_i/i_scoreboard/_08760_ not found.
[WARNING STA-1650] ./results/nangate45_3D/ariane133/HBT/6_final.spef line 351548, net issue_stage_i/i_scoreboard/_08809_ not found.
[WARNING STA-1650] ./results/nangate45_3D/ariane133/HBT/6_final.spef line 351549, net issue_stage_i/i_scoreboard/_08809_ not found.
[WARNING STA-1650] ./results/nangate45_3D/ariane133/HBT/6_final.spef line 351550, net issue_stage_i/i_scoreboard/_08813_ not found.
[WARNING STA-1650] ./results/nangate45_3D/ariane133/HBT/6_final.spef line 351551, net issue_stage_i/i_scoreboard/_12003_ not found.
[WARNING STA-1650] ./results/nangate45_3D/ariane133/HBT/6_final.spef line 351552, net issue_stage_i/i_scoreboard/_14571_ not found.
[WARNING STA-1650] ./results/nangate45_3D/ariane133/HBT/6_final.spef line 351553, net issue_stage_i/i_scoreboard/_15887_ not found.
[WARNING STA-1650] ./results/nangate45_3D/ariane133/HBT/6_final.spef line 351554, net issue_stage_i/i_scoreboard/_18652_ not found.
[WARNING STA-1650] ./results/nangate45_3D/ariane133/HBT/6_final.spef line 351584, net i_cache_subsystem/i_icache/_4700_ not found.
[WARNING STA-1650] ./results/nangate45_3D/ariane133/HBT/6_final.spef line 351585, net i_cache_subsystem/i_icache/_4793_ not found.
[WARNING STA-1650] ./results/nangate45_3D/ariane133/HBT/6_final.spef line 351586, net i_cache_subsystem/i_icache/_4840_ not found.
[WARNING STA-1650] ./results/nangate45_3D/ariane133/HBT/6_final.spef line 351587, net i_cache_subsystem/i_icache/_4879_ not found.
[WARNING STA-1650] ./results/nangate45_3D/ariane133/HBT/6_final.spef line 351588, net i_cache_subsystem/i_icache/_4900_ not found.
[WARNING STA-1650] ./results/nangate45_3D/ariane133/HBT/6_final.spef line 351589, net i_frontend/_14513_ not found.
[WARNING STA-1650] ./results/nangate45_3D/ariane133/HBT/6_final.spef line 351590, net i_frontend/_15968_ not found.
[WARNING STA-1650] ./results/nangate45_3D/ariane133/HBT/6_final.spef line 351591, net i_frontend/i_fetch_fifo/i_fifo_v3/_5191_ not found.
[WARNING STA-1650] ./results/nangate45_3D/ariane133/HBT/6_final.spef line 351592, net i_frontend/i_fetch_fifo/i_fifo_v3/_6528_ not found.
[WARNING STA-1650] ./results/nangate45_3D/ariane133/HBT/6_final.spef line 351593, net i_frontend/i_fetch_fifo/i_fifo_v3/_6568_ not found.
[WARNING STA-1650] ./results/nangate45_3D/ariane133/HBT/6_final.spef line 351594, net issue_stage_i/i_scoreboard/_42818_ not found.
[WARNING STA-1650] ./results/nangate45_3D/ariane133/HBT/6_final.spef line 351604, net i_cache_subsystem/i_icache/_1846_ not found.
[WARNING STA-1650] ./results/nangate45_3D/ariane133/HBT/6_final.spef line 351605, net i_cache_subsystem/i_icache/_1880_ not found.
[WARNING STA-1650] ./results/nangate45_3D/ariane133/HBT/6_final.spef line 351606, net i_cache_subsystem/i_icache/_1903_ not found.
[WARNING STA-1650] ./results/nangate45_3D/ariane133/HBT/6_final.spef line 351607, net i_cache_subsystem/i_icache/_1931_ not found.
[WARNING STA-1650] ./results/nangate45_3D/ariane133/HBT/6_final.spef line 351608, net i_cache_subsystem/i_icache/_1937_ not found.
[WARNING STA-1650] ./results/nangate45_3D/ariane133/HBT/6_final.spef line 351609, net i_cache_subsystem/i_icache/_1997_ not found.
[WARNING STA-1650] ./results/nangate45_3D/ariane133/HBT/6_final.spef line 351610, net i_cache_subsystem/i_icache/_1997_ not found.
[WARNING STA-1650] ./results/nangate45_3D/ariane133/HBT/6_final.spef line 351611, net i_cache_subsystem/i_icache/_2095_ not found.
[WARNING STA-1650] ./results/nangate45_3D/ariane133/HBT/6_final.spef line 351612, net i_cache_subsystem/i_icache/data_rdata\[502\] not found.
[WARNING STA-1650] ./results/nangate45_3D/ariane133/HBT/6_final.spef line 351613, net i_frontend/_03045_ not found.
[WARNING STA-1650] ./results/nangate45_3D/ariane133/HBT/6_final.spef line 351614, net i_frontend/addr_1__40_ not found.
[WARNING STA-1650] ./results/nangate45_3D/ariane133/HBT/6_final.spef line 351615, net issue_stage_i/i_scoreboard/_10479_ not found.
[WARNING STA-1650] ./results/nangate45_3D/ariane133/HBT/6_final.spef line 351616, net issue_stage_i/i_scoreboard/_10479_ not found.
[WARNING STA-1650] ./results/nangate45_3D/ariane133/HBT/6_final.spef line 351617, net issue_stage_i/i_scoreboard/_10479_ not found.
[WARNING STA-1650] ./results/nangate45_3D/ariane133/HBT/6_final.spef line 351662, net i_cache_subsystem/axi_req_bypass\[121\] not found.
[WARNING STA-1650] ./results/nangate45_3D/ariane133/HBT/6_final.spef line 351663, net i_cache_subsystem/i_nbdcache/i_miss_handler/evict_cl_q_data__77_ not found.
[WARNING STA-1650] ./results/nangate45_3D/ariane133/HBT/6_final.spef line 351672, net i_cache_subsystem/i_nbdcache/sram_block_4__data_sram/genblk1_0__i_ram/macro_mem_3 not found.
[WARNING STA-1650] ./results/nangate45_3D/ariane133/HBT/6_final.spef line 351673, net i_cache_subsystem/i_nbdcache/sram_block_4__data_sram/genblk1_0__i_ram/macro_mem_3 not found.
[WARNING STA-1650] ./results/nangate45_3D/ariane133/HBT/6_final.spef line 351677, net i_cache_subsystem/i_nbdcache/i_miss_handler/_03170_ not found.
[WARNING STA-1650] ./results/nangate45_3D/ariane133/HBT/6_final.spef line 351678, net i_cache_subsystem/i_nbdcache/i_tag_cmp.rdata_i\[413\] not found.
[WARNING STA-1650] ./results/nangate45_3D/ariane133/HBT/6_final.spef line 351679, net i_cache_subsystem/i_nbdcache/i_tag_cmp.rdata_i\[748\] not found.
[WARNING STA-1650] ./results/nangate45_3D/ariane133/HBT/6_final.spef line 351680, net i_cache_subsystem/i_nbdcache/i_tag_cmp.rdata_i\[755\] not found.
[WARNING STA-1650] ./results/nangate45_3D/ariane133/HBT/6_final.spef line 351687, net i_cache_subsystem/i_nbdcache/i_miss_handler/_03291_ not found.
[WARNING STA-1650] ./results/nangate45_3D/ariane133/HBT/6_final.spef line 351688, net i_cache_subsystem/i_nbdcache/wdata_ram_data__104_ not found.
[WARNING STA-1650] ./results/nangate45_3D/ariane133/HBT/6_final.spef line 351691, net i_cache_subsystem/i_nbdcache/i_miss_handler/_18512_ not found.
[WARNING STA-1650] ./results/nangate45_3D/ariane133/HBT/6_final.spef line 351692, net i_cache_subsystem/i_nbdcache/i_miss_handler/_18641_ not found.
[WARNING STA-1650] ./results/nangate45_3D/ariane133/HBT/6_final.spef line 351695, net i_cache_subsystem/i_nbdcache/i_miss_handler/_03570_ not found.
[WARNING STA-1650] ./results/nangate45_3D/ariane133/HBT/6_final.spef line 351728, net i_cache_subsystem/i_nbdcache/_1826_ not found.
[WARNING STA-1650] ./results/nangate45_3D/ariane133/HBT/6_final.spef line 351729, net i_cache_subsystem/i_nbdcache/_1832_ not found.
[WARNING STA-1650] ./results/nangate45_3D/ariane133/HBT/6_final.spef line 351730, net i_cache_subsystem/_1042_ not found.
[WARNING STA-1650] ./results/nangate45_3D/ariane133/HBT/6_final.spef line 351731, net i_cache_subsystem/_1044_ not found.
[WARNING STA-1650] ./results/nangate45_3D/ariane133/HBT/6_final.spef line 351732, net i_cache_subsystem/_1056_ not found.
[WARNING STA-1650] ./results/nangate45_3D/ariane133/HBT/6_final.spef line 351733, net i_cache_subsystem/_1056_ not found.
[WARNING STA-1650] ./results/nangate45_3D/ariane133/HBT/6_final.spef line 351734, net i_cache_subsystem/_1057_ not found.
[WARNING STA-1650] ./results/nangate45_3D/ariane133/HBT/6_final.spef line 351735, net i_cache_subsystem/_1062_ not found.
[WARNING STA-1650] ./results/nangate45_3D/ariane133/HBT/6_final.spef line 351736, net i_cache_subsystem/_1074_ not found.
[WARNING STA-1650] ./results/nangate45_3D/ariane133/HBT/6_final.spef line 351737, net i_cache_subsystem/_1074_ not found.
[WARNING STA-1650] ./results/nangate45_3D/ariane133/HBT/6_final.spef line 351738, net i_cache_subsystem/_1088_ not found.
[WARNING STA-1650] ./results/nangate45_3D/ariane133/HBT/6_final.spef line 351739, net i_cache_subsystem/_1088_ not found.
[WARNING STA-1650] ./results/nangate45_3D/ariane133/HBT/6_final.spef line 351740, net i_cache_subsystem/_1092_ not found.
[WARNING STA-1650] ./results/nangate45_3D/ariane133/HBT/6_final.spef line 351741, net i_cache_subsystem/_1127_ not found.
[WARNING STA-1650] ./results/nangate45_3D/ariane133/HBT/6_final.spef line 351742, net i_cache_subsystem/_1129_ not found.
[WARNING STA-1650] ./results/nangate45_3D/ariane133/HBT/6_final.spef line 351743, net i_cache_subsystem/i_nbdcache/i_miss_handler/_15311_ not found.
[WARNING STA-1650] ./results/nangate45_3D/ariane133/HBT/6_final.spef line 351744, net i_cache_subsystem/i_nbdcache/i_miss_handler/_15333_ not found.
[WARNING STA-1650] ./results/nangate45_3D/ariane133/HBT/6_final.spef line 351745, net i_cache_subsystem/i_nbdcache/i_miss_handler/_15491_ not found.
[WARNING STA-1650] ./results/nangate45_3D/ariane133/HBT/6_final.spef line 351746, net i_cache_subsystem/i_nbdcache/i_miss_handler/_15493_ not found.
[WARNING STA-1650] ./results/nangate45_3D/ariane133/HBT/6_final.spef line 351747, net i_cache_subsystem/i_nbdcache/i_miss_handler/_15495_ not found.
[WARNING STA-1650] ./results/nangate45_3D/ariane133/HBT/6_final.spef line 351748, net i_cache_subsystem/i_nbdcache/i_miss_handler/_15609_ not found.
[WARNING STA-1650] ./results/nangate45_3D/ariane133/HBT/6_final.spef line 351753, net i_cache_subsystem/axi_req_data\[117\] not found.
[WARNING STA-1650] ./results/nangate45_3D/ariane133/HBT/6_final.spef line 351754, net i_cache_subsystem/axi_req_data\[120\] not found.
[WARNING STA-1650] ./results/nangate45_3D/ariane133/HBT/6_final.spef line 351755, net i_cache_subsystem/axi_req_data\[125\] not found.
[WARNING STA-1650] ./results/nangate45_3D/ariane133/HBT/6_final.spef line 351756, net i_cache_subsystem/axi_req_data\[144\] not found.
[WARNING STA-1650] ./results/nangate45_3D/ariane133/HBT/6_final.spef line 351757, net i_cache_subsystem/axi_req_data\[159\] not found.
[WARNING STA-1650] ./results/nangate45_3D/ariane133/HBT/6_final.spef line 351758, net i_cache_subsystem/i_nbdcache/i_miss_handler/_07046_ not found.
[WARNING STA-1650] ./results/nangate45_3D/ariane133/HBT/6_final.spef line 351759, net i_cache_subsystem/i_nbdcache/i_miss_handler/_07078_ not found.
[WARNING STA-1650] ./results/nangate45_3D/ariane133/HBT/6_final.spef line 351760, net i_cache_subsystem/i_nbdcache/i_miss_handler/_07078_ not found.
[WARNING STA-1650] ./results/nangate45_3D/ariane133/HBT/6_final.spef line 351761, net i_cache_subsystem/i_nbdcache/i_miss_handler/_08809_ not found.
[WARNING STA-1650] ./results/nangate45_3D/ariane133/HBT/6_final.spef line 351762, net i_cache_subsystem/i_nbdcache/i_miss_handler/_09248_ not found.
[WARNING STA-1650] ./results/nangate45_3D/ariane133/HBT/6_final.spef line 351763, net i_cache_subsystem/i_nbdcache/i_miss_handler/_09297_ not found.
[WARNING STA-1650] ./results/nangate45_3D/ariane133/HBT/6_final.spef line 351764, net i_cache_subsystem/i_nbdcache/i_miss_handler/_09383_ not found.
[WARNING STA-1650] ./results/nangate45_3D/ariane133/HBT/6_final.spef line 351765, net i_cache_subsystem/i_nbdcache/i_miss_handler/_09383_ not found.
[WARNING STA-1650] ./results/nangate45_3D/ariane133/HBT/6_final.spef line 351766, net i_cache_subsystem/i_nbdcache/i_miss_handler/_09450_ not found.
[WARNING STA-1650] ./results/nangate45_3D/ariane133/HBT/6_final.spef line 351767, net i_cache_subsystem/i_nbdcache/i_miss_handler/_09450_ not found.
[WARNING STA-1650] ./results/nangate45_3D/ariane133/HBT/6_final.spef line 351772, net i_cache_subsystem/i_nbdcache/i_miss_handler/_08801_ not found.
[WARNING STA-1650] ./results/nangate45_3D/ariane133/HBT/6_final.spef line 351773, net i_cache_subsystem/i_nbdcache/i_miss_handler/_14402_ not found.
[WARNING STA-1650] ./results/nangate45_3D/ariane133/HBT/6_final.spef line 351774, net i_cache_subsystem/i_nbdcache/i_miss_handler/_14546_ not found.
[WARNING STA-1650] ./results/nangate45_3D/ariane133/HBT/6_final.spef line 351775, net i_cache_subsystem/i_nbdcache/i_miss_handler/_14713_ not found.
[WARNING STA-1650] ./results/nangate45_3D/ariane133/HBT/6_final.spef line 351776, net i_cache_subsystem/i_nbdcache/i_miss_handler/_14721_ not found.
[WARNING STA-1650] ./results/nangate45_3D/ariane133/HBT/6_final.spef line 351777, net i_cache_subsystem/i_nbdcache/i_miss_handler/_14723_ not found.
[WARNING STA-1650] ./results/nangate45_3D/ariane133/HBT/6_final.spef line 351778, net i_cache_subsystem/i_nbdcache/i_miss_handler/_14970_ not found.
[WARNING STA-1650] ./results/nangate45_3D/ariane133/HBT/6_final.spef line 351779, net i_cache_subsystem/i_nbdcache/i_miss_handler/_15604_ not found.
[WARNING STA-1650] ./results/nangate45_3D/ariane133/HBT/6_final.spef line 351780, net i_cache_subsystem/i_nbdcache/i_miss_handler/_15614_ not found.
[WARNING STA-1650] ./results/nangate45_3D/ariane133/HBT/6_final.spef line 351781, net i_cache_subsystem/i_nbdcache/i_miss_handler/_15615_ not found.
[WARNING STA-1650] ./results/nangate45_3D/ariane133/HBT/6_final.spef line 351782, net i_cache_subsystem/i_nbdcache/i_miss_handler/_15682_ not found.
[WARNING STA-1650] ./results/nangate45_3D/ariane133/HBT/6_final.spef line 351783, net i_cache_subsystem/i_nbdcache/i_miss_handler/_08415_ not found.
[WARNING STA-1650] ./results/nangate45_3D/ariane133/HBT/6_final.spef line 351784, net i_cache_subsystem/i_nbdcache/i_miss_handler/_08415_ not found.
[WARNING STA-1650] ./results/nangate45_3D/ariane133/HBT/6_final.spef line 351785, net i_cache_subsystem/i_nbdcache/i_miss_handler/_08479_ not found.
[WARNING STA-1650] ./results/nangate45_3D/ariane133/HBT/6_final.spef line 351786, net i_cache_subsystem/i_nbdcache/i_miss_handler/_08479_ not found.
[WARNING STA-1650] ./results/nangate45_3D/ariane133/HBT/6_final.spef line 351787, net i_cache_subsystem/i_nbdcache/i_miss_handler/_08574_ not found.
[WARNING STA-1650] ./results/nangate45_3D/ariane133/HBT/6_final.spef line 351788, net i_cache_subsystem/i_nbdcache/i_miss_handler/_08647_ not found.
[WARNING STA-1650] ./results/nangate45_3D/ariane133/HBT/6_final.spef line 351789, net i_cache_subsystem/i_nbdcache/i_miss_handler/_08725_ not found.
[WARNING STA-1650] ./results/nangate45_3D/ariane133/HBT/6_final.spef line 351790, net i_cache_subsystem/i_nbdcache/i_miss_handler/_08725_ not found.
[WARNING STA-1650] ./results/nangate45_3D/ariane133/HBT/6_final.spef line 351791, net i_cache_subsystem/i_nbdcache/i_miss_handler/_08783_ not found.
[WARNING STA-1650] ./results/nangate45_3D/ariane133/HBT/6_final.spef line 351792, net i_cache_subsystem/i_nbdcache/i_miss_handler/_08801_ not found.
[WARNING STA-1650] ./results/nangate45_3D/ariane133/HBT/6_final.spef line 351793, net i_cache_subsystem/i_nbdcache/i_miss_handler/_08880_ not found.
[WARNING STA-1650] ./results/nangate45_3D/ariane133/HBT/6_final.spef line 351794, net i_cache_subsystem/i_nbdcache/i_miss_handler/_08880_ not found.
[WARNING STA-1650] ./results/nangate45_3D/ariane133/HBT/6_final.spef line 351795, net i_cache_subsystem/i_nbdcache/i_miss_handler/_09448_ not found.
[WARNING STA-1650] ./results/nangate45_3D/ariane133/HBT/6_final.spef line 351796, net i_cache_subsystem/i_nbdcache/i_miss_handler/_09450_ not found.
[WARNING STA-1650] ./results/nangate45_3D/ariane133/HBT/6_final.spef line 351797, net i_cache_subsystem/i_nbdcache/i_miss_handler/_09731_ not found.
[WARNING STA-1650] ./results/nangate45_3D/ariane133/HBT/6_final.spef line 351800, net i_cache_subsystem/i_nbdcache/i_miss_handler/_14297_ not found.
[WARNING STA-1650] ./results/nangate45_3D/ariane133/HBT/6_final.spef line 351801, net i_cache_subsystem/i_nbdcache/i_miss_handler/_14557_ not found.
[WARNING STA-1650] ./results/nangate45_3D/ariane133/HBT/6_final.spef line 351802, net i_cache_subsystem/i_nbdcache/i_miss_handler/_14588_ not found.
[WARNING STA-1650] ./results/nangate45_3D/ariane133/HBT/6_final.spef line 351803, net i_cache_subsystem/i_nbdcache/i_miss_handler/_14654_ not found.
[WARNING STA-1650] ./results/nangate45_3D/ariane133/HBT/6_final.spef line 351804, net i_cache_subsystem/i_nbdcache/i_miss_handler/_14662_ not found.
[WARNING STA-1650] ./results/nangate45_3D/ariane133/HBT/6_final.spef line 351805, net i_cache_subsystem/i_nbdcache/i_miss_handler/_14664_ not found.
[WARNING STA-1650] ./results/nangate45_3D/ariane133/HBT/6_final.spef line 351806, net i_cache_subsystem/i_nbdcache/i_miss_handler/_14665_ not found.
[WARNING STA-1650] ./results/nangate45_3D/ariane133/HBT/6_final.spef line 351807, net i_cache_subsystem/i_nbdcache/i_miss_handler/_15319_ not found.
[WARNING STA-1650] ./results/nangate45_3D/ariane133/HBT/6_final.spef line 351808, net i_cache_subsystem/i_nbdcache/i_miss_handler/_08398_ not found.
[WARNING STA-1650] ./results/nangate45_3D/ariane133/HBT/6_final.spef line 351809, net i_cache_subsystem/i_nbdcache/i_miss_handler/_08426_ not found.
[WARNING STA-1650] ./results/nangate45_3D/ariane133/HBT/6_final.spef line 351810, net i_cache_subsystem/i_nbdcache/i_miss_handler/_08539_ not found.
[WARNING STA-1650] ./results/nangate45_3D/ariane133/HBT/6_final.spef line 351811, net i_cache_subsystem/i_nbdcache/i_miss_handler/_08539_ not found.
[WARNING STA-1650] ./results/nangate45_3D/ariane133/HBT/6_final.spef line 351812, net i_cache_subsystem/i_nbdcache/i_miss_handler/_08539_ not found.
[WARNING STA-1650] ./results/nangate45_3D/ariane133/HBT/6_final.spef line 351813, net i_cache_subsystem/i_nbdcache/i_miss_handler/_08725_ not found.
[WARNING STA-1650] ./results/nangate45_3D/ariane133/HBT/6_final.spef line 351814, net i_cache_subsystem/i_nbdcache/i_miss_handler/_10944_ not found.
[WARNING STA-1650] ./results/nangate45_3D/ariane133/HBT/6_final.spef line 351816, net ex_stage_i/_7989_ not found.
[WARNING STA-1650] ./results/nangate45_3D/ariane133/HBT/6_final.spef line 351817, net ex_stage_i/_7996_ not found.
[WARNING STA-1650] ./results/nangate45_3D/ariane133/HBT/6_final.spef line 351818, net ex_stage_i/_7998_ not found.
[WARNING STA-1650] ./results/nangate45_3D/ariane133/HBT/6_final.spef line 351819, net i_cache_subsystem/i_icache/_4720_ not found.
[WARNING STA-1650] ./results/nangate45_3D/ariane133/HBT/6_final.spef line 351820, net i_cache_subsystem/i_icache/_4742_ not found.
[WARNING STA-1650] ./results/nangate45_3D/ariane133/HBT/6_final.spef line 351821, net i_cache_subsystem/i_icache/_4753_ not found.
[WARNING STA-1650] ./results/nangate45_3D/ariane133/HBT/6_final.spef line 351822, net i_cache_subsystem/i_icache/_4783_ not found.
[WARNING STA-1650] ./results/nangate45_3D/ariane133/HBT/6_final.spef line 351823, net i_cache_subsystem/i_icache/_4793_ not found.
[WARNING STA-1650] ./results/nangate45_3D/ariane133/HBT/6_final.spef line 351824, net i_cache_subsystem/i_icache/_4900_ not found.
[WARNING STA-1650] ./results/nangate45_3D/ariane133/HBT/6_final.spef line 351825, net i_cache_subsystem/i_icache/_4934_ not found.
[WARNING STA-1650] ./results/nangate45_3D/ariane133/HBT/6_final.spef line 351826, net i_cache_subsystem/i_nbdcache/i_miss_handler/_14369_ not found.
[WARNING STA-1650] ./results/nangate45_3D/ariane133/HBT/6_final.spef line 351827, net i_cache_subsystem/i_nbdcache/i_miss_handler/_14888_ not found.
[WARNING STA-1650] ./results/nangate45_3D/ariane133/HBT/6_final.spef line 351828, net i_cache_subsystem/i_nbdcache/i_miss_handler/_14991_ not found.
[WARNING STA-1650] ./results/nangate45_3D/ariane133/HBT/6_final.spef line 351829, net i_frontend/i_fetch_fifo/i_fifo_v3/_6528_ not found.
[WARNING STA-1650] ./results/nangate45_3D/ariane133/HBT/6_final.spef line 351830, net i_frontend/i_fetch_fifo/i_fifo_v3/_7927_ not found.
[WARNING STA-1650] ./results/nangate45_3D/ariane133/HBT/6_final.spef line 351831, net issue_stage_i/i_scoreboard/_38226_ not found.
[WARNING STA-1650] ./results/nangate45_3D/ariane133/HBT/6_final.spef line 351832, net issue_stage_i/i_scoreboard/_38257_ not found.
[WARNING STA-1650] ./results/nangate45_3D/ariane133/HBT/6_final.spef line 351833, net issue_stage_i/i_scoreboard/_38347_ not found.
[WARNING STA-1650] ./results/nangate45_3D/ariane133/HBT/6_final.spef line 351834, net issue_stage_i/i_scoreboard/_40613_ not found.
[WARNING STA-1650] ./results/nangate45_3D/ariane133/HBT/6_final.spef line 351835, net issue_stage_i/i_scoreboard/_40739_ not found.
[WARNING STA-1650] ./results/nangate45_3D/ariane133/HBT/6_final.spef line 351836, net issue_stage_i/i_scoreboard/_40747_ not found.
[WARNING STA-1650] ./results/nangate45_3D/ariane133/HBT/6_final.spef line 351837, net issue_stage_i/i_scoreboard/_47624_ not found.
[WARNING STA-1650] ./results/nangate45_3D/ariane133/HBT/6_final.spef line 351867, net ex_stage_i/lsu_i/i_load_unit.ex_i\[31\] not found.
[WARNING STA-1650] ./results/nangate45_3D/ariane133/HBT/6_final.spef line 351868, net i_cache_subsystem/i_icache/N5 not found.
[WARNING STA-1650] ./results/nangate45_3D/ariane133/HBT/6_final.spef line 351869, net i_cache_subsystem/i_icache/N5 not found.
[WARNING STA-1650] ./results/nangate45_3D/ariane133/HBT/6_final.spef line 351870, net i_cache_subsystem/i_icache/N5 not found.
[WARNING STA-1650] ./results/nangate45_3D/ariane133/HBT/6_final.spef line 351871, net i_cache_subsystem/i_icache/_1846_ not found.
[WARNING STA-1650] ./results/nangate45_3D/ariane133/HBT/6_final.spef line 351872, net i_cache_subsystem/i_icache/_1880_ not found.
[WARNING STA-1650] ./results/nangate45_3D/ariane133/HBT/6_final.spef line 351873, net i_cache_subsystem/i_icache/_1883_ not found.
[WARNING STA-1650] ./results/nangate45_3D/ariane133/HBT/6_final.spef line 351874, net i_cache_subsystem/i_icache/_1903_ not found.
[WARNING STA-1650] ./results/nangate45_3D/ariane133/HBT/6_final.spef line 351875, net i_cache_subsystem/i_icache/_2038_ not found.
[WARNING STA-1650] ./results/nangate45_3D/ariane133/HBT/6_final.spef line 351876, net i_cache_subsystem/i_icache/data_rdata\[509\] not found.
[WARNING STA-1650] ./results/nangate45_3D/ariane133/HBT/6_final.spef line 351877, net i_cache_subsystem/i_nbdcache/_1804_ not found.
[WARNING STA-1650] ./results/nangate45_3D/ariane133/HBT/6_final.spef line 351878, net i_cache_subsystem/i_nbdcache/_1807_ not found.
[WARNING STA-1650] ./results/nangate45_3D/ariane133/HBT/6_final.spef line 351879, net i_cache_subsystem/i_nbdcache/i_miss_handler/_06453_ not found.
[WARNING STA-1650] ./results/nangate45_3D/ariane133/HBT/6_final.spef line 351880, net i_cache_subsystem/i_nbdcache/i_miss_handler/_06453_ not found.
[WARNING STA-1650] ./results/nangate45_3D/ariane133/HBT/6_final.spef line 351881, net i_cache_subsystem/i_nbdcache/i_miss_handler/_08398_ not found.
[WARNING STA-1650] ./results/nangate45_3D/ariane133/HBT/6_final.spef line 351882, net i_cache_subsystem/i_nbdcache/i_miss_handler/_08441_ not found.
[WARNING STA-1650] ./results/nangate45_3D/ariane133/HBT/6_final.spef line 351883, net i_cache_subsystem/i_nbdcache/i_miss_handler/_08458_ not found.
[WARNING STA-1650] ./results/nangate45_3D/ariane133/HBT/6_final.spef line 351884, net i_cache_subsystem/i_nbdcache/i_miss_handler/_08539_ not found.
[WARNING STA-1650] ./results/nangate45_3D/ariane133/HBT/6_final.spef line 351885, net i_cache_subsystem/i_nbdcache/i_miss_handler/_08636_ not found.
[WARNING STA-1650] ./results/nangate45_3D/ariane133/HBT/6_final.spef line 351886, net i_cache_subsystem/i_nbdcache/i_miss_handler/_10844_ not found.
[WARNING STA-1650] ./results/nangate45_3D/ariane133/HBT/6_final.spef line 351887, net i_cache_subsystem/i_nbdcache/i_miss_handler/_10844_ not found.
[WARNING STA-1650] ./results/nangate45_3D/ariane133/HBT/6_final.spef line 351888, net i_cache_subsystem/i_nbdcache/i_miss_handler/_10947_ not found.
[WARNING STA-1650] ./results/nangate45_3D/ariane133/HBT/6_final.spef line 351890, net issue_stage_i/i_scoreboard/_00077_ not found.
[WARNING STA-1650] ./results/nangate45_3D/ariane133/HBT/6_final.spef line 351891, net issue_stage_i/i_scoreboard/_07543_ not found.
[WARNING STA-1650] ./results/nangate45_3D/ariane133/HBT/6_final.spef line 351892, net issue_stage_i/i_scoreboard/_07779_ not found.
[WARNING STA-1650] ./results/nangate45_3D/ariane133/HBT/6_final.spef line 351893, net issue_stage_i/i_scoreboard/_07779_ not found.
[WARNING STA-1650] ./results/nangate45_3D/ariane133/HBT/6_final.spef line 351894, net issue_stage_i/i_scoreboard/_07779_ not found.
[WARNING STA-1650] ./results/nangate45_3D/ariane133/HBT/6_final.spef line 351895, net issue_stage_i/i_scoreboard/_08617_ not found.
[WARNING STA-1650] ./results/nangate45_3D/ariane133/HBT/6_final.spef line 351896, net issue_stage_i/i_scoreboard/_08626_ not found.
[WARNING STA-1650] ./results/nangate45_3D/ariane133/HBT/6_final.spef line 351897, net issue_stage_i/i_scoreboard/_08636_ not found.
[WARNING STA-1650] ./results/nangate45_3D/ariane133/HBT/6_final.spef line 351898, net issue_stage_i/i_scoreboard/_08695_ not found.
[WARNING STA-1650] ./results/nangate45_3D/ariane133/HBT/6_final.spef line 351899, net issue_stage_i/i_scoreboard/_08805_ not found.
[WARNING STA-1650] ./results/nangate45_3D/ariane133/HBT/6_final.spef line 351900, net issue_stage_i/i_scoreboard/_10459_ not found.
[WARNING STA-1650] ./results/nangate45_3D/ariane133/HBT/6_final.spef line 351901, net issue_stage_i/i_scoreboard/_10479_ not found.
[WARNING STA-1650] ./results/nangate45_3D/ariane133/HBT/6_final.spef line 351902, net issue_stage_i/i_scoreboard/_10479_ not found.
[WARNING STA-1650] ./results/nangate45_3D/ariane133/HBT/6_final.spef line 351903, net issue_stage_i/i_scoreboard/_10479_ not found.
[WARNING STA-1650] ./results/nangate45_3D/ariane133/HBT/6_final.spef line 351904, net issue_stage_i/i_scoreboard/_15878_ not found.
[WARNING STA-1650] ./results/nangate45_3D/ariane133/HBT/6_final.spef line 351905, net issue_stage_i/i_scoreboard/_18652_ not found.
[WARNING STA-1650] ./results/nangate45_3D/ariane133/HBT/6_final.spef line 351906, net issue_stage_i/i_scoreboard/_18737_ not found.
[WARNING STA-1650] ./results/nangate45_3D/ariane133/HBT/6_final.spef line 351907, net issue_stage_i/i_scoreboard/_18737_ not found.
[WARNING STA-1650] ./results/nangate45_3D/ariane133/HBT/6_final.spef line 351908, net issue_stage_i/i_scoreboard/_18746_ not found.
[WARNING STA-1650] ./results/nangate45_3D/ariane133/HBT/6_final.spef line 351909, net issue_stage_i/i_scoreboard/_25554_ not found.
[WARNING STA-1650] ./results/nangate45_3D/ariane133/HBT/6_final.spef line 351968, net i_cache_subsystem/i_nbdcache/i_miss_handler/_14647_ not found.
[WARNING STA-1650] ./results/nangate45_3D/ariane133/HBT/6_final.spef line 351969, net i_cache_subsystem/i_nbdcache/i_miss_handler/_15268_ not found.
[WARNING STA-1650] ./results/nangate45_3D/ariane133/HBT/6_final.spef line 351970, net issue_stage_i/i_issue_read_operands/i_ariane_regfile/_12269_ not found.
[WARNING STA-1650] ./results/nangate45_3D/ariane133/HBT/6_final.spef line 351971, net issue_stage_i/i_issue_read_operands/i_ariane_regfile/_16352_ not found.
[WARNING STA-1650] ./results/nangate45_3D/ariane133/HBT/6_final.spef line 351990, net i_cache_subsystem/i_nbdcache/i_miss_handler/_08129_ not found.
[WARNING STA-1650] ./results/nangate45_3D/ariane133/HBT/6_final.spef line 351991, net i_cache_subsystem/i_nbdcache/i_miss_handler/_09128_ not found.
[WARNING STA-1650] ./results/nangate45_3D/ariane133/HBT/6_final.spef line 351992, net i_cache_subsystem/i_nbdcache/i_miss_handler/_09387_ not found.
[WARNING STA-1650] ./results/nangate45_3D/ariane133/HBT/6_final.spef line 351993, net issue_stage_i/i_issue_read_operands/i_ariane_regfile/_01566_ not found.
[WARNING STA-1650] ./results/nangate45_3D/ariane133/HBT/6_final.spef line 351994, net issue_stage_i/i_issue_read_operands/i_ariane_regfile/_06930_ not found.
[WARNING STA-1650] ./results/nangate45_3D/ariane133/HBT/6_final.spef line 351995, net issue_stage_i/i_issue_read_operands/i_ariane_regfile/_06970_ not found.
[WARNING STA-1650] ./results/nangate45_3D/ariane133/HBT/6_final.spef line 351996, net issue_stage_i/i_issue_read_operands/i_ariane_regfile/_06982_ not found.
[WARNING STA-1650] ./results/nangate45_3D/ariane133/HBT/6_final.spef line 351997, net issue_stage_i/i_issue_read_operands/i_ariane_regfile/_06982_ not found.
[WARNING STA-1650] ./results/nangate45_3D/ariane133/HBT/6_final.spef line 351998, net issue_stage_i/i_issue_read_operands/i_ariane_regfile/_06992_ not found.
[WARNING STA-1650] ./results/nangate45_3D/ariane133/HBT/6_final.spef line 351999, net issue_stage_i/i_issue_read_operands/i_ariane_regfile/_07069_ not found.
[WARNING STA-1650] ./results/nangate45_3D/ariane133/HBT/6_final.spef line 352000, net issue_stage_i/i_issue_read_operands/i_ariane_regfile/_07096_ not found.
[WARNING STA-1650] ./results/nangate45_3D/ariane133/HBT/6_final.spef line 352001, net issue_stage_i/i_issue_read_operands/i_ariane_regfile/_07096_ not found.
[WARNING STA-1650] ./results/nangate45_3D/ariane133/HBT/6_final.spef line 352002, net issue_stage_i/i_issue_read_operands/i_ariane_regfile/_07390_ not found.
[WARNING STA-1650] ./results/nangate45_3D/ariane133/HBT/6_final.spef line 352003, net issue_stage_i/i_issue_read_operands/i_ariane_regfile/_07390_ not found.
[WARNING STA-1650] ./results/nangate45_3D/ariane133/HBT/6_final.spef line 352004, net issue_stage_i/i_issue_read_operands/i_ariane_regfile/_07414_ not found.
[WARNING STA-1650] ./results/nangate45_3D/ariane133/HBT/6_final.spef line 352005, net issue_stage_i/i_issue_read_operands/i_ariane_regfile/_09239_ not found.
[WARNING STA-1650] ./results/nangate45_3D/ariane133/HBT/6_final.spef line 352006, net issue_stage_i/i_issue_read_operands/i_ariane_regfile/_09239_ not found.
[WARNING STA-1650] ./results/nangate45_3D/ariane133/HBT/6_final.spef line 352007, net issue_stage_i/i_issue_read_operands/i_ariane_regfile/_09359_ not found.
[WARNING STA-1650] ./results/nangate45_3D/ariane133/HBT/6_final.spef line 352008, net issue_stage_i/i_issue_read_operands/i_ariane_regfile/_09427_ not found.
[WARNING STA-1650] ./results/nangate45_3D/ariane133/HBT/6_final.spef line 352009, net issue_stage_i/i_issue_read_operands/i_ariane_regfile/_09427_ not found.
[WARNING STA-1650] ./results/nangate45_3D/ariane133/HBT/6_final.spef line 352010, net issue_stage_i/i_issue_read_operands/i_ariane_regfile/_09950_ not found.
[WARNING STA-1650] ./results/nangate45_3D/ariane133/HBT/6_final.spef line 352041, net i_cache_subsystem/i_nbdcache/sram_block_0__data_sram/genblk1_0__i_ram/macro_mem_3 not found.
[WARNING STA-1650] ./results/nangate45_3D/ariane133/HBT/6_final.spef line 352042, net i_cache_subsystem/i_nbdcache/sram_block_0__data_sram/genblk1_0__i_ram/macro_mem_3 not found.
[WARNING STA-1650] ./results/nangate45_3D/ariane133/HBT/6_final.spef line 352043, net i_cache_subsystem/i_nbdcache/sram_block_0__data_sram/genblk1_1__i_ram/macro_mem_1 not found.
[WARNING STA-1650] ./results/nangate45_3D/ariane133/HBT/6_final.spef line 352044, net i_cache_subsystem/i_nbdcache/sram_block_3__data_sram/genblk1_0__i_ram/_2_ not found.
[WARNING STA-1650] ./results/nangate45_3D/ariane133/HBT/6_final.spef line 352045, net i_cache_subsystem/i_nbdcache/sram_block_3__data_sram/genblk1_1__i_ram/macro_mem_0 not found.
[WARNING STA-1650] ./results/nangate45_3D/ariane133/HBT/6_final.spef line 352046, net i_cache_subsystem/i_nbdcache/sram_block_3__data_sram/genblk1_1__i_ram/macro_mem_0 not found.
[WARNING STA-1650] ./results/nangate45_3D/ariane133/HBT/6_final.spef line 352047, net i_cache_subsystem/i_nbdcache/sram_block_3__data_sram/genblk1_1__i_ram/macro_mem_1 not found.
[WARNING STA-1650] ./results/nangate45_3D/ariane133/HBT/6_final.spef line 352085, net i_cache_subsystem/i_nbdcache/i_miss_handler/_11375_ not found.
[WARNING STA-1650] ./results/nangate45_3D/ariane133/HBT/6_final.spef line 352091, net i_cache_subsystem/i_nbdcache/i_miss_handler/_06493_ not found.
[WARNING STA-1650] ./results/nangate45_3D/ariane133/HBT/6_final.spef line 352094, net ex_stage_i/lsu_i/i_mmu/i_dtlb/_08095_ not found.
[WARNING STA-1650] ./results/nangate45_3D/ariane133/HBT/6_final.spef line 352095, net ex_stage_i/lsu_i/i_mmu/i_dtlb/_08730_ not found.
[WARNING STA-1650] ./results/nangate45_3D/ariane133/HBT/6_final.spef line 352096, net ex_stage_i/lsu_i/i_mmu/i_dtlb/_10901_ not found.
[WARNING STA-1650] ./results/nangate45_3D/ariane133/HBT/6_final.spef line 352097, net ex_stage_i/lsu_i/i_mmu/i_dtlb/_12008_ not found.
[WARNING STA-1650] ./results/nangate45_3D/ariane133/HBT/6_final.spef line 352098, net ex_stage_i/lsu_i/i_mmu/i_itlb/_09886_ not found.
[WARNING STA-1650] ./results/nangate45_3D/ariane133/HBT/6_final.spef line 352108, net ex_stage_i/lsu_i/i_mmu/i_dtlb/_02490_ not found.
[WARNING STA-1650] ./results/nangate45_3D/ariane133/HBT/6_final.spef line 352109, net ex_stage_i/lsu_i/i_mmu/i_dtlb/_03102_ not found.
[WARNING STA-1650] ./results/nangate45_3D/ariane133/HBT/6_final.spef line 352110, net ex_stage_i/lsu_i/i_mmu/i_dtlb/_03102_ not found.
[WARNING STA-1650] ./results/nangate45_3D/ariane133/HBT/6_final.spef line 352111, net ex_stage_i/lsu_i/i_mmu/itlb_content\[24\] not found.
[WARNING STA-1650] ./results/nangate45_3D/ariane133/HBT/6_final.spef line 352158, net i_cache_subsystem/_1064_ not found.
[WARNING STA-1650] message limit (1000) reached. This message will no longer print.
[WARNING STA-1648] ./results/nangate45_3D/ariane133/HBT/6_final.spef line 353173, instance i_cache_subsystem/_0556_ not found.
[WARNING STA-1648] ./results/nangate45_3D/ariane133/HBT/6_final.spef line 353840, instance i_cache_subsystem/_0558_ not found.
[WARNING STA-1648] ./results/nangate45_3D/ariane133/HBT/6_final.spef line 354844, instance i_cache_subsystem/_0560_ not found.
[WARNING STA-1648] ./results/nangate45_3D/ariane133/HBT/6_final.spef line 355853, instance i_cache_subsystem/_0562_ not found.
[WARNING STA-1648] ./results/nangate45_3D/ariane133/HBT/6_final.spef line 356222, instance i_cache_subsystem/_0744_ not found.
[WARNING STA-1648] ./results/nangate45_3D/ariane133/HBT/6_final.spef line 356261, instance i_cache_subsystem/_0746_ not found.
[WARNING STA-1648] ./results/nangate45_3D/ariane133/HBT/6_final.spef line 356299, instance i_cache_subsystem/_0750_ not found.
[WARNING STA-1648] ./results/nangate45_3D/ariane133/HBT/6_final.spef line 356371, instance i_cache_subsystem/_0752_ not found.
[WARNING STA-1648] ./results/nangate45_3D/ariane133/HBT/6_final.spef line 356417, instance i_cache_subsystem/_0754_ not found.
[WARNING STA-1648] ./results/nangate45_3D/ariane133/HBT/6_final.spef line 356471, instance i_cache_subsystem/_0566_ not found.
[WARNING STA-1648] ./results/nangate45_3D/ariane133/HBT/6_final.spef line 356511, instance i_cache_subsystem/_0756_ not found.
[WARNING STA-1648] ./results/nangate45_3D/ariane133/HBT/6_final.spef line 356557, instance i_cache_subsystem/_0759_ not found.
[WARNING STA-1648] ./results/nangate45_3D/ariane133/HBT/6_final.spef line 356632, instance i_cache_subsystem/_0761_ not found.
[WARNING STA-1648] ./results/nangate45_3D/ariane133/HBT/6_final.spef line 356692, instance i_cache_subsystem/_0763_ not found.
[WARNING STA-1648] ./results/nangate45_3D/ariane133/HBT/6_final.spef line 356744, instance i_cache_subsystem/_0765_ not found.
[WARNING STA-1648] ./results/nangate45_3D/ariane133/HBT/6_final.spef line 356850, instance i_cache_subsystem/_0767_ not found.
[WARNING STA-1648] ./results/nangate45_3D/ariane133/HBT/6_final.spef line 356949, instance i_cache_subsystem/_0769_ not found.
[WARNING STA-1648] ./results/nangate45_3D/ariane133/HBT/6_final.spef line 357397, instance i_cache_subsystem/_0772_ not found.
[WARNING STA-1648] ./results/nangate45_3D/ariane133/HBT/6_final.spef line 357675, instance i_cache_subsystem/_0774_ not found.
[WARNING STA-1648] ./results/nangate45_3D/ariane133/HBT/6_final.spef line 357704, instance i_cache_subsystem/_0776_ not found.
[WARNING STA-1648] ./results/nangate45_3D/ariane133/HBT/6_final.spef line 357813, instance i_cache_subsystem/_0778_ not found.
[WARNING STA-1648] ./results/nangate45_3D/ariane133/HBT/6_final.spef line 357895, instance i_cache_subsystem/_0781_ not found.
[WARNING STA-1648] ./results/nangate45_3D/ariane133/HBT/6_final.spef line 357941, instance i_cache_subsystem/_0783_ not found.
[WARNING STA-1648] ./results/nangate45_3D/ariane133/HBT/6_final.spef line 358059, instance i_cache_subsystem/_0785_ not found.
[WARNING STA-1648] ./results/nangate45_3D/ariane133/HBT/6_final.spef line 358386, instance i_cache_subsystem/_0787_ not found.
[WARNING STA-1648] ./results/nangate45_3D/ariane133/HBT/6_final.spef line 358462, instance i_cache_subsystem/_0789_ not found.
[WARNING STA-1648] ./results/nangate45_3D/ariane133/HBT/6_final.spef line 358546, instance i_cache_subsystem/_0791_ not found.
[WARNING STA-1648] ./results/nangate45_3D/ariane133/HBT/6_final.spef line 358849, instance i_cache_subsystem/_0796_ not found.
[WARNING STA-1648] ./results/nangate45_3D/ariane133/HBT/6_final.spef line 359104, instance i_cache_subsystem/_0570_ not found.
[WARNING STA-1648] ./results/nangate45_3D/ariane133/HBT/6_final.spef line 359359, instance i_cache_subsystem/_0803_ not found.
[WARNING STA-1648] ./results/nangate45_3D/ariane133/HBT/6_final.spef line 359434, instance i_cache_subsystem/_0807_ not found.
[WARNING STA-1648] ./results/nangate45_3D/ariane133/HBT/6_final.spef line 359547, instance i_cache_subsystem/_0809_ not found.
[WARNING STA-1648] ./results/nangate45_3D/ariane133/HBT/6_final.spef line 359983, instance i_cache_subsystem/_0811_ not found.
[WARNING STA-1648] ./results/nangate45_3D/ariane133/HBT/6_final.spef line 360030, instance i_cache_subsystem/_0813_ not found.
[WARNING STA-1648] ./results/nangate45_3D/ariane133/HBT/6_final.spef line 360119, instance i_cache_subsystem/_0816_ not found.
[WARNING STA-1648] ./results/nangate45_3D/ariane133/HBT/6_final.spef line 360188, instance i_cache_subsystem/_0818_ not found.
[WARNING STA-1648] ./results/nangate45_3D/ariane133/HBT/6_final.spef line 360255, instance i_cache_subsystem/_0820_ not found.
[WARNING STA-1648] ./results/nangate45_3D/ariane133/HBT/6_final.spef line 361843, instance i_cache_subsystem/_0576_ not found.
[WARNING STA-1648] ./results/nangate45_3D/ariane133/HBT/6_final.spef line 363539, instance i_cache_subsystem/_0580_ not found.
[WARNING STA-1648] ./results/nangate45_3D/ariane133/HBT/6_final.spef line 364310, instance i_cache_subsystem/_0582_ not found.
[WARNING STA-1648] ./results/nangate45_3D/ariane133/HBT/6_final.spef line 365255, instance i_cache_subsystem/_0584_ not found.
[WARNING STA-1648] ./results/nangate45_3D/ariane133/HBT/6_final.spef line 365875, instance i_cache_subsystem/_0588_ not found.
[WARNING STA-1648] ./results/nangate45_3D/ariane133/HBT/6_final.spef line 365950, instance i_cache_subsystem/_0590_ not found.
[WARNING STA-1648] ./results/nangate45_3D/ariane133/HBT/6_final.spef line 366095, instance i_cache_subsystem/_0592_ not found.
[WARNING STA-1648] ./results/nangate45_3D/ariane133/HBT/6_final.spef line 366129, instance i_cache_subsystem/_0530_ not found.
[WARNING STA-1648] ./results/nangate45_3D/ariane133/HBT/6_final.spef line 366199, instance i_cache_subsystem/_0594_ not found.
[WARNING STA-1648] ./results/nangate45_3D/ariane133/HBT/6_final.spef line 367354, instance i_cache_subsystem/_0532_ not found.
[WARNING STA-1648] ./results/nangate45_3D/ariane133/HBT/6_final.spef line 368289, instance i_cache_subsystem/_0534_ not found.
[WARNING STA-1648] ./results/nangate45_3D/ariane133/HBT/6_final.spef line 369145, instance i_cache_subsystem/_0536_ not found.
[WARNING STA-1648] ./results/nangate45_3D/ariane133/HBT/6_final.spef line 370020, instance i_cache_subsystem/_0538_ not found.
[WARNING STA-1648] ./results/nangate45_3D/ariane133/HBT/6_final.spef line 371374, instance i_cache_subsystem/_0544_ not found.
[WARNING STA-1648] ./results/nangate45_3D/ariane133/HBT/6_final.spef line 372185, instance i_cache_subsystem/_0546_ not found.
[WARNING STA-1648] ./results/nangate45_3D/ariane133/HBT/6_final.spef line 373300, instance i_cache_subsystem/_0548_ not found.
[WARNING STA-1648] ./results/nangate45_3D/ariane133/HBT/6_final.spef line 386604, instance i_frontend/i_btb/_25102_ not found.
[WARNING STA-1648] ./results/nangate45_3D/ariane133/HBT/6_final.spef line 386605, instance i_frontend/i_btb/_23997_ not found.
[WARNING STA-1648] ./results/nangate45_3D/ariane133/HBT/6_final.spef line 386606, instance i_frontend/i_btb/_24062_ not found.
[WARNING STA-1648] ./results/nangate45_3D/ariane133/HBT/6_final.spef line 386607, instance i_frontend/i_btb/_25127_ not found.
[WARNING STA-1648] ./results/nangate45_3D/ariane133/HBT/6_final.spef line 386608, instance i_frontend/i_btb/_24022_ not found.
[WARNING STA-1648] ./results/nangate45_3D/ariane133/HBT/6_final.spef line 386609, instance i_frontend/i_btb/_22137_ not found.
[WARNING STA-1648] ./results/nangate45_3D/ariane133/HBT/6_final.spef line 386610, instance i_frontend/i_btb/_21655_ not found.
[WARNING STA-1648] ./results/nangate45_3D/ariane133/HBT/6_final.spef line 386611, instance i_frontend/i_btb/_24710_ not found.
[WARNING STA-1648] ./results/nangate45_3D/ariane133/HBT/6_final.spef line 386612, instance i_frontend/i_btb/_24737_ not found.
[WARNING STA-1648] ./results/nangate45_3D/ariane133/HBT/6_final.spef line 386613, instance i_frontend/i_btb/_23996_ not found.
[WARNING STA-1648] ./results/nangate45_3D/ariane133/HBT/6_final.spef line 386614, instance i_frontend/i_btb/_24711_ not found.
[WARNING STA-1648] ./results/nangate45_3D/ariane133/HBT/6_final.spef line 386615, instance i_frontend/i_btb/_24739_ not found.
[WARNING STA-1648] ./results/nangate45_3D/ariane133/HBT/6_final.spef line 386616, instance i_frontend/i_btb/_21682_ not found.
[WARNING STA-1648] ./results/nangate45_3D/ariane133/HBT/6_final.spef line 386617, instance i_frontend/i_btb/_22204_ not found.
[WARNING STA-1648] ./results/nangate45_3D/ariane133/HBT/6_final.spef line 386618, instance i_frontend/i_btb/_21684_ not found.
[WARNING STA-1648] ./results/nangate45_3D/ariane133/HBT/6_final.spef line 386619, instance i_frontend/i_btb/_23764_ not found.
[WARNING STA-1648] ./results/nangate45_3D/ariane133/HBT/6_final.spef line 386620, instance i_frontend/i_btb/_25091_ not found.
[WARNING STA-1648] ./results/nangate45_3D/ariane133/HBT/6_final.spef line 386621, instance i_frontend/i_btb/_24181_ not found.
[WARNING STA-1648] ./results/nangate45_3D/ariane133/HBT/6_final.spef line 386622, instance i_frontend/i_btb/_21644_ not found.
[WARNING STA-1648] ./results/nangate45_3D/ariane133/HBT/6_final.spef line 386623, instance i_frontend/i_btb/_21646_ not found.
[WARNING STA-1648] ./results/nangate45_3D/ariane133/HBT/6_final.spef line 386624, instance i_frontend/i_btb/_24699_ not found.
[WARNING STA-1648] ./results/nangate45_3D/ariane133/HBT/6_final.spef line 386625, instance i_frontend/i_btb/_22568_ not found.
[WARNING STA-1648] ./results/nangate45_3D/ariane133/HBT/6_final.spef line 386626, instance i_frontend/i_btb/_24701_ not found.
[WARNING STA-1648] ./results/nangate45_3D/ariane133/HBT/6_final.spef line 386627, instance i_frontend/i_btb/_22556_ not found.
[WARNING STA-1648] ./results/nangate45_3D/ariane133/HBT/6_final.spef line 386628, instance i_frontend/i_btb/_22816_ not found.
[WARNING STA-1648] ./results/nangate45_3D/ariane133/HBT/6_final.spef line 386629, instance i_frontend/i_btb/_25481_ not found.
[WARNING STA-1648] ./results/nangate45_3D/ariane133/HBT/6_final.spef line 386630, instance i_frontend/i_btb/_23726_ not found.
[WARNING STA-1648] ./results/nangate45_3D/ariane133/HBT/6_final.spef line 386631, instance i_frontend/i_btb/_23304_ not found.
[WARNING STA-1648] ./results/nangate45_3D/ariane133/HBT/6_final.spef line 386632, instance i_frontend/i_btb/_24409_ not found.
[WARNING STA-1648] ./results/nangate45_3D/ariane133/HBT/6_final.spef line 386633, instance i_frontend/i_btb/_25449_ not found.
[WARNING STA-1648] ./results/nangate45_3D/ariane133/HBT/6_final.spef line 386634, instance i_frontend/i_btb/_21744_ not found.
[WARNING STA-1648] ./results/nangate45_3D/ariane133/HBT/6_final.spef line 386635, instance i_frontend/i_btb/_24506_ not found.
[WARNING STA-1648] ./results/nangate45_3D/ariane133/HBT/6_final.spef line 386636, instance i_frontend/i_btb/_23596_ not found.
[WARNING STA-1648] ./results/nangate45_3D/ariane133/HBT/6_final.spef line 386637, instance i_frontend/i_btb/_24713_ not found.
[WARNING STA-1648] ./results/nangate45_3D/ariane133/HBT/6_final.spef line 386638, instance i_frontend/i_btb/_21658_ not found.
[WARNING STA-1648] ./results/nangate45_3D/ariane133/HBT/6_final.spef line 386639, instance i_frontend/i_btb/_22828_ not found.
[WARNING STA-1648] ./results/nangate45_3D/ariane133/HBT/6_final.spef line 386640, instance i_frontend/i_btb/_23856_ not found.
[WARNING STA-1648] ./results/nangate45_3D/ariane133/HBT/6_final.spef line 386641, instance i_frontend/i_btb/_24051_ not found.
[WARNING STA-1648] ./results/nangate45_3D/ariane133/HBT/6_final.spef line 386642, instance i_frontend/i_btb/_25493_ not found.
[WARNING STA-1648] ./results/nangate45_3D/ariane133/HBT/6_final.spef line 386643, instance i_frontend/i_btb/_22569_ not found.
[WARNING STA-1648] ./results/nangate45_3D/ariane133/HBT/6_final.spef line 386644, instance i_frontend/i_btb/_24714_ not found.
[WARNING STA-1648] ./results/nangate45_3D/ariane133/HBT/6_final.spef line 386645, instance i_frontend/i_btb/_21659_ not found.
[WARNING STA-1648] ./results/nangate45_3D/ariane133/HBT/6_final.spef line 386646, instance i_frontend/i_btb/_22594_ not found.
[WARNING STA-1648] ./results/nangate45_3D/ariane133/HBT/6_final.spef line 386647, instance i_frontend/i_btb/_24064_ not found.
[WARNING STA-1648] ./results/nangate45_3D/ariane133/HBT/6_final.spef line 386648, instance i_frontend/i_btb/_25103_ not found.
[WARNING STA-1648] ./results/nangate45_3D/ariane133/HBT/6_final.spef line 386649, instance i_frontend/i_btb/_23998_ not found.
[WARNING STA-1648] ./results/nangate45_3D/ariane133/HBT/6_final.spef line 386650, instance i_frontend/i_btb/_23608_ not found.
[WARNING STA-1648] ./results/nangate45_3D/ariane133/HBT/6_final.spef line 386651, instance i_frontend/i_btb/_22438_ not found.
[WARNING STA-1648] ./results/nangate45_3D/ariane133/HBT/6_final.spef line 386652, instance i_frontend/i_btb/_23609_ not found.
[WARNING STA-1648] ./results/nangate45_3D/ariane133/HBT/6_final.spef line 386653, instance i_frontend/i_btb/_24518_ not found.
[WARNING STA-1648] ./results/nangate45_3D/ariane133/HBT/6_final.spef line 386654, instance i_frontend/i_btb/_24193_ not found.
[WARNING STA-1648] ./results/nangate45_3D/ariane133/HBT/6_final.spef line 386655, instance i_frontend/i_btb/_23868_ not found.
[WARNING STA-1648] ./results/nangate45_3D/ariane133/HBT/6_final.spef line 386656, instance i_frontend/i_btb/_24214_ not found.
[WARNING STA-1648] ./results/nangate45_3D/ariane133/HBT/6_final.spef line 386657, instance i_frontend/i_btb/_24539_ not found.
[WARNING STA-1648] ./results/nangate45_3D/ariane133/HBT/6_final.spef line 386658, instance i_frontend/i_btb/_24084_ not found.
[WARNING STA-1648] ./results/nangate45_3D/ariane133/HBT/6_final.spef line 386659, instance i_frontend/i_btb/_22099_ not found.
[WARNING STA-1648] ./results/nangate45_3D/ariane133/HBT/6_final.spef line 386660, instance i_frontend/i_btb/_22164_ not found.
[WARNING STA-1648] ./results/nangate45_3D/ariane133/HBT/6_final.spef line 386661, instance i_frontend/i_btb/_23724_ not found.
[WARNING STA-1648] ./results/nangate45_3D/ariane133/HBT/6_final.spef line 386662, instance i_frontend/i_btb/_22814_ not found.
[WARNING STA-1648] ./results/nangate45_3D/ariane133/HBT/6_final.spef line 386663, instance i_frontend/i_btb/_23889_ not found.
[WARNING STA-1648] ./results/nangate45_3D/ariane133/HBT/6_final.spef line 386664, instance i_frontend/i_btb/_24504_ not found.
[WARNING STA-1648] ./results/nangate45_3D/ariane133/HBT/6_final.spef line 386665, instance i_frontend/i_btb/_24179_ not found.
[WARNING STA-1648] ./results/nangate45_3D/ariane133/HBT/6_final.spef line 386666, instance i_frontend/i_btb/_22113_ not found.
[WARNING STA-1648] ./results/nangate45_3D/ariane133/HBT/6_final.spef line 386667, instance i_frontend/i_btb/_22178_ not found.
[WARNING STA-1648] ./results/nangate45_3D/ariane133/HBT/6_final.spef line 386668, instance i_frontend/i_btb/_23738_ not found.
[WARNING STA-1648] ./results/nangate45_3D/ariane133/HBT/6_final.spef line 386669, instance i_frontend/i_btb/_24063_ not found.
[WARNING STA-1648] ./results/nangate45_3D/ariane133/HBT/6_final.spef line 386670, instance i_frontend/i_btb/_22114_ not found.
[WARNING STA-1648] ./results/nangate45_3D/ariane133/HBT/6_final.spef line 386671, instance i_frontend/i_btb/_22179_ not found.
[WARNING STA-1648] ./results/nangate45_3D/ariane133/HBT/6_final.spef line 386672, instance i_frontend/i_btb/_22112_ not found.
[WARNING STA-1648] ./results/nangate45_3D/ariane133/HBT/6_final.spef line 386673, instance i_frontend/i_btb/_23869_ not found.
[WARNING STA-1648] ./results/nangate45_3D/ariane133/HBT/6_final.spef line 386674, instance i_frontend/i_btb/_24194_ not found.
[WARNING STA-1648] ./results/nangate45_3D/ariane133/HBT/6_final.spef line 386675, instance i_frontend/i_btb/_23999_ not found.
[WARNING STA-1648] ./results/nangate45_3D/ariane133/HBT/6_final.spef line 386676, instance i_frontend/i_btb/_22439_ not found.
[WARNING STA-1648] ./results/nangate45_3D/ariane133/HBT/6_final.spef line 386677, instance i_frontend/i_btb/_25104_ not found.
[WARNING STA-1648] ./results/nangate45_3D/ariane133/HBT/6_final.spef line 386678, instance i_frontend/i_btb/_22827_ not found.
[WARNING STA-1648] ./results/nangate45_3D/ariane133/HBT/6_final.spef line 386679, instance i_frontend/i_btb/_22177_ not found.
[WARNING STA-1648] ./results/nangate45_3D/ariane133/HBT/6_final.spef line 386680, instance i_frontend/i_btb/_24519_ not found.
[WARNING STA-1648] ./results/nangate45_3D/ariane133/HBT/6_final.spef line 386681, instance i_frontend/i_btb/_24515_ not found.
[WARNING STA-1648] ./results/nangate45_3D/ariane133/HBT/6_final.spef line 386682, instance i_frontend/i_btb/_25494_ not found.
[WARNING STA-1648] ./results/nangate45_3D/ariane133/HBT/6_final.spef line 386683, instance i_frontend/i_btb/_22829_ not found.
[WARNING STA-1648] ./results/nangate45_3D/ariane133/HBT/6_final.spef line 386684, instance i_frontend/i_btb/_23739_ not found.
[WARNING STA-1648] ./results/nangate45_3D/ariane133/HBT/6_final.spef line 386685, instance i_frontend/i_btb/_21657_ not found.
[WARNING STA-1648] ./results/nangate45_3D/ariane133/HBT/6_final.spef line 386686, instance i_frontend/i_btb/_22592_ not found.
[WARNING STA-1648] ./results/nangate45_3D/ariane133/HBT/6_final.spef line 386687, instance i_frontend/i_btb/_22852_ not found.
[WARNING STA-1648] ./results/nangate45_3D/ariane133/HBT/6_final.spef line 386688, instance i_frontend/i_btb/_22567_ not found.
[WARNING STA-1648] ./results/nangate45_3D/ariane133/HBT/6_final.spef line 386689, instance i_frontend/i_btb/_22565_ not found.
[WARNING STA-1648] ./results/nangate45_3D/ariane133/HBT/6_final.spef line 386690, instance i_frontend/i_btb/_25517_ not found.
[WARNING STA-1648] ./results/nangate45_3D/ariane133/HBT/6_final.spef line 386691, instance i_frontend/i_btb/_24712_ not found.
[WARNING STA-1648] ./results/nangate45_3D/ariane133/HBT/6_final.spef line 386692, instance i_frontend/i_btb/_22139_ not found.
[WARNING STA-1648] ./results/nangate45_3D/ariane133/HBT/6_final.spef line 386693, instance i_frontend/i_btb/_23986_ not found.
[WARNING STA-1648] ./results/nangate45_3D/ariane133/HBT/6_final.spef line 386694, instance i_frontend/i_btb/_22426_ not found.
[WARNING STA-1648] ./results/nangate45_3D/ariane133/HBT/6_final.spef line 386695, instance i_frontend/i_btb/_23271_ not found.
[WARNING STA-1648] ./results/nangate45_3D/ariane133/HBT/6_final.spef line 386696, instance i_frontend/i_btb/_22634_ not found.
[WARNING STA-1648] ./results/nangate45_3D/ariane133/HBT/6_final.spef line 386697, instance i_frontend/i_btb/_22854_ not found.
[WARNING STA-1648] ./results/nangate45_3D/ariane133/HBT/6_final.spef line 386698, instance i_frontend/i_btb/_25519_ not found.
[WARNING STA-1648] ./results/nangate45_3D/ariane133/HBT/6_final.spef line 386699, instance i_frontend/i_btb/_23284_ not found.
[WARNING STA-1648] ./results/nangate45_3D/ariane133/HBT/6_final.spef line 386700, instance i_frontend/i_btb/_22826_ not found.
[WARNING STA-1648] ./results/nangate45_3D/ariane133/HBT/6_final.spef line 386701, instance i_frontend/i_btb/_21656_ not found.
[WARNING STA-1648] ./results/nangate45_3D/ariane133/HBT/6_final.spef line 386702, instance i_frontend/i_btb/_22111_ not found.
[WARNING STA-1648] ./results/nangate45_3D/ariane133/HBT/6_final.spef line 386703, instance i_frontend/i_btb/_22631_ not found.
[WARNING STA-1648] ./results/nangate45_3D/ariane133/HBT/6_final.spef line 386704, instance i_frontend/i_btb/_23736_ not found.
[WARNING STA-1648] ./results/nangate45_3D/ariane133/HBT/6_final.spef line 386705, instance i_frontend/i_btb/_22566_ not found.
[WARNING STA-1648] ./results/nangate45_3D/ariane133/HBT/6_final.spef line 386706, instance i_frontend/i_btb/_25429_ not found.
[WARNING STA-1648] ./results/nangate45_3D/ariane133/HBT/6_final.spef line 386707, instance i_frontend/i_btb/_23674_ not found.
[WARNING STA-1648] ./results/nangate45_3D/ariane133/HBT/6_final.spef line 386708, instance i_frontend/i_btb/_24389_ not found.
[WARNING STA-1648] ./results/nangate45_3D/ariane133/HBT/6_final.spef line 386709, instance i_frontend/i_btb/_25491_ not found.
[WARNING STA-1648] ./results/nangate45_3D/ariane133/HBT/6_final.spef line 386710, instance i_frontend/i_btb/_24516_ not found.
[WARNING STA-1648] ./results/nangate45_3D/ariane133/HBT/6_final.spef line 386711, instance i_frontend/i_btb/_23606_ not found.
[WARNING STA-1648] ./results/nangate45_3D/ariane133/HBT/6_final.spef line 386712, instance i_frontend/i_btb/_22664_ not found.
[WARNING STA-1648] ./results/nangate45_3D/ariane133/HBT/6_final.spef line 386713, instance i_frontend/i_btb/_25426_ not found.
[WARNING STA-1648] ./results/nangate45_3D/ariane133/HBT/6_final.spef line 386714, instance i_frontend/i_btb/_23704_ not found.
[WARNING STA-1648] ./results/nangate45_3D/ariane133/HBT/6_final.spef line 386715, instance i_frontend/i_btb/_23314_ not found.
[WARNING STA-1648] ./results/nangate45_3D/ariane133/HBT/6_final.spef line 386716, instance i_frontend/i_btb/_21689_ not found.
[WARNING STA-1648] ./results/nangate45_3D/ariane133/HBT/6_final.spef line 386717, instance i_frontend/i_btb/_23769_ not found.
[WARNING STA-1648] ./results/nangate45_3D/ariane133/HBT/6_final.spef line 386718, instance i_frontend/i_btb/_24418_ not found.
[WARNING STA-1648] ./results/nangate45_3D/ariane133/HBT/6_final.spef line 386719, instance i_frontend/i_btb/_25524_ not found.
[WARNING STA-1648] ./results/nangate45_3D/ariane133/HBT/6_final.spef line 386720, instance i_frontend/i_btb/_24744_ not found.
[WARNING STA-1648] ./results/nangate45_3D/ariane133/HBT/6_final.spef line 386721, instance i_frontend/i_btb/_22599_ not found.
[WARNING STA-1648] ./results/nangate45_3D/ariane133/HBT/6_final.spef line 386722, instance i_frontend/i_btb/_22859_ not found.
[WARNING STA-1648] ./results/nangate45_3D/ariane133/HBT/6_final.spef line 386723, instance i_frontend/i_btb/_22144_ not found.
[WARNING STA-1648] ./results/nangate45_3D/ariane133/HBT/6_final.spef line 386724, instance i_frontend/i_btb/_25198_ not found.
[WARNING STA-1648] ./results/nangate45_3D/ariane133/HBT/6_final.spef line 386725, instance i_frontend/i_btb/_25204_ not found.
[WARNING STA-1648] ./results/nangate45_3D/ariane133/HBT/6_final.spef line 386726, instance i_frontend/i_btb/_22209_ not found.
[WARNING STA-1648] ./results/nangate45_3D/ariane133/HBT/6_final.spef line 386727, instance i_frontend/i_btb/_25134_ not found.
[WARNING STA-1648] ./results/nangate45_3D/ariane133/HBT/6_final.spef line 386728, instance i_frontend/i_btb/_24419_ not found.
[WARNING STA-1648] ./results/nangate45_3D/ariane133/HBT/6_final.spef line 386729, instance i_frontend/i_btb/_24029_ not found.
[WARNING STA-1648] ./results/nangate45_3D/ariane133/HBT/6_final.spef line 386730, instance i_frontend/i_btb/_24200_ not found.
[WARNING STA-1648] ./results/nangate45_3D/ariane133/HBT/6_final.spef line 386731, instance i_frontend/i_btb/_23615_ not found.
[WARNING STA-1648] ./results/nangate45_3D/ariane133/HBT/6_final.spef line 386732, instance i_frontend/i_btb/_23875_ not found.
[WARNING STA-1648] ./results/nangate45_3D/ariane133/HBT/6_final.spef line 386733, instance i_frontend/i_btb/_23043_ not found.
[WARNING STA-1648] ./results/nangate45_3D/ariane133/HBT/6_final.spef line 386734, instance i_frontend/i_btb/_22445_ not found.
[WARNING STA-1648] ./results/nangate45_3D/ariane133/HBT/6_final.spef line 386735, instance i_frontend/i_btb/_25500_ not found.
[WARNING STA-1648] ./results/nangate45_3D/ariane133/HBT/6_final.spef line 386736, instance i_frontend/i_btb/_24070_ not found.
[WARNING STA-1648] ./results/nangate45_3D/ariane133/HBT/6_final.spef line 386737, instance i_frontend/i_btb/_23745_ not found.
[WARNING STA-1648] ./results/nangate45_3D/ariane133/HBT/6_final.spef line 386738, instance i_frontend/i_btb/_24395_ not found.
[WARNING STA-1648] ./results/nangate45_3D/ariane133/HBT/6_final.spef line 386739, instance i_frontend/i_btb/_25435_ not found.
[WARNING STA-1648] ./results/nangate45_3D/ariane133/HBT/6_final.spef line 386740, instance i_frontend/i_btb/_23290_ not found.
[WARNING STA-1648] ./results/nangate45_3D/ariane133/HBT/6_final.spef line 386741, instance i_frontend/i_btb/_22640_ not found.
[WARNING STA-1648] ./results/nangate45_3D/ariane133/HBT/6_final.spef line 386742, instance i_frontend/i_btb/_23687_ not found.
[WARNING STA-1648] ./results/nangate45_3D/ariane133/HBT/6_final.spef line 386743, instance i_frontend/i_btb/_22185_ not found.
[WARNING STA-1648] ./results/nangate45_3D/ariane133/HBT/6_final.spef line 386744, instance i_frontend/i_btb/_23368_ not found.
[WARNING STA-1648] ./results/nangate45_3D/ariane133/HBT/6_final.spef line 386745, instance i_frontend/i_btb/_22523_ not found.
[WARNING STA-1648] ./results/nangate45_3D/ariane133/HBT/6_final.spef line 386746, instance i_frontend/i_btb/_23823_ not found.
[WARNING STA-1648] ./results/nangate45_3D/ariane133/HBT/6_final.spef line 386747, instance i_frontend/i_btb/_24549_ not found.
[WARNING STA-1648] ./results/nangate45_3D/ariane133/HBT/6_final.spef line 386748, instance i_frontend/i_btb/_23899_ not found.
[WARNING STA-1648] ./results/nangate45_3D/ariane133/HBT/6_final.spef line 386749, instance i_frontend/i_btb/_24224_ not found.
[WARNING STA-1648] ./results/nangate45_3D/ariane133/HBT/6_final.spef line 386750, instance i_frontend/i_btb/_25188_ not found.
[WARNING STA-1648] ./results/nangate45_3D/ariane133/HBT/6_final.spef line 386751, instance i_frontend/i_btb/_24993_ not found.
[WARNING STA-1648] ./results/nangate45_3D/ariane133/HBT/6_final.spef line 386752, instance i_frontend/i_btb/_22068_ not found.
[WARNING STA-1648] ./results/nangate45_3D/ariane133/HBT/6_final.spef line 386753, instance i_frontend/i_btb/_25009_ not found.
[WARNING STA-1648] ./results/nangate45_3D/ariane133/HBT/6_final.spef line 386754, instance i_frontend/i_btb/_23053_ not found.
[WARNING STA-1648] ./results/nangate45_3D/ariane133/HBT/6_final.spef line 386755, instance i_frontend/i_btb/_22084_ not found.
[WARNING STA-1648] ./results/nangate45_3D/ariane133/HBT/6_final.spef line 386756, instance i_frontend/i_btb/_23059_ not found.
[WARNING STA-1648] ./results/nangate45_3D/ariane133/HBT/6_final.spef line 386757, instance i_frontend/i_btb/_25708_ not found.
[WARNING STA-1648] ./results/nangate45_3D/ariane133/HBT/6_final.spef line 386758, instance i_frontend/i_btb/_23363_ not found.
[WARNING STA-1648] ./results/nangate45_3D/ariane133/HBT/6_final.spef line 386759, instance i_frontend/i_btb/_25183_ not found.
[WARNING STA-1648] ./results/nangate45_3D/ariane133/HBT/6_final.spef line 386760, instance i_frontend/i_btb/_22063_ not found.
[WARNING STA-1648] ./results/nangate45_3D/ariane133/HBT/6_final.spef line 386761, instance i_frontend/i_btb/_23038_ not found.
[WARNING STA-1648] ./results/nangate45_3D/ariane133/HBT/6_final.spef line 386762, instance i_frontend/i_btb/_24077_ not found.
[WARNING STA-1648] ./results/nangate45_3D/ariane133/HBT/6_final.spef line 386763, instance i_frontend/i_btb/_23882_ not found.
[WARNING STA-1648] ./results/nangate45_3D/ariane133/HBT/6_final.spef line 386764, instance i_frontend/i_btb/_23052_ not found.
[WARNING STA-1648] ./results/nangate45_3D/ariane133/HBT/6_final.spef line 386765, instance i_frontend/i_btb/_23366_ not found.
[WARNING STA-1648] ./results/nangate45_3D/ariane133/HBT/6_final.spef line 386766, instance i_frontend/i_btb/_24988_ not found.
[WARNING STA-1648] ./results/nangate45_3D/ariane133/HBT/6_final.spef line 386767, instance i_frontend/i_btb/_23818_ not found.
[WARNING STA-1648] ./results/nangate45_3D/ariane133/HBT/6_final.spef line 386768, instance i_frontend/i_btb/_24207_ not found.
[WARNING STA-1648] ./results/nangate45_3D/ariane133/HBT/6_final.spef line 386769, instance i_frontend/i_btb/_22452_ not found.
[WARNING STA-1648] ./results/nangate45_3D/ariane133/HBT/6_final.spef line 386770, instance i_frontend/i_btb/_24532_ not found.
[WARNING STA-1648] ./results/nangate45_3D/ariane133/HBT/6_final.spef line 386771, instance i_frontend/i_btb/_24402_ not found.
[WARNING STA-1648] ./results/nangate45_3D/ariane133/HBT/6_final.spef line 386772, instance i_frontend/i_btb/_25442_ not found.
[WARNING STA-1648] ./results/nangate45_3D/ariane133/HBT/6_final.spef line 386773, instance i_frontend/i_btb/_22647_ not found.
[WARNING STA-1648] ./results/nangate45_3D/ariane133/HBT/6_final.spef line 386774, instance i_frontend/i_btb/_23297_ not found.
[WARNING STA-1648] ./results/nangate45_3D/ariane133/HBT/6_final.spef line 386775, instance i_frontend/i_btb/_22120_ not found.
[WARNING STA-1648] ./results/nangate45_3D/ariane133/HBT/6_final.spef line 386776, instance i_frontend/i_btb/_23054_ not found.
[WARNING STA-1648] ./results/nangate45_3D/ariane133/HBT/6_final.spef line 386777, instance i_frontend/i_btb/_23379_ not found.
[WARNING STA-1648] ./results/nangate45_3D/ariane133/HBT/6_final.spef line 386778, instance i_frontend/i_btb/_22126_ not found.
[WARNING STA-1648] ./results/nangate45_3D/ariane133/HBT/6_final.spef line 386779, instance i_frontend/i_btb/_25441_ not found.
[WARNING STA-1648] ./results/nangate45_3D/ariane133/HBT/6_final.spef line 386780, instance i_frontend/i_btb/_23621_ not found.
[WARNING STA-1648] ./results/nangate45_3D/ariane133/HBT/6_final.spef line 386781, instance i_frontend/i_btb/_22451_ not found.
[WARNING STA-1648] ./results/nangate45_3D/ariane133/HBT/6_final.spef line 386782, instance i_frontend/i_btb/_25199_ not found.
[WARNING STA-1648] ./results/nangate45_3D/ariane133/HBT/6_final.spef line 386783, instance i_frontend/i_btb/_25111_ not found.
[WARNING STA-1648] ./results/nangate45_3D/ariane133/HBT/6_final.spef line 386784, instance i_frontend/i_btb/_24201_ not found.
[WARNING STA-1648] ./results/nangate45_3D/ariane133/HBT/6_final.spef line 386785, instance i_frontend/i_btb/_23876_ not found.
[WARNING STA-1648] ./results/nangate45_3D/ariane133/HBT/6_final.spef line 386786, instance i_frontend/i_btb/_25436_ not found.
[WARNING STA-1648] ./results/nangate45_3D/ariane133/HBT/6_final.spef line 386787, instance i_frontend/i_btb/_24396_ not found.
[WARNING STA-1648] ./results/nangate45_3D/ariane133/HBT/6_final.spef line 386788, instance i_frontend/i_btb/_23355_ not found.
[WARNING STA-1648] ./results/nangate45_3D/ariane133/HBT/6_final.spef line 386789, instance i_frontend/i_btb/_25175_ not found.
[WARNING STA-1648] ./results/nangate45_3D/ariane133/HBT/6_final.spef line 386790, instance i_frontend/i_btb/_24206_ not found.
[WARNING STA-1648] ./results/nangate45_3D/ariane133/HBT/6_final.spef line 386791, instance i_frontend/i_btb/_23881_ not found.
[WARNING STA-1648] ./results/nangate45_3D/ariane133/HBT/6_final.spef line 386792, instance i_frontend/i_btb/_24011_ not found.
[WARNING STA-1648] ./results/nangate45_3D/ariane133/HBT/6_final.spef line 386793, instance i_frontend/i_btb/_24006_ not found.
[WARNING STA-1648] ./results/nangate45_3D/ariane133/HBT/6_final.spef line 386794, instance i_frontend/i_btb/_22446_ not found.
[WARNING STA-1648] ./results/nangate45_3D/ariane133/HBT/6_final.spef line 386795, instance i_frontend/i_btb/_24076_ not found.
[WARNING STA-1648] ./results/nangate45_3D/ariane133/HBT/6_final.spef line 386796, instance i_frontend/i_btb/_25116_ not found.
[WARNING STA-1648] ./results/nangate45_3D/ariane133/HBT/6_final.spef line 386797, instance i_frontend/i_btb/_24466_ not found.
[WARNING STA-1648] ./results/nangate45_3D/ariane133/HBT/6_final.spef line 386798, instance i_frontend/i_btb/_23686_ not found.
[WARNING STA-1648] ./results/nangate45_3D/ariane133/HBT/6_final.spef line 386799, instance i_frontend/i_btb/_23296_ not found.
[WARNING STA-1648] ./results/nangate45_3D/ariane133/HBT/6_final.spef line 386800, instance i_frontend/i_btb/_24441_ not found.
[WARNING STA-1648] ./results/nangate45_3D/ariane133/HBT/6_final.spef line 386801, instance i_frontend/i_btb/_25416_ not found.
[WARNING STA-1648] ./results/nangate45_3D/ariane133/HBT/6_final.spef line 386802, instance i_frontend/i_btb/_21711_ not found.
[WARNING STA-1648] ./results/nangate45_3D/ariane133/HBT/6_final.spef line 386803, instance i_frontend/i_btb/_23283_ not found.
[WARNING STA-1648] ./results/nangate45_3D/ariane133/HBT/6_final.spef line 386804, instance i_frontend/i_btb/_22633_ not found.
[WARNING STA-1648] ./results/nangate45_3D/ariane133/HBT/6_final.spef line 386805, instance i_frontend/i_btb/_24908_ not found.
[WARNING STA-1648] ./results/nangate45_3D/ariane133/HBT/6_final.spef line 386806, instance i_frontend/i_btb/_24388_ not found.
[WARNING STA-1648] ./results/nangate45_3D/ariane133/HBT/6_final.spef line 386807, instance i_frontend/i_btb/_24474_ not found.
[WARNING STA-1648] ./results/nangate45_3D/ariane133/HBT/6_final.spef line 386808, instance i_frontend/i_btb/_24439_ not found.
[WARNING STA-1648] ./results/nangate45_3D/ariane133/HBT/6_final.spef line 386809, instance i_frontend/i_btb/_25428_ not found.
[WARNING STA-1648] ./results/nangate45_3D/ariane133/HBT/6_final.spef line 386810, instance i_frontend/i_btb/_22619_ not found.
[WARNING STA-1648] ./results/nangate45_3D/ariane133/HBT/6_final.spef line 386811, instance i_frontend/i_btb/_25138_ not found.
[WARNING STA-1648] ./results/nangate45_3D/ariane133/HBT/6_final.spef line 386812, instance i_frontend/i_btb/_24894_ not found.
[WARNING STA-1648] ./results/nangate45_3D/ariane133/HBT/6_final.spef line 386813, instance i_frontend/i_btb/_22473_ not found.
[WARNING STA-1648] ./results/nangate45_3D/ariane133/HBT/6_final.spef line 386814, instance i_frontend/i_btb/_24026_ not found.
[WARNING STA-1648] ./results/nangate45_3D/ariane133/HBT/6_final.spef line 386815, instance i_frontend/i_btb/_24098_ not found.
[WARNING STA-1648] ./results/nangate45_3D/ariane133/HBT/6_final.spef line 386816, instance i_frontend/i_btb/_24033_ not found.
[WARNING STA-1648] ./results/nangate45_3D/ariane133/HBT/6_final.spef line 386817, instance i_frontend/i_btb/_23903_ not found.
[WARNING STA-1648] ./results/nangate45_3D/ariane133/HBT/6_final.spef line 386818, instance i_frontend/i_btb/_23900_ not found.
[WARNING STA-1648] ./results/nangate45_3D/ariane133/HBT/6_final.spef line 386819, instance i_frontend/i_btb/_23705_ not found.
[WARNING STA-1648] ./results/nangate45_3D/ariane133/HBT/6_final.spef line 386820, instance i_frontend/i_btb/_24550_ not found.
[WARNING STA-1648] ./results/nangate45_3D/ariane133/HBT/6_final.spef line 386821, instance i_frontend/i_btb/_23640_ not found.
[WARNING STA-1648] ./results/nangate45_3D/ariane133/HBT/6_final.spef line 386822, instance i_frontend/i_btb/_24095_ not found.
[WARNING STA-1648] ./results/nangate45_3D/ariane133/HBT/6_final.spef line 386823, instance i_frontend/i_btb/_24225_ not found.
[WARNING STA-1648] ./results/nangate45_3D/ariane133/HBT/6_final.spef line 386824, instance i_frontend/i_btb/_23036_ not found.
[WARNING STA-1648] ./results/nangate45_3D/ariane133/HBT/6_final.spef line 386825, instance i_frontend/i_btb/_24420_ not found.
[WARNING STA-1648] ./results/nangate45_3D/ariane133/HBT/6_final.spef line 386826, instance i_frontend/i_btb/_24552_ not found.
[WARNING STA-1648] ./results/nangate45_3D/ariane133/HBT/6_final.spef line 386827, instance i_frontend/i_btb/_22061_ not found.
[WARNING STA-1648] ./results/nangate45_3D/ariane133/HBT/6_final.spef line 386828, instance i_frontend/i_btb/_23816_ not found.
[WARNING STA-1648] ./results/nangate45_3D/ariane133/HBT/6_final.spef line 386829, instance i_frontend/i_btb/_24227_ not found.
[WARNING STA-1648] ./results/nangate45_3D/ariane133/HBT/6_final.spef line 386830, instance i_frontend/i_btb/_22516_ not found.
[WARNING STA-1648] ./results/nangate45_3D/ariane133/HBT/6_final.spef line 386831, instance i_frontend/i_btb/_24197_ not found.
[WARNING STA-1648] ./results/nangate45_3D/ariane133/HBT/6_final.spef line 386832, instance i_frontend/i_btb/_23872_ not found.
[WARNING STA-1648] ./results/nangate45_3D/ariane133/HBT/6_final.spef line 386833, instance i_frontend/i_btb/_24067_ not found.
[WARNING STA-1648] ./results/nangate45_3D/ariane133/HBT/6_final.spef line 386834, instance i_frontend/i_btb/_25107_ not found.
[WARNING STA-1648] ./results/nangate45_3D/ariane133/HBT/6_final.spef line 386835, instance i_frontend/i_btb/_23612_ not found.
[WARNING STA-1648] ./results/nangate45_3D/ariane133/HBT/6_final.spef line 386836, instance i_frontend/i_btb/_22442_ not found.
[WARNING STA-1648] ./results/nangate45_3D/ariane133/HBT/6_final.spef line 386837, instance i_frontend/i_btb/_23643_ not found.
[WARNING STA-1648] ./results/nangate45_3D/ariane133/HBT/6_final.spef line 386838, instance i_frontend/i_btb/_25497_ not found.
[WARNING STA-1648] ./results/nangate45_3D/ariane133/HBT/6_final.spef line 386839, instance i_frontend/i_btb/_23742_ not found.
[WARNING STA-1648] ./results/nangate45_3D/ariane133/HBT/6_final.spef line 386840, instance i_frontend/i_btb/_22182_ not found.
[WARNING STA-1648] ./results/nangate45_3D/ariane133/HBT/6_final.spef line 386841, instance i_frontend/i_btb/_23356_ not found.
[WARNING STA-1648] ./results/nangate45_3D/ariane133/HBT/6_final.spef line 386842, instance i_frontend/i_btb/_24174_ not found.
[WARNING STA-1648] ./results/nangate45_3D/ariane133/HBT/6_final.spef line 386843, instance i_frontend/i_btb/_24044_ not found.
[WARNING STA-1648] ./results/nangate45_3D/ariane133/HBT/6_final.spef line 386844, instance i_frontend/i_btb/_22056_ not found.
[WARNING STA-1648] ./results/nangate45_3D/ariane133/HBT/6_final.spef line 386845, instance i_frontend/i_btb/_23027_ not found.
[WARNING STA-1648] ./results/nangate45_3D/ariane133/HBT/6_final.spef line 386846, instance i_frontend/i_btb/_24981_ not found.
[WARNING STA-1648] ./results/nangate45_3D/ariane133/HBT/6_final.spef line 386847, instance i_frontend/i_btb/_25176_ not found.
[WARNING STA-1648] ./results/nangate45_3D/ariane133/HBT/6_final.spef line 386848, instance i_frontend/i_btb/_23031_ not found.
[WARNING STA-1648] ./results/nangate45_3D/ariane133/HBT/6_final.spef line 386849, instance i_frontend/i_btb/_23979_ not found.
[WARNING STA-1648] ./results/nangate45_3D/ariane133/HBT/6_final.spef line 386850, instance i_frontend/i_btb/_23895_ not found.
[WARNING STA-1648] ./results/nangate45_3D/ariane133/HBT/6_final.spef line 386851, instance i_frontend/i_btb/_24090_ not found.
[WARNING STA-1648] ./results/nangate45_3D/ariane133/HBT/6_final.spef line 386852, instance i_frontend/i_btb/_25130_ not found.
[WARNING STA-1648] ./results/nangate45_3D/ariane133/HBT/6_final.spef line 386853, instance i_frontend/i_btb/_24025_ not found.
[WARNING STA-1648] ./results/nangate45_3D/ariane133/HBT/6_final.spef line 386854, instance i_frontend/i_btb/_24545_ not found.
[WARNING STA-1648] ./results/nangate45_3D/ariane133/HBT/6_final.spef line 386855, instance i_frontend/i_btb/_23870_ not found.
[WARNING STA-1648] ./results/nangate45_3D/ariane133/HBT/6_final.spef line 386856, instance i_frontend/i_btb/_25105_ not found.
[WARNING STA-1648] ./results/nangate45_3D/ariane133/HBT/6_final.spef line 386857, instance i_frontend/i_btb/_24065_ not found.
[WARNING STA-1648] ./results/nangate45_3D/ariane133/HBT/6_final.spef line 386858, instance i_frontend/i_btb/_25119_ not found.
[WARNING STA-1648] ./results/nangate45_3D/ariane133/HBT/6_final.spef line 386859, instance i_frontend/i_btb/_23624_ not found.
[WARNING STA-1648] ./results/nangate45_3D/ariane133/HBT/6_final.spef line 386860, instance i_frontend/i_btb/_24014_ not found.
[WARNING STA-1648] ./results/nangate45_3D/ariane133/HBT/6_final.spef line 386861, instance i_frontend/i_btb/_24195_ not found.
[WARNING STA-1648] ./results/nangate45_3D/ariane133/HBT/6_final.spef line 386862, instance i_frontend/i_btb/_24975_ not found.
[WARNING STA-1648] ./results/nangate45_3D/ariane133/HBT/6_final.spef line 386863, instance i_frontend/i_btb/_23740_ not found.
[WARNING STA-1648] ./results/nangate45_3D/ariane133/HBT/6_final.spef line 386864, instance i_frontend/i_btb/_22194_ not found.
[WARNING STA-1648] ./results/nangate45_3D/ariane133/HBT/6_final.spef line 386865, instance i_frontend/i_btb/_21685_ not found.
[WARNING STA-1648] ./results/nangate45_3D/ariane133/HBT/6_final.spef line 386866, instance i_frontend/i_btb/_24748_ not found.
[WARNING STA-1648] ./results/nangate45_3D/ariane133/HBT/6_final.spef line 386867, instance i_frontend/i_btb/_22863_ not found.
[WARNING STA-1648] ./results/nangate45_3D/ariane133/HBT/6_final.spef line 386868, instance i_frontend/i_btb/_22140_ not found.
[WARNING STA-1648] ./results/nangate45_3D/ariane133/HBT/6_final.spef line 386869, instance i_frontend/i_btb/_21639_ not found.
[WARNING STA-1648] ./results/nangate45_3D/ariane133/HBT/6_final.spef line 386870, instance i_frontend/i_btb/_22824_ not found.
[WARNING STA-1648] ./results/nangate45_3D/ariane133/HBT/6_final.spef line 386871, instance i_frontend/i_btb/_22809_ not found.
[WARNING STA-1648] ./results/nangate45_3D/ariane133/HBT/6_final.spef line 386872, instance i_frontend/i_btb/_22564_ not found.
[WARNING STA-1648] ./results/nangate45_3D/ariane133/HBT/6_final.spef line 386873, instance i_frontend/i_btb/_24709_ not found.
[WARNING STA-1648] ./results/nangate45_3D/ariane133/HBT/6_final.spef line 386874, instance i_frontend/i_btb/_21654_ not found.
[WARNING STA-1648] ./results/nangate45_3D/ariane133/HBT/6_final.spef line 386875, instance i_frontend/i_btb/_22174_ not found.
[WARNING STA-1648] ./results/nangate45_3D/ariane133/HBT/6_final.spef line 386876, instance i_frontend/i_btb/_21674_ not found.
[WARNING STA-1648] ./results/nangate45_3D/ariane133/HBT/6_final.spef line 386877, instance i_frontend/i_btb/_24729_ not found.
[WARNING STA-1648] ./results/nangate45_3D/ariane133/HBT/6_final.spef line 386878, instance i_frontend/i_btb/_22109_ not found.
[WARNING STA-1648] ./results/nangate45_3D/ariane133/HBT/6_final.spef line 386879, instance i_frontend/i_btb/_23734_ not found.
[WARNING STA-1648] ./results/nangate45_3D/ariane133/HBT/6_final.spef line 386880, instance i_frontend/i_btb/_25509_ not found.
[WARNING STA-1648] ./results/nangate45_3D/ariane133/HBT/6_final.spef line 386881, instance i_frontend/i_btb/_22595_ not found.
[WARNING STA-1648] ./results/nangate45_3D/ariane133/HBT/6_final.spef line 386882, instance i_frontend/i_btb/_22584_ not found.
[WARNING STA-1648] ./results/nangate45_3D/ariane133/HBT/6_final.spef line 386883, instance i_frontend/i_btb/_22855_ not found.
[WARNING STA-1648] ./results/nangate45_3D/ariane133/HBT/6_final.spef line 386884, instance i_frontend/i_btb/_25520_ not found.
[WARNING STA-1648] ./results/nangate45_3D/ariane133/HBT/6_final.spef line 386885, instance i_frontend/i_btb/_21693_ not found.
[WARNING STA-1648] ./results/nangate45_3D/ariane133/HBT/6_final.spef line 386886, instance i_frontend/i_btb/_23765_ not found.
[WARNING STA-1648] ./results/nangate45_3D/ariane133/HBT/6_final.spef line 386887, instance i_frontend/i_btb/_24740_ not found.
[WARNING STA-1648] ./results/nangate45_3D/ariane133/HBT/6_final.spef line 386888, instance i_frontend/i_btb/_22538_ not found.
[WARNING STA-1648] ./results/nangate45_3D/ariane133/HBT/6_final.spef line 386889, instance i_frontend/i_btb/_23383_ not found.
[WARNING STA-1648] ./results/nangate45_3D/ariane133/HBT/6_final.spef line 386890, instance i_frontend/i_btb/_23838_ not found.
[WARNING STA-1648] ./results/nangate45_3D/ariane133/HBT/6_final.spef line 386891, instance i_frontend/i_btb/_25723_ not found.
[WARNING STA-1648] ./results/nangate45_3D/ariane133/HBT/6_final.spef line 386892, instance i_frontend/i_btb/_23382_ not found.
[WARNING STA-1648] ./results/nangate45_3D/ariane133/HBT/6_final.spef line 386893, instance i_frontend/i_btb/_25674_ not found.
[WARNING STA-1648] ./results/nangate45_3D/ariane133/HBT/6_final.spef line 386894, instance i_frontend/i_btb/_23789_ not found.
[WARNING STA-1648] ./results/nangate45_3D/ariane133/HBT/6_final.spef line 386895, instance i_frontend/i_btb/_23719_ not found.
[WARNING STA-1648] ./results/nangate45_3D/ariane133/HBT/6_final.spef line 386896, instance i_frontend/i_btb/_25489_ not found.
[WARNING STA-1648] ./results/nangate45_3D/ariane133/HBT/6_final.spef line 386897, instance i_frontend/i_btb/_25474_ not found.
[WARNING STA-1648] ./results/nangate45_3D/ariane133/HBT/6_final.spef line 386898, instance i_frontend/i_btb/_22549_ not found.
[WARNING STA-1648] ./results/nangate45_3D/ariane133/HBT/6_final.spef line 386899, instance i_frontend/i_btb/_22094_ not found.
[WARNING STA-1648] ./results/nangate45_3D/ariane133/HBT/6_final.spef line 386900, instance i_frontend/i_btb/_25528_ not found.
[WARNING STA-1648] ./results/nangate45_3D/ariane133/HBT/6_final.spef line 386901, instance i_frontend/i_btb/_22159_ not found.
[WARNING STA-1648] ./results/nangate45_3D/ariane133/HBT/6_final.spef line 386902, instance i_frontend/i_btb/_24694_ not found.
[WARNING STA-1648] ./results/nangate45_3D/ariane133/HBT/6_final.spef line 386903, instance i_frontend/i_btb/_22603_ not found.
[WARNING STA-1648] ./results/nangate45_3D/ariane133/HBT/6_final.spef line 386904, instance i_frontend/i_btb/_23773_ not found.
[WARNING STA-1648] ./results/nangate45_3D/ariane133/HBT/6_final.spef line 386905, instance i_frontend/i_btb/_22148_ not found.
[WARNING STA-1648] ./results/nangate45_3D/ariane133/HBT/6_final.spef line 386906, instance i_frontend/i_btb/_24994_ not found.
[WARNING STA-1648] ./results/nangate45_3D/ariane133/HBT/6_final.spef line 386907, instance i_frontend/i_btb/_24959_ not found.
[WARNING STA-1648] ./results/nangate45_3D/ariane133/HBT/6_final.spef line 386908, instance i_frontend/i_btb/_22213_ not found.
[WARNING STA-1648] ./results/nangate45_3D/ariane133/HBT/6_final.spef line 386909, instance i_frontend/i_btb/_25154_ not found.
[WARNING STA-1648] ./results/nangate45_3D/ariane133/HBT/6_final.spef line 386910, instance i_frontend/i_btb/_23009_ not found.
[WARNING STA-1648] ./results/nangate45_3D/ariane133/HBT/6_final.spef line 386911, instance i_frontend/i_btb/_23044_ not found.
[WARNING STA-1648] ./results/nangate45_3D/ariane133/HBT/6_final.spef line 386912, instance i_frontend/i_btb/_25189_ not found.
[WARNING STA-1648] ./results/nangate45_3D/ariane133/HBT/6_final.spef line 386913, instance i_frontend/i_btb/_22524_ not found.
[WARNING STA-1648] ./results/nangate45_3D/ariane133/HBT/6_final.spef line 386914, instance i_frontend/i_btb/_22034_ not found.
[WARNING STA-1648] ./results/nangate45_3D/ariane133/HBT/6_final.spef line 386915, instance i_frontend/i_btb/_22489_ not found.
[WARNING STA-1648] ./results/nangate45_3D/ariane133/HBT/6_final.spef line 386916, instance i_frontend/i_btb/_23372_ not found.
[WARNING STA-1648] ./results/nangate45_3D/ariane133/HBT/6_final.spef line 386917, instance i_frontend/i_btb/_23334_ not found.
[WARNING STA-1648] ./results/nangate45_3D/ariane133/HBT/6_final.spef line 386918, instance i_frontend/i_btb/_23824_ not found.
[WARNING STA-1648] ./results/nangate45_3D/ariane133/HBT/6_final.spef line 386919, instance i_frontend/i_btb/_22069_ not found.
[WARNING STA-1648] ./results/nangate45_3D/ariane133/HBT/6_final.spef line 386920, instance i_frontend/i_btb/_23369_ not found.
[WARNING STA-1648] ./results/nangate45_3D/ariane133/HBT/6_final.spef line 386921, instance i_frontend/i_btb/_23020_ not found.
[WARNING STA-1648] ./results/nangate45_3D/ariane133/HBT/6_final.spef line 386922, instance i_frontend/i_btb/_25709_ not found.
[WARNING STA-1648] ./results/nangate45_3D/ariane133/HBT/6_final.spef line 386923, instance i_frontend/i_btb/_25685_ not found.
[WARNING STA-1648] ./results/nangate45_3D/ariane133/HBT/6_final.spef line 386924, instance i_frontend/i_btb/_22500_ not found.
[WARNING STA-1648] ./results/nangate45_3D/ariane133/HBT/6_final.spef line 386925, instance i_frontend/i_btb/_23023_ not found.
[WARNING STA-1648] ./results/nangate45_3D/ariane133/HBT/6_final.spef line 386926, instance i_frontend/i_btb/_25688_ not found.
[WARNING STA-1648] ./results/nangate45_3D/ariane133/HBT/6_final.spef line 386927, instance i_frontend/i_btb/_23349_ not found.
[WARNING STA-1648] ./results/nangate45_3D/ariane133/HBT/6_final.spef line 386928, instance i_frontend/i_btb/_25689_ not found.
[WARNING STA-1648] ./results/nangate45_3D/ariane133/HBT/6_final.spef line 386929, instance i_frontend/i_btb/_23022_ not found.
[WARNING STA-1648] ./results/nangate45_3D/ariane133/HBT/6_final.spef line 386930, instance i_frontend/i_btb/_25687_ not found.
[WARNING STA-1648] ./results/nangate45_3D/ariane133/HBT/6_final.spef line 386931, instance i_frontend/i_btb/_22047_ not found.
[WARNING STA-1648] ./results/nangate45_3D/ariane133/HBT/6_final.spef line 386932, instance i_frontend/i_btb/_23024_ not found.
[WARNING STA-1648] ./results/nangate45_3D/ariane133/HBT/6_final.spef line 386933, instance i_frontend/i_btb/_23629_ not found.
[WARNING STA-1648] ./results/nangate45_3D/ariane133/HBT/6_final.spef line 386934, instance i_frontend/i_btb/_22459_ not found.
[WARNING STA-1648] ./results/nangate45_3D/ariane133/HBT/6_final.spef line 386935, instance i_frontend/i_btb/_25124_ not found.
[WARNING STA-1648] ./results/nangate45_3D/ariane133/HBT/6_final.spef line 386936, instance i_frontend/i_btb/_24019_ not found.
[WARNING STA-1648] ./results/nangate45_3D/ariane133/HBT/6_final.spef line 386937, instance i_frontend/i_btb/_22049_ not found.
[WARNING STA-1648] ./results/nangate45_3D/ariane133/HBT/6_final.spef line 386938, instance i_frontend/i_btb/_22048_ not found.
[WARNING STA-1648] ./results/nangate45_3D/ariane133/HBT/6_final.spef line 386939, instance i_frontend/i_btb/_22045_ not found.
[WARNING STA-1648] ./results/nangate45_3D/ariane133/HBT/6_final.spef line 386940, instance i_frontend/i_btb/_23348_ not found.
[WARNING STA-1648] ./results/nangate45_3D/ariane133/HBT/6_final.spef line 386941, instance i_frontend/i_btb/_22527_ not found.
[WARNING STA-1648] ./results/nangate45_3D/ariane133/HBT/6_final.spef line 386942, instance i_frontend/i_btb/_22072_ not found.
[WARNING STA-1648] ./results/nangate45_3D/ariane133/HBT/6_final.spef line 386943, instance i_frontend/i_btb/_23047_ not found.
[WARNING STA-1648] ./results/nangate45_3D/ariane133/HBT/6_final.spef line 386944, instance i_frontend/i_btb/_23057_ not found.
[WARNING STA-1648] ./results/nangate45_3D/ariane133/HBT/6_final.spef line 386945, instance i_frontend/i_btb/_22082_ not found.
[WARNING STA-1648] ./results/nangate45_3D/ariane133/HBT/6_final.spef line 386946, instance i_frontend/i_btb/_24747_ not found.
[WARNING STA-1648] ./results/nangate45_3D/ariane133/HBT/6_final.spef line 386947, instance i_frontend/i_btb/_22537_ not found.
[WARNING STA-1648] ./results/nangate45_3D/ariane133/HBT/6_final.spef line 386948, instance i_frontend/i_btb/_25720_ not found.
[WARNING STA-1648] ./results/nangate45_3D/ariane133/HBT/6_final.spef line 386949, instance i_frontend/i_btb/_25007_ not found.
[WARNING STA-1648] ./results/nangate45_3D/ariane133/HBT/6_final.spef line 386950, instance i_frontend/i_btb/_25156_ not found.
[WARNING STA-1648] ./results/nangate45_3D/ariane133/HBT/6_final.spef line 386951, instance i_frontend/i_btb/_22535_ not found.
[WARNING STA-1648] ./results/nangate45_3D/ariane133/HBT/6_final.spef line 386952, instance i_frontend/i_btb/_23837_ not found.
[WARNING STA-1648] ./results/nangate45_3D/ariane133/HBT/6_final.spef line 386953, instance i_frontend/i_btb/_23803_ not found.
[WARNING STA-1648] ./results/nangate45_3D/ariane133/HBT/6_final.spef line 386954, instance i_frontend/i_btb/_22503_ not found.
[WARNING STA-1648] ./results/nangate45_3D/ariane133/HBT/6_final.spef line 386955, instance i_frontend/i_btb/_25527_ not found.
[WARNING STA-1648] ./results/nangate45_3D/ariane133/HBT/6_final.spef line 386956, instance i_frontend/i_btb/_24972_ not found.
[WARNING STA-1648] ./results/nangate45_3D/ariane133/HBT/6_final.spef line 386957, instance i_frontend/i_btb/_23347_ not found.
[WARNING STA-1648] ./results/nangate45_3D/ariane133/HBT/6_final.spef line 386958, instance i_frontend/i_btb/_25167_ not found.
[WARNING STA-1648] ./results/nangate45_3D/ariane133/HBT/6_final.spef line 386959, instance i_frontend/i_btb/_24974_ not found.
[WARNING STA-1648] ./results/nangate45_3D/ariane133/HBT/6_final.spef line 386960, instance i_frontend/i_btb/_25714_ not found.
[WARNING STA-1648] ./results/nangate45_3D/ariane133/HBT/6_final.spef line 386961, instance i_frontend/i_btb/_22602_ not found.
[WARNING STA-1648] ./results/nangate45_3D/ariane133/HBT/6_final.spef line 386962, instance i_frontend/i_btb/_25676_ not found.
[WARNING STA-1648] ./results/nangate45_3D/ariane133/HBT/6_final.spef line 386963, instance i_frontend/i_btb/_23336_ not found.
[WARNING STA-1648] ./results/nangate45_3D/ariane133/HBT/6_final.spef line 386964, instance i_frontend/i_btb/_22491_ not found.
[WARNING STA-1648] ./results/nangate45_3D/ariane133/HBT/6_final.spef line 386965, instance i_frontend/i_btb/_24961_ not found.
[WARNING STA-1648] ./results/nangate45_3D/ariane133/HBT/6_final.spef line 386966, instance i_frontend/i_btb/_23791_ not found.
[WARNING STA-1648] ./results/nangate45_3D/ariane133/HBT/6_final.spef line 386967, instance i_frontend/i_btb/_23374_ not found.
[WARNING STA-1648] ./results/nangate45_3D/ariane133/HBT/6_final.spef line 386968, instance i_frontend/i_btb/_25194_ not found.
[WARNING STA-1648] ./results/nangate45_3D/ariane133/HBT/6_final.spef line 386969, instance i_frontend/i_btb/_21692_ not found.
[WARNING STA-1648] ./results/nangate45_3D/ariane133/HBT/6_final.spef line 386970, instance i_frontend/i_btb/_22147_ not found.
[WARNING STA-1648] ./results/nangate45_3D/ariane133/HBT/6_final.spef line 386971, instance i_frontend/i_btb/_22862_ not found.
[WARNING STA-1648] ./results/nangate45_3D/ariane133/HBT/6_final.spef line 386972, instance i_frontend/i_btb/_22212_ not found.
[WARNING STA-1648] ./results/nangate45_3D/ariane133/HBT/6_final.spef line 386973, instance i_frontend/i_btb/_22849_ not found.
[WARNING STA-1648] ./results/nangate45_3D/ariane133/HBT/6_final.spef line 386974, instance i_frontend/i_btb/_22589_ not found.
[WARNING STA-1648] ./results/nangate45_3D/ariane133/HBT/6_final.spef line 386975, instance i_frontend/i_btb/_25169_ not found.
[WARNING STA-1648] ./results/nangate45_3D/ariane133/HBT/6_final.spef line 386976, instance i_frontend/i_btb/_22134_ not found.
[WARNING STA-1648] ./results/nangate45_3D/ariane133/HBT/6_final.spef line 386977, instance i_frontend/i_btb/_23802_ not found.
[WARNING STA-1648] ./results/nangate45_3D/ariane133/HBT/6_final.spef line 386978, instance i_frontend/i_btb/_23804_ not found.
[WARNING STA-1648] ./results/nangate45_3D/ariane133/HBT/6_final.spef line 386979, instance i_frontend/i_btb/_22504_ not found.
[WARNING STA-1648] ./results/nangate45_3D/ariane133/HBT/6_final.spef line 386980, instance i_frontend/i_btb/_22502_ not found.
[WARNING STA-1648] ./results/nangate45_3D/ariane133/HBT/6_final.spef line 386981, instance i_frontend/i_btb/_22199_ not found.
[WARNING STA-1648] ./results/nangate45_3D/ariane133/HBT/6_final.spef line 386982, instance i_frontend/i_btb/_25514_ not found.
[WARNING STA-1648] ./results/nangate45_3D/ariane133/HBT/6_final.spef line 386983, instance i_frontend/i_btb/_23759_ not found.
[WARNING STA-1648] ./results/nangate45_3D/ariane133/HBT/6_final.spef line 386984, instance i_frontend/i_btb/_24032_ not found.
[WARNING STA-1648] ./results/nangate45_3D/ariane133/HBT/6_final.spef line 386985, instance i_frontend/i_btb/_24049_ not found.
[WARNING STA-1648] ./results/nangate45_3D/ariane133/HBT/6_final.spef line 386986, instance i_frontend/i_btb/_22472_ not found.
[WARNING STA-1648] ./results/nangate45_3D/ariane133/HBT/6_final.spef line 386987, instance i_frontend/i_btb/_24745_ not found.
[WARNING STA-1648] ./results/nangate45_3D/ariane133/HBT/6_final.spef line 386988, instance i_frontend/i_btb/_22210_ not found.
[WARNING STA-1648] ./results/nangate45_3D/ariane133/HBT/6_final.spef line 386989, instance i_frontend/i_btb/_22145_ not found.
[WARNING STA-1648] ./results/nangate45_3D/ariane133/HBT/6_final.spef line 386990, instance i_frontend/i_btb/_22665_ not found.
[WARNING STA-1648] ./results/nangate45_3D/ariane133/HBT/6_final.spef line 386991, instance i_frontend/i_btb/_23315_ not found.
[WARNING STA-1648] ./results/nangate45_3D/ariane133/HBT/6_final.spef line 386992, instance i_frontend/i_btb/_21755_ not found.
[WARNING STA-1648] ./results/nangate45_3D/ariane133/HBT/6_final.spef line 386993, instance i_frontend/i_btb/_23021_ not found.
[WARNING STA-1648] ./results/nangate45_3D/ariane133/HBT/6_final.spef line 386994, instance i_frontend/i_btb/_22046_ not found.
[WARNING STA-1648] ./results/nangate45_3D/ariane133/HBT/6_final.spef line 386995, instance i_frontend/i_btb/_21757_ not found.
[WARNING STA-1648] ./results/nangate45_3D/ariane133/HBT/6_final.spef line 386996, instance i_frontend/i_btb/_24487_ not found.
[WARNING STA-1648] ./results/nangate45_3D/ariane133/HBT/6_final.spef line 386997, instance i_frontend/i_btb/_23707_ not found.
[WARNING STA-1648] ./results/nangate45_3D/ariane133/HBT/6_final.spef line 386998, instance i_frontend/i_btb/_24422_ not found.
[WARNING STA-1648] ./results/nangate45_3D/ariane133/HBT/6_final.spef line 386999, instance i_frontend/i_btb/_24485_ not found.
[WARNING STA-1648] ./results/nangate45_3D/ariane133/HBT/6_final.spef line 387000, instance i_frontend/i_btb/_25460_ not found.
[WARNING STA-1648] ./results/nangate45_3D/ariane133/HBT/6_final.spef line 387001, instance i_frontend/i_btb/_24942_ not found.
[WARNING STA-1648] ./results/nangate45_3D/ariane133/HBT/6_final.spef line 387002, instance i_frontend/i_btb/_22036_ not found.
[WARNING STA-1648] ./results/nangate45_3D/ariane133/HBT/6_final.spef line 387003, instance i_frontend/i_btb/_23011_ not found.
[WARNING STA-1648] ./results/nangate45_3D/ariane133/HBT/6_final.spef line 387004, instance i_frontend/i_btb/_23835_ not found.
[WARNING STA-1648] ./results/nangate45_3D/ariane133/HBT/6_final.spef line 387005, instance i_frontend/i_btb/_22667_ not found.
[WARNING STA-1648] ./results/nangate45_3D/ariane133/HBT/6_final.spef line 387006, instance i_frontend/i_btb/_25005_ not found.
[WARNING STA-1648] ./results/nangate45_3D/ariane133/HBT/6_final.spef line 387007, instance i_frontend/i_btb/_23055_ not found.
[WARNING STA-1648] ./results/nangate45_3D/ariane133/HBT/6_final.spef line 387008, instance i_frontend/i_btb/_23317_ not found.
[WARNING STA-1648] ./results/nangate45_3D/ariane133/HBT/6_final.spef line 387009, instance i_frontend/i_btb/_22080_ not found.
[WARNING STA-1648] ./results/nangate45_3D/ariane133/HBT/6_final.spef line 387010, instance i_frontend/i_btb/_24971_ not found.
[WARNING STA-1648] ./results/nangate45_3D/ariane133/HBT/6_final.spef line 387011, instance i_frontend/i_btb/_25166_ not found.
[WARNING STA-1648] ./results/nangate45_3D/ariane133/HBT/6_final.spef line 387012, instance i_frontend/i_btb/_24940_ not found.
[WARNING STA-1648] ./results/nangate45_3D/ariane133/HBT/6_final.spef line 387013, instance i_frontend/i_btb/_25525_ not found.
[WARNING STA-1648] ./results/nangate45_3D/ariane133/HBT/6_final.spef line 387014, instance i_frontend/i_btb/_24734_ not found.
[WARNING STA-1648] ./results/nangate45_3D/ariane133/HBT/6_final.spef line 387015, instance i_frontend/i_btb/_24097_ not found.
[WARNING STA-1648] ./results/nangate45_3D/ariane133/HBT/6_final.spef line 387016, instance i_frontend/i_btb/_22074_ not found.
[WARNING STA-1648] ./results/nangate45_3D/ariane133/HBT/6_final.spef line 387017, instance i_frontend/i_btb/_24999_ not found.
[WARNING STA-1648] ./results/nangate45_3D/ariane133/HBT/6_final.spef line 387018, instance i_frontend/i_btb/_23346_ not found.
[WARNING STA-1648] ./results/nangate45_3D/ariane133/HBT/6_final.spef line 387019, instance i_frontend/i_btb/_25686_ not found.
[WARNING STA-1648] ./results/nangate45_3D/ariane133/HBT/6_final.spef line 387020, instance i_frontend/i_btb/_22501_ not found.
[WARNING STA-1648] ./results/nangate45_3D/ariane133/HBT/6_final.spef line 387021, instance i_frontend/i_btb/_23801_ not found.
[WARNING STA-1648] ./results/nangate45_3D/ariane133/HBT/6_final.spef line 387022, instance i_frontend/i_btb/_23829_ not found.
[WARNING STA-1648] ./results/nangate45_3D/ariane133/HBT/6_final.spef line 387023, instance i_frontend/i_btb/_22529_ not found.
[WARNING STA-1648] ./results/nangate45_3D/ariane133/HBT/6_final.spef line 387024, instance i_frontend/i_btb/_23049_ not found.
[WARNING STA-1648] ./results/nangate45_3D/ariane133/HBT/6_final.spef line 387025, instance i_frontend/i_btb/_23902_ not found.
[WARNING STA-1648] ./results/nangate45_3D/ariane133/HBT/6_final.spef line 387026, instance i_frontend/i_btb/_21690_ not found.
[WARNING STA-1648] ./results/nangate45_3D/ariane133/HBT/6_final.spef line 387027, instance i_frontend/i_btb/_21679_ not found.
[WARNING STA-1648] ./results/nangate45_3D/ariane133/HBT/6_final.spef line 387028, instance i_frontend/i_btb/_23984_ not found.
[WARNING STA-1648] ./results/nangate45_3D/ariane133/HBT/6_final.spef line 387029, instance i_frontend/i_btb/_23594_ not found.
[WARNING STA-1648] ./results/nangate45_3D/ariane133/HBT/6_final.spef line 387030, instance i_frontend/i_btb/_25089_ not found.
[WARNING STA-1648] ./results/nangate45_3D/ariane133/HBT/6_final.spef line 387031, instance i_frontend/i_btb/_22424_ not found.
[WARNING STA-1648] ./results/nangate45_3D/ariane133/HBT/6_final.spef line 387032, instance i_frontend/i_btb/_22554_ not found.
[WARNING STA-1648] ./results/nangate45_3D/ariane133/HBT/6_final.spef line 387033, instance i_frontend/i_btb/_25137_ not found.
[WARNING STA-1648] ./results/nangate45_3D/ariane133/HBT/6_final.spef line 387034, instance i_frontend/i_btb/_23642_ not found.
[WARNING STA-1648] ./results/nangate45_3D/ariane133/HBT/6_final.spef line 387035, instance i_frontend/i_btb/_23854_ not found.
[WARNING STA-1648] ./results/nangate45_3D/ariane133/HBT/6_final.spef line 387036, instance i_frontend/i_btb/_22166_ not found.
[WARNING STA-1648] ./results/nangate45_3D/ariane133/HBT/6_final.spef line 387037, instance i_frontend/i_btb/_22101_ not found.
[WARNING STA-1648] ./results/nangate45_3D/ariane133/HBT/6_final.spef line 387038, instance i_frontend/i_btb/_22860_ not found.
[WARNING STA-1648] ./results/nangate45_3D/ariane133/HBT/6_final.spef line 387039, instance i_frontend/i_btb/_22600_ not found.
[WARNING STA-1648] ./results/nangate45_3D/ariane133/HBT/6_final.spef line 387040, instance i_frontend/i_btb/_23770_ not found.
[WARNING STA-1648] ./results/nangate45_3D/ariane133/HBT/6_final.spef line 387041, instance i_frontend/i_btb/_24030_ not found.
[WARNING STA-1648] ./results/nangate45_3D/ariane133/HBT/6_final.spef line 387042, instance i_frontend/i_btb/_25135_ not found.
[WARNING STA-1648] ./results/nangate45_3D/ariane133/HBT/6_final.spef line 387043, instance i_frontend/i_btb/_22470_ not found.
[WARNING STA-1648] ./results/nangate45_3D/ariane133/HBT/6_final.spef line 387044, instance i_frontend/i_btb/_24929_ not found.
[WARNING STA-1648] ./results/nangate45_3D/ariane133/HBT/6_final.spef line 387045, instance i_frontend/i_btb/_22654_ not found.
[WARNING STA-1648] ./results/nangate45_3D/ariane133/HBT/6_final.spef line 387046, instance i_frontend/i_btb/_25479_ not found.
[WARNING STA-1648] ./results/nangate45_3D/ariane133/HBT/6_final.spef line 387047, instance i_frontend/i_btb/_24973_ not found.
[WARNING STA-1648] ./results/nangate45_3D/ariane133/HBT/6_final.spef line 387048, instance i_frontend/i_btb/_23772_ not found.
[WARNING STA-1648] ./results/nangate45_3D/ariane133/HBT/6_final.spef line 387049, instance i_frontend/i_btb/_25168_ not found.
[WARNING STA-1648] ./results/nangate45_3D/ariane133/HBT/6_final.spef line 387050, instance i_frontend/i_btb/_23827_ not found.
[WARNING STA-1648] ./results/nangate45_3D/ariane133/HBT/6_final.spef line 387051, instance i_frontend/i_btb/_24970_ not found.
[WARNING STA-1648] ./results/nangate45_3D/ariane133/HBT/6_final.spef line 387052, instance i_frontend/i_btb/_23800_ not found.
[WARNING STA-1648] ./results/nangate45_3D/ariane133/HBT/6_final.spef line 387053, instance i_frontend/i_btb/_23345_ not found.
[WARNING STA-1648] ./results/nangate45_3D/ariane133/HBT/6_final.spef line 387054, instance i_frontend/i_btb/_25165_ not found.
[WARNING STA-1648] ./results/nangate45_3D/ariane133/HBT/6_final.spef line 387055, instance i_frontend/i_btb/_25712_ not found.
[WARNING STA-1648] ./results/nangate45_3D/ariane133/HBT/6_final.spef line 387056, instance i_frontend/i_btb/_24997_ not found.
[WARNING STA-1648] ./results/nangate45_3D/ariane133/HBT/6_final.spef line 387057, instance i_frontend/i_btb/_25722_ not found.
[WARNING STA-1648] ./results/nangate45_3D/ariane133/HBT/6_final.spef line 387058, instance i_frontend/i_btb/_25192_ not found.
[WARNING STA-1648] ./results/nangate45_3D/ariane133/HBT/6_final.spef line 387059, instance i_frontend/i_btb/_25008_ not found.
[WARNING STA-1648] ./results/nangate45_3D/ariane133/HBT/6_final.spef line 387060, instance i_frontend/i_btb/_25203_ not found.
[WARNING STA-1648] ./results/nangate45_3D/ariane133/HBT/6_final.spef line 387061, instance i_frontend/i_btb/_22083_ not found.
[WARNING STA-1648] ./results/nangate45_3D/ariane133/HBT/6_final.spef line 387062, instance i_frontend/i_btb/_23058_ not found.
[WARNING STA-1648] ./results/nangate45_3D/ariane133/HBT/6_final.spef line 387063, instance i_frontend/i_btb/_25149_ not found.
[WARNING STA-1648] ./results/nangate45_3D/ariane133/HBT/6_final.spef line 387064, instance i_frontend/i_btb/_24954_ not found.
[WARNING STA-1648] ./results/nangate45_3D/ariane133/HBT/6_final.spef line 387065, instance i_frontend/i_btb/_23329_ not found.
[WARNING STA-1648] ./results/nangate45_3D/ariane133/HBT/6_final.spef line 387066, instance i_frontend/i_btb/_22484_ not found.
[WARNING STA-1648] ./results/nangate45_3D/ariane133/HBT/6_final.spef line 387067, instance i_frontend/i_btb/_25202_ not found.
[WARNING STA-1648] ./results/nangate45_3D/ariane133/HBT/6_final.spef line 387068, instance i_frontend/i_btb/_23784_ not found.
[WARNING STA-1648] ./results/nangate45_3D/ariane133/HBT/6_final.spef line 387069, instance i_frontend/i_btb/_25669_ not found.
[WARNING STA-1648] ./results/nangate45_3D/ariane133/HBT/6_final.spef line 387070, instance i_frontend/i_btb/_25715_ not found.
[WARNING STA-1648] ./results/nangate45_3D/ariane133/HBT/6_final.spef line 387071, instance i_frontend/i_btb/_23380_ not found.
[WARNING STA-1648] ./results/nangate45_3D/ariane133/HBT/6_final.spef line 387072, instance i_frontend/i_btb/_25200_ not found.
[WARNING STA-1648] ./results/nangate45_3D/ariane133/HBT/6_final.spef line 387073, instance i_frontend/i_btb/_22668_ not found.
[WARNING STA-1648] ./results/nangate45_3D/ariane133/HBT/6_final.spef line 387074, instance i_frontend/i_btb/_24423_ not found.
[WARNING STA-1648] ./results/nangate45_3D/ariane133/HBT/6_final.spef line 387075, instance i_frontend/i_btb/_24924_ not found.
[WARNING STA-1648] ./results/nangate45_3D/ariane133/HBT/6_final.spef line 387076, instance i_frontend/i_btb/_21739_ not found.
[WARNING STA-1648] ./results/nangate45_3D/ariane133/HBT/6_final.spef line 387077, instance i_frontend/i_btb/_25195_ not found.
[WARNING STA-1648] ./results/nangate45_3D/ariane133/HBT/6_final.spef line 387078, instance i_frontend/i_btb/_23830_ not found.
[WARNING STA-1648] ./results/nangate45_3D/ariane133/HBT/6_final.spef line 387079, instance i_frontend/i_btb/_25463_ not found.
[WARNING STA-1648] ./results/nangate45_3D/ariane133/HBT/6_final.spef line 387080, instance i_frontend/i_btb/_24404_ not found.
[WARNING STA-1648] ./results/nangate45_3D/ariane133/HBT/6_final.spef line 387081, instance i_frontend/i_btb/_25409_ not found.
[WARNING STA-1648] ./results/nangate45_3D/ariane133/HBT/6_final.spef line 387082, instance i_frontend/i_btb/_25444_ not found.
[WARNING STA-1648] ./results/nangate45_3D/ariane133/HBT/6_final.spef line 387083, instance i_frontend/i_btb/_23689_ not found.
[WARNING STA-1648] ./results/nangate45_3D/ariane133/HBT/6_final.spef line 387084, instance i_frontend/i_btb/_22614_ not found.
[WARNING STA-1648] ./results/nangate45_3D/ariane133/HBT/6_final.spef line 387085, instance i_frontend/i_btb/_24369_ not found.
[WARNING STA-1648] ./results/nangate45_3D/ariane133/HBT/6_final.spef line 387086, instance i_frontend/i_btb/_23264_ not found.
[WARNING STA-1648] ./results/nangate45_3D/ariane133/HBT/6_final.spef line 387087, instance i_frontend/i_btb/_21758_ not found.
[WARNING STA-1648] ./results/nangate45_3D/ariane133/HBT/6_final.spef line 387088, instance i_frontend/i_btb/_25462_ not found.
[WARNING STA-1648] ./results/nangate45_3D/ariane133/HBT/6_final.spef line 387089, instance i_frontend/i_btb/_24943_ not found.
[WARNING STA-1648] ./results/nangate45_3D/ariane133/HBT/6_final.spef line 387090, instance i_frontend/i_btb/_23708_ not found.
[WARNING STA-1648] ./results/nangate45_3D/ariane133/HBT/6_final.spef line 387091, instance i_frontend/i_btb/_24488_ not found.
[WARNING STA-1648] ./results/nangate45_3D/ariane133/HBT/6_final.spef line 387092, instance i_frontend/i_btb/_21704_ not found.
[WARNING STA-1648] ./results/nangate45_3D/ariane133/HBT/6_final.spef line 387093, instance i_frontend/i_btb/_24889_ not found.
[WARNING STA-1648] ./results/nangate45_3D/ariane133/HBT/6_final.spef line 387094, instance i_frontend/i_btb/_23318_ not found.
[WARNING STA-1648] ./results/nangate45_3D/ariane133/HBT/6_final.spef line 387095, instance i_frontend/i_btb/_22029_ not found.
[WARNING STA-1648] ./results/nangate45_3D/ariane133/HBT/6_final.spef line 387096, instance i_frontend/i_btb/_22205_ not found.
[WARNING STA-1648] ./results/nangate45_3D/ariane133/HBT/6_final.spef line 387097, instance i_frontend/i_btb/_21660_ not found.
[WARNING STA-1648] ./results/nangate45_3D/ariane133/HBT/6_final.spef line 387098, instance i_frontend/i_btb/_22180_ not found.
[WARNING STA-1648] ./results/nangate45_3D/ariane133/HBT/6_final.spef line 387099, instance i_frontend/i_btb/_22530_ not found.
[WARNING STA-1648] ./results/nangate45_3D/ariane133/HBT/6_final.spef line 387100, instance i_frontend/i_btb/_23375_ not found.
[WARNING STA-1648] ./results/nangate45_3D/ariane133/HBT/6_final.spef line 387101, instance i_frontend/i_btb/_25000_ not found.
[WARNING STA-1648] ./results/nangate45_3D/ariane133/HBT/6_final.spef line 387102, instance i_frontend/i_btb/_22075_ not found.
[WARNING STA-1648] ./results/nangate45_3D/ariane133/HBT/6_final.spef line 387103, instance i_frontend/i_btb/_23050_ not found.
[WARNING STA-1648] ./results/nangate45_3D/ariane133/HBT/6_final.spef line 387104, instance i_frontend/i_btb/_23004_ not found.
[WARNING STA-1648] ./results/nangate45_3D/ariane133/HBT/6_final.spef line 387105, instance i_frontend/i_btb/_24715_ not found.
[WARNING STA-1648] ./results/nangate45_3D/ariane133/HBT/6_final.spef line 387106, instance i_frontend/i_btb/_25495_ not found.
[WARNING STA-1648] ./results/nangate45_3D/ariane133/HBT/6_final.spef line 387107, instance i_frontend/i_btb/_23299_ not found.
[WARNING STA-1648] ./results/nangate45_3D/ariane133/HBT/6_final.spef line 387108, instance i_frontend/i_btb/_23805_ not found.
[WARNING STA-1648] ./results/nangate45_3D/ariane133/HBT/6_final.spef line 387109, instance i_frontend/i_btb/_22660_ not found.
[WARNING STA-1648] ./results/nangate45_3D/ariane133/HBT/6_final.spef line 387110, instance i_frontend/i_btb/_22115_ not found.
[WARNING STA-1648] ./results/nangate45_3D/ariane133/HBT/6_final.spef line 387111, instance i_frontend/i_btb/_22830_ not found.
[WARNING STA-1648] ./results/nangate45_3D/ariane133/HBT/6_final.spef line 387112, instance i_frontend/i_btb/_22129_ not found.
[WARNING STA-1648] ./results/nangate45_3D/ariane133/HBT/6_final.spef line 387113, instance i_frontend/i_btb/_22570_ not found.
[WARNING STA-1648] ./results/nangate45_3D/ariane133/HBT/6_final.spef line 387114, instance i_frontend/i_btb/_22184_ not found.
[WARNING STA-1648] ./results/nangate45_3D/ariane133/HBT/6_final.spef line 387115, instance i_frontend/i_btb/_21664_ not found.
[WARNING STA-1648] ./results/nangate45_3D/ariane133/HBT/6_final.spef line 387116, instance i_frontend/i_btb/_24719_ not found.
[WARNING STA-1648] ./results/nangate45_3D/ariane133/HBT/6_final.spef line 387117, instance i_frontend/i_btb/_23744_ not found.
[WARNING STA-1648] ./results/nangate45_3D/ariane133/HBT/6_final.spef line 387118, instance i_frontend/i_btb/_24415_ not found.
[WARNING STA-1648] ./results/nangate45_3D/ariane133/HBT/6_final.spef line 387119, instance i_frontend/i_btb/_24935_ not found.
[WARNING STA-1648] ./results/nangate45_3D/ariane133/HBT/6_final.spef line 387120, instance i_frontend/i_btb/_23039_ not found.
[WARNING STA-1648] ./results/nangate45_3D/ariane133/HBT/6_final.spef line 387121, instance i_frontend/i_btb/_25499_ not found.
[WARNING STA-1648] ./results/nangate45_3D/ariane133/HBT/6_final.spef line 387122, instance i_frontend/i_btb/_25455_ not found.
[WARNING STA-1648] ./results/nangate45_3D/ariane133/HBT/6_final.spef line 387123, instance i_frontend/i_btb/_22044_ not found.
[WARNING STA-1648] ./results/nangate45_3D/ariane133/HBT/6_final.spef line 387124, instance i_frontend/i_btb/_23799_ not found.
[WARNING STA-1648] ./results/nangate45_3D/ariane133/HBT/6_final.spef line 387125, instance i_frontend/i_btb/_23364_ not found.
[WARNING STA-1648] ./results/nangate45_3D/ariane133/HBT/6_final.spef line 387126, instance i_frontend/i_btb/_22499_ not found.
[WARNING STA-1648] ./results/nangate45_3D/ariane133/HBT/6_final.spef line 387127, instance i_frontend/i_btb/_21719_ not found.
[WARNING STA-1648] ./results/nangate45_3D/ariane133/HBT/6_final.spef line 387128, instance i_frontend/i_btb/_22119_ not found.
[WARNING STA-1648] ./results/nangate45_3D/ariane133/HBT/6_final.spef line 387129, instance i_frontend/i_btb/_23019_ not found.
[WARNING STA-1648] ./results/nangate45_3D/ariane133/HBT/6_final.spef line 387130, instance i_frontend/i_btb/_25417_ not found.
[WARNING STA-1648] ./results/nangate45_3D/ariane133/HBT/6_final.spef line 387131, instance i_frontend/i_btb/_23029_ not found.
[WARNING STA-1648] ./results/nangate45_3D/ariane133/HBT/6_final.spef line 387132, instance i_frontend/i_btb/_23658_ not found.
[WARNING STA-1648] ./results/nangate45_3D/ariane133/HBT/6_final.spef line 387133, instance i_frontend/i_btb/_24438_ not found.
[WARNING STA-1648] ./results/nangate45_3D/ariane133/HBT/6_final.spef line 387134, instance i_frontend/i_btb/_23268_ not found.
[WARNING STA-1648] ./results/nangate45_3D/ariane133/HBT/6_final.spef line 387135, instance i_frontend/i_btb/_24373_ not found.
[WARNING STA-1648] ./results/nangate45_3D/ariane133/HBT/6_final.spef line 387136, instance i_frontend/i_btb/_23662_ not found.
[WARNING STA-1648] ./results/nangate45_3D/ariane133/HBT/6_final.spef line 387137, instance i_frontend/i_btb/_24449_ not found.
[WARNING STA-1648] ./results/nangate45_3D/ariane133/HBT/6_final.spef line 387138, instance i_frontend/i_btb/_22054_ not found.
[WARNING STA-1648] ./results/nangate45_3D/ariane133/HBT/6_final.spef line 387139, instance i_frontend/i_btb/_24904_ not found.
[WARNING STA-1648] ./results/nangate45_3D/ariane133/HBT/6_final.spef line 387140, instance i_frontend/i_btb/_23669_ not found.
[WARNING STA-1648] ./results/nangate45_3D/ariane133/HBT/6_final.spef line 387141, instance i_frontend/i_btb/_24979_ not found.
[WARNING STA-1648] ./results/nangate45_3D/ariane133/HBT/6_final.spef line 387142, instance i_frontend/i_btb/_23354_ not found.
[WARNING STA-1648] ./results/nangate45_3D/ariane133/HBT/6_final.spef line 387143, instance i_frontend/i_btb/_25174_ not found.
[WARNING STA-1648] ./results/nangate45_3D/ariane133/HBT/6_final.spef line 387144, instance i_frontend/i_btb/_25694_ not found.
[WARNING STA-1648] ./results/nangate45_3D/ariane133/HBT/6_final.spef line 387145, instance i_frontend/i_btb/_22509_ not found.
[WARNING STA-1648] ./results/nangate45_3D/ariane133/HBT/6_final.spef line 387146, instance i_frontend/i_btb/_23344_ not found.
[WARNING STA-1648] ./results/nangate45_3D/ariane133/HBT/6_final.spef line 387147, instance i_frontend/i_btb/_25684_ not found.
[WARNING STA-1648] ./results/nangate45_3D/ariane133/HBT/6_final.spef line 387148, instance i_frontend/i_btb/_23809_ not found.
[WARNING STA-1648] ./results/nangate45_3D/ariane133/HBT/6_final.spef line 387149, instance i_frontend/i_btb/_23604_ not found.
[WARNING STA-1648] ./results/nangate45_3D/ariane133/HBT/6_final.spef line 387150, instance i_frontend/i_btb/_24514_ not found.
[WARNING STA-1648] ./results/nangate45_3D/ariane133/HBT/6_final.spef line 387151, instance i_frontend/i_btb/_24189_ not found.
[WARNING STA-1648] ./results/nangate45_3D/ariane133/HBT/6_final.spef line 387152, instance i_frontend/i_btb/_22434_ not found.
[WARNING STA-1648] ./results/nangate45_3D/ariane133/HBT/6_final.spef line 387153, instance i_frontend/i_btb/_24004_ not found.
[WARNING STA-1648] ./results/nangate45_3D/ariane133/HBT/6_final.spef line 387154, instance i_frontend/i_btb/_21729_ not found.
[WARNING STA-1648] ./results/nangate45_3D/ariane133/HBT/6_final.spef line 387155, instance i_frontend/i_btb/_25109_ not found.
[WARNING STA-1648] ./results/nangate45_3D/ariane133/HBT/6_final.spef line 387156, instance i_frontend/i_btb/_25704_ not found.
[WARNING STA-1648] ./results/nangate45_3D/ariane133/HBT/6_final.spef line 387157, instance i_frontend/i_btb/_24969_ not found.
[WARNING STA-1648] ./results/nangate45_3D/ariane133/HBT/6_final.spef line 387158, instance i_frontend/i_btb/_25164_ not found.
[WARNING STA-1648] ./results/nangate45_3D/ariane133/HBT/6_final.spef line 387159, instance i_frontend/i_btb/_23754_ not found.
[WARNING STA-1648] ./results/nangate45_3D/ariane133/HBT/6_final.spef line 387160, instance i_frontend/i_btb/_22574_ not found.
[WARNING STA-1648] ./results/nangate45_3D/ariane133/HBT/6_final.spef line 387161, instance i_frontend/i_btb/_22834_ not found.
[WARNING STA-1648] ./results/nangate45_3D/ariane133/HBT/6_final.spef line 387162, instance i_frontend/i_btb/_22844_ not found.
[WARNING STA-1648] ./results/nangate45_3D/ariane133/HBT/6_final.spef line 387163, instance i_frontend/i_btb/_23310_ not found.
[WARNING STA-1648] ./results/nangate45_3D/ariane133/HBT/6_final.spef line 387164, instance i_frontend/i_btb/_22064_ not found.
[WARNING STA-1648] ./results/nangate45_3D/ariane133/HBT/6_final.spef line 387165, instance i_frontend/i_btb/_21750_ not found.
[WARNING STA-1648] ./results/nangate45_3D/ariane133/HBT/6_final.spef line 387166, instance i_frontend/i_btb/_24480_ not found.
[WARNING STA-1648] ./results/nangate45_3D/ariane133/HBT/6_final.spef line 387167, instance i_frontend/i_btb/_23819_ not found.
[WARNING STA-1648] ./results/nangate45_3D/ariane133/HBT/6_final.spef line 387168, instance i_frontend/i_btb/_25184_ not found.
[WARNING STA-1648] ./results/nangate45_3D/ariane133/HBT/6_final.spef line 387169, instance i_frontend/i_btb/_24209_ not found.
[WARNING STA-1648] ./results/nangate45_3D/ariane133/HBT/6_final.spef line 387170, instance i_frontend/i_btb/_24989_ not found.
[WARNING STA-1648] ./results/nangate45_3D/ariane133/HBT/6_final.spef line 387171, instance i_frontend/i_btb/_22519_ not found.
[WARNING STA-1648] ./results/nangate45_3D/ariane133/HBT/6_final.spef line 387172, instance i_frontend/i_btb/_25170_ not found.
[WARNING STA-1648] ./results/nangate45_3D/ariane133/HBT/6_final.spef line 387173, instance i_frontend/i_btb/_23025_ not found.
[WARNING STA-1648] ./results/nangate45_3D/ariane133/HBT/6_final.spef line 387174, instance i_frontend/i_btb/_23700_ not found.
[WARNING STA-1648] ./results/nangate45_3D/ariane133/HBT/6_final.spef line 387175, instance i_frontend/i_btb/_22505_ not found.
[WARNING STA-1648] ./results/nangate45_3D/ariane133/HBT/6_final.spef line 387176, instance i_frontend/i_btb/_22050_ not found.
[WARNING STA-1648] ./results/nangate45_3D/ariane133/HBT/6_final.spef line 387177, instance i_frontend/i_btb/_23350_ not found.
[WARNING STA-1648] ./results/nangate45_3D/ariane133/HBT/6_final.spef line 387178, instance i_frontend/i_btb/_22649_ not found.
[WARNING STA-1648] ./results/nangate45_3D/ariane133/HBT/6_final.spef line 387179, instance i_frontend/i_btb/_24469_ not found.
[WARNING STA-1648] ./results/nangate45_3D/ariane133/HBT/6_final.spef line 387180, instance i_frontend/i_btb/_25690_ not found.
[WARNING STA-1648] ./results/nangate45_3D/ariane133/HBT/6_final.spef line 387181, instance i_frontend/i_btb/_23635_ not found.
[WARNING STA-1648] ./results/nangate45_3D/ariane133/HBT/6_final.spef line 387182, instance i_frontend/i_btb/_22454_ not found.
[WARNING STA-1648] ./results/nangate45_3D/ariane133/HBT/6_final.spef line 387183, instance i_frontend/i_btb/_24000_ not found.
[WARNING STA-1648] ./results/nangate45_3D/ariane133/HBT/6_final.spef line 387184, instance i_frontend/i_btb/_24520_ not found.
[WARNING STA-1648] ./results/nangate45_3D/ariane133/HBT/6_final.spef line 387185, instance i_frontend/i_btb/_23610_ not found.
[WARNING STA-1648] ./results/nangate45_3D/ariane133/HBT/6_final.spef line 387186, instance i_frontend/i_btb/_22440_ not found.
[WARNING STA-1648] ./results/nangate45_3D/ariane133/HBT/6_final.spef line 387187, instance i_frontend/i_btb/_24455_ not found.
[WARNING STA-1648] ./results/nangate45_3D/ariane133/HBT/6_final.spef line 387188, instance i_frontend/i_btb/_22635_ not found.
[WARNING STA-1648] ./results/nangate45_3D/ariane133/HBT/6_final.spef line 387189, instance i_frontend/i_btb/_22465_ not found.
[WARNING STA-1648] ./results/nangate45_3D/ariane133/HBT/6_final.spef line 387190, instance i_frontend/i_btb/_24220_ not found.
[WARNING STA-1648] ./results/nangate45_3D/ariane133/HBT/6_final.spef line 387191, instance i_frontend/i_btb/_23285_ not found.
[WARNING STA-1648] ./results/nangate45_3D/ariane133/HBT/6_final.spef line 387192, instance i_frontend/i_btb/_24910_ not found.
[WARNING STA-1648] ./results/nangate45_3D/ariane133/HBT/6_final.spef line 387193, instance i_frontend/i_btb/_23675_ not found.
[WARNING STA-1648] ./results/nangate45_3D/ariane133/HBT/6_final.spef line 387194, instance i_frontend/i_btb/_21725_ not found.
[WARNING STA-1648] ./results/nangate45_3D/ariane133/HBT/6_final.spef line 387195, instance i_frontend/i_btb/_25430_ not found.
[WARNING STA-1648] ./results/nangate45_3D/ariane133/HBT/6_final.spef line 387196, instance i_frontend/i_btb/_24390_ not found.
[WARNING STA-1648] ./results/nangate45_3D/ariane133/HBT/6_final.spef line 387197, instance i_frontend/i_btb/_23589_ not found.
[WARNING STA-1648] ./results/nangate45_3D/ariane133/HBT/6_final.spef line 387198, instance i_frontend/i_btb/_22419_ not found.
[WARNING STA-1648] ./results/nangate45_3D/ariane133/HBT/6_final.spef line 387199, instance i_frontend/i_btb/_23849_ not found.
[WARNING STA-1648] ./results/nangate45_3D/ariane133/HBT/6_final.spef line 387200, instance i_frontend/i_btb/_24434_ not found.
[WARNING STA-1648] ./results/nangate45_3D/ariane133/HBT/6_final.spef line 387201, instance i_frontend/i_btb/_23654_ not found.
[WARNING STA-1648] ./results/nangate45_3D/ariane133/HBT/6_final.spef line 387202, instance i_frontend/i_btb/_23376_ not found.
[WARNING STA-1648] ./results/nangate45_3D/ariane133/HBT/6_final.spef line 387203, instance i_frontend/i_btb/_22531_ not found.
[WARNING STA-1648] ./results/nangate45_3D/ariane133/HBT/6_final.spef line 387204, instance i_frontend/i_btb/_25716_ not found.
[WARNING STA-1648] ./results/nangate45_3D/ariane133/HBT/6_final.spef line 387205, instance i_frontend/i_btb/_25701_ not found.
[WARNING STA-1648] ./results/nangate45_3D/ariane133/HBT/6_final.spef line 387206, instance i_frontend/i_btb/_24986_ not found.
[WARNING STA-1648] ./results/nangate45_3D/ariane133/HBT/6_final.spef line 387207, instance i_frontend/i_btb/_23361_ not found.
[WARNING STA-1648] ./results/nangate45_3D/ariane133/HBT/6_final.spef line 387208, instance i_frontend/i_btb/_25181_ not found.
[WARNING STA-1648] ./results/nangate45_3D/ariane133/HBT/6_final.spef line 387209, instance i_frontend/i_btb/_23831_ not found.
[WARNING STA-1648] ./results/nangate45_3D/ariane133/HBT/6_final.spef line 387210, instance i_frontend/i_btb/_23051_ not found.
[WARNING STA-1648] ./results/nangate45_3D/ariane133/HBT/6_final.spef line 387211, instance i_frontend/i_btb/_24499_ not found.
[WARNING STA-1648] ./results/nangate45_3D/ariane133/HBT/6_final.spef line 387212, instance i_frontend/i_btb/_25084_ not found.
[WARNING STA-1648] ./results/nangate45_3D/ariane133/HBT/6_final.spef line 387213, instance i_frontend/i_btb/_25696_ not found.
[WARNING STA-1648] ./results/nangate45_3D/ariane133/HBT/6_final.spef line 387214, instance i_frontend/i_btb/_22511_ not found.
[WARNING STA-1648] ./results/nangate45_3D/ariane133/HBT/6_final.spef line 387215, instance i_frontend/i_btb/_22052_ not found.
[WARNING STA-1648] ./results/nangate45_3D/ariane133/HBT/6_final.spef line 387216, instance i_frontend/i_btb/_22076_ not found.
[WARNING STA-1648] ./results/nangate45_3D/ariane133/HBT/6_final.spef line 387217, instance i_frontend/i_btb/_25196_ not found.
[WARNING STA-1648] ./results/nangate45_3D/ariane133/HBT/6_final.spef line 387218, instance i_frontend/i_btb/_23811_ not found.
[WARNING STA-1648] ./results/nangate45_3D/ariane133/HBT/6_final.spef line 387219, instance i_frontend/i_btb/_23352_ not found.
[WARNING STA-1648] ./results/nangate45_3D/ariane133/HBT/6_final.spef line 387220, instance i_frontend/i_btb/_25692_ not found.
[WARNING STA-1648] ./results/nangate45_3D/ariane133/HBT/6_final.spef line 387221, instance i_frontend/i_btb/_22572_ not found.
[WARNING STA-1648] ./results/nangate45_3D/ariane133/HBT/6_final.spef line 387222, instance i_frontend/i_btb/_24522_ not found.
[WARNING STA-1648] ./results/nangate45_3D/ariane133/HBT/6_final.spef line 387223, instance i_frontend/i_btb/_23807_ not found.
[WARNING STA-1648] ./results/nangate45_3D/ariane133/HBT/6_final.spef line 387224, instance i_frontend/i_btb/_25001_ not found.
[WARNING STA-1648] ./results/nangate45_3D/ariane133/HBT/6_final.spef line 387225, instance i_frontend/i_btb/_25172_ not found.
[WARNING STA-1648] ./results/nangate45_3D/ariane133/HBT/6_final.spef line 387226, instance i_frontend/i_btb/_24977_ not found.
[WARNING STA-1648] ./results/nangate45_3D/ariane133/HBT/6_final.spef line 387227, instance i_frontend/i_btb/_22507_ not found.
[WARNING STA-1648] ./results/nangate45_3D/ariane133/HBT/6_final.spef line 387228, instance i_frontend/i_btb/_24002_ not found.
[WARNING STA-1648] ./results/nangate45_3D/ariane133/HBT/6_final.spef line 387229, instance i_frontend/i_btb/_22832_ not found.
[WARNING STA-1648] ./results/nangate45_3D/ariane133/HBT/6_final.spef line 387230, instance i_frontend/i_btb/_24457_ not found.
[WARNING STA-1648] ./results/nangate45_3D/ariane133/HBT/6_final.spef line 387231, instance i_frontend/i_btb/_23677_ not found.
[WARNING STA-1648] ./results/nangate45_3D/ariane133/HBT/6_final.spef line 387232, instance i_frontend/i_btb/_21727_ not found.
[WARNING STA-1648] ./results/nangate45_3D/ariane133/HBT/6_final.spef line 387233, instance i_frontend/i_btb/_24912_ not found.
[WARNING STA-1648] ./results/nangate45_3D/ariane133/HBT/6_final.spef line 387234, instance i_frontend/i_btb/_22571_ not found.
[WARNING STA-1648] ./results/nangate45_3D/ariane133/HBT/6_final.spef line 387235, instance i_frontend/i_btb/_22246_ not found.
[WARNING STA-1648] ./results/nangate45_3D/ariane133/HBT/6_final.spef line 387236, instance i_frontend/i_btb/_23351_ not found.
[WARNING STA-1648] ./results/nangate45_3D/ariane133/HBT/6_final.spef line 387237, instance i_frontend/i_btb/_23676_ not found.
[WARNING STA-1648] ./results/nangate45_3D/ariane133/HBT/6_final.spef line 387238, instance i_frontend/i_btb/_22896_ not found.
[WARNING STA-1648] ./results/nangate45_3D/ariane133/HBT/6_final.spef line 387239, instance i_frontend/i_btb/_25530_ not found.
[WARNING STA-1648] ./results/nangate45_3D/ariane133/HBT/6_final.spef line 387240, instance i_frontend/i_btb/_22605_ not found.
[WARNING STA-1648] ./results/nangate45_3D/ariane133/HBT/6_final.spef line 387241, instance i_frontend/i_btb/_24750_ not found.
[WARNING STA-1648] ./results/nangate45_3D/ariane133/HBT/6_final.spef line 387242, instance i_frontend/i_btb/_24945_ not found.
[WARNING STA-1648] ./results/nangate45_3D/ariane133/HBT/6_final.spef line 387243, instance i_frontend/i_btb/_23385_ not found.
[WARNING STA-1648] ./results/nangate45_3D/ariane133/HBT/6_final.spef line 387244, instance i_frontend/i_btb/_23311_ not found.
[WARNING STA-1648] ./results/nangate45_3D/ariane133/HBT/6_final.spef line 387245, instance i_frontend/i_btb/_23710_ not found.
[WARNING STA-1648] ./results/nangate45_3D/ariane133/HBT/6_final.spef line 387246, instance i_frontend/i_btb/_22150_ not found.
[WARNING STA-1648] ./results/nangate45_3D/ariane133/HBT/6_final.spef line 387247, instance i_frontend/i_btb/_22865_ not found.
[WARNING STA-1648] ./results/nangate45_3D/ariane133/HBT/6_final.spef line 387248, instance i_frontend/i_btb/_23812_ not found.
[WARNING STA-1648] ./results/nangate45_3D/ariane133/HBT/6_final.spef line 387249, instance i_frontend/i_btb/_23836_ not found.
[WARNING STA-1648] ./results/nangate45_3D/ariane133/HBT/6_final.spef line 387250, instance i_frontend/i_btb/_24527_ not found.
[WARNING STA-1648] ./results/nangate45_3D/ariane133/HBT/6_final.spef line 387251, instance i_frontend/i_btb/_22536_ not found.
[WARNING STA-1648] ./results/nangate45_3D/ariane133/HBT/6_final.spef line 387252, instance i_frontend/i_btb/_25075_ not found.
[WARNING STA-1648] ./results/nangate45_3D/ariane133/HBT/6_final.spef line 387253, instance i_frontend/i_btb/_22410_ not found.
[WARNING STA-1648] ./results/nangate45_3D/ariane133/HBT/6_final.spef line 387254, instance i_frontend/i_btb/_23190_ not found.
[WARNING STA-1648] ./results/nangate45_3D/ariane133/HBT/6_final.spef line 387255, instance i_frontend/i_btb/_23162_ not found.
[WARNING STA-1648] ./results/nangate45_3D/ariane133/HBT/6_final.spef line 387256, instance i_frontend/i_fetch_fifo/i_fifo_v3/_8573_ not found.
[WARNING STA-1648] ./results/nangate45_3D/ariane133/HBT/6_final.spef line 387257, instance i_frontend/i_btb/_24917_ not found.
[WARNING STA-1648] ./results/nangate45_3D/ariane133/HBT/6_final.spef line 387258, instance i_frontend/i_btb/_24722_ not found.
[WARNING STA-1648] ./results/nangate45_3D/ariane133/HBT/6_final.spef line 387259, instance i_frontend/i_btb/_22512_ not found.
[WARNING STA-1648] ./results/nangate45_3D/ariane133/HBT/6_final.spef line 387260, instance i_frontend/i_btb/_22837_ not found.
[WARNING STA-1648] ./results/nangate45_3D/ariane133/HBT/6_final.spef line 387261, instance i_frontend/i_btb/_22187_ not found.
[WARNING STA-1648] ./results/nangate45_3D/ariane133/HBT/6_final.spef line 387262, instance i_frontend/i_btb/_24072_ not found.
[WARNING STA-1648] ./results/nangate45_3D/ariane133/HBT/6_final.spef line 387263, instance i_frontend/i_btb/_25697_ not found.
[WARNING STA-1648] ./results/nangate45_3D/ariane133/HBT/6_final.spef line 387264, instance i_frontend/i_btb/_23357_ not found.
[WARNING STA-1648] ./results/nangate45_3D/ariane133/HBT/6_final.spef line 387265, instance i_frontend/i_btb/_23682_ not found.
[WARNING STA-1648] ./results/nangate45_3D/ariane133/HBT/6_final.spef line 387266, instance i_frontend/i_btb/_22081_ not found.
[WARNING STA-1648] ./results/nangate45_3D/ariane133/HBT/6_final.spef line 387267, instance i_frontend/i_btb/_23641_ not found.
[WARNING STA-1648] ./results/nangate45_3D/ariane133/HBT/6_final.spef line 387268, instance i_frontend/i_btb/_25721_ not found.
[WARNING STA-1648] ./results/nangate45_3D/ariane133/HBT/6_final.spef line 387269, instance i_frontend/i_btb/_24481_ not found.
[WARNING STA-1648] ./results/nangate45_3D/ariane133/HBT/6_final.spef line 387270, instance i_frontend/i_btb/_21751_ not found.
[WARNING STA-1648] ./results/nangate45_3D/ariane133/HBT/6_final.spef line 387271, instance i_frontend/i_btb/_23701_ not found.
[WARNING STA-1648] ./results/nangate45_3D/ariane133/HBT/6_final.spef line 387272, instance i_frontend/i_btb/_24416_ not found.
[WARNING STA-1648] ./results/nangate45_3D/ariane133/HBT/6_final.spef line 387273, instance i_frontend/i_btb/_22141_ not found.
[WARNING STA-1648] ./results/nangate45_3D/ariane133/HBT/6_final.spef line 387274, instance i_frontend/i_btb/_22641_ not found.
[WARNING STA-1648] ./results/nangate45_3D/ariane133/HBT/6_final.spef line 387275, instance i_frontend/i_btb/_23291_ not found.
[WARNING STA-1648] ./results/nangate45_3D/ariane133/HBT/6_final.spef line 387276, instance i_frontend/i_btb/_21686_ not found.
[WARNING STA-1648] ./results/nangate45_3D/ariane133/HBT/6_final.spef line 387277, instance i_frontend/i_btb/_25521_ not found.
[WARNING STA-1648] ./results/nangate45_3D/ariane133/HBT/6_final.spef line 387278, instance i_frontend/i_btb/_24721_ not found.
[WARNING STA-1648] ./results/nangate45_3D/ariane133/HBT/6_final.spef line 387279, instance i_frontend/i_btb/_23766_ not found.
[WARNING STA-1648] ./results/nangate45_3D/ariane133/HBT/6_final.spef line 387280, instance i_frontend/i_btb/_24071_ not found.
[WARNING STA-1648] ./results/nangate45_3D/ariane133/HBT/6_final.spef line 387281, instance i_frontend/i_btb/_24741_ not found.
[WARNING STA-1648] ./results/nangate45_3D/ariane133/HBT/6_final.spef line 387282, instance i_frontend/i_btb/_22206_ not found.
[WARNING STA-1648] ./results/nangate45_3D/ariane133/HBT/6_final.spef line 387283, instance i_frontend/i_btb/_22856_ not found.
[WARNING STA-1648] ./results/nangate45_3D/ariane133/HBT/6_final.spef line 387284, instance i_frontend/i_btb/_25006_ not found.
[WARNING STA-1648] ./results/nangate45_3D/ariane133/HBT/6_final.spef line 387285, instance i_frontend/i_btb/_25201_ not found.
[WARNING STA-1648] ./results/nangate45_3D/ariane133/HBT/6_final.spef line 387286, instance i_frontend/i_btb/_22596_ not found.
[WARNING STA-1648] ./results/nangate45_3D/ariane133/HBT/6_final.spef line 387287, instance i_frontend/i_btb/_24096_ not found.
[WARNING STA-1648] ./results/nangate45_3D/ariane133/HBT/6_final.spef line 387288, instance i_frontend/i_btb/_23381_ not found.
[WARNING STA-1648] ./results/nangate45_3D/ariane133/HBT/6_final.spef line 387289, instance i_frontend/i_btb/_23056_ not found.
[WARNING STA-1648] ./results/nangate45_3D/ariane133/HBT/6_final.spef line 387290, instance i_frontend/i_btb/_25177_ not found.
[WARNING STA-1648] ./results/nangate45_3D/ariane133/HBT/6_final.spef line 387291, instance i_frontend/i_btb/_23292_ not found.
[WARNING STA-1648] ./results/nangate45_3D/ariane133/HBT/6_final.spef line 387292, instance i_frontend/i_btb/_21691_ not found.
[WARNING STA-1648] ./results/nangate45_3D/ariane133/HBT/6_final.spef line 387293, instance i_frontend/i_btb/_25461_ not found.
[WARNING STA-1648] ./results/nangate45_3D/ariane133/HBT/6_final.spef line 387294, instance i_frontend/i_btb/_24746_ not found.
[WARNING STA-1648] ./results/nangate45_3D/ariane133/HBT/6_final.spef line 387295, instance i_frontend/i_btb/_23308_ not found.
[WARNING STA-1648] ./results/nangate45_3D/ariane133/HBT/6_final.spef line 387296, instance i_frontend/i_btb/_23622_ not found.
[WARNING STA-1648] ./results/nangate45_3D/ariane133/HBT/6_final.spef line 387297, instance i_frontend/i_btb/_24421_ not found.
[WARNING STA-1648] ./results/nangate45_3D/ariane133/HBT/6_final.spef line 387298, instance i_frontend/i_btb/_22059_ not found.
[WARNING STA-1648] ./results/nangate45_3D/ariane133/HBT/6_final.spef line 387299, instance i_frontend/i_btb/_22861_ not found.
[WARNING STA-1648] ./results/nangate45_3D/ariane133/HBT/6_final.spef line 387300, instance i_frontend/i_btb/_23771_ not found.
[WARNING STA-1648] ./results/nangate45_3D/ariane133/HBT/6_final.spef line 387301, instance i_frontend/i_btb/_22463_ not found.
[WARNING STA-1648] ./results/nangate45_3D/ariane133/HBT/6_final.spef line 387302, instance i_frontend/i_btb/_22138_ not found.
[WARNING STA-1648] ./results/nangate45_3D/ariane133/HBT/6_final.spef line 387303, instance i_frontend/i_btb/_22146_ not found.
[WARNING STA-1648] ./results/nangate45_3D/ariane133/HBT/6_final.spef line 387304, instance i_frontend/i_btb/_22601_ not found.
[WARNING STA-1648] ./results/nangate45_3D/ariane133/HBT/6_final.spef line 387305, instance i_frontend/i_btb/_22252_ not found.
[WARNING STA-1648] ./results/nangate45_3D/ariane133/HBT/6_final.spef line 387306, instance i_frontend/i_btb/_22057_ not found.
[WARNING STA-1648] ./results/nangate45_3D/ariane133/HBT/6_final.spef line 387307, instance i_frontend/i_btb/_23227_ not found.
[WARNING STA-1648] ./results/nangate45_3D/ariane133/HBT/6_final.spef line 387308, instance i_frontend/i_btb/_23422_ not found.
[WARNING STA-1648] ./results/nangate45_3D/ariane133/HBT/6_final.spef line 387309, instance i_frontend/i_btb/_22317_ not found.
[WARNING STA-1648] ./results/nangate45_3D/ariane133/HBT/6_final.spef line 387310, instance i_frontend/i_btb/_23942_ not found.
[WARNING STA-1648] ./results/nangate45_3D/ariane133/HBT/6_final.spef line 387311, instance i_frontend/i_btb/_25112_ not found.
[WARNING STA-1648] ./results/nangate45_3D/ariane133/HBT/6_final.spef line 387312, instance i_frontend/i_btb/_24007_ not found.
[WARNING STA-1648] ./results/nangate45_3D/ariane133/HBT/6_final.spef line 387313, instance i_frontend/i_btb/_24620_ not found.
[WARNING STA-1648] ./results/nangate45_3D/ariane133/HBT/6_final.spef line 387314, instance i_frontend/i_btb/_21667_ not found.
[WARNING STA-1648] ./results/nangate45_3D/ariane133/HBT/6_final.spef line 387315, instance i_frontend/i_btb/_21732_ not found.
[WARNING STA-1648] ./results/nangate45_3D/ariane133/HBT/6_final.spef line 387316, instance i_frontend/i_btb/_23032_ not found.
[WARNING STA-1648] ./results/nangate45_3D/ariane133/HBT/6_final.spef line 387317, instance i_frontend/i_btb/_24462_ not found.
[WARNING STA-1648] ./results/nangate45_3D/ariane133/HBT/6_final.spef line 387318, instance i_frontend/i_btb/_22124_ not found.
[WARNING STA-1648] ./results/nangate45_3D/ariane133/HBT/6_final.spef line 387319, instance i_frontend/i_btb/_25049_ not found.
[WARNING STA-1648] ./results/nangate45_3D/ariane133/HBT/6_final.spef line 387320, instance i_frontend/i_btb/_24009_ not found.
[WARNING STA-1648] ./results/nangate45_3D/ariane133/HBT/6_final.spef line 387321, instance i_frontend/i_btb/_22449_ not found.
[WARNING STA-1648] ./results/nangate45_3D/ariane133/HBT/6_final.spef line 387322, instance i_frontend/i_btb/_25179_ not found.
[WARNING STA-1648] ./results/nangate45_3D/ariane133/HBT/6_final.spef line 387323, instance i_frontend/i_btb/_23294_ not found.
[WARNING STA-1648] ./results/nangate45_3D/ariane133/HBT/6_final.spef line 387324, instance i_frontend/i_btb/_24031_ not found.
[WARNING STA-1648] ./results/nangate45_3D/ariane133/HBT/6_final.spef line 387325, instance i_frontend/i_btb/_25526_ not found.
[WARNING STA-1648] ./results/nangate45_3D/ariane133/HBT/6_final.spef line 387326, instance i_frontend/i_btb/_25136_ not found.
[WARNING STA-1648] ./results/nangate45_3D/ariane133/HBT/6_final.spef line 387327, instance i_frontend/i_btb/_23489_ not found.
[WARNING STA-1648] ./results/nangate45_3D/ariane133/HBT/6_final.spef line 387328, instance i_frontend/i_btb/_23684_ not found.
[WARNING STA-1648] ./results/nangate45_3D/ariane133/HBT/6_final.spef line 387329, instance i_frontend/i_btb/_22577_ not found.
[WARNING STA-1648] ./results/nangate45_3D/ariane133/HBT/6_final.spef line 387330, instance i_frontend/i_btb/_23619_ not found.
[WARNING STA-1648] ./results/nangate45_3D/ariane133/HBT/6_final.spef line 387331, instance i_frontend/i_btb/_22122_ not found.
[WARNING STA-1648] ./results/nangate45_3D/ariane133/HBT/6_final.spef line 387332, instance i_frontend/i_btb/_22902_ not found.
[WARNING STA-1648] ./results/nangate45_3D/ariane133/HBT/6_final.spef line 387333, instance i_frontend/i_btb/_24919_ not found.
[WARNING STA-1648] ./results/nangate45_3D/ariane133/HBT/6_final.spef line 387334, instance i_frontend/i_btb/_25439_ not found.
[WARNING STA-1648] ./results/nangate45_3D/ariane133/HBT/6_final.spef line 387335, instance i_frontend/i_btb/_25764_ not found.
[WARNING STA-1648] ./results/nangate45_3D/ariane133/HBT/6_final.spef line 387336, instance i_frontend/i_btb/_21734_ not found.
[WARNING STA-1648] ./results/nangate45_3D/ariane133/HBT/6_final.spef line 387337, instance i_frontend/i_btb/_22644_ not found.
[WARNING STA-1648] ./results/nangate45_3D/ariane133/HBT/6_final.spef line 387338, instance i_frontend/i_btb/_23034_ not found.
[WARNING STA-1648] ./results/nangate45_3D/ariane133/HBT/6_final.spef line 387339, instance i_frontend/i_btb/_22904_ not found.
[WARNING STA-1648] ./results/nangate45_3D/ariane133/HBT/6_final.spef line 387340, instance i_frontend/i_btb/_23879_ not found.
[WARNING STA-1648] ./results/nangate45_3D/ariane133/HBT/6_final.spef line 387341, instance i_frontend/i_btb/_22969_ not found.
[WARNING STA-1648] ./results/nangate45_3D/ariane133/HBT/6_final.spef line 387342, instance i_frontend/i_btb/_24854_ not found.
[WARNING STA-1648] ./results/nangate45_3D/ariane133/HBT/6_final.spef line 387343, instance i_frontend/i_btb/_25244_ not found.
[WARNING STA-1648] ./results/nangate45_3D/ariane133/HBT/6_final.spef line 387344, instance i_frontend/i_btb/_22709_ not found.
[WARNING STA-1648] ./results/nangate45_3D/ariane133/HBT/6_final.spef line 387345, instance i_frontend/i_btb/_24137_ not found.
[WARNING STA-1648] ./results/nangate45_3D/ariane133/HBT/6_final.spef line 387346, instance i_frontend/i_btb/_21927_ not found.
[WARNING STA-1648] ./results/nangate45_3D/ariane133/HBT/6_final.spef line 387347, instance i_frontend/i_btb/_24267_ not found.
[WARNING STA-1648] ./results/nangate45_3D/ariane133/HBT/6_final.spef line 387348, instance i_frontend/i_btb/_24295_ not found.
[WARNING STA-1648] ./results/nangate45_3D/ariane133/HBT/6_final.spef line 387349, instance i_frontend/i_btb/_23552_ not found.
[WARNING STA-1648] ./results/nangate45_3D/ariane133/HBT/6_final.spef line 387350, instance i_frontend/i_btb/_22967_ not found.
[WARNING STA-1648] ./results/nangate45_3D/ariane133/HBT/6_final.spef line 387351, instance i_frontend/i_btb/_25342_ not found.
[WARNING STA-1648] ./results/nangate45_3D/ariane133/HBT/6_final.spef line 387352, instance i_frontend/i_btb/_23197_ not found.
[WARNING STA-1648] ./results/nangate45_3D/ariane133/HBT/6_final.spef line 387353, instance i_frontend/i_btb/_24692_ not found.
[WARNING STA-1648] ./results/nangate45_3D/ariane133/HBT/6_final.spef line 387354, instance i_frontend/i_btb/_25082_ not found.
[WARNING STA-1648] ./results/nangate45_3D/ariane133/HBT/6_final.spef line 387355, instance i_frontend/i_btb/_25212_ not found.
[WARNING STA-1648] ./results/nangate45_3D/ariane133/HBT/6_final.spef line 387356, instance i_frontend/i_btb/_25147_ not found.
[WARNING STA-1648] ./results/nangate45_3D/ariane133/HBT/6_final.spef line 387357, instance i_frontend/i_btb/_21767_ not found.
[WARNING STA-1648] ./results/nangate45_3D/ariane133/HBT/6_final.spef line 387358, instance i_frontend/i_btb/_25017_ not found.
[WARNING STA-1648] ./results/nangate45_3D/ariane133/HBT/6_final.spef line 387359, instance i_frontend/i_btb/_25407_ not found.
[WARNING STA-1648] ./results/nangate45_3D/ariane133/HBT/6_final.spef line 387360, instance i_frontend/i_btb/_24042_ not found.
[WARNING STA-1648] ./results/nangate45_3D/ariane133/HBT/6_final.spef line 387361, instance i_frontend/i_btb/_23717_ not found.
[WARNING STA-1648] ./results/nangate45_3D/ariane133/HBT/6_final.spef line 387362, instance i_frontend/i_btb/_25602_ not found.
[WARNING STA-1648] ./results/nangate45_3D/ariane133/HBT/6_final.spef line 387363, instance i_frontend/i_btb/_24107_ not found.
[WARNING STA-1648] ./results/nangate45_3D/ariane133/HBT/6_final.spef line 387364, instance i_frontend/i_btb/_23002_ not found.
[WARNING STA-1648] ./results/nangate45_3D/ariane133/HBT/6_final.spef line 387365, instance i_frontend/i_btb/_22612_ not found.
[WARNING STA-1648] ./results/nangate45_3D/ariane133/HBT/6_final.spef line 387366, instance i_frontend/i_btb/_23262_ not found.
[WARNING STA-1648] ./results/nangate45_3D/ariane133/HBT/6_final.spef line 387367, instance i_frontend/i_fetch_fifo/i_fifo_v3/_9110_ not found.
[WARNING STA-1648] ./results/nangate45_3D/ariane133/HBT/6_final.spef line 387368, instance i_frontend/i_btb/_23327_ not found.
[WARNING STA-1648] ./results/nangate45_3D/ariane133/HBT/6_final.spef line 387369, instance i_frontend/i_btb/_22677_ not found.
[WARNING STA-1648] ./results/nangate45_3D/ariane133/HBT/6_final.spef line 387370, instance i_frontend/i_btb/_25374_ not found.
[WARNING STA-1648] ./results/nangate45_3D/ariane133/HBT/6_final.spef line 387371, instance i_frontend/i_btb/_23652_ not found.
[WARNING STA-1648] ./results/nangate45_3D/ariane133/HBT/6_final.spef line 387372, instance i_frontend/i_btb/_22482_ not found.
[WARNING STA-1648] ./results/nangate45_3D/ariane133/HBT/6_final.spef line 387373, instance i_frontend/i_btb/_23522_ not found.
[WARNING STA-1648] ./results/nangate45_3D/ariane133/HBT/6_final.spef line 387374, instance i_frontend/i_btb/_25277_ not found.
[WARNING STA-1648] ./results/nangate45_3D/ariane133/HBT/6_final.spef line 387375, instance i_frontend/i_btb/_21862_ not found.
[WARNING STA-1648] ./results/nangate45_3D/ariane133/HBT/6_final.spef line 387376, instance i_frontend/i_btb/_23099_ not found.
[WARNING STA-1648] ./results/nangate45_3D/ariane133/HBT/6_final.spef line 387377, instance i_frontend/i_btb/_25567_ not found.
[WARNING STA-1648] ./results/nangate45_3D/ariane133/HBT/6_final.spef line 387378, instance i_frontend/i_btb/_25502_ not found.
[WARNING STA-1648] ./results/nangate45_3D/ariane133/HBT/6_final.spef line 387379, instance i_frontend/i_btb/_24592_ not found.
[WARNING STA-1648] ./results/nangate45_3D/ariane133/HBT/6_final.spef line 387380, instance i_frontend/i_btb/_21955_ not found.
[WARNING STA-1648] ./results/nangate45_3D/ariane133/HBT/6_final.spef line 387381, instance i_frontend/i_btb/_21992_ not found.
[WARNING STA-1648] ./results/nangate45_3D/ariane133/HBT/6_final.spef line 387382, instance i_frontend/i_btb/_23741_ not found.
[WARNING STA-1648] ./results/nangate45_3D/ariane133/HBT/6_final.spef line 387383, instance i_frontend/i_btb/_21986_ not found.
[WARNING STA-1648] ./results/nangate45_3D/ariane133/HBT/6_final.spef line 387384, instance i_frontend/i_btb/_22961_ not found.
[WARNING STA-1648] ./results/nangate45_3D/ariane133/HBT/6_final.spef line 387385, instance i_frontend/i_btb/_23546_ not found.
[WARNING STA-1648] ./results/nangate45_3D/ariane133/HBT/6_final.spef line 387386, instance i_frontend/i_btb/_23848_ not found.
[WARNING STA-1648] ./results/nangate45_3D/ariane133/HBT/6_final.spef line 387387, instance i_frontend/i_btb/_25603_ not found.
[WARNING STA-1648] ./results/nangate45_3D/ariane133/HBT/6_final.spef line 387388, instance i_frontend/i_btb/_23783_ not found.
[WARNING STA-1648] ./results/nangate45_3D/ariane133/HBT/6_final.spef line 387389, instance i_frontend/i_btb/_25080_ not found.
[WARNING STA-1648] ./results/nangate45_3D/ariane133/HBT/6_final.spef line 387390, instance i_frontend/i_btb/_24040_ not found.
[WARNING STA-1648] ./results/nangate45_3D/ariane133/HBT/6_final.spef line 387391, instance i_frontend/i_btb/_22006_ not found.
[WARNING STA-1648] ./results/nangate45_3D/ariane133/HBT/6_final.spef line 387392, instance i_frontend/i_btb/_22480_ not found.
[WARNING STA-1648] ./results/nangate45_3D/ariane133/HBT/6_final.spef line 387393, instance i_frontend/i_btb/_24238_ not found.
[WARNING STA-1648] ./results/nangate45_3D/ariane133/HBT/6_final.spef line 387394, instance i_frontend/i_btb/_25191_ not found.
[WARNING STA-1648] ./results/nangate45_3D/ariane133/HBT/6_final.spef line 387395, instance i_frontend/i_btb/_22136_ not found.
[WARNING STA-1648] ./results/nangate45_3D/ariane133/HBT/6_final.spef line 387396, instance i_frontend/i_btb/_22981_ not found.
[WARNING STA-1648] ./results/nangate45_3D/ariane133/HBT/6_final.spef line 387397, instance i_frontend/i_btb/_25581_ not found.
[WARNING STA-1648] ./results/nangate45_3D/ariane133/HBT/6_final.spef line 387398, instance i_frontend/i_btb/_24931_ not found.
[WARNING STA-1648] ./results/nangate45_3D/ariane133/HBT/6_final.spef line 387399, instance i_frontend/i_btb/_22935_ not found.
[WARNING STA-1648] ./results/nangate45_3D/ariane133/HBT/6_final.spef line 387400, instance i_frontend/i_btb/_24173_ not found.
[WARNING STA-1648] ./results/nangate45_3D/ariane133/HBT/6_final.spef line 387401, instance i_frontend/i_btb/_24131_ not found.
[WARNING STA-1648] ./results/nangate45_3D/ariane133/HBT/6_final.spef line 387402, instance i_frontend/i_btb/_25496_ not found.
[WARNING STA-1648] ./results/nangate45_3D/ariane133/HBT/6_final.spef line 387403, instance i_frontend/i_btb/_23026_ not found.
[WARNING STA-1648] ./results/nangate45_3D/ariane133/HBT/6_final.spef line 387404, instance i_frontend/i_btb/_24586_ not found.
[WARNING STA-1648] ./results/nangate45_3D/ariane133/HBT/6_final.spef line 387405, instance i_frontend/i_btb/_25538_ not found.
[WARNING STA-1648] ./results/nangate45_3D/ariane133/HBT/6_final.spef line 387406, instance i_frontend/i_btb/_24888_ not found.
[WARNING STA-1648] ./results/nangate45_3D/ariane133/HBT/6_final.spef line 387407, instance i_frontend/i_btb/_24261_ not found.
[WARNING STA-1648] ./results/nangate45_3D/ariane133/HBT/6_final.spef line 387408, instance i_frontend/i_btb/_21661_ not found.
[WARNING STA-1648] ./results/nangate45_3D/ariane133/HBT/6_final.spef line 387409, instance i_frontend/i_btb/_24651_ not found.
[WARNING STA-1648] ./results/nangate45_3D/ariane133/HBT/6_final.spef line 387410, instance i_frontend/i_btb/_24001_ not found.
[WARNING STA-1648] ./results/nangate45_3D/ariane133/HBT/6_final.spef line 387411, instance i_frontend/i_btb/_22349_ not found.
[WARNING STA-1648] ./results/nangate45_3D/ariane133/HBT/6_final.spef line 387412, instance i_frontend/i_btb/_25014_ not found.
[WARNING STA-1648] ./results/nangate45_3D/ariane133/HBT/6_final.spef line 387413, instance i_frontend/i_btb/_24104_ not found.
[WARNING STA-1648] ./results/nangate45_3D/ariane133/HBT/6_final.spef line 387414, instance i_frontend/i_btb/_25729_ not found.
[WARNING STA-1648] ./results/nangate45_3D/ariane133/HBT/6_final.spef line 387415, instance i_frontend/i_btb/_22609_ not found.
[WARNING STA-1648] ./results/nangate45_3D/ariane133/HBT/6_final.spef line 387416, instance i_frontend/i_btb/_22219_ not found.
[WARNING STA-1648] ./results/nangate45_3D/ariane133/HBT/6_final.spef line 387417, instance i_frontend/i_btb/_22284_ not found.
[WARNING STA-1648] ./results/nangate45_3D/ariane133/HBT/6_final.spef line 387418, instance i_frontend/i_btb/_25209_ not found.
[WARNING STA-1648] ./results/nangate45_3D/ariane133/HBT/6_final.spef line 387419, instance i_frontend/i_btb/_23324_ not found.
[WARNING STA-1648] ./results/nangate45_3D/ariane133/HBT/6_final.spef line 387420, instance i_frontend/i_btb/_22934_ not found.
[WARNING STA-1648] ./results/nangate45_3D/ariane133/HBT/6_final.spef line 387421, instance i_frontend/i_btb/_22154_ not found.
[WARNING STA-1648] ./results/nangate45_3D/ariane133/HBT/6_final.spef line 387422, instance i_frontend/i_btb/_23714_ not found.
[WARNING STA-1648] ./results/nangate45_3D/ariane133/HBT/6_final.spef line 387423, instance i_frontend/i_btb/_23286_ not found.
[WARNING STA-1648] ./results/nangate45_3D/ariane133/HBT/6_final.spef line 387424, instance i_frontend/i_btb/_25171_ not found.
[WARNING STA-1648] ./results/nangate45_3D/ariane133/HBT/6_final.spef line 387425, instance i_frontend/i_btb/_25432_ not found.
[WARNING STA-1648] ./results/nangate45_3D/ariane133/HBT/6_final.spef line 387426, instance i_frontend/i_btb/_24392_ not found.
[WARNING STA-1648] ./results/nangate45_3D/ariane133/HBT/6_final.spef line 387427, instance i_frontend/i_btb/_23389_ not found.
[WARNING STA-1648] ./results/nangate45_3D/ariane133/HBT/6_final.spef line 387428, instance i_frontend/i_btb/_24716_ not found.
[WARNING STA-1648] ./results/nangate45_3D/ariane133/HBT/6_final.spef line 387429, instance i_frontend/i_btb/_24911_ not found.
[WARNING STA-1648] ./results/nangate45_3D/ariane133/HBT/6_final.spef line 387430, instance i_frontend/i_btb/_24884_ not found.
[WARNING STA-1648] ./results/nangate45_3D/ariane133/HBT/6_final.spef line 387431, instance i_frontend/i_btb/_22869_ not found.
[WARNING STA-1648] ./results/nangate45_3D/ariane133/HBT/6_final.spef line 387432, instance i_frontend/i_btb/_23194_ not found.
[WARNING STA-1648] ./results/nangate45_3D/ariane133/HBT/6_final.spef line 387433, instance i_frontend/i_btb/_24754_ not found.
[WARNING STA-1648] ./results/nangate45_3D/ariane133/HBT/6_final.spef line 387434, instance i_frontend/i_btb/_22544_ not found.
[WARNING STA-1648] ./results/nangate45_3D/ariane133/HBT/6_final.spef line 387435, instance i_frontend/i_btb/_22506_ not found.
[WARNING STA-1648] ./results/nangate45_3D/ariane133/HBT/6_final.spef line 387436, instance i_frontend/i_btb/_25041_ not found.
[WARNING STA-1648] ./results/nangate45_3D/ariane133/HBT/6_final.spef line 387437, instance i_frontend/i_btb/_24559_ not found.
[WARNING STA-1648] ./results/nangate45_3D/ariane133/HBT/6_final.spef line 387438, instance i_frontend/i_btb/_22089_ not found.
[WARNING STA-1648] ./results/nangate45_3D/ariane133/HBT/6_final.spef line 387439, instance i_frontend/i_btb/_23259_ not found.
[WARNING STA-1648] ./results/nangate45_3D/ariane133/HBT/6_final.spef line 387440, instance i_frontend/i_btb/_22678_ not found.
[WARNING STA-1648] ./results/nangate45_3D/ariane133/HBT/6_final.spef line 387441, instance i_frontend/i_btb/_23588_ not found.
[WARNING STA-1648] ./results/nangate45_3D/ariane133/HBT/6_final.spef line 387442, instance i_frontend/i_btb/_23003_ not found.
[WARNING STA-1648] ./results/nangate45_3D/ariane133/HBT/6_final.spef line 387443, instance i_frontend/i_btb/_22548_ not found.
[WARNING STA-1648] ./results/nangate45_3D/ariane133/HBT/6_final.spef line 387444, instance i_frontend/i_btb/_23263_ not found.
[WARNING STA-1648] ./results/nangate45_3D/ariane133/HBT/6_final.spef line 387445, instance i_frontend/i_btb/_24949_ not found.
[WARNING STA-1648] ./results/nangate45_3D/ariane133/HBT/6_final.spef line 387446, instance i_frontend/i_btb/_23844_ not found.
[WARNING STA-1648] ./results/nangate45_3D/ariane133/HBT/6_final.spef line 387447, instance i_frontend/i_btb/_23196_ not found.
[WARNING STA-1648] ./results/nangate45_3D/ariane133/HBT/6_final.spef line 387448, instance i_frontend/i_btb/_22043_ not found.
[WARNING STA-1648] ./results/nangate45_3D/ariane133/HBT/6_final.spef line 387449, instance i_frontend/i_btb/_22173_ not found.
[WARNING STA-1648] ./results/nangate45_3D/ariane133/HBT/6_final.spef line 387450, instance i_frontend/i_btb/_25683_ not found.
[WARNING STA-1648] ./results/nangate45_3D/ariane133/HBT/6_final.spef line 387451, instance i_frontend/i_btb/_24513_ not found.
[WARNING STA-1648] ./results/nangate45_3D/ariane133/HBT/6_final.spef line 387452, instance i_frontend/i_btb/_23289_ not found.
[WARNING STA-1648] ./results/nangate45_3D/ariane133/HBT/6_final.spef line 387453, instance i_frontend/i_btb/_23614_ not found.
[WARNING STA-1648] ./results/nangate45_3D/ariane133/HBT/6_final.spef line 387454, instance i_frontend/i_btb/_22444_ not found.
[WARNING STA-1648] ./results/nangate45_3D/ariane133/HBT/6_final.spef line 387455, instance i_frontend/i_btb/_23874_ not found.
[WARNING STA-1648] ./results/nangate45_3D/ariane133/HBT/6_final.spef line 387456, instance i_frontend/i_btb/_24524_ not found.
[WARNING STA-1648] ./results/nangate45_3D/ariane133/HBT/6_final.spef line 387457, instance i_frontend/i_btb/_24199_ not found.
[WARNING STA-1648] ./results/nangate45_3D/ariane133/HBT/6_final.spef line 387458, instance i_frontend/i_btb/_25099_ not found.
[WARNING STA-1648] ./results/nangate45_3D/ariane133/HBT/6_final.spef line 387459, instance i_frontend/i_btb/_23864_ not found.
[WARNING STA-1648] ./results/nangate45_3D/ariane133/HBT/6_final.spef line 387460, instance i_frontend/i_btb/_24534_ not found.
[WARNING STA-1648] ./results/nangate45_3D/ariane133/HBT/6_final.spef line 387461, instance i_frontend/i_btb/_24079_ not found.
[WARNING STA-1648] ./results/nangate45_3D/ariane133/HBT/6_final.spef line 387462, instance i_frontend/i_btb/_23884_ not found.
[WARNING STA-1648] ./results/nangate45_3D/ariane133/HBT/6_final.spef line 387463, instance i_frontend/i_btb/_24059_ not found.
[WARNING STA-1648] ./results/nangate45_3D/ariane133/HBT/6_final.spef line 387464, instance i_frontend/i_btb/_23994_ not found.
[WARNING STA-1648] ./results/nangate45_3D/ariane133/HBT/6_final.spef line 387465, instance i_frontend/i_btb/_24069_ not found.
[WARNING STA-1648] ./results/nangate45_3D/ariane133/HBT/6_final.spef line 387466, instance i_frontend/i_btb/_23603_ not found.
[WARNING STA-1648] ./results/nangate45_3D/ariane133/HBT/6_final.spef line 387467, instance i_frontend/i_btb/_24903_ not found.
[WARNING STA-1648] ./results/nangate45_3D/ariane133/HBT/6_final.spef line 387468, instance i_frontend/i_btb/_21718_ not found.
[WARNING STA-1648] ./results/nangate45_3D/ariane133/HBT/6_final.spef line 387469, instance i_frontend/i_btb/_21713_ not found.
[WARNING STA-1648] ./results/nangate45_3D/ariane133/HBT/6_final.spef line 387470, instance i_frontend/i_btb/_23273_ not found.
[WARNING STA-1648] ./results/nangate45_3D/ariane133/HBT/6_final.spef line 387471, instance i_frontend/i_btb/_22623_ not found.
[WARNING STA-1648] ./results/nangate45_3D/ariane133/HBT/6_final.spef line 387472, instance i_frontend/i_btb/_23270_ not found.
[WARNING STA-1648] ./results/nangate45_3D/ariane133/HBT/6_final.spef line 387473, instance i_frontend/i_btb/_22736_ not found.
[WARNING STA-1648] ./results/nangate45_3D/ariane133/HBT/6_final.spef line 387474, instance i_frontend/i_btb/_22690_ not found.
[WARNING STA-1648] ./results/nangate45_3D/ariane133/HBT/6_final.spef line 387475, instance i_frontend/i_btb/_22428_ not found.
[WARNING STA-1648] ./results/nangate45_3D/ariane133/HBT/6_final.spef line 387476, instance i_frontend/i_btb/_24053_ not found.
[WARNING STA-1648] ./results/nangate45_3D/ariane133/HBT/6_final.spef line 387477, instance i_frontend/i_btb/_24965_ not found.
[WARNING STA-1648] ./results/nangate45_3D/ariane133/HBT/6_final.spef line 387478, instance i_frontend/i_btb/_25011_ not found.
[WARNING STA-1648] ./results/nangate45_3D/ariane133/HBT/6_final.spef line 387479, instance i_frontend/i_btb/_23386_ not found.
[WARNING STA-1648] ./results/nangate45_3D/ariane133/HBT/6_final.spef line 387480, instance i_frontend/i_btb/_22606_ not found.
[WARNING STA-1648] ./results/nangate45_3D/ariane133/HBT/6_final.spef line 387481, instance i_frontend/i_btb/_22620_ not found.
[WARNING STA-1648] ./results/nangate45_3D/ariane133/HBT/6_final.spef line 387482, instance i_frontend/i_btb/_24101_ not found.
[WARNING STA-1648] ./results/nangate45_3D/ariane133/HBT/6_final.spef line 387483, instance i_frontend/i_btb/_24898_ not found.
[WARNING STA-1648] ./results/nangate45_3D/ariane133/HBT/6_final.spef line 387484, instance i_frontend/i_btb/_22676_ not found.
[WARNING STA-1648] ./results/nangate45_3D/ariane133/HBT/6_final.spef line 387485, instance i_frontend/i_btb/_22953_ not found.
[WARNING STA-1648] ./results/nangate45_3D/ariane133/HBT/6_final.spef line 387486, instance i_frontend/i_btb/_23326_ not found.
[WARNING STA-1648] ./results/nangate45_3D/ariane133/HBT/6_final.spef line 387487, instance i_frontend/i_btb/_24443_ not found.
[WARNING STA-1648] ./results/nangate45_3D/ariane133/HBT/6_final.spef line 387488, instance i_frontend/i_btb/_23663_ not found.
[WARNING STA-1648] ./results/nangate45_3D/ariane133/HBT/6_final.spef line 387489, instance i_frontend/i_btb/_23018_ not found.
[WARNING STA-1648] ./results/nangate45_3D/ariane133/HBT/6_final.spef line 387490, instance i_frontend/i_btb/_24838_ not found.
[WARNING STA-1648] ./results/nangate45_3D/ariane133/HBT/6_final.spef line 387491, instance i_frontend/i_btb/_22888_ not found.
[WARNING STA-1648] ./results/nangate45_3D/ariane133/HBT/6_final.spef line 387492, instance i_frontend/i_btb/_22693_ not found.
[WARNING STA-1648] ./results/nangate45_3D/ariane133/HBT/6_final.spef line 387493, instance i_frontend/i_btb/_25228_ not found.
[WARNING STA-1648] ./results/nangate45_3D/ariane133/HBT/6_final.spef line 387494, instance i_frontend/i_btb/_24166_ not found.
[WARNING STA-1648] ./results/nangate45_3D/ariane133/HBT/6_final.spef line 387495, instance i_frontend/i_btb/_23651_ not found.
[WARNING STA-1648] ./results/nangate45_3D/ariane133/HBT/6_final.spef line 387496, instance i_frontend/i_btb/_24951_ not found.
[WARNING STA-1648] ./results/nangate45_3D/ariane133/HBT/6_final.spef line 387497, instance i_frontend/i_btb/_21761_ not found.
[WARNING STA-1648] ./results/nangate45_3D/ariane133/HBT/6_final.spef line 387498, instance i_frontend/i_btb/_22671_ not found.
[WARNING STA-1648] ./results/nangate45_3D/ariane133/HBT/6_final.spef line 387499, instance i_frontend/i_btb/_21715_ not found.
[WARNING STA-1648] ./results/nangate45_3D/ariane133/HBT/6_final.spef line 387500, instance i_frontend/i_btb/_22625_ not found.
[WARNING STA-1648] ./results/nangate45_3D/ariane133/HBT/6_final.spef line 387501, instance i_frontend/i_btb/_22936_ not found.
[WARNING STA-1648] ./results/nangate45_3D/ariane133/HBT/6_final.spef line 387502, instance i_frontend/i_btb/_22303_ not found.
[WARNING STA-1648] ./results/nangate45_3D/ariane133/HBT/6_final.spef line 387503, instance i_frontend/i_btb/_22628_ not found.
[WARNING STA-1648] ./results/nangate45_3D/ariane133/HBT/6_final.spef line 387504, instance i_frontend/i_btb/_25358_ not found.
[WARNING STA-1648] ./results/nangate45_3D/ariane133/HBT/6_final.spef line 387505, instance i_frontend/i_btb/_25423_ not found.
[WARNING STA-1648] ./results/nangate45_3D/ariane133/HBT/6_final.spef line 387506, instance i_frontend/i_btb/_22411_ not found.
[WARNING STA-1648] ./results/nangate45_3D/ariane133/HBT/6_final.spef line 387507, instance i_frontend/i_btb/_22931_ not found.
[WARNING STA-1648] ./results/nangate45_3D/ariane133/HBT/6_final.spef line 387508, instance i_frontend/i_btb/_23131_ not found.
[WARNING STA-1648] ./results/nangate45_3D/ariane133/HBT/6_final.spef line 387509, instance i_frontend/i_btb/_25466_ not found.
[WARNING STA-1648] ./results/nangate45_3D/ariane133/HBT/6_final.spef line 387510, instance i_frontend/i_btb/_24626_ not found.
[WARNING STA-1648] ./results/nangate45_3D/ariane133/HBT/6_final.spef line 387511, instance i_frontend/i_btb/_24561_ not found.
[WARNING STA-1648] ./results/nangate45_3D/ariane133/HBT/6_final.spef line 387512, instance i_frontend/i_btb/_25406_ not found.
[WARNING STA-1648] ./results/nangate45_3D/ariane133/HBT/6_final.spef line 387513, instance i_frontend/i_btb/_25748_ not found.
[WARNING STA-1648] ./results/nangate45_3D/ariane133/HBT/6_final.spef line 387514, instance i_frontend/i_btb/_24301_ not found.
[WARNING STA-1648] ./results/nangate45_3D/ariane133/HBT/6_final.spef line 387515, instance i_frontend/i_btb/_23781_ not found.
[WARNING STA-1648] ./results/nangate45_3D/ariane133/HBT/6_final.spef line 387516, instance i_frontend/i_btb/_23521_ not found.
[WARNING STA-1648] ./results/nangate45_3D/ariane133/HBT/6_final.spef line 387517, instance i_frontend/i_btb/_22171_ not found.
[WARNING STA-1648] ./results/nangate45_3D/ariane133/HBT/6_final.spef line 387518, instance i_frontend/i_btb/_25081_ not found.
[WARNING STA-1648] ./results/nangate45_3D/ariane133/HBT/6_final.spef line 387519, instance i_frontend/i_btb/_21701_ not found.
[WARNING STA-1648] ./results/nangate45_3D/ariane133/HBT/6_final.spef line 387520, instance i_frontend/i_btb/_24756_ not found.
[WARNING STA-1648] ./results/nangate45_3D/ariane133/HBT/6_final.spef line 387521, instance i_frontend/i_btb/_24691_ not found.
[WARNING STA-1648] ./results/nangate45_3D/ariane133/HBT/6_final.spef line 387522, instance i_frontend/i_btb/_25681_ not found.
[WARNING STA-1648] ./results/nangate45_3D/ariane133/HBT/6_final.spef line 387523, instance i_frontend/i_btb/_24171_ not found.
[WARNING STA-1648] ./results/nangate45_3D/ariane133/HBT/6_final.spef line 387524, instance i_frontend/i_btb/_23976_ not found.
[WARNING STA-1648] ./results/nangate45_3D/ariane133/HBT/6_final.spef line 387525, instance i_frontend/i_btb/_25486_ not found.
[WARNING STA-1648] ./results/nangate45_3D/ariane133/HBT/6_final.spef line 387526, instance i_frontend/i_btb/_24511_ not found.
[WARNING STA-1648] ./results/nangate45_3D/ariane133/HBT/6_final.spef line 387527, instance i_frontend/i_btb/_22041_ not found.
[WARNING STA-1648] ./results/nangate45_3D/ariane133/HBT/6_final.spef line 387528, instance i_frontend/i_btb/_22496_ not found.
[WARNING STA-1648] ./results/nangate45_3D/ariane133/HBT/6_final.spef line 387529, instance i_frontend/i_btb/_23846_ not found.
[WARNING STA-1648] ./results/nangate45_3D/ariane133/HBT/6_final.spef line 387530, instance i_frontend/i_btb/_23146_ not found.
[WARNING STA-1648] ./results/nangate45_3D/ariane133/HBT/6_final.spef line 387531, instance i_frontend/i_btb/_25731_ not found.
[WARNING STA-1648] ./results/nangate45_3D/ariane133/HBT/6_final.spef line 387532, instance i_frontend/i_btb/_22286_ not found.
[WARNING STA-1648] ./results/nangate45_3D/ariane133/HBT/6_final.spef line 387533, instance i_frontend/i_btb/_24821_ not found.
[WARNING STA-1648] ./results/nangate45_3D/ariane133/HBT/6_final.spef line 387534, instance i_frontend/i_btb/_24041_ not found.
[WARNING STA-1648] ./results/nangate45_3D/ariane133/HBT/6_final.spef line 387535, instance i_frontend/i_btb/_25420_ not found.
[WARNING STA-1648] ./results/nangate45_3D/ariane133/HBT/6_final.spef line 387536, instance i_frontend/i_btb/_25536_ not found.
[WARNING STA-1648] ./results/nangate45_3D/ariane133/HBT/6_final.spef line 387537, instance i_frontend/i_btb/_25601_ not found.
[WARNING STA-1648] ./results/nangate45_3D/ariane133/HBT/6_final.spef line 387538, instance i_frontend/i_btb/_23907_ not found.
[WARNING STA-1648] ./results/nangate45_3D/ariane133/HBT/6_final.spef line 387539, instance i_frontend/i_btb/_24816_ not found.
[WARNING STA-1648] ./results/nangate45_3D/ariane133/HBT/6_final.spef line 387540, instance i_frontend/i_btb/_21826_ not found.
[WARNING STA-1648] ./results/nangate45_3D/ariane133/HBT/6_final.spef line 387541, instance i_frontend/i_btb/_21891_ not found.
[WARNING STA-1648] ./results/nangate45_3D/ariane133/HBT/6_final.spef line 387542, instance i_frontend/i_btb/_25596_ not found.
[WARNING STA-1648] ./results/nangate45_3D/ariane133/HBT/6_final.spef line 387543, instance i_frontend/i_btb/_24686_ not found.
[WARNING STA-1648] ./results/nangate45_3D/ariane133/HBT/6_final.spef line 387544, instance i_frontend/i_btb/_23906_ not found.
[WARNING STA-1648] ./results/nangate45_3D/ariane133/HBT/6_final.spef line 387545, instance i_frontend/i_btb/_25141_ not found.
[WARNING STA-1648] ./results/nangate45_3D/ariane133/HBT/6_final.spef line 387546, instance i_frontend/i_btb/_23451_ not found.
[WARNING STA-1648] ./results/nangate45_3D/ariane133/HBT/6_final.spef line 387547, instance i_frontend/i_btb/_21845_ not found.
[WARNING STA-1648] ./results/nangate45_3D/ariane133/HBT/6_final.spef line 387548, instance i_frontend/i_btb/_22086_ not found.
[WARNING STA-1648] ./results/nangate45_3D/ariane133/HBT/6_final.spef line 387549, instance i_frontend/i_btb/_25661_ not found.
[WARNING STA-1648] message limit (1000) reached. This message will no longer print.

==========================================================================
finish report_tns
--------------------------------------------------------------------------
tns 0.00

==========================================================================
finish report_wns
--------------------------------------------------------------------------
wns 0.00

==========================================================================
finish report_worst_slack
--------------------------------------------------------------------------
worst slack 0.60

==========================================================================
finish report_check_types -max_slew -max_cap -max_fanout -violators
--------------------------------------------------------------------------
max slew

Pin                                    Limit    Slew   Slack
------------------------------------------------------------
output240/Z                             0.20    0.23   -0.04 (VIOLATED)
output242/Z                             0.20    0.23   -0.03 (VIOLATED)
output253/Z                             0.20    0.22   -0.02 (VIOLATED)
output326/Z                             0.20    0.22   -0.02 (VIOLATED)
output246/Z                             0.20    0.22   -0.02 (VIOLATED)
output428/Z                             0.20    0.22   -0.02 (VIOLATED)
output360/Z                             0.20    0.21   -0.01 (VIOLATED)
output341/Z                             0.20    0.21   -0.01 (VIOLATED)
output275/Z                             0.20    0.21   -0.01 (VIOLATED)
output312/Z                             0.20    0.21   -0.01 (VIOLATED)
output273/Z                             0.20    0.21   -0.01 (VIOLATED)
output419/Z                             0.20    0.21   -0.01 (VIOLATED)
output244/Z                             0.20    0.21   -0.01 (VIOLATED)
output405/Z                             0.20    0.21   -0.01 (VIOLATED)
output230/Z                             0.20    0.21   -0.01 (VIOLATED)
output256/Z                             0.20    0.20   -0.01 (VIOLATED)
output238/Z                             0.20    0.20   -0.01 (VIOLATED)
output408/Z                             0.20    0.20   -0.01 (VIOLATED)
output272/Z                             0.20    0.20   -0.00 (VIOLATED)
output417/Z                             0.20    0.20   -0.00 (VIOLATED)
output237/Z                             0.20    0.20   -0.00 (VIOLATED)
output395/Z                             0.20    0.20   -0.00 (VIOLATED)
output243/Z                             0.20    0.20   -0.00 (VIOLATED)
output396/Z                             0.20    0.20   -0.00 (VIOLATED)
output311/Z                             0.20    0.20   -0.00 (VIOLATED)

max capacitance

Pin                                    Limit     Cap   Slack
------------------------------------------------------------
HBT_TOPIN_180657/BOT                  121.15  295.08 -173.92 (VIOLATED)
HBT_BOTIN_180812/TOP                  121.15  260.34 -139.18 (VIOLATED)
HBT_TOPIN_180854/BOT                  121.15  253.54 -132.38 (VIOLATED)
HBT_TOPIN_180856/BOT                  121.15  245.02 -123.86 (VIOLATED)
HBT_TOPIN_180847/BOT                  121.15  240.72 -119.56 (VIOLATED)
HBT_TOPIN_180647/BOT                  121.15  240.29 -119.13 (VIOLATED)
HBT_TOPIN_13562/BOT                   121.15  237.55 -116.39 (VIOLATED)
HBT_TOPIN_180664/BOT                  121.15  237.04 -115.89 (VIOLATED)
HBT_BOTIN_180789/TOP                  121.15  236.57 -115.42 (VIOLATED)
HBT_TOPIN_180723/BOT                  121.15  232.96 -111.80 (VIOLATED)
HBT_TOPIN_180703/BOT                  121.15  231.71 -110.55 (VIOLATED)
HBT_BOTIN_180795/TOP                  121.15  231.31 -110.16 (VIOLATED)
HBT_BOTIN_180823/TOP                  121.15  231.23 -110.08 (VIOLATED)
HBT_TOPIN_180748/BOT                  121.15  225.14 -103.99 (VIOLATED)
HBT_TOPIN_180851/BOT                  121.15  224.85 -103.69 (VIOLATED)
HBT_BOTIN_180833/TOP                  121.15  224.12 -102.97 (VIOLATED)
HBT_BOTIN_180835/TOP                  121.15  211.67  -90.52 (VIOLATED)
HBT_BOTIN_180821/TOP                  121.15  211.64  -90.49 (VIOLATED)
HBT_BOTIN_180814/TOP                  121.15  209.87  -88.71 (VIOLATED)
HBT_BOTIN_180830/TOP                  121.15  209.87  -88.71 (VIOLATED)
HBT_TOPIN_180728/BOT                  121.15  209.05  -87.89 (VIOLATED)
HBT_TOPIN_180707/BOT                  121.15  208.40  -87.24 (VIOLATED)
HBT_BOTIN_180806/TOP                  121.15  208.09  -86.93 (VIOLATED)
HBT_TOPIN_180715/BOT                  121.15  206.34  -85.18 (VIOLATED)
HBT_BOTIN_180826/TOP                  121.15  206.31  -85.15 (VIOLATED)
HBT_BOTIN_180834/TOP                  121.15  206.31  -85.15 (VIOLATED)
HBT_TOPIN_180699/BOT                  121.15  205.25  -84.10 (VIOLATED)
HBT_BOTIN_180819/TOP                  121.15  205.23  -84.07 (VIOLATED)
HBT_BOTIN_180815/TOP                  121.15  204.53  -83.38 (VIOLATED)
HBT_TOPIN_180680/BOT                  121.15  204.10  -82.94 (VIOLATED)
HBT_TOPIN_180784/BOT                  121.15  201.92  -80.77 (VIOLATED)
HBT_TOPIN_178129/BOT                  121.15  201.89  -80.73 (VIOLATED)
HBT_TOPIN_180775/BOT                  121.15  201.65  -80.49 (VIOLATED)
HBT_BOTIN_180762/TOP                  121.15  201.44  -80.28 (VIOLATED)
HBT_TOPIN_180777/BOT                  121.15  201.30  -80.14 (VIOLATED)
HBT_TOPIN_180677/BOT                  121.15  200.90  -79.74 (VIOLATED)
HBT_TOPIN_175928/BOT                  121.15  200.21  -79.05 (VIOLATED)
HBT_TOPIN_180765/BOT                  121.15  199.95  -78.79 (VIOLATED)
HBT_BOTIN_180808/TOP                  121.15  199.22  -78.07 (VIOLATED)
HBT_BOTIN_180813/TOP                  121.15  199.19  -78.04 (VIOLATED)
HBT_BOTIN_180825/TOP                  121.15  199.19  -78.04 (VIOLATED)
HBT_BOTIN_180668/TOP                  121.15  197.46  -76.30 (VIOLATED)
HBT_BOTIN_180829/TOP                  121.15  197.42  -76.26 (VIOLATED)
HBT_BOTIN_180828/TOP                  121.15  195.64  -74.48 (VIOLATED)
HBT_TOPIN_180848/BOT                  121.15  194.98  -73.83 (VIOLATED)
HBT_BOTIN_180822/TOP                  121.15  193.86  -72.70 (VIOLATED)
HBT_TOPIN_179504/BOT                  121.15  188.58  -67.43 (VIOLATED)
HBT_BOTIN_180809/TOP                  121.15  188.52  -67.37 (VIOLATED)
HBT_BOTIN_180832/TOP                  121.15  188.52  -67.37 (VIOLATED)
HBT_TOPIN_73942/BOT                   121.15  188.48  -67.32 (VIOLATED)
HBT_TOPIN_178639/BOT                  121.15  186.20  -65.05 (VIOLATED)
HBT_TOPIN_175848/BOT                  121.15  186.09  -64.93 (VIOLATED)
HBT_TOPIN_179273/BOT                  121.15  185.48  -64.32 (VIOLATED)
HBT_TOPIN_180778/BOT                  121.15  181.50  -60.34 (VIOLATED)
HBT_BOTIN_180790/TOP                  121.15  181.41  -60.25 (VIOLATED)
output253/Z                            60.65  119.22  -58.56 (VIOLATED)
HBT_BOTIN_68910/TOP                   121.15  179.58  -58.43 (VIOLATED)
HBT_BOTIN_180673/TOP                  121.15  179.23  -58.07 (VIOLATED)
output240/Z                            60.65  117.45  -56.80 (VIOLATED)
output428/Z                            60.65  117.32  -56.67 (VIOLATED)
output246/Z                            60.65  116.29  -55.63 (VIOLATED)
output242/Z                            60.65  116.20  -55.54 (VIOLATED)
output341/Z                            60.65  115.53  -54.87 (VIOLATED)
HBT_TOPIN_180954/BOT                  121.15  174.60  -53.45 (VIOLATED)
output326/Z                            60.65  113.98  -53.32 (VIOLATED)
HBT_TOPIN_178906/BOT                  121.15  171.94  -50.79 (VIOLATED)
HBT_TOPIN_178908/BOT                  121.15  171.88  -50.73 (VIOLATED)
output417/Z                            60.65  110.36  -49.71 (VIOLATED)
HBT_TOPIN_180623/BOT                  121.15  170.74  -49.58 (VIOLATED)
output408/Z                            60.65  109.88  -49.22 (VIOLATED)
output312/Z                            60.65  109.17  -48.51 (VIOLATED)
HBT_TOPIN_181705/BOT                  121.15  168.74  -47.59 (VIOLATED)
output405/Z                            60.65  107.46  -46.81 (VIOLATED)
HBT_TOPIN_180691/BOT                  121.15  167.88  -46.72 (VIOLATED)
output273/Z                            60.65  107.30  -46.64 (VIOLATED)
output396/Z                            60.65  106.84  -46.18 (VIOLATED)
output238/Z                            60.65  106.37  -45.71 (VIOLATED)
output272/Z                            60.65  106.33  -45.68 (VIOLATED)
output419/Z                            60.65  105.84  -45.19 (VIOLATED)
output360/Z                            60.65  105.83  -45.18 (VIOLATED)
output244/Z                            60.65  105.65  -45.00 (VIOLATED)
output256/Z                            60.65  105.48  -44.82 (VIOLATED)
output311/Z                            60.65  105.32  -44.66 (VIOLATED)
output237/Z                            60.65  105.24  -44.58 (VIOLATED)
HBT_TOPIN_180737/BOT                  121.15  165.33  -44.17 (VIOLATED)
HBT_BOTIN_180824/TOP                  121.15  163.62  -42.47 (VIOLATED)
HBT_TOPIN_180800/BOT                  121.15  163.35  -42.20 (VIOLATED)
output243/Z                            60.65  102.61  -41.96 (VIOLATED)
output395/Z                            60.65  102.41  -41.75 (VIOLATED)
output288/Z                            60.65  102.01  -41.36 (VIOLATED)
HBT_TOPIN_180779/BOT                  121.15  162.25  -41.09 (VIOLATED)
HBT_TOPIN_180665/BOT                  121.15  162.08  -40.93 (VIOLATED)
output421/Z                            60.65  101.27  -40.62 (VIOLATED)
output275/Z                            60.65  101.04  -40.38 (VIOLATED)
HBT_TOPIN_177958/BOT                  121.15  161.07  -39.92 (VIOLATED)
output427/Z                            60.65  100.28  -39.63 (VIOLATED)
output304/Z                            60.65  100.23  -39.57 (VIOLATED)
output230/Z                            60.65   99.88  -39.22 (VIOLATED)
output345/Z                            60.65   99.44  -38.78 (VIOLATED)
HBT_TOPIN_180724/BOT                  121.15  159.18  -38.02 (VIOLATED)
output290/Z                            60.65   97.96  -37.30 (VIOLATED)
HBT_TOPIN_179503/BOT                  121.15  158.18  -37.02 (VIOLATED)
output217/Z                            60.65   97.33  -36.68 (VIOLATED)
output406/Z                            60.65   96.96  -36.30 (VIOLATED)
output410/Z                            60.65   96.87  -36.21 (VIOLATED)
output220/Z                            60.65   96.86  -36.21 (VIOLATED)
output213/Z                            60.65   96.18  -35.53 (VIOLATED)
output337/Z                            60.65   95.83  -35.18 (VIOLATED)
output404/Z                            60.65   94.61  -33.95 (VIOLATED)
output401/Z                            60.65   94.40  -33.74 (VIOLATED)
HBT_TOPIN_180725/BOT                  121.15  154.61  -33.46 (VIOLATED)
output224/Z                            60.65   93.41  -32.75 (VIOLATED)
HBT_TOPIN_180674/BOT                  121.15  153.53  -32.37 (VIOLATED)
HBT_BOTIN_180684/TOP                  121.15  153.43  -32.27 (VIOLATED)
HBT_TOPIN_73944/BOT                   121.15  153.08  -31.92 (VIOLATED)
output268/Z                            60.65   92.56  -31.91 (VIOLATED)
output368/Z                            60.65   92.19  -31.53 (VIOLATED)
output225/Z                            60.65   91.55  -30.90 (VIOLATED)
HBT_BOTIN_180654/TOP                  121.15  151.20  -30.05 (VIOLATED)
output295/Z                            60.65   90.60  -29.94 (VIOLATED)
output239/Z                            60.65   90.49  -29.83 (VIOLATED)
output353/Z                            60.65   90.31  -29.66 (VIOLATED)
output430/Z                            60.65   89.61  -28.96 (VIOLATED)
output402/Z                            60.65   89.60  -28.95 (VIOLATED)
output350/Z                            60.65   88.14  -27.49 (VIOLATED)
HBT_TOPIN_180751/BOT                  121.15  148.63  -27.47 (VIOLATED)
HBT_BOTIN_180761/TOP                  121.15  148.53  -27.38 (VIOLATED)
output277/Z                            60.65   87.81  -27.16 (VIOLATED)
output389/Z                            60.65   87.66  -27.00 (VIOLATED)
HBT_TOPIN_179212/BOT                  121.15  147.51  -26.36 (VIOLATED)
HBT_TOPIN_182459/BOT                  121.15  147.36  -26.21 (VIOLATED)
output227/Z                            60.65   86.80  -26.15 (VIOLATED)
output226/Z                            60.65   86.25  -25.60 (VIOLATED)
output355/Z                            60.65   85.85  -25.20 (VIOLATED)
output294/Z                            60.65   85.80  -25.15 (VIOLATED)
output366/Z                            60.65   85.40  -24.74 (VIOLATED)
output325/Z                            60.65   84.78  -24.13 (VIOLATED)
output386/Z                            60.65   84.78  -24.13 (VIOLATED)
output296/Z                            60.65   84.36  -23.70 (VIOLATED)
output232/Z                            60.65   84.10  -23.45 (VIOLATED)
output376/Z                            60.65   83.94  -23.29 (VIOLATED)
output359/Z                            60.65   83.41  -22.76 (VIOLATED)
output319/Z                            60.65   83.39  -22.73 (VIOLATED)
output373/Z                            60.65   82.53  -21.88 (VIOLATED)
output223/Z                            60.65   82.06  -21.40 (VIOLATED)
output403/Z                            60.65   81.76  -21.10 (VIOLATED)
output371/Z                            60.65   81.27  -20.62 (VIOLATED)
HBT_BOTIN_68175/TOP                   121.15  141.38  -20.22 (VIOLATED)
output254/Z                            60.65   80.84  -20.18 (VIOLATED)
output382/Z                            60.65   80.61  -19.96 (VIOLATED)
HBT_BOTIN_180797/TOP                  121.15  140.50  -19.35 (VIOLATED)
output222/Z                            60.65   79.57  -18.92 (VIOLATED)
output248/Z                            60.65   79.51  -18.86 (VIOLATED)
HBT_TOPIN_181660/BOT                  121.15  139.82  -18.67 (VIOLATED)
HBT_BOTIN_180773/TOP                  121.15  139.20  -18.04 (VIOLATED)
output280/Z                            60.65   78.49  -17.83 (VIOLATED)
output387/Z                            60.65   78.48  -17.82 (VIOLATED)
HBT_TOPIN_179215/BOT                  121.15  138.94  -17.79 (VIOLATED)
output271/Z                            60.65   78.39  -17.73 (VIOLATED)
output292/Z                            60.65   78.34  -17.68 (VIOLATED)
output369/Z                            60.65   78.33  -17.68 (VIOLATED)
output424/Z                            60.65   77.99  -17.34 (VIOLATED)
HBT_TOPIN_180744/BOT                  121.15  137.95  -16.80 (VIOLATED)
output300/Z                            60.65   77.16  -16.50 (VIOLATED)
output316/Z                            60.65   77.06  -16.41 (VIOLATED)
output383/Z                            60.65   76.91  -16.26 (VIOLATED)
output303/Z                            60.65   76.80  -16.15 (VIOLATED)
output380/Z                            60.65   76.51  -15.86 (VIOLATED)
output276/Z                            60.65   76.42  -15.76 (VIOLATED)
output291/Z                            60.65   76.37  -15.72 (VIOLATED)
output283/Z                            60.65   76.29  -15.64 (VIOLATED)
output411/Z                            60.65   76.28  -15.62 (VIOLATED)
output384/Z                            60.65   76.13  -15.48 (VIOLATED)
output266/Z                            60.65   75.98  -15.32 (VIOLATED)
output398/Z                            60.65   75.50  -14.85 (VIOLATED)
output329/Z                            60.65   75.50  -14.84 (VIOLATED)
output415/Z                            60.65   75.48  -14.82 (VIOLATED)
output234/Z                            60.65   74.90  -14.25 (VIOLATED)
output328/Z                            60.65   74.15  -13.50 (VIOLATED)
output425/Z                            60.65   74.06  -13.40 (VIOLATED)
output422/Z                            60.65   73.97  -13.32 (VIOLATED)
output339/Z                            60.65   73.80  -13.14 (VIOLATED)
HBT_BOTIN_6237/TOP                    121.15  134.13  -12.97 (VIOLATED)
HBT_TOPIN_178885/BOT                  121.15  133.99  -12.84 (VIOLATED)
output432/Z                            60.65   73.41  -12.76 (VIOLATED)
output333/Z                            60.65   73.32  -12.66 (VIOLATED)
output391/Z                            60.65   73.29  -12.64 (VIOLATED)
output302/Z                            60.65   73.26  -12.61 (VIOLATED)
output265/Z                            60.65   73.14  -12.49 (VIOLATED)
output433/Z                            60.65   73.08  -12.43 (VIOLATED)
output399/Z                            60.65   72.75  -12.10 (VIOLATED)
output363/Z                            60.65   72.11  -11.46 (VIOLATED)
HBT_BOTIN_62578/TOP                   121.15  132.55  -11.40 (VIOLATED)
output375/Z                            60.65   71.94  -11.29 (VIOLATED)
output388/Z                            60.65   71.54  -10.89 (VIOLATED)
output233/Z                            60.65   71.17  -10.51 (VIOLATED)
HBT_TOPIN_180801/BOT                  121.15  131.31  -10.16 (VIOLATED)
output378/Z                            60.65   70.10   -9.44 (VIOLATED)
HBT_TOPIN_180658/BOT                  121.15  130.45   -9.30 (VIOLATED)
HBT_TOPIN_178602/BOT                  121.15  130.24   -9.08 (VIOLATED)
output356/Z                            60.65   69.65   -8.99 (VIOLATED)
output409/Z                            60.65   69.53   -8.88 (VIOLATED)
output323/Z                            60.65   69.41   -8.76 (VIOLATED)
output264/Z                            60.65   69.21   -8.55 (VIOLATED)
output331/Z                            60.65   69.18   -8.53 (VIOLATED)
output298/Z                            60.65   68.87   -8.21 (VIOLATED)
output241/Z                            60.65   68.78   -8.12 (VIOLATED)
output393/Z                            60.65   68.76   -8.11 (VIOLATED)
HBT_BOTIN_180628/TOP                  121.15  129.08   -7.92 (VIOLATED)
output306/Z                            60.65   68.57   -7.92 (VIOLATED)
output436/Z                            60.65   68.44   -7.79 (VIOLATED)
output414/Z                            60.65   68.24   -7.58 (VIOLATED)
output367/Z                            60.65   67.92   -7.27 (VIOLATED)
output263/Z                            60.65   67.89   -7.24 (VIOLATED)
output394/Z                            60.65   67.84   -7.19 (VIOLATED)
HBT_TOPIN_178886/BOT                  121.15  128.13   -6.98 (VIOLATED)
output347/Z                            60.65   67.62   -6.97 (VIOLATED)
output361/Z                            60.65   67.50   -6.84 (VIOLATED)
output431/Z                            60.65   67.37   -6.72 (VIOLATED)
output287/Z                            60.65   67.32   -6.67 (VIOLATED)
output308/Z                            60.65   67.27   -6.61 (VIOLATED)
output334/Z                            60.65   67.25   -6.59 (VIOLATED)
output284/Z                            60.65   67.12   -6.46 (VIOLATED)
output214/Z                            60.65   66.67   -6.02 (VIOLATED)
output285/Z                            60.65   66.65   -6.00 (VIOLATED)
output377/Z                            60.65   66.62   -5.97 (VIOLATED)
output407/Z                            60.65   66.31   -5.66 (VIOLATED)
output289/Z                            60.65   66.24   -5.59 (VIOLATED)
HBT_TOPIN_178867/BOT                  121.15  126.35   -5.19 (VIOLATED)
output251/Z                            60.65   65.70   -5.05 (VIOLATED)
output274/Z                            60.65   65.68   -5.02 (VIOLATED)
output281/Z                            60.65   65.66   -5.00 (VIOLATED)
output343/Z                            60.65   65.63   -4.97 (VIOLATED)
output357/Z                            60.65   65.32   -4.67 (VIOLATED)
output397/Z                            60.65   65.18   -4.53 (VIOLATED)
output267/Z                            60.65   65.16   -4.51 (VIOLATED)
output279/Z                            60.65   64.97   -4.32 (VIOLATED)
output317/Z                            60.65   64.79   -4.13 (VIOLATED)
output352/Z                            60.65   64.72   -4.07 (VIOLATED)
output420/Z                            60.65   64.54   -3.88 (VIOLATED)
output412/Z                            60.65   64.49   -3.83 (VIOLATED)
output324/Z                            60.65   64.15   -3.49 (VIOLATED)
HBT_TOPIN_180688/BOT                  121.15  124.55   -3.39 (VIOLATED)
output231/Z                            60.65   64.04   -3.38 (VIOLATED)
HBT_TOPIN_180719/BOT                  121.15  124.11   -2.96 (VIOLATED)
HBT_TOPIN_177615/BOT                  121.15  123.93   -2.78 (VIOLATED)
output351/Z                            60.65   63.32   -2.66 (VIOLATED)
output321/Z                            60.65   63.11   -2.46 (VIOLATED)
output426/Z                            60.65   62.82   -2.16 (VIOLATED)
issue_stage_i/i_issue_read_operands/_3042_/ZN   14.50   16.47   -1.97 (VIOLATED)
output418/Z                            60.65   62.53   -1.88 (VIOLATED)
output259/Z                            60.65   62.46   -1.80 (VIOLATED)
output221/Z                            60.65   62.16   -1.50 (VIOLATED)
output293/Z                            60.65   61.79   -1.14 (VIOLATED)
_2854_/ZN                              28.99   30.09   -1.10 (VIOLATED)
output349/Z                            60.65   61.66   -1.01 (VIOLATED)
_3253_/ZN                              43.87   44.87   -1.00 (VIOLATED)
output348/Z                            60.65   61.35   -0.69 (VIOLATED)
output390/Z                            60.65   61.07   -0.42 (VIOLATED)
output370/Z                            60.65   60.99   -0.33 (VIOLATED)
output372/Z                            60.65   60.97   -0.32 (VIOLATED)


==========================================================================
finish max_slew_check_slack
--------------------------------------------------------------------------
-0.03537675738334656

==========================================================================
finish max_slew_check_limit
--------------------------------------------------------------------------
0.1985349953174591

==========================================================================
finish max_slew_check_slack_limit
--------------------------------------------------------------------------
-0.1782

==========================================================================
finish max_fanout_check_slack
--------------------------------------------------------------------------
1.0000000150474662e+30

==========================================================================
finish max_fanout_check_limit
--------------------------------------------------------------------------
1.0000000150474662e+30

==========================================================================
finish max_capacitance_check_slack
--------------------------------------------------------------------------
-173.92422485351562

==========================================================================
finish max_capacitance_check_limit
--------------------------------------------------------------------------
121.15499877929688

==========================================================================
finish max_capacitance_check_slack_limit
--------------------------------------------------------------------------
-1.4356

==========================================================================
finish max_slew_violation_count
--------------------------------------------------------------------------
max slew violation count 25

==========================================================================
finish max_fanout_violation_count
--------------------------------------------------------------------------
max fanout violation count 0

==========================================================================
finish max_cap_violation_count
--------------------------------------------------------------------------
max cap violation count 261

==========================================================================
finish setup_violation_count
--------------------------------------------------------------------------
setup violation count 0

==========================================================================
finish hold_violation_count
--------------------------------------------------------------------------
hold violation count 0
+_+_+_+_+_+_+_+_+_+_+_+_+_+_+_+_+-
Startpoint: issue_stage_i/i_scoreboard/_60955_
            (rising edge-triggered flip-flop clocked by core_clock)
Endpoint: ex_stage_i/i_mult/_7890_
          (rising edge-triggered flip-flop clocked by core_clock)
Path Group: core_clock
Path Type: max

  Delay    Time   Description
---------------------------------------------------------
   0.00    0.00   clock core_clock (rise edge)
   0.00    0.00   clock network delay (ideal)
   0.00    0.00 ^ issue_stage_i/i_scoreboard/_60955_/CK (DFFR_X2_bottom)
   0.14    0.14 ^ issue_stage_i/i_scoreboard/_60955_/Q (DFFR_X2_bottom)
   0.11    0.25 ^ issue_stage_i/i_scoreboard/_60948_/CO (HA_X1_bottom)
   0.12    0.36 v issue_stage_i/i_scoreboard/_30364_/ZN (NAND2_X4_bottom)
   0.05    0.42 v max_length4727/Z (BUF_X32_bottom)
   0.02    0.43 ^ issue_stage_i/i_scoreboard/_31411_/ZN (NAND3_X1_bottom)
   0.03    0.46 v issue_stage_i/i_scoreboard/_31412_/ZN (OAI211_X1_bottom)
   0.03    0.49 ^ issue_stage_i/i_scoreboard/_31413_/ZN (AOI21_X1_bottom)
   0.02    0.51 v issue_stage_i/i_scoreboard/_31414_/ZN (AOI21_X1_bottom)
   0.03    0.54 ^ issue_stage_i/i_scoreboard/_31415_/ZN (OAI211_X2_bottom)
   0.03    0.57 v issue_stage_i/i_scoreboard/_31416_/ZN (OAI211_X2_bottom)
   0.03    0.60 ^ issue_stage_i/i_scoreboard/_31418_/ZN (OAI21_X4_bottom)
   0.03    0.63 v _2533_/ZN (INV_X1_bottom)
   0.08    0.71 ^ _2534_/ZN (AOI211_X2_bottom)
   0.04    0.75 v _2536_/ZN (AOI22_X4_bottom)
   0.04    0.79 ^ _2552_/ZN (NOR2_X4_bottom)
   0.04    0.84 v _2555_/ZN (OAI21_X4_bottom)
   0.08    0.92 ^ _3095_/ZN (NOR3_X4_bottom)
   0.04    0.96 v csr_regfile_i/_07697_/ZN (NAND2_X1_bottom)
   0.09    1.04 v csr_regfile_i/_10081_/ZN (OR3_X2_bottom)
   0.07    1.11 ^ csr_regfile_i/_10082_/ZN (OAI33_X1_bottom)
   0.00    1.11 ^ HBT_BOTIN_8636/TOP (HBT_BOTIN)
   0.02    1.13 ^ max_cap2618/Z (BUF_X2_upper)
   0.03    1.16 ^ max_cap2617/Z (BUF_X2_upper)
   0.03    1.19 ^ max_cap2616/Z (BUF_X2_upper)
   0.03    1.22 ^ max_cap2615/Z (BUF_X2_upper)
   0.03    1.25 ^ max_cap2614/Z (BUF_X2_upper)
   0.04    1.29 ^ csr_regfile_i/_12690_/ZN (AND2_X1_upper)
   0.03    1.32 v csr_regfile_i/_12691_/ZN (NAND4_X4_upper)
   0.05    1.37 ^ csr_regfile_i/_12692_/ZN (AOI21_X2_upper)
   0.02    1.39 v csr_regfile_i/_12711_/ZN (OAI21_X4_upper)
   0.00    1.39 v HBT_TOPIN_10366/BOT (HBT_TOPIN)
   0.01    1.40 ^ csr_regfile_i/_12725_/ZN (NAND2_X2_bottom)
   0.02    1.42 v csr_regfile_i/_12726_/ZN (INV_X2_bottom)
   0.02    1.44 ^ _2562_/ZN (INV_X1_bottom)
   0.02    1.46 v _2563_/ZN (NAND2_X2_bottom)
   0.03    1.49 ^ _2567_/ZN (OAI211_X4_bottom)
   0.06    1.55 ^ _2568_/ZN (AND2_X4_bottom)
   0.04    1.60 ^ max_length2044/Z (BUF_X32_bottom)
   0.01    1.61 v csr_regfile_i/_09807_/ZN (INV_X16_bottom)
   0.00    1.61 v HBT_BOTIN_8462/TOP (HBT_BOTIN)
   0.04    1.65 ^ csr_regfile_i/_11402_/ZN (NOR2_X4_upper)
   0.02    1.66 v csr_regfile_i/_11403_/ZN (AOI211_X2_upper)
   0.00    1.66 v HBT_TOPIN_4058/BOT (HBT_TOPIN)
   0.04    1.70 ^ _2570_/ZN (AOI21_X1_bottom)
   0.03    1.73 v _2576_/ZN (NAND2_X1_bottom)
   0.05    1.78 ^ _2577_/ZN (NOR2_X4_bottom)
   0.04    1.82 v _2579_/ZN (NAND2_X4_bottom)
   0.05    1.86 v max_length1022/Z (BUF_X16_bottom)
   0.01    1.87 v HBT_BOTIN_171931/TOP (HBT_BOTIN)
   0.04    1.91 ^ ex_stage_i/i_mult/_5134_/ZN (NOR3_X4_upper)
   0.11    2.02 v ex_stage_i/i_mult/_5135_/ZN (NAND3_X4_upper)
   0.06    2.08 v max_length1020/Z (BUF_X32_upper)
   0.03    2.11 v ex_stage_i/i_mult/_5154_/ZN (AND2_X1_upper)
   0.05    2.16 ^ ex_stage_i/i_mult/_5157_/ZN (AOI21_X1_upper)
   0.06    2.22 ^ ex_stage_i/i_mult/_7590_/CO (HA_X1_upper)
   0.03    2.25 v ex_stage_i/i_mult/_5180_/ZN (OAI211_X4_upper)
   0.08    2.33 ^ ex_stage_i/i_mult/_5214_/ZN (NOR4_X4_upper)
   0.03    2.36 v ex_stage_i/i_mult/_5267_/ZN (NAND4_X4_upper)
   0.09    2.45 v ex_stage_i/i_mult/_5319_/ZN (OR4_X4_upper)
   0.05    2.50 ^ ex_stage_i/i_mult/_5356_/ZN (NOR3_X4_upper)
   0.02    2.52 v ex_stage_i/i_mult/_5397_/ZN (NAND2_X1_upper)
   0.05    2.57 v ex_stage_i/i_mult/_5450_/ZN (OR2_X1_upper)
   0.03    2.60 ^ ex_stage_i/i_mult/_5486_/ZN (NOR2_X1_upper)
   0.04    2.64 ^ ex_stage_i/i_mult/_7645_/CO (HA_X1_upper)
   0.03    2.67 v ex_stage_i/i_mult/_5948_/ZN (OAI211_X1_upper)
   0.02    2.69 ^ ex_stage_i/i_mult/_5951_/ZN (OAI21_X1_upper)
   0.02    2.71 v ex_stage_i/i_mult/_5952_/ZN (OAI21_X1_upper)
   0.07    2.79 ^ ex_stage_i/i_mult/_7647_/S (HA_X1_upper)
   0.04    2.83 v ex_stage_i/i_mult/_5533_/ZN (NAND4_X2_upper)
   0.12    2.95 v ex_stage_i/i_mult/_5534_/ZN (OR4_X2_upper)
   0.08    3.03 ^ ex_stage_i/i_mult/_5611_/ZN (AOI211_X2_upper)
   0.02    3.05 v ex_stage_i/i_mult/_5639_/ZN (OAI21_X2_upper)
   0.05    3.10 ^ ex_stage_i/i_mult/_5684_/ZN (OAI221_X1_upper)
   0.02    3.12 v ex_stage_i/i_mult/_5685_/ZN (OAI21_X1_upper)
   0.02    3.14 ^ ex_stage_i/i_mult/_5686_/ZN (NAND2_X1_upper)
   0.02    3.16 v ex_stage_i/i_mult/_5863_/ZN (AOI21_X2_upper)
   0.04    3.20 ^ ex_stage_i/i_mult/_5883_/ZN (OAI211_X2_upper)
   0.05    3.25 ^ ex_stage_i/i_mult/_7484_/CO (FA_X1_upper)
   0.04    3.29 ^ ex_stage_i/i_mult/_7437_/ZN (XNOR2_X1_upper)
   0.01    3.30 v ex_stage_i/i_mult/_7439_/ZN (XNOR2_X1_upper)
   0.06    3.36 v ex_stage_i/i_mult/_7440_/Z (MUX2_X1_upper)
   0.00    3.36 v ex_stage_i/i_mult/_7890_/D (DFFR_X2_upper)
           3.36   data arrival time

   4.00    4.00   clock core_clock (rise edge)
   0.00    4.00   clock network delay (ideal)
   0.00    4.00   clock reconvergence pessimism
           4.00 ^ ex_stage_i/i_mult/_7890_/CK (DFFR_X2_upper)
  -0.04    3.96   library setup time
           3.96   data required time
---------------------------------------------------------
           3.96   data required time
          -3.36   data arrival time
---------------------------------------------------------
           0.60   slack (MET)


Startpoint: issue_stage_i/i_scoreboard/_60955_
            (rising edge-triggered flip-flop clocked by core_clock)
Endpoint: ex_stage_i/i_mult/_7881_
          (rising edge-triggered flip-flop clocked by core_clock)
Path Group: core_clock
Path Type: max

  Delay    Time   Description
---------------------------------------------------------
   0.00    0.00   clock core_clock (rise edge)
   0.00    0.00   clock network delay (ideal)
   0.00    0.00 ^ issue_stage_i/i_scoreboard/_60955_/CK (DFFR_X2_bottom)
   0.14    0.14 ^ issue_stage_i/i_scoreboard/_60955_/Q (DFFR_X2_bottom)
   0.11    0.25 ^ issue_stage_i/i_scoreboard/_60948_/CO (HA_X1_bottom)
   0.12    0.36 v issue_stage_i/i_scoreboard/_30364_/ZN (NAND2_X4_bottom)
   0.05    0.42 v max_length4727/Z (BUF_X32_bottom)
   0.02    0.43 ^ issue_stage_i/i_scoreboard/_31411_/ZN (NAND3_X1_bottom)
   0.03    0.46 v issue_stage_i/i_scoreboard/_31412_/ZN (OAI211_X1_bottom)
   0.03    0.49 ^ issue_stage_i/i_scoreboard/_31413_/ZN (AOI21_X1_bottom)
   0.02    0.51 v issue_stage_i/i_scoreboard/_31414_/ZN (AOI21_X1_bottom)
   0.03    0.54 ^ issue_stage_i/i_scoreboard/_31415_/ZN (OAI211_X2_bottom)
   0.03    0.57 v issue_stage_i/i_scoreboard/_31416_/ZN (OAI211_X2_bottom)
   0.03    0.60 ^ issue_stage_i/i_scoreboard/_31418_/ZN (OAI21_X4_bottom)
   0.03    0.63 v _2533_/ZN (INV_X1_bottom)
   0.08    0.71 ^ _2534_/ZN (AOI211_X2_bottom)
   0.04    0.75 v _2536_/ZN (AOI22_X4_bottom)
   0.04    0.79 ^ _2552_/ZN (NOR2_X4_bottom)
   0.04    0.84 v _2555_/ZN (OAI21_X4_bottom)
   0.08    0.92 ^ _3095_/ZN (NOR3_X4_bottom)
   0.04    0.96 v csr_regfile_i/_07697_/ZN (NAND2_X1_bottom)
   0.09    1.04 v csr_regfile_i/_10081_/ZN (OR3_X2_bottom)
   0.07    1.11 ^ csr_regfile_i/_10082_/ZN (OAI33_X1_bottom)
   0.00    1.11 ^ HBT_BOTIN_8636/TOP (HBT_BOTIN)
   0.02    1.13 ^ max_cap2618/Z (BUF_X2_upper)
   0.03    1.16 ^ max_cap2617/Z (BUF_X2_upper)
   0.03    1.19 ^ max_cap2616/Z (BUF_X2_upper)
   0.03    1.22 ^ max_cap2615/Z (BUF_X2_upper)
   0.03    1.25 ^ max_cap2614/Z (BUF_X2_upper)
   0.04    1.29 ^ csr_regfile_i/_12690_/ZN (AND2_X1_upper)
   0.03    1.32 v csr_regfile_i/_12691_/ZN (NAND4_X4_upper)
   0.05    1.37 ^ csr_regfile_i/_12692_/ZN (AOI21_X2_upper)
   0.02    1.39 v csr_regfile_i/_12711_/ZN (OAI21_X4_upper)
   0.00    1.39 v HBT_TOPIN_10366/BOT (HBT_TOPIN)
   0.01    1.40 ^ csr_regfile_i/_12725_/ZN (NAND2_X2_bottom)
   0.02    1.42 v csr_regfile_i/_12726_/ZN (INV_X2_bottom)
   0.02    1.44 ^ _2562_/ZN (INV_X1_bottom)
   0.02    1.46 v _2563_/ZN (NAND2_X2_bottom)
   0.03    1.49 ^ _2567_/ZN (OAI211_X4_bottom)
   0.06    1.55 ^ _2568_/ZN (AND2_X4_bottom)
   0.04    1.60 ^ max_length2044/Z (BUF_X32_bottom)
   0.01    1.61 v csr_regfile_i/_09807_/ZN (INV_X16_bottom)
   0.00    1.61 v HBT_BOTIN_8462/TOP (HBT_BOTIN)
   0.04    1.65 ^ csr_regfile_i/_11402_/ZN (NOR2_X4_upper)
   0.02    1.66 v csr_regfile_i/_11403_/ZN (AOI211_X2_upper)
   0.00    1.66 v HBT_TOPIN_4058/BOT (HBT_TOPIN)
   0.04    1.70 ^ _2570_/ZN (AOI21_X1_bottom)
   0.03    1.73 v _2576_/ZN (NAND2_X1_bottom)
   0.05    1.78 ^ _2577_/ZN (NOR2_X4_bottom)
   0.04    1.82 v _2579_/ZN (NAND2_X4_bottom)
   0.05    1.86 v max_length1022/Z (BUF_X16_bottom)
   0.01    1.87 v HBT_BOTIN_171931/TOP (HBT_BOTIN)
   0.04    1.91 ^ ex_stage_i/i_mult/_5134_/ZN (NOR3_X4_upper)
   0.11    2.02 v ex_stage_i/i_mult/_5135_/ZN (NAND3_X4_upper)
   0.06    2.08 v max_length1020/Z (BUF_X32_upper)
   0.03    2.11 v ex_stage_i/i_mult/_5154_/ZN (AND2_X1_upper)
   0.05    2.16 ^ ex_stage_i/i_mult/_5157_/ZN (AOI21_X1_upper)
   0.06    2.22 ^ ex_stage_i/i_mult/_7590_/CO (HA_X1_upper)
   0.03    2.25 v ex_stage_i/i_mult/_5180_/ZN (OAI211_X4_upper)
   0.08    2.33 ^ ex_stage_i/i_mult/_5214_/ZN (NOR4_X4_upper)
   0.03    2.36 v ex_stage_i/i_mult/_5267_/ZN (NAND4_X4_upper)
   0.09    2.45 v ex_stage_i/i_mult/_5319_/ZN (OR4_X4_upper)
   0.05    2.50 ^ ex_stage_i/i_mult/_5356_/ZN (NOR3_X4_upper)
   0.02    2.52 v ex_stage_i/i_mult/_5397_/ZN (NAND2_X1_upper)
   0.05    2.57 v ex_stage_i/i_mult/_5450_/ZN (OR2_X1_upper)
   0.03    2.60 ^ ex_stage_i/i_mult/_5486_/ZN (NOR2_X1_upper)
   0.04    2.64 ^ ex_stage_i/i_mult/_7645_/CO (HA_X1_upper)
   0.03    2.67 v ex_stage_i/i_mult/_5948_/ZN (OAI211_X1_upper)
   0.02    2.69 ^ ex_stage_i/i_mult/_5951_/ZN (OAI21_X1_upper)
   0.02    2.71 v ex_stage_i/i_mult/_5952_/ZN (OAI21_X1_upper)
   0.07    2.79 ^ ex_stage_i/i_mult/_7647_/S (HA_X1_upper)
   0.04    2.83 v ex_stage_i/i_mult/_5533_/ZN (NAND4_X2_upper)
   0.12    2.95 v ex_stage_i/i_mult/_5534_/ZN (OR4_X2_upper)
   0.08    3.03 ^ ex_stage_i/i_mult/_5611_/ZN (AOI211_X2_upper)
   0.02    3.05 v ex_stage_i/i_mult/_5639_/ZN (OAI21_X2_upper)
   0.05    3.10 ^ ex_stage_i/i_mult/_5684_/ZN (OAI221_X1_upper)
   0.02    3.12 v ex_stage_i/i_mult/_5685_/ZN (OAI21_X1_upper)
   0.02    3.14 ^ ex_stage_i/i_mult/_5686_/ZN (NAND2_X1_upper)
   0.02    3.16 v ex_stage_i/i_mult/_5863_/ZN (AOI21_X2_upper)
   0.04    3.20 ^ ex_stage_i/i_mult/_5865_/ZN (OAI21_X1_upper)
   0.05    3.25 ^ ex_stage_i/i_mult/_7483_/CO (FA_X1_upper)
   0.04    3.30 ^ ex_stage_i/i_mult/_7412_/Z (XOR2_X1_upper)
   0.04    3.33 ^ ex_stage_i/i_mult/_7413_/Z (MUX2_X1_upper)
   0.00    3.33 ^ ex_stage_i/i_mult/_7881_/D (DFFR_X1_upper)
           3.33   data arrival time

   4.00    4.00   clock core_clock (rise edge)
   0.00    4.00   clock network delay (ideal)
   0.00    4.00   clock reconvergence pessimism
           4.00 ^ ex_stage_i/i_mult/_7881_/CK (DFFR_X1_upper)
  -0.03    3.97   library setup time
           3.97   data required time
---------------------------------------------------------
           3.97   data required time
          -3.33   data arrival time
---------------------------------------------------------
           0.63   slack (MET)


Startpoint: issue_stage_i/i_scoreboard/_60955_
            (rising edge-triggered flip-flop clocked by core_clock)
Endpoint: ex_stage_i/i_mult/_7832_
          (rising edge-triggered flip-flop clocked by core_clock)
Path Group: core_clock
Path Type: max

  Delay    Time   Description
---------------------------------------------------------
   0.00    0.00   clock core_clock (rise edge)
   0.00    0.00   clock network delay (ideal)
   0.00    0.00 ^ issue_stage_i/i_scoreboard/_60955_/CK (DFFR_X2_bottom)
   0.14    0.14 ^ issue_stage_i/i_scoreboard/_60955_/Q (DFFR_X2_bottom)
   0.11    0.25 ^ issue_stage_i/i_scoreboard/_60948_/CO (HA_X1_bottom)
   0.12    0.36 v issue_stage_i/i_scoreboard/_30364_/ZN (NAND2_X4_bottom)
   0.05    0.42 v max_length4727/Z (BUF_X32_bottom)
   0.02    0.43 ^ issue_stage_i/i_scoreboard/_31411_/ZN (NAND3_X1_bottom)
   0.03    0.46 v issue_stage_i/i_scoreboard/_31412_/ZN (OAI211_X1_bottom)
   0.03    0.49 ^ issue_stage_i/i_scoreboard/_31413_/ZN (AOI21_X1_bottom)
   0.02    0.51 v issue_stage_i/i_scoreboard/_31414_/ZN (AOI21_X1_bottom)
   0.03    0.54 ^ issue_stage_i/i_scoreboard/_31415_/ZN (OAI211_X2_bottom)
   0.03    0.57 v issue_stage_i/i_scoreboard/_31416_/ZN (OAI211_X2_bottom)
   0.03    0.60 ^ issue_stage_i/i_scoreboard/_31418_/ZN (OAI21_X4_bottom)
   0.03    0.63 v _2533_/ZN (INV_X1_bottom)
   0.08    0.71 ^ _2534_/ZN (AOI211_X2_bottom)
   0.04    0.75 v _2536_/ZN (AOI22_X4_bottom)
   0.04    0.79 ^ _2552_/ZN (NOR2_X4_bottom)
   0.04    0.84 v _2555_/ZN (OAI21_X4_bottom)
   0.08    0.92 ^ _3095_/ZN (NOR3_X4_bottom)
   0.04    0.96 v csr_regfile_i/_07697_/ZN (NAND2_X1_bottom)
   0.09    1.04 v csr_regfile_i/_10081_/ZN (OR3_X2_bottom)
   0.07    1.11 ^ csr_regfile_i/_10082_/ZN (OAI33_X1_bottom)
   0.00    1.11 ^ HBT_BOTIN_8636/TOP (HBT_BOTIN)
   0.02    1.13 ^ max_cap2618/Z (BUF_X2_upper)
   0.03    1.16 ^ max_cap2617/Z (BUF_X2_upper)
   0.03    1.19 ^ max_cap2616/Z (BUF_X2_upper)
   0.03    1.22 ^ max_cap2615/Z (BUF_X2_upper)
   0.03    1.25 ^ max_cap2614/Z (BUF_X2_upper)
   0.04    1.29 ^ csr_regfile_i/_12690_/ZN (AND2_X1_upper)
   0.03    1.32 v csr_regfile_i/_12691_/ZN (NAND4_X4_upper)
   0.05    1.37 ^ csr_regfile_i/_12692_/ZN (AOI21_X2_upper)
   0.02    1.39 v csr_regfile_i/_12711_/ZN (OAI21_X4_upper)
   0.00    1.39 v HBT_TOPIN_10366/BOT (HBT_TOPIN)
   0.01    1.40 ^ csr_regfile_i/_12725_/ZN (NAND2_X2_bottom)
   0.02    1.42 v csr_regfile_i/_12726_/ZN (INV_X2_bottom)
   0.02    1.44 ^ _2562_/ZN (INV_X1_bottom)
   0.02    1.46 v _2563_/ZN (NAND2_X2_bottom)
   0.03    1.49 ^ _2567_/ZN (OAI211_X4_bottom)
   0.06    1.55 ^ _2568_/ZN (AND2_X4_bottom)
   0.04    1.60 ^ max_length2044/Z (BUF_X32_bottom)
   0.01    1.61 v csr_regfile_i/_09807_/ZN (INV_X16_bottom)
   0.00    1.61 v HBT_BOTIN_8462/TOP (HBT_BOTIN)
   0.04    1.65 ^ csr_regfile_i/_11402_/ZN (NOR2_X4_upper)
   0.02    1.66 v csr_regfile_i/_11403_/ZN (AOI211_X2_upper)
   0.00    1.66 v HBT_TOPIN_4058/BOT (HBT_TOPIN)
   0.04    1.70 ^ _2570_/ZN (AOI21_X1_bottom)
   0.03    1.73 v _2576_/ZN (NAND2_X1_bottom)
   0.05    1.78 ^ _2577_/ZN (NOR2_X4_bottom)
   0.04    1.82 v _2579_/ZN (NAND2_X4_bottom)
   0.05    1.86 v max_length1022/Z (BUF_X16_bottom)
   0.01    1.87 v HBT_BOTIN_171931/TOP (HBT_BOTIN)
   0.04    1.91 ^ ex_stage_i/i_mult/_5134_/ZN (NOR3_X4_upper)
   0.11    2.02 v ex_stage_i/i_mult/_5135_/ZN (NAND3_X4_upper)
   0.06    2.08 v max_length1020/Z (BUF_X32_upper)
   0.03    2.11 v ex_stage_i/i_mult/_5154_/ZN (AND2_X1_upper)
   0.05    2.16 ^ ex_stage_i/i_mult/_5157_/ZN (AOI21_X1_upper)
   0.06    2.22 ^ ex_stage_i/i_mult/_7590_/CO (HA_X1_upper)
   0.03    2.25 v ex_stage_i/i_mult/_5180_/ZN (OAI211_X4_upper)
   0.08    2.33 ^ ex_stage_i/i_mult/_5214_/ZN (NOR4_X4_upper)
   0.03    2.36 v ex_stage_i/i_mult/_5267_/ZN (NAND4_X4_upper)
   0.09    2.45 v ex_stage_i/i_mult/_5319_/ZN (OR4_X4_upper)
   0.05    2.50 ^ ex_stage_i/i_mult/_5356_/ZN (NOR3_X4_upper)
   0.02    2.52 v ex_stage_i/i_mult/_5397_/ZN (NAND2_X1_upper)
   0.05    2.57 v ex_stage_i/i_mult/_5450_/ZN (OR2_X1_upper)
   0.03    2.60 ^ ex_stage_i/i_mult/_5486_/ZN (NOR2_X1_upper)
   0.04    2.64 ^ ex_stage_i/i_mult/_7645_/CO (HA_X1_upper)
   0.03    2.67 v ex_stage_i/i_mult/_5948_/ZN (OAI211_X1_upper)
   0.02    2.69 ^ ex_stage_i/i_mult/_5951_/ZN (OAI21_X1_upper)
   0.02    2.71 v ex_stage_i/i_mult/_5952_/ZN (OAI21_X1_upper)
   0.07    2.79 ^ ex_stage_i/i_mult/_7647_/S (HA_X1_upper)
   0.04    2.83 v ex_stage_i/i_mult/_5533_/ZN (NAND4_X2_upper)
   0.12    2.95 v ex_stage_i/i_mult/_5534_/ZN (OR4_X2_upper)
   0.05    3.00 ^ ex_stage_i/i_mult/_5537_/ZN (OAI221_X2_upper)
   0.02    3.02 v ex_stage_i/i_mult/_5538_/ZN (AOI21_X1_upper)
   0.03    3.06 ^ ex_stage_i/i_mult/_5564_/ZN (OAI21_X1_upper)
   0.03    3.09 ^ ex_stage_i/i_mult/_5565_/ZN (AND2_X1_upper)
   0.03    3.12 ^ ex_stage_i/i_mult/_5566_/ZN (OR2_X1_upper)
   0.02    3.14 v ex_stage_i/i_mult/_5568_/ZN (AOI221_X2_upper)
   0.07    3.21 v ex_stage_i/i_mult/_7476_/CO (FA_X1_upper)
   0.04    3.25 v ex_stage_i/i_mult/_7273_/ZN (XNOR2_X1_upper)
   0.06    3.31 v ex_stage_i/i_mult/_7275_/Z (MUX2_X1_upper)
   0.00    3.31 v ex_stage_i/i_mult/_7832_/D (DFFR_X1_upper)
           3.31   data arrival time

   4.00    4.00   clock core_clock (rise edge)
   0.00    4.00   clock network delay (ideal)
   0.00    4.00   clock reconvergence pessimism
           4.00 ^ ex_stage_i/i_mult/_7832_/CK (DFFR_X1_upper)
  -0.04    3.96   library setup time
           3.96   data required time
---------------------------------------------------------
           3.96   data required time
          -3.31   data arrival time
---------------------------------------------------------
           0.65   slack (MET)


Startpoint: issue_stage_i/i_scoreboard/_60955_
            (rising edge-triggered flip-flop clocked by core_clock)
Endpoint: ex_stage_i/i_mult/_7828_
          (rising edge-triggered flip-flop clocked by core_clock)
Path Group: core_clock
Path Type: max

  Delay    Time   Description
---------------------------------------------------------
   0.00    0.00   clock core_clock (rise edge)
   0.00    0.00   clock network delay (ideal)
   0.00    0.00 ^ issue_stage_i/i_scoreboard/_60955_/CK (DFFR_X2_bottom)
   0.14    0.14 ^ issue_stage_i/i_scoreboard/_60955_/Q (DFFR_X2_bottom)
   0.11    0.25 ^ issue_stage_i/i_scoreboard/_60948_/CO (HA_X1_bottom)
   0.12    0.36 v issue_stage_i/i_scoreboard/_30364_/ZN (NAND2_X4_bottom)
   0.05    0.42 v max_length4727/Z (BUF_X32_bottom)
   0.02    0.43 ^ issue_stage_i/i_scoreboard/_31411_/ZN (NAND3_X1_bottom)
   0.03    0.46 v issue_stage_i/i_scoreboard/_31412_/ZN (OAI211_X1_bottom)
   0.03    0.49 ^ issue_stage_i/i_scoreboard/_31413_/ZN (AOI21_X1_bottom)
   0.02    0.51 v issue_stage_i/i_scoreboard/_31414_/ZN (AOI21_X1_bottom)
   0.03    0.54 ^ issue_stage_i/i_scoreboard/_31415_/ZN (OAI211_X2_bottom)
   0.03    0.57 v issue_stage_i/i_scoreboard/_31416_/ZN (OAI211_X2_bottom)
   0.03    0.60 ^ issue_stage_i/i_scoreboard/_31418_/ZN (OAI21_X4_bottom)
   0.03    0.63 v _2533_/ZN (INV_X1_bottom)
   0.08    0.71 ^ _2534_/ZN (AOI211_X2_bottom)
   0.04    0.75 v _2536_/ZN (AOI22_X4_bottom)
   0.04    0.79 ^ _2552_/ZN (NOR2_X4_bottom)
   0.04    0.84 v _2555_/ZN (OAI21_X4_bottom)
   0.08    0.92 ^ _3095_/ZN (NOR3_X4_bottom)
   0.04    0.96 v csr_regfile_i/_07697_/ZN (NAND2_X1_bottom)
   0.09    1.04 v csr_regfile_i/_10081_/ZN (OR3_X2_bottom)
   0.07    1.11 ^ csr_regfile_i/_10082_/ZN (OAI33_X1_bottom)
   0.00    1.11 ^ HBT_BOTIN_8636/TOP (HBT_BOTIN)
   0.02    1.13 ^ max_cap2618/Z (BUF_X2_upper)
   0.03    1.16 ^ max_cap2617/Z (BUF_X2_upper)
   0.03    1.19 ^ max_cap2616/Z (BUF_X2_upper)
   0.03    1.22 ^ max_cap2615/Z (BUF_X2_upper)
   0.03    1.25 ^ max_cap2614/Z (BUF_X2_upper)
   0.04    1.29 ^ csr_regfile_i/_12690_/ZN (AND2_X1_upper)
   0.03    1.32 v csr_regfile_i/_12691_/ZN (NAND4_X4_upper)
   0.05    1.37 ^ csr_regfile_i/_12692_/ZN (AOI21_X2_upper)
   0.02    1.39 v csr_regfile_i/_12711_/ZN (OAI21_X4_upper)
   0.00    1.39 v HBT_TOPIN_10366/BOT (HBT_TOPIN)
   0.01    1.40 ^ csr_regfile_i/_12725_/ZN (NAND2_X2_bottom)
   0.02    1.42 v csr_regfile_i/_12726_/ZN (INV_X2_bottom)
   0.02    1.44 ^ _2562_/ZN (INV_X1_bottom)
   0.02    1.46 v _2563_/ZN (NAND2_X2_bottom)
   0.03    1.49 ^ _2567_/ZN (OAI211_X4_bottom)
   0.06    1.55 ^ _2568_/ZN (AND2_X4_bottom)
   0.04    1.60 ^ max_length2044/Z (BUF_X32_bottom)
   0.01    1.61 v csr_regfile_i/_09807_/ZN (INV_X16_bottom)
   0.00    1.61 v HBT_BOTIN_8462/TOP (HBT_BOTIN)
   0.04    1.65 ^ csr_regfile_i/_11402_/ZN (NOR2_X4_upper)
   0.02    1.66 v csr_regfile_i/_11403_/ZN (AOI211_X2_upper)
   0.00    1.66 v HBT_TOPIN_4058/BOT (HBT_TOPIN)
   0.04    1.70 ^ _2570_/ZN (AOI21_X1_bottom)
   0.03    1.73 v _2576_/ZN (NAND2_X1_bottom)
   0.05    1.78 ^ _2577_/ZN (NOR2_X4_bottom)
   0.04    1.82 v _2579_/ZN (NAND2_X4_bottom)
   0.05    1.86 v max_length1022/Z (BUF_X16_bottom)
   0.01    1.87 v HBT_BOTIN_171931/TOP (HBT_BOTIN)
   0.04    1.91 ^ ex_stage_i/i_mult/_5134_/ZN (NOR3_X4_upper)
   0.11    2.02 v ex_stage_i/i_mult/_5135_/ZN (NAND3_X4_upper)
   0.06    2.08 v max_length1020/Z (BUF_X32_upper)
   0.03    2.11 v ex_stage_i/i_mult/_5154_/ZN (AND2_X1_upper)
   0.05    2.16 ^ ex_stage_i/i_mult/_5157_/ZN (AOI21_X1_upper)
   0.06    2.22 ^ ex_stage_i/i_mult/_7590_/CO (HA_X1_upper)
   0.03    2.25 v ex_stage_i/i_mult/_5180_/ZN (OAI211_X4_upper)
   0.08    2.33 ^ ex_stage_i/i_mult/_5214_/ZN (NOR4_X4_upper)
   0.03    2.36 v ex_stage_i/i_mult/_5267_/ZN (NAND4_X4_upper)
   0.09    2.45 v ex_stage_i/i_mult/_5319_/ZN (OR4_X4_upper)
   0.05    2.50 ^ ex_stage_i/i_mult/_5356_/ZN (NOR3_X4_upper)
   0.02    2.52 v ex_stage_i/i_mult/_5397_/ZN (NAND2_X1_upper)
   0.04    2.55 ^ ex_stage_i/i_mult/_5417_/ZN (NOR2_X1_upper)
   0.04    2.60 ^ ex_stage_i/i_mult/_7633_/CO (HA_X1_upper)
   0.01    2.61 v ex_stage_i/i_mult/_5927_/ZN (NOR2_X1_upper)
   0.03    2.64 v ex_stage_i/i_mult/_5928_/ZN (XNOR2_X1_upper)
   0.06    2.70 v ex_stage_i/i_mult/_5930_/Z (MUX2_X1_upper)
   0.07    2.77 v ex_stage_i/i_mult/_7635_/S (HA_X1_upper)
   0.03    2.80 ^ ex_stage_i/i_mult/_5462_/ZN (AOI21_X1_upper)
   0.02    2.82 v ex_stage_i/i_mult/_5464_/ZN (OAI21_X1_upper)
   0.04    2.87 ^ ex_stage_i/i_mult/_5466_/ZN (AOI21_X2_upper)
   0.05    2.92 ^ ex_stage_i/i_mult/_5468_/ZN (AND2_X1_upper)
   0.04    2.95 v ex_stage_i/i_mult/_5537_/ZN (OAI221_X2_upper)
   0.03    2.98 ^ ex_stage_i/i_mult/_5538_/ZN (AOI21_X1_upper)
   0.02    3.00 v ex_stage_i/i_mult/_5564_/ZN (OAI21_X1_upper)
   0.03    3.03 v ex_stage_i/i_mult/_5565_/ZN (AND2_X1_upper)
   0.06    3.09 v ex_stage_i/i_mult/_5566_/ZN (OR2_X1_upper)
   0.04    3.13 ^ ex_stage_i/i_mult/_5568_/ZN (AOI221_X2_upper)
   0.10    3.23 v ex_stage_i/i_mult/_7476_/S (FA_X1_upper)
   0.06    3.29 v ex_stage_i/i_mult/_7255_/Z (MUX2_X1_upper)
   0.00    3.29 v ex_stage_i/i_mult/_7828_/D (DFFR_X1_upper)
           3.29   data arrival time

   4.00    4.00   clock core_clock (rise edge)
   0.00    4.00   clock network delay (ideal)
   0.00    4.00   clock reconvergence pessimism
           4.00 ^ ex_stage_i/i_mult/_7828_/CK (DFFR_X1_upper)
  -0.04    3.96   library setup time
           3.96   data required time
---------------------------------------------------------
           3.96   data required time
          -3.29   data arrival time
---------------------------------------------------------
           0.67   slack (MET)


Startpoint: issue_stage_i/i_scoreboard/_60955_
            (rising edge-triggered flip-flop clocked by core_clock)
Endpoint: ex_stage_i/i_mult/_7800_
          (rising edge-triggered flip-flop clocked by core_clock)
Path Group: core_clock
Path Type: max

  Delay    Time   Description
---------------------------------------------------------
   0.00    0.00   clock core_clock (rise edge)
   0.00    0.00   clock network delay (ideal)
   0.00    0.00 ^ issue_stage_i/i_scoreboard/_60955_/CK (DFFR_X2_bottom)
   0.14    0.14 ^ issue_stage_i/i_scoreboard/_60955_/Q (DFFR_X2_bottom)
   0.11    0.25 ^ issue_stage_i/i_scoreboard/_60948_/CO (HA_X1_bottom)
   0.12    0.36 v issue_stage_i/i_scoreboard/_30364_/ZN (NAND2_X4_bottom)
   0.05    0.42 v max_length4727/Z (BUF_X32_bottom)
   0.02    0.43 ^ issue_stage_i/i_scoreboard/_31411_/ZN (NAND3_X1_bottom)
   0.03    0.46 v issue_stage_i/i_scoreboard/_31412_/ZN (OAI211_X1_bottom)
   0.03    0.49 ^ issue_stage_i/i_scoreboard/_31413_/ZN (AOI21_X1_bottom)
   0.02    0.51 v issue_stage_i/i_scoreboard/_31414_/ZN (AOI21_X1_bottom)
   0.03    0.54 ^ issue_stage_i/i_scoreboard/_31415_/ZN (OAI211_X2_bottom)
   0.03    0.57 v issue_stage_i/i_scoreboard/_31416_/ZN (OAI211_X2_bottom)
   0.03    0.60 ^ issue_stage_i/i_scoreboard/_31418_/ZN (OAI21_X4_bottom)
   0.03    0.63 v _2533_/ZN (INV_X1_bottom)
   0.08    0.71 ^ _2534_/ZN (AOI211_X2_bottom)
   0.04    0.75 v _2536_/ZN (AOI22_X4_bottom)
   0.04    0.79 ^ _2552_/ZN (NOR2_X4_bottom)
   0.04    0.84 v _2555_/ZN (OAI21_X4_bottom)
   0.08    0.92 ^ _3095_/ZN (NOR3_X4_bottom)
   0.04    0.96 v csr_regfile_i/_07697_/ZN (NAND2_X1_bottom)
   0.09    1.04 v csr_regfile_i/_10081_/ZN (OR3_X2_bottom)
   0.07    1.11 ^ csr_regfile_i/_10082_/ZN (OAI33_X1_bottom)
   0.00    1.11 ^ HBT_BOTIN_8636/TOP (HBT_BOTIN)
   0.02    1.13 ^ max_cap2618/Z (BUF_X2_upper)
   0.03    1.16 ^ max_cap2617/Z (BUF_X2_upper)
   0.03    1.19 ^ max_cap2616/Z (BUF_X2_upper)
   0.03    1.22 ^ max_cap2615/Z (BUF_X2_upper)
   0.03    1.25 ^ max_cap2614/Z (BUF_X2_upper)
   0.04    1.29 ^ csr_regfile_i/_12690_/ZN (AND2_X1_upper)
   0.03    1.32 v csr_regfile_i/_12691_/ZN (NAND4_X4_upper)
   0.05    1.37 ^ csr_regfile_i/_12692_/ZN (AOI21_X2_upper)
   0.02    1.39 v csr_regfile_i/_12711_/ZN (OAI21_X4_upper)
   0.00    1.39 v HBT_TOPIN_10366/BOT (HBT_TOPIN)
   0.01    1.40 ^ csr_regfile_i/_12725_/ZN (NAND2_X2_bottom)
   0.02    1.42 v csr_regfile_i/_12726_/ZN (INV_X2_bottom)
   0.02    1.44 ^ _2562_/ZN (INV_X1_bottom)
   0.02    1.46 v _2563_/ZN (NAND2_X2_bottom)
   0.03    1.49 ^ _2567_/ZN (OAI211_X4_bottom)
   0.06    1.55 ^ _2568_/ZN (AND2_X4_bottom)
   0.04    1.60 ^ max_length2044/Z (BUF_X32_bottom)
   0.01    1.61 v csr_regfile_i/_09807_/ZN (INV_X16_bottom)
   0.00    1.61 v HBT_BOTIN_8462/TOP (HBT_BOTIN)
   0.04    1.65 ^ csr_regfile_i/_11402_/ZN (NOR2_X4_upper)
   0.02    1.66 v csr_regfile_i/_11403_/ZN (AOI211_X2_upper)
   0.00    1.66 v HBT_TOPIN_4058/BOT (HBT_TOPIN)
   0.04    1.70 ^ _2570_/ZN (AOI21_X1_bottom)
   0.03    1.73 v _2576_/ZN (NAND2_X1_bottom)
   0.05    1.78 ^ _2577_/ZN (NOR2_X4_bottom)
   0.04    1.82 v _2579_/ZN (NAND2_X4_bottom)
   0.05    1.86 v max_length1022/Z (BUF_X16_bottom)
   0.01    1.87 v HBT_BOTIN_171931/TOP (HBT_BOTIN)
   0.04    1.91 ^ ex_stage_i/i_mult/_5134_/ZN (NOR3_X4_upper)
   0.11    2.02 v ex_stage_i/i_mult/_5135_/ZN (NAND3_X4_upper)
   0.06    2.08 v max_length1020/Z (BUF_X32_upper)
   0.03    2.11 v ex_stage_i/i_mult/_5154_/ZN (AND2_X1_upper)
   0.05    2.16 ^ ex_stage_i/i_mult/_5157_/ZN (AOI21_X1_upper)
   0.06    2.22 ^ ex_stage_i/i_mult/_7590_/CO (HA_X1_upper)
   0.03    2.25 v ex_stage_i/i_mult/_5180_/ZN (OAI211_X4_upper)
   0.08    2.33 ^ ex_stage_i/i_mult/_5214_/ZN (NOR4_X4_upper)
   0.03    2.36 v ex_stage_i/i_mult/_5267_/ZN (NAND4_X4_upper)
   0.09    2.45 v ex_stage_i/i_mult/_5319_/ZN (OR4_X4_upper)
   0.05    2.50 ^ ex_stage_i/i_mult/_5356_/ZN (NOR3_X4_upper)
   0.02    2.52 v ex_stage_i/i_mult/_5397_/ZN (NAND2_X1_upper)
   0.04    2.55 ^ ex_stage_i/i_mult/_5417_/ZN (NOR2_X1_upper)
   0.04    2.60 ^ ex_stage_i/i_mult/_7633_/CO (HA_X1_upper)
   0.01    2.61 v ex_stage_i/i_mult/_5927_/ZN (NOR2_X1_upper)
   0.03    2.64 v ex_stage_i/i_mult/_5928_/ZN (XNOR2_X1_upper)
   0.06    2.70 v ex_stage_i/i_mult/_5930_/Z (MUX2_X1_upper)
   0.06    2.77 ^ ex_stage_i/i_mult/_7635_/S (HA_X1_upper)
   0.04    2.81 v ex_stage_i/i_mult/_5463_/ZN (NAND4_X2_upper)
   0.05    2.86 ^ ex_stage_i/i_mult/_5465_/ZN (NOR2_X2_upper)
   0.03    2.89 v ex_stage_i/i_mult/_5467_/ZN (NAND4_X4_upper)
   0.04    2.93 v ex_stage_i/i_mult/_5468_/ZN (AND2_X1_upper)
   0.04    2.97 v ex_stage_i/i_mult/_5470_/ZN (OR2_X1_upper)
   0.04    3.01 v ex_stage_i/i_mult/_5471_/ZN (AND2_X1_upper)
   0.03    3.03 ^ ex_stage_i/i_mult/_5503_/ZN (OAI21_X1_upper)
   0.02    3.05 v ex_stage_i/i_mult/_5504_/ZN (AOI21_X1_upper)
   0.03    3.08 ^ ex_stage_i/i_mult/_5506_/ZN (OAI21_X1_upper)
   0.02    3.10 v ex_stage_i/i_mult/_5507_/ZN (AOI21_X1_upper)
   0.07    3.17 v ex_stage_i/i_mult/_7472_/CO (FA_X1_upper)
   0.04    3.21 v ex_stage_i/i_mult/_7169_/ZN (XNOR2_X1_upper)
   0.06    3.27 v ex_stage_i/i_mult/_7171_/Z (MUX2_X1_upper)
   0.00    3.27 v ex_stage_i/i_mult/_7800_/D (DFFR_X1_upper)
           3.27   data arrival time

   4.00    4.00   clock core_clock (rise edge)
   0.00    4.00   clock network delay (ideal)
   0.00    4.00   clock reconvergence pessimism
           4.00 ^ ex_stage_i/i_mult/_7800_/CK (DFFR_X1_upper)
  -0.04    3.96   library setup time
           3.96   data required time
---------------------------------------------------------
           3.96   data required time
          -3.27   data arrival time
---------------------------------------------------------
           0.69   slack (MET)


+_+_+_+_+_+_+_+_+_+_+_+_+_+_+_+_+-

==========================================================================
finish critical path delay
--------------------------------------------------------------------------
3.3609

==========================================================================
finish critical path slack
--------------------------------------------------------------------------
0.5964

==========================================================================
finish slack div critical path delay
--------------------------------------------------------------------------
17.745247

==========================================================================
finish report_power
--------------------------------------------------------------------------
Group                  Internal  Switching    Leakage      Total
                          Power      Power      Power      Power (Watts)
----------------------------------------------------------------
Sequential             4.18e-02   2.03e-03   1.84e-03   4.57e-02  19.3%
Combinational          3.88e-02   2.72e-02   6.44e-03   7.24e-02  30.5%
Clock                  0.00e+00   0.00e+00   0.00e+00   0.00e+00   0.0%
Macro                  9.66e-02   0.00e+00   2.24e-02   1.19e-01  50.2%
Pad                    0.00e+00   0.00e+00   0.00e+00   0.00e+00   0.0%
----------------------------------------------------------------
Total                  1.77e-01   2.92e-02   3.07e-02   2.37e-01 100.0%
                          74.7%      12.3%      12.9%

==========================================================================
finish report_design_area
--------------------------------------------------------------------------
Design area 780664 u^2 80% utilization.

[WARNING GUI-0076] QStandardPaths: XDG_RUNTIME_DIR not set, defaulting to '/tmp/runtime-root'
[WARNING GUI-0076] This plugin does not support propagateSizeHints()
[WARNING GUI-0076] This plugin does not support propagateSizeHints()
[WARNING GUI-0076] This plugin does not support propagateSizeHints()
[WARNING GUI-0010] File path does not end with a valid extension, new path is: ./reports/nangate45_3D/ariane133/HBT/final_routing.webp.png
[WARNING GUI-0010] File path does not end with a valid extension, new path is: ./reports/nangate45_3D/ariane133/HBT/final_placement.webp.png
[WARNING GUI-0010] File path does not end with a valid extension, new path is: ./reports/nangate45_3D/ariane133/HBT/final_ir_drop.webp.png
[WARNING GUI-0066] Heat map "IR Drop" has not been populated with data.
[WARNING GUI-0010] File path does not end with a valid extension, new path is: ./reports/nangate45_3D/ariane133/HBT/final_clocks.webp.png
[WARNING GUI-0010] File path does not end with a valid extension, new path is: ./reports/nangate45_3D/ariane133/HBT/final_congestion.webp.png
[WARNING GUI-0010] File path does not end with a valid extension, new path is: ./reports/nangate45_3D/ariane133/HBT/final_resizer.webp.png
[WARNING GUI-0010] File path does not end with a valid extension, new path is: ./reports/nangate45_3D/ariane133/HBT/cts_core_clock.webp.png
Elapsed time: 2:45.59[h:]min:sec. CPU time: user 161.05 sys 4.36 (99%). Peak memory: 1931144KB.
