OpenROAD v2.0-17198-g8396d0866 
Features included (+) or not (-): +Charts +GPU +GUI +Python : None
This program is licensed under the BSD-3 license. See the LICENSE file for details.
Components of this program may be licensed under more restrictive licenses which must be honored.
[INFO ORD-0030] Using 104 thread(s).
detailed_route arguments: -droute_end_iter 5
[INFO DRT-0149] Reading tech and libs.

Units:                2000
Number of layers:     41
Number of macros:     279
Number of vias:       55
Number of viarulegen: 39

[INFO DRT-0150] Reading design.
[WARNING DRT-0120] Large net clk_i has 8581 pins which may impact routing performance. Consider optimization.
[WARNING DRT-0120] Large net N1851_TOP has 135 pins which may impact routing performance. Consider optimization.
[WARNING DRT-0120] Large net N1854_TOP has 167 pins which may impact routing performance. Consider optimization.
[WARNING DRT-0120] Large net N1858_TOP has 103 pins which may impact routing performance. Consider optimization.
[WARNING DRT-0120] Large net N1861_TOP has 132 pins which may impact routing performance. Consider optimization.
[WARNING DRT-0120] Large net N1864_TOP has 119 pins which may impact routing performance. Consider optimization.
[WARNING DRT-0120] Large net N54968_BOT has 117 pins which may impact routing performance. Consider optimization.
[WARNING DRT-0120] Large net N56352_TOP has 119 pins which may impact routing performance. Consider optimization.

Design:                   bp_be_top
Die area:                 ( 0 0 ) ( 1200000 1000000 )
Number of track patterns: 80
Number of DEF vias:       0
Number of components:     50333
Number of terminals:      3029
Number of snets:          0
Number of nets:           61290

[WARNING DRT-0419] No routing tracks pass through the center of Term be_mmu/dcache/data_mem_0__data_mem/macro_mem/mem/w_mask_in[0]
[WARNING DRT-0419] No routing tracks pass through the center of Term be_mmu/dcache/data_mem_0__data_mem/macro_mem/mem/w_mask_in[1]
[WARNING DRT-0419] No routing tracks pass through the center of Term be_mmu/dcache/data_mem_0__data_mem/macro_mem/mem/w_mask_in[2]
[WARNING DRT-0419] No routing tracks pass through the center of Term be_mmu/dcache/data_mem_0__data_mem/macro_mem/mem/w_mask_in[3]
[WARNING DRT-0419] No routing tracks pass through the center of Term be_mmu/dcache/data_mem_0__data_mem/macro_mem/mem/w_mask_in[4]
[WARNING DRT-0419] No routing tracks pass through the center of Term be_mmu/dcache/data_mem_0__data_mem/macro_mem/mem/w_mask_in[5]
[WARNING DRT-0419] No routing tracks pass through the center of Term be_mmu/dcache/data_mem_0__data_mem/macro_mem/mem/w_mask_in[6]
[WARNING DRT-0419] No routing tracks pass through the center of Term be_mmu/dcache/data_mem_0__data_mem/macro_mem/mem/w_mask_in[7]
[WARNING DRT-0419] No routing tracks pass through the center of Term be_mmu/dcache/data_mem_0__data_mem/macro_mem/mem/w_mask_in[8]
[WARNING DRT-0419] No routing tracks pass through the center of Term be_mmu/dcache/data_mem_0__data_mem/macro_mem/mem/w_mask_in[9]
[WARNING DRT-0419] No routing tracks pass through the center of Term be_mmu/dcache/data_mem_0__data_mem/macro_mem/mem/w_mask_in[10]
[WARNING DRT-0419] No routing tracks pass through the center of Term be_mmu/dcache/data_mem_0__data_mem/macro_mem/mem/w_mask_in[11]
[WARNING DRT-0419] No routing tracks pass through the center of Term be_mmu/dcache/data_mem_0__data_mem/macro_mem/mem/w_mask_in[12]
[WARNING DRT-0419] No routing tracks pass through the center of Term be_mmu/dcache/data_mem_0__data_mem/macro_mem/mem/w_mask_in[13]
[WARNING DRT-0419] No routing tracks pass through the center of Term be_mmu/dcache/data_mem_0__data_mem/macro_mem/mem/w_mask_in[14]
[WARNING DRT-0419] No routing tracks pass through the center of Term be_mmu/dcache/data_mem_0__data_mem/macro_mem/mem/w_mask_in[15]
[WARNING DRT-0419] No routing tracks pass through the center of Term be_mmu/dcache/data_mem_0__data_mem/macro_mem/mem/w_mask_in[16]
[WARNING DRT-0419] No routing tracks pass through the center of Term be_mmu/dcache/data_mem_0__data_mem/macro_mem/mem/w_mask_in[17]
[WARNING DRT-0419] No routing tracks pass through the center of Term be_mmu/dcache/data_mem_0__data_mem/macro_mem/mem/w_mask_in[18]
[WARNING DRT-0419] No routing tracks pass through the center of Term be_mmu/dcache/data_mem_0__data_mem/macro_mem/mem/w_mask_in[19]
[WARNING DRT-0419] No routing tracks pass through the center of Term be_mmu/dcache/data_mem_0__data_mem/macro_mem/mem/w_mask_in[20]
[WARNING DRT-0419] No routing tracks pass through the center of Term be_mmu/dcache/data_mem_0__data_mem/macro_mem/mem/w_mask_in[21]
[WARNING DRT-0419] No routing tracks pass through the center of Term be_mmu/dcache/data_mem_0__data_mem/macro_mem/mem/w_mask_in[22]
[WARNING DRT-0419] No routing tracks pass through the center of Term be_mmu/dcache/data_mem_0__data_mem/macro_mem/mem/w_mask_in[23]
[WARNING DRT-0419] No routing tracks pass through the center of Term be_mmu/dcache/data_mem_0__data_mem/macro_mem/mem/w_mask_in[24]
[WARNING DRT-0419] No routing tracks pass through the center of Term be_mmu/dcache/data_mem_0__data_mem/macro_mem/mem/w_mask_in[25]
[WARNING DRT-0419] No routing tracks pass through the center of Term be_mmu/dcache/data_mem_0__data_mem/macro_mem/mem/w_mask_in[26]
[WARNING DRT-0419] No routing tracks pass through the center of Term be_mmu/dcache/data_mem_0__data_mem/macro_mem/mem/w_mask_in[27]
[WARNING DRT-0419] No routing tracks pass through the center of Term be_mmu/dcache/data_mem_0__data_mem/macro_mem/mem/w_mask_in[28]
[WARNING DRT-0419] No routing tracks pass through the center of Term be_mmu/dcache/data_mem_0__data_mem/macro_mem/mem/w_mask_in[29]
[WARNING DRT-0419] No routing tracks pass through the center of Term be_mmu/dcache/data_mem_0__data_mem/macro_mem/mem/w_mask_in[30]
[WARNING DRT-0419] No routing tracks pass through the center of Term be_mmu/dcache/data_mem_0__data_mem/macro_mem/mem/w_mask_in[31]
[WARNING DRT-0419] No routing tracks pass through the center of Term be_mmu/dcache/data_mem_0__data_mem/macro_mem/mem/w_mask_in[32]
[WARNING DRT-0419] No routing tracks pass through the center of Term be_mmu/dcache/data_mem_0__data_mem/macro_mem/mem/w_mask_in[33]
[WARNING DRT-0419] No routing tracks pass through the center of Term be_mmu/dcache/data_mem_0__data_mem/macro_mem/mem/w_mask_in[34]
[WARNING DRT-0419] No routing tracks pass through the center of Term be_mmu/dcache/data_mem_0__data_mem/macro_mem/mem/w_mask_in[35]
[WARNING DRT-0419] No routing tracks pass through the center of Term be_mmu/dcache/data_mem_0__data_mem/macro_mem/mem/w_mask_in[36]
[WARNING DRT-0419] No routing tracks pass through the center of Term be_mmu/dcache/data_mem_0__data_mem/macro_mem/mem/w_mask_in[37]
[WARNING DRT-0419] No routing tracks pass through the center of Term be_mmu/dcache/data_mem_0__data_mem/macro_mem/mem/w_mask_in[38]
[WARNING DRT-0419] No routing tracks pass through the center of Term be_mmu/dcache/data_mem_0__data_mem/macro_mem/mem/w_mask_in[39]
[WARNING DRT-0419] No routing tracks pass through the center of Term be_mmu/dcache/data_mem_0__data_mem/macro_mem/mem/w_mask_in[40]
[WARNING DRT-0419] No routing tracks pass through the center of Term be_mmu/dcache/data_mem_0__data_mem/macro_mem/mem/w_mask_in[41]
[WARNING DRT-0419] No routing tracks pass through the center of Term be_mmu/dcache/data_mem_0__data_mem/macro_mem/mem/w_mask_in[42]
[WARNING DRT-0419] No routing tracks pass through the center of Term be_mmu/dcache/data_mem_0__data_mem/macro_mem/mem/w_mask_in[43]
[WARNING DRT-0419] No routing tracks pass through the center of Term be_mmu/dcache/data_mem_0__data_mem/macro_mem/mem/w_mask_in[44]
[WARNING DRT-0419] No routing tracks pass through the center of Term be_mmu/dcache/data_mem_0__data_mem/macro_mem/mem/w_mask_in[45]
[WARNING DRT-0419] No routing tracks pass through the center of Term be_mmu/dcache/data_mem_0__data_mem/macro_mem/mem/w_mask_in[46]
[WARNING DRT-0419] No routing tracks pass through the center of Term be_mmu/dcache/data_mem_0__data_mem/macro_mem/mem/w_mask_in[47]
[WARNING DRT-0419] No routing tracks pass through the center of Term be_mmu/dcache/data_mem_0__data_mem/macro_mem/mem/w_mask_in[48]
[WARNING DRT-0419] No routing tracks pass through the center of Term be_mmu/dcache/data_mem_0__data_mem/macro_mem/mem/w_mask_in[49]
[WARNING DRT-0419] No routing tracks pass through the center of Term be_mmu/dcache/data_mem_0__data_mem/macro_mem/mem/w_mask_in[50]
[WARNING DRT-0419] No routing tracks pass through the center of Term be_mmu/dcache/data_mem_0__data_mem/macro_mem/mem/w_mask_in[51]
[WARNING DRT-0419] No routing tracks pass through the center of Term be_mmu/dcache/data_mem_0__data_mem/macro_mem/mem/w_mask_in[52]
[WARNING DRT-0419] No routing tracks pass through the center of Term be_mmu/dcache/data_mem_0__data_mem/macro_mem/mem/w_mask_in[53]
[WARNING DRT-0419] No routing tracks pass through the center of Term be_mmu/dcache/data_mem_0__data_mem/macro_mem/mem/w_mask_in[54]
[WARNING DRT-0419] No routing tracks pass through the center of Term be_mmu/dcache/data_mem_0__data_mem/macro_mem/mem/w_mask_in[55]
[WARNING DRT-0419] No routing tracks pass through the center of Term be_mmu/dcache/data_mem_0__data_mem/macro_mem/mem/w_mask_in[56]
[WARNING DRT-0419] No routing tracks pass through the center of Term be_mmu/dcache/data_mem_0__data_mem/macro_mem/mem/w_mask_in[57]
[WARNING DRT-0419] No routing tracks pass through the center of Term be_mmu/dcache/data_mem_0__data_mem/macro_mem/mem/w_mask_in[58]
[WARNING DRT-0419] No routing tracks pass through the center of Term be_mmu/dcache/data_mem_0__data_mem/macro_mem/mem/w_mask_in[59]
[WARNING DRT-0419] No routing tracks pass through the center of Term be_mmu/dcache/data_mem_0__data_mem/macro_mem/mem/w_mask_in[60]
[WARNING DRT-0419] No routing tracks pass through the center of Term be_mmu/dcache/data_mem_0__data_mem/macro_mem/mem/w_mask_in[61]
[WARNING DRT-0419] No routing tracks pass through the center of Term be_mmu/dcache/data_mem_0__data_mem/macro_mem/mem/w_mask_in[62]
[WARNING DRT-0419] No routing tracks pass through the center of Term be_mmu/dcache/data_mem_0__data_mem/macro_mem/mem/w_mask_in[63]
[WARNING DRT-0419] No routing tracks pass through the center of Term be_mmu/dcache/data_mem_0__data_mem/macro_mem/mem/rd_out[0]
[WARNING DRT-0419] No routing tracks pass through the center of Term be_mmu/dcache/data_mem_0__data_mem/macro_mem/mem/rd_out[1]
[WARNING DRT-0419] No routing tracks pass through the center of Term be_mmu/dcache/data_mem_0__data_mem/macro_mem/mem/rd_out[2]
[WARNING DRT-0419] No routing tracks pass through the center of Term be_mmu/dcache/data_mem_0__data_mem/macro_mem/mem/rd_out[3]
[WARNING DRT-0419] No routing tracks pass through the center of Term be_mmu/dcache/data_mem_0__data_mem/macro_mem/mem/rd_out[4]
[WARNING DRT-0419] No routing tracks pass through the center of Term be_mmu/dcache/data_mem_0__data_mem/macro_mem/mem/rd_out[5]
[WARNING DRT-0419] No routing tracks pass through the center of Term be_mmu/dcache/data_mem_0__data_mem/macro_mem/mem/rd_out[6]
[WARNING DRT-0419] No routing tracks pass through the center of Term be_mmu/dcache/data_mem_0__data_mem/macro_mem/mem/rd_out[7]
[WARNING DRT-0419] No routing tracks pass through the center of Term be_mmu/dcache/data_mem_0__data_mem/macro_mem/mem/rd_out[8]
[WARNING DRT-0419] No routing tracks pass through the center of Term be_mmu/dcache/data_mem_0__data_mem/macro_mem/mem/rd_out[9]
[WARNING DRT-0419] No routing tracks pass through the center of Term be_mmu/dcache/data_mem_0__data_mem/macro_mem/mem/rd_out[10]
[WARNING DRT-0419] No routing tracks pass through the center of Term be_mmu/dcache/data_mem_0__data_mem/macro_mem/mem/rd_out[11]
[WARNING DRT-0419] No routing tracks pass through the center of Term be_mmu/dcache/data_mem_0__data_mem/macro_mem/mem/rd_out[12]
[WARNING DRT-0419] No routing tracks pass through the center of Term be_mmu/dcache/data_mem_0__data_mem/macro_mem/mem/rd_out[13]
[WARNING DRT-0419] No routing tracks pass through the center of Term be_mmu/dcache/data_mem_0__data_mem/macro_mem/mem/rd_out[14]
[WARNING DRT-0419] No routing tracks pass through the center of Term be_mmu/dcache/data_mem_0__data_mem/macro_mem/mem/rd_out[15]
[WARNING DRT-0419] No routing tracks pass through the center of Term be_mmu/dcache/data_mem_0__data_mem/macro_mem/mem/rd_out[16]
[WARNING DRT-0419] No routing tracks pass through the center of Term be_mmu/dcache/data_mem_0__data_mem/macro_mem/mem/rd_out[17]
[WARNING DRT-0419] No routing tracks pass through the center of Term be_mmu/dcache/data_mem_0__data_mem/macro_mem/mem/rd_out[18]
[WARNING DRT-0419] No routing tracks pass through the center of Term be_mmu/dcache/data_mem_0__data_mem/macro_mem/mem/rd_out[19]
[WARNING DRT-0419] No routing tracks pass through the center of Term be_mmu/dcache/data_mem_0__data_mem/macro_mem/mem/rd_out[20]
[WARNING DRT-0419] No routing tracks pass through the center of Term be_mmu/dcache/data_mem_0__data_mem/macro_mem/mem/rd_out[21]
[WARNING DRT-0419] No routing tracks pass through the center of Term be_mmu/dcache/data_mem_0__data_mem/macro_mem/mem/rd_out[22]
[WARNING DRT-0419] No routing tracks pass through the center of Term be_mmu/dcache/data_mem_0__data_mem/macro_mem/mem/rd_out[23]
[WARNING DRT-0419] No routing tracks pass through the center of Term be_mmu/dcache/data_mem_0__data_mem/macro_mem/mem/rd_out[24]
[WARNING DRT-0419] No routing tracks pass through the center of Term be_mmu/dcache/data_mem_0__data_mem/macro_mem/mem/rd_out[25]
[WARNING DRT-0419] No routing tracks pass through the center of Term be_mmu/dcache/data_mem_0__data_mem/macro_mem/mem/rd_out[26]
[WARNING DRT-0419] No routing tracks pass through the center of Term be_mmu/dcache/data_mem_0__data_mem/macro_mem/mem/rd_out[27]
[WARNING DRT-0419] No routing tracks pass through the center of Term be_mmu/dcache/data_mem_0__data_mem/macro_mem/mem/rd_out[28]
[WARNING DRT-0419] No routing tracks pass through the center of Term be_mmu/dcache/data_mem_0__data_mem/macro_mem/mem/rd_out[29]
[WARNING DRT-0419] No routing tracks pass through the center of Term be_mmu/dcache/data_mem_0__data_mem/macro_mem/mem/rd_out[30]
[WARNING DRT-0419] No routing tracks pass through the center of Term be_mmu/dcache/data_mem_0__data_mem/macro_mem/mem/rd_out[31]
[WARNING DRT-0419] No routing tracks pass through the center of Term be_mmu/dcache/data_mem_0__data_mem/macro_mem/mem/rd_out[32]
[WARNING DRT-0419] No routing tracks pass through the center of Term be_mmu/dcache/data_mem_0__data_mem/macro_mem/mem/rd_out[33]
[WARNING DRT-0419] No routing tracks pass through the center of Term be_mmu/dcache/data_mem_0__data_mem/macro_mem/mem/rd_out[34]
[WARNING DRT-0419] No routing tracks pass through the center of Term be_mmu/dcache/data_mem_0__data_mem/macro_mem/mem/rd_out[35]
[WARNING DRT-0419] No routing tracks pass through the center of Term be_mmu/dcache/data_mem_0__data_mem/macro_mem/mem/rd_out[36]
[WARNING DRT-0419] No routing tracks pass through the center of Term be_mmu/dcache/data_mem_0__data_mem/macro_mem/mem/rd_out[37]
[WARNING DRT-0419] No routing tracks pass through the center of Term be_mmu/dcache/data_mem_0__data_mem/macro_mem/mem/rd_out[38]
[WARNING DRT-0419] No routing tracks pass through the center of Term be_mmu/dcache/data_mem_0__data_mem/macro_mem/mem/rd_out[39]
[WARNING DRT-0419] No routing tracks pass through the center of Term be_mmu/dcache/data_mem_0__data_mem/macro_mem/mem/rd_out[40]
[WARNING DRT-0419] No routing tracks pass through the center of Term be_mmu/dcache/data_mem_0__data_mem/macro_mem/mem/rd_out[41]
[WARNING DRT-0419] No routing tracks pass through the center of Term be_mmu/dcache/data_mem_0__data_mem/macro_mem/mem/rd_out[42]
[WARNING DRT-0419] No routing tracks pass through the center of Term be_mmu/dcache/data_mem_0__data_mem/macro_mem/mem/rd_out[43]
[WARNING DRT-0419] No routing tracks pass through the center of Term be_mmu/dcache/data_mem_0__data_mem/macro_mem/mem/rd_out[44]
[WARNING DRT-0419] No routing tracks pass through the center of Term be_mmu/dcache/data_mem_0__data_mem/macro_mem/mem/rd_out[45]
[WARNING DRT-0419] No routing tracks pass through the center of Term be_mmu/dcache/data_mem_0__data_mem/macro_mem/mem/rd_out[46]
[WARNING DRT-0419] No routing tracks pass through the center of Term be_mmu/dcache/data_mem_0__data_mem/macro_mem/mem/rd_out[47]
[WARNING DRT-0419] No routing tracks pass through the center of Term be_mmu/dcache/data_mem_0__data_mem/macro_mem/mem/rd_out[48]
[WARNING DRT-0419] No routing tracks pass through the center of Term be_mmu/dcache/data_mem_0__data_mem/macro_mem/mem/rd_out[49]
[WARNING DRT-0419] No routing tracks pass through the center of Term be_mmu/dcache/data_mem_0__data_mem/macro_mem/mem/rd_out[50]
[WARNING DRT-0419] No routing tracks pass through the center of Term be_mmu/dcache/data_mem_0__data_mem/macro_mem/mem/rd_out[51]
[WARNING DRT-0419] No routing tracks pass through the center of Term be_mmu/dcache/data_mem_0__data_mem/macro_mem/mem/rd_out[52]
[WARNING DRT-0419] No routing tracks pass through the center of Term be_mmu/dcache/data_mem_0__data_mem/macro_mem/mem/rd_out[53]
[WARNING DRT-0419] No routing tracks pass through the center of Term be_mmu/dcache/data_mem_0__data_mem/macro_mem/mem/rd_out[54]
[WARNING DRT-0419] No routing tracks pass through the center of Term be_mmu/dcache/data_mem_0__data_mem/macro_mem/mem/rd_out[55]
[WARNING DRT-0419] No routing tracks pass through the center of Term be_mmu/dcache/data_mem_0__data_mem/macro_mem/mem/rd_out[56]
[WARNING DRT-0419] No routing tracks pass through the center of Term be_mmu/dcache/data_mem_0__data_mem/macro_mem/mem/rd_out[57]
[WARNING DRT-0419] No routing tracks pass through the center of Term be_mmu/dcache/data_mem_0__data_mem/macro_mem/mem/rd_out[58]
[WARNING DRT-0419] No routing tracks pass through the center of Term be_mmu/dcache/data_mem_0__data_mem/macro_mem/mem/rd_out[59]
[WARNING DRT-0419] No routing tracks pass through the center of Term be_mmu/dcache/data_mem_0__data_mem/macro_mem/mem/rd_out[60]
[WARNING DRT-0419] No routing tracks pass through the center of Term be_mmu/dcache/data_mem_0__data_mem/macro_mem/mem/rd_out[61]
[WARNING DRT-0419] No routing tracks pass through the center of Term be_mmu/dcache/data_mem_0__data_mem/macro_mem/mem/rd_out[62]
[WARNING DRT-0419] No routing tracks pass through the center of Term be_mmu/dcache/data_mem_0__data_mem/macro_mem/mem/rd_out[63]
[WARNING DRT-0419] No routing tracks pass through the center of Term be_mmu/dcache/data_mem_0__data_mem/macro_mem/mem/wd_in[0]
[WARNING DRT-0419] No routing tracks pass through the center of Term be_mmu/dcache/data_mem_0__data_mem/macro_mem/mem/wd_in[1]
[WARNING DRT-0419] No routing tracks pass through the center of Term be_mmu/dcache/data_mem_0__data_mem/macro_mem/mem/wd_in[2]
[WARNING DRT-0419] No routing tracks pass through the center of Term be_mmu/dcache/data_mem_0__data_mem/macro_mem/mem/wd_in[3]
[WARNING DRT-0419] No routing tracks pass through the center of Term be_mmu/dcache/data_mem_0__data_mem/macro_mem/mem/wd_in[4]
[WARNING DRT-0419] No routing tracks pass through the center of Term be_mmu/dcache/data_mem_0__data_mem/macro_mem/mem/wd_in[5]
[WARNING DRT-0419] No routing tracks pass through the center of Term be_mmu/dcache/data_mem_0__data_mem/macro_mem/mem/wd_in[6]
[WARNING DRT-0419] No routing tracks pass through the center of Term be_mmu/dcache/data_mem_0__data_mem/macro_mem/mem/wd_in[7]
[WARNING DRT-0419] No routing tracks pass through the center of Term be_mmu/dcache/data_mem_0__data_mem/macro_mem/mem/wd_in[8]
[WARNING DRT-0419] No routing tracks pass through the center of Term be_mmu/dcache/data_mem_0__data_mem/macro_mem/mem/wd_in[9]
[WARNING DRT-0419] No routing tracks pass through the center of Term be_mmu/dcache/data_mem_0__data_mem/macro_mem/mem/wd_in[10]
[WARNING DRT-0419] No routing tracks pass through the center of Term be_mmu/dcache/data_mem_0__data_mem/macro_mem/mem/wd_in[11]
[WARNING DRT-0419] No routing tracks pass through the center of Term be_mmu/dcache/data_mem_0__data_mem/macro_mem/mem/wd_in[12]
[WARNING DRT-0419] No routing tracks pass through the center of Term be_mmu/dcache/data_mem_0__data_mem/macro_mem/mem/wd_in[13]
[WARNING DRT-0419] No routing tracks pass through the center of Term be_mmu/dcache/data_mem_0__data_mem/macro_mem/mem/wd_in[14]
[WARNING DRT-0419] No routing tracks pass through the center of Term be_mmu/dcache/data_mem_0__data_mem/macro_mem/mem/wd_in[15]
[WARNING DRT-0419] No routing tracks pass through the center of Term be_mmu/dcache/data_mem_0__data_mem/macro_mem/mem/wd_in[16]
[WARNING DRT-0419] No routing tracks pass through the center of Term be_mmu/dcache/data_mem_0__data_mem/macro_mem/mem/wd_in[17]
[WARNING DRT-0419] No routing tracks pass through the center of Term be_mmu/dcache/data_mem_0__data_mem/macro_mem/mem/wd_in[18]
[WARNING DRT-0419] No routing tracks pass through the center of Term be_mmu/dcache/data_mem_0__data_mem/macro_mem/mem/wd_in[19]
[WARNING DRT-0419] No routing tracks pass through the center of Term be_mmu/dcache/data_mem_0__data_mem/macro_mem/mem/wd_in[20]
[WARNING DRT-0419] No routing tracks pass through the center of Term be_mmu/dcache/data_mem_0__data_mem/macro_mem/mem/wd_in[21]
[WARNING DRT-0419] No routing tracks pass through the center of Term be_mmu/dcache/data_mem_0__data_mem/macro_mem/mem/wd_in[22]
[WARNING DRT-0419] No routing tracks pass through the center of Term be_mmu/dcache/data_mem_0__data_mem/macro_mem/mem/wd_in[23]
[WARNING DRT-0419] No routing tracks pass through the center of Term be_mmu/dcache/data_mem_0__data_mem/macro_mem/mem/wd_in[24]
[WARNING DRT-0419] No routing tracks pass through the center of Term be_mmu/dcache/data_mem_0__data_mem/macro_mem/mem/wd_in[25]
[WARNING DRT-0419] No routing tracks pass through the center of Term be_mmu/dcache/data_mem_0__data_mem/macro_mem/mem/wd_in[26]
[WARNING DRT-0419] No routing tracks pass through the center of Term be_mmu/dcache/data_mem_0__data_mem/macro_mem/mem/wd_in[27]
[WARNING DRT-0419] No routing tracks pass through the center of Term be_mmu/dcache/data_mem_0__data_mem/macro_mem/mem/wd_in[28]
[WARNING DRT-0419] No routing tracks pass through the center of Term be_mmu/dcache/data_mem_0__data_mem/macro_mem/mem/wd_in[29]
[WARNING DRT-0419] No routing tracks pass through the center of Term be_mmu/dcache/data_mem_0__data_mem/macro_mem/mem/wd_in[30]
[WARNING DRT-0419] No routing tracks pass through the center of Term be_mmu/dcache/data_mem_0__data_mem/macro_mem/mem/wd_in[31]
[WARNING DRT-0419] No routing tracks pass through the center of Term be_mmu/dcache/data_mem_0__data_mem/macro_mem/mem/wd_in[32]
[WARNING DRT-0419] No routing tracks pass through the center of Term be_mmu/dcache/data_mem_0__data_mem/macro_mem/mem/wd_in[33]
[WARNING DRT-0419] No routing tracks pass through the center of Term be_mmu/dcache/data_mem_0__data_mem/macro_mem/mem/wd_in[34]
[WARNING DRT-0419] No routing tracks pass through the center of Term be_mmu/dcache/data_mem_0__data_mem/macro_mem/mem/wd_in[35]
[WARNING DRT-0419] No routing tracks pass through the center of Term be_mmu/dcache/data_mem_0__data_mem/macro_mem/mem/wd_in[36]
[WARNING DRT-0419] No routing tracks pass through the center of Term be_mmu/dcache/data_mem_0__data_mem/macro_mem/mem/wd_in[37]
[WARNING DRT-0419] No routing tracks pass through the center of Term be_mmu/dcache/data_mem_0__data_mem/macro_mem/mem/wd_in[38]
[WARNING DRT-0419] No routing tracks pass through the center of Term be_mmu/dcache/data_mem_0__data_mem/macro_mem/mem/wd_in[39]
[WARNING DRT-0419] No routing tracks pass through the center of Term be_mmu/dcache/data_mem_0__data_mem/macro_mem/mem/wd_in[40]
[WARNING DRT-0419] No routing tracks pass through the center of Term be_mmu/dcache/data_mem_0__data_mem/macro_mem/mem/wd_in[41]
[WARNING DRT-0419] No routing tracks pass through the center of Term be_mmu/dcache/data_mem_0__data_mem/macro_mem/mem/wd_in[42]
[WARNING DRT-0419] No routing tracks pass through the center of Term be_mmu/dcache/data_mem_0__data_mem/macro_mem/mem/wd_in[43]
[WARNING DRT-0419] No routing tracks pass through the center of Term be_mmu/dcache/data_mem_0__data_mem/macro_mem/mem/wd_in[44]
[WARNING DRT-0419] No routing tracks pass through the center of Term be_mmu/dcache/data_mem_0__data_mem/macro_mem/mem/wd_in[45]
[WARNING DRT-0419] No routing tracks pass through the center of Term be_mmu/dcache/data_mem_0__data_mem/macro_mem/mem/wd_in[46]
[WARNING DRT-0419] No routing tracks pass through the center of Term be_mmu/dcache/data_mem_0__data_mem/macro_mem/mem/wd_in[47]
[WARNING DRT-0419] No routing tracks pass through the center of Term be_mmu/dcache/data_mem_0__data_mem/macro_mem/mem/wd_in[48]
[WARNING DRT-0419] No routing tracks pass through the center of Term be_mmu/dcache/data_mem_0__data_mem/macro_mem/mem/wd_in[49]
[WARNING DRT-0419] No routing tracks pass through the center of Term be_mmu/dcache/data_mem_0__data_mem/macro_mem/mem/wd_in[50]
[WARNING DRT-0419] No routing tracks pass through the center of Term be_mmu/dcache/data_mem_0__data_mem/macro_mem/mem/wd_in[51]
[WARNING DRT-0419] No routing tracks pass through the center of Term be_mmu/dcache/data_mem_0__data_mem/macro_mem/mem/wd_in[52]
[WARNING DRT-0419] No routing tracks pass through the center of Term be_mmu/dcache/data_mem_0__data_mem/macro_mem/mem/wd_in[53]
[WARNING DRT-0419] No routing tracks pass through the center of Term be_mmu/dcache/data_mem_0__data_mem/macro_mem/mem/wd_in[54]
[WARNING DRT-0419] No routing tracks pass through the center of Term be_mmu/dcache/data_mem_0__data_mem/macro_mem/mem/wd_in[55]
[WARNING DRT-0419] No routing tracks pass through the center of Term be_mmu/dcache/data_mem_0__data_mem/macro_mem/mem/wd_in[56]
[WARNING DRT-0419] No routing tracks pass through the center of Term be_mmu/dcache/data_mem_0__data_mem/macro_mem/mem/wd_in[57]
[WARNING DRT-0419] No routing tracks pass through the center of Term be_mmu/dcache/data_mem_0__data_mem/macro_mem/mem/wd_in[58]
[WARNING DRT-0419] No routing tracks pass through the center of Term be_mmu/dcache/data_mem_0__data_mem/macro_mem/mem/wd_in[59]
[WARNING DRT-0419] No routing tracks pass through the center of Term be_mmu/dcache/data_mem_0__data_mem/macro_mem/mem/wd_in[60]
[WARNING DRT-0419] No routing tracks pass through the center of Term be_mmu/dcache/data_mem_0__data_mem/macro_mem/mem/wd_in[61]
[WARNING DRT-0419] No routing tracks pass through the center of Term be_mmu/dcache/data_mem_0__data_mem/macro_mem/mem/wd_in[62]
[WARNING DRT-0419] No routing tracks pass through the center of Term be_mmu/dcache/data_mem_0__data_mem/macro_mem/mem/wd_in[63]
[WARNING DRT-0419] No routing tracks pass through the center of Term be_mmu/dcache/data_mem_0__data_mem/macro_mem/mem/addr_in[0]
[WARNING DRT-0419] No routing tracks pass through the center of Term be_mmu/dcache/data_mem_0__data_mem/macro_mem/mem/addr_in[1]
[WARNING DRT-0419] No routing tracks pass through the center of Term be_mmu/dcache/data_mem_0__data_mem/macro_mem/mem/addr_in[2]
[WARNING DRT-0419] No routing tracks pass through the center of Term be_mmu/dcache/data_mem_0__data_mem/macro_mem/mem/addr_in[3]
[WARNING DRT-0419] No routing tracks pass through the center of Term be_mmu/dcache/data_mem_0__data_mem/macro_mem/mem/addr_in[4]
[WARNING DRT-0419] No routing tracks pass through the center of Term be_mmu/dcache/data_mem_0__data_mem/macro_mem/mem/addr_in[5]
[WARNING DRT-0419] No routing tracks pass through the center of Term be_mmu/dcache/data_mem_0__data_mem/macro_mem/mem/addr_in[6]
[WARNING DRT-0419] No routing tracks pass through the center of Term be_mmu/dcache/data_mem_0__data_mem/macro_mem/mem/addr_in[7]
[WARNING DRT-0419] No routing tracks pass through the center of Term be_mmu/dcache/data_mem_0__data_mem/macro_mem/mem/addr_in[8]
[WARNING DRT-0419] No routing tracks pass through the center of Term be_mmu/dcache/data_mem_0__data_mem/macro_mem/mem/we_in
[WARNING DRT-0419] No routing tracks pass through the center of Term be_mmu/dcache/data_mem_0__data_mem/macro_mem/mem/ce_in
[WARNING DRT-0419] No routing tracks pass through the center of Term be_mmu/dcache/data_mem_0__data_mem/macro_mem/mem/clk
[WARNING DRT-0419] No routing tracks pass through the center of Term be_mmu/dcache/data_mem_1__data_mem/macro_mem/mem/w_mask_in[0]
[WARNING DRT-0419] No routing tracks pass through the center of Term be_mmu/dcache/data_mem_1__data_mem/macro_mem/mem/w_mask_in[1]
[WARNING DRT-0419] No routing tracks pass through the center of Term be_mmu/dcache/data_mem_1__data_mem/macro_mem/mem/w_mask_in[2]
[WARNING DRT-0419] No routing tracks pass through the center of Term be_mmu/dcache/data_mem_1__data_mem/macro_mem/mem/w_mask_in[3]
[WARNING DRT-0419] No routing tracks pass through the center of Term be_mmu/dcache/data_mem_1__data_mem/macro_mem/mem/w_mask_in[4]
[WARNING DRT-0419] No routing tracks pass through the center of Term be_mmu/dcache/data_mem_1__data_mem/macro_mem/mem/w_mask_in[5]
[WARNING DRT-0419] No routing tracks pass through the center of Term be_mmu/dcache/data_mem_1__data_mem/macro_mem/mem/w_mask_in[6]
[WARNING DRT-0419] No routing tracks pass through the center of Term be_mmu/dcache/data_mem_1__data_mem/macro_mem/mem/w_mask_in[7]
[WARNING DRT-0419] No routing tracks pass through the center of Term be_mmu/dcache/data_mem_1__data_mem/macro_mem/mem/w_mask_in[8]
[WARNING DRT-0419] No routing tracks pass through the center of Term be_mmu/dcache/data_mem_1__data_mem/macro_mem/mem/w_mask_in[9]
[WARNING DRT-0419] No routing tracks pass through the center of Term be_mmu/dcache/data_mem_1__data_mem/macro_mem/mem/w_mask_in[10]
[WARNING DRT-0419] No routing tracks pass through the center of Term be_mmu/dcache/data_mem_1__data_mem/macro_mem/mem/w_mask_in[11]
[WARNING DRT-0419] No routing tracks pass through the center of Term be_mmu/dcache/data_mem_1__data_mem/macro_mem/mem/w_mask_in[12]
[WARNING DRT-0419] No routing tracks pass through the center of Term be_mmu/dcache/data_mem_1__data_mem/macro_mem/mem/w_mask_in[13]
[WARNING DRT-0419] No routing tracks pass through the center of Term be_mmu/dcache/data_mem_1__data_mem/macro_mem/mem/w_mask_in[14]
[WARNING DRT-0419] No routing tracks pass through the center of Term be_mmu/dcache/data_mem_1__data_mem/macro_mem/mem/w_mask_in[15]
[WARNING DRT-0419] No routing tracks pass through the center of Term be_mmu/dcache/data_mem_1__data_mem/macro_mem/mem/w_mask_in[16]
[WARNING DRT-0419] No routing tracks pass through the center of Term be_mmu/dcache/data_mem_1__data_mem/macro_mem/mem/w_mask_in[17]
[WARNING DRT-0419] No routing tracks pass through the center of Term be_mmu/dcache/data_mem_1__data_mem/macro_mem/mem/w_mask_in[18]
[WARNING DRT-0419] No routing tracks pass through the center of Term be_mmu/dcache/data_mem_1__data_mem/macro_mem/mem/w_mask_in[19]
[WARNING DRT-0419] No routing tracks pass through the center of Term be_mmu/dcache/data_mem_1__data_mem/macro_mem/mem/w_mask_in[20]
[WARNING DRT-0419] No routing tracks pass through the center of Term be_mmu/dcache/data_mem_1__data_mem/macro_mem/mem/w_mask_in[21]
[WARNING DRT-0419] No routing tracks pass through the center of Term be_mmu/dcache/data_mem_1__data_mem/macro_mem/mem/w_mask_in[22]
[WARNING DRT-0419] No routing tracks pass through the center of Term be_mmu/dcache/data_mem_1__data_mem/macro_mem/mem/w_mask_in[23]
[WARNING DRT-0419] No routing tracks pass through the center of Term be_mmu/dcache/data_mem_1__data_mem/macro_mem/mem/w_mask_in[24]
[WARNING DRT-0419] No routing tracks pass through the center of Term be_mmu/dcache/data_mem_1__data_mem/macro_mem/mem/w_mask_in[25]
[WARNING DRT-0419] No routing tracks pass through the center of Term be_mmu/dcache/data_mem_1__data_mem/macro_mem/mem/w_mask_in[26]
[WARNING DRT-0419] No routing tracks pass through the center of Term be_mmu/dcache/data_mem_1__data_mem/macro_mem/mem/w_mask_in[27]
[WARNING DRT-0419] No routing tracks pass through the center of Term be_mmu/dcache/data_mem_1__data_mem/macro_mem/mem/w_mask_in[28]
[WARNING DRT-0419] No routing tracks pass through the center of Term be_mmu/dcache/data_mem_1__data_mem/macro_mem/mem/w_mask_in[29]
[WARNING DRT-0419] No routing tracks pass through the center of Term be_mmu/dcache/data_mem_1__data_mem/macro_mem/mem/w_mask_in[30]
[WARNING DRT-0419] No routing tracks pass through the center of Term be_mmu/dcache/data_mem_1__data_mem/macro_mem/mem/w_mask_in[31]
[WARNING DRT-0419] No routing tracks pass through the center of Term be_mmu/dcache/data_mem_1__data_mem/macro_mem/mem/w_mask_in[32]
[WARNING DRT-0419] No routing tracks pass through the center of Term be_mmu/dcache/data_mem_1__data_mem/macro_mem/mem/w_mask_in[33]
[WARNING DRT-0419] No routing tracks pass through the center of Term be_mmu/dcache/data_mem_1__data_mem/macro_mem/mem/w_mask_in[34]
[WARNING DRT-0419] No routing tracks pass through the center of Term be_mmu/dcache/data_mem_1__data_mem/macro_mem/mem/w_mask_in[35]
[WARNING DRT-0419] No routing tracks pass through the center of Term be_mmu/dcache/data_mem_1__data_mem/macro_mem/mem/w_mask_in[36]
[WARNING DRT-0419] No routing tracks pass through the center of Term be_mmu/dcache/data_mem_1__data_mem/macro_mem/mem/w_mask_in[37]
[WARNING DRT-0419] No routing tracks pass through the center of Term be_mmu/dcache/data_mem_1__data_mem/macro_mem/mem/w_mask_in[38]
[WARNING DRT-0419] No routing tracks pass through the center of Term be_mmu/dcache/data_mem_1__data_mem/macro_mem/mem/w_mask_in[39]
[WARNING DRT-0419] No routing tracks pass through the center of Term be_mmu/dcache/data_mem_1__data_mem/macro_mem/mem/w_mask_in[40]
[WARNING DRT-0419] No routing tracks pass through the center of Term be_mmu/dcache/data_mem_1__data_mem/macro_mem/mem/w_mask_in[41]
[WARNING DRT-0419] No routing tracks pass through the center of Term be_mmu/dcache/data_mem_1__data_mem/macro_mem/mem/w_mask_in[42]
[WARNING DRT-0419] No routing tracks pass through the center of Term be_mmu/dcache/data_mem_1__data_mem/macro_mem/mem/w_mask_in[43]
[WARNING DRT-0419] No routing tracks pass through the center of Term be_mmu/dcache/data_mem_1__data_mem/macro_mem/mem/w_mask_in[44]
[WARNING DRT-0419] No routing tracks pass through the center of Term be_mmu/dcache/data_mem_1__data_mem/macro_mem/mem/w_mask_in[45]
[WARNING DRT-0419] No routing tracks pass through the center of Term be_mmu/dcache/data_mem_1__data_mem/macro_mem/mem/w_mask_in[46]
[WARNING DRT-0419] No routing tracks pass through the center of Term be_mmu/dcache/data_mem_1__data_mem/macro_mem/mem/w_mask_in[47]
[WARNING DRT-0419] No routing tracks pass through the center of Term be_mmu/dcache/data_mem_1__data_mem/macro_mem/mem/w_mask_in[48]
[WARNING DRT-0419] No routing tracks pass through the center of Term be_mmu/dcache/data_mem_1__data_mem/macro_mem/mem/w_mask_in[49]
[WARNING DRT-0419] No routing tracks pass through the center of Term be_mmu/dcache/data_mem_1__data_mem/macro_mem/mem/w_mask_in[50]
[WARNING DRT-0419] No routing tracks pass through the center of Term be_mmu/dcache/data_mem_1__data_mem/macro_mem/mem/w_mask_in[51]
[WARNING DRT-0419] No routing tracks pass through the center of Term be_mmu/dcache/data_mem_1__data_mem/macro_mem/mem/w_mask_in[52]
[WARNING DRT-0419] No routing tracks pass through the center of Term be_mmu/dcache/data_mem_1__data_mem/macro_mem/mem/w_mask_in[53]
[WARNING DRT-0419] No routing tracks pass through the center of Term be_mmu/dcache/data_mem_1__data_mem/macro_mem/mem/w_mask_in[54]
[WARNING DRT-0419] No routing tracks pass through the center of Term be_mmu/dcache/data_mem_1__data_mem/macro_mem/mem/w_mask_in[55]
[WARNING DRT-0419] No routing tracks pass through the center of Term be_mmu/dcache/data_mem_1__data_mem/macro_mem/mem/w_mask_in[56]
[WARNING DRT-0419] No routing tracks pass through the center of Term be_mmu/dcache/data_mem_1__data_mem/macro_mem/mem/w_mask_in[57]
[WARNING DRT-0419] No routing tracks pass through the center of Term be_mmu/dcache/data_mem_1__data_mem/macro_mem/mem/w_mask_in[58]
[WARNING DRT-0419] No routing tracks pass through the center of Term be_mmu/dcache/data_mem_1__data_mem/macro_mem/mem/w_mask_in[59]
[WARNING DRT-0419] No routing tracks pass through the center of Term be_mmu/dcache/data_mem_1__data_mem/macro_mem/mem/w_mask_in[60]
[WARNING DRT-0419] No routing tracks pass through the center of Term be_mmu/dcache/data_mem_1__data_mem/macro_mem/mem/w_mask_in[61]
[WARNING DRT-0419] No routing tracks pass through the center of Term be_mmu/dcache/data_mem_1__data_mem/macro_mem/mem/w_mask_in[62]
[WARNING DRT-0419] No routing tracks pass through the center of Term be_mmu/dcache/data_mem_1__data_mem/macro_mem/mem/w_mask_in[63]
[WARNING DRT-0419] No routing tracks pass through the center of Term be_mmu/dcache/data_mem_1__data_mem/macro_mem/mem/rd_out[0]
[WARNING DRT-0419] No routing tracks pass through the center of Term be_mmu/dcache/data_mem_1__data_mem/macro_mem/mem/rd_out[1]
[WARNING DRT-0419] No routing tracks pass through the center of Term be_mmu/dcache/data_mem_1__data_mem/macro_mem/mem/rd_out[2]
[WARNING DRT-0419] No routing tracks pass through the center of Term be_mmu/dcache/data_mem_1__data_mem/macro_mem/mem/rd_out[3]
[WARNING DRT-0419] No routing tracks pass through the center of Term be_mmu/dcache/data_mem_1__data_mem/macro_mem/mem/rd_out[4]
[WARNING DRT-0419] No routing tracks pass through the center of Term be_mmu/dcache/data_mem_1__data_mem/macro_mem/mem/rd_out[5]
[WARNING DRT-0419] No routing tracks pass through the center of Term be_mmu/dcache/data_mem_1__data_mem/macro_mem/mem/rd_out[6]
[WARNING DRT-0419] No routing tracks pass through the center of Term be_mmu/dcache/data_mem_1__data_mem/macro_mem/mem/rd_out[7]
[WARNING DRT-0419] No routing tracks pass through the center of Term be_mmu/dcache/data_mem_1__data_mem/macro_mem/mem/rd_out[8]
[WARNING DRT-0419] No routing tracks pass through the center of Term be_mmu/dcache/data_mem_1__data_mem/macro_mem/mem/rd_out[9]
[WARNING DRT-0419] No routing tracks pass through the center of Term be_mmu/dcache/data_mem_1__data_mem/macro_mem/mem/rd_out[10]
[WARNING DRT-0419] No routing tracks pass through the center of Term be_mmu/dcache/data_mem_1__data_mem/macro_mem/mem/rd_out[11]
[WARNING DRT-0419] No routing tracks pass through the center of Term be_mmu/dcache/data_mem_1__data_mem/macro_mem/mem/rd_out[12]
[WARNING DRT-0419] No routing tracks pass through the center of Term be_mmu/dcache/data_mem_1__data_mem/macro_mem/mem/rd_out[13]
[WARNING DRT-0419] No routing tracks pass through the center of Term be_mmu/dcache/data_mem_1__data_mem/macro_mem/mem/rd_out[14]
[WARNING DRT-0419] No routing tracks pass through the center of Term be_mmu/dcache/data_mem_1__data_mem/macro_mem/mem/rd_out[15]
[WARNING DRT-0419] No routing tracks pass through the center of Term be_mmu/dcache/data_mem_1__data_mem/macro_mem/mem/rd_out[16]
[WARNING DRT-0419] No routing tracks pass through the center of Term be_mmu/dcache/data_mem_1__data_mem/macro_mem/mem/rd_out[17]
[WARNING DRT-0419] No routing tracks pass through the center of Term be_mmu/dcache/data_mem_1__data_mem/macro_mem/mem/rd_out[18]
[WARNING DRT-0419] No routing tracks pass through the center of Term be_mmu/dcache/data_mem_1__data_mem/macro_mem/mem/rd_out[19]
[WARNING DRT-0419] No routing tracks pass through the center of Term be_mmu/dcache/data_mem_1__data_mem/macro_mem/mem/rd_out[20]
[WARNING DRT-0419] No routing tracks pass through the center of Term be_mmu/dcache/data_mem_1__data_mem/macro_mem/mem/rd_out[21]
[WARNING DRT-0419] No routing tracks pass through the center of Term be_mmu/dcache/data_mem_1__data_mem/macro_mem/mem/rd_out[22]
[WARNING DRT-0419] No routing tracks pass through the center of Term be_mmu/dcache/data_mem_1__data_mem/macro_mem/mem/rd_out[23]
[WARNING DRT-0419] No routing tracks pass through the center of Term be_mmu/dcache/data_mem_1__data_mem/macro_mem/mem/rd_out[24]
[WARNING DRT-0419] No routing tracks pass through the center of Term be_mmu/dcache/data_mem_1__data_mem/macro_mem/mem/rd_out[25]
[WARNING DRT-0419] No routing tracks pass through the center of Term be_mmu/dcache/data_mem_1__data_mem/macro_mem/mem/rd_out[26]
[WARNING DRT-0419] No routing tracks pass through the center of Term be_mmu/dcache/data_mem_1__data_mem/macro_mem/mem/rd_out[27]
[WARNING DRT-0419] No routing tracks pass through the center of Term be_mmu/dcache/data_mem_1__data_mem/macro_mem/mem/rd_out[28]
[WARNING DRT-0419] No routing tracks pass through the center of Term be_mmu/dcache/data_mem_1__data_mem/macro_mem/mem/rd_out[29]
[WARNING DRT-0419] No routing tracks pass through the center of Term be_mmu/dcache/data_mem_1__data_mem/macro_mem/mem/rd_out[30]
[WARNING DRT-0419] No routing tracks pass through the center of Term be_mmu/dcache/data_mem_1__data_mem/macro_mem/mem/rd_out[31]
[WARNING DRT-0419] No routing tracks pass through the center of Term be_mmu/dcache/data_mem_1__data_mem/macro_mem/mem/rd_out[32]
[WARNING DRT-0419] No routing tracks pass through the center of Term be_mmu/dcache/data_mem_1__data_mem/macro_mem/mem/rd_out[33]
[WARNING DRT-0419] No routing tracks pass through the center of Term be_mmu/dcache/data_mem_1__data_mem/macro_mem/mem/rd_out[34]
[WARNING DRT-0419] No routing tracks pass through the center of Term be_mmu/dcache/data_mem_1__data_mem/macro_mem/mem/rd_out[35]
[WARNING DRT-0419] No routing tracks pass through the center of Term be_mmu/dcache/data_mem_1__data_mem/macro_mem/mem/rd_out[36]
[WARNING DRT-0419] No routing tracks pass through the center of Term be_mmu/dcache/data_mem_1__data_mem/macro_mem/mem/rd_out[37]
[WARNING DRT-0419] No routing tracks pass through the center of Term be_mmu/dcache/data_mem_1__data_mem/macro_mem/mem/rd_out[38]
[WARNING DRT-0419] No routing tracks pass through the center of Term be_mmu/dcache/data_mem_1__data_mem/macro_mem/mem/rd_out[39]
[WARNING DRT-0419] No routing tracks pass through the center of Term be_mmu/dcache/data_mem_1__data_mem/macro_mem/mem/rd_out[40]
[WARNING DRT-0419] No routing tracks pass through the center of Term be_mmu/dcache/data_mem_1__data_mem/macro_mem/mem/rd_out[41]
[WARNING DRT-0419] No routing tracks pass through the center of Term be_mmu/dcache/data_mem_1__data_mem/macro_mem/mem/rd_out[42]
[WARNING DRT-0419] No routing tracks pass through the center of Term be_mmu/dcache/data_mem_1__data_mem/macro_mem/mem/rd_out[43]
[WARNING DRT-0419] No routing tracks pass through the center of Term be_mmu/dcache/data_mem_1__data_mem/macro_mem/mem/rd_out[44]
[WARNING DRT-0419] No routing tracks pass through the center of Term be_mmu/dcache/data_mem_1__data_mem/macro_mem/mem/rd_out[45]
[WARNING DRT-0419] No routing tracks pass through the center of Term be_mmu/dcache/data_mem_1__data_mem/macro_mem/mem/rd_out[46]
[WARNING DRT-0419] No routing tracks pass through the center of Term be_mmu/dcache/data_mem_1__data_mem/macro_mem/mem/rd_out[47]
[WARNING DRT-0419] No routing tracks pass through the center of Term be_mmu/dcache/data_mem_1__data_mem/macro_mem/mem/rd_out[48]
[WARNING DRT-0419] No routing tracks pass through the center of Term be_mmu/dcache/data_mem_1__data_mem/macro_mem/mem/rd_out[49]
[WARNING DRT-0419] No routing tracks pass through the center of Term be_mmu/dcache/data_mem_1__data_mem/macro_mem/mem/rd_out[50]
[WARNING DRT-0419] No routing tracks pass through the center of Term be_mmu/dcache/data_mem_1__data_mem/macro_mem/mem/rd_out[51]
[WARNING DRT-0419] No routing tracks pass through the center of Term be_mmu/dcache/data_mem_1__data_mem/macro_mem/mem/rd_out[52]
[WARNING DRT-0419] No routing tracks pass through the center of Term be_mmu/dcache/data_mem_1__data_mem/macro_mem/mem/rd_out[53]
[WARNING DRT-0419] No routing tracks pass through the center of Term be_mmu/dcache/data_mem_1__data_mem/macro_mem/mem/rd_out[54]
[WARNING DRT-0419] No routing tracks pass through the center of Term be_mmu/dcache/data_mem_1__data_mem/macro_mem/mem/rd_out[55]
[WARNING DRT-0419] No routing tracks pass through the center of Term be_mmu/dcache/data_mem_1__data_mem/macro_mem/mem/rd_out[56]
[WARNING DRT-0419] No routing tracks pass through the center of Term be_mmu/dcache/data_mem_1__data_mem/macro_mem/mem/rd_out[57]
[WARNING DRT-0419] No routing tracks pass through the center of Term be_mmu/dcache/data_mem_1__data_mem/macro_mem/mem/rd_out[58]
[WARNING DRT-0419] No routing tracks pass through the center of Term be_mmu/dcache/data_mem_1__data_mem/macro_mem/mem/rd_out[59]
[WARNING DRT-0419] No routing tracks pass through the center of Term be_mmu/dcache/data_mem_1__data_mem/macro_mem/mem/rd_out[60]
[WARNING DRT-0419] No routing tracks pass through the center of Term be_mmu/dcache/data_mem_1__data_mem/macro_mem/mem/rd_out[61]
[WARNING DRT-0419] No routing tracks pass through the center of Term be_mmu/dcache/data_mem_1__data_mem/macro_mem/mem/rd_out[62]
[WARNING DRT-0419] No routing tracks pass through the center of Term be_mmu/dcache/data_mem_1__data_mem/macro_mem/mem/rd_out[63]
[WARNING DRT-0419] No routing tracks pass through the center of Term be_mmu/dcache/data_mem_1__data_mem/macro_mem/mem/wd_in[0]
[WARNING DRT-0419] No routing tracks pass through the center of Term be_mmu/dcache/data_mem_1__data_mem/macro_mem/mem/wd_in[1]
[WARNING DRT-0419] No routing tracks pass through the center of Term be_mmu/dcache/data_mem_1__data_mem/macro_mem/mem/wd_in[2]
[WARNING DRT-0419] No routing tracks pass through the center of Term be_mmu/dcache/data_mem_1__data_mem/macro_mem/mem/wd_in[3]
[WARNING DRT-0419] No routing tracks pass through the center of Term be_mmu/dcache/data_mem_1__data_mem/macro_mem/mem/wd_in[4]
[WARNING DRT-0419] No routing tracks pass through the center of Term be_mmu/dcache/data_mem_1__data_mem/macro_mem/mem/wd_in[5]
[WARNING DRT-0419] No routing tracks pass through the center of Term be_mmu/dcache/data_mem_1__data_mem/macro_mem/mem/wd_in[6]
[WARNING DRT-0419] No routing tracks pass through the center of Term be_mmu/dcache/data_mem_1__data_mem/macro_mem/mem/wd_in[7]
[WARNING DRT-0419] No routing tracks pass through the center of Term be_mmu/dcache/data_mem_1__data_mem/macro_mem/mem/wd_in[8]
[WARNING DRT-0419] No routing tracks pass through the center of Term be_mmu/dcache/data_mem_1__data_mem/macro_mem/mem/wd_in[9]
[WARNING DRT-0419] No routing tracks pass through the center of Term be_mmu/dcache/data_mem_1__data_mem/macro_mem/mem/wd_in[10]
[WARNING DRT-0419] No routing tracks pass through the center of Term be_mmu/dcache/data_mem_1__data_mem/macro_mem/mem/wd_in[11]
[WARNING DRT-0419] No routing tracks pass through the center of Term be_mmu/dcache/data_mem_1__data_mem/macro_mem/mem/wd_in[12]
[WARNING DRT-0419] No routing tracks pass through the center of Term be_mmu/dcache/data_mem_1__data_mem/macro_mem/mem/wd_in[13]
[WARNING DRT-0419] No routing tracks pass through the center of Term be_mmu/dcache/data_mem_1__data_mem/macro_mem/mem/wd_in[14]
[WARNING DRT-0419] No routing tracks pass through the center of Term be_mmu/dcache/data_mem_1__data_mem/macro_mem/mem/wd_in[15]
[WARNING DRT-0419] No routing tracks pass through the center of Term be_mmu/dcache/data_mem_1__data_mem/macro_mem/mem/wd_in[16]
[WARNING DRT-0419] No routing tracks pass through the center of Term be_mmu/dcache/data_mem_1__data_mem/macro_mem/mem/wd_in[17]
[WARNING DRT-0419] No routing tracks pass through the center of Term be_mmu/dcache/data_mem_1__data_mem/macro_mem/mem/wd_in[18]
[WARNING DRT-0419] No routing tracks pass through the center of Term be_mmu/dcache/data_mem_1__data_mem/macro_mem/mem/wd_in[19]
[WARNING DRT-0419] No routing tracks pass through the center of Term be_mmu/dcache/data_mem_1__data_mem/macro_mem/mem/wd_in[20]
[WARNING DRT-0419] No routing tracks pass through the center of Term be_mmu/dcache/data_mem_1__data_mem/macro_mem/mem/wd_in[21]
[WARNING DRT-0419] No routing tracks pass through the center of Term be_mmu/dcache/data_mem_1__data_mem/macro_mem/mem/wd_in[22]
[WARNING DRT-0419] No routing tracks pass through the center of Term be_mmu/dcache/data_mem_1__data_mem/macro_mem/mem/wd_in[23]
[WARNING DRT-0419] No routing tracks pass through the center of Term be_mmu/dcache/data_mem_1__data_mem/macro_mem/mem/wd_in[24]
[WARNING DRT-0419] No routing tracks pass through the center of Term be_mmu/dcache/data_mem_1__data_mem/macro_mem/mem/wd_in[25]
[WARNING DRT-0419] No routing tracks pass through the center of Term be_mmu/dcache/data_mem_1__data_mem/macro_mem/mem/wd_in[26]
[WARNING DRT-0419] No routing tracks pass through the center of Term be_mmu/dcache/data_mem_1__data_mem/macro_mem/mem/wd_in[27]
[WARNING DRT-0419] No routing tracks pass through the center of Term be_mmu/dcache/data_mem_1__data_mem/macro_mem/mem/wd_in[28]
[WARNING DRT-0419] No routing tracks pass through the center of Term be_mmu/dcache/data_mem_1__data_mem/macro_mem/mem/wd_in[29]
[WARNING DRT-0419] No routing tracks pass through the center of Term be_mmu/dcache/data_mem_1__data_mem/macro_mem/mem/wd_in[30]
[WARNING DRT-0419] No routing tracks pass through the center of Term be_mmu/dcache/data_mem_1__data_mem/macro_mem/mem/wd_in[31]
[WARNING DRT-0419] No routing tracks pass through the center of Term be_mmu/dcache/data_mem_1__data_mem/macro_mem/mem/wd_in[32]
[WARNING DRT-0419] No routing tracks pass through the center of Term be_mmu/dcache/data_mem_1__data_mem/macro_mem/mem/wd_in[33]
[WARNING DRT-0419] No routing tracks pass through the center of Term be_mmu/dcache/data_mem_1__data_mem/macro_mem/mem/wd_in[34]
[WARNING DRT-0419] No routing tracks pass through the center of Term be_mmu/dcache/data_mem_1__data_mem/macro_mem/mem/wd_in[35]
[WARNING DRT-0419] No routing tracks pass through the center of Term be_mmu/dcache/data_mem_1__data_mem/macro_mem/mem/wd_in[36]
[WARNING DRT-0419] No routing tracks pass through the center of Term be_mmu/dcache/data_mem_1__data_mem/macro_mem/mem/wd_in[37]
[WARNING DRT-0419] No routing tracks pass through the center of Term be_mmu/dcache/data_mem_1__data_mem/macro_mem/mem/wd_in[38]
[WARNING DRT-0419] No routing tracks pass through the center of Term be_mmu/dcache/data_mem_1__data_mem/macro_mem/mem/wd_in[39]
[WARNING DRT-0419] No routing tracks pass through the center of Term be_mmu/dcache/data_mem_1__data_mem/macro_mem/mem/wd_in[40]
[WARNING DRT-0419] No routing tracks pass through the center of Term be_mmu/dcache/data_mem_1__data_mem/macro_mem/mem/wd_in[41]
[WARNING DRT-0419] No routing tracks pass through the center of Term be_mmu/dcache/data_mem_1__data_mem/macro_mem/mem/wd_in[42]
[WARNING DRT-0419] No routing tracks pass through the center of Term be_mmu/dcache/data_mem_1__data_mem/macro_mem/mem/wd_in[43]
[WARNING DRT-0419] No routing tracks pass through the center of Term be_mmu/dcache/data_mem_1__data_mem/macro_mem/mem/wd_in[44]
[WARNING DRT-0419] No routing tracks pass through the center of Term be_mmu/dcache/data_mem_1__data_mem/macro_mem/mem/wd_in[45]
[WARNING DRT-0419] No routing tracks pass through the center of Term be_mmu/dcache/data_mem_1__data_mem/macro_mem/mem/wd_in[46]
[WARNING DRT-0419] No routing tracks pass through the center of Term be_mmu/dcache/data_mem_1__data_mem/macro_mem/mem/wd_in[47]
[WARNING DRT-0419] No routing tracks pass through the center of Term be_mmu/dcache/data_mem_1__data_mem/macro_mem/mem/wd_in[48]
[WARNING DRT-0419] No routing tracks pass through the center of Term be_mmu/dcache/data_mem_1__data_mem/macro_mem/mem/wd_in[49]
[WARNING DRT-0419] No routing tracks pass through the center of Term be_mmu/dcache/data_mem_1__data_mem/macro_mem/mem/wd_in[50]
[WARNING DRT-0419] No routing tracks pass through the center of Term be_mmu/dcache/data_mem_1__data_mem/macro_mem/mem/wd_in[51]
[WARNING DRT-0419] No routing tracks pass through the center of Term be_mmu/dcache/data_mem_1__data_mem/macro_mem/mem/wd_in[52]
[WARNING DRT-0419] No routing tracks pass through the center of Term be_mmu/dcache/data_mem_1__data_mem/macro_mem/mem/wd_in[53]
[WARNING DRT-0419] No routing tracks pass through the center of Term be_mmu/dcache/data_mem_1__data_mem/macro_mem/mem/wd_in[54]
[WARNING DRT-0419] No routing tracks pass through the center of Term be_mmu/dcache/data_mem_1__data_mem/macro_mem/mem/wd_in[55]
[WARNING DRT-0419] No routing tracks pass through the center of Term be_mmu/dcache/data_mem_1__data_mem/macro_mem/mem/wd_in[56]
[WARNING DRT-0419] No routing tracks pass through the center of Term be_mmu/dcache/data_mem_1__data_mem/macro_mem/mem/wd_in[57]
[WARNING DRT-0419] No routing tracks pass through the center of Term be_mmu/dcache/data_mem_1__data_mem/macro_mem/mem/wd_in[58]
[WARNING DRT-0419] No routing tracks pass through the center of Term be_mmu/dcache/data_mem_1__data_mem/macro_mem/mem/wd_in[59]
[WARNING DRT-0419] No routing tracks pass through the center of Term be_mmu/dcache/data_mem_1__data_mem/macro_mem/mem/wd_in[60]
[WARNING DRT-0419] No routing tracks pass through the center of Term be_mmu/dcache/data_mem_1__data_mem/macro_mem/mem/wd_in[61]
[WARNING DRT-0419] No routing tracks pass through the center of Term be_mmu/dcache/data_mem_1__data_mem/macro_mem/mem/wd_in[62]
[WARNING DRT-0419] No routing tracks pass through the center of Term be_mmu/dcache/data_mem_1__data_mem/macro_mem/mem/wd_in[63]
[WARNING DRT-0419] No routing tracks pass through the center of Term be_mmu/dcache/data_mem_1__data_mem/macro_mem/mem/addr_in[0]
[WARNING DRT-0419] No routing tracks pass through the center of Term be_mmu/dcache/data_mem_1__data_mem/macro_mem/mem/addr_in[1]
[WARNING DRT-0419] No routing tracks pass through the center of Term be_mmu/dcache/data_mem_1__data_mem/macro_mem/mem/addr_in[2]
[WARNING DRT-0419] No routing tracks pass through the center of Term be_mmu/dcache/data_mem_1__data_mem/macro_mem/mem/addr_in[3]
[WARNING DRT-0419] No routing tracks pass through the center of Term be_mmu/dcache/data_mem_1__data_mem/macro_mem/mem/addr_in[4]
[WARNING DRT-0419] No routing tracks pass through the center of Term be_mmu/dcache/data_mem_1__data_mem/macro_mem/mem/addr_in[5]
[WARNING DRT-0419] No routing tracks pass through the center of Term be_mmu/dcache/data_mem_1__data_mem/macro_mem/mem/addr_in[6]
[WARNING DRT-0419] No routing tracks pass through the center of Term be_mmu/dcache/data_mem_1__data_mem/macro_mem/mem/addr_in[7]
[WARNING DRT-0419] No routing tracks pass through the center of Term be_mmu/dcache/data_mem_1__data_mem/macro_mem/mem/addr_in[8]
[WARNING DRT-0419] No routing tracks pass through the center of Term be_mmu/dcache/data_mem_1__data_mem/macro_mem/mem/we_in
[WARNING DRT-0419] No routing tracks pass through the center of Term be_mmu/dcache/data_mem_1__data_mem/macro_mem/mem/ce_in
[WARNING DRT-0419] No routing tracks pass through the center of Term be_mmu/dcache/data_mem_1__data_mem/macro_mem/mem/clk
[WARNING DRT-0419] No routing tracks pass through the center of Term be_mmu/dcache/data_mem_2__data_mem/macro_mem/mem/w_mask_in[0]
[WARNING DRT-0419] No routing tracks pass through the center of Term be_mmu/dcache/data_mem_2__data_mem/macro_mem/mem/w_mask_in[1]
[WARNING DRT-0419] No routing tracks pass through the center of Term be_mmu/dcache/data_mem_2__data_mem/macro_mem/mem/w_mask_in[2]
[WARNING DRT-0419] No routing tracks pass through the center of Term be_mmu/dcache/data_mem_2__data_mem/macro_mem/mem/w_mask_in[3]
[WARNING DRT-0419] No routing tracks pass through the center of Term be_mmu/dcache/data_mem_2__data_mem/macro_mem/mem/w_mask_in[4]
[WARNING DRT-0419] No routing tracks pass through the center of Term be_mmu/dcache/data_mem_2__data_mem/macro_mem/mem/w_mask_in[5]
[WARNING DRT-0419] No routing tracks pass through the center of Term be_mmu/dcache/data_mem_2__data_mem/macro_mem/mem/w_mask_in[6]
[WARNING DRT-0419] No routing tracks pass through the center of Term be_mmu/dcache/data_mem_2__data_mem/macro_mem/mem/w_mask_in[7]
[WARNING DRT-0419] No routing tracks pass through the center of Term be_mmu/dcache/data_mem_2__data_mem/macro_mem/mem/w_mask_in[8]
[WARNING DRT-0419] No routing tracks pass through the center of Term be_mmu/dcache/data_mem_2__data_mem/macro_mem/mem/w_mask_in[9]
[WARNING DRT-0419] No routing tracks pass through the center of Term be_mmu/dcache/data_mem_2__data_mem/macro_mem/mem/w_mask_in[10]
[WARNING DRT-0419] No routing tracks pass through the center of Term be_mmu/dcache/data_mem_2__data_mem/macro_mem/mem/w_mask_in[11]
[WARNING DRT-0419] No routing tracks pass through the center of Term be_mmu/dcache/data_mem_2__data_mem/macro_mem/mem/w_mask_in[12]
[WARNING DRT-0419] No routing tracks pass through the center of Term be_mmu/dcache/data_mem_2__data_mem/macro_mem/mem/w_mask_in[13]
[WARNING DRT-0419] No routing tracks pass through the center of Term be_mmu/dcache/data_mem_2__data_mem/macro_mem/mem/w_mask_in[14]
[WARNING DRT-0419] No routing tracks pass through the center of Term be_mmu/dcache/data_mem_2__data_mem/macro_mem/mem/w_mask_in[15]
[WARNING DRT-0419] No routing tracks pass through the center of Term be_mmu/dcache/data_mem_2__data_mem/macro_mem/mem/w_mask_in[16]
[WARNING DRT-0419] No routing tracks pass through the center of Term be_mmu/dcache/data_mem_2__data_mem/macro_mem/mem/w_mask_in[17]
[WARNING DRT-0419] No routing tracks pass through the center of Term be_mmu/dcache/data_mem_2__data_mem/macro_mem/mem/w_mask_in[18]
[WARNING DRT-0419] No routing tracks pass through the center of Term be_mmu/dcache/data_mem_2__data_mem/macro_mem/mem/w_mask_in[19]
[WARNING DRT-0419] No routing tracks pass through the center of Term be_mmu/dcache/data_mem_2__data_mem/macro_mem/mem/w_mask_in[20]
[WARNING DRT-0419] No routing tracks pass through the center of Term be_mmu/dcache/data_mem_2__data_mem/macro_mem/mem/w_mask_in[21]
[WARNING DRT-0419] No routing tracks pass through the center of Term be_mmu/dcache/data_mem_2__data_mem/macro_mem/mem/w_mask_in[22]
[WARNING DRT-0419] No routing tracks pass through the center of Term be_mmu/dcache/data_mem_2__data_mem/macro_mem/mem/w_mask_in[23]
[WARNING DRT-0419] No routing tracks pass through the center of Term be_mmu/dcache/data_mem_2__data_mem/macro_mem/mem/w_mask_in[24]
[WARNING DRT-0419] No routing tracks pass through the center of Term be_mmu/dcache/data_mem_2__data_mem/macro_mem/mem/w_mask_in[25]
[WARNING DRT-0419] No routing tracks pass through the center of Term be_mmu/dcache/data_mem_2__data_mem/macro_mem/mem/w_mask_in[26]
[WARNING DRT-0419] No routing tracks pass through the center of Term be_mmu/dcache/data_mem_2__data_mem/macro_mem/mem/w_mask_in[27]
[WARNING DRT-0419] No routing tracks pass through the center of Term be_mmu/dcache/data_mem_2__data_mem/macro_mem/mem/w_mask_in[28]
[WARNING DRT-0419] No routing tracks pass through the center of Term be_mmu/dcache/data_mem_2__data_mem/macro_mem/mem/w_mask_in[29]
[WARNING DRT-0419] No routing tracks pass through the center of Term be_mmu/dcache/data_mem_2__data_mem/macro_mem/mem/w_mask_in[30]
[WARNING DRT-0419] No routing tracks pass through the center of Term be_mmu/dcache/data_mem_2__data_mem/macro_mem/mem/w_mask_in[31]
[WARNING DRT-0419] No routing tracks pass through the center of Term be_mmu/dcache/data_mem_2__data_mem/macro_mem/mem/w_mask_in[32]
[WARNING DRT-0419] No routing tracks pass through the center of Term be_mmu/dcache/data_mem_2__data_mem/macro_mem/mem/w_mask_in[33]
[WARNING DRT-0419] No routing tracks pass through the center of Term be_mmu/dcache/data_mem_2__data_mem/macro_mem/mem/w_mask_in[34]
[WARNING DRT-0419] No routing tracks pass through the center of Term be_mmu/dcache/data_mem_2__data_mem/macro_mem/mem/w_mask_in[35]
[WARNING DRT-0419] No routing tracks pass through the center of Term be_mmu/dcache/data_mem_2__data_mem/macro_mem/mem/w_mask_in[36]
[WARNING DRT-0419] No routing tracks pass through the center of Term be_mmu/dcache/data_mem_2__data_mem/macro_mem/mem/w_mask_in[37]
[WARNING DRT-0419] No routing tracks pass through the center of Term be_mmu/dcache/data_mem_2__data_mem/macro_mem/mem/w_mask_in[38]
[WARNING DRT-0419] No routing tracks pass through the center of Term be_mmu/dcache/data_mem_2__data_mem/macro_mem/mem/w_mask_in[39]
[WARNING DRT-0419] No routing tracks pass through the center of Term be_mmu/dcache/data_mem_2__data_mem/macro_mem/mem/w_mask_in[40]
[WARNING DRT-0419] No routing tracks pass through the center of Term be_mmu/dcache/data_mem_2__data_mem/macro_mem/mem/w_mask_in[41]
[WARNING DRT-0419] No routing tracks pass through the center of Term be_mmu/dcache/data_mem_2__data_mem/macro_mem/mem/w_mask_in[42]
[WARNING DRT-0419] No routing tracks pass through the center of Term be_mmu/dcache/data_mem_2__data_mem/macro_mem/mem/w_mask_in[43]
[WARNING DRT-0419] No routing tracks pass through the center of Term be_mmu/dcache/data_mem_2__data_mem/macro_mem/mem/w_mask_in[44]
[WARNING DRT-0419] No routing tracks pass through the center of Term be_mmu/dcache/data_mem_2__data_mem/macro_mem/mem/w_mask_in[45]
[WARNING DRT-0419] No routing tracks pass through the center of Term be_mmu/dcache/data_mem_2__data_mem/macro_mem/mem/w_mask_in[46]
[WARNING DRT-0419] No routing tracks pass through the center of Term be_mmu/dcache/data_mem_2__data_mem/macro_mem/mem/w_mask_in[47]
[WARNING DRT-0419] No routing tracks pass through the center of Term be_mmu/dcache/data_mem_2__data_mem/macro_mem/mem/w_mask_in[48]
[WARNING DRT-0419] No routing tracks pass through the center of Term be_mmu/dcache/data_mem_2__data_mem/macro_mem/mem/w_mask_in[49]
[WARNING DRT-0419] No routing tracks pass through the center of Term be_mmu/dcache/data_mem_2__data_mem/macro_mem/mem/w_mask_in[50]
[WARNING DRT-0419] No routing tracks pass through the center of Term be_mmu/dcache/data_mem_2__data_mem/macro_mem/mem/w_mask_in[51]
[WARNING DRT-0419] No routing tracks pass through the center of Term be_mmu/dcache/data_mem_2__data_mem/macro_mem/mem/w_mask_in[52]
[WARNING DRT-0419] No routing tracks pass through the center of Term be_mmu/dcache/data_mem_2__data_mem/macro_mem/mem/w_mask_in[53]
[WARNING DRT-0419] No routing tracks pass through the center of Term be_mmu/dcache/data_mem_2__data_mem/macro_mem/mem/w_mask_in[54]
[WARNING DRT-0419] No routing tracks pass through the center of Term be_mmu/dcache/data_mem_2__data_mem/macro_mem/mem/w_mask_in[55]
[WARNING DRT-0419] No routing tracks pass through the center of Term be_mmu/dcache/data_mem_2__data_mem/macro_mem/mem/w_mask_in[56]
[WARNING DRT-0419] No routing tracks pass through the center of Term be_mmu/dcache/data_mem_2__data_mem/macro_mem/mem/w_mask_in[57]
[WARNING DRT-0419] No routing tracks pass through the center of Term be_mmu/dcache/data_mem_2__data_mem/macro_mem/mem/w_mask_in[58]
[WARNING DRT-0419] No routing tracks pass through the center of Term be_mmu/dcache/data_mem_2__data_mem/macro_mem/mem/w_mask_in[59]
[WARNING DRT-0419] No routing tracks pass through the center of Term be_mmu/dcache/data_mem_2__data_mem/macro_mem/mem/w_mask_in[60]
[WARNING DRT-0419] No routing tracks pass through the center of Term be_mmu/dcache/data_mem_2__data_mem/macro_mem/mem/w_mask_in[61]
[WARNING DRT-0419] No routing tracks pass through the center of Term be_mmu/dcache/data_mem_2__data_mem/macro_mem/mem/w_mask_in[62]
[WARNING DRT-0419] No routing tracks pass through the center of Term be_mmu/dcache/data_mem_2__data_mem/macro_mem/mem/w_mask_in[63]
[WARNING DRT-0419] No routing tracks pass through the center of Term be_mmu/dcache/data_mem_2__data_mem/macro_mem/mem/rd_out[0]
[WARNING DRT-0419] No routing tracks pass through the center of Term be_mmu/dcache/data_mem_2__data_mem/macro_mem/mem/rd_out[1]
[WARNING DRT-0419] No routing tracks pass through the center of Term be_mmu/dcache/data_mem_2__data_mem/macro_mem/mem/rd_out[2]
[WARNING DRT-0419] No routing tracks pass through the center of Term be_mmu/dcache/data_mem_2__data_mem/macro_mem/mem/rd_out[3]
[WARNING DRT-0419] No routing tracks pass through the center of Term be_mmu/dcache/data_mem_2__data_mem/macro_mem/mem/rd_out[4]
[WARNING DRT-0419] No routing tracks pass through the center of Term be_mmu/dcache/data_mem_2__data_mem/macro_mem/mem/rd_out[5]
[WARNING DRT-0419] No routing tracks pass through the center of Term be_mmu/dcache/data_mem_2__data_mem/macro_mem/mem/rd_out[6]
[WARNING DRT-0419] No routing tracks pass through the center of Term be_mmu/dcache/data_mem_2__data_mem/macro_mem/mem/rd_out[7]
[WARNING DRT-0419] No routing tracks pass through the center of Term be_mmu/dcache/data_mem_2__data_mem/macro_mem/mem/rd_out[8]
[WARNING DRT-0419] No routing tracks pass through the center of Term be_mmu/dcache/data_mem_2__data_mem/macro_mem/mem/rd_out[9]
[WARNING DRT-0419] No routing tracks pass through the center of Term be_mmu/dcache/data_mem_2__data_mem/macro_mem/mem/rd_out[10]
[WARNING DRT-0419] No routing tracks pass through the center of Term be_mmu/dcache/data_mem_2__data_mem/macro_mem/mem/rd_out[11]
[WARNING DRT-0419] No routing tracks pass through the center of Term be_mmu/dcache/data_mem_2__data_mem/macro_mem/mem/rd_out[12]
[WARNING DRT-0419] No routing tracks pass through the center of Term be_mmu/dcache/data_mem_2__data_mem/macro_mem/mem/rd_out[13]
[WARNING DRT-0419] No routing tracks pass through the center of Term be_mmu/dcache/data_mem_2__data_mem/macro_mem/mem/rd_out[14]
[WARNING DRT-0419] No routing tracks pass through the center of Term be_mmu/dcache/data_mem_2__data_mem/macro_mem/mem/rd_out[15]
[WARNING DRT-0419] No routing tracks pass through the center of Term be_mmu/dcache/data_mem_2__data_mem/macro_mem/mem/rd_out[16]
[WARNING DRT-0419] No routing tracks pass through the center of Term be_mmu/dcache/data_mem_2__data_mem/macro_mem/mem/rd_out[17]
[WARNING DRT-0419] No routing tracks pass through the center of Term be_mmu/dcache/data_mem_2__data_mem/macro_mem/mem/rd_out[18]
[WARNING DRT-0419] No routing tracks pass through the center of Term be_mmu/dcache/data_mem_2__data_mem/macro_mem/mem/rd_out[19]
[WARNING DRT-0419] No routing tracks pass through the center of Term be_mmu/dcache/data_mem_2__data_mem/macro_mem/mem/rd_out[20]
[WARNING DRT-0419] No routing tracks pass through the center of Term be_mmu/dcache/data_mem_2__data_mem/macro_mem/mem/rd_out[21]
[WARNING DRT-0419] No routing tracks pass through the center of Term be_mmu/dcache/data_mem_2__data_mem/macro_mem/mem/rd_out[22]
[WARNING DRT-0419] No routing tracks pass through the center of Term be_mmu/dcache/data_mem_2__data_mem/macro_mem/mem/rd_out[23]
[WARNING DRT-0419] No routing tracks pass through the center of Term be_mmu/dcache/data_mem_2__data_mem/macro_mem/mem/rd_out[24]
[WARNING DRT-0419] No routing tracks pass through the center of Term be_mmu/dcache/data_mem_2__data_mem/macro_mem/mem/rd_out[25]
[WARNING DRT-0419] No routing tracks pass through the center of Term be_mmu/dcache/data_mem_2__data_mem/macro_mem/mem/rd_out[26]
[WARNING DRT-0419] No routing tracks pass through the center of Term be_mmu/dcache/data_mem_2__data_mem/macro_mem/mem/rd_out[27]
[WARNING DRT-0419] No routing tracks pass through the center of Term be_mmu/dcache/data_mem_2__data_mem/macro_mem/mem/rd_out[28]
[WARNING DRT-0419] No routing tracks pass through the center of Term be_mmu/dcache/data_mem_2__data_mem/macro_mem/mem/rd_out[29]
[WARNING DRT-0419] No routing tracks pass through the center of Term be_mmu/dcache/data_mem_2__data_mem/macro_mem/mem/rd_out[30]
[WARNING DRT-0419] No routing tracks pass through the center of Term be_mmu/dcache/data_mem_2__data_mem/macro_mem/mem/rd_out[31]
[WARNING DRT-0419] No routing tracks pass through the center of Term be_mmu/dcache/data_mem_2__data_mem/macro_mem/mem/rd_out[32]
[WARNING DRT-0419] No routing tracks pass through the center of Term be_mmu/dcache/data_mem_2__data_mem/macro_mem/mem/rd_out[33]
[WARNING DRT-0419] No routing tracks pass through the center of Term be_mmu/dcache/data_mem_2__data_mem/macro_mem/mem/rd_out[34]
[WARNING DRT-0419] No routing tracks pass through the center of Term be_mmu/dcache/data_mem_2__data_mem/macro_mem/mem/rd_out[35]
[WARNING DRT-0419] No routing tracks pass through the center of Term be_mmu/dcache/data_mem_2__data_mem/macro_mem/mem/rd_out[36]
[WARNING DRT-0419] No routing tracks pass through the center of Term be_mmu/dcache/data_mem_2__data_mem/macro_mem/mem/rd_out[37]
[WARNING DRT-0419] No routing tracks pass through the center of Term be_mmu/dcache/data_mem_2__data_mem/macro_mem/mem/rd_out[38]
[WARNING DRT-0419] No routing tracks pass through the center of Term be_mmu/dcache/data_mem_2__data_mem/macro_mem/mem/rd_out[39]
[WARNING DRT-0419] No routing tracks pass through the center of Term be_mmu/dcache/data_mem_2__data_mem/macro_mem/mem/rd_out[40]
[WARNING DRT-0419] No routing tracks pass through the center of Term be_mmu/dcache/data_mem_2__data_mem/macro_mem/mem/rd_out[41]
[WARNING DRT-0419] No routing tracks pass through the center of Term be_mmu/dcache/data_mem_2__data_mem/macro_mem/mem/rd_out[42]
[WARNING DRT-0419] No routing tracks pass through the center of Term be_mmu/dcache/data_mem_2__data_mem/macro_mem/mem/rd_out[43]
[WARNING DRT-0419] No routing tracks pass through the center of Term be_mmu/dcache/data_mem_2__data_mem/macro_mem/mem/rd_out[44]
[WARNING DRT-0419] No routing tracks pass through the center of Term be_mmu/dcache/data_mem_2__data_mem/macro_mem/mem/rd_out[45]
[WARNING DRT-0419] No routing tracks pass through the center of Term be_mmu/dcache/data_mem_2__data_mem/macro_mem/mem/rd_out[46]
[WARNING DRT-0419] No routing tracks pass through the center of Term be_mmu/dcache/data_mem_2__data_mem/macro_mem/mem/rd_out[47]
[WARNING DRT-0419] No routing tracks pass through the center of Term be_mmu/dcache/data_mem_2__data_mem/macro_mem/mem/rd_out[48]
[WARNING DRT-0419] No routing tracks pass through the center of Term be_mmu/dcache/data_mem_2__data_mem/macro_mem/mem/rd_out[49]
[WARNING DRT-0419] No routing tracks pass through the center of Term be_mmu/dcache/data_mem_2__data_mem/macro_mem/mem/rd_out[50]
[WARNING DRT-0419] No routing tracks pass through the center of Term be_mmu/dcache/data_mem_2__data_mem/macro_mem/mem/rd_out[51]
[WARNING DRT-0419] No routing tracks pass through the center of Term be_mmu/dcache/data_mem_2__data_mem/macro_mem/mem/rd_out[52]
[WARNING DRT-0419] No routing tracks pass through the center of Term be_mmu/dcache/data_mem_2__data_mem/macro_mem/mem/rd_out[53]
[WARNING DRT-0419] No routing tracks pass through the center of Term be_mmu/dcache/data_mem_2__data_mem/macro_mem/mem/rd_out[54]
[WARNING DRT-0419] No routing tracks pass through the center of Term be_mmu/dcache/data_mem_2__data_mem/macro_mem/mem/rd_out[55]
[WARNING DRT-0419] No routing tracks pass through the center of Term be_mmu/dcache/data_mem_2__data_mem/macro_mem/mem/rd_out[56]
[WARNING DRT-0419] No routing tracks pass through the center of Term be_mmu/dcache/data_mem_2__data_mem/macro_mem/mem/rd_out[57]
[WARNING DRT-0419] No routing tracks pass through the center of Term be_mmu/dcache/data_mem_2__data_mem/macro_mem/mem/rd_out[58]
[WARNING DRT-0419] No routing tracks pass through the center of Term be_mmu/dcache/data_mem_2__data_mem/macro_mem/mem/rd_out[59]
[WARNING DRT-0419] No routing tracks pass through the center of Term be_mmu/dcache/data_mem_2__data_mem/macro_mem/mem/rd_out[60]
[WARNING DRT-0419] No routing tracks pass through the center of Term be_mmu/dcache/data_mem_2__data_mem/macro_mem/mem/rd_out[61]
[WARNING DRT-0419] No routing tracks pass through the center of Term be_mmu/dcache/data_mem_2__data_mem/macro_mem/mem/rd_out[62]
[WARNING DRT-0419] No routing tracks pass through the center of Term be_mmu/dcache/data_mem_2__data_mem/macro_mem/mem/rd_out[63]
[WARNING DRT-0419] No routing tracks pass through the center of Term be_mmu/dcache/data_mem_2__data_mem/macro_mem/mem/wd_in[0]
[WARNING DRT-0419] No routing tracks pass through the center of Term be_mmu/dcache/data_mem_2__data_mem/macro_mem/mem/wd_in[1]
[WARNING DRT-0419] No routing tracks pass through the center of Term be_mmu/dcache/data_mem_2__data_mem/macro_mem/mem/wd_in[2]
[WARNING DRT-0419] No routing tracks pass through the center of Term be_mmu/dcache/data_mem_2__data_mem/macro_mem/mem/wd_in[3]
[WARNING DRT-0419] No routing tracks pass through the center of Term be_mmu/dcache/data_mem_2__data_mem/macro_mem/mem/wd_in[4]
[WARNING DRT-0419] No routing tracks pass through the center of Term be_mmu/dcache/data_mem_2__data_mem/macro_mem/mem/wd_in[5]
[WARNING DRT-0419] No routing tracks pass through the center of Term be_mmu/dcache/data_mem_2__data_mem/macro_mem/mem/wd_in[6]
[WARNING DRT-0419] No routing tracks pass through the center of Term be_mmu/dcache/data_mem_2__data_mem/macro_mem/mem/wd_in[7]
[WARNING DRT-0419] No routing tracks pass through the center of Term be_mmu/dcache/data_mem_2__data_mem/macro_mem/mem/wd_in[8]
[WARNING DRT-0419] No routing tracks pass through the center of Term be_mmu/dcache/data_mem_2__data_mem/macro_mem/mem/wd_in[9]
[WARNING DRT-0419] No routing tracks pass through the center of Term be_mmu/dcache/data_mem_2__data_mem/macro_mem/mem/wd_in[10]
[WARNING DRT-0419] No routing tracks pass through the center of Term be_mmu/dcache/data_mem_2__data_mem/macro_mem/mem/wd_in[11]
[WARNING DRT-0419] No routing tracks pass through the center of Term be_mmu/dcache/data_mem_2__data_mem/macro_mem/mem/wd_in[12]
[WARNING DRT-0419] No routing tracks pass through the center of Term be_mmu/dcache/data_mem_2__data_mem/macro_mem/mem/wd_in[13]
[WARNING DRT-0419] No routing tracks pass through the center of Term be_mmu/dcache/data_mem_2__data_mem/macro_mem/mem/wd_in[14]
[WARNING DRT-0419] No routing tracks pass through the center of Term be_mmu/dcache/data_mem_2__data_mem/macro_mem/mem/wd_in[15]
[WARNING DRT-0419] No routing tracks pass through the center of Term be_mmu/dcache/data_mem_2__data_mem/macro_mem/mem/wd_in[16]
[WARNING DRT-0419] No routing tracks pass through the center of Term be_mmu/dcache/data_mem_2__data_mem/macro_mem/mem/wd_in[17]
[WARNING DRT-0419] No routing tracks pass through the center of Term be_mmu/dcache/data_mem_2__data_mem/macro_mem/mem/wd_in[18]
[WARNING DRT-0419] No routing tracks pass through the center of Term be_mmu/dcache/data_mem_2__data_mem/macro_mem/mem/wd_in[19]
[WARNING DRT-0419] No routing tracks pass through the center of Term be_mmu/dcache/data_mem_2__data_mem/macro_mem/mem/wd_in[20]
[WARNING DRT-0419] No routing tracks pass through the center of Term be_mmu/dcache/data_mem_2__data_mem/macro_mem/mem/wd_in[21]
[WARNING DRT-0419] No routing tracks pass through the center of Term be_mmu/dcache/data_mem_2__data_mem/macro_mem/mem/wd_in[22]
[WARNING DRT-0419] No routing tracks pass through the center of Term be_mmu/dcache/data_mem_2__data_mem/macro_mem/mem/wd_in[23]
[WARNING DRT-0419] No routing tracks pass through the center of Term be_mmu/dcache/data_mem_2__data_mem/macro_mem/mem/wd_in[24]
[WARNING DRT-0419] No routing tracks pass through the center of Term be_mmu/dcache/data_mem_2__data_mem/macro_mem/mem/wd_in[25]
[WARNING DRT-0419] No routing tracks pass through the center of Term be_mmu/dcache/data_mem_2__data_mem/macro_mem/mem/wd_in[26]
[WARNING DRT-0419] No routing tracks pass through the center of Term be_mmu/dcache/data_mem_2__data_mem/macro_mem/mem/wd_in[27]
[WARNING DRT-0419] No routing tracks pass through the center of Term be_mmu/dcache/data_mem_2__data_mem/macro_mem/mem/wd_in[28]
[WARNING DRT-0419] No routing tracks pass through the center of Term be_mmu/dcache/data_mem_2__data_mem/macro_mem/mem/wd_in[29]
[WARNING DRT-0419] No routing tracks pass through the center of Term be_mmu/dcache/data_mem_2__data_mem/macro_mem/mem/wd_in[30]
[WARNING DRT-0419] No routing tracks pass through the center of Term be_mmu/dcache/data_mem_2__data_mem/macro_mem/mem/wd_in[31]
[WARNING DRT-0419] No routing tracks pass through the center of Term be_mmu/dcache/data_mem_2__data_mem/macro_mem/mem/wd_in[32]
[WARNING DRT-0419] No routing tracks pass through the center of Term be_mmu/dcache/data_mem_2__data_mem/macro_mem/mem/wd_in[33]
[WARNING DRT-0419] No routing tracks pass through the center of Term be_mmu/dcache/data_mem_2__data_mem/macro_mem/mem/wd_in[34]
[WARNING DRT-0419] No routing tracks pass through the center of Term be_mmu/dcache/data_mem_2__data_mem/macro_mem/mem/wd_in[35]
[WARNING DRT-0419] No routing tracks pass through the center of Term be_mmu/dcache/data_mem_2__data_mem/macro_mem/mem/wd_in[36]
[WARNING DRT-0419] No routing tracks pass through the center of Term be_mmu/dcache/data_mem_2__data_mem/macro_mem/mem/wd_in[37]
[WARNING DRT-0419] No routing tracks pass through the center of Term be_mmu/dcache/data_mem_2__data_mem/macro_mem/mem/wd_in[38]
[WARNING DRT-0419] No routing tracks pass through the center of Term be_mmu/dcache/data_mem_2__data_mem/macro_mem/mem/wd_in[39]
[WARNING DRT-0419] No routing tracks pass through the center of Term be_mmu/dcache/data_mem_2__data_mem/macro_mem/mem/wd_in[40]
[WARNING DRT-0419] No routing tracks pass through the center of Term be_mmu/dcache/data_mem_2__data_mem/macro_mem/mem/wd_in[41]
[WARNING DRT-0419] No routing tracks pass through the center of Term be_mmu/dcache/data_mem_2__data_mem/macro_mem/mem/wd_in[42]
[WARNING DRT-0419] No routing tracks pass through the center of Term be_mmu/dcache/data_mem_2__data_mem/macro_mem/mem/wd_in[43]
[WARNING DRT-0419] No routing tracks pass through the center of Term be_mmu/dcache/data_mem_2__data_mem/macro_mem/mem/wd_in[44]
[WARNING DRT-0419] No routing tracks pass through the center of Term be_mmu/dcache/data_mem_2__data_mem/macro_mem/mem/wd_in[45]
[WARNING DRT-0419] No routing tracks pass through the center of Term be_mmu/dcache/data_mem_2__data_mem/macro_mem/mem/wd_in[46]
[WARNING DRT-0419] No routing tracks pass through the center of Term be_mmu/dcache/data_mem_2__data_mem/macro_mem/mem/wd_in[47]
[WARNING DRT-0419] No routing tracks pass through the center of Term be_mmu/dcache/data_mem_2__data_mem/macro_mem/mem/wd_in[48]
[WARNING DRT-0419] No routing tracks pass through the center of Term be_mmu/dcache/data_mem_2__data_mem/macro_mem/mem/wd_in[49]
[WARNING DRT-0419] No routing tracks pass through the center of Term be_mmu/dcache/data_mem_2__data_mem/macro_mem/mem/wd_in[50]
[WARNING DRT-0419] No routing tracks pass through the center of Term be_mmu/dcache/data_mem_2__data_mem/macro_mem/mem/wd_in[51]
[WARNING DRT-0419] No routing tracks pass through the center of Term be_mmu/dcache/data_mem_2__data_mem/macro_mem/mem/wd_in[52]
[WARNING DRT-0419] No routing tracks pass through the center of Term be_mmu/dcache/data_mem_2__data_mem/macro_mem/mem/wd_in[53]
[WARNING DRT-0419] No routing tracks pass through the center of Term be_mmu/dcache/data_mem_2__data_mem/macro_mem/mem/wd_in[54]
[WARNING DRT-0419] No routing tracks pass through the center of Term be_mmu/dcache/data_mem_2__data_mem/macro_mem/mem/wd_in[55]
[WARNING DRT-0419] No routing tracks pass through the center of Term be_mmu/dcache/data_mem_2__data_mem/macro_mem/mem/wd_in[56]
[WARNING DRT-0419] No routing tracks pass through the center of Term be_mmu/dcache/data_mem_2__data_mem/macro_mem/mem/wd_in[57]
[WARNING DRT-0419] No routing tracks pass through the center of Term be_mmu/dcache/data_mem_2__data_mem/macro_mem/mem/wd_in[58]
[WARNING DRT-0419] No routing tracks pass through the center of Term be_mmu/dcache/data_mem_2__data_mem/macro_mem/mem/wd_in[59]
[WARNING DRT-0419] No routing tracks pass through the center of Term be_mmu/dcache/data_mem_2__data_mem/macro_mem/mem/wd_in[60]
[WARNING DRT-0419] No routing tracks pass through the center of Term be_mmu/dcache/data_mem_2__data_mem/macro_mem/mem/wd_in[61]
[WARNING DRT-0419] No routing tracks pass through the center of Term be_mmu/dcache/data_mem_2__data_mem/macro_mem/mem/wd_in[62]
[WARNING DRT-0419] No routing tracks pass through the center of Term be_mmu/dcache/data_mem_2__data_mem/macro_mem/mem/wd_in[63]
[WARNING DRT-0419] No routing tracks pass through the center of Term be_mmu/dcache/data_mem_2__data_mem/macro_mem/mem/addr_in[0]
[WARNING DRT-0419] No routing tracks pass through the center of Term be_mmu/dcache/data_mem_2__data_mem/macro_mem/mem/addr_in[1]
[WARNING DRT-0419] No routing tracks pass through the center of Term be_mmu/dcache/data_mem_2__data_mem/macro_mem/mem/addr_in[2]
[WARNING DRT-0419] No routing tracks pass through the center of Term be_mmu/dcache/data_mem_2__data_mem/macro_mem/mem/addr_in[3]
[WARNING DRT-0419] No routing tracks pass through the center of Term be_mmu/dcache/data_mem_2__data_mem/macro_mem/mem/addr_in[4]
[WARNING DRT-0419] No routing tracks pass through the center of Term be_mmu/dcache/data_mem_2__data_mem/macro_mem/mem/addr_in[5]
[WARNING DRT-0419] No routing tracks pass through the center of Term be_mmu/dcache/data_mem_2__data_mem/macro_mem/mem/addr_in[6]
[WARNING DRT-0419] No routing tracks pass through the center of Term be_mmu/dcache/data_mem_2__data_mem/macro_mem/mem/addr_in[7]
[WARNING DRT-0419] No routing tracks pass through the center of Term be_mmu/dcache/data_mem_2__data_mem/macro_mem/mem/addr_in[8]
[WARNING DRT-0419] No routing tracks pass through the center of Term be_mmu/dcache/data_mem_2__data_mem/macro_mem/mem/we_in
[WARNING DRT-0419] No routing tracks pass through the center of Term be_mmu/dcache/data_mem_2__data_mem/macro_mem/mem/ce_in
[WARNING DRT-0419] No routing tracks pass through the center of Term be_mmu/dcache/data_mem_2__data_mem/macro_mem/mem/clk
[WARNING DRT-0419] No routing tracks pass through the center of Term be_mmu/dcache/data_mem_3__data_mem/macro_mem/mem/w_mask_in[0]
[WARNING DRT-0419] No routing tracks pass through the center of Term be_mmu/dcache/data_mem_3__data_mem/macro_mem/mem/w_mask_in[1]
[WARNING DRT-0419] No routing tracks pass through the center of Term be_mmu/dcache/data_mem_3__data_mem/macro_mem/mem/w_mask_in[2]
[WARNING DRT-0419] No routing tracks pass through the center of Term be_mmu/dcache/data_mem_3__data_mem/macro_mem/mem/w_mask_in[3]
[WARNING DRT-0419] No routing tracks pass through the center of Term be_mmu/dcache/data_mem_3__data_mem/macro_mem/mem/w_mask_in[4]
[WARNING DRT-0419] No routing tracks pass through the center of Term be_mmu/dcache/data_mem_3__data_mem/macro_mem/mem/w_mask_in[5]
[WARNING DRT-0419] No routing tracks pass through the center of Term be_mmu/dcache/data_mem_3__data_mem/macro_mem/mem/w_mask_in[6]
[WARNING DRT-0419] No routing tracks pass through the center of Term be_mmu/dcache/data_mem_3__data_mem/macro_mem/mem/w_mask_in[7]
[WARNING DRT-0419] No routing tracks pass through the center of Term be_mmu/dcache/data_mem_3__data_mem/macro_mem/mem/w_mask_in[8]
[WARNING DRT-0419] No routing tracks pass through the center of Term be_mmu/dcache/data_mem_3__data_mem/macro_mem/mem/w_mask_in[9]
[WARNING DRT-0419] No routing tracks pass through the center of Term be_mmu/dcache/data_mem_3__data_mem/macro_mem/mem/w_mask_in[10]
[WARNING DRT-0419] No routing tracks pass through the center of Term be_mmu/dcache/data_mem_3__data_mem/macro_mem/mem/w_mask_in[11]
[WARNING DRT-0419] No routing tracks pass through the center of Term be_mmu/dcache/data_mem_3__data_mem/macro_mem/mem/w_mask_in[12]
[WARNING DRT-0419] No routing tracks pass through the center of Term be_mmu/dcache/data_mem_3__data_mem/macro_mem/mem/w_mask_in[13]
[WARNING DRT-0419] No routing tracks pass through the center of Term be_mmu/dcache/data_mem_3__data_mem/macro_mem/mem/w_mask_in[14]
[WARNING DRT-0419] No routing tracks pass through the center of Term be_mmu/dcache/data_mem_3__data_mem/macro_mem/mem/w_mask_in[15]
[WARNING DRT-0419] No routing tracks pass through the center of Term be_mmu/dcache/data_mem_3__data_mem/macro_mem/mem/w_mask_in[16]
[WARNING DRT-0419] No routing tracks pass through the center of Term be_mmu/dcache/data_mem_3__data_mem/macro_mem/mem/w_mask_in[17]
[WARNING DRT-0419] No routing tracks pass through the center of Term be_mmu/dcache/data_mem_3__data_mem/macro_mem/mem/w_mask_in[18]
[WARNING DRT-0419] No routing tracks pass through the center of Term be_mmu/dcache/data_mem_3__data_mem/macro_mem/mem/w_mask_in[19]
[WARNING DRT-0419] No routing tracks pass through the center of Term be_mmu/dcache/data_mem_3__data_mem/macro_mem/mem/w_mask_in[20]
[WARNING DRT-0419] No routing tracks pass through the center of Term be_mmu/dcache/data_mem_3__data_mem/macro_mem/mem/w_mask_in[21]
[WARNING DRT-0419] No routing tracks pass through the center of Term be_mmu/dcache/data_mem_3__data_mem/macro_mem/mem/w_mask_in[22]
[WARNING DRT-0419] No routing tracks pass through the center of Term be_mmu/dcache/data_mem_3__data_mem/macro_mem/mem/w_mask_in[23]
[WARNING DRT-0419] No routing tracks pass through the center of Term be_mmu/dcache/data_mem_3__data_mem/macro_mem/mem/w_mask_in[24]
[WARNING DRT-0419] No routing tracks pass through the center of Term be_mmu/dcache/data_mem_3__data_mem/macro_mem/mem/w_mask_in[25]
[WARNING DRT-0419] No routing tracks pass through the center of Term be_mmu/dcache/data_mem_3__data_mem/macro_mem/mem/w_mask_in[26]
[WARNING DRT-0419] No routing tracks pass through the center of Term be_mmu/dcache/data_mem_3__data_mem/macro_mem/mem/w_mask_in[27]
[WARNING DRT-0419] No routing tracks pass through the center of Term be_mmu/dcache/data_mem_3__data_mem/macro_mem/mem/w_mask_in[28]
[WARNING DRT-0419] No routing tracks pass through the center of Term be_mmu/dcache/data_mem_3__data_mem/macro_mem/mem/w_mask_in[29]
[WARNING DRT-0419] No routing tracks pass through the center of Term be_mmu/dcache/data_mem_3__data_mem/macro_mem/mem/w_mask_in[30]
[WARNING DRT-0419] No routing tracks pass through the center of Term be_mmu/dcache/data_mem_3__data_mem/macro_mem/mem/w_mask_in[31]
[WARNING DRT-0419] No routing tracks pass through the center of Term be_mmu/dcache/data_mem_3__data_mem/macro_mem/mem/w_mask_in[32]
[WARNING DRT-0419] No routing tracks pass through the center of Term be_mmu/dcache/data_mem_3__data_mem/macro_mem/mem/w_mask_in[33]
[WARNING DRT-0419] No routing tracks pass through the center of Term be_mmu/dcache/data_mem_3__data_mem/macro_mem/mem/w_mask_in[34]
[WARNING DRT-0419] No routing tracks pass through the center of Term be_mmu/dcache/data_mem_3__data_mem/macro_mem/mem/w_mask_in[35]
[WARNING DRT-0419] No routing tracks pass through the center of Term be_mmu/dcache/data_mem_3__data_mem/macro_mem/mem/w_mask_in[36]
[WARNING DRT-0419] No routing tracks pass through the center of Term be_mmu/dcache/data_mem_3__data_mem/macro_mem/mem/w_mask_in[37]
[WARNING DRT-0419] No routing tracks pass through the center of Term be_mmu/dcache/data_mem_3__data_mem/macro_mem/mem/w_mask_in[38]
[WARNING DRT-0419] No routing tracks pass through the center of Term be_mmu/dcache/data_mem_3__data_mem/macro_mem/mem/w_mask_in[39]
[WARNING DRT-0419] No routing tracks pass through the center of Term be_mmu/dcache/data_mem_3__data_mem/macro_mem/mem/w_mask_in[40]
[WARNING DRT-0419] No routing tracks pass through the center of Term be_mmu/dcache/data_mem_3__data_mem/macro_mem/mem/w_mask_in[41]
[WARNING DRT-0419] No routing tracks pass through the center of Term be_mmu/dcache/data_mem_3__data_mem/macro_mem/mem/w_mask_in[42]
[WARNING DRT-0419] No routing tracks pass through the center of Term be_mmu/dcache/data_mem_3__data_mem/macro_mem/mem/w_mask_in[43]
[WARNING DRT-0419] No routing tracks pass through the center of Term be_mmu/dcache/data_mem_3__data_mem/macro_mem/mem/w_mask_in[44]
[WARNING DRT-0419] No routing tracks pass through the center of Term be_mmu/dcache/data_mem_3__data_mem/macro_mem/mem/w_mask_in[45]
[WARNING DRT-0419] No routing tracks pass through the center of Term be_mmu/dcache/data_mem_3__data_mem/macro_mem/mem/w_mask_in[46]
[WARNING DRT-0419] No routing tracks pass through the center of Term be_mmu/dcache/data_mem_3__data_mem/macro_mem/mem/w_mask_in[47]
[WARNING DRT-0419] No routing tracks pass through the center of Term be_mmu/dcache/data_mem_3__data_mem/macro_mem/mem/w_mask_in[48]
[WARNING DRT-0419] No routing tracks pass through the center of Term be_mmu/dcache/data_mem_3__data_mem/macro_mem/mem/w_mask_in[49]
[WARNING DRT-0419] No routing tracks pass through the center of Term be_mmu/dcache/data_mem_3__data_mem/macro_mem/mem/w_mask_in[50]
[WARNING DRT-0419] No routing tracks pass through the center of Term be_mmu/dcache/data_mem_3__data_mem/macro_mem/mem/w_mask_in[51]
[WARNING DRT-0419] No routing tracks pass through the center of Term be_mmu/dcache/data_mem_3__data_mem/macro_mem/mem/w_mask_in[52]
[WARNING DRT-0419] No routing tracks pass through the center of Term be_mmu/dcache/data_mem_3__data_mem/macro_mem/mem/w_mask_in[53]
[WARNING DRT-0419] No routing tracks pass through the center of Term be_mmu/dcache/data_mem_3__data_mem/macro_mem/mem/w_mask_in[54]
[WARNING DRT-0419] No routing tracks pass through the center of Term be_mmu/dcache/data_mem_3__data_mem/macro_mem/mem/w_mask_in[55]
[WARNING DRT-0419] No routing tracks pass through the center of Term be_mmu/dcache/data_mem_3__data_mem/macro_mem/mem/w_mask_in[56]
[WARNING DRT-0419] No routing tracks pass through the center of Term be_mmu/dcache/data_mem_3__data_mem/macro_mem/mem/w_mask_in[57]
[WARNING DRT-0419] No routing tracks pass through the center of Term be_mmu/dcache/data_mem_3__data_mem/macro_mem/mem/w_mask_in[58]
[WARNING DRT-0419] No routing tracks pass through the center of Term be_mmu/dcache/data_mem_3__data_mem/macro_mem/mem/w_mask_in[59]
[WARNING DRT-0419] No routing tracks pass through the center of Term be_mmu/dcache/data_mem_3__data_mem/macro_mem/mem/w_mask_in[60]
[WARNING DRT-0419] No routing tracks pass through the center of Term be_mmu/dcache/data_mem_3__data_mem/macro_mem/mem/w_mask_in[61]
[WARNING DRT-0419] No routing tracks pass through the center of Term be_mmu/dcache/data_mem_3__data_mem/macro_mem/mem/w_mask_in[62]
[WARNING DRT-0419] No routing tracks pass through the center of Term be_mmu/dcache/data_mem_3__data_mem/macro_mem/mem/w_mask_in[63]
[WARNING DRT-0419] No routing tracks pass through the center of Term be_mmu/dcache/data_mem_3__data_mem/macro_mem/mem/rd_out[0]
[WARNING DRT-0419] No routing tracks pass through the center of Term be_mmu/dcache/data_mem_3__data_mem/macro_mem/mem/rd_out[1]
[WARNING DRT-0419] No routing tracks pass through the center of Term be_mmu/dcache/data_mem_3__data_mem/macro_mem/mem/rd_out[2]
[WARNING DRT-0419] No routing tracks pass through the center of Term be_mmu/dcache/data_mem_3__data_mem/macro_mem/mem/rd_out[3]
[WARNING DRT-0419] No routing tracks pass through the center of Term be_mmu/dcache/data_mem_3__data_mem/macro_mem/mem/rd_out[4]
[WARNING DRT-0419] No routing tracks pass through the center of Term be_mmu/dcache/data_mem_3__data_mem/macro_mem/mem/rd_out[5]
[WARNING DRT-0419] No routing tracks pass through the center of Term be_mmu/dcache/data_mem_3__data_mem/macro_mem/mem/rd_out[6]
[WARNING DRT-0419] No routing tracks pass through the center of Term be_mmu/dcache/data_mem_3__data_mem/macro_mem/mem/rd_out[7]
[WARNING DRT-0419] No routing tracks pass through the center of Term be_mmu/dcache/data_mem_3__data_mem/macro_mem/mem/rd_out[8]
[WARNING DRT-0419] No routing tracks pass through the center of Term be_mmu/dcache/data_mem_3__data_mem/macro_mem/mem/rd_out[9]
[WARNING DRT-0419] No routing tracks pass through the center of Term be_mmu/dcache/data_mem_3__data_mem/macro_mem/mem/rd_out[10]
[WARNING DRT-0419] No routing tracks pass through the center of Term be_mmu/dcache/data_mem_3__data_mem/macro_mem/mem/rd_out[11]
[WARNING DRT-0419] No routing tracks pass through the center of Term be_mmu/dcache/data_mem_3__data_mem/macro_mem/mem/rd_out[12]
[WARNING DRT-0419] No routing tracks pass through the center of Term be_mmu/dcache/data_mem_3__data_mem/macro_mem/mem/rd_out[13]
[WARNING DRT-0419] No routing tracks pass through the center of Term be_mmu/dcache/data_mem_3__data_mem/macro_mem/mem/rd_out[14]
[WARNING DRT-0419] No routing tracks pass through the center of Term be_mmu/dcache/data_mem_3__data_mem/macro_mem/mem/rd_out[15]
[WARNING DRT-0419] No routing tracks pass through the center of Term be_mmu/dcache/data_mem_3__data_mem/macro_mem/mem/rd_out[16]
[WARNING DRT-0419] No routing tracks pass through the center of Term be_mmu/dcache/data_mem_3__data_mem/macro_mem/mem/rd_out[17]
[WARNING DRT-0419] No routing tracks pass through the center of Term be_mmu/dcache/data_mem_3__data_mem/macro_mem/mem/rd_out[18]
[WARNING DRT-0419] No routing tracks pass through the center of Term be_mmu/dcache/data_mem_3__data_mem/macro_mem/mem/rd_out[19]
[WARNING DRT-0419] No routing tracks pass through the center of Term be_mmu/dcache/data_mem_3__data_mem/macro_mem/mem/rd_out[20]
[WARNING DRT-0419] No routing tracks pass through the center of Term be_mmu/dcache/data_mem_3__data_mem/macro_mem/mem/rd_out[21]
[WARNING DRT-0419] No routing tracks pass through the center of Term be_mmu/dcache/data_mem_3__data_mem/macro_mem/mem/rd_out[22]
[WARNING DRT-0419] No routing tracks pass through the center of Term be_mmu/dcache/data_mem_3__data_mem/macro_mem/mem/rd_out[23]
[WARNING DRT-0419] No routing tracks pass through the center of Term be_mmu/dcache/data_mem_3__data_mem/macro_mem/mem/rd_out[24]
[WARNING DRT-0419] No routing tracks pass through the center of Term be_mmu/dcache/data_mem_3__data_mem/macro_mem/mem/rd_out[25]
[WARNING DRT-0419] No routing tracks pass through the center of Term be_mmu/dcache/data_mem_3__data_mem/macro_mem/mem/rd_out[26]
[WARNING DRT-0419] No routing tracks pass through the center of Term be_mmu/dcache/data_mem_3__data_mem/macro_mem/mem/rd_out[27]
[WARNING DRT-0419] No routing tracks pass through the center of Term be_mmu/dcache/data_mem_3__data_mem/macro_mem/mem/rd_out[28]
[WARNING DRT-0419] No routing tracks pass through the center of Term be_mmu/dcache/data_mem_3__data_mem/macro_mem/mem/rd_out[29]
[WARNING DRT-0419] No routing tracks pass through the center of Term be_mmu/dcache/data_mem_3__data_mem/macro_mem/mem/rd_out[30]
[WARNING DRT-0419] No routing tracks pass through the center of Term be_mmu/dcache/data_mem_3__data_mem/macro_mem/mem/rd_out[31]
[WARNING DRT-0419] No routing tracks pass through the center of Term be_mmu/dcache/data_mem_3__data_mem/macro_mem/mem/rd_out[32]
[WARNING DRT-0419] No routing tracks pass through the center of Term be_mmu/dcache/data_mem_3__data_mem/macro_mem/mem/rd_out[33]
[WARNING DRT-0419] No routing tracks pass through the center of Term be_mmu/dcache/data_mem_3__data_mem/macro_mem/mem/rd_out[34]
[WARNING DRT-0419] No routing tracks pass through the center of Term be_mmu/dcache/data_mem_3__data_mem/macro_mem/mem/rd_out[35]
[WARNING DRT-0419] No routing tracks pass through the center of Term be_mmu/dcache/data_mem_3__data_mem/macro_mem/mem/rd_out[36]
[WARNING DRT-0419] No routing tracks pass through the center of Term be_mmu/dcache/data_mem_3__data_mem/macro_mem/mem/rd_out[37]
[WARNING DRT-0419] No routing tracks pass through the center of Term be_mmu/dcache/data_mem_3__data_mem/macro_mem/mem/rd_out[38]
[WARNING DRT-0419] No routing tracks pass through the center of Term be_mmu/dcache/data_mem_3__data_mem/macro_mem/mem/rd_out[39]
[WARNING DRT-0419] No routing tracks pass through the center of Term be_mmu/dcache/data_mem_3__data_mem/macro_mem/mem/rd_out[40]
[WARNING DRT-0419] No routing tracks pass through the center of Term be_mmu/dcache/data_mem_3__data_mem/macro_mem/mem/rd_out[41]
[WARNING DRT-0419] No routing tracks pass through the center of Term be_mmu/dcache/data_mem_3__data_mem/macro_mem/mem/rd_out[42]
[WARNING DRT-0419] No routing tracks pass through the center of Term be_mmu/dcache/data_mem_3__data_mem/macro_mem/mem/rd_out[43]
[WARNING DRT-0419] No routing tracks pass through the center of Term be_mmu/dcache/data_mem_3__data_mem/macro_mem/mem/rd_out[44]
[WARNING DRT-0419] No routing tracks pass through the center of Term be_mmu/dcache/data_mem_3__data_mem/macro_mem/mem/rd_out[45]
[WARNING DRT-0419] No routing tracks pass through the center of Term be_mmu/dcache/data_mem_3__data_mem/macro_mem/mem/rd_out[46]
[WARNING DRT-0419] No routing tracks pass through the center of Term be_mmu/dcache/data_mem_3__data_mem/macro_mem/mem/rd_out[47]
[WARNING DRT-0419] No routing tracks pass through the center of Term be_mmu/dcache/data_mem_3__data_mem/macro_mem/mem/rd_out[48]
[WARNING DRT-0419] No routing tracks pass through the center of Term be_mmu/dcache/data_mem_3__data_mem/macro_mem/mem/rd_out[49]
[WARNING DRT-0419] No routing tracks pass through the center of Term be_mmu/dcache/data_mem_3__data_mem/macro_mem/mem/rd_out[50]
[WARNING DRT-0419] No routing tracks pass through the center of Term be_mmu/dcache/data_mem_3__data_mem/macro_mem/mem/rd_out[51]
[WARNING DRT-0419] No routing tracks pass through the center of Term be_mmu/dcache/data_mem_3__data_mem/macro_mem/mem/rd_out[52]
[WARNING DRT-0419] No routing tracks pass through the center of Term be_mmu/dcache/data_mem_3__data_mem/macro_mem/mem/rd_out[53]
[WARNING DRT-0419] No routing tracks pass through the center of Term be_mmu/dcache/data_mem_3__data_mem/macro_mem/mem/rd_out[54]
[WARNING DRT-0419] No routing tracks pass through the center of Term be_mmu/dcache/data_mem_3__data_mem/macro_mem/mem/rd_out[55]
[WARNING DRT-0419] No routing tracks pass through the center of Term be_mmu/dcache/data_mem_3__data_mem/macro_mem/mem/rd_out[56]
[WARNING DRT-0419] No routing tracks pass through the center of Term be_mmu/dcache/data_mem_3__data_mem/macro_mem/mem/rd_out[57]
[WARNING DRT-0419] No routing tracks pass through the center of Term be_mmu/dcache/data_mem_3__data_mem/macro_mem/mem/rd_out[58]
[WARNING DRT-0419] No routing tracks pass through the center of Term be_mmu/dcache/data_mem_3__data_mem/macro_mem/mem/rd_out[59]
[WARNING DRT-0419] No routing tracks pass through the center of Term be_mmu/dcache/data_mem_3__data_mem/macro_mem/mem/rd_out[60]
[WARNING DRT-0419] No routing tracks pass through the center of Term be_mmu/dcache/data_mem_3__data_mem/macro_mem/mem/rd_out[61]
[WARNING DRT-0419] No routing tracks pass through the center of Term be_mmu/dcache/data_mem_3__data_mem/macro_mem/mem/rd_out[62]
[WARNING DRT-0419] No routing tracks pass through the center of Term be_mmu/dcache/data_mem_3__data_mem/macro_mem/mem/rd_out[63]
[WARNING DRT-0419] No routing tracks pass through the center of Term be_mmu/dcache/data_mem_3__data_mem/macro_mem/mem/wd_in[0]
[WARNING DRT-0419] No routing tracks pass through the center of Term be_mmu/dcache/data_mem_3__data_mem/macro_mem/mem/wd_in[1]
[WARNING DRT-0419] No routing tracks pass through the center of Term be_mmu/dcache/data_mem_3__data_mem/macro_mem/mem/wd_in[2]
[WARNING DRT-0419] No routing tracks pass through the center of Term be_mmu/dcache/data_mem_3__data_mem/macro_mem/mem/wd_in[3]
[WARNING DRT-0419] No routing tracks pass through the center of Term be_mmu/dcache/data_mem_3__data_mem/macro_mem/mem/wd_in[4]
[WARNING DRT-0419] No routing tracks pass through the center of Term be_mmu/dcache/data_mem_3__data_mem/macro_mem/mem/wd_in[5]
[WARNING DRT-0419] No routing tracks pass through the center of Term be_mmu/dcache/data_mem_3__data_mem/macro_mem/mem/wd_in[6]
[WARNING DRT-0419] No routing tracks pass through the center of Term be_mmu/dcache/data_mem_3__data_mem/macro_mem/mem/wd_in[7]
[WARNING DRT-0419] No routing tracks pass through the center of Term be_mmu/dcache/data_mem_3__data_mem/macro_mem/mem/wd_in[8]
[WARNING DRT-0419] No routing tracks pass through the center of Term be_mmu/dcache/data_mem_3__data_mem/macro_mem/mem/wd_in[9]
[WARNING DRT-0419] No routing tracks pass through the center of Term be_mmu/dcache/data_mem_3__data_mem/macro_mem/mem/wd_in[10]
[WARNING DRT-0419] No routing tracks pass through the center of Term be_mmu/dcache/data_mem_3__data_mem/macro_mem/mem/wd_in[11]
[WARNING DRT-0419] No routing tracks pass through the center of Term be_mmu/dcache/data_mem_3__data_mem/macro_mem/mem/wd_in[12]
[WARNING DRT-0419] No routing tracks pass through the center of Term be_mmu/dcache/data_mem_3__data_mem/macro_mem/mem/wd_in[13]
[WARNING DRT-0419] No routing tracks pass through the center of Term be_mmu/dcache/data_mem_3__data_mem/macro_mem/mem/wd_in[14]
[WARNING DRT-0419] No routing tracks pass through the center of Term be_mmu/dcache/data_mem_3__data_mem/macro_mem/mem/wd_in[15]
[WARNING DRT-0419] No routing tracks pass through the center of Term be_mmu/dcache/data_mem_3__data_mem/macro_mem/mem/wd_in[16]
[WARNING DRT-0419] No routing tracks pass through the center of Term be_mmu/dcache/data_mem_3__data_mem/macro_mem/mem/wd_in[17]
[WARNING DRT-0419] No routing tracks pass through the center of Term be_mmu/dcache/data_mem_3__data_mem/macro_mem/mem/wd_in[18]
[WARNING DRT-0419] No routing tracks pass through the center of Term be_mmu/dcache/data_mem_3__data_mem/macro_mem/mem/wd_in[19]
[WARNING DRT-0419] No routing tracks pass through the center of Term be_mmu/dcache/data_mem_3__data_mem/macro_mem/mem/wd_in[20]
[WARNING DRT-0419] No routing tracks pass through the center of Term be_mmu/dcache/data_mem_3__data_mem/macro_mem/mem/wd_in[21]
[WARNING DRT-0419] No routing tracks pass through the center of Term be_mmu/dcache/data_mem_3__data_mem/macro_mem/mem/wd_in[22]
[WARNING DRT-0419] No routing tracks pass through the center of Term be_mmu/dcache/data_mem_3__data_mem/macro_mem/mem/wd_in[23]
[WARNING DRT-0419] No routing tracks pass through the center of Term be_mmu/dcache/data_mem_3__data_mem/macro_mem/mem/wd_in[24]
[WARNING DRT-0419] No routing tracks pass through the center of Term be_mmu/dcache/data_mem_3__data_mem/macro_mem/mem/wd_in[25]
[WARNING DRT-0419] No routing tracks pass through the center of Term be_mmu/dcache/data_mem_3__data_mem/macro_mem/mem/wd_in[26]
[WARNING DRT-0419] No routing tracks pass through the center of Term be_mmu/dcache/data_mem_3__data_mem/macro_mem/mem/wd_in[27]
[WARNING DRT-0419] No routing tracks pass through the center of Term be_mmu/dcache/data_mem_3__data_mem/macro_mem/mem/wd_in[28]
[WARNING DRT-0419] No routing tracks pass through the center of Term be_mmu/dcache/data_mem_3__data_mem/macro_mem/mem/wd_in[29]
[WARNING DRT-0419] No routing tracks pass through the center of Term be_mmu/dcache/data_mem_3__data_mem/macro_mem/mem/wd_in[30]
[WARNING DRT-0419] No routing tracks pass through the center of Term be_mmu/dcache/data_mem_3__data_mem/macro_mem/mem/wd_in[31]
[WARNING DRT-0419] No routing tracks pass through the center of Term be_mmu/dcache/data_mem_3__data_mem/macro_mem/mem/wd_in[32]
[WARNING DRT-0419] No routing tracks pass through the center of Term be_mmu/dcache/data_mem_3__data_mem/macro_mem/mem/wd_in[33]
[WARNING DRT-0419] No routing tracks pass through the center of Term be_mmu/dcache/data_mem_3__data_mem/macro_mem/mem/wd_in[34]
[WARNING DRT-0419] No routing tracks pass through the center of Term be_mmu/dcache/data_mem_3__data_mem/macro_mem/mem/wd_in[35]
[WARNING DRT-0419] No routing tracks pass through the center of Term be_mmu/dcache/data_mem_3__data_mem/macro_mem/mem/wd_in[36]
[WARNING DRT-0419] No routing tracks pass through the center of Term be_mmu/dcache/data_mem_3__data_mem/macro_mem/mem/wd_in[37]
[WARNING DRT-0419] No routing tracks pass through the center of Term be_mmu/dcache/data_mem_3__data_mem/macro_mem/mem/wd_in[38]
[WARNING DRT-0419] No routing tracks pass through the center of Term be_mmu/dcache/data_mem_3__data_mem/macro_mem/mem/wd_in[39]
[WARNING DRT-0419] No routing tracks pass through the center of Term be_mmu/dcache/data_mem_3__data_mem/macro_mem/mem/wd_in[40]
[WARNING DRT-0419] No routing tracks pass through the center of Term be_mmu/dcache/data_mem_3__data_mem/macro_mem/mem/wd_in[41]
[WARNING DRT-0419] No routing tracks pass through the center of Term be_mmu/dcache/data_mem_3__data_mem/macro_mem/mem/wd_in[42]
[WARNING DRT-0419] No routing tracks pass through the center of Term be_mmu/dcache/data_mem_3__data_mem/macro_mem/mem/wd_in[43]
[WARNING DRT-0419] No routing tracks pass through the center of Term be_mmu/dcache/data_mem_3__data_mem/macro_mem/mem/wd_in[44]
[WARNING DRT-0419] No routing tracks pass through the center of Term be_mmu/dcache/data_mem_3__data_mem/macro_mem/mem/wd_in[45]
[WARNING DRT-0419] No routing tracks pass through the center of Term be_mmu/dcache/data_mem_3__data_mem/macro_mem/mem/wd_in[46]
[WARNING DRT-0419] No routing tracks pass through the center of Term be_mmu/dcache/data_mem_3__data_mem/macro_mem/mem/wd_in[47]
[WARNING DRT-0419] No routing tracks pass through the center of Term be_mmu/dcache/data_mem_3__data_mem/macro_mem/mem/wd_in[48]
[WARNING DRT-0419] No routing tracks pass through the center of Term be_mmu/dcache/data_mem_3__data_mem/macro_mem/mem/wd_in[49]
[WARNING DRT-0419] No routing tracks pass through the center of Term be_mmu/dcache/data_mem_3__data_mem/macro_mem/mem/wd_in[50]
[WARNING DRT-0419] No routing tracks pass through the center of Term be_mmu/dcache/data_mem_3__data_mem/macro_mem/mem/wd_in[51]
[WARNING DRT-0419] No routing tracks pass through the center of Term be_mmu/dcache/data_mem_3__data_mem/macro_mem/mem/wd_in[52]
[WARNING DRT-0419] No routing tracks pass through the center of Term be_mmu/dcache/data_mem_3__data_mem/macro_mem/mem/wd_in[53]
[WARNING DRT-0419] No routing tracks pass through the center of Term be_mmu/dcache/data_mem_3__data_mem/macro_mem/mem/wd_in[54]
[WARNING DRT-0419] No routing tracks pass through the center of Term be_mmu/dcache/data_mem_3__data_mem/macro_mem/mem/wd_in[55]
[WARNING DRT-0419] No routing tracks pass through the center of Term be_mmu/dcache/data_mem_3__data_mem/macro_mem/mem/wd_in[56]
[WARNING DRT-0419] No routing tracks pass through the center of Term be_mmu/dcache/data_mem_3__data_mem/macro_mem/mem/wd_in[57]
[WARNING DRT-0419] No routing tracks pass through the center of Term be_mmu/dcache/data_mem_3__data_mem/macro_mem/mem/wd_in[58]
[WARNING DRT-0419] No routing tracks pass through the center of Term be_mmu/dcache/data_mem_3__data_mem/macro_mem/mem/wd_in[59]
[WARNING DRT-0419] No routing tracks pass through the center of Term be_mmu/dcache/data_mem_3__data_mem/macro_mem/mem/wd_in[60]
[WARNING DRT-0419] No routing tracks pass through the center of Term be_mmu/dcache/data_mem_3__data_mem/macro_mem/mem/wd_in[61]
[WARNING DRT-0419] No routing tracks pass through the center of Term be_mmu/dcache/data_mem_3__data_mem/macro_mem/mem/wd_in[62]
[WARNING DRT-0419] No routing tracks pass through the center of Term be_mmu/dcache/data_mem_3__data_mem/macro_mem/mem/wd_in[63]
[WARNING DRT-0419] No routing tracks pass through the center of Term be_mmu/dcache/data_mem_3__data_mem/macro_mem/mem/addr_in[0]
[WARNING DRT-0419] No routing tracks pass through the center of Term be_mmu/dcache/data_mem_3__data_mem/macro_mem/mem/addr_in[1]
[WARNING DRT-0419] No routing tracks pass through the center of Term be_mmu/dcache/data_mem_3__data_mem/macro_mem/mem/addr_in[2]
[WARNING DRT-0419] No routing tracks pass through the center of Term be_mmu/dcache/data_mem_3__data_mem/macro_mem/mem/addr_in[3]
[WARNING DRT-0419] No routing tracks pass through the center of Term be_mmu/dcache/data_mem_3__data_mem/macro_mem/mem/addr_in[4]
[WARNING DRT-0419] No routing tracks pass through the center of Term be_mmu/dcache/data_mem_3__data_mem/macro_mem/mem/addr_in[5]
[WARNING DRT-0419] No routing tracks pass through the center of Term be_mmu/dcache/data_mem_3__data_mem/macro_mem/mem/addr_in[6]
[WARNING DRT-0419] No routing tracks pass through the center of Term be_mmu/dcache/data_mem_3__data_mem/macro_mem/mem/addr_in[7]
[WARNING DRT-0419] No routing tracks pass through the center of Term be_mmu/dcache/data_mem_3__data_mem/macro_mem/mem/addr_in[8]
[WARNING DRT-0419] No routing tracks pass through the center of Term be_mmu/dcache/data_mem_3__data_mem/macro_mem/mem/we_in
[WARNING DRT-0419] No routing tracks pass through the center of Term be_mmu/dcache/data_mem_3__data_mem/macro_mem/mem/ce_in
[WARNING DRT-0419] No routing tracks pass through the center of Term be_mmu/dcache/data_mem_3__data_mem/macro_mem/mem/clk
[WARNING DRT-0419] No routing tracks pass through the center of Term be_mmu/dcache/data_mem_4__data_mem/macro_mem/mem/w_mask_in[0]
[WARNING DRT-0419] No routing tracks pass through the center of Term be_mmu/dcache/data_mem_4__data_mem/macro_mem/mem/w_mask_in[1]
[WARNING DRT-0419] No routing tracks pass through the center of Term be_mmu/dcache/data_mem_4__data_mem/macro_mem/mem/w_mask_in[2]
[WARNING DRT-0419] No routing tracks pass through the center of Term be_mmu/dcache/data_mem_4__data_mem/macro_mem/mem/w_mask_in[3]
[WARNING DRT-0419] No routing tracks pass through the center of Term be_mmu/dcache/data_mem_4__data_mem/macro_mem/mem/w_mask_in[4]
[WARNING DRT-0419] No routing tracks pass through the center of Term be_mmu/dcache/data_mem_4__data_mem/macro_mem/mem/w_mask_in[5]
[WARNING DRT-0419] No routing tracks pass through the center of Term be_mmu/dcache/data_mem_4__data_mem/macro_mem/mem/w_mask_in[6]
[WARNING DRT-0419] No routing tracks pass through the center of Term be_mmu/dcache/data_mem_4__data_mem/macro_mem/mem/w_mask_in[7]
[WARNING DRT-0419] No routing tracks pass through the center of Term be_mmu/dcache/data_mem_4__data_mem/macro_mem/mem/w_mask_in[8]
[WARNING DRT-0419] No routing tracks pass through the center of Term be_mmu/dcache/data_mem_4__data_mem/macro_mem/mem/w_mask_in[9]
[WARNING DRT-0419] No routing tracks pass through the center of Term be_mmu/dcache/data_mem_4__data_mem/macro_mem/mem/w_mask_in[10]
[WARNING DRT-0419] No routing tracks pass through the center of Term be_mmu/dcache/data_mem_4__data_mem/macro_mem/mem/w_mask_in[11]
[WARNING DRT-0419] No routing tracks pass through the center of Term be_mmu/dcache/data_mem_4__data_mem/macro_mem/mem/w_mask_in[12]
[WARNING DRT-0419] No routing tracks pass through the center of Term be_mmu/dcache/data_mem_4__data_mem/macro_mem/mem/w_mask_in[13]
[WARNING DRT-0419] No routing tracks pass through the center of Term be_mmu/dcache/data_mem_4__data_mem/macro_mem/mem/w_mask_in[14]
[WARNING DRT-0419] No routing tracks pass through the center of Term be_mmu/dcache/data_mem_4__data_mem/macro_mem/mem/w_mask_in[15]
[WARNING DRT-0419] No routing tracks pass through the center of Term be_mmu/dcache/data_mem_4__data_mem/macro_mem/mem/w_mask_in[16]
[WARNING DRT-0419] No routing tracks pass through the center of Term be_mmu/dcache/data_mem_4__data_mem/macro_mem/mem/w_mask_in[17]
[WARNING DRT-0419] No routing tracks pass through the center of Term be_mmu/dcache/data_mem_4__data_mem/macro_mem/mem/w_mask_in[18]
[WARNING DRT-0419] No routing tracks pass through the center of Term be_mmu/dcache/data_mem_4__data_mem/macro_mem/mem/w_mask_in[19]
[WARNING DRT-0419] No routing tracks pass through the center of Term be_mmu/dcache/data_mem_4__data_mem/macro_mem/mem/w_mask_in[20]
[WARNING DRT-0419] No routing tracks pass through the center of Term be_mmu/dcache/data_mem_4__data_mem/macro_mem/mem/w_mask_in[21]
[WARNING DRT-0419] No routing tracks pass through the center of Term be_mmu/dcache/data_mem_4__data_mem/macro_mem/mem/w_mask_in[22]
[WARNING DRT-0419] No routing tracks pass through the center of Term be_mmu/dcache/data_mem_4__data_mem/macro_mem/mem/w_mask_in[23]
[WARNING DRT-0419] No routing tracks pass through the center of Term be_mmu/dcache/data_mem_4__data_mem/macro_mem/mem/w_mask_in[24]
[WARNING DRT-0419] No routing tracks pass through the center of Term be_mmu/dcache/data_mem_4__data_mem/macro_mem/mem/w_mask_in[25]
[WARNING DRT-0419] No routing tracks pass through the center of Term be_mmu/dcache/data_mem_4__data_mem/macro_mem/mem/w_mask_in[26]
[WARNING DRT-0419] No routing tracks pass through the center of Term be_mmu/dcache/data_mem_4__data_mem/macro_mem/mem/w_mask_in[27]
[WARNING DRT-0419] No routing tracks pass through the center of Term be_mmu/dcache/data_mem_4__data_mem/macro_mem/mem/w_mask_in[28]
[WARNING DRT-0419] No routing tracks pass through the center of Term be_mmu/dcache/data_mem_4__data_mem/macro_mem/mem/w_mask_in[29]
[WARNING DRT-0419] No routing tracks pass through the center of Term be_mmu/dcache/data_mem_4__data_mem/macro_mem/mem/w_mask_in[30]
[WARNING DRT-0419] No routing tracks pass through the center of Term be_mmu/dcache/data_mem_4__data_mem/macro_mem/mem/w_mask_in[31]
[WARNING DRT-0419] No routing tracks pass through the center of Term be_mmu/dcache/data_mem_4__data_mem/macro_mem/mem/w_mask_in[32]
[WARNING DRT-0419] No routing tracks pass through the center of Term be_mmu/dcache/data_mem_4__data_mem/macro_mem/mem/w_mask_in[33]
[WARNING DRT-0419] No routing tracks pass through the center of Term be_mmu/dcache/data_mem_4__data_mem/macro_mem/mem/w_mask_in[34]
[WARNING DRT-0419] No routing tracks pass through the center of Term be_mmu/dcache/data_mem_4__data_mem/macro_mem/mem/w_mask_in[35]
[WARNING DRT-0419] No routing tracks pass through the center of Term be_mmu/dcache/data_mem_4__data_mem/macro_mem/mem/w_mask_in[36]
[WARNING DRT-0419] No routing tracks pass through the center of Term be_mmu/dcache/data_mem_4__data_mem/macro_mem/mem/w_mask_in[37]
[WARNING DRT-0419] No routing tracks pass through the center of Term be_mmu/dcache/data_mem_4__data_mem/macro_mem/mem/w_mask_in[38]
[WARNING DRT-0419] No routing tracks pass through the center of Term be_mmu/dcache/data_mem_4__data_mem/macro_mem/mem/w_mask_in[39]
[WARNING DRT-0419] No routing tracks pass through the center of Term be_mmu/dcache/data_mem_4__data_mem/macro_mem/mem/w_mask_in[40]
[WARNING DRT-0419] No routing tracks pass through the center of Term be_mmu/dcache/data_mem_4__data_mem/macro_mem/mem/w_mask_in[41]
[WARNING DRT-0419] No routing tracks pass through the center of Term be_mmu/dcache/data_mem_4__data_mem/macro_mem/mem/w_mask_in[42]
[WARNING DRT-0419] No routing tracks pass through the center of Term be_mmu/dcache/data_mem_4__data_mem/macro_mem/mem/w_mask_in[43]
[WARNING DRT-0419] No routing tracks pass through the center of Term be_mmu/dcache/data_mem_4__data_mem/macro_mem/mem/w_mask_in[44]
[WARNING DRT-0419] No routing tracks pass through the center of Term be_mmu/dcache/data_mem_4__data_mem/macro_mem/mem/w_mask_in[45]
[WARNING DRT-0419] No routing tracks pass through the center of Term be_mmu/dcache/data_mem_4__data_mem/macro_mem/mem/w_mask_in[46]
[WARNING DRT-0419] No routing tracks pass through the center of Term be_mmu/dcache/data_mem_4__data_mem/macro_mem/mem/w_mask_in[47]
[WARNING DRT-0419] No routing tracks pass through the center of Term be_mmu/dcache/data_mem_4__data_mem/macro_mem/mem/w_mask_in[48]
[WARNING DRT-0419] No routing tracks pass through the center of Term be_mmu/dcache/data_mem_4__data_mem/macro_mem/mem/w_mask_in[49]
[WARNING DRT-0419] No routing tracks pass through the center of Term be_mmu/dcache/data_mem_4__data_mem/macro_mem/mem/w_mask_in[50]
[WARNING DRT-0419] No routing tracks pass through the center of Term be_mmu/dcache/data_mem_4__data_mem/macro_mem/mem/w_mask_in[51]
[WARNING DRT-0419] No routing tracks pass through the center of Term be_mmu/dcache/data_mem_4__data_mem/macro_mem/mem/w_mask_in[52]
[WARNING DRT-0419] No routing tracks pass through the center of Term be_mmu/dcache/data_mem_4__data_mem/macro_mem/mem/w_mask_in[53]
[WARNING DRT-0419] No routing tracks pass through the center of Term be_mmu/dcache/data_mem_4__data_mem/macro_mem/mem/w_mask_in[54]
[WARNING DRT-0419] No routing tracks pass through the center of Term be_mmu/dcache/data_mem_4__data_mem/macro_mem/mem/w_mask_in[55]
[WARNING DRT-0419] No routing tracks pass through the center of Term be_mmu/dcache/data_mem_4__data_mem/macro_mem/mem/w_mask_in[56]
[WARNING DRT-0419] No routing tracks pass through the center of Term be_mmu/dcache/data_mem_4__data_mem/macro_mem/mem/w_mask_in[57]
[WARNING DRT-0419] No routing tracks pass through the center of Term be_mmu/dcache/data_mem_4__data_mem/macro_mem/mem/w_mask_in[58]
[WARNING DRT-0419] No routing tracks pass through the center of Term be_mmu/dcache/data_mem_4__data_mem/macro_mem/mem/w_mask_in[59]
[WARNING DRT-0419] No routing tracks pass through the center of Term be_mmu/dcache/data_mem_4__data_mem/macro_mem/mem/w_mask_in[60]
[WARNING DRT-0419] No routing tracks pass through the center of Term be_mmu/dcache/data_mem_4__data_mem/macro_mem/mem/w_mask_in[61]
[WARNING DRT-0419] No routing tracks pass through the center of Term be_mmu/dcache/data_mem_4__data_mem/macro_mem/mem/w_mask_in[62]
[WARNING DRT-0419] No routing tracks pass through the center of Term be_mmu/dcache/data_mem_4__data_mem/macro_mem/mem/w_mask_in[63]
[WARNING DRT-0419] No routing tracks pass through the center of Term be_mmu/dcache/data_mem_4__data_mem/macro_mem/mem/rd_out[0]
[WARNING DRT-0419] No routing tracks pass through the center of Term be_mmu/dcache/data_mem_4__data_mem/macro_mem/mem/rd_out[1]
[WARNING DRT-0419] No routing tracks pass through the center of Term be_mmu/dcache/data_mem_4__data_mem/macro_mem/mem/rd_out[2]
[WARNING DRT-0419] No routing tracks pass through the center of Term be_mmu/dcache/data_mem_4__data_mem/macro_mem/mem/rd_out[3]
[WARNING DRT-0419] No routing tracks pass through the center of Term be_mmu/dcache/data_mem_4__data_mem/macro_mem/mem/rd_out[4]
[WARNING DRT-0419] No routing tracks pass through the center of Term be_mmu/dcache/data_mem_4__data_mem/macro_mem/mem/rd_out[5]
[WARNING DRT-0419] No routing tracks pass through the center of Term be_mmu/dcache/data_mem_4__data_mem/macro_mem/mem/rd_out[6]
[WARNING DRT-0419] No routing tracks pass through the center of Term be_mmu/dcache/data_mem_4__data_mem/macro_mem/mem/rd_out[7]
[WARNING DRT-0419] No routing tracks pass through the center of Term be_mmu/dcache/data_mem_4__data_mem/macro_mem/mem/rd_out[8]
[WARNING DRT-0419] No routing tracks pass through the center of Term be_mmu/dcache/data_mem_4__data_mem/macro_mem/mem/rd_out[9]
[WARNING DRT-0419] No routing tracks pass through the center of Term be_mmu/dcache/data_mem_4__data_mem/macro_mem/mem/rd_out[10]
[WARNING DRT-0419] No routing tracks pass through the center of Term be_mmu/dcache/data_mem_4__data_mem/macro_mem/mem/rd_out[11]
[WARNING DRT-0419] No routing tracks pass through the center of Term be_mmu/dcache/data_mem_4__data_mem/macro_mem/mem/rd_out[12]
[WARNING DRT-0419] No routing tracks pass through the center of Term be_mmu/dcache/data_mem_4__data_mem/macro_mem/mem/rd_out[13]
[WARNING DRT-0419] No routing tracks pass through the center of Term be_mmu/dcache/data_mem_4__data_mem/macro_mem/mem/rd_out[14]
[WARNING DRT-0419] No routing tracks pass through the center of Term be_mmu/dcache/data_mem_4__data_mem/macro_mem/mem/rd_out[15]
[WARNING DRT-0419] No routing tracks pass through the center of Term be_mmu/dcache/data_mem_4__data_mem/macro_mem/mem/rd_out[16]
[WARNING DRT-0419] No routing tracks pass through the center of Term be_mmu/dcache/data_mem_4__data_mem/macro_mem/mem/rd_out[17]
[WARNING DRT-0419] No routing tracks pass through the center of Term be_mmu/dcache/data_mem_4__data_mem/macro_mem/mem/rd_out[18]
[WARNING DRT-0419] No routing tracks pass through the center of Term be_mmu/dcache/data_mem_4__data_mem/macro_mem/mem/rd_out[19]
[WARNING DRT-0419] No routing tracks pass through the center of Term be_mmu/dcache/data_mem_4__data_mem/macro_mem/mem/rd_out[20]
[WARNING DRT-0419] No routing tracks pass through the center of Term be_mmu/dcache/data_mem_4__data_mem/macro_mem/mem/rd_out[21]
[WARNING DRT-0419] No routing tracks pass through the center of Term be_mmu/dcache/data_mem_4__data_mem/macro_mem/mem/rd_out[22]
[WARNING DRT-0419] No routing tracks pass through the center of Term be_mmu/dcache/data_mem_4__data_mem/macro_mem/mem/rd_out[23]
[WARNING DRT-0419] No routing tracks pass through the center of Term be_mmu/dcache/data_mem_4__data_mem/macro_mem/mem/rd_out[24]
[WARNING DRT-0419] No routing tracks pass through the center of Term be_mmu/dcache/data_mem_4__data_mem/macro_mem/mem/rd_out[25]
[WARNING DRT-0419] No routing tracks pass through the center of Term be_mmu/dcache/data_mem_4__data_mem/macro_mem/mem/rd_out[26]
[WARNING DRT-0419] No routing tracks pass through the center of Term be_mmu/dcache/data_mem_4__data_mem/macro_mem/mem/rd_out[27]
[WARNING DRT-0419] No routing tracks pass through the center of Term be_mmu/dcache/data_mem_4__data_mem/macro_mem/mem/rd_out[28]
[WARNING DRT-0419] No routing tracks pass through the center of Term be_mmu/dcache/data_mem_4__data_mem/macro_mem/mem/rd_out[29]
[WARNING DRT-0419] No routing tracks pass through the center of Term be_mmu/dcache/data_mem_4__data_mem/macro_mem/mem/rd_out[30]
[WARNING DRT-0419] No routing tracks pass through the center of Term be_mmu/dcache/data_mem_4__data_mem/macro_mem/mem/rd_out[31]
[WARNING DRT-0419] No routing tracks pass through the center of Term be_mmu/dcache/data_mem_4__data_mem/macro_mem/mem/rd_out[32]
[WARNING DRT-0419] No routing tracks pass through the center of Term be_mmu/dcache/data_mem_4__data_mem/macro_mem/mem/rd_out[33]
[WARNING DRT-0419] No routing tracks pass through the center of Term be_mmu/dcache/data_mem_4__data_mem/macro_mem/mem/rd_out[34]
[WARNING DRT-0419] No routing tracks pass through the center of Term be_mmu/dcache/data_mem_4__data_mem/macro_mem/mem/rd_out[35]
[WARNING DRT-0419] No routing tracks pass through the center of Term be_mmu/dcache/data_mem_4__data_mem/macro_mem/mem/rd_out[36]
[WARNING DRT-0419] No routing tracks pass through the center of Term be_mmu/dcache/data_mem_4__data_mem/macro_mem/mem/rd_out[37]
[WARNING DRT-0419] No routing tracks pass through the center of Term be_mmu/dcache/data_mem_4__data_mem/macro_mem/mem/rd_out[38]
[WARNING DRT-0419] No routing tracks pass through the center of Term be_mmu/dcache/data_mem_4__data_mem/macro_mem/mem/rd_out[39]
[WARNING DRT-0419] No routing tracks pass through the center of Term be_mmu/dcache/data_mem_4__data_mem/macro_mem/mem/rd_out[40]
[WARNING DRT-0419] No routing tracks pass through the center of Term be_mmu/dcache/data_mem_4__data_mem/macro_mem/mem/rd_out[41]
[WARNING DRT-0419] No routing tracks pass through the center of Term be_mmu/dcache/data_mem_4__data_mem/macro_mem/mem/rd_out[42]
[WARNING DRT-0419] No routing tracks pass through the center of Term be_mmu/dcache/data_mem_4__data_mem/macro_mem/mem/rd_out[43]
[WARNING DRT-0419] No routing tracks pass through the center of Term be_mmu/dcache/data_mem_4__data_mem/macro_mem/mem/rd_out[44]
[WARNING DRT-0419] No routing tracks pass through the center of Term be_mmu/dcache/data_mem_4__data_mem/macro_mem/mem/rd_out[45]
[WARNING DRT-0419] No routing tracks pass through the center of Term be_mmu/dcache/data_mem_4__data_mem/macro_mem/mem/rd_out[46]
[WARNING DRT-0419] No routing tracks pass through the center of Term be_mmu/dcache/data_mem_4__data_mem/macro_mem/mem/rd_out[47]
[WARNING DRT-0419] No routing tracks pass through the center of Term be_mmu/dcache/data_mem_4__data_mem/macro_mem/mem/rd_out[48]
[WARNING DRT-0419] No routing tracks pass through the center of Term be_mmu/dcache/data_mem_4__data_mem/macro_mem/mem/rd_out[49]
[WARNING DRT-0419] No routing tracks pass through the center of Term be_mmu/dcache/data_mem_4__data_mem/macro_mem/mem/rd_out[50]
[WARNING DRT-0419] No routing tracks pass through the center of Term be_mmu/dcache/data_mem_4__data_mem/macro_mem/mem/rd_out[51]
[WARNING DRT-0419] No routing tracks pass through the center of Term be_mmu/dcache/data_mem_4__data_mem/macro_mem/mem/rd_out[52]
[WARNING DRT-0419] No routing tracks pass through the center of Term be_mmu/dcache/data_mem_4__data_mem/macro_mem/mem/rd_out[53]
[WARNING DRT-0419] No routing tracks pass through the center of Term be_mmu/dcache/data_mem_4__data_mem/macro_mem/mem/rd_out[54]
[WARNING DRT-0419] No routing tracks pass through the center of Term be_mmu/dcache/data_mem_4__data_mem/macro_mem/mem/rd_out[55]
[WARNING DRT-0419] No routing tracks pass through the center of Term be_mmu/dcache/data_mem_4__data_mem/macro_mem/mem/rd_out[56]
[WARNING DRT-0419] No routing tracks pass through the center of Term be_mmu/dcache/data_mem_4__data_mem/macro_mem/mem/rd_out[57]
[WARNING DRT-0419] No routing tracks pass through the center of Term be_mmu/dcache/data_mem_4__data_mem/macro_mem/mem/rd_out[58]
[WARNING DRT-0419] No routing tracks pass through the center of Term be_mmu/dcache/data_mem_4__data_mem/macro_mem/mem/rd_out[59]
[WARNING DRT-0419] No routing tracks pass through the center of Term be_mmu/dcache/data_mem_4__data_mem/macro_mem/mem/rd_out[60]
[WARNING DRT-0419] No routing tracks pass through the center of Term be_mmu/dcache/data_mem_4__data_mem/macro_mem/mem/rd_out[61]
[WARNING DRT-0419] No routing tracks pass through the center of Term be_mmu/dcache/data_mem_4__data_mem/macro_mem/mem/rd_out[62]
[WARNING DRT-0419] No routing tracks pass through the center of Term be_mmu/dcache/data_mem_4__data_mem/macro_mem/mem/rd_out[63]
[WARNING DRT-0419] No routing tracks pass through the center of Term be_mmu/dcache/data_mem_4__data_mem/macro_mem/mem/wd_in[0]
[WARNING DRT-0419] No routing tracks pass through the center of Term be_mmu/dcache/data_mem_4__data_mem/macro_mem/mem/wd_in[1]
[WARNING DRT-0419] No routing tracks pass through the center of Term be_mmu/dcache/data_mem_4__data_mem/macro_mem/mem/wd_in[2]
[WARNING DRT-0419] No routing tracks pass through the center of Term be_mmu/dcache/data_mem_4__data_mem/macro_mem/mem/wd_in[3]
[WARNING DRT-0419] No routing tracks pass through the center of Term be_mmu/dcache/data_mem_4__data_mem/macro_mem/mem/wd_in[4]
[WARNING DRT-0419] No routing tracks pass through the center of Term be_mmu/dcache/data_mem_4__data_mem/macro_mem/mem/wd_in[5]
[WARNING DRT-0419] No routing tracks pass through the center of Term be_mmu/dcache/data_mem_4__data_mem/macro_mem/mem/wd_in[6]
[WARNING DRT-0419] No routing tracks pass through the center of Term be_mmu/dcache/data_mem_4__data_mem/macro_mem/mem/wd_in[7]
[WARNING DRT-0419] No routing tracks pass through the center of Term be_mmu/dcache/data_mem_4__data_mem/macro_mem/mem/wd_in[8]
[WARNING DRT-0419] No routing tracks pass through the center of Term be_mmu/dcache/data_mem_4__data_mem/macro_mem/mem/wd_in[9]
[WARNING DRT-0419] No routing tracks pass through the center of Term be_mmu/dcache/data_mem_4__data_mem/macro_mem/mem/wd_in[10]
[WARNING DRT-0419] No routing tracks pass through the center of Term be_mmu/dcache/data_mem_4__data_mem/macro_mem/mem/wd_in[11]
[WARNING DRT-0419] No routing tracks pass through the center of Term be_mmu/dcache/data_mem_4__data_mem/macro_mem/mem/wd_in[12]
[WARNING DRT-0419] No routing tracks pass through the center of Term be_mmu/dcache/data_mem_4__data_mem/macro_mem/mem/wd_in[13]
[WARNING DRT-0419] No routing tracks pass through the center of Term be_mmu/dcache/data_mem_4__data_mem/macro_mem/mem/wd_in[14]
[WARNING DRT-0419] No routing tracks pass through the center of Term be_mmu/dcache/data_mem_4__data_mem/macro_mem/mem/wd_in[15]
[WARNING DRT-0419] No routing tracks pass through the center of Term be_mmu/dcache/data_mem_4__data_mem/macro_mem/mem/wd_in[16]
[WARNING DRT-0419] No routing tracks pass through the center of Term be_mmu/dcache/data_mem_4__data_mem/macro_mem/mem/wd_in[17]
[WARNING DRT-0419] No routing tracks pass through the center of Term be_mmu/dcache/data_mem_4__data_mem/macro_mem/mem/wd_in[18]
[WARNING DRT-0419] No routing tracks pass through the center of Term be_mmu/dcache/data_mem_4__data_mem/macro_mem/mem/wd_in[19]
[WARNING DRT-0419] No routing tracks pass through the center of Term be_mmu/dcache/data_mem_4__data_mem/macro_mem/mem/wd_in[20]
[WARNING DRT-0419] No routing tracks pass through the center of Term be_mmu/dcache/data_mem_4__data_mem/macro_mem/mem/wd_in[21]
[WARNING DRT-0419] No routing tracks pass through the center of Term be_mmu/dcache/data_mem_4__data_mem/macro_mem/mem/wd_in[22]
[WARNING DRT-0419] No routing tracks pass through the center of Term be_mmu/dcache/data_mem_4__data_mem/macro_mem/mem/wd_in[23]
[WARNING DRT-0419] No routing tracks pass through the center of Term be_mmu/dcache/data_mem_4__data_mem/macro_mem/mem/wd_in[24]
[WARNING DRT-0419] No routing tracks pass through the center of Term be_mmu/dcache/data_mem_4__data_mem/macro_mem/mem/wd_in[25]
[WARNING DRT-0419] No routing tracks pass through the center of Term be_mmu/dcache/data_mem_4__data_mem/macro_mem/mem/wd_in[26]
[WARNING DRT-0419] No routing tracks pass through the center of Term be_mmu/dcache/data_mem_4__data_mem/macro_mem/mem/wd_in[27]
[WARNING DRT-0419] No routing tracks pass through the center of Term be_mmu/dcache/data_mem_4__data_mem/macro_mem/mem/wd_in[28]
[WARNING DRT-0419] No routing tracks pass through the center of Term be_mmu/dcache/data_mem_4__data_mem/macro_mem/mem/wd_in[29]
[WARNING DRT-0419] No routing tracks pass through the center of Term be_mmu/dcache/data_mem_4__data_mem/macro_mem/mem/wd_in[30]
[WARNING DRT-0419] No routing tracks pass through the center of Term be_mmu/dcache/data_mem_4__data_mem/macro_mem/mem/wd_in[31]
[WARNING DRT-0419] No routing tracks pass through the center of Term be_mmu/dcache/data_mem_4__data_mem/macro_mem/mem/wd_in[32]
[WARNING DRT-0419] No routing tracks pass through the center of Term be_mmu/dcache/data_mem_4__data_mem/macro_mem/mem/wd_in[33]
[WARNING DRT-0419] No routing tracks pass through the center of Term be_mmu/dcache/data_mem_4__data_mem/macro_mem/mem/wd_in[34]
[WARNING DRT-0419] No routing tracks pass through the center of Term be_mmu/dcache/data_mem_4__data_mem/macro_mem/mem/wd_in[35]
[WARNING DRT-0419] No routing tracks pass through the center of Term be_mmu/dcache/data_mem_4__data_mem/macro_mem/mem/wd_in[36]
[WARNING DRT-0419] No routing tracks pass through the center of Term be_mmu/dcache/data_mem_4__data_mem/macro_mem/mem/wd_in[37]
[WARNING DRT-0419] No routing tracks pass through the center of Term be_mmu/dcache/data_mem_4__data_mem/macro_mem/mem/wd_in[38]
[WARNING DRT-0419] No routing tracks pass through the center of Term be_mmu/dcache/data_mem_4__data_mem/macro_mem/mem/wd_in[39]
[WARNING DRT-0419] No routing tracks pass through the center of Term be_mmu/dcache/data_mem_4__data_mem/macro_mem/mem/wd_in[40]
[WARNING DRT-0419] No routing tracks pass through the center of Term be_mmu/dcache/data_mem_4__data_mem/macro_mem/mem/wd_in[41]
[WARNING DRT-0419] No routing tracks pass through the center of Term be_mmu/dcache/data_mem_4__data_mem/macro_mem/mem/wd_in[42]
[WARNING DRT-0419] No routing tracks pass through the center of Term be_mmu/dcache/data_mem_4__data_mem/macro_mem/mem/wd_in[43]
[WARNING DRT-0419] No routing tracks pass through the center of Term be_mmu/dcache/data_mem_4__data_mem/macro_mem/mem/wd_in[44]
[WARNING DRT-0419] No routing tracks pass through the center of Term be_mmu/dcache/data_mem_4__data_mem/macro_mem/mem/wd_in[45]
[WARNING DRT-0419] No routing tracks pass through the center of Term be_mmu/dcache/data_mem_4__data_mem/macro_mem/mem/wd_in[46]
[WARNING DRT-0419] No routing tracks pass through the center of Term be_mmu/dcache/data_mem_4__data_mem/macro_mem/mem/wd_in[47]
[WARNING DRT-0419] No routing tracks pass through the center of Term be_mmu/dcache/data_mem_4__data_mem/macro_mem/mem/wd_in[48]
[WARNING DRT-0419] No routing tracks pass through the center of Term be_mmu/dcache/data_mem_4__data_mem/macro_mem/mem/wd_in[49]
[WARNING DRT-0419] No routing tracks pass through the center of Term be_mmu/dcache/data_mem_4__data_mem/macro_mem/mem/wd_in[50]
[WARNING DRT-0419] No routing tracks pass through the center of Term be_mmu/dcache/data_mem_4__data_mem/macro_mem/mem/wd_in[51]
[WARNING DRT-0419] No routing tracks pass through the center of Term be_mmu/dcache/data_mem_4__data_mem/macro_mem/mem/wd_in[52]
[WARNING DRT-0419] No routing tracks pass through the center of Term be_mmu/dcache/data_mem_4__data_mem/macro_mem/mem/wd_in[53]
[WARNING DRT-0419] No routing tracks pass through the center of Term be_mmu/dcache/data_mem_4__data_mem/macro_mem/mem/wd_in[54]
[WARNING DRT-0419] No routing tracks pass through the center of Term be_mmu/dcache/data_mem_4__data_mem/macro_mem/mem/wd_in[55]
[WARNING DRT-0419] message limit (1000) reached. This message will no longer print.
[INFO DRT-0167] List of default vias:
  Layer via1
    default via: via1_7
  Layer via2
    default via: via2_5
  Layer via3
    default via: via3_2
  Layer via4
    default via: via4_0
  Layer via5
    default via: via5_0
  Layer via6
    default via: via6_0
  Layer via7
    default via: via7_0
  Layer via8
    default via: via8_0
  Layer via9
    default via: via9_0
  Layer hb_layer
    default via: hb_layer_0
  Layer via11
    default via: via11_0
  Layer via12
    default via: via12_0
  Layer via13
    default via: via13_0
  Layer via14
    default via: via14_0
  Layer via15
    default via: via15_0
  Layer via16
    default via: via16_0
  Layer via17
    default via: via17_2
  Layer via18
    default via: via18_5
  Layer via19
    default via: via19_7
[INFO DRT-0162] Library cell analysis.
[INFO DRT-0163] Instance analysis.
[INFO DRT-0164] Number of unique instances = 16612.
[INFO DRT-0168] Init region query.
[INFO DRT-0024]   Complete active.
[INFO DRT-0024]   Complete Fr_VIA.
[INFO DRT-0024]   Complete metal1.
[INFO DRT-0024]   Complete via1.
[INFO DRT-0024]   Complete metal2.
[INFO DRT-0024]   Complete via2.
[INFO DRT-0024]   Complete metal3.
[INFO DRT-0024]   Complete via3.
[INFO DRT-0024]   Complete metal4.
[INFO DRT-0024]   Complete via4.
[INFO DRT-0024]   Complete metal5.
[INFO DRT-0024]   Complete via5.
[INFO DRT-0024]   Complete metal6.
[INFO DRT-0024]   Complete via6.
[INFO DRT-0024]   Complete metal7.
[INFO DRT-0024]   Complete via7.
[INFO DRT-0024]   Complete metal8.
[INFO DRT-0024]   Complete via8.
[INFO DRT-0024]   Complete metal9.
[INFO DRT-0024]   Complete via9.
[INFO DRT-0024]   Complete metal10.
[INFO DRT-0024]   Complete hb_layer.
[INFO DRT-0024]   Complete metal11.
[INFO DRT-0024]   Complete via11.
[INFO DRT-0024]   Complete metal12.
[INFO DRT-0024]   Complete via12.
[INFO DRT-0024]   Complete metal13.
[INFO DRT-0024]   Complete via13.
[INFO DRT-0024]   Complete metal14.
[INFO DRT-0024]   Complete via14.
[INFO DRT-0024]   Complete metal15.
[INFO DRT-0024]   Complete via15.
[INFO DRT-0024]   Complete metal16.
[INFO DRT-0024]   Complete via16.
[INFO DRT-0024]   Complete metal17.
[INFO DRT-0024]   Complete via17.
[INFO DRT-0024]   Complete metal18.
[INFO DRT-0024]   Complete via18.
[INFO DRT-0024]   Complete metal19.
[INFO DRT-0024]   Complete via19.
[INFO DRT-0024]   Complete metal20.
[INFO DRT-0033] active shape region query size = 0.
[INFO DRT-0033] FR_VIA shape region query size = 0.
[INFO DRT-0033] metal1 shape region query size = 333753.
[INFO DRT-0033] via1 shape region query size = 0.
[INFO DRT-0033] metal2 shape region query size = 5.
[INFO DRT-0033] via2 shape region query size = 0.
[INFO DRT-0033] metal3 shape region query size = 1936.
[INFO DRT-0033] via3 shape region query size = 0.
[INFO DRT-0033] metal4 shape region query size = 461.
[INFO DRT-0033] via4 shape region query size = 0.
[INFO DRT-0033] metal5 shape region query size = 1376.
[INFO DRT-0033] via5 shape region query size = 0.
[INFO DRT-0033] metal6 shape region query size = 1653.
[INFO DRT-0033] via6 shape region query size = 0.
[INFO DRT-0033] metal7 shape region query size = 0.
[INFO DRT-0033] via7 shape region query size = 0.
[INFO DRT-0033] metal8 shape region query size = 0.
[INFO DRT-0033] via8 shape region query size = 0.
[INFO DRT-0033] metal9 shape region query size = 0.
[INFO DRT-0033] via9 shape region query size = 0.
[INFO DRT-0033] metal10 shape region query size = 2702.
[INFO DRT-0033] hb_layer shape region query size = 0.
[INFO DRT-0033] metal11 shape region query size = 2702.
[INFO DRT-0033] via11 shape region query size = 0.
[INFO DRT-0033] metal12 shape region query size = 0.
[INFO DRT-0033] via12 shape region query size = 0.
[INFO DRT-0033] metal13 shape region query size = 0.
[INFO DRT-0033] via13 shape region query size = 0.
[INFO DRT-0033] metal14 shape region query size = 0.
[INFO DRT-0033] via14 shape region query size = 0.
[INFO DRT-0033] metal15 shape region query size = 0.
[INFO DRT-0033] via15 shape region query size = 0.
[INFO DRT-0033] metal16 shape region query size = 0.
[INFO DRT-0033] via16 shape region query size = 0.
[INFO DRT-0033] metal17 shape region query size = 675.
[INFO DRT-0033] via17 shape region query size = 0.
[INFO DRT-0033] metal18 shape region query size = 2050.
[INFO DRT-0033] via18 shape region query size = 0.
[INFO DRT-0033] metal19 shape region query size = 819438.
[INFO DRT-0033] via19 shape region query size = 0.
[INFO DRT-0033] metal20 shape region query size = 5.
[INFO DRT-0165] Start pin access.
[INFO DRT-0076]   Complete 1000 pins.
[INFO DRT-0076]   Complete 2000 pins.
[INFO DRT-0076]   Complete 3000 pins.
[INFO DRT-0076]   Complete 4000 pins.
[INFO DRT-0076]   Complete 5000 pins.
[INFO DRT-0076]   Complete 6000 pins.
[INFO DRT-0076]   Complete 7000 pins.
[INFO DRT-0076]   Complete 8000 pins.
[INFO DRT-0076]   Complete 9000 pins.
[INFO DRT-0076]   Complete 10000 pins.
[INFO DRT-0076]   Complete 20000 pins.
[INFO DRT-0076]   Complete 30000 pins.
[INFO DRT-0076]   Complete 40000 pins.
[INFO DRT-0076]   Complete 50000 pins.
[INFO DRT-0076]   Complete 60000 pins.
[INFO DRT-0076]   Complete 70000 pins.
[INFO DRT-0076]   Complete 80000 pins.
[INFO DRT-0076]   Complete 90000 pins.
[INFO DRT-0078]   Complete 97466 pins.
[INFO DRT-0079]   Complete 100 unique inst patterns.
[INFO DRT-0079]   Complete 200 unique inst patterns.
[INFO DRT-0079]   Complete 300 unique inst patterns.
[INFO DRT-0079]   Complete 400 unique inst patterns.
[INFO DRT-0079]   Complete 500 unique inst patterns.
[INFO DRT-0079]   Complete 600 unique inst patterns.
[INFO DRT-0079]   Complete 700 unique inst patterns.
[INFO DRT-0079]   Complete 800 unique inst patterns.
[INFO DRT-0079]   Complete 900 unique inst patterns.
[INFO DRT-0079]   Complete 1000 unique inst patterns.
[INFO DRT-0079]   Complete 2000 unique inst patterns.
[INFO DRT-0079]   Complete 3000 unique inst patterns.
[INFO DRT-0079]   Complete 4000 unique inst patterns.
[INFO DRT-0079]   Complete 5000 unique inst patterns.
[INFO DRT-0079]   Complete 6000 unique inst patterns.
[INFO DRT-0079]   Complete 7000 unique inst patterns.
[INFO DRT-0079]   Complete 8000 unique inst patterns.
[INFO DRT-0079]   Complete 9000 unique inst patterns.
[INFO DRT-0079]   Complete 10000 unique inst patterns.
[INFO DRT-0079]   Complete 11000 unique inst patterns.
[INFO DRT-0079]   Complete 12000 unique inst patterns.
[INFO DRT-0079]   Complete 13000 unique inst patterns.
[INFO DRT-0079]   Complete 14000 unique inst patterns.
[INFO DRT-0079]   Complete 15000 unique inst patterns.
[INFO DRT-0079]   Complete 16000 unique inst patterns.
[INFO DRT-0081]   Complete 16602 unique inst patterns.
[INFO DRT-0082]   Complete 10000 groups.
[INFO DRT-0084]   Complete 17093 groups.
#scanned instances     = 50333
#unique  instances     = 16612
#stdCellGenAp          = 687161
#stdCellValidPlanarAp  = 231978
#stdCellValidViaAp     = 421579
#stdCellPinNoAp        = 0
#stdCellPinCnt         = 185622
#instTermValidViaApCnt = 0
#macroGenAp            = 3604
#macroValidPlanarAp    = 3207
#macroValidViaAp       = 0
#macroNoAp             = 0
[INFO DRT-0166] Complete pin access.
[INFO DRT-0267] cpu time = 03:54:30, elapsed time = 00:02:40, memory = 557.37 (MB), peak = 557.37 (MB)
[INFO DRT-0156] guideIn read 100000 guides.
[INFO DRT-0156] guideIn read 200000 guides.
[INFO DRT-0156] guideIn read 300000 guides.
[INFO DRT-0156] guideIn read 400000 guides.
[INFO DRT-0156] guideIn read 500000 guides.
[INFO DRT-0156] guideIn read 600000 guides.

[INFO DRT-0157] Number of guides:     653292

[INFO DRT-0169] Post process guides.
[INFO DRT-0176] GCELLGRID X 0 DO 285 STEP 4200 ;
[INFO DRT-0177] GCELLGRID Y 0 DO 238 STEP 4200 ;
[INFO DRT-0026]   Complete 100000 origin guides.
[INFO DRT-0026]   Complete 200000 origin guides.
[INFO DRT-0026]   Complete 300000 origin guides.
[INFO DRT-0026]   Complete 400000 origin guides.
[INFO DRT-0026]   Complete 500000 origin guides.
[INFO DRT-0026]   Complete 600000 origin guides.
[INFO DRT-0028]   Complete active.
[INFO DRT-0028]   Complete Fr_VIA.
[INFO DRT-0028]   Complete metal1.
[INFO DRT-0028]   Complete via1.
[INFO DRT-0028]   Complete metal2.
[INFO DRT-0028]   Complete via2.
[INFO DRT-0028]   Complete metal3.
[INFO DRT-0028]   Complete via3.
[INFO DRT-0028]   Complete metal4.
[INFO DRT-0028]   Complete via4.
[INFO DRT-0028]   Complete metal5.
[INFO DRT-0028]   Complete via5.
[INFO DRT-0028]   Complete metal6.
[INFO DRT-0028]   Complete via6.
[INFO DRT-0028]   Complete metal7.
[INFO DRT-0028]   Complete via7.
[INFO DRT-0028]   Complete metal8.
[INFO DRT-0028]   Complete via8.
[INFO DRT-0028]   Complete metal9.
[INFO DRT-0028]   Complete via9.
[INFO DRT-0028]   Complete metal10.
[INFO DRT-0028]   Complete hb_layer.
[INFO DRT-0028]   Complete metal11.
[INFO DRT-0028]   Complete via11.
[INFO DRT-0028]   Complete metal12.
[INFO DRT-0028]   Complete via12.
[INFO DRT-0028]   Complete metal13.
[INFO DRT-0028]   Complete via13.
[INFO DRT-0028]   Complete metal14.
[INFO DRT-0028]   Complete via14.
[INFO DRT-0028]   Complete metal15.
[INFO DRT-0028]   Complete via15.
[INFO DRT-0028]   Complete metal16.
[INFO DRT-0028]   Complete via16.
[INFO DRT-0028]   Complete metal17.
[INFO DRT-0028]   Complete via17.
[INFO DRT-0028]   Complete metal18.
[INFO DRT-0028]   Complete via18.
[INFO DRT-0028]   Complete metal19.
[INFO DRT-0028]   Complete via19.
[INFO DRT-0028]   Complete metal20.
[INFO DRT-0178] Init guide query.
[INFO DRT-0035]   Complete active (guide).
[INFO DRT-0035]   Complete Fr_VIA (guide).
[INFO DRT-0035]   Complete metal1 (guide).
[INFO DRT-0035]   Complete via1 (guide).
[INFO DRT-0035]   Complete metal2 (guide).
[INFO DRT-0035]   Complete via2 (guide).
[INFO DRT-0035]   Complete metal3 (guide).
[INFO DRT-0035]   Complete via3 (guide).
[INFO DRT-0035]   Complete metal4 (guide).
[INFO DRT-0035]   Complete via4 (guide).
[INFO DRT-0035]   Complete metal5 (guide).
[INFO DRT-0035]   Complete via5 (guide).
[INFO DRT-0035]   Complete metal6 (guide).
[INFO DRT-0035]   Complete via6 (guide).
[INFO DRT-0035]   Complete metal7 (guide).
[INFO DRT-0035]   Complete via7 (guide).
[INFO DRT-0035]   Complete metal8 (guide).
[INFO DRT-0035]   Complete via8 (guide).
[INFO DRT-0035]   Complete metal9 (guide).
[INFO DRT-0035]   Complete via9 (guide).
[INFO DRT-0035]   Complete metal10 (guide).
[INFO DRT-0035]   Complete hb_layer (guide).
[INFO DRT-0035]   Complete metal11 (guide).
[INFO DRT-0035]   Complete via11 (guide).
[INFO DRT-0035]   Complete metal12 (guide).
[INFO DRT-0035]   Complete via12 (guide).
[INFO DRT-0035]   Complete metal13 (guide).
[INFO DRT-0035]   Complete via13 (guide).
[INFO DRT-0035]   Complete metal14 (guide).
[INFO DRT-0035]   Complete via14 (guide).
[INFO DRT-0035]   Complete metal15 (guide).
[INFO DRT-0035]   Complete via15 (guide).
[INFO DRT-0035]   Complete metal16 (guide).
[INFO DRT-0035]   Complete via16 (guide).
[INFO DRT-0035]   Complete metal17 (guide).
[INFO DRT-0035]   Complete via17 (guide).
[INFO DRT-0035]   Complete metal18 (guide).
[INFO DRT-0035]   Complete via18 (guide).
[INFO DRT-0035]   Complete metal19 (guide).
[INFO DRT-0035]   Complete via19 (guide).
[INFO DRT-0035]   Complete metal20 (guide).
[INFO DRT-0036] active guide region query size = 0.
[INFO DRT-0036] FR_VIA guide region query size = 0.
[INFO DRT-0036] metal1 guide region query size = 35537.
[INFO DRT-0036] via1 guide region query size = 0.
[INFO DRT-0036] metal2 guide region query size = 26128.
[INFO DRT-0036] via2 guide region query size = 0.
[INFO DRT-0036] metal3 guide region query size = 13810.
[INFO DRT-0036] via3 guide region query size = 0.
[INFO DRT-0036] metal4 guide region query size = 5080.
[INFO DRT-0036] via4 guide region query size = 0.
[INFO DRT-0036] metal5 guide region query size = 6161.
[INFO DRT-0036] via5 guide region query size = 0.
[INFO DRT-0036] metal6 guide region query size = 6670.
[INFO DRT-0036] via6 guide region query size = 0.
[INFO DRT-0036] metal7 guide region query size = 5849.
[INFO DRT-0036] via7 guide region query size = 0.
[INFO DRT-0036] metal8 guide region query size = 5876.
[INFO DRT-0036] via8 guide region query size = 0.
[INFO DRT-0036] metal9 guide region query size = 5903.
[INFO DRT-0036] via9 guide region query size = 0.
[INFO DRT-0036] metal10 guide region query size = 5948.
[INFO DRT-0036] hb_layer guide region query size = 0.
[INFO DRT-0036] metal11 guide region query size = 5988.
[INFO DRT-0036] via11 guide region query size = 0.
[INFO DRT-0036] metal12 guide region query size = 6021.
[INFO DRT-0036] via12 guide region query size = 0.
[INFO DRT-0036] metal13 guide region query size = 6174.
[INFO DRT-0036] via13 guide region query size = 0.
[INFO DRT-0036] metal14 guide region query size = 6337.
[INFO DRT-0036] via14 guide region query size = 0.
[INFO DRT-0036] metal15 guide region query size = 7166.
[INFO DRT-0036] via15 guide region query size = 0.
[INFO DRT-0036] metal16 guide region query size = 8101.
[INFO DRT-0036] via16 guide region query size = 0.
[INFO DRT-0036] metal17 guide region query size = 13682.
[INFO DRT-0036] via17 guide region query size = 0.
[INFO DRT-0036] metal18 guide region query size = 26303.
[INFO DRT-0036] via18 guide region query size = 0.
[INFO DRT-0036] metal19 guide region query size = 99743.
[INFO DRT-0036] via19 guide region query size = 0.
[INFO DRT-0036] metal20 guide region query size = 19153.
[INFO DRT-0179] Init gr pin query.
[INFO DRT-0267] cpu time = 00:00:44, elapsed time = 00:00:32, memory = 719.05 (MB), peak = 719.05 (MB)
[INFO DRT-0245] skipped writing guide updates to database.
[INFO DRT-0185] Post process initialize RPin region query.
[INFO DRT-0181] Start track assignment.
[INFO DRT-0184] Done with 115617 vertical wires in 6 frboxes and 200013 horizontal wires in 5 frboxes.
[INFO DRT-0186] Done with 43377 vertical wires in 6 frboxes and 83107 horizontal wires in 5 frboxes.
[INFO DRT-0182] Complete track assignment.
[INFO DRT-0267] cpu time = 00:00:55, elapsed time = 00:00:20, memory = 2033.67 (MB), peak = 2033.67 (MB)
[INFO DRT-0187] Start routing data preparation.
[INFO DRT-0267] cpu time = 00:00:00, elapsed time = 00:00:00, memory = 2189.67 (MB), peak = 2189.67 (MB)
[INFO DRT-0194] Start detail routing.
[INFO DRT-0195] Start 0th optimization iteration.
    Completing 10% with 0 violations.
    elapsed time = 00:00:26, memory = 7518.78 (MB).
    Completing 20% with 0 violations.
    elapsed time = 00:00:52, memory = 7573.69 (MB).
    Completing 30% with 60711 violations.
    elapsed time = 00:03:00, memory = 8124.73 (MB).
    Completing 40% with 60711 violations.
    elapsed time = 00:03:40, memory = 9736.33 (MB).
    Completing 50% with 60711 violations.
    elapsed time = 00:04:37, memory = 7906.74 (MB).
    Completing 60% with 116862 violations.
    elapsed time = 00:05:58, memory = 10429.37 (MB).
    Completing 70% with 116862 violations.
    elapsed time = 00:06:29, memory = 10314.82 (MB).
    Completing 80% with 172647 violations.
    elapsed time = 00:07:40, memory = 10326.02 (MB).
    Completing 90% with 172647 violations.
    elapsed time = 00:08:20, memory = 11996.76 (MB).
    Completing 100% with 222311 violations.
    elapsed time = 00:10:23, memory = 7837.79 (MB).
[INFO DRT-0199]   Number of violations = 240784.
Viol/Layer      metal1   via1 metal2   via2 metal3 metal4   via4 metal5   via5 metal6 metal7   via7 metal8   via8 metal9   via9 me..10 hb..er me..11  via11 me..12  via12 me..13  via13 me..14  via14 me..15  via15 me..16  via16 me..17  via17 me..18  via18 me..19  via19 me..20
Cut Spacing          0      3      0     11      0      0     28      0     11      0      0     22      0     15      0   1029      0      0      0    579      0      3      0     26      0    313      0     91      0    130      0      3      0    252      0    333      0
Metal Spacing      145      0    281      0     82      0      0      3      0      2     12      0      2      0     21      0   1213      0    500      0    154      0    620      0    859      0    434      0    299      0    242      0   3331      0  52825      0   3077
NS Metal             0      0      1      0      0      0      0      0      0      0      0      0      0      0      0      0      6      0      1      0      4      0      0      0      3      0      1      0      0      0      0      0     39      0     56      0      9
Recheck             54      0   1254      0    776    289      0    262      0    461    442      0    308      0    311      0    284      0    330      0    445      0    770      0    802      0    910      0   1052      0   1197      0   2731      0   3868      0   1927
Short              160      6   2797      1    479     18      0    184      0     74     99      0     33      0     95      7    104      1    148      5     94      1   1724      7   3607    320   2730     33   2576      1    708      5  11177    254  82596    429  44767
[INFO DRT-0267] cpu time = 07:34:57, elapsed time = 00:11:04, memory = 8520.63 (MB), peak = 12090.37 (MB)
Total wire length = 2280135 um.
Total wire length on LAYER metal1 = 289 um.
Total wire length on LAYER metal2 = 105034 um.
Total wire length on LAYER metal3 = 155907 um.
Total wire length on LAYER metal4 = 88357 um.
Total wire length on LAYER metal5 = 277362 um.
Total wire length on LAYER metal6 = 232126 um.
Total wire length on LAYER metal7 = 71428 um.
Total wire length on LAYER metal8 = 42405 um.
Total wire length on LAYER metal9 = 25505 um.
Total wire length on LAYER metal10 = 15753 um.
Total wire length on LAYER metal11 = 16205 um.
Total wire length on LAYER metal12 = 27464 um.
Total wire length on LAYER metal13 = 56214 um.
Total wire length on LAYER metal14 = 76895 um.
Total wire length on LAYER metal15 = 189044 um.
Total wire length on LAYER metal16 = 143952 um.
Total wire length on LAYER metal17 = 221549 um.
Total wire length on LAYER metal18 = 246808 um.
Total wire length on LAYER metal19 = 71136 um.
Total wire length on LAYER metal20 = 216693 um.
Total number of vias = 455039.
Up-via summary (total 455039):

------------------
  active         0
  metal1     41774
  metal2     41894
  metal3      5318
  metal4      4533
  metal5      5610
  metal6      5203
  metal7      5285
  metal8      5244
  metal9      5256
 metal10      2597
 metal11      5379
 metal12      5489
 metal13      5898
 metal14      6635
 metal15     10461
 metal16     10770
 metal17     71221
 metal18     63883
 metal19    152589
------------------
            455039


[INFO DRT-0195] Start 1st optimization iteration.
    Completing 10% with 240784 violations.
    elapsed time = 00:00:15, memory = 14456.27 (MB).
    Completing 20% with 240784 violations.
    elapsed time = 00:00:35, memory = 13402.14 (MB).
    Completing 30% with 206032 violations.
    elapsed time = 00:02:17, memory = 11895.53 (MB).
    Completing 40% with 206032 violations.
    elapsed time = 00:02:42, memory = 14072.77 (MB).
    Completing 50% with 206032 violations.
    elapsed time = 00:03:19, memory = 9964.01 (MB).
    Completing 60% with 174075 violations.
    elapsed time = 00:04:10, memory = 14847.96 (MB).
    Completing 70% with 174075 violations.
    elapsed time = 00:04:28, memory = 14179.15 (MB).
    Completing 80% with 141428 violations.
    elapsed time = 00:06:04, memory = 12125.96 (MB).
    Completing 90% with 141428 violations.
    elapsed time = 00:06:26, memory = 14585.60 (MB).
    Completing 100% with 110494 violations.
    elapsed time = 00:08:01, memory = 8707.04 (MB).
[INFO DRT-0199]   Number of violations = 110511.
Viol/Layer      metal1 metal2   via2 metal3 metal4   via4 metal5   via5 metal6 metal7   via7 metal8   via8 metal9   via9 me..10 me..11  via11 me..12 me..13  via13 me..14  via14 me..15  via15 me..16  via16 me..17  via17 me..18  via18 me..19  via19 me..20
Cut Spacing          0      0      4      0      0     20      0     15      0      0      6      0      3      0    402      0      0    249      0      0      7      0      0      0      3      0     97      0      2      0     59      0     63      0
Metal Spacing        7    288      0     47      1      0      0      0      0      3      0      0      0     26      0   1041    229      0     80    192      0    192      0    127      0    213      0    114      0   1788      0  23707      0   4899
NS Metal             0      0      0      0      0      0      0      0      0      0      0      0      0      0      0     11      2      0      0      1      0      0      0      1      0      0      0      0      0      7      0     23      0      5
Recheck              0      0      0      0      0      0      0      0      0      0      0      0      0      0      0      0      0      0      0      0      0      0      0      0      0      0      0      0      0      4      0     11      0      2
Short                2   1323      0    234      5      0     37      0      5      3      0      1      0     33      2     28     17      0     20    111      0      5      2    181      0    235      1    374      4   4642      9  27113     12  42161
[INFO DRT-0267] cpu time = 05:00:24, elapsed time = 00:08:34, memory = 8707.04 (MB), peak = 14993.61 (MB)
Total wire length = 2274242 um.
Total wire length on LAYER metal1 = 207 um.
Total wire length on LAYER metal2 = 104126 um.
Total wire length on LAYER metal3 = 155272 um.
Total wire length on LAYER metal4 = 88569 um.
Total wire length on LAYER metal5 = 277330 um.
Total wire length on LAYER metal6 = 232201 um.
Total wire length on LAYER metal7 = 71607 um.
Total wire length on LAYER metal8 = 42602 um.
Total wire length on LAYER metal9 = 25691 um.
Total wire length on LAYER metal10 = 16210 um.
Total wire length on LAYER metal11 = 15786 um.
Total wire length on LAYER metal12 = 26571 um.
Total wire length on LAYER metal13 = 55167 um.
Total wire length on LAYER metal14 = 76660 um.
Total wire length on LAYER metal15 = 191440 um.
Total wire length on LAYER metal16 = 145403 um.
Total wire length on LAYER metal17 = 227510 um.
Total wire length on LAYER metal18 = 246731 um.
Total wire length on LAYER metal19 = 61739 um.
Total wire length on LAYER metal20 = 213411 um.
Total number of vias = 446431.
Up-via summary (total 446431):

------------------
  active         0
  metal1     41572
  metal2     40927
  metal3      5337
  metal4      4572
  metal5      5685
  metal6      5221
  metal7      5322
  metal8      5269
  metal9      5226
 metal10      2583
 metal11      5326
 metal12      5423
 metal13      6002
 metal14      6456
 metal15     11480
 metal16     11721
 metal17     69890
 metal18     58567
 metal19    149852
------------------
            446431


[INFO DRT-0195] Start 2nd optimization iteration.
    Completing 10% with 110511 violations.
    elapsed time = 00:00:13, memory = 14822.51 (MB).
    Completing 20% with 110511 violations.
    elapsed time = 00:00:27, memory = 13896.88 (MB).
    Completing 30% with 108218 violations.
    elapsed time = 00:01:37, memory = 8737.50 (MB).
    Completing 40% with 108218 violations.
    elapsed time = 00:01:57, memory = 14933.18 (MB).
    Completing 50% with 108218 violations.
    elapsed time = 00:03:13, memory = 8761.20 (MB).
    Completing 60% with 106486 violations.
    elapsed time = 00:03:31, memory = 14874.09 (MB).
    Completing 70% with 106486 violations.
    elapsed time = 00:03:45, memory = 13894.83 (MB).
    Completing 80% with 104637 violations.
    elapsed time = 00:05:22, memory = 8787.02 (MB).
    Completing 90% with 104637 violations.
    elapsed time = 00:05:43, memory = 15110.22 (MB).
    Completing 100% with 102541 violations.
    elapsed time = 00:07:14, memory = 8800.14 (MB).
[INFO DRT-0199]   Number of violations = 102549.
Viol/Layer      metal1   via1 metal2   via2 metal3 metal4   via4 metal5   via5 metal6 metal7   via7 metal8   via8 metal9   via9 me..10 me..11  via11 me..12 me..13  via13 me..14  via14 me..15  via15 me..16  via16 me..17  via17 me..18  via18 me..19  via19 me..20
Cut Spacing          0      1      0      2      0      0     25      0      8      0      0      6      0      1      0    340      0      0    183      0      0      4      0      0      0      1      0     78      0      0      0     44      0     75      0
Metal Spacing        4      0    232      0     59      0      0      2      0      3      4      0      1      0      6      0    905    121      0     77    137      0    180      0    115      0    128      0    117      0   1663      0  22256      0   4250
NS Metal             0      0      0      0      0      0      0      0      0      0      0      0      0      0      0      0      3      0      0      2      0      0      2      0      0      0      0      0      0      0      4      0     53      0      3
Recheck              0      0      0      0      0      0      0      0      0      0      0      0      0      0      0      0      0      0      0      0      1      0      0      0      0      0      0      0      1      0      4      0      2      0      0
Short                0      0   1212      0    186      1      0     56      0     18      1      0      7      0     19      0     14     18      1     14     55      0     15      1    233      0    147      0    270      1   4139     11  25722     10  39295
[INFO DRT-0267] cpu time = 04:43:27, elapsed time = 00:07:45, memory = 8800.14 (MB), peak = 15295.80 (MB)
Total wire length = 2271121 um.
Total wire length on LAYER metal1 = 211 um.
Total wire length on LAYER metal2 = 103973 um.
Total wire length on LAYER metal3 = 155118 um.
Total wire length on LAYER metal4 = 88572 um.
Total wire length on LAYER metal5 = 277508 um.
Total wire length on LAYER metal6 = 232258 um.
Total wire length on LAYER metal7 = 71579 um.
Total wire length on LAYER metal8 = 42614 um.
Total wire length on LAYER metal9 = 25277 um.
Total wire length on LAYER metal10 = 16084 um.
Total wire length on LAYER metal11 = 15485 um.
Total wire length on LAYER metal12 = 26043 um.
Total wire length on LAYER metal13 = 54585 um.
Total wire length on LAYER metal14 = 76449 um.
Total wire length on LAYER metal15 = 192786 um.
Total wire length on LAYER metal16 = 145622 um.
Total wire length on LAYER metal17 = 226898 um.
Total wire length on LAYER metal18 = 247360 um.
Total wire length on LAYER metal19 = 61257 um.
Total wire length on LAYER metal20 = 211432 um.
Total number of vias = 444517.
Up-via summary (total 444517):

------------------
  active         0
  metal1     41591
  metal2     40479
  metal3      5300
  metal4      4582
  metal5      5709
  metal6      5198
  metal7      5326
  metal8      5256
  metal9      5201
 metal10      2556
 metal11      5287
 metal12      5391
 metal13      5913
 metal14      6445
 metal15     11648
 metal16     11963
 metal17     69075
 metal18     58213
 metal19    149384
------------------
            444517


[INFO DRT-0195] Start 3rd optimization iteration.
    Completing 10% with 102549 violations.
    elapsed time = 00:00:09, memory = 15191.61 (MB).
    Completing 20% with 102549 violations.
    elapsed time = 00:00:21, memory = 13917.61 (MB).
    Completing 30% with 88675 violations.
    elapsed time = 00:02:23, memory = 8818.93 (MB).
    Completing 40% with 88675 violations.
    elapsed time = 00:02:35, memory = 14992.93 (MB).
    Completing 50% with 88675 violations.
    elapsed time = 00:03:32, memory = 10154.87 (MB).
    Completing 60% with 73823 violations.
    elapsed time = 00:04:36, memory = 15152.19 (MB).
    Completing 70% with 73823 violations.
    elapsed time = 00:04:51, memory = 13928.24 (MB).
    Completing 80% with 60913 violations.
    elapsed time = 00:06:36, memory = 8863.46 (MB).
    Completing 90% with 60913 violations.
    elapsed time = 00:06:48, memory = 14854.46 (MB).
    Completing 100% with 47717 violations.
    elapsed time = 00:08:47, memory = 8872.27 (MB).
[INFO DRT-0199]   Number of violations = 47722.
Viol/Layer      metal2 metal3 metal4 metal5   via5 metal6 metal9   via9 me..10 me..11  via11 me..12  via12 me..13 me..14 me..15  via15 me..16  via16 me..17  via17 me..18  via18 me..19  via19 me..20
Cut Spacing          0      0      0      0      1      0      0     67      0      0     14      0      1      0      0      0      2      0     24      0      0      0     30      0     40      0
Metal Spacing       41     19      0      0      0      0      9      0    304     32      0     16      0      3      8     16      0     54      0     46      0    927      0   6842      0   4507
NS Metal             0      0      0      0      0      0      0      0      4      0      0      0      0      0      0      0      0      0      0      0      0      1      0      7      0      9
Recheck              0      0      0      0      0      0      0      0      0      0      0      0      0      0      0      0      0      0      0      0      0      0      0      5      0      0
Short              143     15      1      1      0      1      4      0      7      4      0      4      0      2      3     32      0     60      1    139      2   2027     22   5970     12  26243
[INFO DRT-0267] cpu time = 04:35:18, elapsed time = 00:09:19, memory = 8872.27 (MB), peak = 15349.79 (MB)
Total wire length = 2283162 um.
Total wire length on LAYER metal1 = 178 um.
Total wire length on LAYER metal2 = 101587 um.
Total wire length on LAYER metal3 = 155207 um.
Total wire length on LAYER metal4 = 90511 um.
Total wire length on LAYER metal5 = 277972 um.
Total wire length on LAYER metal6 = 233391 um.
Total wire length on LAYER metal7 = 71913 um.
Total wire length on LAYER metal8 = 42351 um.
Total wire length on LAYER metal9 = 24370 um.
Total wire length on LAYER metal10 = 15761 um.
Total wire length on LAYER metal11 = 15256 um.
Total wire length on LAYER metal12 = 25777 um.
Total wire length on LAYER metal13 = 54312 um.
Total wire length on LAYER metal14 = 76384 um.
Total wire length on LAYER metal15 = 195054 um.
Total wire length on LAYER metal16 = 153800 um.
Total wire length on LAYER metal17 = 232870 um.
Total wire length on LAYER metal18 = 254383 um.
Total wire length on LAYER metal19 = 58823 um.
Total wire length on LAYER metal20 = 203252 um.
Total number of vias = 475991.
Up-via summary (total 475991):

------------------
  active         0
  metal1     41516
  metal2     40817
  metal3      5947
  metal4      4623
  metal5      5747
  metal6      5201
  metal7      5325
  metal8      5269
  metal9      5203
 metal10      2564
 metal11      5284
 metal12      5393
 metal13      5928
 metal14      6497
 metal15     12568
 metal16     14400
 metal17     75277
 metal18     64500
 metal19    163932
------------------
            475991


[INFO DRT-0195] Start 4th optimization iteration.
    Completing 10% with 47722 violations.
    elapsed time = 00:00:05, memory = 14970.48 (MB).
    Completing 20% with 47722 violations.
    elapsed time = 00:00:11, memory = 14416.57 (MB).
    Completing 30% with 43665 violations.
    elapsed time = 00:02:07, memory = 8877.63 (MB).
    Completing 40% with 43665 violations.
    elapsed time = 00:02:13, memory = 14849.96 (MB).
    Completing 50% with 43665 violations.
    elapsed time = 00:02:46, memory = 10103.39 (MB).
    Completing 60% with 39523 violations.
    elapsed time = 00:04:11, memory = 14824.50 (MB).
    Completing 70% with 39523 violations.
    elapsed time = 00:04:17, memory = 14206.44 (MB).
    Completing 80% with 35768 violations.
    elapsed time = 00:06:02, memory = 8901.27 (MB).
    Completing 90% with 35768 violations.
    elapsed time = 00:06:06, memory = 15118.09 (MB).
    Completing 100% with 32007 violations.
    elapsed time = 00:07:28, memory = 8908.05 (MB).
[INFO DRT-0199]   Number of violations = 32010.
Viol/Layer      metal2 metal3 metal9   via9 me..10 me..11  via11 me..12 me..14 me..15  via15 me..16  via16 me..17  via17 me..18  via18 me..19  via19 me..20
Cut Spacing          0      0      0     22      0      0      8      0      0      0      1      0     12      0      2      0     18      0     36      0
Metal Spacing       19     10      4      0    156      9      0      3      2      7      0     25      0     15      0    526      0   4664      0   3210
NS Metal             0      0      0      0      1      0      0      0      0      0      0      0      0      0      0      1      0     17      0      5
Recheck              0      0      0      0      0      0      0      0      0      0      0      0      0      0      0      0      0      3      0      0
Short               43     25      1      1      1      1      0      0      1     11      0     29      0     39      2   1007     10   3248      1  18814
[INFO DRT-0267] cpu time = 02:46:07, elapsed time = 00:08:01, memory = 8908.05 (MB), peak = 15349.79 (MB)
Total wire length = 2284173 um.
Total wire length on LAYER metal1 = 178 um.
Total wire length on LAYER metal2 = 101485 um.
Total wire length on LAYER metal3 = 155217 um.
Total wire length on LAYER metal4 = 90538 um.
Total wire length on LAYER metal5 = 277922 um.
Total wire length on LAYER metal6 = 233515 um.
Total wire length on LAYER metal7 = 71994 um.
Total wire length on LAYER metal8 = 42362 um.
Total wire length on LAYER metal9 = 24263 um.
Total wire length on LAYER metal10 = 15730 um.
Total wire length on LAYER metal11 = 15211 um.
Total wire length on LAYER metal12 = 25713 um.
Total wire length on LAYER metal13 = 54372 um.
Total wire length on LAYER metal14 = 76575 um.
Total wire length on LAYER metal15 = 195903 um.
Total wire length on LAYER metal16 = 156249 um.
Total wire length on LAYER metal17 = 233612 um.
Total wire length on LAYER metal18 = 255981 um.
Total wire length on LAYER metal19 = 58396 um.
Total wire length on LAYER metal20 = 198949 um.
Total number of vias = 480170.
Up-via summary (total 480170):

------------------
  active         0
  metal1     41515
  metal2     40810
  metal3      5975
  metal4      4629
  metal5      5751
  metal6      5202
  metal7      5333
  metal8      5279
  metal9      5205
 metal10      2570
 metal11      5284
 metal12      5383
 metal13      5927
 metal14      6524
 metal15     12774
 metal16     14781
 metal17     76523
 metal18     65381
 metal19    165324
------------------
            480170


[INFO DRT-0195] Start 5th optimization iteration.
    Completing 10% with 32010 violations.
    elapsed time = 00:00:02, memory = 15245.11 (MB).
    Completing 20% with 32010 violations.
    elapsed time = 00:00:07, memory = 14647.64 (MB).
    Completing 30% with 29945 violations.
    elapsed time = 00:01:51, memory = 8907.02 (MB).
    Completing 40% with 29945 violations.
    elapsed time = 00:01:55, memory = 14891.19 (MB).
    Completing 50% with 29945 violations.
    elapsed time = 00:02:17, memory = 10223.17 (MB).
    Completing 60% with 27988 violations.
    elapsed time = 00:03:19, memory = 8914.86 (MB).
    Completing 70% with 27988 violations.
    elapsed time = 00:03:26, memory = 14588.50 (MB).
    Completing 80% with 25975 violations.
    elapsed time = 00:04:31, memory = 8911.35 (MB).
    Completing 90% with 25975 violations.
    elapsed time = 00:04:33, memory = 14888.10 (MB).
    Completing 100% with 24240 violations.
    elapsed time = 00:05:36, memory = 8919.84 (MB).
[INFO DRT-0199]   Number of violations = 24247.
Viol/Layer      metal2 metal3 metal9   via9 me..10 me..11  via11 me..12 me..14 me..15 me..16  via16 me..17 me..18  via18 me..19  via19 me..20
Cut Spacing          0      0      0     15      0      0      8      0      0      0      0      7      0      0      9      0     21      0
Metal Spacing        4      5      1      0     88     13      0      4      1      4     26      0     12    412      0   3423      0   2374
NS Metal             0      0      0      0      1      1      0      0      0      0      0      0      0      1      0      9      0      6
Recheck              0      0      0      0      0      0      0      0      0      0      0      0      0      0      0      3      0      4
Short                9      0      1      0      0      1      0      0      0     16     33      0     24    760      9   2394      2  14546
[INFO DRT-0267] cpu time = 02:09:29, elapsed time = 00:06:02, memory = 8919.84 (MB), peak = 15349.79 (MB)
Total wire length = 2284585 um.
Total wire length on LAYER metal1 = 175 um.
Total wire length on LAYER metal2 = 101407 um.
Total wire length on LAYER metal3 = 155195 um.
Total wire length on LAYER metal4 = 90587 um.
Total wire length on LAYER metal5 = 277969 um.
Total wire length on LAYER metal6 = 233583 um.
Total wire length on LAYER metal7 = 71998 um.
Total wire length on LAYER metal8 = 42329 um.
Total wire length on LAYER metal9 = 24212 um.
Total wire length on LAYER metal10 = 15720 um.
Total wire length on LAYER metal11 = 15235 um.
Total wire length on LAYER metal12 = 25728 um.
Total wire length on LAYER metal13 = 54374 um.
Total wire length on LAYER metal14 = 76682 um.
Total wire length on LAYER metal15 = 196591 um.
Total wire length on LAYER metal16 = 157959 um.
Total wire length on LAYER metal17 = 233566 um.
Total wire length on LAYER metal18 = 256760 um.
Total wire length on LAYER metal19 = 58298 um.
Total wire length on LAYER metal20 = 196207 um.
Total number of vias = 481790.
Up-via summary (total 481790):

------------------
  active         0
  metal1     41514
  metal2     40783
  metal3      5997
  metal4      4641
  metal5      5759
  metal6      5205
  metal7      5327
  metal8      5278
  metal9      5198
 metal10      2563
 metal11      5281
 metal12      5380
 metal13      5928
 metal14      6545
 metal15     12904
 metal16     15096
 metal17     76931
 metal18     65734
 metal19    165726
------------------
            481790


[INFO DRT-0198] Complete detail routing.
Total wire length = 2284585 um.
Total wire length on LAYER metal1 = 175 um.
Total wire length on LAYER metal2 = 101407 um.
Total wire length on LAYER metal3 = 155195 um.
Total wire length on LAYER metal4 = 90587 um.
Total wire length on LAYER metal5 = 277969 um.
Total wire length on LAYER metal6 = 233583 um.
Total wire length on LAYER metal7 = 71998 um.
Total wire length on LAYER metal8 = 42329 um.
Total wire length on LAYER metal9 = 24212 um.
Total wire length on LAYER metal10 = 15720 um.
Total wire length on LAYER metal11 = 15235 um.
Total wire length on LAYER metal12 = 25728 um.
Total wire length on LAYER metal13 = 54374 um.
Total wire length on LAYER metal14 = 76682 um.
Total wire length on LAYER metal15 = 196591 um.
Total wire length on LAYER metal16 = 157959 um.
Total wire length on LAYER metal17 = 233566 um.
Total wire length on LAYER metal18 = 256760 um.
Total wire length on LAYER metal19 = 58298 um.
Total wire length on LAYER metal20 = 196207 um.
Total number of vias = 481790.
Up-via summary (total 481790):

------------------
  active         0
  metal1     41514
  metal2     40783
  metal3      5997
  metal4      4641
  metal5      5759
  metal6      5205
  metal7      5327
  metal8      5278
  metal9      5198
 metal10      2563
 metal11      5281
 metal12      5380
 metal13      5928
 metal14      6545
 metal15     12904
 metal16     15096
 metal17     76931
 metal18     65734
 metal19    165726
------------------
            481790


[INFO DRT-0267] cpu time = 26:49:47, elapsed time = 00:50:50, memory = 8919.84 (MB), peak = 15349.79 (MB)

[INFO DRT-0180] Post processing.
Elapsed time: 54:33.11[h:]min:sec. CPU time: user 110528.36 sys 239.69 (3384%). Peak memory: 15718180KB.
