OpenROAD v2.0-17198-g8396d0866 
Features included (+) or not (-): +Charts +GPU +GUI +Python : None
This program is licensed under the BSD-3 license. See the LICENSE file for details.
Components of this program may be licensed under more restrictive licenses which must be honored.
[WARNING STA-0101] object 'rst_ni' not found.
[WARNING STA-0472] no valid objects specified for -through
[WARNING STA-0101] object 'reset_l' not found.
[WARNING STA-0472] no valid objects specified for -through
[WARNING STA-0101] object 'p_clk_async_reset_i' not found.
[WARNING STA-0472] no valid objects specified for -through
[WARNING ODB-0378] Global connections are not set up.
[INFO] Deleted 0 routing obstructions
[INFO RCX-0431] Defined process_corner X with ext_model_index 0
[INFO RCX-0029] Defined extraction corner X
[INFO RCX-0435] Reading extraction model file /workspace/OpenROAD-3D/flow/platforms/nangate45_3D/nangate45_3D.rules ...
[INFO RCX-0436] RC segment generation bp_be_top (max_merge_res 50.0) ...
[WARNING RCX-0111] Net 875 lce_data_cmd_i[165] has a loop at x=431110 y=698320 , on iterm input244/A.
[WARNING RCX-0111] Net 945 lce_data_cmd_i[228] has a loop at x=805030 y=642390 , on iterm input314/A.
[WARNING RCX-0111] Net 945 lce_data_cmd_i[228] has a loop at x=805030 y=642320 , on iterm input314/A.
[WARNING RCX-0111] Net 983 lce_data_cmd_i[262] has a loop at x=443650 y=723600 , on iterm input352/A.
[WARNING RCX-0111] Net 983 lce_data_cmd_i[262] has a loop at x=443650 y=723520 , on iterm input352/A.
[WARNING RCX-0111] Net 1059 lce_data_cmd_i[330] has a loop at x=634080 y=670460 , on iterm input428/A.
[WARNING RCX-0111] Net 1059 lce_data_cmd_i[330] has a loop at x=634080 y=670400 , on iterm input428/A.
[WARNING RCX-0111] Net 1059 lce_data_cmd_i[330] has a loop at x=634030 y=670400 , on iterm input428/A.
[WARNING RCX-0111] Net 1059 lce_data_cmd_i[330] has a loop at x=634030 y=670320 , on iterm input428/A.
[WARNING RCX-0111] Net 1073 lce_data_cmd_i[343] has a loop at x=560690 y=743190 , on iterm input442/A.
[WARNING RCX-0111] Net 1073 lce_data_cmd_i[343] has a loop at x=560690 y=743120 , on iterm input442/A.
[WARNING RCX-0111] Net 1092 lce_data_cmd_i[360] has a loop at x=774690 y=631220 , on iterm input461/A.
[WARNING RCX-0111] Net 1092 lce_data_cmd_i[360] has a loop at x=774610 y=631220 , on iterm input461/A.
[WARNING RCX-0111] Net 1092 lce_data_cmd_i[360] has a loop at x=774610 y=631260 , on iterm input461/A.
[WARNING RCX-0111] Net 1125 lce_data_cmd_i[390] has a loop at x=538270 y=561120 , on iterm input494/A.
[WARNING RCX-0111] Net 1152 lce_data_cmd_i[414] has a loop at x=413250 y=485520 , on iterm input521/A.
[WARNING RCX-0111] Net 1190 lce_data_cmd_i[449] has a loop at x=480510 y=687190 , on iterm input559/A.
[WARNING RCX-0111] Net 1190 lce_data_cmd_i[449] has a loop at x=480510 y=687120 , on iterm input559/A.
[WARNING RCX-0111] Net 1204 lce_data_cmd_i[461] has a loop at x=742380 y=505180 , on iterm input573/A.
[WARNING RCX-0111] Net 1204 lce_data_cmd_i[461] has a loop at x=742380 y=505260 , on iterm input573/A.
[WARNING RCX-0111] Net 1220 lce_data_cmd_i[476] has a loop at x=776530 y=619990 , on iterm input589/A.
[WARNING RCX-0111] Net 1220 lce_data_cmd_i[476] has a loop at x=776530 y=619920 , on iterm input589/A.
[WARNING RCX-0111] Net 2096 lce_tr_resp_i[237] has a loop at x=621050 y=432430 , on iterm input849/A.
[WARNING RCX-0111] Net 2096 lce_tr_resp_i[237] has a loop at x=621050 y=432420 , on iterm input849/A.
[WARNING RCX-0111] Net 2219 lce_tr_resp_i[348] has a loop at x=819090 y=577990 , on iterm input972/A.
[WARNING RCX-0111] Net 2219 lce_tr_resp_i[348] has a loop at x=819090 y=577920 , on iterm input972/A.
[WARNING RCX-0111] Net 2283 lce_tr_resp_i[405] has a loop at x=471390 y=606030 , on iterm input1036/A.
[WARNING RCX-0111] Net 2283 lce_tr_resp_i[405] has a loop at x=471390 y=605920 , on iterm input1036/A.
[WARNING RCX-0111] Net 2299 lce_tr_resp_i[41] has a loop at x=549670 y=653520 , on iterm input1052/A.
[WARNING RCX-0111] Net 2345 lce_tr_resp_i[461] has a loop at x=453910 y=507920 , on iterm input1098/A.
[WARNING RCX-0111] Net 2439 lce_tr_resp_i[60] has a loop at x=407170 y=633920 , on iterm input1174/A.
[WARNING RCX-0111] Net 2452 lce_tr_resp_i[72] has a loop at x=410590 y=600320 , on iterm input1187/A.
[INFO RCX-0040] Final 249292 rc segments
[INFO RCX-0439] Coupling Cap extraction bp_be_top ...
[INFO RCX-0440] Coupling threshhold is 0.1000 fF, coupling capacitance less than 0.1000 fF will be grounded.
[INFO RCX-0442] 10% of 655444 wires extracted
[INFO RCX-0442] 36% of 655444 wires extracted
[INFO RCX-0442] 49% of 655444 wires extracted
[INFO RCX-0442] 59% of 655444 wires extracted
[INFO RCX-0442] 77% of 655444 wires extracted
[INFO RCX-0442] 98% of 655444 wires extracted
[INFO RCX-0442] 100% of 655444 wires extracted
[INFO RCX-0045] Extract 61288 nets, 299172 rsegs, 299172 caps, 623519 ccs
[INFO RCX-0443] 61290 nets finished
[WARNING STA-1648] ./results/nangate45_3D/bp_be/HBT/6_final.spef line 114675, instance be_calculator/_17980_ not found.
[WARNING STA-1648] ./results/nangate45_3D/bp_be/HBT/6_final.spef line 114676, instance be_calculator/_18350_ not found.
[WARNING STA-1648] ./results/nangate45_3D/bp_be/HBT/6_final.spef line 114677, instance be_calculator/_18105_ not found.
[WARNING STA-1648] ./results/nangate45_3D/bp_be/HBT/6_final.spef line 114678, instance be_calculator/_18815_ not found.
[WARNING STA-1648] ./results/nangate45_3D/bp_be/HBT/6_final.spef line 114679, instance be_calculator/_18476_ not found.
[WARNING STA-1648] ./results/nangate45_3D/bp_be/HBT/6_final.spef line 114680, instance be_calculator/_17734_ not found.
[WARNING STA-1648] ./results/nangate45_3D/bp_be/HBT/6_final.spef line 114681, instance be_calculator/_19071_ not found.
[WARNING STA-1648] ./results/nangate45_3D/bp_be/HBT/6_final.spef line 114682, instance be_calculator/_17976_ not found.
[WARNING STA-1648] ./results/nangate45_3D/bp_be/HBT/6_final.spef line 114683, instance be_calculator/_18942_ not found.
[WARNING STA-1648] ./results/nangate45_3D/bp_be/HBT/6_final.spef line 114684, instance be_calculator/_18630_ not found.
[WARNING STA-1648] ./results/nangate45_3D/bp_be/HBT/6_final.spef line 114685, instance be_calculator/_17900_ not found.
[WARNING STA-1648] ./results/nangate45_3D/bp_be/HBT/6_final.spef line 114686, instance be_calculator/_18271_ not found.
[WARNING STA-1648] ./results/nangate45_3D/bp_be/HBT/6_final.spef line 114687, instance be_calculator/_18273_ not found.
[WARNING STA-1648] ./results/nangate45_3D/bp_be/HBT/6_final.spef line 114688, instance be_calculator/_18644_ not found.
[WARNING STA-1648] ./results/nangate45_3D/bp_be/HBT/6_final.spef line 114689, instance be_calculator/_18714_ not found.
[WARNING STA-1648] ./results/nangate45_3D/bp_be/HBT/6_final.spef line 114690, instance be_calculator/_18717_ not found.
[WARNING STA-1648] ./results/nangate45_3D/bp_be/HBT/6_final.spef line 114691, instance be_calculator/_18971_ not found.
[WARNING STA-1648] ./results/nangate45_3D/bp_be/HBT/6_final.spef line 114692, instance be_calculator/_17591_ not found.
[WARNING STA-1648] ./results/nangate45_3D/bp_be/HBT/6_final.spef line 114693, instance be_calculator/_19099_ not found.
[WARNING STA-1648] ./results/nangate45_3D/bp_be/HBT/6_final.spef line 114694, instance be_calculator/_18333_ not found.
[WARNING STA-1648] ./results/nangate45_3D/bp_be/HBT/6_final.spef line 114695, instance be_calculator/_17962_ not found.
[WARNING STA-1648] ./results/nangate45_3D/bp_be/HBT/6_final.spef line 114696, instance be_calculator/_18973_ not found.
[WARNING STA-1648] ./results/nangate45_3D/bp_be/HBT/6_final.spef line 114697, instance be_calculator/_18845_ not found.
[WARNING STA-1648] ./results/nangate45_3D/bp_be/HBT/6_final.spef line 114698, instance be_calculator/_18842_ not found.
[WARNING STA-1648] ./results/nangate45_3D/bp_be/HBT/6_final.spef line 114699, instance be_calculator/_17904_ not found.
[WARNING STA-1648] ./results/nangate45_3D/bp_be/HBT/6_final.spef line 114702, instance be_calculator/_17163_ not found.
[WARNING STA-1648] ./results/nangate45_3D/bp_be/HBT/6_final.spef line 114703, instance be_calculator/_17533_ not found.
[WARNING STA-1648] ./results/nangate45_3D/bp_be/HBT/6_final.spef line 114704, instance be_calculator/_17902_ not found.
[WARNING STA-1648] ./results/nangate45_3D/bp_be/HBT/6_final.spef line 114707, instance be_calculator/_17535_ not found.
[WARNING STA-1648] ./results/nangate45_3D/bp_be/HBT/6_final.spef line 114709, instance be_calculator/_16859_ not found.
[WARNING STA-1648] ./results/nangate45_3D/bp_be/HBT/6_final.spef line 114713, instance be_calculator/_17531_ not found.
[WARNING STA-1648] ./results/nangate45_3D/bp_be/HBT/6_final.spef line 114714, instance be_calculator/_17160_ not found.
[WARNING STA-1648] ./results/nangate45_3D/bp_be/HBT/6_final.spef line 114715, instance be_calculator/_17158_ not found.
[WARNING STA-1648] ./results/nangate45_3D/bp_be/HBT/6_final.spef line 114717, instance be_calculator/_17529_ not found.
[WARNING STA-1648] ./results/nangate45_3D/bp_be/HBT/6_final.spef line 114718, instance be_calculator/_18259_ not found.
[WARNING STA-1648] ./results/nangate45_3D/bp_be/HBT/6_final.spef line 114719, instance be_calculator/_17218_ not found.
[WARNING STA-1648] ./results/nangate45_3D/bp_be/HBT/6_final.spef line 114720, instance be_calculator/_18128_ not found.
[WARNING STA-1648] ./results/nangate45_3D/bp_be/HBT/6_final.spef line 114721, instance be_calculator/_17589_ not found.
[WARNING STA-1648] ./results/nangate45_3D/bp_be/HBT/6_final.spef line 114722, instance be_calculator/_18843_ not found.
[WARNING STA-1648] ./results/nangate45_3D/bp_be/HBT/6_final.spef line 114723, instance be_calculator/_17220_ not found.
[WARNING STA-1648] ./results/nangate45_3D/bp_be/HBT/6_final.spef line 114724, instance be_calculator/_18331_ not found.
[WARNING STA-1648] ./results/nangate45_3D/bp_be/HBT/6_final.spef line 114725, instance be_calculator/_18715_ not found.
[WARNING STA-1648] ./results/nangate45_3D/bp_be/HBT/6_final.spef line 114726, instance be_calculator/_18642_ not found.
[WARNING STA-1648] ./results/nangate45_3D/bp_be/HBT/6_final.spef line 114727, instance be_calculator/_17960_ not found.
[WARNING STA-1648] ./results/nangate45_3D/bp_be/HBT/6_final.spef line 114728, instance be_calculator/_18499_ not found.
[WARNING STA-1648] ./results/nangate45_3D/bp_be/HBT/6_final.spef line 114729, instance be_calculator/_18272_ not found.
[WARNING STA-1648] ./results/nangate45_3D/bp_be/HBT/6_final.spef line 114730, instance be_calculator/_17159_ not found.
[WARNING STA-1648] ./results/nangate45_3D/bp_be/HBT/6_final.spef line 114732, instance be_calculator/_18610_ not found.
[WARNING STA-1648] ./results/nangate45_3D/bp_be/HBT/6_final.spef line 114733, instance be_calculator/_18626_ not found.
[WARNING STA-1648] ./results/nangate45_3D/bp_be/HBT/6_final.spef line 114734, instance be_calculator/_18240_ not found.
[WARNING STA-1648] ./results/nangate45_3D/bp_be/HBT/6_final.spef line 114735, instance be_calculator/_18834_ not found.
[WARNING STA-1648] ./results/nangate45_3D/bp_be/HBT/6_final.spef line 114736, instance be_calculator/_18239_ not found.
[WARNING STA-1648] ./results/nangate45_3D/bp_be/HBT/6_final.spef line 114738, instance be_calculator/_17530_ not found.
[WARNING STA-1648] ./results/nangate45_3D/bp_be/HBT/6_final.spef line 114739, instance be_calculator/_17901_ not found.
[WARNING STA-1648] ./results/nangate45_3D/bp_be/HBT/6_final.spef line 114740, instance be_calculator/_18611_ not found.
[WARNING STA-1648] ./results/nangate45_3D/bp_be/HBT/6_final.spef line 114741, instance be_calculator/_18643_ not found.
[WARNING STA-1648] ./results/nangate45_3D/bp_be/HBT/6_final.spef line 114742, instance be_calculator/_17757_ not found.
[WARNING STA-1648] ./results/nangate45_3D/bp_be/HBT/6_final.spef line 114743, instance be_calculator/_19090_ not found.
[WARNING STA-1648] ./results/nangate45_3D/bp_be/HBT/6_final.spef line 114744, instance be_calculator/_18962_ not found.
[WARNING STA-1648] ./results/nangate45_3D/bp_be/HBT/6_final.spef line 114745, instance be_calculator/_18810_ not found.
[WARNING STA-1648] ./results/nangate45_3D/bp_be/HBT/6_final.spef line 114746, instance be_calculator/_18682_ not found.
[WARNING STA-1648] ./results/nangate45_3D/bp_be/HBT/6_final.spef line 114747, instance be_calculator/_18811_ not found.
[WARNING STA-1648] ./results/nangate45_3D/bp_be/HBT/6_final.spef line 114748, instance be_calculator/_18835_ not found.
[WARNING STA-1648] ./results/nangate45_3D/bp_be/HBT/6_final.spef line 114749, instance be_calculator/_18707_ not found.
[WARNING STA-1648] ./results/nangate45_3D/bp_be/HBT/6_final.spef line 114753, instance be_calculator/_17126_ not found.
[WARNING STA-1648] ./results/nangate45_3D/bp_be/HBT/6_final.spef line 114754, instance be_calculator/_17127_ not found.
[WARNING STA-1648] ./results/nangate45_3D/bp_be/HBT/6_final.spef line 114756, instance be_calculator/_17513_ not found.
[WARNING STA-1648] ./results/nangate45_3D/bp_be/HBT/6_final.spef line 114757, instance be_calculator/_17885_ not found.
[WARNING STA-1648] ./results/nangate45_3D/bp_be/HBT/6_final.spef line 114758, instance be_calculator/_17514_ not found.
[WARNING STA-1648] ./results/nangate45_3D/bp_be/HBT/6_final.spef line 114762, instance be_calculator/_17128_ not found.
[WARNING STA-1648] ./results/nangate45_3D/bp_be/HBT/6_final.spef line 114763, instance be_calculator/_17143_ not found.
[WARNING STA-1648] ./results/nangate45_3D/bp_be/HBT/6_final.spef line 114764, instance be_calculator/_17142_ not found.
[WARNING STA-1648] ./results/nangate45_3D/bp_be/HBT/6_final.spef line 114766, instance be_calculator/_17870_ not found.
[WARNING STA-1648] ./results/nangate45_3D/bp_be/HBT/6_final.spef line 114767, instance be_calculator/_17499_ not found.
[WARNING STA-1648] ./results/nangate45_3D/bp_be/HBT/6_final.spef line 114768, instance be_calculator/_18243_ not found.
[WARNING STA-1648] ./results/nangate45_3D/bp_be/HBT/6_final.spef line 114769, instance be_calculator/_17884_ not found.
[WARNING STA-1648] ./results/nangate45_3D/bp_be/HBT/6_final.spef line 114770, instance be_calculator/_17498_ not found.
[WARNING STA-1648] ./results/nangate45_3D/bp_be/HBT/6_final.spef line 114771, instance be_calculator/_18627_ not found.
[WARNING STA-1648] ./results/nangate45_3D/bp_be/HBT/6_final.spef line 114772, instance be_calculator/_18683_ not found.
[WARNING STA-1648] ./results/nangate45_3D/bp_be/HBT/6_final.spef line 114773, instance be_calculator/_17868_ not found.
[WARNING STA-1648] ./results/nangate45_3D/bp_be/HBT/6_final.spef line 114774, instance be_calculator/_17869_ not found.
[WARNING STA-1648] ./results/nangate45_3D/bp_be/HBT/6_final.spef line 114775, instance be_calculator/_17497_ not found.
[WARNING STA-1648] ./results/nangate45_3D/bp_be/HBT/6_final.spef line 114776, instance be_calculator/_18255_ not found.
[WARNING STA-1648] ./results/nangate45_3D/bp_be/HBT/6_final.spef line 114777, instance be_calculator/_18706_ not found.
[WARNING STA-1648] ./results/nangate45_3D/bp_be/HBT/6_final.spef line 114778, instance be_calculator/_17386_ not found.
[WARNING STA-1648] ./results/nangate45_3D/bp_be/HBT/6_final.spef line 114779, instance be_calculator/_18349_ not found.
[WARNING STA-1648] ./results/nangate45_3D/bp_be/HBT/6_final.spef line 114780, instance be_calculator/_18348_ not found.
[WARNING STA-1648] ./results/nangate45_3D/bp_be/HBT/6_final.spef line 114781, instance be_calculator/_17977_ not found.
[WARNING STA-1648] ./results/nangate45_3D/bp_be/HBT/6_final.spef line 114782, instance be_calculator/_17606_ not found.
[WARNING STA-1648] ./results/nangate45_3D/bp_be/HBT/6_final.spef line 114783, instance be_calculator/_17235_ not found.
[WARNING STA-1648] ./results/nangate45_3D/bp_be/HBT/6_final.spef line 114784, instance be_calculator/_17978_ not found.
[WARNING STA-1648] ./results/nangate45_3D/bp_be/HBT/6_final.spef line 114785, instance be_calculator/_17607_ not found.
[WARNING STA-1648] ./results/nangate45_3D/bp_be/HBT/6_final.spef line 114786, instance be_calculator/_17236_ not found.
[WARNING STA-1648] ./results/nangate45_3D/bp_be/HBT/6_final.spef line 114787, instance be_calculator/_19066_ not found.
[WARNING STA-1648] ./results/nangate45_3D/bp_be/HBT/6_final.spef line 114788, instance be_calculator/_18938_ not found.
[WARNING STA-1648] ./results/nangate45_3D/bp_be/HBT/6_final.spef line 114789, instance be_calculator/_19067_ not found.
[WARNING STA-1648] ./results/nangate45_3D/bp_be/HBT/6_final.spef line 114790, instance be_calculator/_18939_ not found.
[WARNING STA-1648] ./results/nangate45_3D/bp_be/HBT/6_final.spef line 114791, instance be_calculator/_19091_ not found.
[WARNING STA-1648] ./results/nangate45_3D/bp_be/HBT/6_final.spef line 114792, instance be_calculator/_18963_ not found.
[WARNING STA-1648] ./results/nangate45_3D/bp_be/HBT/6_final.spef line 114793, instance be_calculator/_19068_ not found.
[WARNING STA-1648] ./results/nangate45_3D/bp_be/HBT/6_final.spef line 114794, instance be_calculator/_19079_ not found.
[WARNING STA-1648] ./results/nangate45_3D/bp_be/HBT/6_final.spef line 114795, instance be_calculator/_18940_ not found.
[WARNING STA-1648] ./results/nangate45_3D/bp_be/HBT/6_final.spef line 114796, instance be_calculator/_18497_ not found.
[WARNING STA-1648] ./results/nangate45_3D/bp_be/HBT/6_final.spef line 114797, instance be_calculator/_18951_ not found.
[WARNING STA-1648] ./results/nangate45_3D/bp_be/HBT/6_final.spef line 114798, instance be_calculator/_18256_ not found.
[WARNING STA-1648] ./results/nangate45_3D/bp_be/HBT/6_final.spef line 114799, instance be_calculator/_18613_ not found.
[WARNING STA-1648] ./results/nangate45_3D/bp_be/HBT/6_final.spef line 114800, instance be_calculator/_18612_ not found.
[WARNING STA-1648] ./results/nangate45_3D/bp_be/HBT/6_final.spef line 114801, instance be_calculator/_18241_ not found.
[WARNING STA-1648] ./results/nangate45_3D/bp_be/HBT/6_final.spef line 114802, instance be_calculator/_18242_ not found.
[WARNING STA-1648] ./results/nangate45_3D/bp_be/HBT/6_final.spef line 114803, instance be_calculator/_18812_ not found.
[WARNING STA-1648] ./results/nangate45_3D/bp_be/HBT/6_final.spef line 114804, instance be_calculator/_18126_ not found.
[WARNING STA-1648] ./results/nangate45_3D/bp_be/HBT/6_final.spef line 114805, instance be_calculator/_17871_ not found.
[WARNING STA-1648] ./results/nangate45_3D/bp_be/HBT/6_final.spef line 114806, instance be_calculator/_18614_ not found.
[WARNING STA-1648] ./results/nangate45_3D/bp_be/HBT/6_final.spef line 114807, instance be_calculator/_18684_ not found.
[WARNING STA-1648] ./results/nangate45_3D/bp_be/HBT/6_final.spef line 114808, instance be_calculator/_18823_ not found.
[WARNING STA-1648] ./results/nangate45_3D/bp_be/HBT/6_final.spef line 114809, instance be_calculator/_17755_ not found.
[WARNING STA-1648] ./results/nangate45_3D/bp_be/HBT/6_final.spef line 114810, instance be_calculator/_18814_ not found.
[WARNING STA-1648] ./results/nangate45_3D/bp_be/HBT/6_final.spef line 114811, instance be_calculator/_18943_ not found.
[WARNING STA-1648] ./results/nangate45_3D/bp_be/HBT/6_final.spef line 114812, instance be_calculator/_17384_ not found.
[WARNING STA-1648] ./results/nangate45_3D/bp_be/HBT/6_final.spef line 114813, instance be_calculator/_18695_ not found.
[WARNING STA-1648] ./results/nangate45_3D/bp_be/HBT/6_final.spef line 114815, instance be_calculator/_18615_ not found.
[WARNING STA-1648] ./results/nangate45_3D/bp_be/HBT/6_final.spef line 114817, instance be_calculator/_17872_ not found.
[WARNING STA-1648] ./results/nangate45_3D/bp_be/HBT/6_final.spef line 114818, instance be_calculator/_17500_ not found.
[WARNING STA-1648] ./results/nangate45_3D/bp_be/HBT/6_final.spef line 114819, instance be_calculator/_18950_ not found.
[WARNING STA-1648] ./results/nangate45_3D/bp_be/HBT/6_final.spef line 114820, instance be_calculator/_19078_ not found.
[WARNING STA-1648] ./results/nangate45_3D/bp_be/HBT/6_final.spef line 114821, instance be_calculator/_18686_ not found.
[WARNING STA-1648] ./results/nangate45_3D/bp_be/HBT/6_final.spef line 114822, instance be_calculator/_19070_ not found.
[WARNING STA-1648] ./results/nangate45_3D/bp_be/HBT/6_final.spef line 114823, instance be_calculator/_18347_ not found.
[WARNING STA-1648] ./results/nangate45_3D/bp_be/HBT/6_final.spef line 114824, instance be_calculator/_17605_ not found.
[WARNING STA-1648] ./results/nangate45_3D/bp_be/HBT/6_final.spef line 114825, instance be_calculator/_17234_ not found.
[WARNING STA-1648] ./results/nangate45_3D/bp_be/HBT/6_final.spef line 114826, instance be_calculator/_17979_ not found.
[WARNING STA-1648] ./results/nangate45_3D/bp_be/HBT/6_final.spef line 114827, instance be_calculator/_17608_ not found.
[WARNING STA-1648] ./results/nangate45_3D/bp_be/HBT/6_final.spef line 114828, instance be_calculator/_17363_ not found.
[WARNING STA-1648] ./results/nangate45_3D/bp_be/HBT/6_final.spef line 114829, instance be_calculator/_18112_ not found.
[WARNING STA-1648] ./results/nangate45_3D/bp_be/HBT/6_final.spef line 114830, instance be_calculator/_19083_ not found.
[WARNING STA-1648] ./results/nangate45_3D/bp_be/HBT/6_final.spef line 114831, instance be_calculator/_18827_ not found.
[WARNING STA-1648] ./results/nangate45_3D/bp_be/HBT/6_final.spef line 114832, instance be_calculator/_18485_ not found.
[WARNING STA-1648] ./results/nangate45_3D/bp_be/HBT/6_final.spef line 114833, instance be_calculator/_18816_ not found.
[WARNING STA-1648] ./results/nangate45_3D/bp_be/HBT/6_final.spef line 114834, instance be_calculator/_18688_ not found.
[WARNING STA-1648] ./results/nangate45_3D/bp_be/HBT/6_final.spef line 114835, instance be_calculator/_18698_ not found.
[WARNING STA-1648] ./results/nangate45_3D/bp_be/HBT/6_final.spef line 114836, instance be_calculator/_18826_ not found.
[WARNING STA-1648] ./results/nangate45_3D/bp_be/HBT/6_final.spef line 114837, instance be_calculator/_18700_ not found.
[WARNING STA-1648] ./results/nangate45_3D/bp_be/HBT/6_final.spef line 114838, instance be_calculator/_18689_ not found.
[WARNING STA-1648] ./results/nangate45_3D/bp_be/HBT/6_final.spef line 114839, instance be_calculator/_19072_ not found.
[WARNING STA-1648] ./results/nangate45_3D/bp_be/HBT/6_final.spef line 114840, instance be_calculator/_18817_ not found.
[WARNING STA-1648] ./results/nangate45_3D/bp_be/HBT/6_final.spef line 114841, instance be_calculator/_18944_ not found.
[WARNING STA-1648] ./results/nangate45_3D/bp_be/HBT/6_final.spef line 114842, instance be_calculator/_18828_ not found.
[WARNING STA-1648] ./results/nangate45_3D/bp_be/HBT/6_final.spef line 114843, instance be_calculator/_19082_ not found.
[WARNING STA-1648] ./results/nangate45_3D/bp_be/HBT/6_final.spef line 114844, instance be_calculator/_18956_ not found.
[WARNING STA-1648] ./results/nangate45_3D/bp_be/HBT/6_final.spef line 114845, instance be_calculator/_18687_ not found.
[WARNING STA-1648] ./results/nangate45_3D/bp_be/HBT/6_final.spef line 114846, instance be_calculator/_19073_ not found.
[WARNING STA-1648] ./results/nangate45_3D/bp_be/HBT/6_final.spef line 114847, instance be_calculator/_18945_ not found.
[WARNING STA-1648] ./results/nangate45_3D/bp_be/HBT/6_final.spef line 114848, instance be_calculator/_19084_ not found.
[WARNING STA-1648] ./results/nangate45_3D/bp_be/HBT/6_final.spef line 114849, instance be_calculator/_19077_ not found.
[WARNING STA-1648] ./results/nangate45_3D/bp_be/HBT/6_final.spef line 114850, instance be_calculator/_18954_ not found.
[WARNING STA-1648] ./results/nangate45_3D/bp_be/HBT/6_final.spef line 114851, instance be_calculator/_18821_ not found.
[WARNING STA-1648] ./results/nangate45_3D/bp_be/HBT/6_final.spef line 114852, instance be_calculator/_18693_ not found.
[WARNING STA-1648] ./results/nangate45_3D/bp_be/HBT/6_final.spef line 114853, instance be_calculator/_18114_ not found.
[WARNING STA-1648] ./results/nangate45_3D/bp_be/HBT/6_final.spef line 114854, instance be_calculator/_19074_ not found.
[WARNING STA-1648] ./results/nangate45_3D/bp_be/HBT/6_final.spef line 114855, instance be_calculator/_17372_ not found.
[WARNING STA-1648] ./results/nangate45_3D/bp_be/HBT/6_final.spef line 114856, instance be_calculator/_17743_ not found.
[WARNING STA-1648] ./results/nangate45_3D/bp_be/HBT/6_final.spef line 114857, instance be_calculator/_18819_ not found.
[WARNING STA-1648] ./results/nangate45_3D/bp_be/HBT/6_final.spef line 114858, instance be_calculator/_18691_ not found.
[WARNING STA-1648] ./results/nangate45_3D/bp_be/HBT/6_final.spef line 114859, instance be_calculator/_18356_ not found.
[WARNING STA-1648] ./results/nangate45_3D/bp_be/HBT/6_final.spef line 114860, instance be_calculator/_18355_ not found.
[WARNING STA-1648] ./results/nangate45_3D/bp_be/HBT/6_final.spef line 114861, instance be_calculator/_17984_ not found.
[WARNING STA-1648] ./results/nangate45_3D/bp_be/HBT/6_final.spef line 114862, instance be_calculator/_17964_ not found.
[WARNING STA-1648] ./results/nangate45_3D/bp_be/HBT/6_final.spef line 114863, instance be_calculator/_17613_ not found.
[WARNING STA-1648] ./results/nangate45_3D/bp_be/HBT/6_final.spef line 114864, instance be_calculator/_17242_ not found.
[WARNING STA-1648] ./results/nangate45_3D/bp_be/HBT/6_final.spef line 114865, instance be_calculator/_18334_ not found.
[WARNING STA-1648] ./results/nangate45_3D/bp_be/HBT/6_final.spef line 114866, instance be_calculator/_18957_ not found.
[WARNING STA-1648] ./results/nangate45_3D/bp_be/HBT/6_final.spef line 114867, instance be_calculator/_17502_ not found.
[WARNING STA-1648] ./results/nangate45_3D/bp_be/HBT/6_final.spef line 114868, instance be_calculator/_18248_ not found.
[WARNING STA-1648] ./results/nangate45_3D/bp_be/HBT/6_final.spef line 114869, instance be_calculator/_18619_ not found.
[WARNING STA-1648] ./results/nangate45_3D/bp_be/HBT/6_final.spef line 114871, instance be_calculator/_17131_ not found.
[WARNING STA-1648] ./results/nangate45_3D/bp_be/HBT/6_final.spef line 114872, instance be_calculator/_17130_ not found.
[WARNING STA-1648] ./results/nangate45_3D/bp_be/HBT/6_final.spef line 114873, instance be_calculator/_17873_ not found.
[WARNING STA-1648] ./results/nangate45_3D/bp_be/HBT/6_final.spef line 114874, instance be_calculator/_17501_ not found.
[WARNING STA-1648] ./results/nangate45_3D/bp_be/HBT/6_final.spef line 114875, instance be_calculator/_18244_ not found.
[WARNING STA-1648] ./results/nangate45_3D/bp_be/HBT/6_final.spef line 114876, instance be_calculator/_18694_ not found.
[WARNING STA-1648] ./results/nangate45_3D/bp_be/HBT/6_final.spef line 114877, instance be_calculator/_18822_ not found.
[WARNING STA-1648] ./results/nangate45_3D/bp_be/HBT/6_final.spef line 114878, instance be_calculator/_17129_ not found.
[WARNING STA-1648] ./results/nangate45_3D/bp_be/HBT/6_final.spef line 114884, instance be_calculator/_17877_ not found.
[WARNING STA-1648] ./results/nangate45_3D/bp_be/HBT/6_final.spef line 114885, instance be_calculator/_17506_ not found.
[WARNING STA-1648] ./results/nangate45_3D/bp_be/HBT/6_final.spef line 114886, instance be_calculator/_18618_ not found.
[WARNING STA-1648] ./results/nangate45_3D/bp_be/HBT/6_final.spef line 114888, instance be_calculator/_18247_ not found.
[WARNING STA-1648] ./results/nangate45_3D/bp_be/HBT/6_final.spef line 114889, instance be_calculator/_19085_ not found.
[WARNING STA-1648] ./results/nangate45_3D/bp_be/HBT/6_final.spef line 114890, instance be_calculator/_18829_ not found.
[WARNING STA-1648] ./results/nangate45_3D/bp_be/HBT/6_final.spef line 114891, instance be_calculator/_18701_ not found.
[WARNING STA-1648] ./results/nangate45_3D/bp_be/HBT/6_final.spef line 114892, instance be_calculator/_18946_ not found.
[WARNING STA-1648] ./results/nangate45_3D/bp_be/HBT/6_final.spef line 114893, instance be_calculator/_18616_ not found.
[WARNING STA-1648] ./results/nangate45_3D/bp_be/HBT/6_final.spef line 114894, instance be_calculator/_18260_ not found.
[WARNING STA-1648] ./results/nangate45_3D/bp_be/HBT/6_final.spef line 114895, instance be_calculator/_18631_ not found.
[WARNING STA-1648] ./results/nangate45_3D/bp_be/HBT/6_final.spef line 114896, instance be_calculator/_17135_ not found.
[WARNING STA-1648] ./results/nangate45_3D/bp_be/HBT/6_final.spef line 114897, instance be_calculator/_18621_ not found.
[WARNING STA-1648] ./results/nangate45_3D/bp_be/HBT/6_final.spef line 114898, instance be_calculator/_17874_ not found.
[WARNING STA-1648] ./results/nangate45_3D/bp_be/HBT/6_final.spef line 114899, instance be_calculator/_18245_ not found.
[WARNING STA-1648] ./results/nangate45_3D/bp_be/HBT/6_final.spef line 114900, instance be_calculator/_17505_ not found.
[WARNING STA-1648] ./results/nangate45_3D/bp_be/HBT/6_final.spef line 114901, instance be_calculator/_17134_ not found.
[WARNING STA-1648] ./results/nangate45_3D/bp_be/HBT/6_final.spef line 114902, instance be_calculator/_18953_ not found.
[WARNING STA-1648] ./results/nangate45_3D/bp_be/HBT/6_final.spef line 114903, instance be_calculator/_19081_ not found.
[WARNING STA-1648] ./results/nangate45_3D/bp_be/HBT/6_final.spef line 114904, instance be_calculator/_17132_ not found.
[WARNING STA-1648] ./results/nangate45_3D/bp_be/HBT/6_final.spef line 114905, instance be_calculator/_17503_ not found.
[WARNING STA-1648] ./results/nangate45_3D/bp_be/HBT/6_final.spef line 114906, instance be_calculator/_17876_ not found.
[WARNING STA-1648] ./results/nangate45_3D/bp_be/HBT/6_final.spef line 114907, instance be_calculator/_18690_ not found.
[WARNING STA-1648] ./results/nangate45_3D/bp_be/HBT/6_final.spef line 114908, instance be_calculator/_18818_ not found.
[WARNING STA-1648] ./results/nangate45_3D/bp_be/HBT/6_final.spef line 114909, instance be_calculator/_18358_ not found.
[WARNING STA-1648] ./results/nangate45_3D/bp_be/HBT/6_final.spef line 114910, instance be_calculator/_17985_ not found.
[WARNING STA-1648] ./results/nangate45_3D/bp_be/HBT/6_final.spef line 114911, instance be_calculator/_17987_ not found.
[WARNING STA-1648] ./results/nangate45_3D/bp_be/HBT/6_final.spef line 114912, instance be_calculator/_17614_ not found.
[WARNING STA-1648] ./results/nangate45_3D/bp_be/HBT/6_final.spef line 114913, instance be_calculator/_17243_ not found.
[WARNING STA-1648] ./results/nangate45_3D/bp_be/HBT/6_final.spef line 114914, instance be_calculator/_18353_ not found.
[WARNING STA-1648] ./results/nangate45_3D/bp_be/HBT/6_final.spef line 114915, instance be_calculator/_18357_ not found.
[WARNING STA-1648] ./results/nangate45_3D/bp_be/HBT/6_final.spef line 114916, instance be_calculator/_17616_ not found.
[WARNING STA-1648] ./results/nangate45_3D/bp_be/HBT/6_final.spef line 114917, instance be_calculator/_17986_ not found.
[WARNING STA-1648] ./results/nangate45_3D/bp_be/HBT/6_final.spef line 114918, instance be_calculator/_17245_ not found.
[WARNING STA-1648] ./results/nangate45_3D/bp_be/HBT/6_final.spef line 114919, instance be_calculator/_17615_ not found.
[WARNING STA-1648] ./results/nangate45_3D/bp_be/HBT/6_final.spef line 114920, instance be_calculator/_18352_ not found.
[WARNING STA-1648] ./results/nangate45_3D/bp_be/HBT/6_final.spef line 114921, instance be_calculator/_17240_ not found.
[WARNING STA-1648] ./results/nangate45_3D/bp_be/HBT/6_final.spef line 114922, instance be_calculator/_17611_ not found.
[WARNING STA-1648] ./results/nangate45_3D/bp_be/HBT/6_final.spef line 114923, instance be_calculator/_17982_ not found.
[WARNING STA-1648] ./results/nangate45_3D/bp_be/HBT/6_final.spef line 114924, instance be_calculator/_18697_ not found.
[WARNING STA-1648] ./results/nangate45_3D/bp_be/HBT/6_final.spef line 114925, instance be_calculator/_17875_ not found.
[WARNING STA-1648] ./results/nangate45_3D/bp_be/HBT/6_final.spef line 114926, instance be_calculator/_18617_ not found.
[WARNING STA-1648] ./results/nangate45_3D/bp_be/HBT/6_final.spef line 114927, instance be_calculator/_17508_ not found.
[WARNING STA-1648] ./results/nangate45_3D/bp_be/HBT/6_final.spef line 114928, instance be_calculator/_18250_ not found.
[WARNING STA-1648] ./results/nangate45_3D/bp_be/HBT/6_final.spef line 114929, instance be_calculator/_17879_ not found.
[WARNING STA-1648] ./results/nangate45_3D/bp_be/HBT/6_final.spef line 114930, instance be_calculator/_18625_ not found.
[WARNING STA-1648] ./results/nangate45_3D/bp_be/HBT/6_final.spef line 114931, instance be_calculator/_18254_ not found.
[WARNING STA-1648] ./results/nangate45_3D/bp_be/HBT/6_final.spef line 114932, instance be_calculator/_17507_ not found.
[WARNING STA-1648] ./results/nangate45_3D/bp_be/HBT/6_final.spef line 114933, instance be_calculator/_18624_ not found.
[WARNING STA-1648] ./results/nangate45_3D/bp_be/HBT/6_final.spef line 114934, instance be_calculator/_18253_ not found.
[WARNING STA-1648] ./results/nangate45_3D/bp_be/HBT/6_final.spef line 114935, instance be_calculator/_17883_ not found.
[WARNING STA-1648] ./results/nangate45_3D/bp_be/HBT/6_final.spef line 114936, instance be_calculator/_17512_ not found.
[WARNING STA-1648] ./results/nangate45_3D/bp_be/HBT/6_final.spef line 114937, instance be_calculator/_17141_ not found.
[WARNING STA-1648] ./results/nangate45_3D/bp_be/HBT/6_final.spef line 114938, instance be_calculator/_16781_ not found.
[WARNING STA-1648] ./results/nangate45_3D/bp_be/HBT/6_final.spef line 114939, instance be_calculator/_17137_ not found.
[WARNING STA-1648] ./results/nangate45_3D/bp_be/HBT/6_final.spef line 114940, instance be_calculator/_18246_ not found.
[WARNING STA-1648] ./results/nangate45_3D/bp_be/HBT/6_final.spef line 114941, instance be_calculator/_18825_ not found.
[WARNING STA-1648] ./results/nangate45_3D/bp_be/HBT/6_final.spef line 114942, instance be_calculator/_17504_ not found.
[WARNING STA-1648] ./results/nangate45_3D/bp_be/HBT/6_final.spef line 114943, instance be_calculator/_17133_ not found.
[WARNING STA-1648] ./results/nangate45_3D/bp_be/HBT/6_final.spef line 114944, instance be_calculator/_17241_ not found.
[WARNING STA-1648] ./results/nangate45_3D/bp_be/HBT/6_final.spef line 114945, instance be_calculator/_17965_ not found.
[WARNING STA-1648] ./results/nangate45_3D/bp_be/HBT/6_final.spef line 114946, instance be_calculator/_17966_ not found.
[WARNING STA-1648] ./results/nangate45_3D/bp_be/HBT/6_final.spef line 114947, instance be_calculator/_17610_ not found.
[WARNING STA-1648] ./results/nangate45_3D/bp_be/HBT/6_final.spef line 114948, instance be_calculator/_17239_ not found.
[WARNING STA-1648] ./results/nangate45_3D/bp_be/HBT/6_final.spef line 114949, instance be_calculator/_17594_ not found.
[WARNING STA-1648] ./results/nangate45_3D/bp_be/HBT/6_final.spef line 114950, instance be_calculator/_17595_ not found.
[WARNING STA-1648] ./results/nangate45_3D/bp_be/HBT/6_final.spef line 114951, instance be_calculator/_16735_ not found.
[WARNING STA-1648] ./results/nangate45_3D/bp_be/HBT/6_final.spef line 114952, instance be_calculator/_16733_ not found.
[WARNING STA-1648] ./results/nangate45_3D/bp_be/HBT/6_final.spef line 114953, instance be_calculator/_16734_ not found.
[WARNING STA-1648] ./results/nangate45_3D/bp_be/HBT/6_final.spef line 114954, instance be_calculator/_16716_ not found.
[WARNING STA-1648] ./results/nangate45_3D/bp_be/HBT/6_final.spef line 114955, instance be_calculator/_16732_ not found.
[WARNING STA-1648] ./results/nangate45_3D/bp_be/HBT/6_final.spef line 114956, instance be_calculator/_16731_ not found.
[WARNING STA-1648] ./results/nangate45_3D/bp_be/HBT/6_final.spef line 114957, instance be_calculator/_18539_ not found.
[WARNING STA-1648] ./results/nangate45_3D/bp_be/HBT/6_final.spef line 114958, instance be_calculator/_18572_ not found.
[WARNING STA-1648] ./results/nangate45_3D/bp_be/HBT/6_final.spef line 114959, instance be_calculator/_16729_ not found.
[WARNING STA-1648] ./results/nangate45_3D/bp_be/HBT/6_final.spef line 114960, instance be_calculator/_16728_ not found.
[WARNING STA-1648] ./results/nangate45_3D/bp_be/HBT/6_final.spef line 114961, instance be_calculator/_18168_ not found.
[WARNING STA-1648] ./results/nangate45_3D/bp_be/HBT/6_final.spef line 114962, instance be_calculator/_16713_ not found.
[WARNING STA-1648] ./results/nangate45_3D/bp_be/HBT/6_final.spef line 114963, instance be_calculator/_16738_ not found.
[WARNING STA-1648] ./results/nangate45_3D/bp_be/HBT/6_final.spef line 114964, instance be_calculator/_17223_ not found.
[WARNING STA-1648] ./results/nangate45_3D/bp_be/HBT/6_final.spef line 114965, instance be_calculator/_16714_ not found.
[WARNING STA-1648] ./results/nangate45_3D/bp_be/HBT/6_final.spef line 114966, instance be_calculator/_17224_ not found.
[WARNING STA-1648] ./results/nangate45_3D/bp_be/HBT/6_final.spef line 114967, instance be_calculator/_18336_ not found.
[WARNING STA-1648] ./results/nangate45_3D/bp_be/HBT/6_final.spef line 114968, instance be_calculator/_16740_ not found.
[WARNING STA-1648] ./results/nangate45_3D/bp_be/HBT/6_final.spef line 114969, instance be_calculator/_16736_ not found.
[WARNING STA-1648] ./results/nangate45_3D/bp_be/HBT/6_final.spef line 114970, instance be_calculator/_16742_ not found.
[WARNING STA-1648] ./results/nangate45_3D/bp_be/HBT/6_final.spef line 114971, instance be_calculator/_16773_ not found.
[WARNING STA-1648] ./results/nangate45_3D/bp_be/HBT/6_final.spef line 114973, instance be_calculator/_16741_ not found.
[WARNING STA-1648] ./results/nangate45_3D/bp_be/HBT/6_final.spef line 114974, instance be_calculator/_18340_ not found.
[WARNING STA-1648] ./results/nangate45_3D/bp_be/HBT/6_final.spef line 114975, instance be_calculator/_18341_ not found.
[WARNING STA-1648] ./results/nangate45_3D/bp_be/HBT/6_final.spef line 114976, instance be_calculator/_17968_ not found.
[WARNING STA-1648] ./results/nangate45_3D/bp_be/HBT/6_final.spef line 114977, instance be_calculator/_17597_ not found.
[WARNING STA-1648] ./results/nangate45_3D/bp_be/HBT/6_final.spef line 114978, instance be_calculator/_17599_ not found.
[WARNING STA-1648] ./results/nangate45_3D/bp_be/HBT/6_final.spef line 114979, instance be_calculator/_17247_ not found.
[WARNING STA-1648] ./results/nangate45_3D/bp_be/HBT/6_final.spef line 114980, instance be_calculator/_17622_ not found.
[WARNING STA-1648] ./results/nangate45_3D/bp_be/HBT/6_final.spef line 114981, instance be_calculator/_18364_ not found.
[WARNING STA-1648] ./results/nangate45_3D/bp_be/HBT/6_final.spef line 114982, instance be_calculator/_17511_ not found.
[WARNING STA-1648] ./results/nangate45_3D/bp_be/HBT/6_final.spef line 114983, instance be_calculator/_17882_ not found.
[WARNING STA-1648] ./results/nangate45_3D/bp_be/HBT/6_final.spef line 114984, instance be_calculator/_17140_ not found.
[WARNING STA-1648] ./results/nangate45_3D/bp_be/HBT/6_final.spef line 114985, instance be_calculator/_16787_ not found.
[WARNING STA-1648] ./results/nangate45_3D/bp_be/HBT/6_final.spef line 114986, instance be_calculator/_16797_ not found.
[WARNING STA-1648] ./results/nangate45_3D/bp_be/HBT/6_final.spef line 114987, instance be_calculator/_17250_ not found.
[WARNING STA-1648] ./results/nangate45_3D/bp_be/HBT/6_final.spef line 114988, instance be_calculator/_17520_ not found.
[WARNING STA-1648] ./results/nangate45_3D/bp_be/HBT/6_final.spef line 114990, instance be_calculator/_18258_ not found.
[WARNING STA-1648] ./results/nangate45_3D/bp_be/HBT/6_final.spef line 114991, instance be_calculator/_18629_ not found.
[WARNING STA-1648] ./results/nangate45_3D/bp_be/HBT/6_final.spef line 114992, instance be_calculator/_18252_ not found.
[WARNING STA-1648] ./results/nangate45_3D/bp_be/HBT/6_final.spef line 114993, instance be_calculator/_17893_ not found.
[WARNING STA-1648] ./results/nangate45_3D/bp_be/HBT/6_final.spef line 114994, instance be_calculator/_17150_ not found.
[WARNING STA-1648] ./results/nangate45_3D/bp_be/HBT/6_final.spef line 114997, instance be_calculator/_16635_ not found.
[WARNING STA-1648] ./results/nangate45_3D/bp_be/HBT/6_final.spef line 114998, instance be_calculator/_16829_ not found.
[WARNING STA-1648] ./results/nangate45_3D/bp_be/HBT/6_final.spef line 115000, instance be_calculator/_16825_ not found.
[WARNING STA-1648] ./results/nangate45_3D/bp_be/HBT/6_final.spef line 115001, instance be_calculator/_16830_ not found.
[WARNING STA-1648] ./results/nangate45_3D/bp_be/HBT/6_final.spef line 115002, instance be_calculator/_17186_ not found.
[WARNING STA-1648] ./results/nangate45_3D/bp_be/HBT/6_final.spef line 115003, instance be_calculator/_17557_ not found.
[WARNING STA-1648] ./results/nangate45_3D/bp_be/HBT/6_final.spef line 115004, instance be_calculator/_17185_ not found.
[WARNING STA-1648] ./results/nangate45_3D/bp_be/HBT/6_final.spef line 115005, instance be_calculator/_18672_ not found.
[WARNING STA-1648] ./results/nangate45_3D/bp_be/HBT/6_final.spef line 115006, instance be_calculator/_17420_ not found.
[WARNING STA-1648] ./results/nangate45_3D/bp_be/HBT/6_final.spef line 115007, instance be_calculator/_18670_ not found.
[WARNING STA-1648] ./results/nangate45_3D/bp_be/HBT/6_final.spef line 115008, instance be_calculator/_17423_ not found.
[WARNING STA-1648] ./results/nangate45_3D/bp_be/HBT/6_final.spef line 115009, instance be_calculator/_18807_ not found.
[WARNING STA-1648] ./results/nangate45_3D/bp_be/HBT/6_final.spef line 115010, instance be_calculator/_19000_ not found.
[WARNING STA-1648] ./results/nangate45_3D/bp_be/HBT/6_final.spef line 115011, instance be_calculator/_18872_ not found.
[WARNING STA-1648] ./results/nangate45_3D/bp_be/HBT/6_final.spef line 115012, instance be_calculator/_18538_ not found.
[WARNING STA-1648] ./results/nangate45_3D/bp_be/HBT/6_final.spef line 115013, instance be_calculator/_18447_ not found.
[WARNING STA-1648] ./results/nangate45_3D/bp_be/HBT/6_final.spef line 115014, instance be_calculator/_17793_ not found.
[WARNING STA-1648] ./results/nangate45_3D/bp_be/HBT/6_final.spef line 115015, instance be_calculator/_17421_ not found.
[WARNING STA-1648] ./results/nangate45_3D/bp_be/HBT/6_final.spef line 115016, instance be_calculator/_18535_ not found.
[WARNING STA-1648] ./results/nangate45_3D/bp_be/HBT/6_final.spef line 115017, instance be_calculator/_17359_ not found.
[WARNING STA-1648] ./results/nangate45_3D/bp_be/HBT/6_final.spef line 115018, instance be_calculator/_18536_ not found.
[WARNING STA-1648] ./results/nangate45_3D/bp_be/HBT/6_final.spef line 115019, instance be_calculator/_18165_ not found.
[WARNING STA-1648] ./results/nangate45_3D/bp_be/HBT/6_final.spef line 115020, instance be_calculator/_17361_ not found.
[WARNING STA-1648] ./results/nangate45_3D/bp_be/HBT/6_final.spef line 115021, instance be_calculator/_18935_ not found.
[WARNING STA-1648] ./results/nangate45_3D/bp_be/HBT/6_final.spef line 115022, instance be_calculator/_17729_ not found.
[WARNING STA-1648] ./results/nangate45_3D/bp_be/HBT/6_final.spef line 115023, instance be_calculator/_17343_ not found.
[WARNING STA-1648] ./results/nangate45_3D/bp_be/HBT/6_final.spef line 115024, instance be_mmu/dcache/_25452_ not found.
[WARNING STA-1648] ./results/nangate45_3D/bp_be/HBT/6_final.spef line 115025, instance be_calculator/_18086_ not found.
[WARNING STA-1648] ./results/nangate45_3D/bp_be/HBT/6_final.spef line 115026, instance be_calculator/_17715_ not found.
[WARNING STA-1648] ./results/nangate45_3D/bp_be/HBT/6_final.spef line 115027, instance be_mmu/dcache/_25486_ not found.
[WARNING STA-1648] ./results/nangate45_3D/bp_be/HBT/6_final.spef line 115028, instance be_calculator/_17322_ not found.
[WARNING STA-1648] ./results/nangate45_3D/bp_be/HBT/6_final.spef line 115029, instance be_calculator/_18457_ not found.
[WARNING STA-1648] ./results/nangate45_3D/bp_be/HBT/6_final.spef line 115030, instance be_mmu/dcache/_25518_ not found.
[WARNING STA-1648] ./results/nangate45_3D/bp_be/HBT/6_final.spef line 115031, instance be_mmu/dcache/_25453_ not found.
[WARNING STA-1648] ./results/nangate45_3D/bp_be/HBT/6_final.spef line 115032, instance be_calculator/_17344_ not found.
[WARNING STA-1648] ./results/nangate45_3D/bp_be/HBT/6_final.spef line 115033, instance be_calculator/_18456_ not found.
[WARNING STA-1648] ./results/nangate45_3D/bp_be/HBT/6_final.spef line 115034, instance be_calculator/_18085_ not found.
[WARNING STA-1648] ./results/nangate45_3D/bp_be/HBT/6_final.spef line 115035, instance be_calculator/_17714_ not found.
[WARNING STA-1648] ./results/nangate45_3D/bp_be/HBT/6_final.spef line 115036, instance be_calculator/_18527_ not found.
[WARNING STA-1648] ./results/nangate45_3D/bp_be/HBT/6_final.spef line 115037, instance be_calculator/_18156_ not found.
[WARNING STA-1648] ./results/nangate45_3D/bp_be/HBT/6_final.spef line 115038, instance be_calculator/_17785_ not found.
[WARNING STA-1648] ./results/nangate45_3D/bp_be/HBT/6_final.spef line 115039, instance be_calculator/_18467_ not found.
[WARNING STA-1648] ./results/nangate45_3D/bp_be/HBT/6_final.spef line 115040, instance be_mmu/dcache/_25467_ not found.
[WARNING STA-1648] ./results/nangate45_3D/bp_be/HBT/6_final.spef line 115041, instance be_calculator/_18096_ not found.
[WARNING STA-1648] ./results/nangate45_3D/bp_be/HBT/6_final.spef line 115042, instance be_calculator/_18451_ not found.
[WARNING STA-1648] ./results/nangate45_3D/bp_be/HBT/6_final.spef line 115043, instance be_calculator/_18155_ not found.
[WARNING STA-1648] ./results/nangate45_3D/bp_be/HBT/6_final.spef line 115044, instance be_calculator/_18526_ not found.
[WARNING STA-1648] ./results/nangate45_3D/bp_be/HBT/6_final.spef line 115045, instance be_calculator/_17414_ not found.
[WARNING STA-1648] ./results/nangate45_3D/bp_be/HBT/6_final.spef line 115046, instance be_calculator/_17725_ not found.
[WARNING STA-1648] ./results/nangate45_3D/bp_be/HBT/6_final.spef line 115047, instance be_calculator/_18080_ not found.
[WARNING STA-1648] ./results/nangate45_3D/bp_be/HBT/6_final.spef line 115048, instance be_calculator/_17709_ not found.
[WARNING STA-1648] ./results/nangate45_3D/bp_be/HBT/6_final.spef line 115049, instance be_calculator/_18154_ not found.
[WARNING STA-1648] ./results/nangate45_3D/bp_be/HBT/6_final.spef line 115050, instance be_calculator/_17338_ not found.
[WARNING STA-1648] ./results/nangate45_3D/bp_be/HBT/6_final.spef line 115051, instance be_calculator/_16983_ not found.
[WARNING STA-1648] ./results/nangate45_3D/bp_be/HBT/6_final.spef line 115052, instance be_calculator/_18470_ not found.
[WARNING STA-1648] ./results/nangate45_3D/bp_be/HBT/6_final.spef line 115053, instance be_calculator/_17354_ not found.
[WARNING STA-1648] ./results/nangate45_3D/bp_be/HBT/6_final.spef line 115054, instance be_calculator/_18471_ not found.
[WARNING STA-1648] ./results/nangate45_3D/bp_be/HBT/6_final.spef line 115055, instance be_calculator/_18930_ not found.
[WARNING STA-1648] ./results/nangate45_3D/bp_be/HBT/6_final.spef line 115056, instance be_calculator/_18100_ not found.
[WARNING STA-1648] ./results/nangate45_3D/bp_be/HBT/6_final.spef line 115057, instance be_calculator/_18531_ not found.
[WARNING STA-1648] ./results/nangate45_3D/bp_be/HBT/6_final.spef line 115058, instance be_calculator/_17784_ not found.
[WARNING STA-1648] ./results/nangate45_3D/bp_be/HBT/6_final.spef line 115059, instance be_calculator/_17413_ not found.
[WARNING STA-1648] ./results/nangate45_3D/bp_be/HBT/6_final.spef line 115060, instance be_calculator/_18160_ not found.
[WARNING STA-1648] ./results/nangate45_3D/bp_be/HBT/6_final.spef line 115061, instance be_calculator/_17789_ not found.
[WARNING STA-1648] ./results/nangate45_3D/bp_be/HBT/6_final.spef line 115062, instance be_calculator/_17418_ not found.
[WARNING STA-1648] ./results/nangate45_3D/bp_be/HBT/6_final.spef line 115063, instance be_calculator/_17047_ not found.
[WARNING STA-1648] ./results/nangate45_3D/bp_be/HBT/6_final.spef line 115064, instance be_calculator/_19061_ not found.
[WARNING STA-1648] ./results/nangate45_3D/bp_be/HBT/6_final.spef line 115065, instance be_calculator/_18802_ not found.
[WARNING STA-1648] ./results/nangate45_3D/bp_be/HBT/6_final.spef line 115066, instance be_calculator/_17358_ not found.
[WARNING STA-1648] ./results/nangate45_3D/bp_be/HBT/6_final.spef line 115067, instance be_calculator/_18099_ not found.
[WARNING STA-1648] ./results/nangate45_3D/bp_be/HBT/6_final.spef line 115068, instance be_calculator/_17728_ not found.
[WARNING STA-1648] ./results/nangate45_3D/bp_be/HBT/6_final.spef line 115069, instance be_calculator/_16967_ not found.
[WARNING STA-1648] ./results/nangate45_3D/bp_be/HBT/6_final.spef line 115070, instance be_calculator/_17357_ not found.
[WARNING STA-1648] ./results/nangate45_3D/bp_be/HBT/6_final.spef line 115071, instance be_calculator/_18933_ not found.
[WARNING STA-1648] ./results/nangate45_3D/bp_be/HBT/6_final.spef line 115072, instance be_calculator/_18805_ not found.
[WARNING STA-1648] ./results/nangate45_3D/bp_be/HBT/6_final.spef line 115073, instance be_calculator/_18534_ not found.
[WARNING STA-1648] ./results/nangate45_3D/bp_be/HBT/6_final.spef line 115074, instance be_calculator/_16986_ not found.
[WARNING STA-1648] ./results/nangate45_3D/bp_be/HBT/6_final.spef line 115075, instance be_calculator/_17730_ not found.
[WARNING STA-1648] ./results/nangate45_3D/bp_be/HBT/6_final.spef line 115076, instance be_calculator/_16987_ not found.
[WARNING STA-1648] ./results/nangate45_3D/bp_be/HBT/6_final.spef line 115077, instance be_calculator/_18474_ not found.
[WARNING STA-1648] ./results/nangate45_3D/bp_be/HBT/6_final.spef line 115078, instance be_calculator/_18103_ not found.
[WARNING STA-1648] ./results/nangate45_3D/bp_be/HBT/6_final.spef line 115079, instance be_calculator/_17732_ not found.
[WARNING STA-1648] ./results/nangate45_3D/bp_be/HBT/6_final.spef line 115080, instance be_calculator/_18444_ not found.
[WARNING STA-1648] ./results/nangate45_3D/bp_be/HBT/6_final.spef line 115081, instance be_calculator/_17351_ not found.
[WARNING STA-1648] ./results/nangate45_3D/bp_be/HBT/6_final.spef line 115082, instance be_calculator/_16977_ not found.
[WARNING STA-1648] ./results/nangate45_3D/bp_be/HBT/6_final.spef line 115083, instance be_calculator/_17348_ not found.
[WARNING STA-1648] ./results/nangate45_3D/bp_be/HBT/6_final.spef line 115084, instance be_calculator/_17412_ not found.
[WARNING STA-1648] ./results/nangate45_3D/bp_be/HBT/6_final.spef line 115085, instance be_calculator/_16973_ not found.
[WARNING STA-1648] ./results/nangate45_3D/bp_be/HBT/6_final.spef line 115086, instance be_mmu/dcache/_25420_ not found.
[WARNING STA-1648] ./results/nangate45_3D/bp_be/HBT/6_final.spef line 115087, instance be_mmu/dcache/_25485_ not found.
[WARNING STA-1648] ./results/nangate45_3D/bp_be/HBT/6_final.spef line 115088, instance be_mmu/dcache/_25531_ not found.
[WARNING STA-1648] ./results/nangate45_3D/bp_be/HBT/6_final.spef line 115089, instance be_calculator/_18446_ not found.
[WARNING STA-1648] ./results/nangate45_3D/bp_be/HBT/6_final.spef line 115090, instance be_calculator/_17349_ not found.
[WARNING STA-1648] ./results/nangate45_3D/bp_be/HBT/6_final.spef line 115091, instance be_calculator/_18091_ not found.
[WARNING STA-1648] ./results/nangate45_3D/bp_be/HBT/6_final.spef line 115092, instance be_calculator/_18462_ not found.
[WARNING STA-1648] ./results/nangate45_3D/bp_be/HBT/6_final.spef line 115093, instance be_mmu/dcache/_25860_ not found.
[WARNING STA-1648] ./results/nangate45_3D/bp_be/HBT/6_final.spef line 115094, instance be_mmu/dcache/_25829_ not found.
[WARNING STA-1648] ./results/nangate45_3D/bp_be/HBT/6_final.spef line 115095, instance be_mmu/dcache/lce/_22868_ not found.
[WARNING STA-1648] ./results/nangate45_3D/bp_be/HBT/6_final.spef line 115096, instance be_mmu/dcache/lce/_22347_ not found.
[WARNING STA-1648] ./results/nangate45_3D/bp_be/HBT/6_final.spef line 115097, instance be_mmu/dcache/_25913_ not found.
[WARNING STA-1648] ./results/nangate45_3D/bp_be/HBT/6_final.spef line 115098, instance be_mmu/dcache/_25370_ not found.
[WARNING STA-1648] ./results/nangate45_3D/bp_be/HBT/6_final.spef line 115099, instance be_mmu/dcache/_25910_ not found.
[WARNING STA-1648] ./results/nangate45_3D/bp_be/HBT/6_final.spef line 115100, instance be_mmu/dcache/_25369_ not found.
[WARNING STA-1648] ./results/nangate45_3D/bp_be/HBT/6_final.spef line 115101, instance be_mmu/dcache/_25830_ not found.
[WARNING STA-1648] ./results/nangate45_3D/bp_be/HBT/6_final.spef line 115102, instance be_mmu/dcache/_25796_ not found.
[WARNING STA-1648] ./results/nangate45_3D/bp_be/HBT/6_final.spef line 115103, instance be_mmu/dcache/_25897_ not found.
[WARNING STA-1648] ./results/nangate45_3D/bp_be/HBT/6_final.spef line 115104, instance be_mmu/dcache/_25811_ not found.
[WARNING STA-1648] ./results/nangate45_3D/bp_be/HBT/6_final.spef line 115105, instance be_mmu/dcache/_25368_ not found.
[WARNING STA-1648] ./results/nangate45_3D/bp_be/HBT/6_final.spef line 115106, instance be_mmu/dcache/_25920_ not found.
[WARNING STA-1648] ./results/nangate45_3D/bp_be/HBT/6_final.spef line 115107, instance be_mmu/dcache/_25351_ not found.
[WARNING STA-1648] ./results/nangate45_3D/bp_be/HBT/6_final.spef line 115108, instance be_mmu/dcache/_25808_ not found.
[WARNING STA-1648] ./results/nangate45_3D/bp_be/HBT/6_final.spef line 115109, instance be_mmu/dcache/_25866_ not found.
[WARNING STA-1648] ./results/nangate45_3D/bp_be/HBT/6_final.spef line 115110, instance be_mmu/dcache/_25915_ not found.
[WARNING STA-1648] ./results/nangate45_3D/bp_be/HBT/6_final.spef line 115111, instance be_mmu/dcache/_25863_ not found.
[WARNING STA-1648] ./results/nangate45_3D/bp_be/HBT/6_final.spef line 115112, instance be_mmu/dcache/_25365_ not found.
[WARNING STA-1648] ./results/nangate45_3D/bp_be/HBT/6_final.spef line 115113, instance be_mmu/dcache/_25894_ not found.
[WARNING STA-1648] ./results/nangate45_3D/bp_be/HBT/6_final.spef line 115114, instance be_mmu/dcache/_25911_ not found.
[WARNING STA-1648] ./results/nangate45_3D/bp_be/HBT/6_final.spef line 115115, instance be_mmu/dcache/_25337_ not found.
[WARNING STA-1648] ./results/nangate45_3D/bp_be/HBT/6_final.spef line 115116, instance be_mmu/dcache/_25880_ not found.
[WARNING STA-1648] ./results/nangate45_3D/bp_be/HBT/6_final.spef line 115117, instance be_mmu/dcache/_25352_ not found.
[WARNING STA-1648] ./results/nangate45_3D/bp_be/HBT/6_final.spef line 115118, instance be_mmu/dcache/_25332_ not found.
[WARNING STA-1648] ./results/nangate45_3D/bp_be/HBT/6_final.spef line 115119, instance be_mmu/dcache/_25354_ not found.
[WARNING STA-1648] ./results/nangate45_3D/bp_be/HBT/6_final.spef line 115120, instance be_mmu/dcache/_25377_ not found.
[WARNING STA-1648] ./results/nangate45_3D/bp_be/HBT/6_final.spef line 115121, instance be_mmu/dcache/_25925_ not found.
[WARNING STA-1648] ./results/nangate45_3D/bp_be/HBT/6_final.spef line 115122, instance be_mmu/dcache/lce/_23098_ not found.
[WARNING STA-1648] ./results/nangate45_3D/bp_be/HBT/6_final.spef line 115123, instance be_mmu/dcache/lce/_22648_ not found.
[WARNING STA-1648] ./results/nangate45_3D/bp_be/HBT/6_final.spef line 115124, instance be_mmu/dcache/lce/_21251_ not found.
[WARNING STA-1648] ./results/nangate45_3D/bp_be/HBT/6_final.spef line 115125, instance be_mmu/dcache/lce/_21407_ not found.
[WARNING STA-1648] ./results/nangate45_3D/bp_be/HBT/6_final.spef line 115126, instance be_mmu/dcache/lce/_21928_ not found.
[WARNING STA-1648] ./results/nangate45_3D/bp_be/HBT/6_final.spef line 115127, instance be_mmu/dcache/lce/_21564_ not found.
[WARNING STA-1648] ./results/nangate45_3D/bp_be/HBT/6_final.spef line 115128, instance be_mmu/dcache/lce/_21736_ not found.
[WARNING STA-1648] ./results/nangate45_3D/bp_be/HBT/6_final.spef line 115129, instance be_mmu/dcache/lce/_22060_ not found.
[WARNING STA-1648] ./results/nangate45_3D/bp_be/HBT/6_final.spef line 115130, instance be_mmu/dcache/lce/_21539_ not found.
[WARNING STA-1648] ./results/nangate45_3D/bp_be/HBT/6_final.spef line 115131, instance be_mmu/dcache/lce/_22905_ not found.
[WARNING STA-1648] ./results/nangate45_3D/bp_be/HBT/6_final.spef line 115132, instance be_mmu/dcache/lce/_22941_ not found.
[WARNING STA-1648] ./results/nangate45_3D/bp_be/HBT/6_final.spef line 115133, instance be_mmu/dcache/lce/_22420_ not found.
[WARNING STA-1648] ./results/nangate45_3D/bp_be/HBT/6_final.spef line 115134, instance be_mmu/dcache/lce/_22122_ not found.
[WARNING STA-1648] ./results/nangate45_3D/bp_be/HBT/6_final.spef line 115135, instance be_mmu/dcache/lce/_21601_ not found.
[WARNING STA-1648] ./results/nangate45_3D/bp_be/HBT/6_final.spef line 115136, instance be_mmu/dcache/lce/_23163_ not found.
[WARNING STA-1648] ./results/nangate45_3D/bp_be/HBT/6_final.spef line 115137, instance be_mmu/dcache/lce/_21659_ not found.
[WARNING STA-1648] ./results/nangate45_3D/bp_be/HBT/6_final.spef line 115138, instance be_mmu/dcache/lce/_21794_ not found.
[WARNING STA-1648] ./results/nangate45_3D/bp_be/HBT/6_final.spef line 115139, instance be_mmu/dcache/lce/_22642_ not found.
[WARNING STA-1648] ./results/nangate45_3D/bp_be/HBT/6_final.spef line 115140, instance be_mmu/dcache/lce/_21273_ not found.
[WARNING STA-1648] ./results/nangate45_3D/bp_be/HBT/6_final.spef line 115141, instance be_mmu/dcache/lce/_21773_ not found.
[WARNING STA-1648] ./results/nangate45_3D/bp_be/HBT/6_final.spef line 115142, instance be_mmu/dcache/lce/_21252_ not found.
[WARNING STA-1648] ./results/nangate45_3D/bp_be/HBT/6_final.spef line 115143, instance be_mmu/dcache/lce/_22554_ not found.
[WARNING STA-1648] ./results/nangate45_3D/bp_be/HBT/6_final.spef line 115144, instance be_mmu/dcache/lce/_22499_ not found.
[WARNING STA-1648] ./results/nangate45_3D/bp_be/HBT/6_final.spef line 115145, instance be_mmu/dcache/lce/_23075_ not found.
[WARNING STA-1648] ./results/nangate45_3D/bp_be/HBT/6_final.spef line 115146, instance be_mmu/dcache/lce/_23118_ not found.
[WARNING STA-1648] ./results/nangate45_3D/bp_be/HBT/6_final.spef line 115147, instance be_mmu/dcache/lce/_22786_ not found.
[WARNING STA-1648] ./results/nangate45_3D/bp_be/HBT/6_final.spef line 115148, instance be_mmu/dcache/lce/_22668_ not found.
[WARNING STA-1648] ./results/nangate45_3D/bp_be/HBT/6_final.spef line 115149, instance be_mmu/dcache/lce/_22437_ not found.
[WARNING STA-1648] ./results/nangate45_3D/bp_be/HBT/6_final.spef line 115150, instance be_mmu/dcache/lce/_22958_ not found.
[WARNING STA-1648] ./results/nangate45_3D/bp_be/HBT/6_final.spef line 115151, instance be_mmu/dcache/lce/_23189_ not found.
[WARNING STA-1648] ./results/nangate45_3D/bp_be/HBT/6_final.spef line 115152, instance be_mmu/dcache/lce/_23184_ not found.
[WARNING STA-1648] ./results/nangate45_3D/bp_be/HBT/6_final.spef line 115153, instance be_mmu/dcache/lce/_21655_ not found.
[WARNING STA-1648] ./results/nangate45_3D/bp_be/HBT/6_final.spef line 115154, instance be_mmu/dcache/lce/_22176_ not found.
[WARNING STA-1648] ./results/nangate45_3D/bp_be/HBT/6_final.spef line 115155, instance be_mmu/dcache/lce/_21536_ not found.
[WARNING STA-1648] ./results/nangate45_3D/bp_be/HBT/6_final.spef line 115156, instance be_mmu/dcache/lce/_23061_ not found.
[WARNING STA-1648] ./results/nangate45_3D/bp_be/HBT/6_final.spef line 115157, instance be_mmu/dcache/lce/_22540_ not found.
[WARNING STA-1648] ./results/nangate45_3D/bp_be/HBT/6_final.spef line 115158, instance be_mmu/dcache/lce/_21433_ not found.
[WARNING STA-1648] ./results/nangate45_3D/bp_be/HBT/6_final.spef line 115159, instance be_mmu/dcache/lce/_21954_ not found.
[WARNING STA-1648] ./results/nangate45_3D/bp_be/HBT/6_final.spef line 115160, instance be_mmu/dcache/lce/_21443_ not found.
[WARNING STA-1648] ./results/nangate45_3D/bp_be/HBT/6_final.spef line 115161, instance be_mmu/dcache/lce/_21964_ not found.
[WARNING STA-1648] ./results/nangate45_3D/bp_be/HBT/6_final.spef line 115162, instance be_mmu/dcache/lce/_21256_ not found.
[WARNING STA-1648] ./results/nangate45_3D/bp_be/HBT/6_final.spef line 115163, instance be_mmu/dcache/lce/_21209_ not found.
[WARNING STA-1648] ./results/nangate45_3D/bp_be/HBT/6_final.spef line 115164, instance be_mmu/dcache/lce/_22973_ not found.
[WARNING STA-1648] ./results/nangate45_3D/bp_be/HBT/6_final.spef line 115165, instance be_mmu/dcache/lce/_21390_ not found.
[WARNING STA-1648] ./results/nangate45_3D/bp_be/HBT/6_final.spef line 115166, instance be_mmu/dcache/lce/_22777_ not found.
[WARNING STA-1648] ./results/nangate45_3D/bp_be/HBT/6_final.spef line 115167, instance be_mmu/dcache/lce/_22452_ not found.
[WARNING STA-1648] ./results/nangate45_3D/bp_be/HBT/6_final.spef line 115168, instance be_mmu/dcache/lce/_22882_ not found.
[WARNING STA-1648] ./results/nangate45_3D/bp_be/HBT/6_final.spef line 115169, instance be_mmu/dcache/lce/_22736_ not found.
[WARNING STA-1648] ./results/nangate45_3D/bp_be/HBT/6_final.spef line 115170, instance be_mmu/dcache/lce/_20570_ not found.
[WARNING STA-1648] ./results/nangate45_3D/bp_be/HBT/6_final.spef line 115171, instance be_mmu/dcache/lce/_22599_ not found.
[WARNING STA-1648] ./results/nangate45_3D/bp_be/HBT/6_final.spef line 115172, instance be_mmu/dcache/lce/_21733_ not found.
[WARNING STA-1648] ./results/nangate45_3D/bp_be/HBT/6_final.spef line 115173, instance be_mmu/dcache/lce/_21987_ not found.
[WARNING STA-1648] ./results/nangate45_3D/bp_be/HBT/6_final.spef line 115174, instance be_mmu/dcache/lce/_22968_ not found.
[WARNING STA-1648] ./results/nangate45_3D/bp_be/HBT/6_final.spef line 115175, instance be_mmu/dcache/lce/_21503_ not found.
[WARNING STA-1648] ./results/nangate45_3D/bp_be/HBT/6_final.spef line 115176, instance be_mmu/dcache/lce/_21800_ not found.
[WARNING STA-1648] ./results/nangate45_3D/bp_be/HBT/6_final.spef line 115177, instance be_mmu/dcache/lce/_21968_ not found.
[WARNING STA-1648] ./results/nangate45_3D/bp_be/HBT/6_final.spef line 115178, instance be_mmu/dcache/lce/_22972_ not found.
[WARNING STA-1648] ./results/nangate45_3D/bp_be/HBT/6_final.spef line 115179, instance be_mmu/dcache/lce/_22000_ not found.
[WARNING STA-1648] ./results/nangate45_3D/bp_be/HBT/6_final.spef line 115180, instance be_mmu/dcache/lce/_21479_ not found.
[WARNING STA-1648] ./results/nangate45_3D/bp_be/HBT/6_final.spef line 115181, instance be_mmu/dcache/lce/_22024_ not found.
[WARNING STA-1648] ./results/nangate45_3D/bp_be/HBT/6_final.spef line 115182, instance be_mmu/dcache/lce/_21777_ not found.
[WARNING STA-1648] ./results/nangate45_3D/bp_be/HBT/6_final.spef line 115183, instance be_mmu/dcache/lce/_23028_ not found.
[WARNING STA-1648] ./results/nangate45_3D/bp_be/HBT/6_final.spef line 115184, instance be_mmu/dcache/lce/_22507_ not found.
[WARNING STA-1648] ./results/nangate45_3D/bp_be/HBT/6_final.spef line 115185, instance be_mmu/dcache/lce/_20549_ not found.
[WARNING STA-1648] ./results/nangate45_3D/bp_be/HBT/6_final.spef line 115186, instance be_mmu/dcache/lce/_22715_ not found.
[WARNING STA-1648] ./results/nangate45_3D/bp_be/HBT/6_final.spef line 115187, instance be_mmu/dcache/lce/_22451_ not found.
[WARNING STA-1648] ./results/nangate45_3D/bp_be/HBT/6_final.spef line 115188, instance be_mmu/dcache/lce/_21261_ not found.
[WARNING STA-1648] ./results/nangate45_3D/bp_be/HBT/6_final.spef line 115189, instance be_mmu/dcache/lce/_21782_ not found.
[WARNING STA-1648] ./results/nangate45_3D/bp_be/HBT/6_final.spef line 115190, instance be_mmu/dcache/lce/_21961_ not found.
[WARNING STA-1648] ./results/nangate45_3D/bp_be/HBT/6_final.spef line 115191, instance be_mmu/dcache/lce/_21440_ not found.
[WARNING STA-1648] ./results/nangate45_3D/bp_be/HBT/6_final.spef line 115192, instance be_mmu/dcache/lce/_21834_ not found.
[WARNING STA-1648] ./results/nangate45_3D/bp_be/HBT/6_final.spef line 115193, instance be_mmu/dcache/data_mem_1__data_mem/macro_mem/mem not found.
[WARNING STA-1648] ./results/nangate45_3D/bp_be/HBT/6_final.spef line 115194, instance be_mmu/dcache/lce/_21787_ not found.
[WARNING STA-1648] ./results/nangate45_3D/bp_be/HBT/6_final.spef line 115195, instance be_mmu/dcache/lce/_21934_ not found.
[WARNING STA-1648] ./results/nangate45_3D/bp_be/HBT/6_final.spef line 115196, instance be_mmu/dcache/lce/_21413_ not found.
[WARNING STA-1648] ./results/nangate45_3D/bp_be/HBT/6_final.spef line 115197, instance be_mmu/dcache/lce/_21580_ not found.
[WARNING STA-1648] ./results/nangate45_3D/bp_be/HBT/6_final.spef line 115198, instance be_mmu/dcache/lce/_22101_ not found.
[WARNING STA-1648] ./results/nangate45_3D/bp_be/HBT/6_final.spef line 115199, instance be_mmu/dcache/lce/_22172_ not found.
[WARNING STA-1648] ./results/nangate45_3D/bp_be/HBT/6_final.spef line 115200, instance be_mmu/dcache/lce/_21651_ not found.
[WARNING STA-1648] ./results/nangate45_3D/bp_be/HBT/6_final.spef line 115201, instance be_mmu/dcache/lce/_23113_ not found.
[WARNING STA-1648] ./results/nangate45_3D/bp_be/HBT/6_final.spef line 115202, instance be_mmu/dcache/lce/_21554_ not found.
[WARNING STA-1648] ./results/nangate45_3D/bp_be/HBT/6_final.spef line 115203, instance be_mmu/dcache/lce/_22075_ not found.
[WARNING STA-1648] ./results/nangate45_3D/bp_be/HBT/6_final.spef line 115204, instance be_mmu/dcache/lce/_22598_ not found.
[WARNING STA-1648] ./results/nangate45_3D/bp_be/HBT/6_final.spef line 115205, instance be_mmu/dcache/lce/_22655_ not found.
[WARNING STA-1648] ./results/nangate45_3D/bp_be/HBT/6_final.spef line 115206, instance be_mmu/dcache/lce/_22449_ not found.
[WARNING STA-1648] ./results/nangate45_3D/bp_be/HBT/6_final.spef line 115207, instance be_mmu/dcache/lce/_22970_ not found.
[WARNING STA-1648] ./results/nangate45_3D/bp_be/HBT/6_final.spef line 115208, instance be_mmu/dcache/lce/_22592_ not found.
[WARNING STA-1648] ./results/nangate45_3D/bp_be/HBT/6_final.spef line 115209, instance be_mmu/dcache/lce/_21198_ not found.
[WARNING STA-1648] ./results/nangate45_3D/bp_be/HBT/6_final.spef line 115210, instance be_mmu/dcache/lce/_21722_ not found.
[WARNING STA-1648] ./results/nangate45_3D/bp_be/HBT/6_final.spef line 115211, instance be_mmu/dcache/lce/_23176_ not found.
[WARNING STA-1648] ./results/nangate45_3D/bp_be/HBT/6_final.spef line 115212, instance be_mmu/dcache/lce/_21266_ not found.
[WARNING STA-1648] ./results/nangate45_3D/bp_be/HBT/6_final.spef line 115213, instance be_mmu/dcache/lce/_22155_ not found.
[WARNING STA-1648] ./results/nangate45_3D/bp_be/HBT/6_final.spef line 115214, instance be_mmu/dcache/lce/_21634_ not found.
[WARNING STA-1648] ./results/nangate45_3D/bp_be/HBT/6_final.spef line 115215, instance be_mmu/dcache/lce/_21313_ not found.
[WARNING STA-1648] ./results/nangate45_3D/bp_be/HBT/6_final.spef line 115216, instance be_mmu/dcache/lce/_22838_ not found.
[WARNING STA-1648] ./results/nangate45_3D/bp_be/HBT/6_final.spef line 115217, instance be_mmu/dcache/lce/_22373_ not found.
[WARNING STA-1648] ./results/nangate45_3D/bp_be/HBT/6_final.spef line 115218, instance be_mmu/dcache/lce/_22317_ not found.
[WARNING STA-1648] ./results/nangate45_3D/bp_be/HBT/6_final.spef line 115219, instance be_mmu/dcache/lce/_22780_ not found.
[WARNING STA-1648] ./results/nangate45_3D/bp_be/HBT/6_final.spef line 115220, instance be_mmu/dcache/lce/_22259_ not found.
[WARNING STA-1648] ./results/nangate45_3D/bp_be/HBT/6_final.spef line 115221, instance be_mmu/dcache/lce/_21532_ not found.
[WARNING STA-1648] ./results/nangate45_3D/bp_be/HBT/6_final.spef line 115222, instance be_mmu/dcache/lce/_21447_ not found.
[WARNING STA-1648] ./results/nangate45_3D/bp_be/HBT/6_final.spef line 115223, instance be_mmu/dcache/lce/_22053_ not found.
[WARNING STA-1648] ./results/nangate45_3D/bp_be/HBT/6_final.spef line 115224, instance be_mmu/dcache/lce/_21876_ not found.
[WARNING STA-1648] ./results/nangate45_3D/bp_be/HBT/6_final.spef line 115225, instance be_mmu/dcache/lce/_21279_ not found.
[WARNING STA-1648] ./results/nangate45_3D/bp_be/HBT/6_final.spef line 115226, instance be_mmu/dcache/lce/_22803_ not found.
[WARNING STA-1648] ./results/nangate45_3D/bp_be/HBT/6_final.spef line 115227, instance be_mmu/dcache/lce/_22282_ not found.
[WARNING STA-1648] ./results/nangate45_3D/bp_be/HBT/6_final.spef line 115228, instance be_mmu/dcache/lce/_22880_ not found.
[WARNING STA-1648] ./results/nangate45_3D/bp_be/HBT/6_final.spef line 115229, instance be_mmu/dcache/lce/_23103_ not found.
[WARNING STA-1648] ./results/nangate45_3D/bp_be/HBT/6_final.spef line 115230, instance be_mmu/dcache/lce/_22582_ not found.
[WARNING STA-1648] ./results/nangate45_3D/bp_be/HBT/6_final.spef line 115231, instance be_mmu/dcache/lce/_21890_ not found.
[WARNING STA-1648] ./results/nangate45_3D/bp_be/HBT/6_final.spef line 115232, instance be_mmu/dcache/lce/_21369_ not found.
[WARNING STA-1648] ./results/nangate45_3D/bp_be/HBT/6_final.spef line 115233, instance be_mmu/dcache/lce/_21355_ not found.
[WARNING STA-1648] ./results/nangate45_3D/bp_be/HBT/6_final.spef line 115234, instance be_mmu/dcache/lce/_22359_ not found.
[WARNING STA-1648] ./results/nangate45_3D/bp_be/HBT/6_final.spef line 115235, instance be_mmu/dcache/lce/_22447_ not found.
[WARNING STA-1648] ./results/nangate45_3D/bp_be/HBT/6_final.spef line 115236, instance be_mmu/dcache/lce/_22057_ not found.
[WARNING STA-1648] ./results/nangate45_3D/bp_be/HBT/6_final.spef line 115237, instance be_mmu/dcache/lce/_23180_ not found.
[WARNING STA-1648] ./results/nangate45_3D/bp_be/HBT/6_final.spef line 115238, instance be_mmu/dcache/lce/_22659_ not found.
[WARNING STA-1648] ./results/nangate45_3D/bp_be/HBT/6_final.spef line 115239, instance be_mmu/dcache/lce/_22663_ not found.
[WARNING STA-1648] ./results/nangate45_3D/bp_be/HBT/6_final.spef line 115240, instance be_mmu/dcache/lce/_22119_ not found.
[WARNING STA-1648] ./results/nangate45_3D/bp_be/HBT/6_final.spef line 115241, instance be_mmu/dcache/lce/_22453_ not found.
[WARNING STA-1648] ./results/nangate45_3D/bp_be/HBT/6_final.spef line 115242, instance be_mmu/dcache/lce/_22658_ not found.
[WARNING STA-1648] ./results/nangate45_3D/bp_be/HBT/6_final.spef line 115243, instance be_mmu/dcache/lce/_23179_ not found.
[WARNING STA-1648] ./results/nangate45_3D/bp_be/HBT/6_final.spef line 115244, instance be_mmu/dcache/lce/_23020_ not found.
[WARNING STA-1648] ./results/nangate45_3D/bp_be/HBT/6_final.spef line 115245, instance be_mmu/dcache/lce/_22276_ not found.
[WARNING STA-1648] ./results/nangate45_3D/bp_be/HBT/6_final.spef line 115246, instance be_mmu/dcache/lce/_22797_ not found.
[WARNING STA-1648] ./results/nangate45_3D/bp_be/HBT/6_final.spef line 115247, instance be_mmu/dcache/lce/_21598_ not found.
[WARNING STA-1648] ./results/nangate45_3D/bp_be/HBT/6_final.spef line 115248, instance be_mmu/dcache/lce/_23122_ not found.
[WARNING STA-1648] ./results/nangate45_3D/bp_be/HBT/6_final.spef line 115249, instance be_mmu/dcache/lce/_21825_ not found.
[WARNING STA-1648] ./results/nangate45_3D/bp_be/HBT/6_final.spef line 115250, instance be_mmu/dcache/lce/_23054_ not found.
[WARNING STA-1648] ./results/nangate45_3D/bp_be/HBT/6_final.spef line 115251, instance be_mmu/dcache/lce/_22597_ not found.
[WARNING STA-1648] ./results/nangate45_3D/bp_be/HBT/6_final.spef line 115252, instance be_mmu/dcache/lce/_22620_ not found.
[WARNING STA-1648] ./results/nangate45_3D/bp_be/HBT/6_final.spef line 115253, instance be_mmu/dcache/lce/_21764_ not found.
[WARNING STA-1648] ./results/nangate45_3D/bp_be/HBT/6_final.spef line 115254, instance be_mmu/dcache/lce/_22301_ not found.
[WARNING STA-1648] ./results/nangate45_3D/bp_be/HBT/6_final.spef line 115255, instance be_mmu/dcache/lce/_23141_ not found.
[WARNING STA-1648] ./results/nangate45_3D/bp_be/HBT/6_final.spef line 115256, instance be_mmu/dcache/lce/_22099_ not found.
[WARNING STA-1648] ./results/nangate45_3D/bp_be/HBT/6_final.spef line 115257, instance be_mmu/dcache/lce/_22114_ not found.
[WARNING STA-1648] ./results/nangate45_3D/bp_be/HBT/6_final.spef line 115258, instance be_mmu/dcache/lce/_22159_ not found.
[WARNING STA-1648] ./results/nangate45_3D/bp_be/HBT/6_final.spef line 115259, instance be_mmu/dcache/lce/_21593_ not found.
[WARNING STA-1648] ./results/nangate45_3D/bp_be/HBT/6_final.spef line 115260, instance be_mmu/dcache/lce/_22533_ not found.
[WARNING STA-1648] ./results/nangate45_3D/bp_be/HBT/6_final.spef line 115261, instance be_mmu/dcache/lce/_22542_ not found.
[WARNING STA-1648] ./results/nangate45_3D/bp_be/HBT/6_final.spef line 115262, instance be_mmu/dcache/lce/_23063_ not found.
[WARNING STA-1648] ./results/nangate45_3D/bp_be/HBT/6_final.spef line 115263, instance be_mmu/dcache/lce/_23204_ not found.
[WARNING STA-1648] ./results/nangate45_3D/bp_be/HBT/6_final.spef line 115264, instance be_mmu/dcache/lce/_22710_ not found.
[WARNING STA-1648] ./results/nangate45_3D/bp_be/HBT/6_final.spef line 115265, instance be_mmu/dcache/lce/_21936_ not found.
[WARNING STA-1648] ./results/nangate45_3D/bp_be/HBT/6_final.spef line 115266, instance be_mmu/dcache/lce/_22200_ not found.
[WARNING STA-1648] ./results/nangate45_3D/bp_be/HBT/6_final.spef line 115267, instance be_mmu/dcache/lce/_21786_ not found.
[WARNING STA-1648] ./results/nangate45_3D/bp_be/HBT/6_final.spef line 115268, instance be_mmu/dcache/lce/_21206_ not found.
[WARNING STA-1648] ./results/nangate45_3D/bp_be/HBT/6_final.spef line 115269, instance be_mmu/dcache/lce/_21265_ not found.
[WARNING STA-1648] ./results/nangate45_3D/bp_be/HBT/6_final.spef line 115270, instance be_mmu/dcache/lce/_21415_ not found.
[WARNING STA-1648] ./results/nangate45_3D/bp_be/HBT/6_final.spef line 115271, instance be_mmu/dcache/lce/_21839_ not found.
[WARNING STA-1648] ./results/nangate45_3D/bp_be/HBT/6_final.spef line 115272, instance be_mmu/dcache/lce/_22788_ not found.
[WARNING STA-1648] ./results/nangate45_3D/bp_be/HBT/6_final.spef line 115273, instance be_mmu/dcache/lce/_22268_ not found.
[WARNING STA-1648] ./results/nangate45_3D/bp_be/HBT/6_final.spef line 115274, instance be_mmu/dcache/lce/_22789_ not found.
[WARNING STA-1648] ./results/nangate45_3D/bp_be/HBT/6_final.spef line 115275, instance be_mmu/dcache/lce/_22956_ not found.
[WARNING STA-1648] ./results/nangate45_3D/bp_be/HBT/6_final.spef line 115276, instance be_mmu/dcache/lce/_22435_ not found.
[WARNING STA-1648] ./results/nangate45_3D/bp_be/HBT/6_final.spef line 115277, instance be_mmu/dcache/lce/_22454_ not found.
[WARNING STA-1648] ./results/nangate45_3D/bp_be/HBT/6_final.spef line 115278, instance be_mmu/dcache/lce/_22443_ not found.
[WARNING STA-1648] ./results/nangate45_3D/bp_be/HBT/6_final.spef line 115279, instance be_mmu/dcache/lce/_22975_ not found.
[WARNING STA-1648] ./results/nangate45_3D/bp_be/HBT/6_final.spef line 115280, instance be_mmu/dcache/lce/_22425_ not found.
[WARNING STA-1648] ./results/nangate45_3D/bp_be/HBT/6_final.spef line 115281, instance be_mmu/dcache/lce/_22946_ not found.
[WARNING STA-1648] ./results/nangate45_3D/bp_be/HBT/6_final.spef line 115282, instance be_mmu/dcache/lce/_23215_ not found.
[WARNING STA-1648] ./results/nangate45_3D/bp_be/HBT/6_final.spef line 115283, instance be_mmu/dcache/lce/_22267_ not found.
[WARNING STA-1648] ./results/nangate45_3D/bp_be/HBT/6_final.spef line 115284, instance be_mmu/dcache/lce/_22694_ not found.
[WARNING STA-1648] ./results/nangate45_3D/bp_be/HBT/6_final.spef line 115285, instance be_mmu/dcache/lce/_22738_ not found.
[WARNING STA-1648] ./results/nangate45_3D/bp_be/HBT/6_final.spef line 115286, instance be_mmu/dcache/lce/_20572_ not found.
[WARNING STA-1648] ./results/nangate45_3D/bp_be/HBT/6_final.spef line 115287, instance be_mmu/dcache/lce/_22211_ not found.
[WARNING STA-1648] ./results/nangate45_3D/bp_be/HBT/6_final.spef line 115288, instance be_mmu/dcache/lce/_22933_ not found.
[WARNING STA-1648] ./results/nangate45_3D/bp_be/HBT/6_final.spef line 115289, instance be_mmu/dcache/lce/_22412_ not found.
[WARNING STA-1648] ./results/nangate45_3D/bp_be/HBT/6_final.spef line 115290, instance be_mmu/dcache/lce/_22588_ not found.
[WARNING STA-1648] ./results/nangate45_3D/bp_be/HBT/6_final.spef line 115291, instance be_mmu/dcache/lce/_23109_ not found.
[WARNING STA-1648] ./results/nangate45_3D/bp_be/HBT/6_final.spef line 115292, instance be_mmu/dcache/lce/_22537_ not found.
[WARNING STA-1648] ./results/nangate45_3D/bp_be/HBT/6_final.spef line 115293, instance be_mmu/dcache/lce/_22964_ not found.
[WARNING STA-1648] ./results/nangate45_3D/bp_be/HBT/6_final.spef line 115294, instance be_mmu/dcache/lce/_23058_ not found.
[WARNING STA-1648] ./results/nangate45_3D/bp_be/HBT/6_final.spef line 115295, instance be_mmu/dcache/lce/_22328_ not found.
[WARNING STA-1648] ./results/nangate45_3D/bp_be/HBT/6_final.spef line 115296, instance be_mmu/dcache/lce/_22624_ not found.
[WARNING STA-1648] ./results/nangate45_3D/bp_be/HBT/6_final.spef line 115297, instance be_mmu/dcache/lce/_21574_ not found.
[WARNING STA-1648] ./results/nangate45_3D/bp_be/HBT/6_final.spef line 115298, instance be_mmu/dcache/lce/_22006_ not found.
[WARNING STA-1648] ./results/nangate45_3D/bp_be/HBT/6_final.spef line 115299, instance be_mmu/dcache/lce/_21735_ not found.
[WARNING STA-1648] ./results/nangate45_3D/bp_be/HBT/6_final.spef line 115300, instance be_mmu/dcache/lce/_22925_ not found.
[WARNING STA-1648] ./results/nangate45_3D/bp_be/HBT/6_final.spef line 115301, instance be_mmu/dcache/lce/_22129_ not found.
[WARNING STA-1648] ./results/nangate45_3D/bp_be/HBT/6_final.spef line 115302, instance be_mmu/dcache/lce/_21971_ not found.
[WARNING STA-1648] ./results/nangate45_3D/bp_be/HBT/6_final.spef line 115303, instance be_mmu/dcache/lce/_23145_ not found.
[WARNING STA-1648] ./results/nangate45_3D/bp_be/HBT/6_final.spef line 115304, instance be_mmu/dcache/lce/_21921_ not found.
[WARNING STA-1648] ./results/nangate45_3D/bp_be/HBT/6_final.spef line 115305, instance be_mmu/dcache/lce/_21450_ not found.
[WARNING STA-1648] ./results/nangate45_3D/bp_be/HBT/6_final.spef line 115306, instance be_mmu/dcache/lce/_22368_ not found.
[WARNING STA-1648] ./results/nangate45_3D/bp_be/HBT/6_final.spef line 115307, instance be_mmu/dcache/lce/_21690_ not found.
[WARNING STA-1648] ./results/nangate45_3D/bp_be/HBT/6_final.spef line 115308, instance be_mmu/dcache/lce/_21942_ not found.
[WARNING STA-1648] ./results/nangate45_3D/bp_be/HBT/6_final.spef line 115309, instance be_mmu/dcache/lce/_21421_ not found.
[WARNING STA-1648] ./results/nangate45_3D/bp_be/HBT/6_final.spef line 115310, instance be_mmu/dcache/lce/_22376_ not found.
[WARNING STA-1648] ./results/nangate45_3D/bp_be/HBT/6_final.spef line 115311, instance be_mmu/dcache/lce/_23221_ not found.
[WARNING STA-1648] ./results/nangate45_3D/bp_be/HBT/6_final.spef line 115312, instance be_mmu/dcache/lce/_22700_ not found.
[WARNING STA-1648] ./results/nangate45_3D/bp_be/HBT/6_final.spef line 115313, instance be_mmu/dcache/lce/_21899_ not found.
[WARNING STA-1648] ./results/nangate45_3D/bp_be/HBT/6_final.spef line 115314, instance be_mmu/dcache/lce/_22153_ not found.
[WARNING STA-1648] ./results/nangate45_3D/bp_be/HBT/6_final.spef line 115315, instance be_mmu/dcache/lce/_22893_ not found.
[WARNING STA-1648] ./results/nangate45_3D/bp_be/HBT/6_final.spef line 115316, instance be_mmu/dcache/lce/_22897_ not found.
[WARNING STA-1648] ./results/nangate45_3D/bp_be/HBT/6_final.spef line 115317, instance be_mmu/dcache/lce/_22604_ not found.
[WARNING STA-1648] ./results/nangate45_3D/bp_be/HBT/6_final.spef line 115318, instance be_mmu/dcache/lce/_21608_ not found.
[WARNING STA-1648] ./results/nangate45_3D/bp_be/HBT/6_final.spef line 115319, instance be_mmu/dcache/lce/_21785_ not found.
[WARNING STA-1648] ./results/nangate45_3D/bp_be/HBT/6_final.spef line 115320, instance be_mmu/dcache/lce/_23015_ not found.
[WARNING STA-1648] ./results/nangate45_3D/bp_be/HBT/6_final.spef line 115321, instance be_mmu/dcache/lce/_22404_ not found.
[WARNING STA-1648] ./results/nangate45_3D/bp_be/HBT/6_final.spef line 115322, instance be_mmu/dcache/lce/_21400_ not found.
[WARNING STA-1648] ./results/nangate45_3D/bp_be/HBT/6_final.spef line 115323, instance be_mmu/dcache/lce/_22095_ not found.
[WARNING STA-1648] ./results/nangate45_3D/bp_be/HBT/6_final.spef line 115324, instance be_mmu/dcache/lce/_21439_ not found.
[WARNING STA-1648] ./results/nangate45_3D/bp_be/HBT/6_final.spef line 115325, instance be_mmu/dcache/lce/_22234_ not found.
[WARNING STA-1648] ./results/nangate45_3D/bp_be/HBT/6_final.spef line 115326, instance be_mmu/dcache/lce/_22755_ not found.
[WARNING STA-1648] ./results/nangate45_3D/bp_be/HBT/6_final.spef line 115327, instance be_mmu/dcache/lce/_22432_ not found.
[WARNING STA-1648] ./results/nangate45_3D/bp_be/HBT/6_final.spef line 115328, instance be_mmu/dcache/lce/_21886_ not found.
[WARNING STA-1648] ./results/nangate45_3D/bp_be/HBT/6_final.spef line 115329, instance be_mmu/dcache/lce/_22940_ not found.
[WARNING STA-1648] ./results/nangate45_3D/bp_be/HBT/6_final.spef line 115330, instance be_mmu/dcache/lce/_22333_ not found.
[WARNING STA-1648] ./results/nangate45_3D/bp_be/HBT/6_final.spef line 115331, instance be_mmu/dcache/lce/_22084_ not found.
[WARNING STA-1648] ./results/nangate45_3D/bp_be/HBT/6_final.spef line 115332, instance be_mmu/dcache/lce/_21563_ not found.
[WARNING STA-1648] ./results/nangate45_3D/bp_be/HBT/6_final.spef line 115333, instance be_mmu/dcache/lce/_21365_ not found.
[WARNING STA-1648] ./results/nangate45_3D/bp_be/HBT/6_final.spef line 115334, instance be_mmu/dcache/lce/_21681_ not found.
[WARNING STA-1648] ./results/nangate45_3D/bp_be/HBT/6_final.spef line 115335, instance be_mmu/dcache/lce/_22802_ not found.
[WARNING STA-1648] ./results/nangate45_3D/bp_be/HBT/6_final.spef line 115336, instance be_mmu/dcache/lce/_22398_ not found.
[WARNING STA-1648] ./results/nangate45_3D/bp_be/HBT/6_final.spef line 115337, instance be_mmu/dcache/lce/_22919_ not found.
[WARNING STA-1648] ./results/nangate45_3D/bp_be/HBT/6_final.spef line 115338, instance be_mmu/dcache/lce/_22548_ not found.
[WARNING STA-1648] ./results/nangate45_3D/bp_be/HBT/6_final.spef line 115339, instance be_mmu/dcache/lce/_23200_ not found.
[WARNING STA-1648] ./results/nangate45_3D/bp_be/HBT/6_final.spef line 115340, instance be_mmu/dcache/lce/_23069_ not found.
[WARNING STA-1648] ./results/nangate45_3D/bp_be/HBT/6_final.spef line 115341, instance be_mmu/dcache/lce/_22479_ not found.
[WARNING STA-1648] ./results/nangate45_3D/bp_be/HBT/6_final.spef line 115342, instance be_mmu/dcache/lce/_22672_ not found.
[WARNING STA-1648] ./results/nangate45_3D/bp_be/HBT/6_final.spef line 115343, instance be_mmu/dcache/lce/_21470_ not found.
[WARNING STA-1648] ./results/nangate45_3D/bp_be/HBT/6_final.spef line 115344, instance be_mmu/dcache/lce/_21591_ not found.
[WARNING STA-1648] ./results/nangate45_3D/bp_be/HBT/6_final.spef line 115345, instance be_mmu/dcache/lce/_21540_ not found.
[WARNING STA-1648] ./results/nangate45_3D/bp_be/HBT/6_final.spef line 115346, instance be_mmu/dcache/lce/_22061_ not found.
[WARNING STA-1648] ./results/nangate45_3D/bp_be/HBT/6_final.spef line 115347, instance be_mmu/dcache/lce/_23065_ not found.
[WARNING STA-1648] ./results/nangate45_3D/bp_be/HBT/6_final.spef line 115348, instance be_mmu/dcache/lce/_21668_ not found.
[WARNING STA-1648] ./results/nangate45_3D/bp_be/HBT/6_final.spef line 115349, instance be_mmu/dcache/lce/_22863_ not found.
[WARNING STA-1648] ./results/nangate45_3D/bp_be/HBT/6_final.spef line 115350, instance be_mmu/dcache/lce/_21351_ not found.
[WARNING STA-1648] ./results/nangate45_3D/bp_be/HBT/6_final.spef line 115351, instance be_mmu/dcache/lce/_22077_ not found.
[WARNING STA-1648] ./results/nangate45_3D/bp_be/HBT/6_final.spef line 115352, instance be_mmu/dcache/lce/_21996_ not found.
[WARNING STA-1648] ./results/nangate45_3D/bp_be/HBT/6_final.spef line 115353, instance be_mmu/dcache/lce/_21475_ not found.
[WARNING STA-1648] ./results/nangate45_3D/bp_be/HBT/6_final.spef line 115354, instance be_mmu/dcache/lce/_21556_ not found.
[WARNING STA-1648] ./results/nangate45_3D/bp_be/HBT/6_final.spef line 115355, instance be_mmu/dcache/lce/_22876_ not found.
[WARNING STA-1648] ./results/nangate45_3D/bp_be/HBT/6_final.spef line 115356, instance be_mmu/dcache/lce/_22112_ not found.
[WARNING STA-1648] ./results/nangate45_3D/bp_be/HBT/6_final.spef line 115357, instance be_mmu/dcache/lce/_22355_ not found.
[WARNING STA-1648] ./results/nangate45_3D/bp_be/HBT/6_final.spef line 115358, instance be_mmu/dcache/lce/_21859_ not found.
[WARNING STA-1648] ./results/nangate45_3D/bp_be/HBT/6_final.spef line 115359, instance be_mmu/dcache/lce/_21423_ not found.
[WARNING STA-1648] ./results/nangate45_3D/bp_be/HBT/6_final.spef line 115360, instance be_mmu/dcache/lce/_21325_ not found.
[WARNING STA-1648] ./results/nangate45_3D/bp_be/HBT/6_final.spef line 115361, instance be_mmu/dcache/lce/_21336_ not found.
[WARNING STA-1648] ./results/nangate45_3D/bp_be/HBT/6_final.spef line 115362, instance be_mmu/dcache/lce/_21944_ not found.
[WARNING STA-1648] ./results/nangate45_3D/bp_be/HBT/6_final.spef line 115363, instance be_mmu/dcache/lce/_22196_ not found.
[WARNING STA-1648] ./results/nangate45_3D/bp_be/HBT/6_final.spef line 115364, instance be_mmu/dcache/lce/_21701_ not found.
[WARNING STA-1648] ./results/nangate45_3D/bp_be/HBT/6_final.spef line 115365, instance be_mmu/dcache/lce/_21177_ not found.
[WARNING STA-1648] ./results/nangate45_3D/bp_be/HBT/6_final.spef line 115366, instance be_mmu/dcache/lce/_22951_ not found.
[WARNING STA-1648] ./results/nangate45_3D/bp_be/HBT/6_final.spef line 115367, instance be_mmu/dcache/lce/_21675_ not found.
[WARNING STA-1648] ./results/nangate45_3D/bp_be/HBT/6_final.spef line 115368, instance be_mmu/dcache/lce/_22704_ not found.
[WARNING STA-1648] ./results/nangate45_3D/bp_be/HBT/6_final.spef line 115369, instance be_mmu/dcache/lce/_20538_ not found.
[WARNING STA-1648] ./results/nangate45_3D/bp_be/HBT/6_final.spef line 115370, instance be_mmu/dcache/lce/_23142_ not found.
[WARNING STA-1648] ./results/nangate45_3D/bp_be/HBT/6_final.spef line 115371, instance be_mmu/dcache/lce/_21233_ not found.
[WARNING STA-1648] ./results/nangate45_3D/bp_be/HBT/6_final.spef line 115372, instance be_mmu/dcache/lce/_22350_ not found.
[WARNING STA-1648] ./results/nangate45_3D/bp_be/HBT/6_final.spef line 115373, instance be_mmu/dcache/lce/_21867_ not found.
[WARNING STA-1648] ./results/nangate45_3D/bp_be/HBT/6_final.spef line 115374, instance be_mmu/dcache/lce/_22871_ not found.
[WARNING STA-1648] ./results/nangate45_3D/bp_be/HBT/6_final.spef line 115375, instance be_mmu/dcache/lce/_21846_ not found.
[WARNING STA-1648] ./results/nangate45_3D/bp_be/HBT/6_final.spef line 115376, instance be_mmu/dcache/lce/_21754_ not found.
[WARNING STA-1648] ./results/nangate45_3D/bp_be/HBT/6_final.spef line 115377, instance be_mmu/dcache/lce/_21941_ not found.
[WARNING STA-1648] ./results/nangate45_3D/bp_be/HBT/6_final.spef line 115378, instance be_mmu/dcache/lce/_21420_ not found.
[WARNING STA-1648] ./results/nangate45_3D/bp_be/HBT/6_final.spef line 115379, instance be_mmu/dcache/lce/_21409_ not found.
[WARNING STA-1648] ./results/nangate45_3D/bp_be/HBT/6_final.spef line 115380, instance be_mmu/dcache/lce/_21930_ not found.
[WARNING STA-1648] ./results/nangate45_3D/bp_be/HBT/6_final.spef line 115381, instance be_mmu/dcache/lce/_22621_ not found.
[WARNING STA-1648] ./results/nangate45_3D/bp_be/HBT/6_final.spef line 115382, instance be_mmu/dcache/lce/_21286_ not found.
[WARNING STA-1648] ./results/nangate45_3D/bp_be/HBT/6_final.spef line 115383, instance be_mmu/dcache/lce/_22945_ not found.
[WARNING STA-1648] ./results/nangate45_3D/bp_be/HBT/6_final.spef line 115384, instance be_mmu/dcache/lce/_22424_ not found.
[WARNING STA-1648] ./results/nangate45_3D/bp_be/HBT/6_final.spef line 115385, instance be_mmu/dcache/lce/_21657_ not found.
[WARNING STA-1648] ./results/nangate45_3D/bp_be/HBT/6_final.spef line 115386, instance be_mmu/dcache/lce/_22178_ not found.
[WARNING STA-1648] ./results/nangate45_3D/bp_be/HBT/6_final.spef line 115387, instance be_mmu/dcache/lce/_22934_ not found.
[WARNING STA-1648] ./results/nangate45_3D/bp_be/HBT/6_final.spef line 115388, instance be_mmu/dcache/lce/_22055_ not found.
[WARNING STA-1648] ./results/nangate45_3D/bp_be/HBT/6_final.spef line 115389, instance be_mmu/dcache/lce/_22413_ not found.
[WARNING STA-1648] ./results/nangate45_3D/bp_be/HBT/6_final.spef line 115390, instance be_mmu/dcache/lce/_21486_ not found.
[WARNING STA-1648] ./results/nangate45_3D/bp_be/HBT/6_final.spef line 115391, instance be_mmu/dcache/lce/_22007_ not found.
[WARNING STA-1648] ./results/nangate45_3D/bp_be/HBT/6_final.spef line 115392, instance be_mmu/dcache/lce/_21534_ not found.
[WARNING STA-1648] ./results/nangate45_3D/bp_be/HBT/6_final.spef line 115393, instance be_mmu/dcache/lce/_21872_ not found.
[WARNING STA-1648] ./results/nangate45_3D/bp_be/HBT/6_final.spef line 115394, instance be_mmu/dcache/lce/_21338_ not found.
[WARNING STA-1648] ./results/nangate45_3D/bp_be/HBT/6_final.spef line 115395, instance be_mmu/dcache/lce/_21190_ not found.
[WARNING STA-1648] ./results/nangate45_3D/bp_be/HBT/6_final.spef line 115396, instance be_mmu/dcache/lce/_21714_ not found.
[WARNING STA-1648] ./results/nangate45_3D/bp_be/HBT/6_final.spef line 115397, instance be_mmu/dcache/lce/_22342_ not found.
[WARNING STA-1648] ./results/nangate45_3D/bp_be/HBT/6_final.spef line 115398, instance be_mmu/dcache/lce/_21991_ not found.
[WARNING STA-1648] ./results/nangate45_3D/bp_be/HBT/6_final.spef line 115399, instance be_mmu/dcache/lce/_22189_ not found.
[WARNING STA-1648] ./results/nangate45_3D/bp_be/HBT/6_final.spef line 115400, instance be_mmu/dcache/lce/_22544_ not found.
[WARNING STA-1648] ./results/nangate45_3D/bp_be/HBT/6_final.spef line 115401, instance be_mmu/dcache/lce/_23193_ not found.
[WARNING STA-1648] ./results/nangate45_3D/bp_be/HBT/6_final.spef line 115402, instance be_mmu/dcache/lce/_22474_ not found.
[WARNING STA-1648] ./results/nangate45_3D/bp_be/HBT/6_final.spef line 115403, instance be_mmu/dcache/lce/_22995_ not found.
[WARNING STA-1648] ./results/nangate45_3D/bp_be/HBT/6_final.spef line 115404, instance be_mmu/dcache/lce/_22801_ not found.
[WARNING STA-1648] ./results/nangate45_3D/bp_be/HBT/6_final.spef line 115405, instance be_mmu/dcache/lce/_23162_ not found.
[WARNING STA-1648] ./results/nangate45_3D/bp_be/HBT/6_final.spef line 115406, instance be_mmu/dcache/lce/_22575_ not found.
[WARNING STA-1648] ./results/nangate45_3D/bp_be/HBT/6_final.spef line 115407, instance be_mmu/dcache/lce/_23178_ not found.
[WARNING STA-1648] ./results/nangate45_3D/bp_be/HBT/6_final.spef line 115408, instance be_mmu/dcache/lce/_22245_ not found.
[WARNING STA-1648] ./results/nangate45_3D/bp_be/HBT/6_final.spef line 115409, instance be_mmu/dcache/lce/_21781_ not found.
[WARNING STA-1648] ./results/nangate45_3D/bp_be/HBT/6_final.spef line 115410, instance be_mmu/dcache/lce/_22027_ not found.
[WARNING STA-1648] ./results/nangate45_3D/bp_be/HBT/6_final.spef line 115411, instance be_mmu/dcache/lce/_21260_ not found.
[WARNING STA-1648] ./results/nangate45_3D/bp_be/HBT/6_final.spef line 115412, instance be_mmu/dcache/lce/_22510_ not found.
[WARNING STA-1648] ./results/nangate45_3D/bp_be/HBT/6_final.spef line 115413, instance be_mmu/dcache/lce/_23031_ not found.
[WARNING STA-1648] ./results/nangate45_3D/bp_be/HBT/6_final.spef line 115414, instance be_mmu/dcache/lce/_22304_ not found.
[WARNING STA-1648] ./results/nangate45_3D/bp_be/HBT/6_final.spef line 115415, instance be_mmu/dcache/lce/_21506_ not found.
[WARNING STA-1648] ./results/nangate45_3D/bp_be/HBT/6_final.spef line 115416, instance be_mmu/dcache/lce/_21210_ not found.
[WARNING STA-1648] ./results/nangate45_3D/bp_be/HBT/6_final.spef line 115417, instance be_mmu/dcache/lce/_21821_ not found.
[WARNING STA-1648] ./results/nangate45_3D/bp_be/HBT/6_final.spef line 115418, instance be_mmu/dcache/lce/_22825_ not found.
[WARNING STA-1648] ./results/nangate45_3D/bp_be/HBT/6_final.spef line 115419, instance be_mmu/dcache/lce/_21311_ not found.
[WARNING STA-1648] ./results/nangate45_3D/bp_be/HBT/6_final.spef line 115420, instance be_mmu/dcache/lce/_21832_ not found.
[WARNING STA-1648] ./results/nangate45_3D/bp_be/HBT/6_final.spef line 115421, instance be_mmu/dcache/lce/_21300_ not found.
[WARNING STA-1648] ./results/nangate45_3D/bp_be/HBT/6_final.spef line 115422, instance be_mmu/dcache/lce/_21734_ not found.
[WARNING STA-1648] ./results/nangate45_3D/bp_be/HBT/6_final.spef line 115423, instance be_mmu/dcache/lce/_23043_ not found.
[WARNING STA-1648] ./results/nangate45_3D/bp_be/HBT/6_final.spef line 115424, instance be_mmu/dcache/lce/_21518_ not found.
[WARNING STA-1648] ./results/nangate45_3D/bp_be/HBT/6_final.spef line 115425, instance be_mmu/dcache/lce/_21219_ not found.
[WARNING STA-1648] ./results/nangate45_3D/bp_be/HBT/6_final.spef line 115426, instance be_mmu/dcache/lce/_21740_ not found.
[WARNING STA-1648] ./results/nangate45_3D/bp_be/HBT/6_final.spef line 115427, instance be_mmu/dcache/lce/_22039_ not found.
[WARNING STA-1648] ./results/nangate45_3D/bp_be/HBT/6_final.spef line 115428, instance be_mmu/dcache/lce/_23033_ not found.
[WARNING STA-1648] ./results/nangate45_3D/bp_be/HBT/6_final.spef line 115429, instance be_mmu/dcache/lce/_22690_ not found.
[WARNING STA-1648] ./results/nangate45_3D/bp_be/HBT/6_final.spef line 115430, instance be_mmu/dcache/lce/_23211_ not found.
[WARNING STA-1648] ./results/nangate45_3D/bp_be/HBT/6_final.spef line 115431, instance be_mmu/dcache/lce/_22174_ not found.
[WARNING STA-1648] ./results/nangate45_3D/bp_be/HBT/6_final.spef line 115432, instance be_mmu/dcache/lce/_22207_ not found.
[WARNING STA-1648] ./results/nangate45_3D/bp_be/HBT/6_final.spef line 115433, instance be_mmu/dcache/lce/_21686_ not found.
[WARNING STA-1648] ./results/nangate45_3D/bp_be/HBT/6_final.spef line 115434, instance be_mmu/dcache/lce/_21956_ not found.
[WARNING STA-1648] ./results/nangate45_3D/bp_be/HBT/6_final.spef line 115435, instance be_mmu/dcache/lce/_22222_ not found.
[WARNING STA-1648] ./results/nangate45_3D/bp_be/HBT/6_final.spef line 115436, instance be_mmu/dcache/lce/_21795_ not found.
[WARNING STA-1648] ./results/nangate45_3D/bp_be/HBT/6_final.spef line 115437, instance be_mmu/dcache/lce/_21769_ not found.
[WARNING STA-1648] ./results/nangate45_3D/bp_be/HBT/6_final.spef line 115438, instance be_mmu/dcache/lce/_22798_ not found.
[WARNING STA-1648] ./results/nangate45_3D/bp_be/HBT/6_final.spef line 115439, instance be_mmu/dcache/lce/_22522_ not found.
[WARNING STA-1648] ./results/nangate45_3D/bp_be/HBT/6_final.spef line 115440, instance be_mmu/dcache/lce/_22274_ not found.
[WARNING STA-1648] ./results/nangate45_3D/bp_be/HBT/6_final.spef line 115441, instance be_mmu/dcache/lce/_23091_ not found.
[WARNING STA-1648] ./results/nangate45_3D/bp_be/HBT/6_final.spef line 115442, instance be_mmu/dcache/lce/_22795_ not found.
[WARNING STA-1648] ./results/nangate45_3D/bp_be/HBT/6_final.spef line 115443, instance be_mmu/dcache/lce/_22570_ not found.
[WARNING STA-1648] ./results/nangate45_3D/bp_be/HBT/6_final.spef line 115444, instance be_mmu/dcache/lce/_23032_ not found.
[WARNING STA-1648] ./results/nangate45_3D/bp_be/HBT/6_final.spef line 115445, instance be_mmu/dcache/lce/_22511_ not found.
[WARNING STA-1648] ./results/nangate45_3D/bp_be/HBT/6_final.spef line 115446, instance be_mmu/dcache/lce/_22028_ not found.
[WARNING STA-1648] ./results/nangate45_3D/bp_be/HBT/6_final.spef line 115447, instance be_mmu/dcache/lce/_22277_ not found.
[WARNING STA-1648] ./results/nangate45_3D/bp_be/HBT/6_final.spef line 115448, instance be_mmu/dcache/lce/_21507_ not found.
[WARNING STA-1648] ./results/nangate45_3D/bp_be/HBT/6_final.spef line 115449, instance be_mmu/dcache/lce/_22743_ not found.
[WARNING STA-1648] ./results/nangate45_3D/bp_be/HBT/6_final.spef line 115450, instance be_mmu/dcache/lce/_21274_ not found.
[WARNING STA-1648] ./results/nangate45_3D/bp_be/HBT/6_final.spef line 115451, instance be_mmu/dcache/lce/_22029_ not found.
[WARNING STA-1648] ./results/nangate45_3D/bp_be/HBT/6_final.spef line 115452, instance be_mmu/dcache/lce/_21435_ not found.
[WARNING STA-1648] ./results/nangate45_3D/bp_be/HBT/6_final.spef line 115453, instance be_mmu/dcache/lce/_21854_ not found.
[WARNING STA-1648] ./results/nangate45_3D/bp_be/HBT/6_final.spef line 115454, instance be_mmu/dcache/lce/_21242_ not found.
[WARNING STA-1648] ./results/nangate45_3D/bp_be/HBT/6_final.spef line 115455, instance be_mmu/dcache/lce/_22439_ not found.
[WARNING STA-1648] ./results/nangate45_3D/bp_be/HBT/6_final.spef line 115456, instance be_mmu/dcache/lce/_22960_ not found.
[WARNING STA-1648] ./results/nangate45_3D/bp_be/HBT/6_final.spef line 115457, instance be_mmu/dcache/lce/_22675_ not found.
[WARNING STA-1648] ./results/nangate45_3D/bp_be/HBT/6_final.spef line 115458, instance be_mmu/dcache/lce/_23196_ not found.
[WARNING STA-1648] ./results/nangate45_3D/bp_be/HBT/6_final.spef line 115459, instance be_mmu/dcache/lce/_23219_ not found.
[WARNING STA-1648] ./results/nangate45_3D/bp_be/HBT/6_final.spef line 115460, instance be_mmu/dcache/lce/_22698_ not found.
[WARNING STA-1648] ./results/nangate45_3D/bp_be/HBT/6_final.spef line 115461, instance be_mmu/dcache/lce/_22750_ not found.
[WARNING STA-1648] ./results/nangate45_3D/bp_be/HBT/6_final.spef line 115462, instance be_mmu/dcache/lce/_22496_ not found.
[WARNING STA-1648] ./results/nangate45_3D/bp_be/HBT/6_final.spef line 115463, instance be_mmu/dcache/lce/_23017_ not found.
[WARNING STA-1648] ./results/nangate45_3D/bp_be/HBT/6_final.spef line 115464, instance be_mmu/dcache/lce/_22013_ not found.
[WARNING STA-1648] ./results/nangate45_3D/bp_be/HBT/6_final.spef line 115465, instance be_mmu/dcache/lce/_22748_ not found.
[WARNING STA-1648] ./results/nangate45_3D/bp_be/HBT/6_final.spef line 115466, instance be_mmu/dcache/lce/_22229_ not found.
[WARNING STA-1648] ./results/nangate45_3D/bp_be/HBT/6_final.spef line 115467, instance be_mmu/dcache/lce/_21492_ not found.
[WARNING STA-1648] ./results/nangate45_3D/bp_be/HBT/6_final.spef line 115468, instance be_mmu/dcache/lce/_22365_ not found.
[WARNING STA-1648] ./results/nangate45_3D/bp_be/HBT/6_final.spef line 115469, instance be_mmu/dcache/lce/_22874_ not found.
[WARNING STA-1648] ./results/nangate45_3D/bp_be/HBT/6_final.spef line 115470, instance be_mmu/dcache/lce/_21543_ not found.
[WARNING STA-1648] ./results/nangate45_3D/bp_be/HBT/6_final.spef line 115471, instance be_mmu/dcache/lce/_23197_ not found.
[WARNING STA-1648] ./results/nangate45_3D/bp_be/HBT/6_final.spef line 115472, instance be_mmu/dcache/lce/_21288_ not found.
[WARNING STA-1648] ./results/nangate45_3D/bp_be/HBT/6_final.spef line 115473, instance be_mmu/dcache/lce/_21809_ not found.
[WARNING STA-1648] ./results/nangate45_3D/bp_be/HBT/6_final.spef line 115474, instance be_mmu/dcache/lce/_22064_ not found.
[WARNING STA-1648] ./results/nangate45_3D/bp_be/HBT/6_final.spef line 115475, instance be_mmu/dcache/lce/_22609_ not found.
[WARNING STA-1648] ./results/nangate45_3D/bp_be/HBT/6_final.spef line 115476, instance be_mmu/dcache/lce/_21331_ not found.
[WARNING STA-1648] ./results/nangate45_3D/bp_be/HBT/6_final.spef line 115477, instance be_mmu/dcache/lce/_22227_ not found.
[WARNING STA-1648] ./results/nangate45_3D/bp_be/HBT/6_final.spef line 115478, instance be_mmu/dcache/lce/_21523_ not found.
[WARNING STA-1648] ./results/nangate45_3D/bp_be/HBT/6_final.spef line 115479, instance be_mmu/dcache/lce/_22044_ not found.
[WARNING STA-1648] ./results/nangate45_3D/bp_be/HBT/6_final.spef line 115480, instance be_mmu/dcache/lce/_22857_ not found.
[WARNING STA-1648] ./results/nangate45_3D/bp_be/HBT/6_final.spef line 115481, instance be_mmu/dcache/lce/_23062_ not found.
[WARNING STA-1648] ./results/nangate45_3D/bp_be/HBT/6_final.spef line 115482, instance be_mmu/dcache/lce/_22193_ not found.
[WARNING STA-1648] ./results/nangate45_3D/bp_be/HBT/6_final.spef line 115483, instance be_mmu/dcache/lce/_22336_ not found.
[WARNING STA-1648] ./results/nangate45_3D/bp_be/HBT/6_final.spef line 115484, instance be_mmu/dcache/lce/_21568_ not found.
[WARNING STA-1648] ./results/nangate45_3D/bp_be/HBT/6_final.spef line 115485, instance be_mmu/dcache/lce/_22717_ not found.
[WARNING STA-1648] ./results/nangate45_3D/bp_be/HBT/6_final.spef line 115486, instance be_mmu/dcache/lce/_22380_ not found.
[WARNING STA-1648] ./results/nangate45_3D/bp_be/HBT/6_final.spef line 115487, instance be_mmu/dcache/lce/_21852_ not found.
[WARNING STA-1648] ./results/nangate45_3D/bp_be/HBT/6_final.spef line 115488, instance be_mmu/dcache/lce/_21287_ not found.
[WARNING STA-1648] ./results/nangate45_3D/bp_be/HBT/6_final.spef line 115489, instance be_mmu/dcache/lce/_21410_ not found.
[WARNING STA-1648] ./results/nangate45_3D/bp_be/HBT/6_final.spef line 115490, instance be_mmu/dcache/lce/_22811_ not found.
[WARNING STA-1648] ./results/nangate45_3D/bp_be/HBT/6_final.spef line 115491, instance be_mmu/dcache/lce/_23133_ not found.
[WARNING STA-1648] ./results/nangate45_3D/bp_be/HBT/6_final.spef line 115492, instance be_mmu/dcache/lce/_22612_ not found.
[WARNING STA-1648] ./results/nangate45_3D/bp_be/HBT/6_final.spef line 115493, instance be_mmu/dcache/lce/_23068_ not found.
[WARNING STA-1648] ./results/nangate45_3D/bp_be/HBT/6_final.spef line 115494, instance be_mmu/dcache/lce/_22290_ not found.
[WARNING STA-1648] ./results/nangate45_3D/bp_be/HBT/6_final.spef line 115495, instance be_mmu/dcache/lce/_22901_ not found.
[WARNING STA-1648] ./results/nangate45_3D/bp_be/HBT/6_final.spef line 115496, instance be_mmu/dcache/lce/_23164_ not found.
[WARNING STA-1648] ./results/nangate45_3D/bp_be/HBT/6_final.spef line 115497, instance be_mmu/dcache/lce/_21639_ not found.
[WARNING STA-1648] ./results/nangate45_3D/bp_be/HBT/6_final.spef line 115498, instance be_mmu/dcache/lce/_22643_ not found.
[WARNING STA-1648] ./results/nangate45_3D/bp_be/HBT/6_final.spef line 115499, instance be_mmu/dcache/lce/_22089_ not found.
[WARNING STA-1648] ./results/nangate45_3D/bp_be/HBT/6_final.spef line 115500, instance be_mmu/dcache/lce/_23130_ not found.
[WARNING STA-1648] ./results/nangate45_3D/bp_be/HBT/6_final.spef line 115501, instance be_mmu/dcache/lce/_22223_ not found.
[WARNING STA-1648] ./results/nangate45_3D/bp_be/HBT/6_final.spef line 115502, instance be_mmu/dcache/lce/_22886_ not found.
[WARNING STA-1648] ./results/nangate45_3D/bp_be/HBT/6_final.spef line 115503, instance be_mmu/dcache/lce/_22337_ not found.
[WARNING STA-1648] ./results/nangate45_3D/bp_be/HBT/6_final.spef line 115504, instance be_mmu/dcache/lce/_22858_ not found.
[WARNING STA-1648] ./results/nangate45_3D/bp_be/HBT/6_final.spef line 115505, instance be_mmu/dcache/lce/_21333_ not found.
[WARNING STA-1648] ./results/nangate45_3D/bp_be/HBT/6_final.spef line 115506, instance be_mmu/dcache/lce/_21508_ not found.
[WARNING STA-1648] ./results/nangate45_3D/bp_be/HBT/6_final.spef line 115507, instance be_mmu/dcache/lce/_21865_ not found.
[WARNING STA-1648] ./results/nangate45_3D/bp_be/HBT/6_final.spef line 115508, instance be_mmu/dcache/lce/_21917_ not found.
[WARNING STA-1648] ./results/nangate45_3D/bp_be/HBT/6_final.spef line 115509, instance be_mmu/dcache/lce/_21344_ not found.
[WARNING STA-1648] ./results/nangate45_3D/bp_be/HBT/6_final.spef line 115510, instance be_mmu/dcache/lce/_22348_ not found.
[WARNING STA-1648] ./results/nangate45_3D/bp_be/HBT/6_final.spef line 115511, instance be_mmu/dcache/lce/_22869_ not found.
[WARNING STA-1648] ./results/nangate45_3D/bp_be/HBT/6_final.spef line 115512, instance be_mmu/dcache/lce/_20565_ not found.
[WARNING STA-1648] ./results/nangate45_3D/bp_be/HBT/6_final.spef line 115513, instance be_mmu/dcache/lce/_21204_ not found.
[WARNING STA-1648] ./results/nangate45_3D/bp_be/HBT/6_final.spef line 115514, instance be_mmu/dcache/lce/_21361_ not found.
[WARNING STA-1648] ./results/nangate45_3D/bp_be/HBT/6_final.spef line 115515, instance be_mmu/dcache/lce/_23023_ not found.
[WARNING STA-1648] ./results/nangate45_3D/bp_be/HBT/6_final.spef line 115516, instance be_mmu/dcache/lce/_21396_ not found.
[WARNING STA-1648] ./results/nangate45_3D/bp_be/HBT/6_final.spef line 115517, instance be_mmu/dcache/lce/_21248_ not found.
[WARNING STA-1648] ./results/nangate45_3D/bp_be/HBT/6_final.spef line 115518, instance be_mmu/dcache/lce/_22251_ not found.
[WARNING STA-1648] ./results/nangate45_3D/bp_be/HBT/6_final.spef line 115519, instance be_mmu/dcache/lce/_22772_ not found.
[WARNING STA-1648] ./results/nangate45_3D/bp_be/HBT/6_final.spef line 115520, instance be_mmu/dcache/lce/_22921_ not found.
[WARNING STA-1648] ./results/nangate45_3D/bp_be/HBT/6_final.spef line 115521, instance be_mmu/dcache/lce/_22400_ not found.
[WARNING STA-1648] ./results/nangate45_3D/bp_be/HBT/6_final.spef line 115522, instance be_mmu/dcache/lce/_21910_ not found.
[WARNING STA-1648] ./results/nangate45_3D/bp_be/HBT/6_final.spef line 115523, instance be_mmu/dcache/lce/_22914_ not found.
[WARNING STA-1648] ./results/nangate45_3D/bp_be/HBT/6_final.spef line 115524, instance be_mmu/dcache/lce/_21389_ not found.
[WARNING STA-1648] ./results/nangate45_3D/bp_be/HBT/6_final.spef line 115525, instance be_mmu/dcache/lce/_22689_ not found.
[WARNING STA-1648] ./results/nangate45_3D/bp_be/HBT/6_final.spef line 115526, instance be_mmu/dcache/lce/_23210_ not found.
[WARNING STA-1648] ./results/nangate45_3D/bp_be/HBT/6_final.spef line 115527, instance be_mmu/dcache/lce/_22393_ not found.
[WARNING STA-1648] ./results/nangate45_3D/bp_be/HBT/6_final.spef line 115528, instance be_mmu/dcache/lce/_21685_ not found.
[WARNING STA-1648] ./results/nangate45_3D/bp_be/HBT/6_final.spef line 115529, instance be_mmu/dcache/lce/_22218_ not found.
[WARNING STA-1648] ./results/nangate45_3D/bp_be/HBT/6_final.spef line 115530, instance be_mmu/dcache/lce/_22206_ not found.
[WARNING STA-1648] ./results/nangate45_3D/bp_be/HBT/6_final.spef line 115531, instance be_mmu/dcache/lce/_22108_ not found.
[WARNING STA-1648] ./results/nangate45_3D/bp_be/HBT/6_final.spef line 115532, instance be_mmu/dcache/lce/_22163_ not found.
[WARNING STA-1648] ./results/nangate45_3D/bp_be/HBT/6_final.spef line 115533, instance be_mmu/dcache/lce/_22040_ not found.
[WARNING STA-1648] ./results/nangate45_3D/bp_be/HBT/6_final.spef line 115534, instance be_mmu/dcache/lce/_22523_ not found.
[WARNING STA-1648] ./results/nangate45_3D/bp_be/HBT/6_final.spef line 115535, instance be_mmu/dcache/lce/_23044_ not found.
[WARNING STA-1648] ./results/nangate45_3D/bp_be/HBT/6_final.spef line 115536, instance be_mmu/dcache/lce/_22695_ not found.
[WARNING STA-1648] ./results/nangate45_3D/bp_be/HBT/6_final.spef line 115537, instance be_mmu/dcache/lce/_22091_ not found.
[WARNING STA-1648] ./results/nangate45_3D/bp_be/HBT/6_final.spef line 115538, instance be_mmu/dcache/lce/_21570_ not found.
[WARNING STA-1648] ./results/nangate45_3D/bp_be/HBT/6_final.spef line 115539, instance be_mmu/dcache/lce/_23216_ not found.
[WARNING STA-1648] ./results/nangate45_3D/bp_be/HBT/6_final.spef line 115540, instance be_mmu/dcache/lce/_23198_ not found.
[WARNING STA-1648] ./results/nangate45_3D/bp_be/HBT/6_final.spef line 115541, instance be_mmu/dcache/lce/_22677_ not found.
[WARNING STA-1648] ./results/nangate45_3D/bp_be/HBT/6_final.spef line 115542, instance be_mmu/dcache/lce/_22865_ not found.
[WARNING STA-1648] ./results/nangate45_3D/bp_be/HBT/6_final.spef line 115543, instance be_mmu/dcache/lce/_21222_ not found.
[WARNING STA-1648] ./results/nangate45_3D/bp_be/HBT/6_final.spef line 115544, instance be_mmu/dcache/lce/_21906_ not found.
[WARNING STA-1648] ./results/nangate45_3D/bp_be/HBT/6_final.spef line 115545, instance be_mmu/dcache/lce/_22746_ not found.
[WARNING STA-1648] ./results/nangate45_3D/bp_be/HBT/6_final.spef line 115546, instance be_mmu/dcache/lce/_22025_ not found.
[WARNING STA-1648] ./results/nangate45_3D/bp_be/HBT/6_final.spef line 115547, instance be_mmu/dcache/lce/_22082_ not found.
[WARNING STA-1648] ./results/nangate45_3D/bp_be/HBT/6_final.spef line 115548, instance be_mmu/dcache/lce/_23086_ not found.
[WARNING STA-1648] ./results/nangate45_3D/bp_be/HBT/6_final.spef line 115549, instance be_mmu/dcache/lce/_22910_ not found.
[WARNING STA-1648] ./results/nangate45_3D/bp_be/HBT/6_final.spef line 115550, instance be_mmu/dcache/lce/_22396_ not found.
[WARNING STA-1648] ./results/nangate45_3D/bp_be/HBT/6_final.spef line 115551, instance be_mmu/dcache/lce/_22565_ not found.
[WARNING STA-1648] ./results/nangate45_3D/bp_be/HBT/6_final.spef line 115552, instance be_mmu/dcache/lce/_22744_ not found.
[WARNING STA-1648] ./results/nangate45_3D/bp_be/HBT/6_final.spef line 115553, instance be_mmu/dcache/lce/_21741_ not found.
[WARNING STA-1648] ./results/nangate45_3D/bp_be/HBT/6_final.spef line 115554, instance be_mmu/dcache/lce/_21561_ not found.
[WARNING STA-1648] ./results/nangate45_3D/bp_be/HBT/6_final.spef line 115555, instance be_mmu/dcache/lce/_21220_ not found.
[WARNING STA-1648] ./results/nangate45_3D/bp_be/HBT/6_final.spef line 115556, instance be_mmu/dcache/lce/_21504_ not found.
[WARNING STA-1648] ./results/nangate45_3D/bp_be/HBT/6_final.spef line 115557, instance be_mmu/dcache/lce/_22586_ not found.
[WARNING STA-1648] ./results/nangate45_3D/bp_be/HBT/6_final.spef line 115558, instance be_mmu/dcache/lce/_22103_ not found.
[WARNING STA-1648] ./results/nangate45_3D/bp_be/HBT/6_final.spef line 115559, instance be_mmu/dcache/lce/_21861_ not found.
[WARNING STA-1648] ./results/nangate45_3D/bp_be/HBT/6_final.spef line 115560, instance be_mmu/dcache/lce/_21582_ not found.
[WARNING STA-1648] ./results/nangate45_3D/bp_be/HBT/6_final.spef line 115561, instance be_mmu/dcache/lce/_21226_ not found.
[WARNING STA-1648] ./results/nangate45_3D/bp_be/HBT/6_final.spef line 115562, instance be_mmu/dcache/lce/_21743_ not found.
[WARNING STA-1648] ./results/nangate45_3D/bp_be/HBT/6_final.spef line 115563, instance be_mmu/dcache/lce/_21849_ not found.
[WARNING STA-1648] ./results/nangate45_3D/bp_be/HBT/6_final.spef line 115564, instance be_mmu/dcache/lce/_22853_ not found.
[WARNING STA-1648] ./results/nangate45_3D/bp_be/HBT/6_final.spef line 115565, instance be_mmu/dcache/lce/_21328_ not found.
[WARNING STA-1648] ./results/nangate45_3D/bp_be/HBT/6_final.spef line 115566, instance be_mmu/dcache/lce/_22017_ not found.
[WARNING STA-1648] ./results/nangate45_3D/bp_be/HBT/6_final.spef line 115567, instance be_mmu/dcache/lce/_22225_ not found.
[WARNING STA-1648] ./results/nangate45_3D/bp_be/HBT/6_final.spef line 115568, instance be_mmu/dcache/lce/_21385_ not found.
[WARNING STA-1648] ./results/nangate45_3D/bp_be/HBT/6_final.spef line 115569, instance be_mmu/dcache/lce/_21496_ not found.
[WARNING STA-1648] ./results/nangate45_3D/bp_be/HBT/6_final.spef line 115570, instance be_mmu/dcache/lce/_21555_ not found.
[WARNING STA-1648] ./results/nangate45_3D/bp_be/HBT/6_final.spef line 115571, instance be_mmu/dcache/lce/_21756_ not found.
[WARNING STA-1648] ./results/nangate45_3D/bp_be/HBT/6_final.spef line 115572, instance be_mmu/dcache/lce/_21235_ not found.
[WARNING STA-1648] ./results/nangate45_3D/bp_be/HBT/6_final.spef line 115573, instance be_mmu/dcache/lce/_21751_ not found.
[WARNING STA-1648] ./results/nangate45_3D/bp_be/HBT/6_final.spef line 115574, instance be_mmu/dcache/lce/_22497_ not found.
[WARNING STA-1648] ./results/nangate45_3D/bp_be/HBT/6_final.spef line 115575, instance be_mmu/dcache/lce/_23080_ not found.
[WARNING STA-1648] ./results/nangate45_3D/bp_be/HBT/6_final.spef line 115576, instance be_mmu/dcache/lce/_22440_ not found.
[WARNING STA-1648] ./results/nangate45_3D/bp_be/HBT/6_final.spef line 115577, instance be_mmu/dcache/lce/_21224_ not found.
[WARNING STA-1648] ./results/nangate45_3D/bp_be/HBT/6_final.spef line 115578, instance be_mmu/dcache/lce/_22303_ not found.
[WARNING STA-1648] ./results/nangate45_3D/bp_be/HBT/6_final.spef line 115579, instance be_mmu/dcache/lce/_22824_ not found.
[WARNING STA-1648] ./results/nangate45_3D/bp_be/HBT/6_final.spef line 115580, instance be_mmu/dcache/lce/_22961_ not found.
[WARNING STA-1648] ./results/nangate45_3D/bp_be/HBT/6_final.spef line 115581, instance be_mmu/dcache/lce/_21957_ not found.
[WARNING STA-1648] ./results/nangate45_3D/bp_be/HBT/6_final.spef line 115582, instance be_mmu/dcache/lce/_21436_ not found.
[WARNING STA-1648] ./results/nangate45_3D/bp_be/HBT/6_final.spef line 115583, instance be_mmu/dcache/lce/_23018_ not found.
[WARNING STA-1648] ./results/nangate45_3D/bp_be/HBT/6_final.spef line 115584, instance be_mmu/dcache/lce/_22052_ not found.
[WARNING STA-1648] ./results/nangate45_3D/bp_be/HBT/6_final.spef line 115585, instance be_mmu/dcache/lce/_21531_ not found.
[WARNING STA-1648] ./results/nangate45_3D/bp_be/HBT/6_final.spef line 115586, instance be_mmu/dcache/lce/_21973_ not found.
[WARNING STA-1648] ./results/nangate45_3D/bp_be/HBT/6_final.spef line 115587, instance be_mmu/dcache/lce/_21405_ not found.
[WARNING STA-1648] ./results/nangate45_3D/bp_be/HBT/6_final.spef line 115588, instance be_mmu/dcache/lce/_22215_ not found.
[WARNING STA-1648] ./results/nangate45_3D/bp_be/HBT/6_final.spef line 115589, instance be_mmu/dcache/lce/_21694_ not found.
[WARNING STA-1648] ./results/nangate45_3D/bp_be/HBT/6_final.spef line 115590, instance be_mmu/dcache/lce/_21747_ not found.
[WARNING STA-1648] ./results/nangate45_3D/bp_be/HBT/6_final.spef line 115591, instance be_mmu/dcache/lce/_23029_ not found.
[WARNING STA-1648] ./results/nangate45_3D/bp_be/HBT/6_final.spef line 115592, instance be_mmu/dcache/lce/_22353_ not found.
[WARNING STA-1648] ./results/nangate45_3D/bp_be/HBT/6_final.spef line 115593, instance be_mmu/dcache/lce/_22632_ not found.
[WARNING STA-1648] ./results/nangate45_3D/bp_be/HBT/6_final.spef line 115594, instance be_mmu/dcache/lce/_22508_ not found.
[WARNING STA-1648] ./results/nangate45_3D/bp_be/HBT/6_final.spef line 115595, instance be_mmu/dcache/lce/_23153_ not found.
[WARNING STA-1648] ./results/nangate45_3D/bp_be/HBT/6_final.spef line 115596, instance be_mmu/dcache/lce/_22332_ not found.
[WARNING STA-1648] ./results/nangate45_3D/bp_be/HBT/6_final.spef line 115597, instance be_mmu/dcache/lce/_21993_ not found.
[WARNING STA-1648] ./results/nangate45_3D/bp_be/HBT/6_final.spef line 115598, instance be_mmu/dcache/lce/_22676_ not found.
[WARNING STA-1648] ./results/nangate45_3D/bp_be/HBT/6_final.spef line 115599, instance be_mmu/dcache/lce/_21672_ not found.
[WARNING STA-1648] ./results/nangate45_3D/bp_be/HBT/6_final.spef line 115600, instance be_mmu/dcache/lce/_21926_ not found.
[WARNING STA-1648] ./results/nangate45_3D/bp_be/HBT/6_final.spef line 115601, instance be_mmu/dcache/lce/_22997_ not found.
[WARNING STA-1648] ./results/nangate45_3D/bp_be/HBT/6_final.spef line 115602, instance be_mmu/dcache/lce/_22812_ not found.
[WARNING STA-1648] ./results/nangate45_3D/bp_be/HBT/6_final.spef line 115603, instance be_mmu/dcache/lce/_22291_ not found.
[WARNING STA-1648] ./results/nangate45_3D/bp_be/HBT/6_final.spef line 115604, instance be_mmu/dcache/lce/_22476_ not found.
[WARNING STA-1648] ./results/nangate45_3D/bp_be/HBT/6_final.spef line 115605, instance be_mmu/dcache/lce/_21472_ not found.
[WARNING STA-1648] ./results/nangate45_3D/bp_be/HBT/6_final.spef line 115606, instance be_mmu/dcache/lce/_21745_ not found.
[WARNING STA-1648] ./results/nangate45_3D/bp_be/HBT/6_final.spef line 115607, instance be_mmu/dcache/lce/_21452_ not found.
[WARNING STA-1648] ./results/nangate45_3D/bp_be/HBT/6_final.spef line 115608, instance be_mmu/dcache/lce/_22135_ not found.
[WARNING STA-1648] ./results/nangate45_3D/bp_be/HBT/6_final.spef line 115609, instance be_mmu/dcache/lce/_21614_ not found.
[WARNING STA-1648] ./results/nangate45_3D/bp_be/HBT/6_final.spef line 115610, instance be_mmu/dcache/lce/_22187_ not found.
[WARNING STA-1648] ./results/nangate45_3D/bp_be/HBT/6_final.spef line 115611, instance be_mmu/dcache/lce/_22456_ not found.
[WARNING STA-1648] ./results/nangate45_3D/bp_be/HBT/6_final.spef line 115612, instance be_mmu/dcache/lce/_22467_ not found.
[WARNING STA-1648] ./results/nangate45_3D/bp_be/HBT/6_final.spef line 115613, instance be_mmu/dcache/lce/_22988_ not found.
[WARNING STA-1648] ./results/nangate45_3D/bp_be/HBT/6_final.spef line 115614, instance be_mmu/dcache/lce/_22541_ not found.
[WARNING STA-1648] ./results/nangate45_3D/bp_be/HBT/6_final.spef line 115615, instance be_mmu/dcache/lce/_23203_ not found.
[WARNING STA-1648] ./results/nangate45_3D/bp_be/HBT/6_final.spef line 115616, instance be_mmu/dcache/lce/_21897_ not found.
[WARNING STA-1648] ./results/nangate45_3D/bp_be/HBT/6_final.spef line 115617, instance be_mmu/dcache/lce/_21376_ not found.
[WARNING STA-1648] ./results/nangate45_3D/bp_be/HBT/6_final.spef line 115618, instance be_mmu/dcache/lce/_23048_ not found.
[WARNING STA-1648] ./results/nangate45_3D/bp_be/HBT/6_final.spef line 115619, instance be_mmu/dcache/lce/_22527_ not found.
[WARNING STA-1648] ./results/nangate45_3D/bp_be/HBT/6_final.spef line 115620, instance be_mmu/dcache/lce/_22547_ not found.
[WARNING STA-1648] ./results/nangate45_3D/bp_be/HBT/6_final.spef line 115621, instance be_mmu/dcache/lce/_22414_ not found.
[WARNING STA-1648] ./results/nangate45_3D/bp_be/HBT/6_final.spef line 115622, instance be_mmu/dcache/lce/_22935_ not found.
[WARNING STA-1648] ./results/nangate45_3D/bp_be/HBT/6_final.spef line 115623, instance be_mmu/dcache/lce/_22856_ not found.
[WARNING STA-1648] ./results/nangate45_3D/bp_be/HBT/6_final.spef line 115624, instance be_mmu/dcache/lce/_22221_ not found.
[WARNING STA-1648] ./results/nangate45_3D/bp_be/HBT/6_final.spef line 115625, instance be_mmu/dcache/lce/_22742_ not found.
[WARNING STA-1648] ./results/nangate45_3D/bp_be/HBT/6_final.spef line 115626, instance be_mmu/dcache/lce/_22889_ not found.
[WARNING STA-1648] ./results/nangate45_3D/bp_be/HBT/6_final.spef line 115627, instance be_mmu/dcache/lce/_23125_ not found.
[WARNING STA-1648] ./results/nangate45_3D/bp_be/HBT/6_final.spef line 115628, instance be_mmu/dcache/lce/_23093_ not found.
[WARNING STA-1648] ./results/nangate45_3D/bp_be/HBT/6_final.spef line 115629, instance be_mmu/dcache/lce/_22572_ not found.
[WARNING STA-1648] ./results/nangate45_3D/bp_be/HBT/6_final.spef line 115630, instance be_mmu/dcache/lce/_20551_ not found.
[WARNING STA-1648] ./results/nangate45_3D/bp_be/HBT/6_final.spef line 115631, instance be_mmu/dcache/lce/_21294_ not found.
[WARNING STA-1648] ./results/nangate45_3D/bp_be/HBT/6_final.spef line 115632, instance be_mmu/dcache/lce/_21678_ not found.
[WARNING STA-1648] ./results/nangate45_3D/bp_be/HBT/6_final.spef line 115633, instance be_mmu/dcache/lce/_22199_ not found.
[WARNING STA-1648] ./results/nangate45_3D/bp_be/HBT/6_final.spef line 115634, instance be_mmu/dcache/lce/_22682_ not found.
[WARNING STA-1648] ./results/nangate45_3D/bp_be/HBT/6_final.spef line 115635, instance be_mmu/dcache/lce/_21611_ not found.
[WARNING STA-1648] ./results/nangate45_3D/bp_be/HBT/6_final.spef line 115636, instance be_mmu/dcache/lce/_22117_ not found.
[WARNING STA-1648] ./results/nangate45_3D/bp_be/HBT/6_final.spef line 115637, instance be_mmu/dcache/lce/_22058_ not found.
[WARNING STA-1648] ./results/nangate45_3D/bp_be/HBT/6_final.spef line 115638, instance be_mmu/dcache/lce/_22132_ not found.
[WARNING STA-1648] ./results/nangate45_3D/bp_be/HBT/6_final.spef line 115639, instance be_mmu/dcache/lce/_21596_ not found.
[WARNING STA-1648] ./results/nangate45_3D/bp_be/HBT/6_final.spef line 115640, instance be_mmu/dcache/lce/_21537_ not found.
[WARNING STA-1648] ./results/nangate45_3D/bp_be/HBT/6_final.spef line 115641, instance be_mmu/dcache/lce/_21378_ not found.
[WARNING STA-1648] ./results/nangate45_3D/bp_be/HBT/6_final.spef line 115642, instance be_mmu/dcache/lce/_22930_ not found.
[WARNING STA-1648] ./results/nangate45_3D/bp_be/HBT/6_final.spef line 115643, instance be_mmu/dcache/lce/_22409_ not found.
[WARNING STA-1648] ./results/nangate45_3D/bp_be/HBT/6_final.spef line 115644, instance be_mmu/dcache/lce/_22128_ not found.
[WARNING STA-1648] ./results/nangate45_3D/bp_be/HBT/6_final.spef line 115645, instance be_mmu/dcache/lce/_21607_ not found.
[WARNING STA-1648] ./results/nangate45_3D/bp_be/HBT/6_final.spef line 115646, instance be_mmu/dcache/lce/_23132_ not found.
[WARNING STA-1648] ./results/nangate45_3D/bp_be/HBT/6_final.spef line 115647, instance be_mmu/dcache/lce/_22611_ not found.
[WARNING STA-1648] ./results/nangate45_3D/bp_be/HBT/6_final.spef line 115648, instance be_mmu/dcache/lce/_22500_ not found.
[WARNING STA-1648] ./results/nangate45_3D/bp_be/HBT/6_final.spef line 115649, instance be_mmu/dcache/lce/_23021_ not found.
[WARNING STA-1648] ./results/nangate45_3D/bp_be/HBT/6_final.spef line 115650, instance be_mmu/dcache/lce/_22977_ not found.
[WARNING STA-1648] ./results/nangate45_3D/bp_be/HBT/6_final.spef line 115651, instance be_mmu/dcache/lce/_22535_ not found.
[WARNING STA-1648] ./results/nangate45_3D/bp_be/HBT/6_final.spef line 115652, instance be_mmu/dcache/lce/_23056_ not found.
[WARNING STA-1648] ./results/nangate45_3D/bp_be/HBT/6_final.spef line 115653, instance be_mmu/dcache/lce/_21666_ not found.
[WARNING STA-1648] ./results/nangate45_3D/bp_be/HBT/6_final.spef line 115654, instance be_mmu/dcache/lce/_22014_ not found.
[WARNING STA-1648] ./results/nangate45_3D/bp_be/HBT/6_final.spef line 115655, instance be_mmu/dcache/lce/_21615_ not found.
[WARNING STA-1648] ./results/nangate45_3D/bp_be/HBT/6_final.spef line 115656, instance be_mmu/dcache/lce/_21493_ not found.
[WARNING STA-1648] ./results/nangate45_3D/bp_be/HBT/6_final.spef line 115657, instance be_mmu/dcache/lce/_22463_ not found.
[WARNING STA-1648] ./results/nangate45_3D/bp_be/HBT/6_final.spef line 115658, instance be_mmu/dcache/lce/_22984_ not found.
[WARNING STA-1648] ./results/nangate45_3D/bp_be/HBT/6_final.spef line 115659, instance be_mmu/dcache/lce/_23140_ not found.
[WARNING STA-1648] ./results/nangate45_3D/bp_be/HBT/6_final.spef line 115660, instance be_mmu/dcache/lce/_23121_ not found.
[WARNING STA-1648] ./results/nangate45_3D/bp_be/HBT/6_final.spef line 115661, instance be_mmu/dcache/lce/_22619_ not found.
[WARNING STA-1648] ./results/nangate45_3D/bp_be/HBT/6_final.spef line 115662, instance be_mmu/dcache/lce/_23191_ not found.
[WARNING STA-1648] ./results/nangate45_3D/bp_be/HBT/6_final.spef line 115663, instance be_mmu/dcache/lce/_22809_ not found.
[WARNING STA-1648] ./results/nangate45_3D/bp_be/HBT/6_final.spef line 115664, instance be_mmu/dcache/lce/_22670_ not found.
[WARNING STA-1648] ./results/nangate45_3D/bp_be/HBT/6_final.spef line 115665, instance be_mmu/dcache/lce/_22288_ not found.
[WARNING STA-1648] ./results/nangate45_3D/bp_be/HBT/6_final.spef line 115666, instance be_mmu/dcache/lce/_23139_ not found.
[WARNING STA-1648] ./results/nangate45_3D/bp_be/HBT/6_final.spef line 115667, instance be_mmu/dcache/lce/_22615_ not found.
[WARNING STA-1648] ./results/nangate45_3D/bp_be/HBT/6_final.spef line 115668, instance be_mmu/dcache/lce/_22618_ not found.
[WARNING STA-1648] ./results/nangate45_3D/bp_be/HBT/6_final.spef line 115669, instance be_calculator/int_regfile/rf/synth/_19796_ not found.
[WARNING STA-1648] ./results/nangate45_3D/bp_be/HBT/6_final.spef line 115670, instance be_calculator/int_regfile/rf/synth/_19860_ not found.
[WARNING STA-1648] ./results/nangate45_3D/bp_be/HBT/6_final.spef line 115671, instance be_calculator/_19142_ not found.
[WARNING STA-1648] ./results/nangate45_3D/bp_be/HBT/6_final.spef line 115672, instance be_calculator/int_regfile/rf/synth/_19770_ not found.
[WARNING STA-1648] ./results/nangate45_3D/bp_be/HBT/6_final.spef line 115673, instance be_calculator/int_regfile/rf/synth/_19898_ not found.
[WARNING STA-1648] ./results/nangate45_3D/bp_be/HBT/6_final.spef line 115674, instance be_mmu/dcache/lce/_23009_ not found.
[WARNING STA-1648] ./results/nangate45_3D/bp_be/HBT/6_final.spef line 115675, instance be_mmu/dcache/lce/_22488_ not found.
[WARNING STA-1648] ./results/nangate45_3D/bp_be/HBT/6_final.spef line 115676, instance be_mmu/dcache/lce/_22630_ not found.
[WARNING STA-1648] ./results/nangate45_3D/bp_be/HBT/6_final.spef line 115677, instance be_calculator/int_regfile/rf/synth/_19818_ not found.
[WARNING STA-1648] ./results/nangate45_3D/bp_be/HBT/6_final.spef line 115678, instance be_mmu/dcache/lce/_22707_ not found.
[WARNING STA-1648] ./results/nangate45_3D/bp_be/HBT/6_final.spef line 115679, instance be_mmu/dcache/lce/_23151_ not found.
[WARNING STA-1648] ./results/nangate45_3D/bp_be/HBT/6_final.spef line 115680, instance be_mmu/dcache/lce/_20541_ not found.
[WARNING STA-1648] ./results/nangate45_3D/bp_be/HBT/6_final.spef line 115681, instance be_calculator/int_regfile/rf/synth/_19910_ not found.
[WARNING STA-1648] ./results/nangate45_3D/bp_be/HBT/6_final.spef line 115682, instance be_mmu/dcache/lce/_22237_ not found.
[WARNING STA-1648] ./results/nangate45_3D/bp_be/HBT/6_final.spef line 115683, instance be_mmu/dcache/lce/_22147_ not found.
[WARNING STA-1648] ./results/nangate45_3D/bp_be/HBT/6_final.spef line 115684, instance be_mmu/dcache/lce/_21430_ not found.
[WARNING STA-1648] ./results/nangate45_3D/bp_be/HBT/6_final.spef line 115685, instance be_mmu/dcache/lce/_22434_ not found.
[WARNING STA-1648] ./results/nangate45_3D/bp_be/HBT/6_final.spef line 115686, instance be_mmu/dcache/lce/_21353_ not found.
[WARNING STA-1648] ./results/nangate45_3D/bp_be/HBT/6_final.spef line 115687, instance be_mmu/dcache/lce/_23187_ not found.
[WARNING STA-1648] ./results/nangate45_3D/bp_be/HBT/6_final.spef line 115688, instance be_mmu/dcache/lce/_21874_ not found.
[WARNING STA-1648] ./results/nangate45_3D/bp_be/HBT/6_final.spef line 115689, instance be_mmu/dcache/lce/_23207_ not found.
[WARNING STA-1648] ./results/nangate45_3D/bp_be/HBT/6_final.spef line 115690, instance be_mmu/dcache/lce/_22686_ not found.
[WARNING STA-1648] ./results/nangate45_3D/bp_be/HBT/6_final.spef line 115691, instance be_mmu/dcache/lce/_22955_ not found.
[WARNING STA-1648] ./results/nangate45_3D/bp_be/HBT/6_final.spef line 115692, instance be_mmu/dcache/lce/_22996_ not found.
[WARNING STA-1648] ./results/nangate45_3D/bp_be/HBT/6_final.spef line 115693, instance be_mmu/dcache/lce/_22475_ not found.
[WARNING STA-1648] ./results/nangate45_3D/bp_be/HBT/6_final.spef line 115694, instance be_mmu/dcache/lce/_22666_ not found.
[WARNING STA-1648] ./results/nangate45_3D/bp_be/HBT/6_final.spef line 115695, instance be_mmu/dcache/lce/_21191_ not found.
[WARNING STA-1648] ./results/nangate45_3D/bp_be/HBT/6_final.spef line 115696, instance be_mmu/dcache/lce/_21715_ not found.
[WARNING STA-1648] ./results/nangate45_3D/bp_be/HBT/6_final.spef line 115697, instance be_mmu/dcache/lce/_21951_ not found.
[WARNING STA-1648] ./results/nangate45_3D/bp_be/HBT/6_final.spef line 115698, instance be_mmu/dcache/lce/_21626_ not found.
[WARNING STA-1648] ./results/nangate45_3D/bp_be/HBT/6_final.spef line 115699, instance be_calculator/int_regfile/rf/synth/_19812_ not found.
[WARNING STA-1648] ./results/nangate45_3D/bp_be/HBT/6_final.spef line 115700, instance be_calculator/int_regfile/rf/synth/_19876_ not found.
[WARNING STA-1648] ./results/nangate45_3D/bp_be/HBT/6_final.spef line 115701, instance be_mmu/dcache/lce/_20552_ not found.
[WARNING STA-1648] ./results/nangate45_3D/bp_be/HBT/6_final.spef line 115702, instance be_mmu/dcache/lce/_22718_ not found.
[WARNING STA-1648] ./results/nangate45_3D/bp_be/HBT/6_final.spef line 115703, instance be_calculator/int_regfile/rf/synth/_19802_ not found.
[WARNING STA-1648] ./results/nangate45_3D/bp_be/HBT/6_final.spef line 115704, instance be_mmu/dcache/lce/_22551_ not found.
[WARNING STA-1648] ./results/nangate45_3D/bp_be/HBT/6_final.spef line 115705, instance be_calculator/int_regfile/rf/synth/_19930_ not found.
[WARNING STA-1648] ./results/nangate45_3D/bp_be/HBT/6_final.spef line 115706, instance be_calculator/int_regfile/rf/synth/_19484_ not found.
[WARNING STA-1648] ./results/nangate45_3D/bp_be/HBT/6_final.spef line 115707, instance be_calculator/int_regfile/rf/synth/_19932_ not found.
[WARNING STA-1648] message limit (1000) reached. This message will no longer print.
[WARNING STA-1650] ./results/nangate45_3D/bp_be/HBT/6_final.spef line 123258, net be_calculator/_17980_ not found.
[WARNING STA-1650] ./results/nangate45_3D/bp_be/HBT/6_final.spef line 123259, net be_calculator/_18350_ not found.
[WARNING STA-1650] ./results/nangate45_3D/bp_be/HBT/6_final.spef line 123260, net be_calculator/_18105_ not found.
[WARNING STA-1650] ./results/nangate45_3D/bp_be/HBT/6_final.spef line 123261, net be_calculator/_18815_ not found.
[WARNING STA-1650] ./results/nangate45_3D/bp_be/HBT/6_final.spef line 123262, net be_calculator/_18476_ not found.
[WARNING STA-1650] ./results/nangate45_3D/bp_be/HBT/6_final.spef line 123263, net be_calculator/_17734_ not found.
[WARNING STA-1650] ./results/nangate45_3D/bp_be/HBT/6_final.spef line 123264, net be_calculator/_19071_ not found.
[WARNING STA-1650] ./results/nangate45_3D/bp_be/HBT/6_final.spef line 123265, net be_calculator/_17976_ not found.
[WARNING STA-1650] ./results/nangate45_3D/bp_be/HBT/6_final.spef line 123266, net be_calculator/_18942_ not found.
[WARNING STA-1650] ./results/nangate45_3D/bp_be/HBT/6_final.spef line 123267, net be_calculator/_18630_ not found.
[WARNING STA-1650] ./results/nangate45_3D/bp_be/HBT/6_final.spef line 123268, net be_calculator/_17900_ not found.
[WARNING STA-1650] ./results/nangate45_3D/bp_be/HBT/6_final.spef line 123269, net be_calculator/_18271_ not found.
[WARNING STA-1650] ./results/nangate45_3D/bp_be/HBT/6_final.spef line 123270, net be_calculator/_18273_ not found.
[WARNING STA-1650] ./results/nangate45_3D/bp_be/HBT/6_final.spef line 123271, net be_calculator/_18644_ not found.
[WARNING STA-1650] ./results/nangate45_3D/bp_be/HBT/6_final.spef line 123272, net be_calculator/_18714_ not found.
[WARNING STA-1650] ./results/nangate45_3D/bp_be/HBT/6_final.spef line 123273, net be_calculator/_18717_ not found.
[WARNING STA-1650] ./results/nangate45_3D/bp_be/HBT/6_final.spef line 123274, net be_calculator/_18971_ not found.
[WARNING STA-1650] ./results/nangate45_3D/bp_be/HBT/6_final.spef line 123275, net be_calculator/_17591_ not found.
[WARNING STA-1650] ./results/nangate45_3D/bp_be/HBT/6_final.spef line 123276, net be_calculator/_19099_ not found.
[WARNING STA-1650] ./results/nangate45_3D/bp_be/HBT/6_final.spef line 123277, net be_calculator/_18333_ not found.
[WARNING STA-1650] ./results/nangate45_3D/bp_be/HBT/6_final.spef line 123278, net be_calculator/_17962_ not found.
[WARNING STA-1650] ./results/nangate45_3D/bp_be/HBT/6_final.spef line 123279, net be_calculator/_18973_ not found.
[WARNING STA-1650] ./results/nangate45_3D/bp_be/HBT/6_final.spef line 123280, net be_calculator/_18845_ not found.
[WARNING STA-1650] ./results/nangate45_3D/bp_be/HBT/6_final.spef line 123281, net be_calculator/_18842_ not found.
[WARNING STA-1650] ./results/nangate45_3D/bp_be/HBT/6_final.spef line 123282, net be_calculator/_17904_ not found.
[WARNING STA-1650] ./results/nangate45_3D/bp_be/HBT/6_final.spef line 123285, net be_calculator/_17163_ not found.
[WARNING STA-1650] ./results/nangate45_3D/bp_be/HBT/6_final.spef line 123286, net be_calculator/_17533_ not found.
[WARNING STA-1650] ./results/nangate45_3D/bp_be/HBT/6_final.spef line 123287, net be_calculator/_17902_ not found.
[WARNING STA-1650] ./results/nangate45_3D/bp_be/HBT/6_final.spef line 123290, net be_calculator/_17535_ not found.
[WARNING STA-1650] ./results/nangate45_3D/bp_be/HBT/6_final.spef line 123292, net be_calculator/_16859_ not found.
[WARNING STA-1650] ./results/nangate45_3D/bp_be/HBT/6_final.spef line 123296, net be_calculator/_17531_ not found.
[WARNING STA-1650] ./results/nangate45_3D/bp_be/HBT/6_final.spef line 123297, net be_calculator/_17160_ not found.
[WARNING STA-1650] ./results/nangate45_3D/bp_be/HBT/6_final.spef line 123298, net be_calculator/_17158_ not found.
[WARNING STA-1650] ./results/nangate45_3D/bp_be/HBT/6_final.spef line 123300, net be_calculator/_17529_ not found.
[WARNING STA-1650] ./results/nangate45_3D/bp_be/HBT/6_final.spef line 123301, net be_calculator/_18259_ not found.
[WARNING STA-1650] ./results/nangate45_3D/bp_be/HBT/6_final.spef line 123302, net be_calculator/_17218_ not found.
[WARNING STA-1650] ./results/nangate45_3D/bp_be/HBT/6_final.spef line 123303, net be_calculator/_18128_ not found.
[WARNING STA-1650] ./results/nangate45_3D/bp_be/HBT/6_final.spef line 123304, net be_calculator/_17589_ not found.
[WARNING STA-1650] ./results/nangate45_3D/bp_be/HBT/6_final.spef line 123305, net be_calculator/_18843_ not found.
[WARNING STA-1650] ./results/nangate45_3D/bp_be/HBT/6_final.spef line 123306, net be_calculator/_17220_ not found.
[WARNING STA-1650] ./results/nangate45_3D/bp_be/HBT/6_final.spef line 123307, net be_calculator/_18331_ not found.
[WARNING STA-1650] ./results/nangate45_3D/bp_be/HBT/6_final.spef line 123308, net be_calculator/_18715_ not found.
[WARNING STA-1650] ./results/nangate45_3D/bp_be/HBT/6_final.spef line 123309, net be_calculator/_18642_ not found.
[WARNING STA-1650] ./results/nangate45_3D/bp_be/HBT/6_final.spef line 123310, net be_calculator/_17960_ not found.
[WARNING STA-1650] ./results/nangate45_3D/bp_be/HBT/6_final.spef line 123311, net be_calculator/_18499_ not found.
[WARNING STA-1650] ./results/nangate45_3D/bp_be/HBT/6_final.spef line 123312, net be_calculator/_18272_ not found.
[WARNING STA-1650] ./results/nangate45_3D/bp_be/HBT/6_final.spef line 123313, net be_calculator/_17159_ not found.
[WARNING STA-1650] ./results/nangate45_3D/bp_be/HBT/6_final.spef line 123315, net be_calculator/_18610_ not found.
[WARNING STA-1650] ./results/nangate45_3D/bp_be/HBT/6_final.spef line 123316, net be_calculator/_18626_ not found.
[WARNING STA-1650] ./results/nangate45_3D/bp_be/HBT/6_final.spef line 123317, net be_calculator/_18240_ not found.
[WARNING STA-1650] ./results/nangate45_3D/bp_be/HBT/6_final.spef line 123318, net be_calculator/_18834_ not found.
[WARNING STA-1650] ./results/nangate45_3D/bp_be/HBT/6_final.spef line 123319, net be_calculator/_18239_ not found.
[WARNING STA-1650] ./results/nangate45_3D/bp_be/HBT/6_final.spef line 123321, net be_calculator/_17530_ not found.
[WARNING STA-1650] ./results/nangate45_3D/bp_be/HBT/6_final.spef line 123322, net be_calculator/_17901_ not found.
[WARNING STA-1650] ./results/nangate45_3D/bp_be/HBT/6_final.spef line 123323, net be_calculator/_18611_ not found.
[WARNING STA-1650] ./results/nangate45_3D/bp_be/HBT/6_final.spef line 123324, net be_calculator/_18643_ not found.
[WARNING STA-1650] ./results/nangate45_3D/bp_be/HBT/6_final.spef line 123325, net be_calculator/_17757_ not found.
[WARNING STA-1650] ./results/nangate45_3D/bp_be/HBT/6_final.spef line 123326, net be_calculator/_19090_ not found.
[WARNING STA-1650] ./results/nangate45_3D/bp_be/HBT/6_final.spef line 123327, net be_calculator/_18962_ not found.
[WARNING STA-1650] ./results/nangate45_3D/bp_be/HBT/6_final.spef line 123328, net be_calculator/_18810_ not found.
[WARNING STA-1650] ./results/nangate45_3D/bp_be/HBT/6_final.spef line 123329, net be_calculator/_18682_ not found.
[WARNING STA-1650] ./results/nangate45_3D/bp_be/HBT/6_final.spef line 123330, net be_calculator/_18811_ not found.
[WARNING STA-1650] ./results/nangate45_3D/bp_be/HBT/6_final.spef line 123331, net be_calculator/_18835_ not found.
[WARNING STA-1650] ./results/nangate45_3D/bp_be/HBT/6_final.spef line 123332, net be_calculator/_18707_ not found.
[WARNING STA-1650] ./results/nangate45_3D/bp_be/HBT/6_final.spef line 123336, net be_calculator/_17126_ not found.
[WARNING STA-1650] ./results/nangate45_3D/bp_be/HBT/6_final.spef line 123337, net be_calculator/_17127_ not found.
[WARNING STA-1650] ./results/nangate45_3D/bp_be/HBT/6_final.spef line 123339, net be_calculator/_17513_ not found.
[WARNING STA-1650] ./results/nangate45_3D/bp_be/HBT/6_final.spef line 123340, net be_calculator/_17885_ not found.
[WARNING STA-1650] ./results/nangate45_3D/bp_be/HBT/6_final.spef line 123341, net be_calculator/_17514_ not found.
[WARNING STA-1650] ./results/nangate45_3D/bp_be/HBT/6_final.spef line 123345, net be_calculator/_17128_ not found.
[WARNING STA-1650] ./results/nangate45_3D/bp_be/HBT/6_final.spef line 123346, net be_calculator/_17143_ not found.
[WARNING STA-1650] ./results/nangate45_3D/bp_be/HBT/6_final.spef line 123347, net be_calculator/_17142_ not found.
[WARNING STA-1650] ./results/nangate45_3D/bp_be/HBT/6_final.spef line 123349, net be_calculator/_17870_ not found.
[WARNING STA-1650] ./results/nangate45_3D/bp_be/HBT/6_final.spef line 123350, net be_calculator/_17499_ not found.
[WARNING STA-1650] ./results/nangate45_3D/bp_be/HBT/6_final.spef line 123351, net be_calculator/_18243_ not found.
[WARNING STA-1650] ./results/nangate45_3D/bp_be/HBT/6_final.spef line 123352, net be_calculator/_17884_ not found.
[WARNING STA-1650] ./results/nangate45_3D/bp_be/HBT/6_final.spef line 123353, net be_calculator/_17498_ not found.
[WARNING STA-1650] ./results/nangate45_3D/bp_be/HBT/6_final.spef line 123354, net be_calculator/_18627_ not found.
[WARNING STA-1650] ./results/nangate45_3D/bp_be/HBT/6_final.spef line 123355, net be_calculator/_18683_ not found.
[WARNING STA-1650] ./results/nangate45_3D/bp_be/HBT/6_final.spef line 123356, net be_calculator/_17868_ not found.
[WARNING STA-1650] ./results/nangate45_3D/bp_be/HBT/6_final.spef line 123357, net be_calculator/_17869_ not found.
[WARNING STA-1650] ./results/nangate45_3D/bp_be/HBT/6_final.spef line 123358, net be_calculator/_17497_ not found.
[WARNING STA-1650] ./results/nangate45_3D/bp_be/HBT/6_final.spef line 123359, net be_calculator/_18255_ not found.
[WARNING STA-1650] ./results/nangate45_3D/bp_be/HBT/6_final.spef line 123360, net be_calculator/_18706_ not found.
[WARNING STA-1650] ./results/nangate45_3D/bp_be/HBT/6_final.spef line 123361, net be_calculator/_17386_ not found.
[WARNING STA-1650] ./results/nangate45_3D/bp_be/HBT/6_final.spef line 123362, net be_calculator/_18349_ not found.
[WARNING STA-1650] ./results/nangate45_3D/bp_be/HBT/6_final.spef line 123363, net be_calculator/_18348_ not found.
[WARNING STA-1650] ./results/nangate45_3D/bp_be/HBT/6_final.spef line 123364, net be_calculator/_17977_ not found.
[WARNING STA-1650] ./results/nangate45_3D/bp_be/HBT/6_final.spef line 123365, net be_calculator/_17606_ not found.
[WARNING STA-1650] ./results/nangate45_3D/bp_be/HBT/6_final.spef line 123366, net be_calculator/_17235_ not found.
[WARNING STA-1650] ./results/nangate45_3D/bp_be/HBT/6_final.spef line 123367, net be_calculator/_17978_ not found.
[WARNING STA-1650] ./results/nangate45_3D/bp_be/HBT/6_final.spef line 123368, net be_calculator/_17607_ not found.
[WARNING STA-1650] ./results/nangate45_3D/bp_be/HBT/6_final.spef line 123369, net be_calculator/_17236_ not found.
[WARNING STA-1650] ./results/nangate45_3D/bp_be/HBT/6_final.spef line 123370, net be_calculator/_19066_ not found.
[WARNING STA-1650] ./results/nangate45_3D/bp_be/HBT/6_final.spef line 123371, net be_calculator/_18938_ not found.
[WARNING STA-1650] ./results/nangate45_3D/bp_be/HBT/6_final.spef line 123372, net be_calculator/_19067_ not found.
[WARNING STA-1650] ./results/nangate45_3D/bp_be/HBT/6_final.spef line 123373, net be_calculator/_18939_ not found.
[WARNING STA-1650] ./results/nangate45_3D/bp_be/HBT/6_final.spef line 123374, net be_calculator/_19091_ not found.
[WARNING STA-1650] ./results/nangate45_3D/bp_be/HBT/6_final.spef line 123375, net be_calculator/_18963_ not found.
[WARNING STA-1650] ./results/nangate45_3D/bp_be/HBT/6_final.spef line 123376, net be_calculator/_19068_ not found.
[WARNING STA-1650] ./results/nangate45_3D/bp_be/HBT/6_final.spef line 123377, net be_calculator/_19079_ not found.
[WARNING STA-1650] ./results/nangate45_3D/bp_be/HBT/6_final.spef line 123378, net be_calculator/_18940_ not found.
[WARNING STA-1650] ./results/nangate45_3D/bp_be/HBT/6_final.spef line 123379, net be_calculator/_18497_ not found.
[WARNING STA-1650] ./results/nangate45_3D/bp_be/HBT/6_final.spef line 123380, net be_calculator/_18951_ not found.
[WARNING STA-1650] ./results/nangate45_3D/bp_be/HBT/6_final.spef line 123381, net be_calculator/_18256_ not found.
[WARNING STA-1650] ./results/nangate45_3D/bp_be/HBT/6_final.spef line 123382, net be_calculator/_18613_ not found.
[WARNING STA-1650] ./results/nangate45_3D/bp_be/HBT/6_final.spef line 123383, net be_calculator/_18612_ not found.
[WARNING STA-1650] ./results/nangate45_3D/bp_be/HBT/6_final.spef line 123384, net be_calculator/_18241_ not found.
[WARNING STA-1650] ./results/nangate45_3D/bp_be/HBT/6_final.spef line 123385, net be_calculator/_18242_ not found.
[WARNING STA-1650] ./results/nangate45_3D/bp_be/HBT/6_final.spef line 123386, net be_calculator/_18812_ not found.
[WARNING STA-1650] ./results/nangate45_3D/bp_be/HBT/6_final.spef line 123387, net be_calculator/_18126_ not found.
[WARNING STA-1650] ./results/nangate45_3D/bp_be/HBT/6_final.spef line 123388, net be_calculator/_17871_ not found.
[WARNING STA-1650] ./results/nangate45_3D/bp_be/HBT/6_final.spef line 123389, net be_calculator/_18614_ not found.
[WARNING STA-1650] ./results/nangate45_3D/bp_be/HBT/6_final.spef line 123390, net be_calculator/_18684_ not found.
[WARNING STA-1650] ./results/nangate45_3D/bp_be/HBT/6_final.spef line 123391, net be_calculator/_18823_ not found.
[WARNING STA-1650] ./results/nangate45_3D/bp_be/HBT/6_final.spef line 123392, net be_calculator/_17755_ not found.
[WARNING STA-1650] ./results/nangate45_3D/bp_be/HBT/6_final.spef line 123393, net be_calculator/_18814_ not found.
[WARNING STA-1650] ./results/nangate45_3D/bp_be/HBT/6_final.spef line 123394, net be_calculator/_18943_ not found.
[WARNING STA-1650] ./results/nangate45_3D/bp_be/HBT/6_final.spef line 123395, net be_calculator/_17384_ not found.
[WARNING STA-1650] ./results/nangate45_3D/bp_be/HBT/6_final.spef line 123396, net be_calculator/_18695_ not found.
[WARNING STA-1650] ./results/nangate45_3D/bp_be/HBT/6_final.spef line 123398, net be_calculator/_18615_ not found.
[WARNING STA-1650] ./results/nangate45_3D/bp_be/HBT/6_final.spef line 123400, net be_calculator/_17872_ not found.
[WARNING STA-1650] ./results/nangate45_3D/bp_be/HBT/6_final.spef line 123401, net be_calculator/_17500_ not found.
[WARNING STA-1650] ./results/nangate45_3D/bp_be/HBT/6_final.spef line 123402, net be_calculator/_18950_ not found.
[WARNING STA-1650] ./results/nangate45_3D/bp_be/HBT/6_final.spef line 123403, net be_calculator/_19078_ not found.
[WARNING STA-1650] ./results/nangate45_3D/bp_be/HBT/6_final.spef line 123404, net be_calculator/_18686_ not found.
[WARNING STA-1650] ./results/nangate45_3D/bp_be/HBT/6_final.spef line 123405, net be_calculator/_19070_ not found.
[WARNING STA-1650] ./results/nangate45_3D/bp_be/HBT/6_final.spef line 123406, net be_calculator/_18347_ not found.
[WARNING STA-1650] ./results/nangate45_3D/bp_be/HBT/6_final.spef line 123407, net be_calculator/_17605_ not found.
[WARNING STA-1650] ./results/nangate45_3D/bp_be/HBT/6_final.spef line 123408, net be_calculator/_17234_ not found.
[WARNING STA-1650] ./results/nangate45_3D/bp_be/HBT/6_final.spef line 123409, net be_calculator/_17979_ not found.
[WARNING STA-1650] ./results/nangate45_3D/bp_be/HBT/6_final.spef line 123410, net be_calculator/_17608_ not found.
[WARNING STA-1650] ./results/nangate45_3D/bp_be/HBT/6_final.spef line 123411, net be_calculator/_17363_ not found.
[WARNING STA-1650] ./results/nangate45_3D/bp_be/HBT/6_final.spef line 123412, net be_calculator/_18112_ not found.
[WARNING STA-1650] ./results/nangate45_3D/bp_be/HBT/6_final.spef line 123413, net be_calculator/_19083_ not found.
[WARNING STA-1650] ./results/nangate45_3D/bp_be/HBT/6_final.spef line 123414, net be_calculator/_18827_ not found.
[WARNING STA-1650] ./results/nangate45_3D/bp_be/HBT/6_final.spef line 123415, net be_calculator/_18485_ not found.
[WARNING STA-1650] ./results/nangate45_3D/bp_be/HBT/6_final.spef line 123416, net be_calculator/_18816_ not found.
[WARNING STA-1650] ./results/nangate45_3D/bp_be/HBT/6_final.spef line 123417, net be_calculator/_18688_ not found.
[WARNING STA-1650] ./results/nangate45_3D/bp_be/HBT/6_final.spef line 123418, net be_calculator/_18698_ not found.
[WARNING STA-1650] ./results/nangate45_3D/bp_be/HBT/6_final.spef line 123419, net be_calculator/_18826_ not found.
[WARNING STA-1650] ./results/nangate45_3D/bp_be/HBT/6_final.spef line 123420, net be_calculator/_18700_ not found.
[WARNING STA-1650] ./results/nangate45_3D/bp_be/HBT/6_final.spef line 123421, net be_calculator/_18689_ not found.
[WARNING STA-1650] ./results/nangate45_3D/bp_be/HBT/6_final.spef line 123422, net be_calculator/_19072_ not found.
[WARNING STA-1650] ./results/nangate45_3D/bp_be/HBT/6_final.spef line 123423, net be_calculator/_18817_ not found.
[WARNING STA-1650] ./results/nangate45_3D/bp_be/HBT/6_final.spef line 123424, net be_calculator/_18944_ not found.
[WARNING STA-1650] ./results/nangate45_3D/bp_be/HBT/6_final.spef line 123425, net be_calculator/_18828_ not found.
[WARNING STA-1650] ./results/nangate45_3D/bp_be/HBT/6_final.spef line 123426, net be_calculator/_19082_ not found.
[WARNING STA-1650] ./results/nangate45_3D/bp_be/HBT/6_final.spef line 123427, net be_calculator/_18956_ not found.
[WARNING STA-1650] ./results/nangate45_3D/bp_be/HBT/6_final.spef line 123428, net be_calculator/_18687_ not found.
[WARNING STA-1650] ./results/nangate45_3D/bp_be/HBT/6_final.spef line 123429, net be_calculator/_19073_ not found.
[WARNING STA-1650] ./results/nangate45_3D/bp_be/HBT/6_final.spef line 123430, net be_calculator/_18945_ not found.
[WARNING STA-1650] ./results/nangate45_3D/bp_be/HBT/6_final.spef line 123431, net be_calculator/_19084_ not found.
[WARNING STA-1650] ./results/nangate45_3D/bp_be/HBT/6_final.spef line 123432, net be_calculator/_19077_ not found.
[WARNING STA-1650] ./results/nangate45_3D/bp_be/HBT/6_final.spef line 123433, net be_calculator/_18954_ not found.
[WARNING STA-1650] ./results/nangate45_3D/bp_be/HBT/6_final.spef line 123434, net be_calculator/_18821_ not found.
[WARNING STA-1650] ./results/nangate45_3D/bp_be/HBT/6_final.spef line 123435, net be_calculator/_18693_ not found.
[WARNING STA-1650] ./results/nangate45_3D/bp_be/HBT/6_final.spef line 123436, net be_calculator/_18114_ not found.
[WARNING STA-1650] ./results/nangate45_3D/bp_be/HBT/6_final.spef line 123437, net be_calculator/_19074_ not found.
[WARNING STA-1650] ./results/nangate45_3D/bp_be/HBT/6_final.spef line 123438, net be_calculator/_17372_ not found.
[WARNING STA-1650] ./results/nangate45_3D/bp_be/HBT/6_final.spef line 123439, net be_calculator/_17743_ not found.
[WARNING STA-1650] ./results/nangate45_3D/bp_be/HBT/6_final.spef line 123440, net be_calculator/_18819_ not found.
[WARNING STA-1650] ./results/nangate45_3D/bp_be/HBT/6_final.spef line 123441, net be_calculator/_18691_ not found.
[WARNING STA-1650] ./results/nangate45_3D/bp_be/HBT/6_final.spef line 123442, net be_calculator/_18356_ not found.
[WARNING STA-1650] ./results/nangate45_3D/bp_be/HBT/6_final.spef line 123443, net be_calculator/_18355_ not found.
[WARNING STA-1650] ./results/nangate45_3D/bp_be/HBT/6_final.spef line 123444, net be_calculator/_17984_ not found.
[WARNING STA-1650] ./results/nangate45_3D/bp_be/HBT/6_final.spef line 123445, net be_calculator/_17964_ not found.
[WARNING STA-1650] ./results/nangate45_3D/bp_be/HBT/6_final.spef line 123446, net be_calculator/_17613_ not found.
[WARNING STA-1650] ./results/nangate45_3D/bp_be/HBT/6_final.spef line 123447, net be_calculator/_17242_ not found.
[WARNING STA-1650] ./results/nangate45_3D/bp_be/HBT/6_final.spef line 123448, net be_calculator/_18334_ not found.
[WARNING STA-1650] ./results/nangate45_3D/bp_be/HBT/6_final.spef line 123449, net be_calculator/_18957_ not found.
[WARNING STA-1650] ./results/nangate45_3D/bp_be/HBT/6_final.spef line 123450, net be_calculator/_17502_ not found.
[WARNING STA-1650] ./results/nangate45_3D/bp_be/HBT/6_final.spef line 123451, net be_calculator/_18248_ not found.
[WARNING STA-1650] ./results/nangate45_3D/bp_be/HBT/6_final.spef line 123452, net be_calculator/_18619_ not found.
[WARNING STA-1650] ./results/nangate45_3D/bp_be/HBT/6_final.spef line 123454, net be_calculator/_17131_ not found.
[WARNING STA-1650] ./results/nangate45_3D/bp_be/HBT/6_final.spef line 123455, net be_calculator/_17130_ not found.
[WARNING STA-1650] ./results/nangate45_3D/bp_be/HBT/6_final.spef line 123456, net be_calculator/_17873_ not found.
[WARNING STA-1650] ./results/nangate45_3D/bp_be/HBT/6_final.spef line 123457, net be_calculator/_17501_ not found.
[WARNING STA-1650] ./results/nangate45_3D/bp_be/HBT/6_final.spef line 123458, net be_calculator/_18244_ not found.
[WARNING STA-1650] ./results/nangate45_3D/bp_be/HBT/6_final.spef line 123459, net be_calculator/_18694_ not found.
[WARNING STA-1650] ./results/nangate45_3D/bp_be/HBT/6_final.spef line 123460, net be_calculator/_18822_ not found.
[WARNING STA-1650] ./results/nangate45_3D/bp_be/HBT/6_final.spef line 123461, net be_calculator/_17129_ not found.
[WARNING STA-1650] ./results/nangate45_3D/bp_be/HBT/6_final.spef line 123467, net be_calculator/_17877_ not found.
[WARNING STA-1650] ./results/nangate45_3D/bp_be/HBT/6_final.spef line 123468, net be_calculator/_17506_ not found.
[WARNING STA-1650] ./results/nangate45_3D/bp_be/HBT/6_final.spef line 123469, net be_calculator/_18618_ not found.
[WARNING STA-1650] ./results/nangate45_3D/bp_be/HBT/6_final.spef line 123471, net be_calculator/_18247_ not found.
[WARNING STA-1650] ./results/nangate45_3D/bp_be/HBT/6_final.spef line 123472, net be_calculator/_19085_ not found.
[WARNING STA-1650] ./results/nangate45_3D/bp_be/HBT/6_final.spef line 123473, net be_calculator/_18829_ not found.
[WARNING STA-1650] ./results/nangate45_3D/bp_be/HBT/6_final.spef line 123474, net be_calculator/_18701_ not found.
[WARNING STA-1650] ./results/nangate45_3D/bp_be/HBT/6_final.spef line 123475, net be_calculator/_18946_ not found.
[WARNING STA-1650] ./results/nangate45_3D/bp_be/HBT/6_final.spef line 123476, net be_calculator/_18616_ not found.
[WARNING STA-1650] ./results/nangate45_3D/bp_be/HBT/6_final.spef line 123477, net be_calculator/_18260_ not found.
[WARNING STA-1650] ./results/nangate45_3D/bp_be/HBT/6_final.spef line 123478, net be_calculator/_18631_ not found.
[WARNING STA-1650] ./results/nangate45_3D/bp_be/HBT/6_final.spef line 123479, net be_calculator/_17135_ not found.
[WARNING STA-1650] ./results/nangate45_3D/bp_be/HBT/6_final.spef line 123480, net be_calculator/_18621_ not found.
[WARNING STA-1650] ./results/nangate45_3D/bp_be/HBT/6_final.spef line 123481, net be_calculator/_17874_ not found.
[WARNING STA-1650] ./results/nangate45_3D/bp_be/HBT/6_final.spef line 123482, net be_calculator/_18245_ not found.
[WARNING STA-1650] ./results/nangate45_3D/bp_be/HBT/6_final.spef line 123483, net be_calculator/_17505_ not found.
[WARNING STA-1650] ./results/nangate45_3D/bp_be/HBT/6_final.spef line 123484, net be_calculator/_17134_ not found.
[WARNING STA-1650] ./results/nangate45_3D/bp_be/HBT/6_final.spef line 123485, net be_calculator/_18953_ not found.
[WARNING STA-1650] ./results/nangate45_3D/bp_be/HBT/6_final.spef line 123486, net be_calculator/_19081_ not found.
[WARNING STA-1650] ./results/nangate45_3D/bp_be/HBT/6_final.spef line 123487, net be_calculator/_17132_ not found.
[WARNING STA-1650] ./results/nangate45_3D/bp_be/HBT/6_final.spef line 123488, net be_calculator/_17503_ not found.
[WARNING STA-1650] ./results/nangate45_3D/bp_be/HBT/6_final.spef line 123489, net be_calculator/_17876_ not found.
[WARNING STA-1650] ./results/nangate45_3D/bp_be/HBT/6_final.spef line 123490, net be_calculator/_18690_ not found.
[WARNING STA-1650] ./results/nangate45_3D/bp_be/HBT/6_final.spef line 123491, net be_calculator/_18818_ not found.
[WARNING STA-1650] ./results/nangate45_3D/bp_be/HBT/6_final.spef line 123492, net be_calculator/_18358_ not found.
[WARNING STA-1650] ./results/nangate45_3D/bp_be/HBT/6_final.spef line 123493, net be_calculator/_17985_ not found.
[WARNING STA-1650] ./results/nangate45_3D/bp_be/HBT/6_final.spef line 123494, net be_calculator/_17987_ not found.
[WARNING STA-1650] ./results/nangate45_3D/bp_be/HBT/6_final.spef line 123495, net be_calculator/_17614_ not found.
[WARNING STA-1650] ./results/nangate45_3D/bp_be/HBT/6_final.spef line 123496, net be_calculator/_17243_ not found.
[WARNING STA-1650] ./results/nangate45_3D/bp_be/HBT/6_final.spef line 123497, net be_calculator/_18353_ not found.
[WARNING STA-1650] ./results/nangate45_3D/bp_be/HBT/6_final.spef line 123498, net be_calculator/_18357_ not found.
[WARNING STA-1650] ./results/nangate45_3D/bp_be/HBT/6_final.spef line 123499, net be_calculator/_17616_ not found.
[WARNING STA-1650] ./results/nangate45_3D/bp_be/HBT/6_final.spef line 123500, net be_calculator/_17986_ not found.
[WARNING STA-1650] ./results/nangate45_3D/bp_be/HBT/6_final.spef line 123501, net be_calculator/_17245_ not found.
[WARNING STA-1650] ./results/nangate45_3D/bp_be/HBT/6_final.spef line 123502, net be_calculator/_17615_ not found.
[WARNING STA-1650] ./results/nangate45_3D/bp_be/HBT/6_final.spef line 123503, net be_calculator/_18352_ not found.
[WARNING STA-1650] ./results/nangate45_3D/bp_be/HBT/6_final.spef line 123504, net be_calculator/_17240_ not found.
[WARNING STA-1650] ./results/nangate45_3D/bp_be/HBT/6_final.spef line 123505, net be_calculator/_17611_ not found.
[WARNING STA-1650] ./results/nangate45_3D/bp_be/HBT/6_final.spef line 123506, net be_calculator/_17982_ not found.
[WARNING STA-1650] ./results/nangate45_3D/bp_be/HBT/6_final.spef line 123507, net be_calculator/_18697_ not found.
[WARNING STA-1650] ./results/nangate45_3D/bp_be/HBT/6_final.spef line 123508, net be_calculator/_17875_ not found.
[WARNING STA-1650] ./results/nangate45_3D/bp_be/HBT/6_final.spef line 123509, net be_calculator/_18617_ not found.
[WARNING STA-1650] ./results/nangate45_3D/bp_be/HBT/6_final.spef line 123510, net be_calculator/_17508_ not found.
[WARNING STA-1650] ./results/nangate45_3D/bp_be/HBT/6_final.spef line 123511, net be_calculator/_18250_ not found.
[WARNING STA-1650] ./results/nangate45_3D/bp_be/HBT/6_final.spef line 123512, net be_calculator/_17879_ not found.
[WARNING STA-1650] ./results/nangate45_3D/bp_be/HBT/6_final.spef line 123513, net be_calculator/_18625_ not found.
[WARNING STA-1650] ./results/nangate45_3D/bp_be/HBT/6_final.spef line 123514, net be_calculator/_18254_ not found.
[WARNING STA-1650] ./results/nangate45_3D/bp_be/HBT/6_final.spef line 123515, net be_calculator/_17507_ not found.
[WARNING STA-1650] ./results/nangate45_3D/bp_be/HBT/6_final.spef line 123516, net be_calculator/_18624_ not found.
[WARNING STA-1650] ./results/nangate45_3D/bp_be/HBT/6_final.spef line 123517, net be_calculator/_18253_ not found.
[WARNING STA-1650] ./results/nangate45_3D/bp_be/HBT/6_final.spef line 123518, net be_calculator/_17883_ not found.
[WARNING STA-1650] ./results/nangate45_3D/bp_be/HBT/6_final.spef line 123519, net be_calculator/_17512_ not found.
[WARNING STA-1650] ./results/nangate45_3D/bp_be/HBT/6_final.spef line 123520, net be_calculator/_17141_ not found.
[WARNING STA-1650] ./results/nangate45_3D/bp_be/HBT/6_final.spef line 123521, net be_calculator/_16781_ not found.
[WARNING STA-1650] ./results/nangate45_3D/bp_be/HBT/6_final.spef line 123522, net be_calculator/_17137_ not found.
[WARNING STA-1650] ./results/nangate45_3D/bp_be/HBT/6_final.spef line 123523, net be_calculator/_18246_ not found.
[WARNING STA-1650] ./results/nangate45_3D/bp_be/HBT/6_final.spef line 123524, net be_calculator/_18825_ not found.
[WARNING STA-1650] ./results/nangate45_3D/bp_be/HBT/6_final.spef line 123525, net be_calculator/_17504_ not found.
[WARNING STA-1650] ./results/nangate45_3D/bp_be/HBT/6_final.spef line 123526, net be_calculator/_17133_ not found.
[WARNING STA-1650] ./results/nangate45_3D/bp_be/HBT/6_final.spef line 123527, net be_calculator/_17241_ not found.
[WARNING STA-1650] ./results/nangate45_3D/bp_be/HBT/6_final.spef line 123528, net be_calculator/_17965_ not found.
[WARNING STA-1650] ./results/nangate45_3D/bp_be/HBT/6_final.spef line 123529, net be_calculator/_17966_ not found.
[WARNING STA-1650] ./results/nangate45_3D/bp_be/HBT/6_final.spef line 123530, net be_calculator/_17610_ not found.
[WARNING STA-1650] ./results/nangate45_3D/bp_be/HBT/6_final.spef line 123531, net be_calculator/_17239_ not found.
[WARNING STA-1650] ./results/nangate45_3D/bp_be/HBT/6_final.spef line 123532, net be_calculator/_17594_ not found.
[WARNING STA-1650] ./results/nangate45_3D/bp_be/HBT/6_final.spef line 123533, net be_calculator/_17595_ not found.
[WARNING STA-1650] ./results/nangate45_3D/bp_be/HBT/6_final.spef line 123534, net be_calculator/_16735_ not found.
[WARNING STA-1650] ./results/nangate45_3D/bp_be/HBT/6_final.spef line 123535, net be_calculator/_16733_ not found.
[WARNING STA-1650] ./results/nangate45_3D/bp_be/HBT/6_final.spef line 123536, net be_calculator/_16734_ not found.
[WARNING STA-1650] ./results/nangate45_3D/bp_be/HBT/6_final.spef line 123537, net be_calculator/_16716_ not found.
[WARNING STA-1650] ./results/nangate45_3D/bp_be/HBT/6_final.spef line 123538, net be_calculator/_16732_ not found.
[WARNING STA-1650] ./results/nangate45_3D/bp_be/HBT/6_final.spef line 123539, net be_calculator/_16731_ not found.
[WARNING STA-1650] ./results/nangate45_3D/bp_be/HBT/6_final.spef line 123540, net be_calculator/_18539_ not found.
[WARNING STA-1650] ./results/nangate45_3D/bp_be/HBT/6_final.spef line 123541, net be_calculator/_18572_ not found.
[WARNING STA-1650] ./results/nangate45_3D/bp_be/HBT/6_final.spef line 123542, net be_calculator/_16729_ not found.
[WARNING STA-1650] ./results/nangate45_3D/bp_be/HBT/6_final.spef line 123543, net be_calculator/_16728_ not found.
[WARNING STA-1650] ./results/nangate45_3D/bp_be/HBT/6_final.spef line 123544, net be_calculator/_18168_ not found.
[WARNING STA-1650] ./results/nangate45_3D/bp_be/HBT/6_final.spef line 123545, net be_calculator/_16713_ not found.
[WARNING STA-1650] ./results/nangate45_3D/bp_be/HBT/6_final.spef line 123546, net be_calculator/_16738_ not found.
[WARNING STA-1650] ./results/nangate45_3D/bp_be/HBT/6_final.spef line 123547, net be_calculator/_17223_ not found.
[WARNING STA-1650] ./results/nangate45_3D/bp_be/HBT/6_final.spef line 123548, net be_calculator/_16714_ not found.
[WARNING STA-1650] ./results/nangate45_3D/bp_be/HBT/6_final.spef line 123549, net be_calculator/_17224_ not found.
[WARNING STA-1650] ./results/nangate45_3D/bp_be/HBT/6_final.spef line 123550, net be_calculator/_18336_ not found.
[WARNING STA-1650] ./results/nangate45_3D/bp_be/HBT/6_final.spef line 123551, net be_calculator/_16740_ not found.
[WARNING STA-1650] ./results/nangate45_3D/bp_be/HBT/6_final.spef line 123552, net be_calculator/_16736_ not found.
[WARNING STA-1650] ./results/nangate45_3D/bp_be/HBT/6_final.spef line 123553, net be_calculator/_16742_ not found.
[WARNING STA-1650] ./results/nangate45_3D/bp_be/HBT/6_final.spef line 123554, net be_calculator/_16773_ not found.
[WARNING STA-1650] ./results/nangate45_3D/bp_be/HBT/6_final.spef line 123556, net be_calculator/_16741_ not found.
[WARNING STA-1650] ./results/nangate45_3D/bp_be/HBT/6_final.spef line 123557, net be_calculator/_18340_ not found.
[WARNING STA-1650] ./results/nangate45_3D/bp_be/HBT/6_final.spef line 123558, net be_calculator/_18341_ not found.
[WARNING STA-1650] ./results/nangate45_3D/bp_be/HBT/6_final.spef line 123559, net be_calculator/_17968_ not found.
[WARNING STA-1650] ./results/nangate45_3D/bp_be/HBT/6_final.spef line 123560, net be_calculator/_17597_ not found.
[WARNING STA-1650] ./results/nangate45_3D/bp_be/HBT/6_final.spef line 123561, net be_calculator/_17599_ not found.
[WARNING STA-1650] ./results/nangate45_3D/bp_be/HBT/6_final.spef line 123562, net be_calculator/_17247_ not found.
[WARNING STA-1650] ./results/nangate45_3D/bp_be/HBT/6_final.spef line 123563, net be_calculator/_17622_ not found.
[WARNING STA-1650] ./results/nangate45_3D/bp_be/HBT/6_final.spef line 123564, net be_calculator/_18364_ not found.
[WARNING STA-1650] ./results/nangate45_3D/bp_be/HBT/6_final.spef line 123565, net be_calculator/_17511_ not found.
[WARNING STA-1650] ./results/nangate45_3D/bp_be/HBT/6_final.spef line 123566, net be_calculator/_17882_ not found.
[WARNING STA-1650] ./results/nangate45_3D/bp_be/HBT/6_final.spef line 123567, net be_calculator/_17140_ not found.
[WARNING STA-1650] ./results/nangate45_3D/bp_be/HBT/6_final.spef line 123568, net be_calculator/_16787_ not found.
[WARNING STA-1650] ./results/nangate45_3D/bp_be/HBT/6_final.spef line 123569, net be_calculator/_16797_ not found.
[WARNING STA-1650] ./results/nangate45_3D/bp_be/HBT/6_final.spef line 123570, net be_calculator/_17250_ not found.
[WARNING STA-1650] ./results/nangate45_3D/bp_be/HBT/6_final.spef line 123571, net be_calculator/_17520_ not found.
[WARNING STA-1650] ./results/nangate45_3D/bp_be/HBT/6_final.spef line 123573, net be_calculator/_18258_ not found.
[WARNING STA-1650] ./results/nangate45_3D/bp_be/HBT/6_final.spef line 123574, net be_calculator/_18629_ not found.
[WARNING STA-1650] ./results/nangate45_3D/bp_be/HBT/6_final.spef line 123575, net be_calculator/_18252_ not found.
[WARNING STA-1650] ./results/nangate45_3D/bp_be/HBT/6_final.spef line 123576, net be_calculator/_17893_ not found.
[WARNING STA-1650] ./results/nangate45_3D/bp_be/HBT/6_final.spef line 123577, net be_calculator/_17150_ not found.
[WARNING STA-1650] ./results/nangate45_3D/bp_be/HBT/6_final.spef line 123580, net be_calculator/_16635_ not found.
[WARNING STA-1650] ./results/nangate45_3D/bp_be/HBT/6_final.spef line 123581, net be_calculator/_16829_ not found.
[WARNING STA-1650] ./results/nangate45_3D/bp_be/HBT/6_final.spef line 123583, net be_calculator/_16825_ not found.
[WARNING STA-1650] ./results/nangate45_3D/bp_be/HBT/6_final.spef line 123584, net be_calculator/_16830_ not found.
[WARNING STA-1650] ./results/nangate45_3D/bp_be/HBT/6_final.spef line 123585, net be_calculator/_17186_ not found.
[WARNING STA-1650] ./results/nangate45_3D/bp_be/HBT/6_final.spef line 123586, net be_calculator/_17557_ not found.
[WARNING STA-1650] ./results/nangate45_3D/bp_be/HBT/6_final.spef line 123587, net be_calculator/_17185_ not found.
[WARNING STA-1650] ./results/nangate45_3D/bp_be/HBT/6_final.spef line 123588, net be_calculator/_18672_ not found.
[WARNING STA-1650] ./results/nangate45_3D/bp_be/HBT/6_final.spef line 123589, net be_calculator/_17420_ not found.
[WARNING STA-1650] ./results/nangate45_3D/bp_be/HBT/6_final.spef line 123590, net be_calculator/_18670_ not found.
[WARNING STA-1650] ./results/nangate45_3D/bp_be/HBT/6_final.spef line 123591, net be_calculator/_17423_ not found.
[WARNING STA-1650] ./results/nangate45_3D/bp_be/HBT/6_final.spef line 123592, net be_calculator/_18807_ not found.
[WARNING STA-1650] ./results/nangate45_3D/bp_be/HBT/6_final.spef line 123593, net be_calculator/_19000_ not found.
[WARNING STA-1650] ./results/nangate45_3D/bp_be/HBT/6_final.spef line 123594, net be_calculator/_18872_ not found.
[WARNING STA-1650] ./results/nangate45_3D/bp_be/HBT/6_final.spef line 123595, net be_calculator/_18538_ not found.
[WARNING STA-1650] ./results/nangate45_3D/bp_be/HBT/6_final.spef line 123596, net be_calculator/_18447_ not found.
[WARNING STA-1650] ./results/nangate45_3D/bp_be/HBT/6_final.spef line 123597, net be_calculator/_17793_ not found.
[WARNING STA-1650] ./results/nangate45_3D/bp_be/HBT/6_final.spef line 123598, net be_calculator/_17421_ not found.
[WARNING STA-1650] ./results/nangate45_3D/bp_be/HBT/6_final.spef line 123599, net be_calculator/_18535_ not found.
[WARNING STA-1650] ./results/nangate45_3D/bp_be/HBT/6_final.spef line 123600, net be_calculator/_17359_ not found.
[WARNING STA-1650] ./results/nangate45_3D/bp_be/HBT/6_final.spef line 123601, net be_calculator/_18536_ not found.
[WARNING STA-1650] ./results/nangate45_3D/bp_be/HBT/6_final.spef line 123602, net be_calculator/_18165_ not found.
[WARNING STA-1650] ./results/nangate45_3D/bp_be/HBT/6_final.spef line 123603, net be_calculator/_17361_ not found.
[WARNING STA-1650] ./results/nangate45_3D/bp_be/HBT/6_final.spef line 123604, net be_calculator/_18935_ not found.
[WARNING STA-1650] ./results/nangate45_3D/bp_be/HBT/6_final.spef line 123605, net be_calculator/_17729_ not found.
[WARNING STA-1650] ./results/nangate45_3D/bp_be/HBT/6_final.spef line 123606, net be_calculator/_17343_ not found.
[WARNING STA-1650] ./results/nangate45_3D/bp_be/HBT/6_final.spef line 123607, net be_mmu/dcache/_25452_ not found.
[WARNING STA-1650] ./results/nangate45_3D/bp_be/HBT/6_final.spef line 123608, net be_calculator/_18086_ not found.
[WARNING STA-1650] ./results/nangate45_3D/bp_be/HBT/6_final.spef line 123609, net be_calculator/_17715_ not found.
[WARNING STA-1650] ./results/nangate45_3D/bp_be/HBT/6_final.spef line 123610, net be_mmu/dcache/_25486_ not found.
[WARNING STA-1650] ./results/nangate45_3D/bp_be/HBT/6_final.spef line 123611, net be_calculator/_17322_ not found.
[WARNING STA-1650] ./results/nangate45_3D/bp_be/HBT/6_final.spef line 123612, net be_calculator/_18457_ not found.
[WARNING STA-1650] ./results/nangate45_3D/bp_be/HBT/6_final.spef line 123613, net be_mmu/dcache/_25518_ not found.
[WARNING STA-1650] ./results/nangate45_3D/bp_be/HBT/6_final.spef line 123614, net be_mmu/dcache/_25453_ not found.
[WARNING STA-1650] ./results/nangate45_3D/bp_be/HBT/6_final.spef line 123615, net be_calculator/_17344_ not found.
[WARNING STA-1650] ./results/nangate45_3D/bp_be/HBT/6_final.spef line 123616, net be_calculator/_18456_ not found.
[WARNING STA-1650] ./results/nangate45_3D/bp_be/HBT/6_final.spef line 123617, net be_calculator/_18085_ not found.
[WARNING STA-1650] ./results/nangate45_3D/bp_be/HBT/6_final.spef line 123618, net be_calculator/_17714_ not found.
[WARNING STA-1650] ./results/nangate45_3D/bp_be/HBT/6_final.spef line 123619, net be_calculator/_18527_ not found.
[WARNING STA-1650] ./results/nangate45_3D/bp_be/HBT/6_final.spef line 123620, net be_calculator/_18156_ not found.
[WARNING STA-1650] ./results/nangate45_3D/bp_be/HBT/6_final.spef line 123621, net be_calculator/_17785_ not found.
[WARNING STA-1650] ./results/nangate45_3D/bp_be/HBT/6_final.spef line 123622, net be_calculator/_18467_ not found.
[WARNING STA-1650] ./results/nangate45_3D/bp_be/HBT/6_final.spef line 123623, net be_mmu/dcache/_25467_ not found.
[WARNING STA-1650] ./results/nangate45_3D/bp_be/HBT/6_final.spef line 123624, net be_calculator/_18096_ not found.
[WARNING STA-1650] ./results/nangate45_3D/bp_be/HBT/6_final.spef line 123625, net be_calculator/_18451_ not found.
[WARNING STA-1650] ./results/nangate45_3D/bp_be/HBT/6_final.spef line 123626, net be_calculator/_18155_ not found.
[WARNING STA-1650] ./results/nangate45_3D/bp_be/HBT/6_final.spef line 123627, net be_calculator/_18526_ not found.
[WARNING STA-1650] ./results/nangate45_3D/bp_be/HBT/6_final.spef line 123628, net be_calculator/_17414_ not found.
[WARNING STA-1650] ./results/nangate45_3D/bp_be/HBT/6_final.spef line 123629, net be_calculator/_17725_ not found.
[WARNING STA-1650] ./results/nangate45_3D/bp_be/HBT/6_final.spef line 123630, net be_calculator/_18080_ not found.
[WARNING STA-1650] ./results/nangate45_3D/bp_be/HBT/6_final.spef line 123631, net be_calculator/_17709_ not found.
[WARNING STA-1650] ./results/nangate45_3D/bp_be/HBT/6_final.spef line 123632, net be_calculator/_18154_ not found.
[WARNING STA-1650] ./results/nangate45_3D/bp_be/HBT/6_final.spef line 123633, net be_calculator/_17338_ not found.
[WARNING STA-1650] ./results/nangate45_3D/bp_be/HBT/6_final.spef line 123634, net be_calculator/_16983_ not found.
[WARNING STA-1650] ./results/nangate45_3D/bp_be/HBT/6_final.spef line 123635, net be_calculator/_18470_ not found.
[WARNING STA-1650] ./results/nangate45_3D/bp_be/HBT/6_final.spef line 123636, net be_calculator/_17354_ not found.
[WARNING STA-1650] ./results/nangate45_3D/bp_be/HBT/6_final.spef line 123637, net be_calculator/_18471_ not found.
[WARNING STA-1650] ./results/nangate45_3D/bp_be/HBT/6_final.spef line 123638, net be_calculator/_18930_ not found.
[WARNING STA-1650] ./results/nangate45_3D/bp_be/HBT/6_final.spef line 123639, net be_calculator/_18100_ not found.
[WARNING STA-1650] ./results/nangate45_3D/bp_be/HBT/6_final.spef line 123640, net be_calculator/_18531_ not found.
[WARNING STA-1650] ./results/nangate45_3D/bp_be/HBT/6_final.spef line 123641, net be_calculator/_17784_ not found.
[WARNING STA-1650] ./results/nangate45_3D/bp_be/HBT/6_final.spef line 123642, net be_calculator/_17413_ not found.
[WARNING STA-1650] ./results/nangate45_3D/bp_be/HBT/6_final.spef line 123643, net be_calculator/_18160_ not found.
[WARNING STA-1650] ./results/nangate45_3D/bp_be/HBT/6_final.spef line 123644, net be_calculator/_17789_ not found.
[WARNING STA-1650] ./results/nangate45_3D/bp_be/HBT/6_final.spef line 123645, net be_calculator/_17418_ not found.
[WARNING STA-1650] ./results/nangate45_3D/bp_be/HBT/6_final.spef line 123646, net be_calculator/_17047_ not found.
[WARNING STA-1650] ./results/nangate45_3D/bp_be/HBT/6_final.spef line 123647, net be_calculator/_19061_ not found.
[WARNING STA-1650] ./results/nangate45_3D/bp_be/HBT/6_final.spef line 123648, net be_calculator/_18802_ not found.
[WARNING STA-1650] ./results/nangate45_3D/bp_be/HBT/6_final.spef line 123649, net be_calculator/_17358_ not found.
[WARNING STA-1650] ./results/nangate45_3D/bp_be/HBT/6_final.spef line 123650, net be_calculator/_18099_ not found.
[WARNING STA-1650] ./results/nangate45_3D/bp_be/HBT/6_final.spef line 123651, net be_calculator/_17728_ not found.
[WARNING STA-1650] ./results/nangate45_3D/bp_be/HBT/6_final.spef line 123652, net be_calculator/_16967_ not found.
[WARNING STA-1650] ./results/nangate45_3D/bp_be/HBT/6_final.spef line 123653, net be_calculator/_17357_ not found.
[WARNING STA-1650] ./results/nangate45_3D/bp_be/HBT/6_final.spef line 123654, net be_calculator/_18933_ not found.
[WARNING STA-1650] ./results/nangate45_3D/bp_be/HBT/6_final.spef line 123655, net be_calculator/_18805_ not found.
[WARNING STA-1650] ./results/nangate45_3D/bp_be/HBT/6_final.spef line 123656, net be_calculator/_18534_ not found.
[WARNING STA-1650] ./results/nangate45_3D/bp_be/HBT/6_final.spef line 123657, net be_calculator/_16986_ not found.
[WARNING STA-1650] ./results/nangate45_3D/bp_be/HBT/6_final.spef line 123658, net be_calculator/_17730_ not found.
[WARNING STA-1650] ./results/nangate45_3D/bp_be/HBT/6_final.spef line 123659, net be_calculator/_16987_ not found.
[WARNING STA-1650] ./results/nangate45_3D/bp_be/HBT/6_final.spef line 123660, net be_calculator/_18474_ not found.
[WARNING STA-1650] ./results/nangate45_3D/bp_be/HBT/6_final.spef line 123661, net be_calculator/_18103_ not found.
[WARNING STA-1650] ./results/nangate45_3D/bp_be/HBT/6_final.spef line 123662, net be_calculator/_17732_ not found.
[WARNING STA-1650] ./results/nangate45_3D/bp_be/HBT/6_final.spef line 123663, net be_calculator/_18444_ not found.
[WARNING STA-1650] ./results/nangate45_3D/bp_be/HBT/6_final.spef line 123664, net be_calculator/_17351_ not found.
[WARNING STA-1650] ./results/nangate45_3D/bp_be/HBT/6_final.spef line 123665, net be_calculator/_16977_ not found.
[WARNING STA-1650] ./results/nangate45_3D/bp_be/HBT/6_final.spef line 123666, net be_calculator/_17348_ not found.
[WARNING STA-1650] ./results/nangate45_3D/bp_be/HBT/6_final.spef line 123667, net be_calculator/_17412_ not found.
[WARNING STA-1650] ./results/nangate45_3D/bp_be/HBT/6_final.spef line 123668, net be_calculator/_16973_ not found.
[WARNING STA-1650] ./results/nangate45_3D/bp_be/HBT/6_final.spef line 123669, net be_mmu/dcache/_25420_ not found.
[WARNING STA-1650] ./results/nangate45_3D/bp_be/HBT/6_final.spef line 123670, net be_mmu/dcache/_25485_ not found.
[WARNING STA-1650] ./results/nangate45_3D/bp_be/HBT/6_final.spef line 123671, net be_mmu/dcache/_25531_ not found.
[WARNING STA-1650] ./results/nangate45_3D/bp_be/HBT/6_final.spef line 123672, net be_calculator/_18446_ not found.
[WARNING STA-1650] ./results/nangate45_3D/bp_be/HBT/6_final.spef line 123673, net be_calculator/_17349_ not found.
[WARNING STA-1650] ./results/nangate45_3D/bp_be/HBT/6_final.spef line 123674, net be_calculator/_18091_ not found.
[WARNING STA-1650] ./results/nangate45_3D/bp_be/HBT/6_final.spef line 123675, net be_calculator/_18462_ not found.
[WARNING STA-1650] ./results/nangate45_3D/bp_be/HBT/6_final.spef line 123676, net be_mmu/dcache/_25860_ not found.
[WARNING STA-1650] ./results/nangate45_3D/bp_be/HBT/6_final.spef line 123677, net be_mmu/dcache/_25829_ not found.
[WARNING STA-1650] ./results/nangate45_3D/bp_be/HBT/6_final.spef line 123678, net be_mmu/dcache/lce/_22868_ not found.
[WARNING STA-1650] ./results/nangate45_3D/bp_be/HBT/6_final.spef line 123679, net be_mmu/dcache/lce/_22347_ not found.
[WARNING STA-1650] ./results/nangate45_3D/bp_be/HBT/6_final.spef line 123680, net be_mmu/dcache/_25913_ not found.
[WARNING STA-1650] ./results/nangate45_3D/bp_be/HBT/6_final.spef line 123681, net be_mmu/dcache/_25370_ not found.
[WARNING STA-1650] ./results/nangate45_3D/bp_be/HBT/6_final.spef line 123682, net be_mmu/dcache/_25910_ not found.
[WARNING STA-1650] ./results/nangate45_3D/bp_be/HBT/6_final.spef line 123683, net be_mmu/dcache/_25369_ not found.
[WARNING STA-1650] ./results/nangate45_3D/bp_be/HBT/6_final.spef line 123684, net be_mmu/dcache/_25830_ not found.
[WARNING STA-1650] ./results/nangate45_3D/bp_be/HBT/6_final.spef line 123685, net be_mmu/dcache/_25796_ not found.
[WARNING STA-1650] ./results/nangate45_3D/bp_be/HBT/6_final.spef line 123686, net be_mmu/dcache/_25897_ not found.
[WARNING STA-1650] ./results/nangate45_3D/bp_be/HBT/6_final.spef line 123687, net be_mmu/dcache/_25811_ not found.
[WARNING STA-1650] ./results/nangate45_3D/bp_be/HBT/6_final.spef line 123688, net be_mmu/dcache/_25368_ not found.
[WARNING STA-1650] ./results/nangate45_3D/bp_be/HBT/6_final.spef line 123689, net be_mmu/dcache/_25920_ not found.
[WARNING STA-1650] ./results/nangate45_3D/bp_be/HBT/6_final.spef line 123690, net be_mmu/dcache/_25351_ not found.
[WARNING STA-1650] ./results/nangate45_3D/bp_be/HBT/6_final.spef line 123691, net be_mmu/dcache/_25808_ not found.
[WARNING STA-1650] ./results/nangate45_3D/bp_be/HBT/6_final.spef line 123692, net be_mmu/dcache/_25866_ not found.
[WARNING STA-1650] ./results/nangate45_3D/bp_be/HBT/6_final.spef line 123693, net be_mmu/dcache/_25915_ not found.
[WARNING STA-1650] ./results/nangate45_3D/bp_be/HBT/6_final.spef line 123694, net be_mmu/dcache/_25863_ not found.
[WARNING STA-1650] ./results/nangate45_3D/bp_be/HBT/6_final.spef line 123695, net be_mmu/dcache/_25365_ not found.
[WARNING STA-1650] ./results/nangate45_3D/bp_be/HBT/6_final.spef line 123696, net be_mmu/dcache/_25894_ not found.
[WARNING STA-1650] ./results/nangate45_3D/bp_be/HBT/6_final.spef line 123697, net be_mmu/dcache/_25911_ not found.
[WARNING STA-1650] ./results/nangate45_3D/bp_be/HBT/6_final.spef line 123698, net be_mmu/dcache/_25337_ not found.
[WARNING STA-1650] ./results/nangate45_3D/bp_be/HBT/6_final.spef line 123699, net be_mmu/dcache/_25880_ not found.
[WARNING STA-1650] ./results/nangate45_3D/bp_be/HBT/6_final.spef line 123700, net be_mmu/dcache/_25352_ not found.
[WARNING STA-1650] ./results/nangate45_3D/bp_be/HBT/6_final.spef line 123701, net be_mmu/dcache/_25332_ not found.
[WARNING STA-1650] ./results/nangate45_3D/bp_be/HBT/6_final.spef line 123702, net be_mmu/dcache/_25354_ not found.
[WARNING STA-1650] ./results/nangate45_3D/bp_be/HBT/6_final.spef line 123703, net be_mmu/dcache/_25377_ not found.
[WARNING STA-1650] ./results/nangate45_3D/bp_be/HBT/6_final.spef line 123704, net be_mmu/dcache/_25925_ not found.
[WARNING STA-1650] ./results/nangate45_3D/bp_be/HBT/6_final.spef line 123705, net be_mmu/dcache/lce/_23098_ not found.
[WARNING STA-1650] ./results/nangate45_3D/bp_be/HBT/6_final.spef line 123706, net be_mmu/dcache/lce/_22648_ not found.
[WARNING STA-1650] ./results/nangate45_3D/bp_be/HBT/6_final.spef line 123707, net be_mmu/dcache/lce/_21251_ not found.
[WARNING STA-1650] ./results/nangate45_3D/bp_be/HBT/6_final.spef line 123708, net be_mmu/dcache/lce/_21407_ not found.
[WARNING STA-1650] ./results/nangate45_3D/bp_be/HBT/6_final.spef line 123709, net be_mmu/dcache/lce/_21928_ not found.
[WARNING STA-1650] ./results/nangate45_3D/bp_be/HBT/6_final.spef line 123710, net be_mmu/dcache/lce/_21564_ not found.
[WARNING STA-1650] ./results/nangate45_3D/bp_be/HBT/6_final.spef line 123711, net be_mmu/dcache/lce/_21736_ not found.
[WARNING STA-1650] ./results/nangate45_3D/bp_be/HBT/6_final.spef line 123712, net be_mmu/dcache/lce/_22060_ not found.
[WARNING STA-1650] ./results/nangate45_3D/bp_be/HBT/6_final.spef line 123713, net be_mmu/dcache/lce/_21539_ not found.
[WARNING STA-1650] ./results/nangate45_3D/bp_be/HBT/6_final.spef line 123714, net be_mmu/dcache/lce/_22905_ not found.
[WARNING STA-1650] ./results/nangate45_3D/bp_be/HBT/6_final.spef line 123715, net be_mmu/dcache/lce/_22941_ not found.
[WARNING STA-1650] ./results/nangate45_3D/bp_be/HBT/6_final.spef line 123716, net be_mmu/dcache/lce/_22420_ not found.
[WARNING STA-1650] ./results/nangate45_3D/bp_be/HBT/6_final.spef line 123717, net be_mmu/dcache/lce/_22122_ not found.
[WARNING STA-1650] ./results/nangate45_3D/bp_be/HBT/6_final.spef line 123718, net be_mmu/dcache/lce/_21601_ not found.
[WARNING STA-1650] ./results/nangate45_3D/bp_be/HBT/6_final.spef line 123719, net be_mmu/dcache/lce/_23163_ not found.
[WARNING STA-1650] ./results/nangate45_3D/bp_be/HBT/6_final.spef line 123720, net be_mmu/dcache/lce/_21659_ not found.
[WARNING STA-1650] ./results/nangate45_3D/bp_be/HBT/6_final.spef line 123721, net be_mmu/dcache/lce/_21794_ not found.
[WARNING STA-1650] ./results/nangate45_3D/bp_be/HBT/6_final.spef line 123722, net be_mmu/dcache/lce/_22642_ not found.
[WARNING STA-1650] ./results/nangate45_3D/bp_be/HBT/6_final.spef line 123723, net be_mmu/dcache/lce/_21273_ not found.
[WARNING STA-1650] ./results/nangate45_3D/bp_be/HBT/6_final.spef line 123724, net be_mmu/dcache/lce/_21773_ not found.
[WARNING STA-1650] ./results/nangate45_3D/bp_be/HBT/6_final.spef line 123725, net be_mmu/dcache/lce/_21252_ not found.
[WARNING STA-1650] ./results/nangate45_3D/bp_be/HBT/6_final.spef line 123726, net be_mmu/dcache/lce/_22554_ not found.
[WARNING STA-1650] ./results/nangate45_3D/bp_be/HBT/6_final.spef line 123727, net be_mmu/dcache/lce/_22499_ not found.
[WARNING STA-1650] ./results/nangate45_3D/bp_be/HBT/6_final.spef line 123728, net be_mmu/dcache/lce/_23075_ not found.
[WARNING STA-1650] ./results/nangate45_3D/bp_be/HBT/6_final.spef line 123729, net be_mmu/dcache/lce/_23118_ not found.
[WARNING STA-1650] ./results/nangate45_3D/bp_be/HBT/6_final.spef line 123730, net be_mmu/dcache/lce/_22786_ not found.
[WARNING STA-1650] ./results/nangate45_3D/bp_be/HBT/6_final.spef line 123731, net be_mmu/dcache/lce/_22668_ not found.
[WARNING STA-1650] ./results/nangate45_3D/bp_be/HBT/6_final.spef line 123732, net be_mmu/dcache/lce/_22437_ not found.
[WARNING STA-1650] ./results/nangate45_3D/bp_be/HBT/6_final.spef line 123733, net be_mmu/dcache/lce/_22958_ not found.
[WARNING STA-1650] ./results/nangate45_3D/bp_be/HBT/6_final.spef line 123734, net be_mmu/dcache/lce/_23189_ not found.
[WARNING STA-1650] ./results/nangate45_3D/bp_be/HBT/6_final.spef line 123735, net be_mmu/dcache/lce/_23184_ not found.
[WARNING STA-1650] ./results/nangate45_3D/bp_be/HBT/6_final.spef line 123736, net be_mmu/dcache/lce/_21655_ not found.
[WARNING STA-1650] ./results/nangate45_3D/bp_be/HBT/6_final.spef line 123737, net be_mmu/dcache/lce/_22176_ not found.
[WARNING STA-1650] ./results/nangate45_3D/bp_be/HBT/6_final.spef line 123738, net be_mmu/dcache/lce/_21536_ not found.
[WARNING STA-1650] ./results/nangate45_3D/bp_be/HBT/6_final.spef line 123739, net be_mmu/dcache/lce/_23061_ not found.
[WARNING STA-1650] ./results/nangate45_3D/bp_be/HBT/6_final.spef line 123740, net be_mmu/dcache/lce/_22540_ not found.
[WARNING STA-1650] ./results/nangate45_3D/bp_be/HBT/6_final.spef line 123741, net be_mmu/dcache/lce/_21433_ not found.
[WARNING STA-1650] ./results/nangate45_3D/bp_be/HBT/6_final.spef line 123742, net be_mmu/dcache/lce/_21954_ not found.
[WARNING STA-1650] ./results/nangate45_3D/bp_be/HBT/6_final.spef line 123743, net be_mmu/dcache/lce/_21443_ not found.
[WARNING STA-1650] ./results/nangate45_3D/bp_be/HBT/6_final.spef line 123744, net be_mmu/dcache/lce/_21964_ not found.
[WARNING STA-1650] ./results/nangate45_3D/bp_be/HBT/6_final.spef line 123745, net be_mmu/dcache/lce/_21256_ not found.
[WARNING STA-1650] ./results/nangate45_3D/bp_be/HBT/6_final.spef line 123746, net be_mmu/dcache/lce/_21209_ not found.
[WARNING STA-1650] ./results/nangate45_3D/bp_be/HBT/6_final.spef line 123747, net be_mmu/dcache/lce/_22973_ not found.
[WARNING STA-1650] ./results/nangate45_3D/bp_be/HBT/6_final.spef line 123748, net be_mmu/dcache/lce/_21390_ not found.
[WARNING STA-1650] ./results/nangate45_3D/bp_be/HBT/6_final.spef line 123749, net be_mmu/dcache/lce/_22777_ not found.
[WARNING STA-1650] ./results/nangate45_3D/bp_be/HBT/6_final.spef line 123750, net be_mmu/dcache/lce/_22452_ not found.
[WARNING STA-1650] ./results/nangate45_3D/bp_be/HBT/6_final.spef line 123751, net be_mmu/dcache/lce/_22882_ not found.
[WARNING STA-1650] ./results/nangate45_3D/bp_be/HBT/6_final.spef line 123752, net be_mmu/dcache/lce/_22736_ not found.
[WARNING STA-1650] ./results/nangate45_3D/bp_be/HBT/6_final.spef line 123753, net be_mmu/dcache/lce/_20570_ not found.
[WARNING STA-1650] ./results/nangate45_3D/bp_be/HBT/6_final.spef line 123754, net be_mmu/dcache/lce/_22599_ not found.
[WARNING STA-1650] ./results/nangate45_3D/bp_be/HBT/6_final.spef line 123755, net be_mmu/dcache/lce/_21733_ not found.
[WARNING STA-1650] ./results/nangate45_3D/bp_be/HBT/6_final.spef line 123756, net be_mmu/dcache/lce/_21987_ not found.
[WARNING STA-1650] ./results/nangate45_3D/bp_be/HBT/6_final.spef line 123757, net be_mmu/dcache/lce/_22968_ not found.
[WARNING STA-1650] ./results/nangate45_3D/bp_be/HBT/6_final.spef line 123758, net be_mmu/dcache/lce/_21503_ not found.
[WARNING STA-1650] ./results/nangate45_3D/bp_be/HBT/6_final.spef line 123759, net be_mmu/dcache/lce/_21800_ not found.
[WARNING STA-1650] ./results/nangate45_3D/bp_be/HBT/6_final.spef line 123760, net be_mmu/dcache/lce/_21968_ not found.
[WARNING STA-1650] ./results/nangate45_3D/bp_be/HBT/6_final.spef line 123761, net be_mmu/dcache/lce/_22972_ not found.
[WARNING STA-1650] ./results/nangate45_3D/bp_be/HBT/6_final.spef line 123762, net be_mmu/dcache/lce/_22000_ not found.
[WARNING STA-1650] ./results/nangate45_3D/bp_be/HBT/6_final.spef line 123763, net be_mmu/dcache/lce/_21479_ not found.
[WARNING STA-1650] ./results/nangate45_3D/bp_be/HBT/6_final.spef line 123764, net be_mmu/dcache/lce/_22024_ not found.
[WARNING STA-1650] ./results/nangate45_3D/bp_be/HBT/6_final.spef line 123765, net be_mmu/dcache/lce/_21777_ not found.
[WARNING STA-1650] ./results/nangate45_3D/bp_be/HBT/6_final.spef line 123766, net be_mmu/dcache/lce/_23028_ not found.
[WARNING STA-1650] ./results/nangate45_3D/bp_be/HBT/6_final.spef line 123767, net be_mmu/dcache/lce/_22507_ not found.
[WARNING STA-1650] ./results/nangate45_3D/bp_be/HBT/6_final.spef line 123768, net be_mmu/dcache/lce/_20549_ not found.
[WARNING STA-1650] ./results/nangate45_3D/bp_be/HBT/6_final.spef line 123769, net be_mmu/dcache/lce/_22715_ not found.
[WARNING STA-1650] ./results/nangate45_3D/bp_be/HBT/6_final.spef line 123770, net be_mmu/dcache/lce/_22451_ not found.
[WARNING STA-1650] ./results/nangate45_3D/bp_be/HBT/6_final.spef line 123771, net be_mmu/dcache/lce/_21261_ not found.
[WARNING STA-1650] ./results/nangate45_3D/bp_be/HBT/6_final.spef line 123772, net be_mmu/dcache/lce/_21782_ not found.
[WARNING STA-1650] ./results/nangate45_3D/bp_be/HBT/6_final.spef line 123773, net be_mmu/dcache/lce/_21961_ not found.
[WARNING STA-1650] ./results/nangate45_3D/bp_be/HBT/6_final.spef line 123774, net be_mmu/dcache/lce/_21440_ not found.
[WARNING STA-1650] ./results/nangate45_3D/bp_be/HBT/6_final.spef line 123775, net be_mmu/dcache/lce/_21834_ not found.
[WARNING STA-1650] ./results/nangate45_3D/bp_be/HBT/6_final.spef line 123776, net be_mmu/dcache/data_mem_1__data_mem/macro_mem/mem not found.
[WARNING STA-1650] ./results/nangate45_3D/bp_be/HBT/6_final.spef line 123777, net be_mmu/dcache/lce/_21787_ not found.
[WARNING STA-1650] ./results/nangate45_3D/bp_be/HBT/6_final.spef line 123778, net be_mmu/dcache/lce/_21934_ not found.
[WARNING STA-1650] ./results/nangate45_3D/bp_be/HBT/6_final.spef line 123779, net be_mmu/dcache/lce/_21413_ not found.
[WARNING STA-1650] ./results/nangate45_3D/bp_be/HBT/6_final.spef line 123780, net be_mmu/dcache/lce/_21580_ not found.
[WARNING STA-1650] ./results/nangate45_3D/bp_be/HBT/6_final.spef line 123781, net be_mmu/dcache/lce/_22101_ not found.
[WARNING STA-1650] ./results/nangate45_3D/bp_be/HBT/6_final.spef line 123782, net be_mmu/dcache/lce/_22172_ not found.
[WARNING STA-1650] ./results/nangate45_3D/bp_be/HBT/6_final.spef line 123783, net be_mmu/dcache/lce/_21651_ not found.
[WARNING STA-1650] ./results/nangate45_3D/bp_be/HBT/6_final.spef line 123784, net be_mmu/dcache/lce/_23113_ not found.
[WARNING STA-1650] ./results/nangate45_3D/bp_be/HBT/6_final.spef line 123785, net be_mmu/dcache/lce/_21554_ not found.
[WARNING STA-1650] ./results/nangate45_3D/bp_be/HBT/6_final.spef line 123786, net be_mmu/dcache/lce/_22075_ not found.
[WARNING STA-1650] ./results/nangate45_3D/bp_be/HBT/6_final.spef line 123787, net be_mmu/dcache/lce/_22598_ not found.
[WARNING STA-1650] ./results/nangate45_3D/bp_be/HBT/6_final.spef line 123788, net be_mmu/dcache/lce/_22655_ not found.
[WARNING STA-1650] ./results/nangate45_3D/bp_be/HBT/6_final.spef line 123789, net be_mmu/dcache/lce/_22449_ not found.
[WARNING STA-1650] ./results/nangate45_3D/bp_be/HBT/6_final.spef line 123790, net be_mmu/dcache/lce/_22970_ not found.
[WARNING STA-1650] ./results/nangate45_3D/bp_be/HBT/6_final.spef line 123791, net be_mmu/dcache/lce/_22592_ not found.
[WARNING STA-1650] ./results/nangate45_3D/bp_be/HBT/6_final.spef line 123792, net be_mmu/dcache/lce/_21198_ not found.
[WARNING STA-1650] ./results/nangate45_3D/bp_be/HBT/6_final.spef line 123793, net be_mmu/dcache/lce/_21722_ not found.
[WARNING STA-1650] ./results/nangate45_3D/bp_be/HBT/6_final.spef line 123794, net be_mmu/dcache/lce/_23176_ not found.
[WARNING STA-1650] ./results/nangate45_3D/bp_be/HBT/6_final.spef line 123795, net be_mmu/dcache/lce/_21266_ not found.
[WARNING STA-1650] ./results/nangate45_3D/bp_be/HBT/6_final.spef line 123796, net be_mmu/dcache/lce/_22155_ not found.
[WARNING STA-1650] ./results/nangate45_3D/bp_be/HBT/6_final.spef line 123797, net be_mmu/dcache/lce/_21634_ not found.
[WARNING STA-1650] ./results/nangate45_3D/bp_be/HBT/6_final.spef line 123798, net be_mmu/dcache/lce/_21313_ not found.
[WARNING STA-1650] ./results/nangate45_3D/bp_be/HBT/6_final.spef line 123799, net be_mmu/dcache/lce/_22838_ not found.
[WARNING STA-1650] ./results/nangate45_3D/bp_be/HBT/6_final.spef line 123800, net be_mmu/dcache/lce/_22373_ not found.
[WARNING STA-1650] ./results/nangate45_3D/bp_be/HBT/6_final.spef line 123801, net be_mmu/dcache/lce/_22317_ not found.
[WARNING STA-1650] ./results/nangate45_3D/bp_be/HBT/6_final.spef line 123802, net be_mmu/dcache/lce/_22780_ not found.
[WARNING STA-1650] ./results/nangate45_3D/bp_be/HBT/6_final.spef line 123803, net be_mmu/dcache/lce/_22259_ not found.
[WARNING STA-1650] ./results/nangate45_3D/bp_be/HBT/6_final.spef line 123804, net be_mmu/dcache/lce/_21532_ not found.
[WARNING STA-1650] ./results/nangate45_3D/bp_be/HBT/6_final.spef line 123805, net be_mmu/dcache/lce/_21447_ not found.
[WARNING STA-1650] ./results/nangate45_3D/bp_be/HBT/6_final.spef line 123806, net be_mmu/dcache/lce/_22053_ not found.
[WARNING STA-1650] ./results/nangate45_3D/bp_be/HBT/6_final.spef line 123807, net be_mmu/dcache/lce/_21876_ not found.
[WARNING STA-1650] ./results/nangate45_3D/bp_be/HBT/6_final.spef line 123808, net be_mmu/dcache/lce/_21279_ not found.
[WARNING STA-1650] ./results/nangate45_3D/bp_be/HBT/6_final.spef line 123809, net be_mmu/dcache/lce/_22803_ not found.
[WARNING STA-1650] ./results/nangate45_3D/bp_be/HBT/6_final.spef line 123810, net be_mmu/dcache/lce/_22282_ not found.
[WARNING STA-1650] ./results/nangate45_3D/bp_be/HBT/6_final.spef line 123811, net be_mmu/dcache/lce/_22880_ not found.
[WARNING STA-1650] ./results/nangate45_3D/bp_be/HBT/6_final.spef line 123812, net be_mmu/dcache/lce/_23103_ not found.
[WARNING STA-1650] ./results/nangate45_3D/bp_be/HBT/6_final.spef line 123813, net be_mmu/dcache/lce/_22582_ not found.
[WARNING STA-1650] ./results/nangate45_3D/bp_be/HBT/6_final.spef line 123814, net be_mmu/dcache/lce/_21890_ not found.
[WARNING STA-1650] ./results/nangate45_3D/bp_be/HBT/6_final.spef line 123815, net be_mmu/dcache/lce/_21369_ not found.
[WARNING STA-1650] ./results/nangate45_3D/bp_be/HBT/6_final.spef line 123816, net be_mmu/dcache/lce/_21355_ not found.
[WARNING STA-1650] ./results/nangate45_3D/bp_be/HBT/6_final.spef line 123817, net be_mmu/dcache/lce/_22359_ not found.
[WARNING STA-1650] ./results/nangate45_3D/bp_be/HBT/6_final.spef line 123818, net be_mmu/dcache/lce/_22447_ not found.
[WARNING STA-1650] ./results/nangate45_3D/bp_be/HBT/6_final.spef line 123819, net be_mmu/dcache/lce/_22057_ not found.
[WARNING STA-1650] ./results/nangate45_3D/bp_be/HBT/6_final.spef line 123820, net be_mmu/dcache/lce/_23180_ not found.
[WARNING STA-1650] ./results/nangate45_3D/bp_be/HBT/6_final.spef line 123821, net be_mmu/dcache/lce/_22659_ not found.
[WARNING STA-1650] ./results/nangate45_3D/bp_be/HBT/6_final.spef line 123822, net be_mmu/dcache/lce/_22663_ not found.
[WARNING STA-1650] ./results/nangate45_3D/bp_be/HBT/6_final.spef line 123823, net be_mmu/dcache/lce/_22119_ not found.
[WARNING STA-1650] ./results/nangate45_3D/bp_be/HBT/6_final.spef line 123824, net be_mmu/dcache/lce/_22453_ not found.
[WARNING STA-1650] ./results/nangate45_3D/bp_be/HBT/6_final.spef line 123825, net be_mmu/dcache/lce/_22658_ not found.
[WARNING STA-1650] ./results/nangate45_3D/bp_be/HBT/6_final.spef line 123826, net be_mmu/dcache/lce/_23179_ not found.
[WARNING STA-1650] ./results/nangate45_3D/bp_be/HBT/6_final.spef line 123827, net be_mmu/dcache/lce/_23020_ not found.
[WARNING STA-1650] ./results/nangate45_3D/bp_be/HBT/6_final.spef line 123828, net be_mmu/dcache/lce/_22276_ not found.
[WARNING STA-1650] ./results/nangate45_3D/bp_be/HBT/6_final.spef line 123829, net be_mmu/dcache/lce/_22797_ not found.
[WARNING STA-1650] ./results/nangate45_3D/bp_be/HBT/6_final.spef line 123830, net be_mmu/dcache/lce/_21598_ not found.
[WARNING STA-1650] ./results/nangate45_3D/bp_be/HBT/6_final.spef line 123831, net be_mmu/dcache/lce/_23122_ not found.
[WARNING STA-1650] ./results/nangate45_3D/bp_be/HBT/6_final.spef line 123832, net be_mmu/dcache/lce/_21825_ not found.
[WARNING STA-1650] ./results/nangate45_3D/bp_be/HBT/6_final.spef line 123833, net be_mmu/dcache/lce/_23054_ not found.
[WARNING STA-1650] ./results/nangate45_3D/bp_be/HBT/6_final.spef line 123834, net be_mmu/dcache/lce/_22597_ not found.
[WARNING STA-1650] ./results/nangate45_3D/bp_be/HBT/6_final.spef line 123835, net be_mmu/dcache/lce/_22620_ not found.
[WARNING STA-1650] ./results/nangate45_3D/bp_be/HBT/6_final.spef line 123836, net be_mmu/dcache/lce/_21764_ not found.
[WARNING STA-1650] ./results/nangate45_3D/bp_be/HBT/6_final.spef line 123837, net be_mmu/dcache/lce/_22301_ not found.
[WARNING STA-1650] ./results/nangate45_3D/bp_be/HBT/6_final.spef line 123838, net be_mmu/dcache/lce/_23141_ not found.
[WARNING STA-1650] ./results/nangate45_3D/bp_be/HBT/6_final.spef line 123839, net be_mmu/dcache/lce/_22099_ not found.
[WARNING STA-1650] ./results/nangate45_3D/bp_be/HBT/6_final.spef line 123840, net be_mmu/dcache/lce/_22114_ not found.
[WARNING STA-1650] ./results/nangate45_3D/bp_be/HBT/6_final.spef line 123841, net be_mmu/dcache/lce/_22159_ not found.
[WARNING STA-1650] ./results/nangate45_3D/bp_be/HBT/6_final.spef line 123842, net be_mmu/dcache/lce/_21593_ not found.
[WARNING STA-1650] ./results/nangate45_3D/bp_be/HBT/6_final.spef line 123843, net be_mmu/dcache/lce/_22533_ not found.
[WARNING STA-1650] ./results/nangate45_3D/bp_be/HBT/6_final.spef line 123844, net be_mmu/dcache/lce/_22542_ not found.
[WARNING STA-1650] ./results/nangate45_3D/bp_be/HBT/6_final.spef line 123845, net be_mmu/dcache/lce/_23063_ not found.
[WARNING STA-1650] ./results/nangate45_3D/bp_be/HBT/6_final.spef line 123846, net be_mmu/dcache/lce/_23204_ not found.
[WARNING STA-1650] ./results/nangate45_3D/bp_be/HBT/6_final.spef line 123847, net be_mmu/dcache/lce/_22710_ not found.
[WARNING STA-1650] ./results/nangate45_3D/bp_be/HBT/6_final.spef line 123848, net be_mmu/dcache/lce/_21936_ not found.
[WARNING STA-1650] ./results/nangate45_3D/bp_be/HBT/6_final.spef line 123849, net be_mmu/dcache/lce/_22200_ not found.
[WARNING STA-1650] ./results/nangate45_3D/bp_be/HBT/6_final.spef line 123850, net be_mmu/dcache/lce/_21786_ not found.
[WARNING STA-1650] ./results/nangate45_3D/bp_be/HBT/6_final.spef line 123851, net be_mmu/dcache/lce/_21206_ not found.
[WARNING STA-1650] ./results/nangate45_3D/bp_be/HBT/6_final.spef line 123852, net be_mmu/dcache/lce/_21265_ not found.
[WARNING STA-1650] ./results/nangate45_3D/bp_be/HBT/6_final.spef line 123853, net be_mmu/dcache/lce/_21415_ not found.
[WARNING STA-1650] ./results/nangate45_3D/bp_be/HBT/6_final.spef line 123854, net be_mmu/dcache/lce/_21839_ not found.
[WARNING STA-1650] ./results/nangate45_3D/bp_be/HBT/6_final.spef line 123855, net be_mmu/dcache/lce/_22788_ not found.
[WARNING STA-1650] ./results/nangate45_3D/bp_be/HBT/6_final.spef line 123856, net be_mmu/dcache/lce/_22268_ not found.
[WARNING STA-1650] ./results/nangate45_3D/bp_be/HBT/6_final.spef line 123857, net be_mmu/dcache/lce/_22789_ not found.
[WARNING STA-1650] ./results/nangate45_3D/bp_be/HBT/6_final.spef line 123858, net be_mmu/dcache/lce/_22956_ not found.
[WARNING STA-1650] ./results/nangate45_3D/bp_be/HBT/6_final.spef line 123859, net be_mmu/dcache/lce/_22435_ not found.
[WARNING STA-1650] ./results/nangate45_3D/bp_be/HBT/6_final.spef line 123860, net be_mmu/dcache/lce/_22454_ not found.
[WARNING STA-1650] ./results/nangate45_3D/bp_be/HBT/6_final.spef line 123861, net be_mmu/dcache/lce/_22443_ not found.
[WARNING STA-1650] ./results/nangate45_3D/bp_be/HBT/6_final.spef line 123862, net be_mmu/dcache/lce/_22975_ not found.
[WARNING STA-1650] ./results/nangate45_3D/bp_be/HBT/6_final.spef line 123863, net be_mmu/dcache/lce/_22425_ not found.
[WARNING STA-1650] ./results/nangate45_3D/bp_be/HBT/6_final.spef line 123864, net be_mmu/dcache/lce/_22946_ not found.
[WARNING STA-1650] ./results/nangate45_3D/bp_be/HBT/6_final.spef line 123865, net be_mmu/dcache/lce/_23215_ not found.
[WARNING STA-1650] ./results/nangate45_3D/bp_be/HBT/6_final.spef line 123866, net be_mmu/dcache/lce/_22267_ not found.
[WARNING STA-1650] ./results/nangate45_3D/bp_be/HBT/6_final.spef line 123867, net be_mmu/dcache/lce/_22694_ not found.
[WARNING STA-1650] ./results/nangate45_3D/bp_be/HBT/6_final.spef line 123868, net be_mmu/dcache/lce/_22738_ not found.
[WARNING STA-1650] ./results/nangate45_3D/bp_be/HBT/6_final.spef line 123869, net be_mmu/dcache/lce/_20572_ not found.
[WARNING STA-1650] ./results/nangate45_3D/bp_be/HBT/6_final.spef line 123870, net be_mmu/dcache/lce/_22211_ not found.
[WARNING STA-1650] ./results/nangate45_3D/bp_be/HBT/6_final.spef line 123871, net be_mmu/dcache/lce/_22933_ not found.
[WARNING STA-1650] ./results/nangate45_3D/bp_be/HBT/6_final.spef line 123872, net be_mmu/dcache/lce/_22412_ not found.
[WARNING STA-1650] ./results/nangate45_3D/bp_be/HBT/6_final.spef line 123873, net be_mmu/dcache/lce/_22588_ not found.
[WARNING STA-1650] ./results/nangate45_3D/bp_be/HBT/6_final.spef line 123874, net be_mmu/dcache/lce/_23109_ not found.
[WARNING STA-1650] ./results/nangate45_3D/bp_be/HBT/6_final.spef line 123875, net be_mmu/dcache/lce/_22537_ not found.
[WARNING STA-1650] ./results/nangate45_3D/bp_be/HBT/6_final.spef line 123876, net be_mmu/dcache/lce/_22964_ not found.
[WARNING STA-1650] ./results/nangate45_3D/bp_be/HBT/6_final.spef line 123877, net be_mmu/dcache/lce/_23058_ not found.
[WARNING STA-1650] ./results/nangate45_3D/bp_be/HBT/6_final.spef line 123878, net be_mmu/dcache/lce/_22328_ not found.
[WARNING STA-1650] ./results/nangate45_3D/bp_be/HBT/6_final.spef line 123879, net be_mmu/dcache/lce/_22624_ not found.
[WARNING STA-1650] ./results/nangate45_3D/bp_be/HBT/6_final.spef line 123880, net be_mmu/dcache/lce/_21574_ not found.
[WARNING STA-1650] ./results/nangate45_3D/bp_be/HBT/6_final.spef line 123881, net be_mmu/dcache/lce/_22006_ not found.
[WARNING STA-1650] ./results/nangate45_3D/bp_be/HBT/6_final.spef line 123882, net be_mmu/dcache/lce/_21735_ not found.
[WARNING STA-1650] ./results/nangate45_3D/bp_be/HBT/6_final.spef line 123883, net be_mmu/dcache/lce/_22925_ not found.
[WARNING STA-1650] ./results/nangate45_3D/bp_be/HBT/6_final.spef line 123884, net be_mmu/dcache/lce/_22129_ not found.
[WARNING STA-1650] ./results/nangate45_3D/bp_be/HBT/6_final.spef line 123885, net be_mmu/dcache/lce/_21971_ not found.
[WARNING STA-1650] ./results/nangate45_3D/bp_be/HBT/6_final.spef line 123886, net be_mmu/dcache/lce/_23145_ not found.
[WARNING STA-1650] ./results/nangate45_3D/bp_be/HBT/6_final.spef line 123887, net be_mmu/dcache/lce/_21921_ not found.
[WARNING STA-1650] ./results/nangate45_3D/bp_be/HBT/6_final.spef line 123888, net be_mmu/dcache/lce/_21450_ not found.
[WARNING STA-1650] ./results/nangate45_3D/bp_be/HBT/6_final.spef line 123889, net be_mmu/dcache/lce/_22368_ not found.
[WARNING STA-1650] ./results/nangate45_3D/bp_be/HBT/6_final.spef line 123890, net be_mmu/dcache/lce/_21690_ not found.
[WARNING STA-1650] ./results/nangate45_3D/bp_be/HBT/6_final.spef line 123891, net be_mmu/dcache/lce/_21942_ not found.
[WARNING STA-1650] ./results/nangate45_3D/bp_be/HBT/6_final.spef line 123892, net be_mmu/dcache/lce/_21421_ not found.
[WARNING STA-1650] ./results/nangate45_3D/bp_be/HBT/6_final.spef line 123893, net be_mmu/dcache/lce/_22376_ not found.
[WARNING STA-1650] ./results/nangate45_3D/bp_be/HBT/6_final.spef line 123894, net be_mmu/dcache/lce/_23221_ not found.
[WARNING STA-1650] ./results/nangate45_3D/bp_be/HBT/6_final.spef line 123895, net be_mmu/dcache/lce/_22700_ not found.
[WARNING STA-1650] ./results/nangate45_3D/bp_be/HBT/6_final.spef line 123896, net be_mmu/dcache/lce/_21899_ not found.
[WARNING STA-1650] ./results/nangate45_3D/bp_be/HBT/6_final.spef line 123897, net be_mmu/dcache/lce/_22153_ not found.
[WARNING STA-1650] ./results/nangate45_3D/bp_be/HBT/6_final.spef line 123898, net be_mmu/dcache/lce/_22893_ not found.
[WARNING STA-1650] ./results/nangate45_3D/bp_be/HBT/6_final.spef line 123899, net be_mmu/dcache/lce/_22897_ not found.
[WARNING STA-1650] ./results/nangate45_3D/bp_be/HBT/6_final.spef line 123900, net be_mmu/dcache/lce/_22604_ not found.
[WARNING STA-1650] ./results/nangate45_3D/bp_be/HBT/6_final.spef line 123901, net be_mmu/dcache/lce/_21608_ not found.
[WARNING STA-1650] ./results/nangate45_3D/bp_be/HBT/6_final.spef line 123902, net be_mmu/dcache/lce/_21785_ not found.
[WARNING STA-1650] ./results/nangate45_3D/bp_be/HBT/6_final.spef line 123903, net be_mmu/dcache/lce/_23015_ not found.
[WARNING STA-1650] ./results/nangate45_3D/bp_be/HBT/6_final.spef line 123904, net be_mmu/dcache/lce/_22404_ not found.
[WARNING STA-1650] ./results/nangate45_3D/bp_be/HBT/6_final.spef line 123905, net be_mmu/dcache/lce/_21400_ not found.
[WARNING STA-1650] ./results/nangate45_3D/bp_be/HBT/6_final.spef line 123906, net be_mmu/dcache/lce/_22095_ not found.
[WARNING STA-1650] ./results/nangate45_3D/bp_be/HBT/6_final.spef line 123907, net be_mmu/dcache/lce/_21439_ not found.
[WARNING STA-1650] ./results/nangate45_3D/bp_be/HBT/6_final.spef line 123908, net be_mmu/dcache/lce/_22234_ not found.
[WARNING STA-1650] ./results/nangate45_3D/bp_be/HBT/6_final.spef line 123909, net be_mmu/dcache/lce/_22755_ not found.
[WARNING STA-1650] ./results/nangate45_3D/bp_be/HBT/6_final.spef line 123910, net be_mmu/dcache/lce/_22432_ not found.
[WARNING STA-1650] ./results/nangate45_3D/bp_be/HBT/6_final.spef line 123911, net be_mmu/dcache/lce/_21886_ not found.
[WARNING STA-1650] ./results/nangate45_3D/bp_be/HBT/6_final.spef line 123912, net be_mmu/dcache/lce/_22940_ not found.
[WARNING STA-1650] ./results/nangate45_3D/bp_be/HBT/6_final.spef line 123913, net be_mmu/dcache/lce/_22333_ not found.
[WARNING STA-1650] ./results/nangate45_3D/bp_be/HBT/6_final.spef line 123914, net be_mmu/dcache/lce/_22084_ not found.
[WARNING STA-1650] ./results/nangate45_3D/bp_be/HBT/6_final.spef line 123915, net be_mmu/dcache/lce/_21563_ not found.
[WARNING STA-1650] ./results/nangate45_3D/bp_be/HBT/6_final.spef line 123916, net be_mmu/dcache/lce/_21365_ not found.
[WARNING STA-1650] ./results/nangate45_3D/bp_be/HBT/6_final.spef line 123917, net be_mmu/dcache/lce/_21681_ not found.
[WARNING STA-1650] ./results/nangate45_3D/bp_be/HBT/6_final.spef line 123918, net be_mmu/dcache/lce/_22802_ not found.
[WARNING STA-1650] ./results/nangate45_3D/bp_be/HBT/6_final.spef line 123919, net be_mmu/dcache/lce/_22398_ not found.
[WARNING STA-1650] ./results/nangate45_3D/bp_be/HBT/6_final.spef line 123920, net be_mmu/dcache/lce/_22919_ not found.
[WARNING STA-1650] ./results/nangate45_3D/bp_be/HBT/6_final.spef line 123921, net be_mmu/dcache/lce/_22548_ not found.
[WARNING STA-1650] ./results/nangate45_3D/bp_be/HBT/6_final.spef line 123922, net be_mmu/dcache/lce/_23200_ not found.
[WARNING STA-1650] ./results/nangate45_3D/bp_be/HBT/6_final.spef line 123923, net be_mmu/dcache/lce/_23069_ not found.
[WARNING STA-1650] ./results/nangate45_3D/bp_be/HBT/6_final.spef line 123924, net be_mmu/dcache/lce/_22479_ not found.
[WARNING STA-1650] ./results/nangate45_3D/bp_be/HBT/6_final.spef line 123925, net be_mmu/dcache/lce/_22672_ not found.
[WARNING STA-1650] ./results/nangate45_3D/bp_be/HBT/6_final.spef line 123926, net be_mmu/dcache/lce/_21470_ not found.
[WARNING STA-1650] ./results/nangate45_3D/bp_be/HBT/6_final.spef line 123927, net be_mmu/dcache/lce/_21591_ not found.
[WARNING STA-1650] ./results/nangate45_3D/bp_be/HBT/6_final.spef line 123928, net be_mmu/dcache/lce/_21540_ not found.
[WARNING STA-1650] ./results/nangate45_3D/bp_be/HBT/6_final.spef line 123929, net be_mmu/dcache/lce/_22061_ not found.
[WARNING STA-1650] ./results/nangate45_3D/bp_be/HBT/6_final.spef line 123930, net be_mmu/dcache/lce/_23065_ not found.
[WARNING STA-1650] ./results/nangate45_3D/bp_be/HBT/6_final.spef line 123931, net be_mmu/dcache/lce/_21668_ not found.
[WARNING STA-1650] ./results/nangate45_3D/bp_be/HBT/6_final.spef line 123932, net be_mmu/dcache/lce/_22863_ not found.
[WARNING STA-1650] ./results/nangate45_3D/bp_be/HBT/6_final.spef line 123933, net be_mmu/dcache/lce/_21351_ not found.
[WARNING STA-1650] ./results/nangate45_3D/bp_be/HBT/6_final.spef line 123934, net be_mmu/dcache/lce/_22077_ not found.
[WARNING STA-1650] ./results/nangate45_3D/bp_be/HBT/6_final.spef line 123935, net be_mmu/dcache/lce/_21996_ not found.
[WARNING STA-1650] ./results/nangate45_3D/bp_be/HBT/6_final.spef line 123936, net be_mmu/dcache/lce/_21475_ not found.
[WARNING STA-1650] ./results/nangate45_3D/bp_be/HBT/6_final.spef line 123937, net be_mmu/dcache/lce/_21556_ not found.
[WARNING STA-1650] ./results/nangate45_3D/bp_be/HBT/6_final.spef line 123938, net be_mmu/dcache/lce/_22876_ not found.
[WARNING STA-1650] ./results/nangate45_3D/bp_be/HBT/6_final.spef line 123939, net be_mmu/dcache/lce/_22112_ not found.
[WARNING STA-1650] ./results/nangate45_3D/bp_be/HBT/6_final.spef line 123940, net be_mmu/dcache/lce/_22355_ not found.
[WARNING STA-1650] ./results/nangate45_3D/bp_be/HBT/6_final.spef line 123941, net be_mmu/dcache/lce/_21859_ not found.
[WARNING STA-1650] ./results/nangate45_3D/bp_be/HBT/6_final.spef line 123942, net be_mmu/dcache/lce/_21423_ not found.
[WARNING STA-1650] ./results/nangate45_3D/bp_be/HBT/6_final.spef line 123943, net be_mmu/dcache/lce/_21325_ not found.
[WARNING STA-1650] ./results/nangate45_3D/bp_be/HBT/6_final.spef line 123944, net be_mmu/dcache/lce/_21336_ not found.
[WARNING STA-1650] ./results/nangate45_3D/bp_be/HBT/6_final.spef line 123945, net be_mmu/dcache/lce/_21944_ not found.
[WARNING STA-1650] ./results/nangate45_3D/bp_be/HBT/6_final.spef line 123946, net be_mmu/dcache/lce/_22196_ not found.
[WARNING STA-1650] ./results/nangate45_3D/bp_be/HBT/6_final.spef line 123947, net be_mmu/dcache/lce/_21701_ not found.
[WARNING STA-1650] ./results/nangate45_3D/bp_be/HBT/6_final.spef line 123948, net be_mmu/dcache/lce/_21177_ not found.
[WARNING STA-1650] ./results/nangate45_3D/bp_be/HBT/6_final.spef line 123949, net be_mmu/dcache/lce/_22951_ not found.
[WARNING STA-1650] ./results/nangate45_3D/bp_be/HBT/6_final.spef line 123950, net be_mmu/dcache/lce/_21675_ not found.
[WARNING STA-1650] ./results/nangate45_3D/bp_be/HBT/6_final.spef line 123951, net be_mmu/dcache/lce/_22704_ not found.
[WARNING STA-1650] ./results/nangate45_3D/bp_be/HBT/6_final.spef line 123952, net be_mmu/dcache/lce/_20538_ not found.
[WARNING STA-1650] ./results/nangate45_3D/bp_be/HBT/6_final.spef line 123953, net be_mmu/dcache/lce/_23142_ not found.
[WARNING STA-1650] ./results/nangate45_3D/bp_be/HBT/6_final.spef line 123954, net be_mmu/dcache/lce/_21233_ not found.
[WARNING STA-1650] ./results/nangate45_3D/bp_be/HBT/6_final.spef line 123955, net be_mmu/dcache/lce/_22350_ not found.
[WARNING STA-1650] ./results/nangate45_3D/bp_be/HBT/6_final.spef line 123956, net be_mmu/dcache/lce/_21867_ not found.
[WARNING STA-1650] ./results/nangate45_3D/bp_be/HBT/6_final.spef line 123957, net be_mmu/dcache/lce/_22871_ not found.
[WARNING STA-1650] ./results/nangate45_3D/bp_be/HBT/6_final.spef line 123958, net be_mmu/dcache/lce/_21846_ not found.
[WARNING STA-1650] ./results/nangate45_3D/bp_be/HBT/6_final.spef line 123959, net be_mmu/dcache/lce/_21754_ not found.
[WARNING STA-1650] ./results/nangate45_3D/bp_be/HBT/6_final.spef line 123960, net be_mmu/dcache/lce/_21941_ not found.
[WARNING STA-1650] ./results/nangate45_3D/bp_be/HBT/6_final.spef line 123961, net be_mmu/dcache/lce/_21420_ not found.
[WARNING STA-1650] ./results/nangate45_3D/bp_be/HBT/6_final.spef line 123962, net be_mmu/dcache/lce/_21409_ not found.
[WARNING STA-1650] ./results/nangate45_3D/bp_be/HBT/6_final.spef line 123963, net be_mmu/dcache/lce/_21930_ not found.
[WARNING STA-1650] ./results/nangate45_3D/bp_be/HBT/6_final.spef line 123964, net be_mmu/dcache/lce/_22621_ not found.
[WARNING STA-1650] ./results/nangate45_3D/bp_be/HBT/6_final.spef line 123965, net be_mmu/dcache/lce/_21286_ not found.
[WARNING STA-1650] ./results/nangate45_3D/bp_be/HBT/6_final.spef line 123966, net be_mmu/dcache/lce/_22945_ not found.
[WARNING STA-1650] ./results/nangate45_3D/bp_be/HBT/6_final.spef line 123967, net be_mmu/dcache/lce/_22424_ not found.
[WARNING STA-1650] ./results/nangate45_3D/bp_be/HBT/6_final.spef line 123968, net be_mmu/dcache/lce/_21657_ not found.
[WARNING STA-1650] ./results/nangate45_3D/bp_be/HBT/6_final.spef line 123969, net be_mmu/dcache/lce/_22178_ not found.
[WARNING STA-1650] ./results/nangate45_3D/bp_be/HBT/6_final.spef line 123970, net be_mmu/dcache/lce/_22934_ not found.
[WARNING STA-1650] ./results/nangate45_3D/bp_be/HBT/6_final.spef line 123971, net be_mmu/dcache/lce/_22055_ not found.
[WARNING STA-1650] ./results/nangate45_3D/bp_be/HBT/6_final.spef line 123972, net be_mmu/dcache/lce/_22413_ not found.
[WARNING STA-1650] ./results/nangate45_3D/bp_be/HBT/6_final.spef line 123973, net be_mmu/dcache/lce/_21486_ not found.
[WARNING STA-1650] ./results/nangate45_3D/bp_be/HBT/6_final.spef line 123974, net be_mmu/dcache/lce/_22007_ not found.
[WARNING STA-1650] ./results/nangate45_3D/bp_be/HBT/6_final.spef line 123975, net be_mmu/dcache/lce/_21534_ not found.
[WARNING STA-1650] ./results/nangate45_3D/bp_be/HBT/6_final.spef line 123976, net be_mmu/dcache/lce/_21872_ not found.
[WARNING STA-1650] ./results/nangate45_3D/bp_be/HBT/6_final.spef line 123977, net be_mmu/dcache/lce/_21338_ not found.
[WARNING STA-1650] ./results/nangate45_3D/bp_be/HBT/6_final.spef line 123978, net be_mmu/dcache/lce/_21190_ not found.
[WARNING STA-1650] ./results/nangate45_3D/bp_be/HBT/6_final.spef line 123979, net be_mmu/dcache/lce/_21714_ not found.
[WARNING STA-1650] ./results/nangate45_3D/bp_be/HBT/6_final.spef line 123980, net be_mmu/dcache/lce/_22342_ not found.
[WARNING STA-1650] ./results/nangate45_3D/bp_be/HBT/6_final.spef line 123981, net be_mmu/dcache/lce/_21991_ not found.
[WARNING STA-1650] ./results/nangate45_3D/bp_be/HBT/6_final.spef line 123982, net be_mmu/dcache/lce/_22189_ not found.
[WARNING STA-1650] ./results/nangate45_3D/bp_be/HBT/6_final.spef line 123983, net be_mmu/dcache/lce/_22544_ not found.
[WARNING STA-1650] ./results/nangate45_3D/bp_be/HBT/6_final.spef line 123984, net be_mmu/dcache/lce/_23193_ not found.
[WARNING STA-1650] ./results/nangate45_3D/bp_be/HBT/6_final.spef line 123985, net be_mmu/dcache/lce/_22474_ not found.
[WARNING STA-1650] ./results/nangate45_3D/bp_be/HBT/6_final.spef line 123986, net be_mmu/dcache/lce/_22995_ not found.
[WARNING STA-1650] ./results/nangate45_3D/bp_be/HBT/6_final.spef line 123987, net be_mmu/dcache/lce/_22801_ not found.
[WARNING STA-1650] ./results/nangate45_3D/bp_be/HBT/6_final.spef line 123988, net be_mmu/dcache/lce/_23162_ not found.
[WARNING STA-1650] ./results/nangate45_3D/bp_be/HBT/6_final.spef line 123989, net be_mmu/dcache/lce/_22575_ not found.
[WARNING STA-1650] ./results/nangate45_3D/bp_be/HBT/6_final.spef line 123990, net be_mmu/dcache/lce/_23178_ not found.
[WARNING STA-1650] ./results/nangate45_3D/bp_be/HBT/6_final.spef line 123991, net be_mmu/dcache/lce/_22245_ not found.
[WARNING STA-1650] ./results/nangate45_3D/bp_be/HBT/6_final.spef line 123992, net be_mmu/dcache/lce/_21781_ not found.
[WARNING STA-1650] ./results/nangate45_3D/bp_be/HBT/6_final.spef line 123993, net be_mmu/dcache/lce/_22027_ not found.
[WARNING STA-1650] ./results/nangate45_3D/bp_be/HBT/6_final.spef line 123994, net be_mmu/dcache/lce/_21260_ not found.
[WARNING STA-1650] ./results/nangate45_3D/bp_be/HBT/6_final.spef line 123995, net be_mmu/dcache/lce/_22510_ not found.
[WARNING STA-1650] ./results/nangate45_3D/bp_be/HBT/6_final.spef line 123996, net be_mmu/dcache/lce/_23031_ not found.
[WARNING STA-1650] ./results/nangate45_3D/bp_be/HBT/6_final.spef line 123997, net be_mmu/dcache/lce/_22304_ not found.
[WARNING STA-1650] ./results/nangate45_3D/bp_be/HBT/6_final.spef line 123998, net be_mmu/dcache/lce/_21506_ not found.
[WARNING STA-1650] ./results/nangate45_3D/bp_be/HBT/6_final.spef line 123999, net be_mmu/dcache/lce/_21210_ not found.
[WARNING STA-1650] ./results/nangate45_3D/bp_be/HBT/6_final.spef line 124000, net be_mmu/dcache/lce/_21821_ not found.
[WARNING STA-1650] ./results/nangate45_3D/bp_be/HBT/6_final.spef line 124001, net be_mmu/dcache/lce/_22825_ not found.
[WARNING STA-1650] ./results/nangate45_3D/bp_be/HBT/6_final.spef line 124002, net be_mmu/dcache/lce/_21311_ not found.
[WARNING STA-1650] ./results/nangate45_3D/bp_be/HBT/6_final.spef line 124003, net be_mmu/dcache/lce/_21832_ not found.
[WARNING STA-1650] ./results/nangate45_3D/bp_be/HBT/6_final.spef line 124004, net be_mmu/dcache/lce/_21300_ not found.
[WARNING STA-1650] ./results/nangate45_3D/bp_be/HBT/6_final.spef line 124005, net be_mmu/dcache/lce/_21734_ not found.
[WARNING STA-1650] ./results/nangate45_3D/bp_be/HBT/6_final.spef line 124006, net be_mmu/dcache/lce/_23043_ not found.
[WARNING STA-1650] ./results/nangate45_3D/bp_be/HBT/6_final.spef line 124007, net be_mmu/dcache/lce/_21518_ not found.
[WARNING STA-1650] ./results/nangate45_3D/bp_be/HBT/6_final.spef line 124008, net be_mmu/dcache/lce/_21219_ not found.
[WARNING STA-1650] ./results/nangate45_3D/bp_be/HBT/6_final.spef line 124009, net be_mmu/dcache/lce/_21740_ not found.
[WARNING STA-1650] ./results/nangate45_3D/bp_be/HBT/6_final.spef line 124010, net be_mmu/dcache/lce/_22039_ not found.
[WARNING STA-1650] ./results/nangate45_3D/bp_be/HBT/6_final.spef line 124011, net be_mmu/dcache/lce/_23033_ not found.
[WARNING STA-1650] ./results/nangate45_3D/bp_be/HBT/6_final.spef line 124012, net be_mmu/dcache/lce/_22690_ not found.
[WARNING STA-1650] ./results/nangate45_3D/bp_be/HBT/6_final.spef line 124013, net be_mmu/dcache/lce/_23211_ not found.
[WARNING STA-1650] ./results/nangate45_3D/bp_be/HBT/6_final.spef line 124014, net be_mmu/dcache/lce/_22174_ not found.
[WARNING STA-1650] ./results/nangate45_3D/bp_be/HBT/6_final.spef line 124015, net be_mmu/dcache/lce/_22207_ not found.
[WARNING STA-1650] ./results/nangate45_3D/bp_be/HBT/6_final.spef line 124016, net be_mmu/dcache/lce/_21686_ not found.
[WARNING STA-1650] ./results/nangate45_3D/bp_be/HBT/6_final.spef line 124017, net be_mmu/dcache/lce/_21956_ not found.
[WARNING STA-1650] ./results/nangate45_3D/bp_be/HBT/6_final.spef line 124018, net be_mmu/dcache/lce/_22222_ not found.
[WARNING STA-1650] ./results/nangate45_3D/bp_be/HBT/6_final.spef line 124019, net be_mmu/dcache/lce/_21795_ not found.
[WARNING STA-1650] ./results/nangate45_3D/bp_be/HBT/6_final.spef line 124020, net be_mmu/dcache/lce/_21769_ not found.
[WARNING STA-1650] ./results/nangate45_3D/bp_be/HBT/6_final.spef line 124021, net be_mmu/dcache/lce/_22798_ not found.
[WARNING STA-1650] ./results/nangate45_3D/bp_be/HBT/6_final.spef line 124022, net be_mmu/dcache/lce/_22522_ not found.
[WARNING STA-1650] ./results/nangate45_3D/bp_be/HBT/6_final.spef line 124023, net be_mmu/dcache/lce/_22274_ not found.
[WARNING STA-1650] ./results/nangate45_3D/bp_be/HBT/6_final.spef line 124024, net be_mmu/dcache/lce/_23091_ not found.
[WARNING STA-1650] ./results/nangate45_3D/bp_be/HBT/6_final.spef line 124025, net be_mmu/dcache/lce/_22795_ not found.
[WARNING STA-1650] ./results/nangate45_3D/bp_be/HBT/6_final.spef line 124026, net be_mmu/dcache/lce/_22570_ not found.
[WARNING STA-1650] ./results/nangate45_3D/bp_be/HBT/6_final.spef line 124027, net be_mmu/dcache/lce/_23032_ not found.
[WARNING STA-1650] ./results/nangate45_3D/bp_be/HBT/6_final.spef line 124028, net be_mmu/dcache/lce/_22511_ not found.
[WARNING STA-1650] ./results/nangate45_3D/bp_be/HBT/6_final.spef line 124029, net be_mmu/dcache/lce/_22028_ not found.
[WARNING STA-1650] ./results/nangate45_3D/bp_be/HBT/6_final.spef line 124030, net be_mmu/dcache/lce/_22277_ not found.
[WARNING STA-1650] ./results/nangate45_3D/bp_be/HBT/6_final.spef line 124031, net be_mmu/dcache/lce/_21507_ not found.
[WARNING STA-1650] ./results/nangate45_3D/bp_be/HBT/6_final.spef line 124032, net be_mmu/dcache/lce/_22743_ not found.
[WARNING STA-1650] ./results/nangate45_3D/bp_be/HBT/6_final.spef line 124033, net be_mmu/dcache/lce/_21274_ not found.
[WARNING STA-1650] ./results/nangate45_3D/bp_be/HBT/6_final.spef line 124034, net be_mmu/dcache/lce/_22029_ not found.
[WARNING STA-1650] ./results/nangate45_3D/bp_be/HBT/6_final.spef line 124035, net be_mmu/dcache/lce/_21435_ not found.
[WARNING STA-1650] ./results/nangate45_3D/bp_be/HBT/6_final.spef line 124036, net be_mmu/dcache/lce/_21854_ not found.
[WARNING STA-1650] ./results/nangate45_3D/bp_be/HBT/6_final.spef line 124037, net be_mmu/dcache/lce/_21242_ not found.
[WARNING STA-1650] ./results/nangate45_3D/bp_be/HBT/6_final.spef line 124038, net be_mmu/dcache/lce/_22439_ not found.
[WARNING STA-1650] ./results/nangate45_3D/bp_be/HBT/6_final.spef line 124039, net be_mmu/dcache/lce/_22960_ not found.
[WARNING STA-1650] ./results/nangate45_3D/bp_be/HBT/6_final.spef line 124040, net be_mmu/dcache/lce/_22675_ not found.
[WARNING STA-1650] ./results/nangate45_3D/bp_be/HBT/6_final.spef line 124041, net be_mmu/dcache/lce/_23196_ not found.
[WARNING STA-1650] ./results/nangate45_3D/bp_be/HBT/6_final.spef line 124042, net be_mmu/dcache/lce/_23219_ not found.
[WARNING STA-1650] ./results/nangate45_3D/bp_be/HBT/6_final.spef line 124043, net be_mmu/dcache/lce/_22698_ not found.
[WARNING STA-1650] ./results/nangate45_3D/bp_be/HBT/6_final.spef line 124044, net be_mmu/dcache/lce/_22750_ not found.
[WARNING STA-1650] ./results/nangate45_3D/bp_be/HBT/6_final.spef line 124045, net be_mmu/dcache/lce/_22496_ not found.
[WARNING STA-1650] ./results/nangate45_3D/bp_be/HBT/6_final.spef line 124046, net be_mmu/dcache/lce/_23017_ not found.
[WARNING STA-1650] ./results/nangate45_3D/bp_be/HBT/6_final.spef line 124047, net be_mmu/dcache/lce/_22013_ not found.
[WARNING STA-1650] ./results/nangate45_3D/bp_be/HBT/6_final.spef line 124048, net be_mmu/dcache/lce/_22748_ not found.
[WARNING STA-1650] ./results/nangate45_3D/bp_be/HBT/6_final.spef line 124049, net be_mmu/dcache/lce/_22229_ not found.
[WARNING STA-1650] ./results/nangate45_3D/bp_be/HBT/6_final.spef line 124050, net be_mmu/dcache/lce/_21492_ not found.
[WARNING STA-1650] ./results/nangate45_3D/bp_be/HBT/6_final.spef line 124051, net be_mmu/dcache/lce/_22365_ not found.
[WARNING STA-1650] ./results/nangate45_3D/bp_be/HBT/6_final.spef line 124052, net be_mmu/dcache/lce/_22874_ not found.
[WARNING STA-1650] ./results/nangate45_3D/bp_be/HBT/6_final.spef line 124053, net be_mmu/dcache/lce/_21543_ not found.
[WARNING STA-1650] ./results/nangate45_3D/bp_be/HBT/6_final.spef line 124054, net be_mmu/dcache/lce/_23197_ not found.
[WARNING STA-1650] ./results/nangate45_3D/bp_be/HBT/6_final.spef line 124055, net be_mmu/dcache/lce/_21288_ not found.
[WARNING STA-1650] ./results/nangate45_3D/bp_be/HBT/6_final.spef line 124056, net be_mmu/dcache/lce/_21809_ not found.
[WARNING STA-1650] ./results/nangate45_3D/bp_be/HBT/6_final.spef line 124057, net be_mmu/dcache/lce/_22064_ not found.
[WARNING STA-1650] ./results/nangate45_3D/bp_be/HBT/6_final.spef line 124058, net be_mmu/dcache/lce/_22609_ not found.
[WARNING STA-1650] ./results/nangate45_3D/bp_be/HBT/6_final.spef line 124059, net be_mmu/dcache/lce/_21331_ not found.
[WARNING STA-1650] ./results/nangate45_3D/bp_be/HBT/6_final.spef line 124060, net be_mmu/dcache/lce/_22227_ not found.
[WARNING STA-1650] ./results/nangate45_3D/bp_be/HBT/6_final.spef line 124061, net be_mmu/dcache/lce/_21523_ not found.
[WARNING STA-1650] ./results/nangate45_3D/bp_be/HBT/6_final.spef line 124062, net be_mmu/dcache/lce/_22044_ not found.
[WARNING STA-1650] ./results/nangate45_3D/bp_be/HBT/6_final.spef line 124063, net be_mmu/dcache/lce/_22857_ not found.
[WARNING STA-1650] ./results/nangate45_3D/bp_be/HBT/6_final.spef line 124064, net be_mmu/dcache/lce/_23062_ not found.
[WARNING STA-1650] ./results/nangate45_3D/bp_be/HBT/6_final.spef line 124065, net be_mmu/dcache/lce/_22193_ not found.
[WARNING STA-1650] ./results/nangate45_3D/bp_be/HBT/6_final.spef line 124066, net be_mmu/dcache/lce/_22336_ not found.
[WARNING STA-1650] ./results/nangate45_3D/bp_be/HBT/6_final.spef line 124067, net be_mmu/dcache/lce/_21568_ not found.
[WARNING STA-1650] ./results/nangate45_3D/bp_be/HBT/6_final.spef line 124068, net be_mmu/dcache/lce/_22717_ not found.
[WARNING STA-1650] ./results/nangate45_3D/bp_be/HBT/6_final.spef line 124069, net be_mmu/dcache/lce/_22380_ not found.
[WARNING STA-1650] ./results/nangate45_3D/bp_be/HBT/6_final.spef line 124070, net be_mmu/dcache/lce/_21852_ not found.
[WARNING STA-1650] ./results/nangate45_3D/bp_be/HBT/6_final.spef line 124071, net be_mmu/dcache/lce/_21287_ not found.
[WARNING STA-1650] ./results/nangate45_3D/bp_be/HBT/6_final.spef line 124072, net be_mmu/dcache/lce/_21410_ not found.
[WARNING STA-1650] ./results/nangate45_3D/bp_be/HBT/6_final.spef line 124073, net be_mmu/dcache/lce/_22811_ not found.
[WARNING STA-1650] ./results/nangate45_3D/bp_be/HBT/6_final.spef line 124074, net be_mmu/dcache/lce/_23133_ not found.
[WARNING STA-1650] ./results/nangate45_3D/bp_be/HBT/6_final.spef line 124075, net be_mmu/dcache/lce/_22612_ not found.
[WARNING STA-1650] ./results/nangate45_3D/bp_be/HBT/6_final.spef line 124076, net be_mmu/dcache/lce/_23068_ not found.
[WARNING STA-1650] ./results/nangate45_3D/bp_be/HBT/6_final.spef line 124077, net be_mmu/dcache/lce/_22290_ not found.
[WARNING STA-1650] ./results/nangate45_3D/bp_be/HBT/6_final.spef line 124078, net be_mmu/dcache/lce/_22901_ not found.
[WARNING STA-1650] ./results/nangate45_3D/bp_be/HBT/6_final.spef line 124079, net be_mmu/dcache/lce/_23164_ not found.
[WARNING STA-1650] ./results/nangate45_3D/bp_be/HBT/6_final.spef line 124080, net be_mmu/dcache/lce/_21639_ not found.
[WARNING STA-1650] ./results/nangate45_3D/bp_be/HBT/6_final.spef line 124081, net be_mmu/dcache/lce/_22643_ not found.
[WARNING STA-1650] ./results/nangate45_3D/bp_be/HBT/6_final.spef line 124082, net be_mmu/dcache/lce/_22089_ not found.
[WARNING STA-1650] ./results/nangate45_3D/bp_be/HBT/6_final.spef line 124083, net be_mmu/dcache/lce/_23130_ not found.
[WARNING STA-1650] ./results/nangate45_3D/bp_be/HBT/6_final.spef line 124084, net be_mmu/dcache/lce/_22223_ not found.
[WARNING STA-1650] ./results/nangate45_3D/bp_be/HBT/6_final.spef line 124085, net be_mmu/dcache/lce/_22886_ not found.
[WARNING STA-1650] ./results/nangate45_3D/bp_be/HBT/6_final.spef line 124086, net be_mmu/dcache/lce/_22337_ not found.
[WARNING STA-1650] ./results/nangate45_3D/bp_be/HBT/6_final.spef line 124087, net be_mmu/dcache/lce/_22858_ not found.
[WARNING STA-1650] ./results/nangate45_3D/bp_be/HBT/6_final.spef line 124088, net be_mmu/dcache/lce/_21333_ not found.
[WARNING STA-1650] ./results/nangate45_3D/bp_be/HBT/6_final.spef line 124089, net be_mmu/dcache/lce/_21508_ not found.
[WARNING STA-1650] ./results/nangate45_3D/bp_be/HBT/6_final.spef line 124090, net be_mmu/dcache/lce/_21865_ not found.
[WARNING STA-1650] ./results/nangate45_3D/bp_be/HBT/6_final.spef line 124091, net be_mmu/dcache/lce/_21917_ not found.
[WARNING STA-1650] ./results/nangate45_3D/bp_be/HBT/6_final.spef line 124092, net be_mmu/dcache/lce/_21344_ not found.
[WARNING STA-1650] ./results/nangate45_3D/bp_be/HBT/6_final.spef line 124093, net be_mmu/dcache/lce/_22348_ not found.
[WARNING STA-1650] ./results/nangate45_3D/bp_be/HBT/6_final.spef line 124094, net be_mmu/dcache/lce/_22869_ not found.
[WARNING STA-1650] ./results/nangate45_3D/bp_be/HBT/6_final.spef line 124095, net be_mmu/dcache/lce/_20565_ not found.
[WARNING STA-1650] ./results/nangate45_3D/bp_be/HBT/6_final.spef line 124096, net be_mmu/dcache/lce/_21204_ not found.
[WARNING STA-1650] ./results/nangate45_3D/bp_be/HBT/6_final.spef line 124097, net be_mmu/dcache/lce/_21361_ not found.
[WARNING STA-1650] ./results/nangate45_3D/bp_be/HBT/6_final.spef line 124098, net be_mmu/dcache/lce/_23023_ not found.
[WARNING STA-1650] ./results/nangate45_3D/bp_be/HBT/6_final.spef line 124099, net be_mmu/dcache/lce/_21396_ not found.
[WARNING STA-1650] ./results/nangate45_3D/bp_be/HBT/6_final.spef line 124100, net be_mmu/dcache/lce/_21248_ not found.
[WARNING STA-1650] ./results/nangate45_3D/bp_be/HBT/6_final.spef line 124101, net be_mmu/dcache/lce/_22251_ not found.
[WARNING STA-1650] ./results/nangate45_3D/bp_be/HBT/6_final.spef line 124102, net be_mmu/dcache/lce/_22772_ not found.
[WARNING STA-1650] ./results/nangate45_3D/bp_be/HBT/6_final.spef line 124103, net be_mmu/dcache/lce/_22921_ not found.
[WARNING STA-1650] ./results/nangate45_3D/bp_be/HBT/6_final.spef line 124104, net be_mmu/dcache/lce/_22400_ not found.
[WARNING STA-1650] ./results/nangate45_3D/bp_be/HBT/6_final.spef line 124105, net be_mmu/dcache/lce/_21910_ not found.
[WARNING STA-1650] ./results/nangate45_3D/bp_be/HBT/6_final.spef line 124106, net be_mmu/dcache/lce/_22914_ not found.
[WARNING STA-1650] ./results/nangate45_3D/bp_be/HBT/6_final.spef line 124107, net be_mmu/dcache/lce/_21389_ not found.
[WARNING STA-1650] ./results/nangate45_3D/bp_be/HBT/6_final.spef line 124108, net be_mmu/dcache/lce/_22689_ not found.
[WARNING STA-1650] ./results/nangate45_3D/bp_be/HBT/6_final.spef line 124109, net be_mmu/dcache/lce/_23210_ not found.
[WARNING STA-1650] ./results/nangate45_3D/bp_be/HBT/6_final.spef line 124110, net be_mmu/dcache/lce/_22393_ not found.
[WARNING STA-1650] ./results/nangate45_3D/bp_be/HBT/6_final.spef line 124111, net be_mmu/dcache/lce/_21685_ not found.
[WARNING STA-1650] ./results/nangate45_3D/bp_be/HBT/6_final.spef line 124112, net be_mmu/dcache/lce/_22218_ not found.
[WARNING STA-1650] ./results/nangate45_3D/bp_be/HBT/6_final.spef line 124113, net be_mmu/dcache/lce/_22206_ not found.
[WARNING STA-1650] ./results/nangate45_3D/bp_be/HBT/6_final.spef line 124114, net be_mmu/dcache/lce/_22108_ not found.
[WARNING STA-1650] ./results/nangate45_3D/bp_be/HBT/6_final.spef line 124115, net be_mmu/dcache/lce/_22163_ not found.
[WARNING STA-1650] ./results/nangate45_3D/bp_be/HBT/6_final.spef line 124116, net be_mmu/dcache/lce/_22040_ not found.
[WARNING STA-1650] ./results/nangate45_3D/bp_be/HBT/6_final.spef line 124117, net be_mmu/dcache/lce/_22523_ not found.
[WARNING STA-1650] ./results/nangate45_3D/bp_be/HBT/6_final.spef line 124118, net be_mmu/dcache/lce/_23044_ not found.
[WARNING STA-1650] ./results/nangate45_3D/bp_be/HBT/6_final.spef line 124119, net be_mmu/dcache/lce/_22695_ not found.
[WARNING STA-1650] ./results/nangate45_3D/bp_be/HBT/6_final.spef line 124120, net be_mmu/dcache/lce/_22091_ not found.
[WARNING STA-1650] ./results/nangate45_3D/bp_be/HBT/6_final.spef line 124121, net be_mmu/dcache/lce/_21570_ not found.
[WARNING STA-1650] ./results/nangate45_3D/bp_be/HBT/6_final.spef line 124122, net be_mmu/dcache/lce/_23216_ not found.
[WARNING STA-1650] ./results/nangate45_3D/bp_be/HBT/6_final.spef line 124123, net be_mmu/dcache/lce/_23198_ not found.
[WARNING STA-1650] ./results/nangate45_3D/bp_be/HBT/6_final.spef line 124124, net be_mmu/dcache/lce/_22677_ not found.
[WARNING STA-1650] ./results/nangate45_3D/bp_be/HBT/6_final.spef line 124125, net be_mmu/dcache/lce/_22865_ not found.
[WARNING STA-1650] ./results/nangate45_3D/bp_be/HBT/6_final.spef line 124126, net be_mmu/dcache/lce/_21222_ not found.
[WARNING STA-1650] ./results/nangate45_3D/bp_be/HBT/6_final.spef line 124127, net be_mmu/dcache/lce/_21906_ not found.
[WARNING STA-1650] ./results/nangate45_3D/bp_be/HBT/6_final.spef line 124128, net be_mmu/dcache/lce/_22746_ not found.
[WARNING STA-1650] ./results/nangate45_3D/bp_be/HBT/6_final.spef line 124129, net be_mmu/dcache/lce/_22025_ not found.
[WARNING STA-1650] ./results/nangate45_3D/bp_be/HBT/6_final.spef line 124130, net be_mmu/dcache/lce/_22082_ not found.
[WARNING STA-1650] ./results/nangate45_3D/bp_be/HBT/6_final.spef line 124131, net be_mmu/dcache/lce/_23086_ not found.
[WARNING STA-1650] ./results/nangate45_3D/bp_be/HBT/6_final.spef line 124132, net be_mmu/dcache/lce/_22910_ not found.
[WARNING STA-1650] ./results/nangate45_3D/bp_be/HBT/6_final.spef line 124133, net be_mmu/dcache/lce/_22396_ not found.
[WARNING STA-1650] ./results/nangate45_3D/bp_be/HBT/6_final.spef line 124134, net be_mmu/dcache/lce/_22565_ not found.
[WARNING STA-1650] ./results/nangate45_3D/bp_be/HBT/6_final.spef line 124135, net be_mmu/dcache/lce/_22744_ not found.
[WARNING STA-1650] ./results/nangate45_3D/bp_be/HBT/6_final.spef line 124136, net be_mmu/dcache/lce/_21741_ not found.
[WARNING STA-1650] ./results/nangate45_3D/bp_be/HBT/6_final.spef line 124137, net be_mmu/dcache/lce/_21561_ not found.
[WARNING STA-1650] ./results/nangate45_3D/bp_be/HBT/6_final.spef line 124138, net be_mmu/dcache/lce/_21220_ not found.
[WARNING STA-1650] ./results/nangate45_3D/bp_be/HBT/6_final.spef line 124139, net be_mmu/dcache/lce/_21504_ not found.
[WARNING STA-1650] ./results/nangate45_3D/bp_be/HBT/6_final.spef line 124140, net be_mmu/dcache/lce/_22586_ not found.
[WARNING STA-1650] ./results/nangate45_3D/bp_be/HBT/6_final.spef line 124141, net be_mmu/dcache/lce/_22103_ not found.
[WARNING STA-1650] ./results/nangate45_3D/bp_be/HBT/6_final.spef line 124142, net be_mmu/dcache/lce/_21861_ not found.
[WARNING STA-1650] ./results/nangate45_3D/bp_be/HBT/6_final.spef line 124143, net be_mmu/dcache/lce/_21582_ not found.
[WARNING STA-1650] ./results/nangate45_3D/bp_be/HBT/6_final.spef line 124144, net be_mmu/dcache/lce/_21226_ not found.
[WARNING STA-1650] ./results/nangate45_3D/bp_be/HBT/6_final.spef line 124145, net be_mmu/dcache/lce/_21743_ not found.
[WARNING STA-1650] ./results/nangate45_3D/bp_be/HBT/6_final.spef line 124146, net be_mmu/dcache/lce/_21849_ not found.
[WARNING STA-1650] ./results/nangate45_3D/bp_be/HBT/6_final.spef line 124147, net be_mmu/dcache/lce/_22853_ not found.
[WARNING STA-1650] ./results/nangate45_3D/bp_be/HBT/6_final.spef line 124148, net be_mmu/dcache/lce/_21328_ not found.
[WARNING STA-1650] ./results/nangate45_3D/bp_be/HBT/6_final.spef line 124149, net be_mmu/dcache/lce/_22017_ not found.
[WARNING STA-1650] ./results/nangate45_3D/bp_be/HBT/6_final.spef line 124150, net be_mmu/dcache/lce/_22225_ not found.
[WARNING STA-1650] ./results/nangate45_3D/bp_be/HBT/6_final.spef line 124151, net be_mmu/dcache/lce/_21385_ not found.
[WARNING STA-1650] ./results/nangate45_3D/bp_be/HBT/6_final.spef line 124152, net be_mmu/dcache/lce/_21496_ not found.
[WARNING STA-1650] ./results/nangate45_3D/bp_be/HBT/6_final.spef line 124153, net be_mmu/dcache/lce/_21555_ not found.
[WARNING STA-1650] ./results/nangate45_3D/bp_be/HBT/6_final.spef line 124154, net be_mmu/dcache/lce/_21756_ not found.
[WARNING STA-1650] ./results/nangate45_3D/bp_be/HBT/6_final.spef line 124155, net be_mmu/dcache/lce/_21235_ not found.
[WARNING STA-1650] ./results/nangate45_3D/bp_be/HBT/6_final.spef line 124156, net be_mmu/dcache/lce/_21751_ not found.
[WARNING STA-1650] ./results/nangate45_3D/bp_be/HBT/6_final.spef line 124157, net be_mmu/dcache/lce/_22497_ not found.
[WARNING STA-1650] ./results/nangate45_3D/bp_be/HBT/6_final.spef line 124158, net be_mmu/dcache/lce/_23080_ not found.
[WARNING STA-1650] ./results/nangate45_3D/bp_be/HBT/6_final.spef line 124159, net be_mmu/dcache/lce/_22440_ not found.
[WARNING STA-1650] ./results/nangate45_3D/bp_be/HBT/6_final.spef line 124160, net be_mmu/dcache/lce/_21224_ not found.
[WARNING STA-1650] ./results/nangate45_3D/bp_be/HBT/6_final.spef line 124161, net be_mmu/dcache/lce/_22303_ not found.
[WARNING STA-1650] ./results/nangate45_3D/bp_be/HBT/6_final.spef line 124162, net be_mmu/dcache/lce/_22824_ not found.
[WARNING STA-1650] ./results/nangate45_3D/bp_be/HBT/6_final.spef line 124163, net be_mmu/dcache/lce/_22961_ not found.
[WARNING STA-1650] ./results/nangate45_3D/bp_be/HBT/6_final.spef line 124164, net be_mmu/dcache/lce/_21957_ not found.
[WARNING STA-1650] ./results/nangate45_3D/bp_be/HBT/6_final.spef line 124165, net be_mmu/dcache/lce/_21436_ not found.
[WARNING STA-1650] ./results/nangate45_3D/bp_be/HBT/6_final.spef line 124166, net be_mmu/dcache/lce/_23018_ not found.
[WARNING STA-1650] ./results/nangate45_3D/bp_be/HBT/6_final.spef line 124167, net be_mmu/dcache/lce/_22052_ not found.
[WARNING STA-1650] ./results/nangate45_3D/bp_be/HBT/6_final.spef line 124168, net be_mmu/dcache/lce/_21531_ not found.
[WARNING STA-1650] ./results/nangate45_3D/bp_be/HBT/6_final.spef line 124169, net be_mmu/dcache/lce/_21973_ not found.
[WARNING STA-1650] ./results/nangate45_3D/bp_be/HBT/6_final.spef line 124170, net be_mmu/dcache/lce/_21405_ not found.
[WARNING STA-1650] ./results/nangate45_3D/bp_be/HBT/6_final.spef line 124171, net be_mmu/dcache/lce/_22215_ not found.
[WARNING STA-1650] ./results/nangate45_3D/bp_be/HBT/6_final.spef line 124172, net be_mmu/dcache/lce/_21694_ not found.
[WARNING STA-1650] ./results/nangate45_3D/bp_be/HBT/6_final.spef line 124173, net be_mmu/dcache/lce/_21747_ not found.
[WARNING STA-1650] ./results/nangate45_3D/bp_be/HBT/6_final.spef line 124174, net be_mmu/dcache/lce/_23029_ not found.
[WARNING STA-1650] ./results/nangate45_3D/bp_be/HBT/6_final.spef line 124175, net be_mmu/dcache/lce/_22353_ not found.
[WARNING STA-1650] ./results/nangate45_3D/bp_be/HBT/6_final.spef line 124176, net be_mmu/dcache/lce/_22632_ not found.
[WARNING STA-1650] ./results/nangate45_3D/bp_be/HBT/6_final.spef line 124177, net be_mmu/dcache/lce/_22508_ not found.
[WARNING STA-1650] ./results/nangate45_3D/bp_be/HBT/6_final.spef line 124178, net be_mmu/dcache/lce/_23153_ not found.
[WARNING STA-1650] ./results/nangate45_3D/bp_be/HBT/6_final.spef line 124179, net be_mmu/dcache/lce/_22332_ not found.
[WARNING STA-1650] ./results/nangate45_3D/bp_be/HBT/6_final.spef line 124180, net be_mmu/dcache/lce/_21993_ not found.
[WARNING STA-1650] ./results/nangate45_3D/bp_be/HBT/6_final.spef line 124181, net be_mmu/dcache/lce/_22676_ not found.
[WARNING STA-1650] ./results/nangate45_3D/bp_be/HBT/6_final.spef line 124182, net be_mmu/dcache/lce/_21672_ not found.
[WARNING STA-1650] ./results/nangate45_3D/bp_be/HBT/6_final.spef line 124183, net be_mmu/dcache/lce/_21926_ not found.
[WARNING STA-1650] ./results/nangate45_3D/bp_be/HBT/6_final.spef line 124184, net be_mmu/dcache/lce/_22997_ not found.
[WARNING STA-1650] ./results/nangate45_3D/bp_be/HBT/6_final.spef line 124185, net be_mmu/dcache/lce/_22812_ not found.
[WARNING STA-1650] ./results/nangate45_3D/bp_be/HBT/6_final.spef line 124186, net be_mmu/dcache/lce/_22291_ not found.
[WARNING STA-1650] ./results/nangate45_3D/bp_be/HBT/6_final.spef line 124187, net be_mmu/dcache/lce/_22476_ not found.
[WARNING STA-1650] ./results/nangate45_3D/bp_be/HBT/6_final.spef line 124188, net be_mmu/dcache/lce/_21472_ not found.
[WARNING STA-1650] ./results/nangate45_3D/bp_be/HBT/6_final.spef line 124189, net be_mmu/dcache/lce/_21745_ not found.
[WARNING STA-1650] ./results/nangate45_3D/bp_be/HBT/6_final.spef line 124190, net be_mmu/dcache/lce/_21452_ not found.
[WARNING STA-1650] ./results/nangate45_3D/bp_be/HBT/6_final.spef line 124191, net be_mmu/dcache/lce/_22135_ not found.
[WARNING STA-1650] ./results/nangate45_3D/bp_be/HBT/6_final.spef line 124192, net be_mmu/dcache/lce/_21614_ not found.
[WARNING STA-1650] ./results/nangate45_3D/bp_be/HBT/6_final.spef line 124193, net be_mmu/dcache/lce/_22187_ not found.
[WARNING STA-1650] ./results/nangate45_3D/bp_be/HBT/6_final.spef line 124194, net be_mmu/dcache/lce/_22456_ not found.
[WARNING STA-1650] ./results/nangate45_3D/bp_be/HBT/6_final.spef line 124195, net be_mmu/dcache/lce/_22467_ not found.
[WARNING STA-1650] ./results/nangate45_3D/bp_be/HBT/6_final.spef line 124196, net be_mmu/dcache/lce/_22988_ not found.
[WARNING STA-1650] ./results/nangate45_3D/bp_be/HBT/6_final.spef line 124197, net be_mmu/dcache/lce/_22541_ not found.
[WARNING STA-1650] ./results/nangate45_3D/bp_be/HBT/6_final.spef line 124198, net be_mmu/dcache/lce/_23203_ not found.
[WARNING STA-1650] ./results/nangate45_3D/bp_be/HBT/6_final.spef line 124199, net be_mmu/dcache/lce/_21897_ not found.
[WARNING STA-1650] ./results/nangate45_3D/bp_be/HBT/6_final.spef line 124200, net be_mmu/dcache/lce/_21376_ not found.
[WARNING STA-1650] ./results/nangate45_3D/bp_be/HBT/6_final.spef line 124201, net be_mmu/dcache/lce/_23048_ not found.
[WARNING STA-1650] ./results/nangate45_3D/bp_be/HBT/6_final.spef line 124202, net be_mmu/dcache/lce/_22527_ not found.
[WARNING STA-1650] ./results/nangate45_3D/bp_be/HBT/6_final.spef line 124203, net be_mmu/dcache/lce/_22547_ not found.
[WARNING STA-1650] ./results/nangate45_3D/bp_be/HBT/6_final.spef line 124204, net be_mmu/dcache/lce/_22414_ not found.
[WARNING STA-1650] ./results/nangate45_3D/bp_be/HBT/6_final.spef line 124205, net be_mmu/dcache/lce/_22935_ not found.
[WARNING STA-1650] ./results/nangate45_3D/bp_be/HBT/6_final.spef line 124206, net be_mmu/dcache/lce/_22856_ not found.
[WARNING STA-1650] ./results/nangate45_3D/bp_be/HBT/6_final.spef line 124207, net be_mmu/dcache/lce/_22221_ not found.
[WARNING STA-1650] ./results/nangate45_3D/bp_be/HBT/6_final.spef line 124208, net be_mmu/dcache/lce/_22742_ not found.
[WARNING STA-1650] ./results/nangate45_3D/bp_be/HBT/6_final.spef line 124209, net be_mmu/dcache/lce/_22889_ not found.
[WARNING STA-1650] ./results/nangate45_3D/bp_be/HBT/6_final.spef line 124210, net be_mmu/dcache/lce/_23125_ not found.
[WARNING STA-1650] ./results/nangate45_3D/bp_be/HBT/6_final.spef line 124211, net be_mmu/dcache/lce/_23093_ not found.
[WARNING STA-1650] ./results/nangate45_3D/bp_be/HBT/6_final.spef line 124212, net be_mmu/dcache/lce/_22572_ not found.
[WARNING STA-1650] ./results/nangate45_3D/bp_be/HBT/6_final.spef line 124213, net be_mmu/dcache/lce/_20551_ not found.
[WARNING STA-1650] ./results/nangate45_3D/bp_be/HBT/6_final.spef line 124214, net be_mmu/dcache/lce/_21294_ not found.
[WARNING STA-1650] ./results/nangate45_3D/bp_be/HBT/6_final.spef line 124215, net be_mmu/dcache/lce/_21678_ not found.
[WARNING STA-1650] ./results/nangate45_3D/bp_be/HBT/6_final.spef line 124216, net be_mmu/dcache/lce/_22199_ not found.
[WARNING STA-1650] ./results/nangate45_3D/bp_be/HBT/6_final.spef line 124217, net be_mmu/dcache/lce/_22682_ not found.
[WARNING STA-1650] ./results/nangate45_3D/bp_be/HBT/6_final.spef line 124218, net be_mmu/dcache/lce/_21611_ not found.
[WARNING STA-1650] ./results/nangate45_3D/bp_be/HBT/6_final.spef line 124219, net be_mmu/dcache/lce/_22117_ not found.
[WARNING STA-1650] ./results/nangate45_3D/bp_be/HBT/6_final.spef line 124220, net be_mmu/dcache/lce/_22058_ not found.
[WARNING STA-1650] ./results/nangate45_3D/bp_be/HBT/6_final.spef line 124221, net be_mmu/dcache/lce/_22132_ not found.
[WARNING STA-1650] ./results/nangate45_3D/bp_be/HBT/6_final.spef line 124222, net be_mmu/dcache/lce/_21596_ not found.
[WARNING STA-1650] ./results/nangate45_3D/bp_be/HBT/6_final.spef line 124223, net be_mmu/dcache/lce/_21537_ not found.
[WARNING STA-1650] ./results/nangate45_3D/bp_be/HBT/6_final.spef line 124224, net be_mmu/dcache/lce/_21378_ not found.
[WARNING STA-1650] ./results/nangate45_3D/bp_be/HBT/6_final.spef line 124225, net be_mmu/dcache/lce/_22930_ not found.
[WARNING STA-1650] ./results/nangate45_3D/bp_be/HBT/6_final.spef line 124226, net be_mmu/dcache/lce/_22409_ not found.
[WARNING STA-1650] ./results/nangate45_3D/bp_be/HBT/6_final.spef line 124227, net be_mmu/dcache/lce/_22128_ not found.
[WARNING STA-1650] ./results/nangate45_3D/bp_be/HBT/6_final.spef line 124228, net be_mmu/dcache/lce/_21607_ not found.
[WARNING STA-1650] ./results/nangate45_3D/bp_be/HBT/6_final.spef line 124229, net be_mmu/dcache/lce/_23132_ not found.
[WARNING STA-1650] ./results/nangate45_3D/bp_be/HBT/6_final.spef line 124230, net be_mmu/dcache/lce/_22611_ not found.
[WARNING STA-1650] ./results/nangate45_3D/bp_be/HBT/6_final.spef line 124231, net be_mmu/dcache/lce/_22500_ not found.
[WARNING STA-1650] ./results/nangate45_3D/bp_be/HBT/6_final.spef line 124232, net be_mmu/dcache/lce/_23021_ not found.
[WARNING STA-1650] ./results/nangate45_3D/bp_be/HBT/6_final.spef line 124233, net be_mmu/dcache/lce/_22977_ not found.
[WARNING STA-1650] ./results/nangate45_3D/bp_be/HBT/6_final.spef line 124234, net be_mmu/dcache/lce/_22535_ not found.
[WARNING STA-1650] ./results/nangate45_3D/bp_be/HBT/6_final.spef line 124235, net be_mmu/dcache/lce/_23056_ not found.
[WARNING STA-1650] ./results/nangate45_3D/bp_be/HBT/6_final.spef line 124236, net be_mmu/dcache/lce/_21666_ not found.
[WARNING STA-1650] ./results/nangate45_3D/bp_be/HBT/6_final.spef line 124237, net be_mmu/dcache/lce/_22014_ not found.
[WARNING STA-1650] ./results/nangate45_3D/bp_be/HBT/6_final.spef line 124238, net be_mmu/dcache/lce/_21615_ not found.
[WARNING STA-1650] ./results/nangate45_3D/bp_be/HBT/6_final.spef line 124239, net be_mmu/dcache/lce/_21493_ not found.
[WARNING STA-1650] ./results/nangate45_3D/bp_be/HBT/6_final.spef line 124240, net be_mmu/dcache/lce/_22463_ not found.
[WARNING STA-1650] ./results/nangate45_3D/bp_be/HBT/6_final.spef line 124241, net be_mmu/dcache/lce/_22984_ not found.
[WARNING STA-1650] ./results/nangate45_3D/bp_be/HBT/6_final.spef line 124242, net be_mmu/dcache/lce/_23140_ not found.
[WARNING STA-1650] ./results/nangate45_3D/bp_be/HBT/6_final.spef line 124243, net be_mmu/dcache/lce/_23121_ not found.
[WARNING STA-1650] ./results/nangate45_3D/bp_be/HBT/6_final.spef line 124244, net be_mmu/dcache/lce/_22619_ not found.
[WARNING STA-1650] ./results/nangate45_3D/bp_be/HBT/6_final.spef line 124245, net be_mmu/dcache/lce/_23191_ not found.
[WARNING STA-1650] ./results/nangate45_3D/bp_be/HBT/6_final.spef line 124246, net be_mmu/dcache/lce/_22809_ not found.
[WARNING STA-1650] ./results/nangate45_3D/bp_be/HBT/6_final.spef line 124247, net be_mmu/dcache/lce/_22670_ not found.
[WARNING STA-1650] ./results/nangate45_3D/bp_be/HBT/6_final.spef line 124248, net be_mmu/dcache/lce/_22288_ not found.
[WARNING STA-1650] ./results/nangate45_3D/bp_be/HBT/6_final.spef line 124249, net be_mmu/dcache/lce/_23139_ not found.
[WARNING STA-1650] ./results/nangate45_3D/bp_be/HBT/6_final.spef line 124250, net be_mmu/dcache/lce/_22615_ not found.
[WARNING STA-1650] ./results/nangate45_3D/bp_be/HBT/6_final.spef line 124251, net be_mmu/dcache/lce/_22618_ not found.
[WARNING STA-1650] ./results/nangate45_3D/bp_be/HBT/6_final.spef line 124252, net be_calculator/int_regfile/rf/synth/_19796_ not found.
[WARNING STA-1650] ./results/nangate45_3D/bp_be/HBT/6_final.spef line 124253, net be_calculator/int_regfile/rf/synth/_19860_ not found.
[WARNING STA-1650] ./results/nangate45_3D/bp_be/HBT/6_final.spef line 124254, net be_calculator/_19142_ not found.
[WARNING STA-1650] ./results/nangate45_3D/bp_be/HBT/6_final.spef line 124255, net be_calculator/int_regfile/rf/synth/_19770_ not found.
[WARNING STA-1650] ./results/nangate45_3D/bp_be/HBT/6_final.spef line 124256, net be_calculator/int_regfile/rf/synth/_19898_ not found.
[WARNING STA-1650] ./results/nangate45_3D/bp_be/HBT/6_final.spef line 124257, net be_mmu/dcache/lce/_23009_ not found.
[WARNING STA-1650] ./results/nangate45_3D/bp_be/HBT/6_final.spef line 124258, net be_mmu/dcache/lce/_22488_ not found.
[WARNING STA-1650] ./results/nangate45_3D/bp_be/HBT/6_final.spef line 124259, net be_mmu/dcache/lce/_22630_ not found.
[WARNING STA-1650] ./results/nangate45_3D/bp_be/HBT/6_final.spef line 124260, net be_calculator/int_regfile/rf/synth/_19818_ not found.
[WARNING STA-1650] ./results/nangate45_3D/bp_be/HBT/6_final.spef line 124261, net be_mmu/dcache/lce/_22707_ not found.
[WARNING STA-1650] ./results/nangate45_3D/bp_be/HBT/6_final.spef line 124262, net be_mmu/dcache/lce/_23151_ not found.
[WARNING STA-1650] ./results/nangate45_3D/bp_be/HBT/6_final.spef line 124263, net be_mmu/dcache/lce/_20541_ not found.
[WARNING STA-1650] ./results/nangate45_3D/bp_be/HBT/6_final.spef line 124264, net be_calculator/int_regfile/rf/synth/_19910_ not found.
[WARNING STA-1650] ./results/nangate45_3D/bp_be/HBT/6_final.spef line 124265, net be_mmu/dcache/lce/_22237_ not found.
[WARNING STA-1650] ./results/nangate45_3D/bp_be/HBT/6_final.spef line 124266, net be_mmu/dcache/lce/_22147_ not found.
[WARNING STA-1650] ./results/nangate45_3D/bp_be/HBT/6_final.spef line 124267, net be_mmu/dcache/lce/_21430_ not found.
[WARNING STA-1650] ./results/nangate45_3D/bp_be/HBT/6_final.spef line 124268, net be_mmu/dcache/lce/_22434_ not found.
[WARNING STA-1650] ./results/nangate45_3D/bp_be/HBT/6_final.spef line 124269, net be_mmu/dcache/lce/_21353_ not found.
[WARNING STA-1650] ./results/nangate45_3D/bp_be/HBT/6_final.spef line 124270, net be_mmu/dcache/lce/_23187_ not found.
[WARNING STA-1650] ./results/nangate45_3D/bp_be/HBT/6_final.spef line 124271, net be_mmu/dcache/lce/_21874_ not found.
[WARNING STA-1650] ./results/nangate45_3D/bp_be/HBT/6_final.spef line 124272, net be_mmu/dcache/lce/_23207_ not found.
[WARNING STA-1650] ./results/nangate45_3D/bp_be/HBT/6_final.spef line 124273, net be_mmu/dcache/lce/_22686_ not found.
[WARNING STA-1650] ./results/nangate45_3D/bp_be/HBT/6_final.spef line 124274, net be_mmu/dcache/lce/_22955_ not found.
[WARNING STA-1650] ./results/nangate45_3D/bp_be/HBT/6_final.spef line 124275, net be_mmu/dcache/lce/_22996_ not found.
[WARNING STA-1650] ./results/nangate45_3D/bp_be/HBT/6_final.spef line 124276, net be_mmu/dcache/lce/_22475_ not found.
[WARNING STA-1650] ./results/nangate45_3D/bp_be/HBT/6_final.spef line 124277, net be_mmu/dcache/lce/_22666_ not found.
[WARNING STA-1650] ./results/nangate45_3D/bp_be/HBT/6_final.spef line 124278, net be_mmu/dcache/lce/_21191_ not found.
[WARNING STA-1650] ./results/nangate45_3D/bp_be/HBT/6_final.spef line 124279, net be_mmu/dcache/lce/_21715_ not found.
[WARNING STA-1650] ./results/nangate45_3D/bp_be/HBT/6_final.spef line 124280, net be_mmu/dcache/lce/_21951_ not found.
[WARNING STA-1650] ./results/nangate45_3D/bp_be/HBT/6_final.spef line 124281, net be_mmu/dcache/lce/_21626_ not found.
[WARNING STA-1650] ./results/nangate45_3D/bp_be/HBT/6_final.spef line 124282, net be_calculator/int_regfile/rf/synth/_19812_ not found.
[WARNING STA-1650] ./results/nangate45_3D/bp_be/HBT/6_final.spef line 124283, net be_calculator/int_regfile/rf/synth/_19876_ not found.
[WARNING STA-1650] ./results/nangate45_3D/bp_be/HBT/6_final.spef line 124284, net be_mmu/dcache/lce/_20552_ not found.
[WARNING STA-1650] ./results/nangate45_3D/bp_be/HBT/6_final.spef line 124285, net be_mmu/dcache/lce/_22718_ not found.
[WARNING STA-1650] ./results/nangate45_3D/bp_be/HBT/6_final.spef line 124286, net be_calculator/int_regfile/rf/synth/_19802_ not found.
[WARNING STA-1650] ./results/nangate45_3D/bp_be/HBT/6_final.spef line 124287, net be_mmu/dcache/lce/_22551_ not found.
[WARNING STA-1650] ./results/nangate45_3D/bp_be/HBT/6_final.spef line 124288, net be_calculator/int_regfile/rf/synth/_19930_ not found.
[WARNING STA-1650] ./results/nangate45_3D/bp_be/HBT/6_final.spef line 124289, net be_calculator/int_regfile/rf/synth/_19484_ not found.
[WARNING STA-1650] ./results/nangate45_3D/bp_be/HBT/6_final.spef line 124290, net be_calculator/int_regfile/rf/synth/_19932_ not found.
[WARNING STA-1650] message limit (1000) reached. This message will no longer print.

==========================================================================
finish report_tns
--------------------------------------------------------------------------
tns -727.04

==========================================================================
finish report_wns
--------------------------------------------------------------------------
wns -2.83

==========================================================================
finish report_worst_slack
--------------------------------------------------------------------------
worst slack -2.83

==========================================================================
finish report_check_types -max_slew -max_cap -max_fanout -violators
--------------------------------------------------------------------------
max slew

Pin                                    Limit    Slew   Slack
------------------------------------------------------------
max_length3072/Z                        0.20    1.51   -1.31 (VIOLATED)
max_length3073/Z                        0.20    1.51   -1.31 (VIOLATED)
max_length3074/Z                        0.20    1.51   -1.31 (VIOLATED)
max_length3075/Z                        0.20    1.51   -1.31 (VIOLATED)
max_length3076/Z                        0.20    1.51   -1.31 (VIOLATED)
max_length3077/Z                        0.20    1.51   -1.31 (VIOLATED)
max_length3078/Z                        0.20    1.51   -1.31 (VIOLATED)
max_length3079/Z                        0.20    1.51   -1.31 (VIOLATED)

max capacitance

Pin                                    Limit     Cap   Slack
------------------------------------------------------------
HBT_BOTIN_56352/TOP                   121.15  703.62 -582.47 (VIOLATED)
HBT_BOTIN_56351/TOP                   121.15  436.95 -315.79 (VIOLATED)
HBT_BOTIN_56353/TOP                   121.15  419.99 -298.83 (VIOLATED)
HBT_BOTIN_1861/TOP                    121.15  380.98 -259.83 (VIOLATED)
HBT_TOPIN_32418/BOT                   121.15  369.41 -248.26 (VIOLATED)
HBT_BOTIN_1864/TOP                    121.15  356.01 -234.86 (VIOLATED)
HBT_BOTIN_1851/TOP                    121.15  341.91 -220.75 (VIOLATED)
HBT_BOTIN_57046/TOP                   121.15  206.60  -85.44 (VIOLATED)
HBT_BOTIN_56922/TOP                   121.15  199.30  -78.14 (VIOLATED)
HBT_BOTIN_56915/TOP                   121.15  198.98  -77.83 (VIOLATED)
HBT_BOTIN_57478/TOP                   121.15  187.40  -66.24 (VIOLATED)
HBT_BOTIN_56913/TOP                   121.15  180.96  -59.80 (VIOLATED)
HBT_BOTIN_17549/TOP                   121.15  179.78  -58.63 (VIOLATED)
HBT_BOTIN_57047/TOP                   121.15  179.44  -58.28 (VIOLATED)
HBT_BOTIN_56921/TOP                   121.15  173.27  -52.12 (VIOLATED)
HBT_BOTIN_56917/TOP                   121.15  167.07  -45.91 (VIOLATED)
HBT_BOTIN_57052/TOP                   121.15  164.05  -42.89 (VIOLATED)
HBT_BOTIN_56919/TOP                   121.15  153.69  -32.53 (VIOLATED)
HBT_BOTIN_57479/TOP                   121.15  151.69  -30.54 (VIOLATED)
output1324/Z                           60.65   82.23  -21.58 (VIOLATED)
HBT_BOTIN_57576/TOP                   121.15  142.68  -21.52 (VIOLATED)
HBT_BOTIN_56923/TOP                   121.15  142.56  -21.40 (VIOLATED)
HBT_BOTIN_56920/TOP                   121.15  142.52  -21.36 (VIOLATED)
HBT_BOTIN_56365/TOP                   121.15  142.08  -20.92 (VIOLATED)
output2236/Z                           60.65   79.02  -18.36 (VIOLATED)
HBT_BOTIN_57051/TOP                   121.15  139.35  -18.20 (VIOLATED)
output1518/Z                           60.65   78.78  -18.12 (VIOLATED)
output1666/Z                           60.65   78.75  -18.10 (VIOLATED)
output1507/Z                           60.65   77.99  -17.34 (VIOLATED)
output1234/Z                           60.65   77.83  -17.18 (VIOLATED)
output1656/Z                           60.65   77.81  -17.16 (VIOLATED)
output1498/Z                           60.65   77.75  -17.09 (VIOLATED)
HBT_BOTIN_57460/TOP                   121.15  137.81  -16.66 (VIOLATED)
output1684/Z                           60.65   76.98  -16.33 (VIOLATED)
output2833/Z                           60.65   76.34  -15.69 (VIOLATED)
output1333/Z                           60.65   75.81  -15.16 (VIOLATED)
output1781/Z                           60.65   75.07  -14.41 (VIOLATED)
output2066/Z                           60.65   74.48  -13.83 (VIOLATED)
output1793/Z                           60.65   74.39  -13.74 (VIOLATED)
output1545/Z                           60.65   74.08  -13.43 (VIOLATED)
output1933/Z                           60.65   73.89  -13.24 (VIOLATED)
output2495/Z                           60.65   73.80  -13.14 (VIOLATED)
output1948/Z                           60.65   73.79  -13.14 (VIOLATED)
output1747/Z                           60.65   73.71  -13.06 (VIOLATED)
output1828/Z                           60.65   73.69  -13.04 (VIOLATED)
output2855/Z                           60.65   73.41  -12.76 (VIOLATED)
output1361/Z                           60.65   73.24  -12.58 (VIOLATED)
output1943/Z                           60.65   73.23  -12.58 (VIOLATED)
output1750/Z                           60.65   73.13  -12.48 (VIOLATED)
output2573/Z                           60.65   73.10  -12.44 (VIOLATED)
output1800/Z                           60.65   73.06  -12.41 (VIOLATED)
output2464/Z                           60.65   72.58  -11.93 (VIOLATED)
output2159/Z                           60.65   72.45  -11.80 (VIOLATED)
output2679/Z                           60.65   72.42  -11.77 (VIOLATED)
HBT_BOTIN_57462/TOP                   121.15  132.79  -11.63 (VIOLATED)
output1825/Z                           60.65   72.21  -11.56 (VIOLATED)
output2366/Z                           60.65   71.76  -11.10 (VIOLATED)
output2595/Z                           60.65   71.63  -10.98 (VIOLATED)
output2766/Z                           60.65   71.53  -10.88 (VIOLATED)
output1886/Z                           60.65   71.44  -10.78 (VIOLATED)
output2613/Z                           60.65   71.39  -10.73 (VIOLATED)
output2101/Z                           60.65   71.34  -10.69 (VIOLATED)
output1275/Z                           60.65   71.32  -10.67 (VIOLATED)
output1267/Z                           60.65   71.08  -10.43 (VIOLATED)
output1233/Z                           60.65   71.07  -10.42 (VIOLATED)
output1883/Z                           60.65   70.98  -10.33 (VIOLATED)
output1440/Z                           60.65   70.79  -10.14 (VIOLATED)
output2126/Z                           60.65   70.70  -10.04 (VIOLATED)
output2583/Z                           60.65   70.66  -10.00 (VIOLATED)
output1670/Z                           60.65   70.61   -9.95 (VIOLATED)
output2885/Z                           60.65   70.56   -9.91 (VIOLATED)
output2243/Z                           60.65   70.54   -9.89 (VIOLATED)
HBT_BOTIN_56724/TOP                   121.15  131.01   -9.85 (VIOLATED)
output1797/Z                           60.65   70.32   -9.67 (VIOLATED)
output1651/Z                           60.65   70.32   -9.67 (VIOLATED)
output2622/Z                           60.65   70.28   -9.63 (VIOLATED)
output1801/Z                           60.65   70.19   -9.53 (VIOLATED)
output1536/Z                           60.65   70.08   -9.42 (VIOLATED)
output1894/Z                           60.65   69.99   -9.34 (VIOLATED)
output1675/Z                           60.65   69.81   -9.16 (VIOLATED)
output2961/Z                           60.65   69.81   -9.16 (VIOLATED)
output2181/Z                           60.65   69.81   -9.16 (VIOLATED)
output1350/Z                           60.65   69.73   -9.08 (VIOLATED)
output2929/Z                           60.65   69.65   -9.00 (VIOLATED)
output2372/Z                           60.65   69.61   -8.96 (VIOLATED)
output2157/Z                           60.65   69.56   -8.91 (VIOLATED)
output1818/Z                           60.65   69.51   -8.86 (VIOLATED)
output2245/Z                           60.65   69.45   -8.79 (VIOLATED)
output2522/Z                           60.65   69.20   -8.55 (VIOLATED)
output2756/Z                           60.65   69.15   -8.50 (VIOLATED)
output1381/Z                           60.65   69.13   -8.48 (VIOLATED)
output2749/Z                           60.65   69.10   -8.45 (VIOLATED)
output2350/Z                           60.65   68.96   -8.30 (VIOLATED)
output2597/Z                           60.65   68.81   -8.16 (VIOLATED)
output1551/Z                           60.65   68.73   -8.08 (VIOLATED)
output1487/Z                           60.65   68.61   -7.95 (VIOLATED)
output1787/Z                           60.65   68.56   -7.91 (VIOLATED)
output2594/Z                           60.65   68.56   -7.90 (VIOLATED)
output2459/Z                           60.65   68.54   -7.89 (VIOLATED)
output1252/Z                           60.65   68.29   -7.64 (VIOLATED)
output1254/Z                           60.65   68.21   -7.56 (VIOLATED)
output2004/Z                           60.65   68.07   -7.42 (VIOLATED)
output1435/Z                           60.65   68.01   -7.35 (VIOLATED)
output1779/Z                           60.65   67.95   -7.29 (VIOLATED)
output2827/Z                           60.65   67.88   -7.22 (VIOLATED)
output2416/Z                           60.65   67.88   -7.22 (VIOLATED)
output2753/Z                           60.65   67.88   -7.22 (VIOLATED)
output2580/Z                           60.65   67.80   -7.14 (VIOLATED)
output2828/Z                           60.65   67.75   -7.09 (VIOLATED)
output1566/Z                           60.65   67.74   -7.09 (VIOLATED)
output2634/Z                           60.65   67.70   -7.04 (VIOLATED)
output2585/Z                           60.65   67.64   -6.99 (VIOLATED)
output1263/Z                           60.65   67.63   -6.98 (VIOLATED)
output2041/Z                           60.65   67.61   -6.96 (VIOLATED)
output2255/Z                           60.65   67.58   -6.93 (VIOLATED)
output1714/Z                           60.65   67.54   -6.89 (VIOLATED)
output1283/Z                           60.65   67.51   -6.85 (VIOLATED)
output2053/Z                           60.65   67.48   -6.83 (VIOLATED)
output2596/Z                           60.65   67.40   -6.75 (VIOLATED)
output1820/Z                           60.65   67.28   -6.63 (VIOLATED)
output2925/Z                           60.65   67.28   -6.63 (VIOLATED)
output1523/Z                           60.65   67.19   -6.54 (VIOLATED)
output2144/Z                           60.65   67.18   -6.53 (VIOLATED)
output1928/Z                           60.65   67.18   -6.52 (VIOLATED)
output2403/Z                           60.65   66.98   -6.32 (VIOLATED)
output1746/Z                           60.65   66.97   -6.32 (VIOLATED)
output1817/Z                           60.65   66.96   -6.30 (VIOLATED)
output2399/Z                           60.65   66.88   -6.23 (VIOLATED)
output2434/Z                           60.65   66.84   -6.19 (VIOLATED)
output2615/Z                           60.65   66.84   -6.19 (VIOLATED)
output2727/Z                           60.65   66.83   -6.18 (VIOLATED)
output2818/Z                           60.65   66.74   -6.09 (VIOLATED)
output2725/Z                           60.65   66.72   -6.06 (VIOLATED)
output2537/Z                           60.65   66.71   -6.06 (VIOLATED)
output1537/Z                           60.65   66.51   -5.85 (VIOLATED)
output1774/Z                           60.65   66.43   -5.78 (VIOLATED)
output2483/Z                           60.65   66.40   -5.75 (VIOLATED)
output2260/Z                           60.65   66.23   -5.57 (VIOLATED)
output2860/Z                           60.65   66.22   -5.57 (VIOLATED)
output2335/Z                           60.65   66.19   -5.53 (VIOLATED)
output2261/Z                           60.65   66.08   -5.42 (VIOLATED)
output2728/Z                           60.65   65.97   -5.32 (VIOLATED)
output1278/Z                           60.65   65.92   -5.27 (VIOLATED)
output2433/Z                           60.65   65.87   -5.22 (VIOLATED)
output1936/Z                           60.65   65.84   -5.19 (VIOLATED)
output2796/Z                           60.65   65.84   -5.18 (VIOLATED)
output1848/Z                           60.65   65.77   -5.12 (VIOLATED)
output2773/Z                           60.65   65.73   -5.08 (VIOLATED)
output1899/Z                           60.65   65.69   -5.04 (VIOLATED)
output1328/Z                           60.65   65.66   -5.00 (VIOLATED)
output2287/Z                           60.65   65.49   -4.84 (VIOLATED)
output2864/Z                           60.65   65.43   -4.77 (VIOLATED)
output2566/Z                           60.65   65.42   -4.76 (VIOLATED)
output1771/Z                           60.65   65.41   -4.75 (VIOLATED)
output1434/Z                           60.65   65.40   -4.75 (VIOLATED)
output2280/Z                           60.65   65.35   -4.70 (VIOLATED)
output1353/Z                           60.65   65.33   -4.67 (VIOLATED)
output2741/Z                           60.65   65.21   -4.56 (VIOLATED)
HBT_BOTIN_56607/TOP                   121.15  125.69   -4.53 (VIOLATED)
output2571/Z                           60.65   65.15   -4.50 (VIOLATED)
output1525/Z                           60.65   65.11   -4.45 (VIOLATED)
output2778/Z                           60.65   65.11   -4.45 (VIOLATED)
output2945/Z                           60.65   65.10   -4.45 (VIOLATED)
output2607/Z                           60.65   65.08   -4.43 (VIOLATED)
output1952/Z                           60.65   65.05   -4.39 (VIOLATED)
output1449/Z                           60.65   65.03   -4.38 (VIOLATED)
output2747/Z                           60.65   65.01   -4.35 (VIOLATED)
output1874/Z                           60.65   64.92   -4.27 (VIOLATED)
output1757/Z                           60.65   64.84   -4.18 (VIOLATED)
output2845/Z                           60.65   64.79   -4.14 (VIOLATED)
output1372/Z                           60.65   64.78   -4.13 (VIOLATED)
output1303/Z                           60.65   64.76   -4.11 (VIOLATED)
output1973/Z                           60.65   64.70   -4.04 (VIOLATED)
output2526/Z                           60.65   64.67   -4.02 (VIOLATED)
output2342/Z                           60.65   64.61   -3.95 (VIOLATED)
output1289/Z                           60.65   64.61   -3.95 (VIOLATED)
output2527/Z                           60.65   64.58   -3.93 (VIOLATED)
output1870/Z                           60.65   64.57   -3.92 (VIOLATED)
output2481/Z                           60.65   64.49   -3.84 (VIOLATED)
output1770/Z                           60.65   64.40   -3.75 (VIOLATED)
output2878/Z                           60.65   64.40   -3.75 (VIOLATED)
output2668/Z                           60.65   64.37   -3.71 (VIOLATED)
output1534/Z                           60.65   64.36   -3.71 (VIOLATED)
output2233/Z                           60.65   64.25   -3.59 (VIOLATED)
output2499/Z                           60.65   64.23   -3.58 (VIOLATED)
output2877/Z                           60.65   64.21   -3.56 (VIOLATED)
output1557/Z                           60.65   64.18   -3.53 (VIOLATED)
output2482/Z                           60.65   64.11   -3.45 (VIOLATED)
output2793/Z                           60.65   64.03   -3.37 (VIOLATED)
output2628/Z                           60.65   63.88   -3.23 (VIOLATED)
output2086/Z                           60.65   63.87   -3.22 (VIOLATED)
output2897/Z                           60.65   63.85   -3.20 (VIOLATED)
output2288/Z                           60.65   63.82   -3.17 (VIOLATED)
output2739/Z                           60.65   63.79   -3.13 (VIOLATED)
output2097/Z                           60.65   63.78   -3.13 (VIOLATED)
output2277/Z                           60.65   63.65   -2.99 (VIOLATED)
output2803/Z                           60.65   63.65   -2.99 (VIOLATED)
output2380/Z                           60.65   63.64   -2.98 (VIOLATED)
output2155/Z                           60.65   63.62   -2.97 (VIOLATED)
output2264/Z                           60.65   63.61   -2.96 (VIOLATED)
output1831/Z                           60.65   63.49   -2.84 (VIOLATED)
output1618/Z                           60.65   63.49   -2.83 (VIOLATED)
output2404/Z                           60.65   63.46   -2.80 (VIOLATED)
output2420/Z                           60.65   63.44   -2.79 (VIOLATED)
output2209/Z                           60.65   63.41   -2.76 (VIOLATED)
output2374/Z                           60.65   63.35   -2.70 (VIOLATED)
output1849/Z                           60.65   63.34   -2.69 (VIOLATED)
output1456/Z                           60.65   63.34   -2.69 (VIOLATED)
output2771/Z                           60.65   63.29   -2.64 (VIOLATED)
output2541/Z                           60.65   63.28   -2.62 (VIOLATED)
output2570/Z                           60.65   63.27   -2.62 (VIOLATED)
output2674/Z                           60.65   63.12   -2.47 (VIOLATED)
output2038/Z                           60.65   63.10   -2.44 (VIOLATED)
output1627/Z                           60.65   63.05   -2.40 (VIOLATED)
HBT_BOTIN_57014/TOP                   121.15  123.51   -2.35 (VIOLATED)
output2093/Z                           60.65   63.00   -2.34 (VIOLATED)
output1772/Z                           60.65   63.00   -2.34 (VIOLATED)
output1698/Z                           60.65   62.93   -2.27 (VIOLATED)
output2839/Z                           60.65   62.90   -2.24 (VIOLATED)
output1441/Z                           60.65   62.78   -2.13 (VIOLATED)
output2801/Z                           60.65   62.73   -2.07 (VIOLATED)
output2497/Z                           60.65   62.71   -2.06 (VIOLATED)
output1821/Z                           60.65   62.59   -1.94 (VIOLATED)
output1873/Z                           60.65   62.57   -1.91 (VIOLATED)
output1752/Z                           60.65   62.55   -1.90 (VIOLATED)
output1313/Z                           60.65   62.53   -1.88 (VIOLATED)
output2475/Z                           60.65   62.52   -1.87 (VIOLATED)
output2435/Z                           60.65   62.47   -1.82 (VIOLATED)
output2272/Z                           60.65   62.35   -1.70 (VIOLATED)
output2089/Z                           60.65   62.34   -1.69 (VIOLATED)
output2310/Z                           60.65   62.30   -1.65 (VIOLATED)
output2642/Z                           60.65   62.27   -1.62 (VIOLATED)
output1900/Z                           60.65   62.12   -1.47 (VIOLATED)
output2500/Z                           60.65   62.09   -1.43 (VIOLATED)
output1387/Z                           60.65   62.04   -1.39 (VIOLATED)
output1978/Z                           60.65   62.04   -1.38 (VIOLATED)
output2151/Z                           60.65   62.00   -1.35 (VIOLATED)
output2883/Z                           60.65   61.98   -1.32 (VIOLATED)
output2169/Z                           60.65   61.96   -1.31 (VIOLATED)
output1725/Z                           60.65   61.94   -1.29 (VIOLATED)
output1911/Z                           60.65   61.94   -1.28 (VIOLATED)
output1522/Z                           60.65   61.88   -1.23 (VIOLATED)
output1249/Z                           60.65   61.87   -1.21 (VIOLATED)
output1970/Z                           60.65   61.86   -1.21 (VIOLATED)
output2056/Z                           60.65   61.80   -1.15 (VIOLATED)
output2598/Z                           60.65   61.74   -1.08 (VIOLATED)
output1987/Z                           60.65   61.70   -1.05 (VIOLATED)
output2649/Z                           60.65   61.62   -0.97 (VIOLATED)
output2973/Z                           60.65   61.55   -0.90 (VIOLATED)
output2368/Z                           60.65   61.55   -0.89 (VIOLATED)
output2225/Z                           60.65   61.54   -0.88 (VIOLATED)
output1761/Z                           60.65   61.46   -0.80 (VIOLATED)
output1808/Z                           60.65   61.41   -0.75 (VIOLATED)
output1326/Z                           60.65   61.28   -0.63 (VIOLATED)
output1845/Z                           60.65   61.28   -0.63 (VIOLATED)
output1379/Z                           60.65   61.17   -0.52 (VIOLATED)
output1399/Z                           60.65   61.16   -0.51 (VIOLATED)
output2026/Z                           60.65   61.10   -0.45 (VIOLATED)
output2167/Z                           60.65   61.05   -0.40 (VIOLATED)
output1672/Z                           60.65   61.05   -0.39 (VIOLATED)
output2143/Z                           60.65   60.86   -0.21 (VIOLATED)
output2521/Z                           60.65   60.78   -0.12 (VIOLATED)
output1378/Z                           60.65   60.76   -0.10 (VIOLATED)


==========================================================================
finish max_slew_check_slack
--------------------------------------------------------------------------
-1.3085020780563354

==========================================================================
finish max_slew_check_limit
--------------------------------------------------------------------------
0.1985349953174591

==========================================================================
finish max_slew_check_slack_limit
--------------------------------------------------------------------------
-6.5908

==========================================================================
finish max_fanout_check_slack
--------------------------------------------------------------------------
1.0000000150474662e+30

==========================================================================
finish max_fanout_check_limit
--------------------------------------------------------------------------
1.0000000150474662e+30

==========================================================================
finish max_capacitance_check_slack
--------------------------------------------------------------------------
-582.4658203125

==========================================================================
finish max_capacitance_check_limit
--------------------------------------------------------------------------
121.15499877929688

==========================================================================
finish max_capacitance_check_slack_limit
--------------------------------------------------------------------------
-4.8076

==========================================================================
finish max_slew_violation_count
--------------------------------------------------------------------------
max slew violation count 8

==========================================================================
finish max_fanout_violation_count
--------------------------------------------------------------------------
max fanout violation count 0

==========================================================================
finish max_cap_violation_count
--------------------------------------------------------------------------
max cap violation count 263

==========================================================================
finish setup_violation_count
--------------------------------------------------------------------------
setup violation count 316

==========================================================================
finish hold_violation_count
--------------------------------------------------------------------------
hold violation count 256
+_+_+_+_+_+_+_+_+_+_+_+_+_+_+_+_+-
Startpoint: be_mmu/dcache/_25673_
            (rising edge-triggered flip-flop clocked by CLK)
Endpoint: be_mmu/dcache/data_mem_0__data_mem/macro_mem/mem
          (rising edge-triggered flip-flop clocked by CLK)
Path Group: CLK
Path Type: max

  Delay    Time   Description
---------------------------------------------------------
   0.00    0.00   clock CLK (rise edge)
   0.00    0.00   clock network delay (ideal)
   0.00    0.00 ^ be_mmu/dcache/_25673_/CK (DFF_X2_upper)
   0.14    0.14 ^ be_mmu/dcache/_25673_/Q (DFF_X2_upper)
   0.06    0.21 ^ be_mmu/dcache/_12731_/Z (XOR2_X2_upper)
   0.04    0.25 ^ be_mmu/dcache/_12732_/ZN (OR3_X1_upper)
   0.03    0.28 v be_mmu/dcache/_12733_/ZN (OAI33_X1_upper)
   0.03    0.31 v wire3604/Z (BUF_X2_upper)
   0.03    0.34 v max_cap3603/Z (BUF_X2_upper)
   0.03    0.37 v max_cap3602/Z (BUF_X2_upper)
   0.03    0.40 v max_cap3601/Z (BUF_X2_upper)
   0.05    0.45 v be_mmu/dcache/_12771_/ZN (OR2_X4_upper)
   0.08    0.53 ^ be_mmu/dcache/_18792_/ZN (NOR4_X4_upper)
   0.04    0.57 ^ be_mmu/dcache/lce/_14370_/ZN (OR3_X1_upper)
   0.02    0.59 v be_mmu/dcache/lce/_14371_/ZN (NOR3_X2_upper)
   0.04    0.63 ^ be_mmu/dcache/lce/_14375_/ZN (NOR3_X4_upper)
   0.00    0.63 ^ HBT_TOPIN_53972/BOT (HBT_TOPIN)
   0.05    0.68 v be_calculator/_13912_/ZN (OAI211_X4_bottom)
   0.05    0.73 ^ be_calculator/_13913_/ZN (INV_X32_bottom)
   0.01    0.75 v _3139_/ZN (NOR4_X2_bottom)
   0.03    0.78 ^ _3141_/ZN (INV_X2_bottom)
   0.02    0.79 v be_mmu/dcache/_12592_/ZN (INV_X1_bottom)
   0.03    0.83 ^ be_mmu/dcache/_12593_/ZN (NAND3_X4_bottom)
   0.05    0.87 ^ be_mmu/dcache/_14267_/ZN (OR2_X1_bottom)
   0.01    0.89 v be_mmu/dcache/_14268_/ZN (NAND2_X4_bottom)
   0.00    0.89 v HBT_BOTIN_32417/TOP (HBT_BOTIN)
   0.08    0.96 v be_mmu/dcache/_15553_/ZN (OR2_X4_upper)
   4.41    5.38 v max_length3079/Z (BUF_X32_upper)
   0.00    5.38 v HBT_TOPIN_56349/BOT (HBT_TOPIN)
   0.00    5.38 v be_mmu/dcache/data_mem_0__data_mem/macro_mem/mem/w_mask_in[0] (fakeram45_512x64_bottom)
           5.38   data arrival time

   2.60    2.60   clock CLK (rise edge)
   0.00    2.60   clock network delay (ideal)
   0.00    2.60   clock reconvergence pessimism
           2.60 ^ be_mmu/dcache/data_mem_0__data_mem/macro_mem/mem/clk (fakeram45_512x64_bottom)
  -0.05    2.55   library setup time
           2.55   data required time
---------------------------------------------------------
           2.55   data required time
          -5.38   data arrival time
---------------------------------------------------------
          -2.83   slack (VIOLATED)


Startpoint: be_mmu/dcache/_25673_
            (rising edge-triggered flip-flop clocked by CLK)
Endpoint: be_mmu/dcache/data_mem_0__data_mem/macro_mem/mem
          (rising edge-triggered flip-flop clocked by CLK)
Path Group: CLK
Path Type: max

  Delay    Time   Description
---------------------------------------------------------
   0.00    0.00   clock CLK (rise edge)
   0.00    0.00   clock network delay (ideal)
   0.00    0.00 ^ be_mmu/dcache/_25673_/CK (DFF_X2_upper)
   0.14    0.14 ^ be_mmu/dcache/_25673_/Q (DFF_X2_upper)
   0.06    0.21 ^ be_mmu/dcache/_12731_/Z (XOR2_X2_upper)
   0.04    0.25 ^ be_mmu/dcache/_12732_/ZN (OR3_X1_upper)
   0.03    0.28 v be_mmu/dcache/_12733_/ZN (OAI33_X1_upper)
   0.03    0.31 v wire3604/Z (BUF_X2_upper)
   0.03    0.34 v max_cap3603/Z (BUF_X2_upper)
   0.03    0.37 v max_cap3602/Z (BUF_X2_upper)
   0.03    0.40 v max_cap3601/Z (BUF_X2_upper)
   0.05    0.45 v be_mmu/dcache/_12771_/ZN (OR2_X4_upper)
   0.08    0.53 ^ be_mmu/dcache/_18792_/ZN (NOR4_X4_upper)
   0.04    0.57 ^ be_mmu/dcache/lce/_14370_/ZN (OR3_X1_upper)
   0.02    0.59 v be_mmu/dcache/lce/_14371_/ZN (NOR3_X2_upper)
   0.04    0.63 ^ be_mmu/dcache/lce/_14375_/ZN (NOR3_X4_upper)
   0.00    0.63 ^ HBT_TOPIN_53972/BOT (HBT_TOPIN)
   0.05    0.68 v be_calculator/_13912_/ZN (OAI211_X4_bottom)
   0.05    0.73 ^ be_calculator/_13913_/ZN (INV_X32_bottom)
   0.01    0.75 v _3139_/ZN (NOR4_X2_bottom)
   0.03    0.78 ^ _3141_/ZN (INV_X2_bottom)
   0.02    0.79 v be_mmu/dcache/_12592_/ZN (INV_X1_bottom)
   0.03    0.83 ^ be_mmu/dcache/_12593_/ZN (NAND3_X4_bottom)
   0.05    0.87 ^ be_mmu/dcache/_14267_/ZN (OR2_X1_bottom)
   0.01    0.89 v be_mmu/dcache/_14268_/ZN (NAND2_X4_bottom)
   0.00    0.89 v HBT_BOTIN_32417/TOP (HBT_BOTIN)
   0.08    0.96 v be_mmu/dcache/_15557_/ZN (OR2_X4_upper)
   4.41    5.38 v max_length3078/Z (BUF_X32_upper)
   0.00    5.38 v HBT_TOPIN_56348/BOT (HBT_TOPIN)
   0.00    5.38 v be_mmu/dcache/data_mem_0__data_mem/macro_mem/mem/w_mask_in[10] (fakeram45_512x64_bottom)
           5.38   data arrival time

   2.60    2.60   clock CLK (rise edge)
   0.00    2.60   clock network delay (ideal)
   0.00    2.60   clock reconvergence pessimism
           2.60 ^ be_mmu/dcache/data_mem_0__data_mem/macro_mem/mem/clk (fakeram45_512x64_bottom)
  -0.05    2.55   library setup time
           2.55   data required time
---------------------------------------------------------
           2.55   data required time
          -5.38   data arrival time
---------------------------------------------------------
          -2.83   slack (VIOLATED)


Startpoint: be_mmu/dcache/_25673_
            (rising edge-triggered flip-flop clocked by CLK)
Endpoint: be_mmu/dcache/data_mem_0__data_mem/macro_mem/mem
          (rising edge-triggered flip-flop clocked by CLK)
Path Group: CLK
Path Type: max

  Delay    Time   Description
---------------------------------------------------------
   0.00    0.00   clock CLK (rise edge)
   0.00    0.00   clock network delay (ideal)
   0.00    0.00 ^ be_mmu/dcache/_25673_/CK (DFF_X2_upper)
   0.14    0.14 ^ be_mmu/dcache/_25673_/Q (DFF_X2_upper)
   0.06    0.21 ^ be_mmu/dcache/_12731_/Z (XOR2_X2_upper)
   0.04    0.25 ^ be_mmu/dcache/_12732_/ZN (OR3_X1_upper)
   0.03    0.28 v be_mmu/dcache/_12733_/ZN (OAI33_X1_upper)
   0.03    0.31 v wire3604/Z (BUF_X2_upper)
   0.03    0.34 v max_cap3603/Z (BUF_X2_upper)
   0.03    0.37 v max_cap3602/Z (BUF_X2_upper)
   0.03    0.40 v max_cap3601/Z (BUF_X2_upper)
   0.05    0.45 v be_mmu/dcache/_12771_/ZN (OR2_X4_upper)
   0.08    0.53 ^ be_mmu/dcache/_18792_/ZN (NOR4_X4_upper)
   0.04    0.57 ^ be_mmu/dcache/lce/_14370_/ZN (OR3_X1_upper)
   0.02    0.59 v be_mmu/dcache/lce/_14371_/ZN (NOR3_X2_upper)
   0.04    0.63 ^ be_mmu/dcache/lce/_14375_/ZN (NOR3_X4_upper)
   0.00    0.63 ^ HBT_TOPIN_53972/BOT (HBT_TOPIN)
   0.05    0.68 v be_calculator/_13912_/ZN (OAI211_X4_bottom)
   0.05    0.73 ^ be_calculator/_13913_/ZN (INV_X32_bottom)
   0.01    0.75 v _3139_/ZN (NOR4_X2_bottom)
   0.03    0.78 ^ _3141_/ZN (INV_X2_bottom)
   0.02    0.79 v be_mmu/dcache/_12592_/ZN (INV_X1_bottom)
   0.03    0.83 ^ be_mmu/dcache/_12593_/ZN (NAND3_X4_bottom)
   0.05    0.87 ^ be_mmu/dcache/_14267_/ZN (OR2_X1_bottom)
   0.01    0.89 v be_mmu/dcache/_14268_/ZN (NAND2_X4_bottom)
   0.00    0.89 v HBT_BOTIN_32417/TOP (HBT_BOTIN)
   0.08    0.96 v be_mmu/dcache/_15557_/ZN (OR2_X4_upper)
   4.41    5.38 v max_length3078/Z (BUF_X32_upper)
   0.00    5.38 v HBT_TOPIN_56348/BOT (HBT_TOPIN)
   0.00    5.38 v be_mmu/dcache/data_mem_0__data_mem/macro_mem/mem/w_mask_in[11] (fakeram45_512x64_bottom)
           5.38   data arrival time

   2.60    2.60   clock CLK (rise edge)
   0.00    2.60   clock network delay (ideal)
   0.00    2.60   clock reconvergence pessimism
           2.60 ^ be_mmu/dcache/data_mem_0__data_mem/macro_mem/mem/clk (fakeram45_512x64_bottom)
  -0.05    2.55   library setup time
           2.55   data required time
---------------------------------------------------------
           2.55   data required time
          -5.38   data arrival time
---------------------------------------------------------
          -2.83   slack (VIOLATED)


Startpoint: be_mmu/dcache/_25673_
            (rising edge-triggered flip-flop clocked by CLK)
Endpoint: be_mmu/dcache/data_mem_0__data_mem/macro_mem/mem
          (rising edge-triggered flip-flop clocked by CLK)
Path Group: CLK
Path Type: max

  Delay    Time   Description
---------------------------------------------------------
   0.00    0.00   clock CLK (rise edge)
   0.00    0.00   clock network delay (ideal)
   0.00    0.00 ^ be_mmu/dcache/_25673_/CK (DFF_X2_upper)
   0.14    0.14 ^ be_mmu/dcache/_25673_/Q (DFF_X2_upper)
   0.06    0.21 ^ be_mmu/dcache/_12731_/Z (XOR2_X2_upper)
   0.04    0.25 ^ be_mmu/dcache/_12732_/ZN (OR3_X1_upper)
   0.03    0.28 v be_mmu/dcache/_12733_/ZN (OAI33_X1_upper)
   0.03    0.31 v wire3604/Z (BUF_X2_upper)
   0.03    0.34 v max_cap3603/Z (BUF_X2_upper)
   0.03    0.37 v max_cap3602/Z (BUF_X2_upper)
   0.03    0.40 v max_cap3601/Z (BUF_X2_upper)
   0.05    0.45 v be_mmu/dcache/_12771_/ZN (OR2_X4_upper)
   0.08    0.53 ^ be_mmu/dcache/_18792_/ZN (NOR4_X4_upper)
   0.04    0.57 ^ be_mmu/dcache/lce/_14370_/ZN (OR3_X1_upper)
   0.02    0.59 v be_mmu/dcache/lce/_14371_/ZN (NOR3_X2_upper)
   0.04    0.63 ^ be_mmu/dcache/lce/_14375_/ZN (NOR3_X4_upper)
   0.00    0.63 ^ HBT_TOPIN_53972/BOT (HBT_TOPIN)
   0.05    0.68 v be_calculator/_13912_/ZN (OAI211_X4_bottom)
   0.05    0.73 ^ be_calculator/_13913_/ZN (INV_X32_bottom)
   0.01    0.75 v _3139_/ZN (NOR4_X2_bottom)
   0.03    0.78 ^ _3141_/ZN (INV_X2_bottom)
   0.02    0.79 v be_mmu/dcache/_12592_/ZN (INV_X1_bottom)
   0.03    0.83 ^ be_mmu/dcache/_12593_/ZN (NAND3_X4_bottom)
   0.05    0.87 ^ be_mmu/dcache/_14267_/ZN (OR2_X1_bottom)
   0.01    0.89 v be_mmu/dcache/_14268_/ZN (NAND2_X4_bottom)
   0.00    0.89 v HBT_BOTIN_32417/TOP (HBT_BOTIN)
   0.08    0.96 v be_mmu/dcache/_15557_/ZN (OR2_X4_upper)
   4.41    5.38 v max_length3078/Z (BUF_X32_upper)
   0.00    5.38 v HBT_TOPIN_56348/BOT (HBT_TOPIN)
   0.00    5.38 v be_mmu/dcache/data_mem_0__data_mem/macro_mem/mem/w_mask_in[12] (fakeram45_512x64_bottom)
           5.38   data arrival time

   2.60    2.60   clock CLK (rise edge)
   0.00    2.60   clock network delay (ideal)
   0.00    2.60   clock reconvergence pessimism
           2.60 ^ be_mmu/dcache/data_mem_0__data_mem/macro_mem/mem/clk (fakeram45_512x64_bottom)
  -0.05    2.55   library setup time
           2.55   data required time
---------------------------------------------------------
           2.55   data required time
          -5.38   data arrival time
---------------------------------------------------------
          -2.83   slack (VIOLATED)


Startpoint: be_mmu/dcache/_25673_
            (rising edge-triggered flip-flop clocked by CLK)
Endpoint: be_mmu/dcache/data_mem_0__data_mem/macro_mem/mem
          (rising edge-triggered flip-flop clocked by CLK)
Path Group: CLK
Path Type: max

  Delay    Time   Description
---------------------------------------------------------
   0.00    0.00   clock CLK (rise edge)
   0.00    0.00   clock network delay (ideal)
   0.00    0.00 ^ be_mmu/dcache/_25673_/CK (DFF_X2_upper)
   0.14    0.14 ^ be_mmu/dcache/_25673_/Q (DFF_X2_upper)
   0.06    0.21 ^ be_mmu/dcache/_12731_/Z (XOR2_X2_upper)
   0.04    0.25 ^ be_mmu/dcache/_12732_/ZN (OR3_X1_upper)
   0.03    0.28 v be_mmu/dcache/_12733_/ZN (OAI33_X1_upper)
   0.03    0.31 v wire3604/Z (BUF_X2_upper)
   0.03    0.34 v max_cap3603/Z (BUF_X2_upper)
   0.03    0.37 v max_cap3602/Z (BUF_X2_upper)
   0.03    0.40 v max_cap3601/Z (BUF_X2_upper)
   0.05    0.45 v be_mmu/dcache/_12771_/ZN (OR2_X4_upper)
   0.08    0.53 ^ be_mmu/dcache/_18792_/ZN (NOR4_X4_upper)
   0.04    0.57 ^ be_mmu/dcache/lce/_14370_/ZN (OR3_X1_upper)
   0.02    0.59 v be_mmu/dcache/lce/_14371_/ZN (NOR3_X2_upper)
   0.04    0.63 ^ be_mmu/dcache/lce/_14375_/ZN (NOR3_X4_upper)
   0.00    0.63 ^ HBT_TOPIN_53972/BOT (HBT_TOPIN)
   0.05    0.68 v be_calculator/_13912_/ZN (OAI211_X4_bottom)
   0.05    0.73 ^ be_calculator/_13913_/ZN (INV_X32_bottom)
   0.01    0.75 v _3139_/ZN (NOR4_X2_bottom)
   0.03    0.78 ^ _3141_/ZN (INV_X2_bottom)
   0.02    0.79 v be_mmu/dcache/_12592_/ZN (INV_X1_bottom)
   0.03    0.83 ^ be_mmu/dcache/_12593_/ZN (NAND3_X4_bottom)
   0.05    0.87 ^ be_mmu/dcache/_14267_/ZN (OR2_X1_bottom)
   0.01    0.89 v be_mmu/dcache/_14268_/ZN (NAND2_X4_bottom)
   0.00    0.89 v HBT_BOTIN_32417/TOP (HBT_BOTIN)
   0.08    0.96 v be_mmu/dcache/_15557_/ZN (OR2_X4_upper)
   4.41    5.38 v max_length3078/Z (BUF_X32_upper)
   0.00    5.38 v HBT_TOPIN_56348/BOT (HBT_TOPIN)
   0.00    5.38 v be_mmu/dcache/data_mem_0__data_mem/macro_mem/mem/w_mask_in[13] (fakeram45_512x64_bottom)
           5.38   data arrival time

   2.60    2.60   clock CLK (rise edge)
   0.00    2.60   clock network delay (ideal)
   0.00    2.60   clock reconvergence pessimism
           2.60 ^ be_mmu/dcache/data_mem_0__data_mem/macro_mem/mem/clk (fakeram45_512x64_bottom)
  -0.05    2.55   library setup time
           2.55   data required time
---------------------------------------------------------
           2.55   data required time
          -5.38   data arrival time
---------------------------------------------------------
          -2.83   slack (VIOLATED)


+_+_+_+_+_+_+_+_+_+_+_+_+_+_+_+_+-

==========================================================================
finish critical path delay
--------------------------------------------------------------------------
5.3753

==========================================================================
finish critical path slack
--------------------------------------------------------------------------
-2.8253

==========================================================================
finish slack div critical path delay
--------------------------------------------------------------------------
-52.560787

==========================================================================
finish report_power
--------------------------------------------------------------------------
Group                  Internal  Switching    Leakage      Total
                          Power      Power      Power      Power (Watts)
----------------------------------------------------------------
Sequential             2.63e-02   1.98e-03   7.12e-04   2.90e-02  21.5%
Combinational          3.28e-02   2.02e-02   1.94e-03   5.49e-02  40.8%
Clock                  0.00e+00   0.00e+00   0.00e+00   0.00e+00   0.0%
Macro                  4.40e-02   0.00e+00   6.81e-03   5.08e-02  37.7%
Pad                    0.00e+00   0.00e+00   0.00e+00   0.00e+00   0.0%
----------------------------------------------------------------
Total                  1.03e-01   2.22e-02   9.46e-03   1.35e-01 100.0%
                          76.5%      16.4%       7.0%

==========================================================================
finish report_design_area
--------------------------------------------------------------------------
Design area 257498 u^2 89% utilization.

[WARNING GUI-0076] QStandardPaths: XDG_RUNTIME_DIR not set, defaulting to '/tmp/runtime-root'
[WARNING GUI-0076] This plugin does not support propagateSizeHints()
[WARNING GUI-0076] This plugin does not support propagateSizeHints()
[WARNING GUI-0076] This plugin does not support propagateSizeHints()
[WARNING GUI-0010] File path does not end with a valid extension, new path is: ./reports/nangate45_3D/bp_be/HBT/final_routing.webp.png
[WARNING GUI-0010] File path does not end with a valid extension, new path is: ./reports/nangate45_3D/bp_be/HBT/final_placement.webp.png
[WARNING GUI-0010] File path does not end with a valid extension, new path is: ./reports/nangate45_3D/bp_be/HBT/final_ir_drop.webp.png
[WARNING GUI-0066] Heat map "IR Drop" has not been populated with data.
[WARNING GUI-0010] File path does not end with a valid extension, new path is: ./reports/nangate45_3D/bp_be/HBT/final_clocks.webp.png
[WARNING GUI-0010] File path does not end with a valid extension, new path is: ./reports/nangate45_3D/bp_be/HBT/final_congestion.webp.png
[WARNING GUI-0010] File path does not end with a valid extension, new path is: ./reports/nangate45_3D/bp_be/HBT/final_resizer.webp.png
[WARNING GUI-0010] File path does not end with a valid extension, new path is: ./reports/nangate45_3D/bp_be/HBT/cts_CLK.webp.png
Elapsed time: 1:02.53[h:]min:sec. CPU time: user 60.96 sys 1.70 (100%). Peak memory: 1059944KB.
