OpenROAD v2.0-17198-g8396d0866 
Features included (+) or not (-): +Charts +GPU +GUI +Python : None
This program is licensed under the BSD-3 license. See the LICENSE file for details.
Components of this program may be licensed under more restrictive licenses which must be honored.
[WARNING STA-0101] object 'reset_i' not found.
[WARNING STA-0472] no valid objects specified for -through
[WARNING STA-0101] object 'reset_l' not found.
[WARNING STA-0472] no valid objects specified for -through
[WARNING STA-0101] object 'p_clk_async_reset_i' not found.
[WARNING STA-0472] no valid objects specified for -through
[WARNING ODB-0378] Global connections are not set up.
[INFO] Deleted 0 routing obstructions
[INFO RCX-0431] Defined process_corner X with ext_model_index 0
[INFO RCX-0029] Defined extraction corner X
[INFO RCX-0435] Reading extraction model file /workspace/OpenROAD-3D/flow/platforms/nangate45_3D/nangate45_3D.rules ...
[INFO RCX-0436] RC segment generation ariane (max_merge_res 50.0) ...
[INFO RCX-0040] Final 759737 rc segments
[INFO RCX-0439] Coupling Cap extraction ariane ...
[INFO RCX-0440] Coupling threshhold is 0.1000 fF, coupling capacitance less than 0.1000 fF will be grounded.
[INFO RCX-0442] 8% of 1766412 wires extracted
[INFO RCX-0442] 20% of 1766412 wires extracted
[INFO RCX-0442] 32% of 1766412 wires extracted
[INFO RCX-0442] 41% of 1766412 wires extracted
[INFO RCX-0442] 47% of 1766412 wires extracted
[INFO RCX-0442] 63% of 1766412 wires extracted
[INFO RCX-0442] 78% of 1766412 wires extracted
[INFO RCX-0442] 88% of 1766412 wires extracted
[INFO RCX-0442] 95% of 1766412 wires extracted
[INFO RCX-0442] 100% of 1766412 wires extracted
[INFO RCX-0045] Extract 190730 nets, 931188 rsegs, 931188 caps, 2050218 ccs
[INFO RCX-0042] 100000 nets finished
[INFO RCX-0443] 190732 nets finished
[WARNING STA-1650] ./results/nangate45_3D/ariane133/HBT/6_final.spef line 351068, net i_cache_subsystem/_1163_ not found.
[WARNING STA-1650] ./results/nangate45_3D/ariane133/HBT/6_final.spef line 351069, net i_cache_subsystem/i_nbdcache/i_miss_handler/_15725_ not found.
[WARNING STA-1650] ./results/nangate45_3D/ariane133/HBT/6_final.spef line 351149, net ex_stage_i/i_mult/_4693_ not found.
[WARNING STA-1650] ./results/nangate45_3D/ariane133/HBT/6_final.spef line 351150, net ex_stage_i/i_mult/_4729_ not found.
[WARNING STA-1650] ./results/nangate45_3D/ariane133/HBT/6_final.spef line 351151, net ex_stage_i/i_mult/_5120_ not found.
[WARNING STA-1650] ./results/nangate45_3D/ariane133/HBT/6_final.spef line 351152, net issue_stage_i/i_issue_read_operands/_4309_ not found.
[WARNING STA-1650] ./results/nangate45_3D/ariane133/HBT/6_final.spef line 351153, net issue_stage_i/i_issue_read_operands/_4775_ not found.
[WARNING STA-1650] ./results/nangate45_3D/ariane133/HBT/6_final.spef line 351154, net issue_stage_i/i_scoreboard/_36468_ not found.
[WARNING STA-1650] ./results/nangate45_3D/ariane133/HBT/6_final.spef line 351212, net ex_stage_i/i_mult/i_multiplier/_31465_ not found.
[WARNING STA-1650] ./results/nangate45_3D/ariane133/HBT/6_final.spef line 351213, net ex_stage_i/i_mult/i_multiplier/_31702_ not found.
[WARNING STA-1650] ./results/nangate45_3D/ariane133/HBT/6_final.spef line 351214, net ex_stage_i/i_mult/i_multiplier/_31702_ not found.
[WARNING STA-1650] ./results/nangate45_3D/ariane133/HBT/6_final.spef line 351215, net ex_stage_i/i_mult/i_multiplier/_31817_ not found.
[WARNING STA-1650] ./results/nangate45_3D/ariane133/HBT/6_final.spef line 351330, net i_cache_subsystem/axi_req_bypass\[102\] not found.
[WARNING STA-1650] ./results/nangate45_3D/ariane133/HBT/6_final.spef line 351331, net i_cache_subsystem/i_nbdcache/i_miss_handler/_00173_ not found.
[WARNING STA-1650] ./results/nangate45_3D/ariane133/HBT/6_final.spef line 351362, net i_cache_subsystem/i_nbdcache/i_miss_handler/_12843_ not found.
[WARNING STA-1650] ./results/nangate45_3D/ariane133/HBT/6_final.spef line 351368, net issue_stage_i/i_scoreboard/_59272_ not found.
[WARNING STA-1650] ./results/nangate45_3D/ariane133/HBT/6_final.spef line 351383, net issue_stage_i/i_scoreboard/_23792_ not found.
[WARNING STA-1650] ./results/nangate45_3D/ariane133/HBT/6_final.spef line 351384, net issue_stage_i/i_scoreboard/_24805_ not found.
[WARNING STA-1650] ./results/nangate45_3D/ariane133/HBT/6_final.spef line 351385, net issue_stage_i/i_scoreboard/_24877_ not found.
[WARNING STA-1650] ./results/nangate45_3D/ariane133/HBT/6_final.spef line 351386, net issue_stage_i/i_scoreboard/_25086_ not found.
[WARNING STA-1650] ./results/nangate45_3D/ariane133/HBT/6_final.spef line 351410, net i_cache_subsystem/i_nbdcache/sram_block_5__data_sram/genblk1_1__i_ram/macro_mem_0 not found.
[WARNING STA-1650] ./results/nangate45_3D/ariane133/HBT/6_final.spef line 351411, net i_cache_subsystem/i_nbdcache/sram_block_5__data_sram/genblk1_1__i_ram/macro_mem_0 not found.
[WARNING STA-1650] ./results/nangate45_3D/ariane133/HBT/6_final.spef line 351412, net i_cache_subsystem/i_nbdcache/sram_block_5__data_sram/genblk1_1__i_ram/macro_mem_0 not found.
[WARNING STA-1650] ./results/nangate45_3D/ariane133/HBT/6_final.spef line 351420, net i_cache_subsystem/i_nbdcache/i_miss_handler/_09468_ not found.
[WARNING STA-1650] ./results/nangate45_3D/ariane133/HBT/6_final.spef line 351421, net i_cache_subsystem/i_nbdcache/i_miss_handler/_09736_ not found.
[WARNING STA-1650] ./results/nangate45_3D/ariane133/HBT/6_final.spef line 351422, net i_cache_subsystem/i_nbdcache/sram_block_5__data_sram/genblk1_1__i_ram/csel_b not found.
[WARNING STA-1650] ./results/nangate45_3D/ariane133/HBT/6_final.spef line 351423, net i_cache_subsystem/i_nbdcache/wdata_ram_data__61_ not found.
[WARNING STA-1650] ./results/nangate45_3D/ariane133/HBT/6_final.spef line 351426, net i_cache_subsystem/_1006_ not found.
[WARNING STA-1650] ./results/nangate45_3D/ariane133/HBT/6_final.spef line 351428, net i_cache_subsystem/i_nbdcache/i_miss_handler/_12323_ not found.
[WARNING STA-1650] ./results/nangate45_3D/ariane133/HBT/6_final.spef line 351429, net i_cache_subsystem/i_nbdcache/i_miss_handler/_15368_ not found.
[WARNING STA-1650] ./results/nangate45_3D/ariane133/HBT/6_final.spef line 351430, net i_cache_subsystem/i_nbdcache/i_miss_handler/_15518_ not found.
[WARNING STA-1650] ./results/nangate45_3D/ariane133/HBT/6_final.spef line 351433, net i_cache_subsystem/i_nbdcache/i_miss_handler/_00082_ not found.
[WARNING STA-1650] ./results/nangate45_3D/ariane133/HBT/6_final.spef line 351434, net i_cache_subsystem/i_nbdcache/i_miss_handler/_06419_ not found.
[WARNING STA-1650] ./results/nangate45_3D/ariane133/HBT/6_final.spef line 351435, net i_cache_subsystem/i_nbdcache/i_miss_handler/_06419_ not found.
[WARNING STA-1650] ./results/nangate45_3D/ariane133/HBT/6_final.spef line 351436, net i_cache_subsystem/i_nbdcache/i_miss_handler/_06419_ not found.
[WARNING STA-1650] ./results/nangate45_3D/ariane133/HBT/6_final.spef line 351437, net i_cache_subsystem/i_nbdcache/i_miss_handler/_09387_ not found.
[WARNING STA-1650] ./results/nangate45_3D/ariane133/HBT/6_final.spef line 351438, net i_cache_subsystem/i_nbdcache/i_miss_handler/_09401_ not found.
[WARNING STA-1650] ./results/nangate45_3D/ariane133/HBT/6_final.spef line 351439, net i_cache_subsystem/i_nbdcache/i_miss_handler/_09406_ not found.
[WARNING STA-1650] ./results/nangate45_3D/ariane133/HBT/6_final.spef line 351440, net i_cache_subsystem/i_nbdcache/i_miss_handler/_09495_ not found.
[WARNING STA-1650] ./results/nangate45_3D/ariane133/HBT/6_final.spef line 351441, net i_cache_subsystem/i_nbdcache/i_miss_handler/_09495_ not found.
[WARNING STA-1650] ./results/nangate45_3D/ariane133/HBT/6_final.spef line 351442, net i_cache_subsystem/i_nbdcache/i_miss_handler/_09496_ not found.
[WARNING STA-1650] ./results/nangate45_3D/ariane133/HBT/6_final.spef line 351443, net i_cache_subsystem/i_nbdcache/i_miss_handler/_09681_ not found.
[WARNING STA-1650] ./results/nangate45_3D/ariane133/HBT/6_final.spef line 351444, net i_cache_subsystem/i_nbdcache/i_miss_handler/_09693_ not found.
[WARNING STA-1650] ./results/nangate45_3D/ariane133/HBT/6_final.spef line 351471, net i_cache_subsystem/i_nbdcache/i_tag_cmp.rdata_i\[510\] not found.
[WARNING STA-1650] ./results/nangate45_3D/ariane133/HBT/6_final.spef line 351473, net i_cache_subsystem/_0314_ not found.
[WARNING STA-1650] ./results/nangate45_3D/ariane133/HBT/6_final.spef line 351474, net ex_stage_i/lsu_i/i_store_unit/store_buffer_i/_09747_ not found.
[WARNING STA-1650] ./results/nangate45_3D/ariane133/HBT/6_final.spef line 351475, net ex_stage_i/lsu_i/i_store_unit/store_buffer_i/_09877_ not found.
[WARNING STA-1650] ./results/nangate45_3D/ariane133/HBT/6_final.spef line 351477, net i_cache_subsystem/i_nbdcache/i_miss_handler/_01505_ not found.
[WARNING STA-1650] ./results/nangate45_3D/ariane133/HBT/6_final.spef line 351478, net i_cache_subsystem/i_nbdcache/i_miss_handler/_01510_ not found.
[WARNING STA-1650] ./results/nangate45_3D/ariane133/HBT/6_final.spef line 351479, net i_cache_subsystem/i_nbdcache/i_miss_handler/_01546_ not found.
[WARNING STA-1650] ./results/nangate45_3D/ariane133/HBT/6_final.spef line 351509, net i_cache_subsystem/axi_req_bypass\[104\] not found.
[WARNING STA-1650] ./results/nangate45_3D/ariane133/HBT/6_final.spef line 351561, net issue_stage_i/i_scoreboard/_23425_ not found.
[WARNING STA-1650] ./results/nangate45_3D/ariane133/HBT/6_final.spef line 351562, net issue_stage_i/i_scoreboard/_23596_ not found.
[WARNING STA-1650] ./results/nangate45_3D/ariane133/HBT/6_final.spef line 351598, net i_cache_subsystem/_1002_ not found.
[WARNING STA-1650] ./results/nangate45_3D/ariane133/HBT/6_final.spef line 351601, net i_cache_subsystem/_0378_ not found.
[WARNING STA-1650] ./results/nangate45_3D/ariane133/HBT/6_final.spef line 351602, net i_cache_subsystem/i_nbdcache/_1843_ not found.
[WARNING STA-1650] ./results/nangate45_3D/ariane133/HBT/6_final.spef line 351603, net i_cache_subsystem/i_nbdcache/_1846_ not found.
[WARNING STA-1650] ./results/nangate45_3D/ariane133/HBT/6_final.spef line 351604, net i_cache_subsystem/i_nbdcache/sram_block_4__data_sram/genblk1_0__i_ram/macro_mem_3 not found.
[WARNING STA-1650] ./results/nangate45_3D/ariane133/HBT/6_final.spef line 351606, net i_cache_subsystem/i_nbdcache/wdata_ram_data__33_ not found.
[WARNING STA-1650] ./results/nangate45_3D/ariane133/HBT/6_final.spef line 351631, net i_cache_subsystem/_1018_ not found.
[WARNING STA-1650] ./results/nangate45_3D/ariane133/HBT/6_final.spef line 351633, net i_cache_subsystem/i_nbdcache/master_ports_2__i_cache_ctrl.mem_req_q_wdata__59_ not found.
[WARNING STA-1650] ./results/nangate45_3D/ariane133/HBT/6_final.spef line 351636, net issue_stage_i/i_scoreboard/_58473_ not found.
[WARNING STA-1650] ./results/nangate45_3D/ariane133/HBT/6_final.spef line 351650, net i_cache_subsystem/i_nbdcache/i_tag_cmp.rdata_i\[614\] not found.
[WARNING STA-1650] ./results/nangate45_3D/ariane133/HBT/6_final.spef line 351651, net issue_stage_i/i_issue_read_operands/rdata\[78\] not found.
[WARNING STA-1650] ./results/nangate45_3D/ariane133/HBT/6_final.spef line 351652, net issue_stage_i/i_scoreboard/_16256_ not found.
[WARNING STA-1650] ./results/nangate45_3D/ariane133/HBT/6_final.spef line 351695, net i_cache_subsystem/_0550_ not found.
[WARNING STA-1650] ./results/nangate45_3D/ariane133/HBT/6_final.spef line 351754, net issue_stage_i/i_scoreboard/_25086_ not found.
[WARNING STA-1650] ./results/nangate45_3D/ariane133/HBT/6_final.spef line 351758, net i_cache_subsystem/_1020_ not found.
[WARNING STA-1650] ./results/nangate45_3D/ariane133/HBT/6_final.spef line 351760, net i_cache_subsystem/_0336_ not found.
[WARNING STA-1650] ./results/nangate45_3D/ariane133/HBT/6_final.spef line 351761, net i_cache_subsystem/i_nbdcache/i_miss_handler/_01454_ not found.
[WARNING STA-1650] ./results/nangate45_3D/ariane133/HBT/6_final.spef line 351762, net i_cache_subsystem/i_nbdcache/i_miss_handler/_07548_ not found.
[WARNING STA-1650] ./results/nangate45_3D/ariane133/HBT/6_final.spef line 351767, net i_cache_subsystem/axi_req_data\[110\] not found.
[WARNING STA-1650] ./results/nangate45_3D/ariane133/HBT/6_final.spef line 351768, net i_cache_subsystem/i_nbdcache/i_miss_handler/_09314_ not found.
[WARNING STA-1650] ./results/nangate45_3D/ariane133/HBT/6_final.spef line 351787, net i_cache_subsystem/axi_req_bypass\[111\] not found.
[WARNING STA-1650] ./results/nangate45_3D/ariane133/HBT/6_final.spef line 351788, net i_cache_subsystem/i_nbdcache/i_miss_handler/evict_cl_q_data__86_ not found.
[WARNING STA-1650] ./results/nangate45_3D/ariane133/HBT/6_final.spef line 351789, net i_cache_subsystem/i_nbdcache/master_ports_0__i_cache_ctrl.miss_req_o\[12\] not found.
[WARNING STA-1650] ./results/nangate45_3D/ariane133/HBT/6_final.spef line 351792, net ex_stage_i/lsu_i/i_mmu/_1533_ not found.
[WARNING STA-1650] ./results/nangate45_3D/ariane133/HBT/6_final.spef line 351793, net ex_stage_i/lsu_i/i_mmu/_1542_ not found.
[WARNING STA-1650] ./results/nangate45_3D/ariane133/HBT/6_final.spef line 351794, net i_cache_subsystem/_0731_ not found.
[WARNING STA-1650] ./results/nangate45_3D/ariane133/HBT/6_final.spef line 351795, net i_cache_subsystem/i_nbdcache/_4138_ not found.
[WARNING STA-1650] ./results/nangate45_3D/ariane133/HBT/6_final.spef line 351796, net i_cache_subsystem/i_nbdcache/_5920_ not found.
[WARNING STA-1650] ./results/nangate45_3D/ariane133/HBT/6_final.spef line 351797, net i_cache_subsystem/i_nbdcache/_6144_ not found.
[WARNING STA-1650] ./results/nangate45_3D/ariane133/HBT/6_final.spef line 351798, net i_cache_subsystem/i_nbdcache/_6881_ not found.
[WARNING STA-1650] ./results/nangate45_3D/ariane133/HBT/6_final.spef line 351799, net i_cache_subsystem/i_nbdcache/i_miss_handler/_11655_ not found.
[WARNING STA-1650] ./results/nangate45_3D/ariane133/HBT/6_final.spef line 351800, net i_cache_subsystem/i_nbdcache/i_miss_handler/_15901_ not found.
[WARNING STA-1650] ./results/nangate45_3D/ariane133/HBT/6_final.spef line 351801, net i_cache_subsystem/i_nbdcache/i_miss_handler/_19990_ not found.
[WARNING STA-1650] ./results/nangate45_3D/ariane133/HBT/6_final.spef line 351802, net i_cache_subsystem/i_nbdcache/i_miss_handler/_20425_ not found.
[WARNING STA-1650] ./results/nangate45_3D/ariane133/HBT/6_final.spef line 351827, net ex_stage_i/lsu_i/i_load_unit.lsu_ctrl_i\[20\] not found.
[WARNING STA-1650] ./results/nangate45_3D/ariane133/HBT/6_final.spef line 351828, net ex_stage_i/lsu_i/i_mmu/dtlb_pte_q_ppn__41_ not found.
[WARNING STA-1650] ./results/nangate45_3D/ariane133/HBT/6_final.spef line 351829, net ex_stage_i/lsu_i/i_store_unit/store_buffer_i/commit_queue_q_0__data__60_ not found.
[WARNING STA-1650] ./results/nangate45_3D/ariane133/HBT/6_final.spef line 351830, net i_cache_subsystem/i_nbdcache/_2294_ not found.
[WARNING STA-1650] ./results/nangate45_3D/ariane133/HBT/6_final.spef line 351831, net i_cache_subsystem/i_nbdcache/i_miss_handler/_01163_ not found.
[WARNING STA-1650] ./results/nangate45_3D/ariane133/HBT/6_final.spef line 351832, net i_cache_subsystem/i_nbdcache/i_miss_handler/_05580_ not found.
[WARNING STA-1650] ./results/nangate45_3D/ariane133/HBT/6_final.spef line 351833, net i_cache_subsystem/i_nbdcache/master_ports_2__i_cache_ctrl.mem_req_q_wdata__10_ not found.
[WARNING STA-1650] ./results/nangate45_3D/ariane133/HBT/6_final.spef line 351834, net i_cache_subsystem/i_nbdcache/master_ports_2__i_cache_ctrl.mem_req_q_wdata__17_ not found.
[WARNING STA-1650] ./results/nangate45_3D/ariane133/HBT/6_final.spef line 351835, net i_cache_subsystem/i_nbdcache/master_ports_2__i_cache_ctrl.mem_req_q_wdata__59_ not found.
[WARNING STA-1650] ./results/nangate45_3D/ariane133/HBT/6_final.spef line 351867, net i_cache_subsystem/i_nbdcache/i_miss_handler/evict_cl_q_data__86_ not found.
[WARNING STA-1650] ./results/nangate45_3D/ariane133/HBT/6_final.spef line 351871, net i_cache_subsystem/_0696_ not found.
[WARNING STA-1650] ./results/nangate45_3D/ariane133/HBT/6_final.spef line 351872, net i_cache_subsystem/i_nbdcache/_4755_ not found.
[WARNING STA-1650] ./results/nangate45_3D/ariane133/HBT/6_final.spef line 351884, net ex_stage_i/lsu_i/i_mmu/i_itlb/_02566_ not found.
[WARNING STA-1650] ./results/nangate45_3D/ariane133/HBT/6_final.spef line 351885, net ex_stage_i/lsu_i/i_mmu/i_ptw.dtlb_update_o\[56\] not found.
[WARNING STA-1650] ./results/nangate45_3D/ariane133/HBT/6_final.spef line 351886, net i_cache_subsystem/i_nbdcache/i_miss_handler/_00116_ not found.
[WARNING STA-1650] ./results/nangate45_3D/ariane133/HBT/6_final.spef line 351887, net i_cache_subsystem/i_nbdcache/i_miss_handler/_01629_ not found.
[WARNING STA-1650] ./results/nangate45_3D/ariane133/HBT/6_final.spef line 351888, net i_cache_subsystem/i_nbdcache/wdata_ram_data__100_ not found.
[WARNING STA-1650] ./results/nangate45_3D/ariane133/HBT/6_final.spef line 351913, net ex_stage_i/lsu_i/i_load_unit.lsu_ctrl_i\[19\] not found.
[WARNING STA-1650] ./results/nangate45_3D/ariane133/HBT/6_final.spef line 351914, net i_cache_subsystem/_1026_ not found.
[WARNING STA-1650] ./results/nangate45_3D/ariane133/HBT/6_final.spef line 351916, net ex_stage_i/lsu_i/i_store_unit/store_buffer_i/_10616_ not found.
[WARNING STA-1650] ./results/nangate45_3D/ariane133/HBT/6_final.spef line 351917, net i_cache_subsystem/i_nbdcache/i_miss_handler/_12857_ not found.
[WARNING STA-1650] ./results/nangate45_3D/ariane133/HBT/6_final.spef line 351921, net i_cache_subsystem/i_nbdcache/i_miss_handler/_01565_ not found.
[WARNING STA-1650] ./results/nangate45_3D/ariane133/HBT/6_final.spef line 351922, net i_cache_subsystem/i_nbdcache/i_miss_handler/_01607_ not found.
[WARNING STA-1650] ./results/nangate45_3D/ariane133/HBT/6_final.spef line 351923, net i_cache_subsystem/i_nbdcache/i_miss_handler/_03868_ not found.
[WARNING STA-1650] ./results/nangate45_3D/ariane133/HBT/6_final.spef line 351924, net i_cache_subsystem/i_nbdcache/i_miss_handler/_04851_ not found.
[WARNING STA-1650] ./results/nangate45_3D/ariane133/HBT/6_final.spef line 351925, net i_cache_subsystem/i_nbdcache/i_miss_handler/_05201_ not found.
[WARNING STA-1650] ./results/nangate45_3D/ariane133/HBT/6_final.spef line 351926, net i_cache_subsystem/i_nbdcache/master_ports_2__i_cache_ctrl.mem_req_q_wdata__59_ not found.
[WARNING STA-1650] ./results/nangate45_3D/ariane133/HBT/6_final.spef line 351945, net i_cache_subsystem/axi_req_bypass\[118\] not found.
[WARNING STA-1650] ./results/nangate45_3D/ariane133/HBT/6_final.spef line 351946, net i_cache_subsystem/i_nbdcache/master_ports_2__i_cache_ctrl.mem_req_q_wdata__56_ not found.
[WARNING STA-1650] ./results/nangate45_3D/ariane133/HBT/6_final.spef line 351949, net issue_stage_i/i_scoreboard/_58524_ not found.
[WARNING STA-1650] ./results/nangate45_3D/ariane133/HBT/6_final.spef line 351950, net issue_stage_i/i_scoreboard/_59449_ not found.
[WARNING STA-1650] ./results/nangate45_3D/ariane133/HBT/6_final.spef line 351969, net i_cache_subsystem/i_nbdcache/i_miss_handler/_10628_ not found.
[WARNING STA-1650] ./results/nangate45_3D/ariane133/HBT/6_final.spef line 351970, net i_cache_subsystem/i_nbdcache/wdata_ram_data__100_ not found.
[WARNING STA-1650] ./results/nangate45_3D/ariane133/HBT/6_final.spef line 351971, net issue_stage_i/i_scoreboard/_16273_ not found.
[WARNING STA-1650] ./results/nangate45_3D/ariane133/HBT/6_final.spef line 351972, net issue_stage_i/i_scoreboard/_23425_ not found.
[WARNING STA-1650] ./results/nangate45_3D/ariane133/HBT/6_final.spef line 351973, net issue_stage_i/i_scoreboard/_23425_ not found.
[WARNING STA-1650] ./results/nangate45_3D/ariane133/HBT/6_final.spef line 351974, net issue_stage_i/i_scoreboard/_23425_ not found.
[WARNING STA-1650] ./results/nangate45_3D/ariane133/HBT/6_final.spef line 351975, net issue_stage_i/i_scoreboard/_23505_ not found.
[WARNING STA-1650] ./results/nangate45_3D/ariane133/HBT/6_final.spef line 351976, net issue_stage_i/i_scoreboard/_23935_ not found.
[WARNING STA-1650] ./results/nangate45_3D/ariane133/HBT/6_final.spef line 351977, net issue_stage_i/i_scoreboard/_24754_ not found.
[WARNING STA-1650] ./results/nangate45_3D/ariane133/HBT/6_final.spef line 351978, net issue_stage_i/rs2_sb_iro\[63\] not found.
[WARNING STA-1650] ./results/nangate45_3D/ariane133/HBT/6_final.spef line 351979, net issue_stage_i/rs2_sb_iro\[63\] not found.
[WARNING STA-1650] ./results/nangate45_3D/ariane133/HBT/6_final.spef line 352003, net i_cache_subsystem/_1028_ not found.
[WARNING STA-1650] ./results/nangate45_3D/ariane133/HBT/6_final.spef line 352004, net i_cache_subsystem/i_nbdcache/_3802_ not found.
[WARNING STA-1650] ./results/nangate45_3D/ariane133/HBT/6_final.spef line 352005, net i_cache_subsystem/i_nbdcache/i_miss_handler/_21172_ not found.
[WARNING STA-1650] ./results/nangate45_3D/ariane133/HBT/6_final.spef line 352006, net i_cache_subsystem/i_nbdcache/i_miss_handler/_21172_ not found.
[WARNING STA-1650] ./results/nangate45_3D/ariane133/HBT/6_final.spef line 352007, net i_cache_subsystem/i_nbdcache/i_miss_handler/_21175_ not found.
[WARNING STA-1650] ./results/nangate45_3D/ariane133/HBT/6_final.spef line 352008, net i_cache_subsystem/i_nbdcache/i_miss_handler/_22914_ not found.
[WARNING STA-1650] ./results/nangate45_3D/ariane133/HBT/6_final.spef line 352009, net i_cache_subsystem/_0342_ not found.
[WARNING STA-1650] ./results/nangate45_3D/ariane133/HBT/6_final.spef line 352010, net i_cache_subsystem/i_nbdcache/_1819_ not found.
[WARNING STA-1650] ./results/nangate45_3D/ariane133/HBT/6_final.spef line 352011, net i_cache_subsystem/i_nbdcache/master_ports_2__i_cache_ctrl.mem_req_q_wdata__17_ not found.
[WARNING STA-1650] ./results/nangate45_3D/ariane133/HBT/6_final.spef line 352012, net i_cache_subsystem/i_nbdcache/wdata_ram_data__113_ not found.
[WARNING STA-1650] ./results/nangate45_3D/ariane133/HBT/6_final.spef line 352013, net i_cache_subsystem/i_nbdcache/wdata_ram_data__117_ not found.
[WARNING STA-1650] ./results/nangate45_3D/ariane133/HBT/6_final.spef line 352014, net ex_stage_i/i_mult/i_multiplier/_19647_ not found.
[WARNING STA-1650] ./results/nangate45_3D/ariane133/HBT/6_final.spef line 352015, net ex_stage_i/i_mult/i_multiplier/_19650_ not found.
[WARNING STA-1650] ./results/nangate45_3D/ariane133/HBT/6_final.spef line 352016, net ex_stage_i/i_mult/i_multiplier/_20182_ not found.
[WARNING STA-1650] ./results/nangate45_3D/ariane133/HBT/6_final.spef line 352017, net ex_stage_i/i_mult/i_multiplier/_20592_ not found.
[WARNING STA-1650] ./results/nangate45_3D/ariane133/HBT/6_final.spef line 352018, net ex_stage_i/i_mult/i_multiplier/_25275_ not found.
[WARNING STA-1650] ./results/nangate45_3D/ariane133/HBT/6_final.spef line 352019, net ex_stage_i/i_mult/i_multiplier/_34166_ not found.
[WARNING STA-1650] ./results/nangate45_3D/ariane133/HBT/6_final.spef line 352020, net ex_stage_i/i_mult/i_multiplier/_34184_ not found.
[WARNING STA-1650] ./results/nangate45_3D/ariane133/HBT/6_final.spef line 352021, net i_cache_subsystem/i_nbdcache/i_miss_handler/_11779_ not found.
[WARNING STA-1650] ./results/nangate45_3D/ariane133/HBT/6_final.spef line 352022, net i_cache_subsystem/i_nbdcache/i_miss_handler/_11937_ not found.
[WARNING STA-1650] ./results/nangate45_3D/ariane133/HBT/6_final.spef line 352023, net i_cache_subsystem/i_nbdcache/i_miss_handler/_11944_ not found.
[WARNING STA-1650] ./results/nangate45_3D/ariane133/HBT/6_final.spef line 352024, net i_cache_subsystem/i_nbdcache/i_miss_handler/_11946_ not found.
[WARNING STA-1650] ./results/nangate45_3D/ariane133/HBT/6_final.spef line 352025, net i_cache_subsystem/i_nbdcache/i_miss_handler/_12216_ not found.
[WARNING STA-1650] ./results/nangate45_3D/ariane133/HBT/6_final.spef line 352026, net i_cache_subsystem/i_nbdcache/i_miss_handler/_12216_ not found.
[WARNING STA-1650] ./results/nangate45_3D/ariane133/HBT/6_final.spef line 352027, net i_cache_subsystem/i_nbdcache/i_miss_handler/_12590_ not found.
[WARNING STA-1650] ./results/nangate45_3D/ariane133/HBT/6_final.spef line 352028, net i_cache_subsystem/i_nbdcache/i_miss_handler/_12608_ not found.
[WARNING STA-1650] ./results/nangate45_3D/ariane133/HBT/6_final.spef line 352029, net i_cache_subsystem/i_nbdcache/i_miss_handler/_12609_ not found.
[WARNING STA-1650] ./results/nangate45_3D/ariane133/HBT/6_final.spef line 352030, net i_cache_subsystem/i_nbdcache/i_miss_handler/_12670_ not found.
[WARNING STA-1650] ./results/nangate45_3D/ariane133/HBT/6_final.spef line 352031, net i_cache_subsystem/i_nbdcache/i_miss_handler/_14119_ not found.
[WARNING STA-1650] ./results/nangate45_3D/ariane133/HBT/6_final.spef line 352032, net i_cache_subsystem/i_nbdcache/i_miss_handler/_14254_ not found.
[WARNING STA-1650] ./results/nangate45_3D/ariane133/HBT/6_final.spef line 352033, net i_cache_subsystem/i_nbdcache/i_miss_handler/_14334_ not found.
[WARNING STA-1650] ./results/nangate45_3D/ariane133/HBT/6_final.spef line 352034, net i_cache_subsystem/i_nbdcache/i_miss_handler/_14338_ not found.
[WARNING STA-1650] ./results/nangate45_3D/ariane133/HBT/6_final.spef line 352035, net i_cache_subsystem/i_nbdcache/i_miss_handler/_14339_ not found.
[WARNING STA-1650] ./results/nangate45_3D/ariane133/HBT/6_final.spef line 352036, net i_cache_subsystem/i_nbdcache/i_miss_handler/_15094_ not found.
[WARNING STA-1650] ./results/nangate45_3D/ariane133/HBT/6_final.spef line 352037, net i_cache_subsystem/i_nbdcache/i_miss_handler/_15631_ not found.
[WARNING STA-1650] ./results/nangate45_3D/ariane133/HBT/6_final.spef line 352038, net i_cache_subsystem/i_nbdcache/i_miss_handler/_16534_ not found.
[WARNING STA-1650] ./results/nangate45_3D/ariane133/HBT/6_final.spef line 352039, net i_cache_subsystem/i_nbdcache/i_miss_handler/_21161_ not found.
[WARNING STA-1650] ./results/nangate45_3D/ariane133/HBT/6_final.spef line 352040, net i_cache_subsystem/i_nbdcache/i_miss_handler/_22466_ not found.
[WARNING STA-1650] ./results/nangate45_3D/ariane133/HBT/6_final.spef line 352041, net issue_stage_i/i_issue_read_operands/_4184_ not found.
[WARNING STA-1650] ./results/nangate45_3D/ariane133/HBT/6_final.spef line 352042, net issue_stage_i/i_issue_read_operands/_4286_ not found.
[WARNING STA-1650] ./results/nangate45_3D/ariane133/HBT/6_final.spef line 352043, net issue_stage_i/i_issue_read_operands/_4286_ not found.
[WARNING STA-1650] ./results/nangate45_3D/ariane133/HBT/6_final.spef line 352044, net issue_stage_i/i_issue_read_operands/_4289_ not found.
[WARNING STA-1650] ./results/nangate45_3D/ariane133/HBT/6_final.spef line 352045, net issue_stage_i/i_issue_read_operands/_4289_ not found.
[WARNING STA-1650] ./results/nangate45_3D/ariane133/HBT/6_final.spef line 352046, net issue_stage_i/i_issue_read_operands/_4289_ not found.
[WARNING STA-1650] ./results/nangate45_3D/ariane133/HBT/6_final.spef line 352047, net issue_stage_i/i_issue_read_operands/_5027_ not found.
[WARNING STA-1650] ./results/nangate45_3D/ariane133/HBT/6_final.spef line 352048, net issue_stage_i/i_scoreboard/_31846_ not found.
[WARNING STA-1650] ./results/nangate45_3D/ariane133/HBT/6_final.spef line 352049, net issue_stage_i/i_scoreboard/_32560_ not found.
[WARNING STA-1650] ./results/nangate45_3D/ariane133/HBT/6_final.spef line 352050, net issue_stage_i/i_scoreboard/_32561_ not found.
[WARNING STA-1650] ./results/nangate45_3D/ariane133/HBT/6_final.spef line 352051, net issue_stage_i/i_scoreboard/_32565_ not found.
[WARNING STA-1650] ./results/nangate45_3D/ariane133/HBT/6_final.spef line 352052, net issue_stage_i/i_scoreboard/_32580_ not found.
[WARNING STA-1650] ./results/nangate45_3D/ariane133/HBT/6_final.spef line 352053, net issue_stage_i/i_scoreboard/_36905_ not found.
[WARNING STA-1650] ./results/nangate45_3D/ariane133/HBT/6_final.spef line 352054, net issue_stage_i/i_scoreboard/_36997_ not found.
[WARNING STA-1650] ./results/nangate45_3D/ariane133/HBT/6_final.spef line 352055, net issue_stage_i/i_scoreboard/_41809_ not found.
[WARNING STA-1650] ./results/nangate45_3D/ariane133/HBT/6_final.spef line 352056, net issue_stage_i/i_scoreboard/_41815_ not found.
[WARNING STA-1650] ./results/nangate45_3D/ariane133/HBT/6_final.spef line 352057, net issue_stage_i/i_scoreboard/_41816_ not found.
[WARNING STA-1650] ./results/nangate45_3D/ariane133/HBT/6_final.spef line 352058, net issue_stage_i/i_scoreboard/_41816_ not found.
[WARNING STA-1650] ./results/nangate45_3D/ariane133/HBT/6_final.spef line 352059, net issue_stage_i/i_scoreboard/_41817_ not found.
[WARNING STA-1650] ./results/nangate45_3D/ariane133/HBT/6_final.spef line 352060, net issue_stage_i/i_scoreboard/_41945_ not found.
[WARNING STA-1650] ./results/nangate45_3D/ariane133/HBT/6_final.spef line 352061, net issue_stage_i/i_scoreboard/_41945_ not found.
[WARNING STA-1650] ./results/nangate45_3D/ariane133/HBT/6_final.spef line 352062, net issue_stage_i/i_scoreboard/_42012_ not found.
[WARNING STA-1650] ./results/nangate45_3D/ariane133/HBT/6_final.spef line 352063, net issue_stage_i/i_scoreboard/_42025_ not found.
[WARNING STA-1650] ./results/nangate45_3D/ariane133/HBT/6_final.spef line 352064, net issue_stage_i/i_scoreboard/_42096_ not found.
[WARNING STA-1650] ./results/nangate45_3D/ariane133/HBT/6_final.spef line 352065, net issue_stage_i/i_scoreboard/_42103_ not found.
[WARNING STA-1650] ./results/nangate45_3D/ariane133/HBT/6_final.spef line 352066, net issue_stage_i/i_scoreboard/_42315_ not found.
[WARNING STA-1650] ./results/nangate45_3D/ariane133/HBT/6_final.spef line 352067, net issue_stage_i/i_scoreboard/_44065_ not found.
[WARNING STA-1650] ./results/nangate45_3D/ariane133/HBT/6_final.spef line 352068, net issue_stage_i/i_scoreboard/_44068_ not found.
[WARNING STA-1650] ./results/nangate45_3D/ariane133/HBT/6_final.spef line 352069, net issue_stage_i/i_scoreboard/_45551_ not found.
[WARNING STA-1650] ./results/nangate45_3D/ariane133/HBT/6_final.spef line 352070, net issue_stage_i/i_scoreboard/_45663_ not found.
[WARNING STA-1650] ./results/nangate45_3D/ariane133/HBT/6_final.spef line 352071, net issue_stage_i/i_scoreboard/_46976_ not found.
[WARNING STA-1650] ./results/nangate45_3D/ariane133/HBT/6_final.spef line 352072, net issue_stage_i/i_scoreboard/_47134_ not found.
[WARNING STA-1650] ./results/nangate45_3D/ariane133/HBT/6_final.spef line 352073, net issue_stage_i/i_scoreboard/_48537_ not found.
[WARNING STA-1650] ./results/nangate45_3D/ariane133/HBT/6_final.spef line 352074, net issue_stage_i/i_scoreboard/_48614_ not found.
[WARNING STA-1650] ./results/nangate45_3D/ariane133/HBT/6_final.spef line 352075, net issue_stage_i/i_scoreboard/_48819_ not found.
[WARNING STA-1650] ./results/nangate45_3D/ariane133/HBT/6_final.spef line 352076, net issue_stage_i/i_scoreboard/_48820_ not found.
[WARNING STA-1650] ./results/nangate45_3D/ariane133/HBT/6_final.spef line 352077, net issue_stage_i/i_scoreboard/_50281_ not found.
[WARNING STA-1650] ./results/nangate45_3D/ariane133/HBT/6_final.spef line 352078, net issue_stage_i/i_scoreboard/_50286_ not found.
[WARNING STA-1650] ./results/nangate45_3D/ariane133/HBT/6_final.spef line 352079, net issue_stage_i/i_scoreboard/_51985_ not found.
[WARNING STA-1650] ./results/nangate45_3D/ariane133/HBT/6_final.spef line 352080, net issue_stage_i/i_scoreboard/_52183_ not found.
[WARNING STA-1650] ./results/nangate45_3D/ariane133/HBT/6_final.spef line 352081, net issue_stage_i/i_scoreboard/_52187_ not found.
[WARNING STA-1650] ./results/nangate45_3D/ariane133/HBT/6_final.spef line 352082, net issue_stage_i/i_scoreboard/_52188_ not found.
[WARNING STA-1650] ./results/nangate45_3D/ariane133/HBT/6_final.spef line 352083, net issue_stage_i/i_scoreboard/_52188_ not found.
[WARNING STA-1650] ./results/nangate45_3D/ariane133/HBT/6_final.spef line 352084, net issue_stage_i/i_scoreboard/_52190_ not found.
[WARNING STA-1650] ./results/nangate45_3D/ariane133/HBT/6_final.spef line 352085, net issue_stage_i/i_scoreboard/_52191_ not found.
[WARNING STA-1650] ./results/nangate45_3D/ariane133/HBT/6_final.spef line 352086, net issue_stage_i/i_scoreboard/_52965_ not found.
[WARNING STA-1650] ./results/nangate45_3D/ariane133/HBT/6_final.spef line 352087, net issue_stage_i/i_scoreboard/_52965_ not found.
[WARNING STA-1650] ./results/nangate45_3D/ariane133/HBT/6_final.spef line 352088, net issue_stage_i/i_scoreboard/_53056_ not found.
[WARNING STA-1650] ./results/nangate45_3D/ariane133/HBT/6_final.spef line 352089, net issue_stage_i/i_scoreboard/_53056_ not found.
[WARNING STA-1650] ./results/nangate45_3D/ariane133/HBT/6_final.spef line 352090, net issue_stage_i/i_scoreboard/_53056_ not found.
[WARNING STA-1650] ./results/nangate45_3D/ariane133/HBT/6_final.spef line 352091, net issue_stage_i/i_scoreboard/_53591_ not found.
[WARNING STA-1650] ./results/nangate45_3D/ariane133/HBT/6_final.spef line 352092, net issue_stage_i/i_scoreboard/_53662_ not found.
[WARNING STA-1650] ./results/nangate45_3D/ariane133/HBT/6_final.spef line 352093, net issue_stage_i/i_scoreboard/_58523_ not found.
[WARNING STA-1650] ./results/nangate45_3D/ariane133/HBT/6_final.spef line 352094, net issue_stage_i/i_scoreboard/_58872_ not found.
[WARNING STA-1650] ./results/nangate45_3D/ariane133/HBT/6_final.spef line 352095, net issue_stage_i/i_scoreboard/_58872_ not found.
[WARNING STA-1650] ./results/nangate45_3D/ariane133/HBT/6_final.spef line 352096, net issue_stage_i/i_scoreboard/_58874_ not found.
[WARNING STA-1650] ./results/nangate45_3D/ariane133/HBT/6_final.spef line 352097, net issue_stage_i/i_scoreboard/_59514_ not found.
[WARNING STA-1650] ./results/nangate45_3D/ariane133/HBT/6_final.spef line 352098, net issue_stage_i/i_scoreboard/_59747_ not found.
[WARNING STA-1650] ./results/nangate45_3D/ariane133/HBT/6_final.spef line 352099, net issue_stage_i/i_scoreboard/_59748_ not found.
[WARNING STA-1650] ./results/nangate45_3D/ariane133/HBT/6_final.spef line 352100, net issue_stage_i/i_scoreboard/_61195_ not found.
[WARNING STA-1650] ./results/nangate45_3D/ariane133/HBT/6_final.spef line 352101, net issue_stage_i/i_scoreboard/_61921_ not found.
[WARNING STA-1650] ./results/nangate45_3D/ariane133/HBT/6_final.spef line 352102, net issue_stage_i/i_scoreboard/_63401_ not found.
[WARNING STA-1650] ./results/nangate45_3D/ariane133/HBT/6_final.spef line 352139, net ex_stage_i/i_mult/i_multiplier/_00245_ not found.
[WARNING STA-1650] ./results/nangate45_3D/ariane133/HBT/6_final.spef line 352140, net ex_stage_i/i_mult/i_multiplier/_00245_ not found.
[WARNING STA-1650] ./results/nangate45_3D/ariane133/HBT/6_final.spef line 352141, net ex_stage_i/i_mult/i_multiplier/_00838_ not found.
[WARNING STA-1650] ./results/nangate45_3D/ariane133/HBT/6_final.spef line 352142, net ex_stage_i/i_mult/i_multiplier/mult_result_d\[31\] not found.
[WARNING STA-1650] ./results/nangate45_3D/ariane133/HBT/6_final.spef line 352143, net ex_stage_i/i_mult/i_multiplier/mult_result_d\[45\] not found.
[WARNING STA-1650] ./results/nangate45_3D/ariane133/HBT/6_final.spef line 352144, net ex_stage_i/i_mult/i_multiplier/mult_result_d\[91\] not found.
[WARNING STA-1650] ./results/nangate45_3D/ariane133/HBT/6_final.spef line 352145, net ex_stage_i/i_mult/mul_result\[23\] not found.
[WARNING STA-1650] ./results/nangate45_3D/ariane133/HBT/6_final.spef line 352153, net i_cache_subsystem/i_nbdcache/_1838_ not found.
[WARNING STA-1650] ./results/nangate45_3D/ariane133/HBT/6_final.spef line 352154, net i_cache_subsystem/i_nbdcache/i_miss_handler/_00060_ not found.
[WARNING STA-1650] ./results/nangate45_3D/ariane133/HBT/6_final.spef line 352155, net i_cache_subsystem/i_nbdcache/i_miss_handler/_00060_ not found.
[WARNING STA-1650] ./results/nangate45_3D/ariane133/HBT/6_final.spef line 352156, net i_cache_subsystem/i_nbdcache/i_miss_handler/_00074_ not found.
[WARNING STA-1650] ./results/nangate45_3D/ariane133/HBT/6_final.spef line 352157, net i_cache_subsystem/i_nbdcache/i_miss_handler/_01541_ not found.
[WARNING STA-1650] ./results/nangate45_3D/ariane133/HBT/6_final.spef line 352158, net i_cache_subsystem/i_nbdcache/i_miss_handler/_06611_ not found.
[WARNING STA-1650] ./results/nangate45_3D/ariane133/HBT/6_final.spef line 352159, net i_cache_subsystem/i_nbdcache/i_miss_handler/_06611_ not found.
[WARNING STA-1650] ./results/nangate45_3D/ariane133/HBT/6_final.spef line 352160, net i_cache_subsystem/i_nbdcache/i_miss_handler/_06788_ not found.
[WARNING STA-1650] ./results/nangate45_3D/ariane133/HBT/6_final.spef line 352161, net i_cache_subsystem/i_nbdcache/i_miss_handler/_07078_ not found.
[WARNING STA-1650] ./results/nangate45_3D/ariane133/HBT/6_final.spef line 352162, net i_cache_subsystem/i_nbdcache/i_miss_handler/_07176_ not found.
[WARNING STA-1650] ./results/nangate45_3D/ariane133/HBT/6_final.spef line 352163, net i_cache_subsystem/i_nbdcache/i_miss_handler/_07176_ not found.
[WARNING STA-1650] ./results/nangate45_3D/ariane133/HBT/6_final.spef line 352164, net i_cache_subsystem/i_nbdcache/i_miss_handler/_07186_ not found.
[WARNING STA-1650] ./results/nangate45_3D/ariane133/HBT/6_final.spef line 352165, net i_cache_subsystem/i_nbdcache/i_miss_handler/_07346_ not found.
[WARNING STA-1650] ./results/nangate45_3D/ariane133/HBT/6_final.spef line 352166, net i_cache_subsystem/i_nbdcache/i_miss_handler/_07346_ not found.
[WARNING STA-1650] ./results/nangate45_3D/ariane133/HBT/6_final.spef line 352167, net i_cache_subsystem/i_nbdcache/i_miss_handler/_08285_ not found.
[WARNING STA-1650] ./results/nangate45_3D/ariane133/HBT/6_final.spef line 352168, net i_cache_subsystem/i_nbdcache/i_miss_handler/_08346_ not found.
[WARNING STA-1650] ./results/nangate45_3D/ariane133/HBT/6_final.spef line 352169, net i_cache_subsystem/i_nbdcache/i_miss_handler/_08415_ not found.
[WARNING STA-1650] ./results/nangate45_3D/ariane133/HBT/6_final.spef line 352170, net i_cache_subsystem/i_nbdcache/i_miss_handler/_08417_ not found.
[WARNING STA-1650] ./results/nangate45_3D/ariane133/HBT/6_final.spef line 352171, net i_cache_subsystem/i_nbdcache/i_miss_handler/_08417_ not found.
[WARNING STA-1650] ./results/nangate45_3D/ariane133/HBT/6_final.spef line 352172, net i_cache_subsystem/i_nbdcache/i_miss_handler/_08503_ not found.
[WARNING STA-1650] ./results/nangate45_3D/ariane133/HBT/6_final.spef line 352173, net i_cache_subsystem/i_nbdcache/i_miss_handler/_08503_ not found.
[WARNING STA-1650] ./results/nangate45_3D/ariane133/HBT/6_final.spef line 352174, net i_cache_subsystem/i_nbdcache/i_miss_handler/_08504_ not found.
[WARNING STA-1650] ./results/nangate45_3D/ariane133/HBT/6_final.spef line 352175, net i_cache_subsystem/i_nbdcache/i_miss_handler/_08568_ not found.
[WARNING STA-1650] ./results/nangate45_3D/ariane133/HBT/6_final.spef line 352176, net i_cache_subsystem/i_nbdcache/i_miss_handler/_08572_ not found.
[WARNING STA-1650] ./results/nangate45_3D/ariane133/HBT/6_final.spef line 352177, net i_cache_subsystem/i_nbdcache/i_miss_handler/_08800_ not found.
[WARNING STA-1650] ./results/nangate45_3D/ariane133/HBT/6_final.spef line 352178, net i_cache_subsystem/i_nbdcache/i_miss_handler/_08936_ not found.
[WARNING STA-1650] ./results/nangate45_3D/ariane133/HBT/6_final.spef line 352179, net i_cache_subsystem/i_nbdcache/i_miss_handler/_09028_ not found.
[WARNING STA-1650] ./results/nangate45_3D/ariane133/HBT/6_final.spef line 352180, net i_cache_subsystem/i_nbdcache/i_miss_handler/_10303_ not found.
[WARNING STA-1650] ./results/nangate45_3D/ariane133/HBT/6_final.spef line 352181, net i_cache_subsystem/i_nbdcache/i_miss_handler/_10498_ not found.
[WARNING STA-1650] ./results/nangate45_3D/ariane133/HBT/6_final.spef line 352182, net issue_stage_i/i_issue_read_operands/rdata\[125\] not found.
[WARNING STA-1650] ./results/nangate45_3D/ariane133/HBT/6_final.spef line 352183, net issue_stage_i/i_scoreboard/_01407_ not found.
[WARNING STA-1650] ./results/nangate45_3D/ariane133/HBT/6_final.spef line 352184, net issue_stage_i/i_scoreboard/_01433_ not found.
[WARNING STA-1650] ./results/nangate45_3D/ariane133/HBT/6_final.spef line 352185, net issue_stage_i/i_scoreboard/_09945_ not found.
[WARNING STA-1650] ./results/nangate45_3D/ariane133/HBT/6_final.spef line 352186, net issue_stage_i/i_scoreboard/_11534_ not found.
[WARNING STA-1650] ./results/nangate45_3D/ariane133/HBT/6_final.spef line 352187, net issue_stage_i/i_scoreboard/_11534_ not found.
[WARNING STA-1650] ./results/nangate45_3D/ariane133/HBT/6_final.spef line 352188, net issue_stage_i/i_scoreboard/_11535_ not found.
[WARNING STA-1650] ./results/nangate45_3D/ariane133/HBT/6_final.spef line 352189, net issue_stage_i/i_scoreboard/_11535_ not found.
[WARNING STA-1650] ./results/nangate45_3D/ariane133/HBT/6_final.spef line 352190, net issue_stage_i/i_scoreboard/_11744_ not found.
[WARNING STA-1650] ./results/nangate45_3D/ariane133/HBT/6_final.spef line 352191, net issue_stage_i/i_scoreboard/_11744_ not found.
[WARNING STA-1650] ./results/nangate45_3D/ariane133/HBT/6_final.spef line 352192, net issue_stage_i/i_scoreboard/_17099_ not found.
[WARNING STA-1650] ./results/nangate45_3D/ariane133/HBT/6_final.spef line 352193, net issue_stage_i/i_scoreboard/_23425_ not found.
[WARNING STA-1650] ./results/nangate45_3D/ariane133/HBT/6_final.spef line 352194, net issue_stage_i/i_scoreboard/_23505_ not found.
[WARNING STA-1650] ./results/nangate45_3D/ariane133/HBT/6_final.spef line 352195, net issue_stage_i/i_scoreboard/_24766_ not found.
[WARNING STA-1650] ./results/nangate45_3D/ariane133/HBT/6_final.spef line 352196, net issue_stage_i/i_scoreboard/_25225_ not found.
[WARNING STA-1650] ./results/nangate45_3D/ariane133/HBT/6_final.spef line 352197, net issue_stage_i/i_scoreboard/mem_q\[2062\] not found.
[WARNING STA-1650] ./results/nangate45_3D/ariane133/HBT/6_final.spef line 352198, net issue_stage_i/i_scoreboard/mem_q\[2064\] not found.
[WARNING STA-1650] ./results/nangate45_3D/ariane133/HBT/6_final.spef line 352199, net issue_stage_i/i_scoreboard/mem_q\[235\] not found.
[WARNING STA-1650] ./results/nangate45_3D/ariane133/HBT/6_final.spef line 352200, net issue_stage_i/rs1_sb_iro\[55\] not found.
[WARNING STA-1650] ./results/nangate45_3D/ariane133/HBT/6_final.spef line 352228, net ex_stage_i/i_mult/_4839_ not found.
[WARNING STA-1650] ./results/nangate45_3D/ariane133/HBT/6_final.spef line 352232, net ex_stage_i/i_mult/mul_result\[22\] not found.
[WARNING STA-1650] ./results/nangate45_3D/ariane133/HBT/6_final.spef line 352258, net i_cache_subsystem/i_nbdcache/i_miss_handler/_00105_ not found.
[WARNING STA-1650] ./results/nangate45_3D/ariane133/HBT/6_final.spef line 352259, net i_cache_subsystem/i_nbdcache/i_miss_handler/_01574_ not found.
[WARNING STA-1650] ./results/nangate45_3D/ariane133/HBT/6_final.spef line 352260, net i_cache_subsystem/i_nbdcache/master_ports_2__i_cache_ctrl.mem_req_q_wdata__56_ not found.
[WARNING STA-1650] ./results/nangate45_3D/ariane133/HBT/6_final.spef line 352262, net i_cache_subsystem/i_nbdcache/_4444_ not found.
[WARNING STA-1650] ./results/nangate45_3D/ariane133/HBT/6_final.spef line 352264, net i_cache_subsystem/i_nbdcache/i_miss_handler/_00049_ not found.
[WARNING STA-1650] ./results/nangate45_3D/ariane133/HBT/6_final.spef line 352265, net i_cache_subsystem/i_nbdcache/i_miss_handler/_04851_ not found.
[WARNING STA-1650] ./results/nangate45_3D/ariane133/HBT/6_final.spef line 352266, net i_cache_subsystem/i_nbdcache/master_ports_2__i_cache_ctrl.mem_req_q_wdata__46_ not found.
[WARNING STA-1650] ./results/nangate45_3D/ariane133/HBT/6_final.spef line 352268, net i_cache_subsystem/i_nbdcache/_5270_ not found.
[WARNING STA-1650] ./results/nangate45_3D/ariane133/HBT/6_final.spef line 352269, net i_cache_subsystem/i_nbdcache/_5271_ not found.
[WARNING STA-1650] ./results/nangate45_3D/ariane133/HBT/6_final.spef line 352270, net i_cache_subsystem/i_nbdcache/_6143_ not found.
[WARNING STA-1650] ./results/nangate45_3D/ariane133/HBT/6_final.spef line 352271, net i_cache_subsystem/i_nbdcache/i_miss_handler/_11959_ not found.
[WARNING STA-1650] ./results/nangate45_3D/ariane133/HBT/6_final.spef line 352272, net i_cache_subsystem/i_nbdcache/i_miss_handler/_20253_ not found.
[WARNING STA-1650] ./results/nangate45_3D/ariane133/HBT/6_final.spef line 352273, net i_cache_subsystem/i_nbdcache/i_miss_handler/_20255_ not found.
[WARNING STA-1650] ./results/nangate45_3D/ariane133/HBT/6_final.spef line 352274, net i_cache_subsystem/i_nbdcache/i_miss_handler/_22725_ not found.
[WARNING STA-1650] ./results/nangate45_3D/ariane133/HBT/6_final.spef line 352275, net i_cache_subsystem/i_nbdcache/_1851_ not found.
[WARNING STA-1650] ./results/nangate45_3D/ariane133/HBT/6_final.spef line 352276, net i_cache_subsystem/i_nbdcache/i_miss_handler/_00097_ not found.
[WARNING STA-1650] ./results/nangate45_3D/ariane133/HBT/6_final.spef line 352277, net i_cache_subsystem/i_nbdcache/i_miss_handler/_01539_ not found.
[WARNING STA-1650] ./results/nangate45_3D/ariane133/HBT/6_final.spef line 352278, net i_cache_subsystem/i_nbdcache/i_miss_handler/_06733_ not found.
[WARNING STA-1650] ./results/nangate45_3D/ariane133/HBT/6_final.spef line 352279, net i_cache_subsystem/i_nbdcache/i_miss_handler/_06874_ not found.
[WARNING STA-1650] ./results/nangate45_3D/ariane133/HBT/6_final.spef line 352280, net i_cache_subsystem/i_nbdcache/i_miss_handler/mshr_q_wdata__3__6_ not found.
[WARNING STA-1650] ./results/nangate45_3D/ariane133/HBT/6_final.spef line 352281, net i_cache_subsystem/i_nbdcache/master_ports_2__i_cache_ctrl.mem_req_q_wdata__16_ not found.
[WARNING STA-1650] ./results/nangate45_3D/ariane133/HBT/6_final.spef line 352282, net i_cache_subsystem/i_nbdcache/master_ports_2__i_cache_ctrl.mem_req_q_wdata__30_ not found.
[WARNING STA-1650] ./results/nangate45_3D/ariane133/HBT/6_final.spef line 352284, net ex_stage_i/lsu_i/_3687_ not found.
[WARNING STA-1650] ./results/nangate45_3D/ariane133/HBT/6_final.spef line 352285, net ex_stage_i/lsu_i/_3696_ not found.
[WARNING STA-1650] ./results/nangate45_3D/ariane133/HBT/6_final.spef line 352286, net ex_stage_i/lsu_i/_3711_ not found.
[WARNING STA-1650] ./results/nangate45_3D/ariane133/HBT/6_final.spef line 352287, net ex_stage_i/lsu_i/_5052_ not found.
[WARNING STA-1650] ./results/nangate45_3D/ariane133/HBT/6_final.spef line 352288, net ex_stage_i/lsu_i/_5054_ not found.
[WARNING STA-1650] ./results/nangate45_3D/ariane133/HBT/6_final.spef line 352289, net ex_stage_i/lsu_i/_5739_ not found.
[WARNING STA-1650] ./results/nangate45_3D/ariane133/HBT/6_final.spef line 352290, net i_cache_subsystem/i_nbdcache/i_miss_handler/_12416_ not found.
[WARNING STA-1650] ./results/nangate45_3D/ariane133/HBT/6_final.spef line 352291, net i_cache_subsystem/i_nbdcache/i_miss_handler/_12417_ not found.
[WARNING STA-1650] ./results/nangate45_3D/ariane133/HBT/6_final.spef line 352292, net i_cache_subsystem/i_nbdcache/i_miss_handler/_12754_ not found.
[WARNING STA-1650] ./results/nangate45_3D/ariane133/HBT/6_final.spef line 352293, net i_cache_subsystem/i_nbdcache/i_miss_handler/_13978_ not found.
[WARNING STA-1650] ./results/nangate45_3D/ariane133/HBT/6_final.spef line 352294, net i_cache_subsystem/i_nbdcache/i_miss_handler/_14431_ not found.
[WARNING STA-1650] ./results/nangate45_3D/ariane133/HBT/6_final.spef line 352295, net i_cache_subsystem/i_nbdcache/i_miss_handler/_14611_ not found.
[WARNING STA-1650] ./results/nangate45_3D/ariane133/HBT/6_final.spef line 352296, net i_cache_subsystem/i_nbdcache/i_miss_handler/_14809_ not found.
[WARNING STA-1650] ./results/nangate45_3D/ariane133/HBT/6_final.spef line 352297, net i_cache_subsystem/i_nbdcache/i_miss_handler/_14809_ not found.
[WARNING STA-1650] ./results/nangate45_3D/ariane133/HBT/6_final.spef line 352298, net i_cache_subsystem/i_nbdcache/i_miss_handler/_14861_ not found.
[WARNING STA-1650] ./results/nangate45_3D/ariane133/HBT/6_final.spef line 352299, net i_cache_subsystem/i_nbdcache/i_miss_handler/_14871_ not found.
[WARNING STA-1650] ./results/nangate45_3D/ariane133/HBT/6_final.spef line 352300, net i_cache_subsystem/i_nbdcache/i_miss_handler/_14879_ not found.
[WARNING STA-1650] ./results/nangate45_3D/ariane133/HBT/6_final.spef line 352301, net i_cache_subsystem/i_nbdcache/i_miss_handler/_14893_ not found.
[WARNING STA-1650] ./results/nangate45_3D/ariane133/HBT/6_final.spef line 352302, net i_cache_subsystem/i_nbdcache/i_miss_handler/_15160_ not found.
[WARNING STA-1650] ./results/nangate45_3D/ariane133/HBT/6_final.spef line 352303, net i_cache_subsystem/i_nbdcache/i_miss_handler/_15163_ not found.
[WARNING STA-1650] ./results/nangate45_3D/ariane133/HBT/6_final.spef line 352304, net i_cache_subsystem/i_nbdcache/i_miss_handler/_16392_ not found.
[WARNING STA-1650] ./results/nangate45_3D/ariane133/HBT/6_final.spef line 352305, net i_cache_subsystem/i_nbdcache/i_miss_handler/_20324_ not found.
[WARNING STA-1650] ./results/nangate45_3D/ariane133/HBT/6_final.spef line 352306, net i_cache_subsystem/i_nbdcache/i_miss_handler/_20326_ not found.
[WARNING STA-1650] ./results/nangate45_3D/ariane133/HBT/6_final.spef line 352307, net i_cache_subsystem/i_nbdcache/i_miss_handler/_21682_ not found.
[WARNING STA-1650] ./results/nangate45_3D/ariane133/HBT/6_final.spef line 352308, net i_cache_subsystem/i_nbdcache/i_miss_handler/_22044_ not found.
[WARNING STA-1650] ./results/nangate45_3D/ariane133/HBT/6_final.spef line 352309, net i_cache_subsystem/i_nbdcache/i_miss_handler/_22121_ not found.
[WARNING STA-1650] ./results/nangate45_3D/ariane133/HBT/6_final.spef line 352310, net i_cache_subsystem/i_nbdcache/i_miss_handler/_22131_ not found.
[WARNING STA-1650] ./results/nangate45_3D/ariane133/HBT/6_final.spef line 352311, net i_cache_subsystem/i_nbdcache/i_miss_handler/_22171_ not found.
[WARNING STA-1650] ./results/nangate45_3D/ariane133/HBT/6_final.spef line 352312, net issue_stage_i/i_scoreboard/_32656_ not found.
[WARNING STA-1650] ./results/nangate45_3D/ariane133/HBT/6_final.spef line 352313, net issue_stage_i/i_scoreboard/_37088_ not found.
[WARNING STA-1650] ./results/nangate45_3D/ariane133/HBT/6_final.spef line 352314, net issue_stage_i/i_scoreboard/_41753_ not found.
[WARNING STA-1650] ./results/nangate45_3D/ariane133/HBT/6_final.spef line 352315, net issue_stage_i/i_scoreboard/_45390_ not found.
[WARNING STA-1650] ./results/nangate45_3D/ariane133/HBT/6_final.spef line 352316, net issue_stage_i/i_scoreboard/_46933_ not found.
[WARNING STA-1650] ./results/nangate45_3D/ariane133/HBT/6_final.spef line 352317, net issue_stage_i/i_scoreboard/_46936_ not found.
[WARNING STA-1650] ./results/nangate45_3D/ariane133/HBT/6_final.spef line 352318, net issue_stage_i/i_scoreboard/_50398_ not found.
[WARNING STA-1650] ./results/nangate45_3D/ariane133/HBT/6_final.spef line 352319, net issue_stage_i/i_scoreboard/_50401_ not found.
[WARNING STA-1650] ./results/nangate45_3D/ariane133/HBT/6_final.spef line 352320, net issue_stage_i/i_scoreboard/_53478_ not found.
[WARNING STA-1650] ./results/nangate45_3D/ariane133/HBT/6_final.spef line 352321, net issue_stage_i/i_scoreboard/_58193_ not found.
[WARNING STA-1650] ./results/nangate45_3D/ariane133/HBT/6_final.spef line 352322, net issue_stage_i/i_scoreboard/_58436_ not found.
[WARNING STA-1650] ./results/nangate45_3D/ariane133/HBT/6_final.spef line 352323, net issue_stage_i/i_scoreboard/_58749_ not found.
[WARNING STA-1650] ./results/nangate45_3D/ariane133/HBT/6_final.spef line 352324, net issue_stage_i/i_scoreboard/_58840_ not found.
[WARNING STA-1650] ./results/nangate45_3D/ariane133/HBT/6_final.spef line 352325, net issue_stage_i/i_scoreboard/_59299_ not found.
[WARNING STA-1650] ./results/nangate45_3D/ariane133/HBT/6_final.spef line 352326, net issue_stage_i/i_scoreboard/_59655_ not found.
[WARNING STA-1650] ./results/nangate45_3D/ariane133/HBT/6_final.spef line 352327, net issue_stage_i/i_scoreboard/_59655_ not found.
[WARNING STA-1650] ./results/nangate45_3D/ariane133/HBT/6_final.spef line 352328, net issue_stage_i/i_scoreboard/_59665_ not found.
[WARNING STA-1650] ./results/nangate45_3D/ariane133/HBT/6_final.spef line 352347, net ex_stage_i/lsu_data\[126\] not found.
[WARNING STA-1650] ./results/nangate45_3D/ariane133/HBT/6_final.spef line 352348, net ex_stage_i/lsu_data\[126\] not found.
[WARNING STA-1650] ./results/nangate45_3D/ariane133/HBT/6_final.spef line 352349, net ex_stage_i/lsu_i/i_load_unit.lsu_ctrl_i\[75\] not found.
[WARNING STA-1650] ./results/nangate45_3D/ariane133/HBT/6_final.spef line 352355, net i_cache_subsystem/i_nbdcache/i_miss_handler/_00049_ not found.
[WARNING STA-1650] ./results/nangate45_3D/ariane133/HBT/6_final.spef line 352356, net i_cache_subsystem/i_nbdcache/i_miss_handler/_00073_ not found.
[WARNING STA-1650] ./results/nangate45_3D/ariane133/HBT/6_final.spef line 352357, net i_cache_subsystem/i_nbdcache/i_miss_handler/_00105_ not found.
[WARNING STA-1650] ./results/nangate45_3D/ariane133/HBT/6_final.spef line 352358, net i_cache_subsystem/i_nbdcache/i_miss_handler/_00105_ not found.
[WARNING STA-1650] ./results/nangate45_3D/ariane133/HBT/6_final.spef line 352359, net i_cache_subsystem/i_nbdcache/i_miss_handler/_00168_ not found.
[WARNING STA-1650] ./results/nangate45_3D/ariane133/HBT/6_final.spef line 352360, net i_cache_subsystem/i_nbdcache/i_miss_handler/_06632_ not found.
[WARNING STA-1650] ./results/nangate45_3D/ariane133/HBT/6_final.spef line 352361, net i_cache_subsystem/i_nbdcache/i_miss_handler/_06801_ not found.
[WARNING STA-1650] ./results/nangate45_3D/ariane133/HBT/6_final.spef line 352362, net i_cache_subsystem/i_nbdcache/i_miss_handler/_07245_ not found.
[WARNING STA-1650] ./results/nangate45_3D/ariane133/HBT/6_final.spef line 352363, net i_cache_subsystem/i_nbdcache/i_miss_handler/_08220_ not found.
[WARNING STA-1650] ./results/nangate45_3D/ariane133/HBT/6_final.spef line 352364, net i_cache_subsystem/i_nbdcache/i_miss_handler/_08417_ not found.
[WARNING STA-1650] ./results/nangate45_3D/ariane133/HBT/6_final.spef line 352365, net i_cache_subsystem/i_nbdcache/i_miss_handler/_08417_ not found.
[WARNING STA-1650] ./results/nangate45_3D/ariane133/HBT/6_final.spef line 352366, net i_cache_subsystem/i_nbdcache/i_miss_handler/_08419_ not found.
[WARNING STA-1650] ./results/nangate45_3D/ariane133/HBT/6_final.spef line 352367, net i_cache_subsystem/i_nbdcache/i_miss_handler/_08501_ not found.
[WARNING STA-1650] ./results/nangate45_3D/ariane133/HBT/6_final.spef line 352368, net i_cache_subsystem/i_nbdcache/i_miss_handler/_08509_ not found.
[WARNING STA-1650] ./results/nangate45_3D/ariane133/HBT/6_final.spef line 352369, net i_cache_subsystem/i_nbdcache/i_miss_handler/_08509_ not found.
[WARNING STA-1650] ./results/nangate45_3D/ariane133/HBT/6_final.spef line 352370, net i_cache_subsystem/i_nbdcache/i_miss_handler/_08542_ not found.
[WARNING STA-1650] ./results/nangate45_3D/ariane133/HBT/6_final.spef line 352371, net i_cache_subsystem/i_nbdcache/i_miss_handler/_08542_ not found.
[WARNING STA-1650] ./results/nangate45_3D/ariane133/HBT/6_final.spef line 352372, net i_cache_subsystem/i_nbdcache/i_miss_handler/_08741_ not found.
[WARNING STA-1650] ./results/nangate45_3D/ariane133/HBT/6_final.spef line 352373, net i_cache_subsystem/i_nbdcache/i_miss_handler/_09044_ not found.
[WARNING STA-1650] ./results/nangate45_3D/ariane133/HBT/6_final.spef line 352374, net i_cache_subsystem/i_nbdcache/i_miss_handler/_09044_ not found.
[WARNING STA-1650] ./results/nangate45_3D/ariane133/HBT/6_final.spef line 352375, net i_cache_subsystem/i_nbdcache/i_miss_handler/_09325_ not found.
[WARNING STA-1650] ./results/nangate45_3D/ariane133/HBT/6_final.spef line 352376, net i_cache_subsystem/i_nbdcache/i_miss_handler/_11170_ not found.
[WARNING STA-1650] ./results/nangate45_3D/ariane133/HBT/6_final.spef line 352377, net i_cache_subsystem/i_nbdcache/i_miss_handler/_11170_ not found.
[WARNING STA-1650] ./results/nangate45_3D/ariane133/HBT/6_final.spef line 352378, net i_cache_subsystem/i_nbdcache/i_miss_handler/_11173_ not found.
[WARNING STA-1650] ./results/nangate45_3D/ariane133/HBT/6_final.spef line 352379, net issue_stage_i/i_scoreboard/_11794_ not found.
[WARNING STA-1650] ./results/nangate45_3D/ariane133/HBT/6_final.spef line 352380, net issue_stage_i/i_scoreboard/_13251_ not found.
[WARNING STA-1650] ./results/nangate45_3D/ariane133/HBT/6_final.spef line 352381, net issue_stage_i/i_scoreboard/_23350_ not found.
[WARNING STA-1650] ./results/nangate45_3D/ariane133/HBT/6_final.spef line 352382, net issue_stage_i/i_scoreboard/_23654_ not found.
[WARNING STA-1650] ./results/nangate45_3D/ariane133/HBT/6_final.spef line 352383, net issue_stage_i/i_scoreboard/_23741_ not found.
[WARNING STA-1650] ./results/nangate45_3D/ariane133/HBT/6_final.spef line 352384, net issue_stage_i/i_scoreboard/_24161_ not found.
[WARNING STA-1650] ./results/nangate45_3D/ariane133/HBT/6_final.spef line 352385, net issue_stage_i/i_scoreboard/_24679_ not found.
[WARNING STA-1650] ./results/nangate45_3D/ariane133/HBT/6_final.spef line 352386, net issue_stage_i/i_scoreboard/_24782_ not found.
[WARNING STA-1650] ./results/nangate45_3D/ariane133/HBT/6_final.spef line 352387, net issue_stage_i/i_scoreboard/_24788_ not found.
[WARNING STA-1650] ./results/nangate45_3D/ariane133/HBT/6_final.spef line 352388, net issue_stage_i/i_scoreboard/_25083_ not found.
[WARNING STA-1650] ./results/nangate45_3D/ariane133/HBT/6_final.spef line 352389, net issue_stage_i/i_scoreboard/mem_q\[1673\] not found.
[WARNING STA-1650] ./results/nangate45_3D/ariane133/HBT/6_final.spef line 352390, net issue_stage_i/i_scoreboard/mem_q\[1673\] not found.
[WARNING STA-1650] ./results/nangate45_3D/ariane133/HBT/6_final.spef line 352391, net issue_stage_i/rs2_sb_iro\[60\] not found.
[WARNING STA-1650] ./results/nangate45_3D/ariane133/HBT/6_final.spef line 352410, net issue_stage_i/i_scoreboard/_41691_ not found.
[WARNING STA-1650] ./results/nangate45_3D/ariane133/HBT/6_final.spef line 352424, net issue_stage_i/i_issue_read_operands/rdata\[26\] not found.
[WARNING STA-1650] ./results/nangate45_3D/ariane133/HBT/6_final.spef line 352425, net issue_stage_i/i_scoreboard/_11488_ not found.
[WARNING STA-1650] ./results/nangate45_3D/ariane133/HBT/6_final.spef line 352426, net issue_stage_i/i_scoreboard/mem_q\[217\] not found.
[WARNING STA-1650] ./results/nangate45_3D/ariane133/HBT/6_final.spef line 352427, net issue_stage_i/rs1_sb_iro\[0\] not found.
[WARNING STA-1650] ./results/nangate45_3D/ariane133/HBT/6_final.spef line 352458, net i_cache_subsystem/i_nbdcache/i_miss_handler/_05201_ not found.
[WARNING STA-1650] ./results/nangate45_3D/ariane133/HBT/6_final.spef line 352462, net issue_stage_i/i_scoreboard/_24980_ not found.
[WARNING STA-1650] ./results/nangate45_3D/ariane133/HBT/6_final.spef line 352463, net issue_stage_i/rs1_sb_iro\[56\] not found.
[WARNING STA-1650] ./results/nangate45_3D/ariane133/HBT/6_final.spef line 352464, net issue_stage_i/rs2_sb_iro\[54\] not found.
[WARNING STA-1650] ./results/nangate45_3D/ariane133/HBT/6_final.spef line 352474, net issue_stage_i/i_issue_read_operands/_3163_ not found.
[WARNING STA-1650] ./results/nangate45_3D/ariane133/HBT/6_final.spef line 352475, net issue_stage_i/i_issue_read_operands/_4847_ not found.
[WARNING STA-1650] ./results/nangate45_3D/ariane133/HBT/6_final.spef line 352476, net issue_stage_i/i_scoreboard/_41691_ not found.
[WARNING STA-1650] ./results/nangate45_3D/ariane133/HBT/6_final.spef line 352477, net issue_stage_i/i_scoreboard/_42106_ not found.
[WARNING STA-1650] ./results/nangate45_3D/ariane133/HBT/6_final.spef line 352478, net issue_stage_i/i_scoreboard/_47205_ not found.
[WARNING STA-1650] ./results/nangate45_3D/ariane133/HBT/6_final.spef line 352479, net issue_stage_i/i_scoreboard/_52044_ not found.
[WARNING STA-1650] ./results/nangate45_3D/ariane133/HBT/6_final.spef line 352480, net issue_stage_i/i_scoreboard/_53710_ not found.
[WARNING STA-1650] ./results/nangate45_3D/ariane133/HBT/6_final.spef line 352506, net issue_stage_i/i_issue_read_operands/rdata\[100\] not found.
[WARNING STA-1650] ./results/nangate45_3D/ariane133/HBT/6_final.spef line 352507, net issue_stage_i/i_issue_read_operands/rdata\[21\] not found.
[WARNING STA-1650] ./results/nangate45_3D/ariane133/HBT/6_final.spef line 352508, net issue_stage_i/i_issue_read_operands/rdata\[26\] not found.
[WARNING STA-1650] ./results/nangate45_3D/ariane133/HBT/6_final.spef line 352509, net issue_stage_i/i_scoreboard/_09709_ not found.
[WARNING STA-1650] ./results/nangate45_3D/ariane133/HBT/6_final.spef line 352510, net issue_stage_i/i_scoreboard/mem_q\[217\] not found.
[WARNING STA-1650] ./results/nangate45_3D/ariane133/HBT/6_final.spef line 352511, net issue_stage_i/rs1_sb_iro\[21\] not found.
[WARNING STA-1650] ./results/nangate45_3D/ariane133/HBT/6_final.spef line 352562, net i_cache_subsystem/i_nbdcache/i_miss_handler/_22914_ not found.
[WARNING STA-1650] ./results/nangate45_3D/ariane133/HBT/6_final.spef line 352563, net i_cache_subsystem/i_nbdcache/wdata_ram_data__113_ not found.
[WARNING STA-1650] ./results/nangate45_3D/ariane133/HBT/6_final.spef line 352566, net i_cache_subsystem/i_nbdcache/i_miss_handler/_07032_ not found.
[WARNING STA-1650] ./results/nangate45_3D/ariane133/HBT/6_final.spef line 352567, net i_cache_subsystem/i_nbdcache/i_miss_handler/_10628_ not found.
[WARNING STA-1650] ./results/nangate45_3D/ariane133/HBT/6_final.spef line 352568, net i_cache_subsystem/i_nbdcache/master_ports_2__i_cache_ctrl.mem_req_q_wdata__31_ not found.
[WARNING STA-1650] ./results/nangate45_3D/ariane133/HBT/6_final.spef line 352569, net i_cache_subsystem/i_nbdcache/wdata_ram_data__61_ not found.
[WARNING STA-1650] ./results/nangate45_3D/ariane133/HBT/6_final.spef line 352579, net i_frontend/_15840_ not found.
[WARNING STA-1650] ./results/nangate45_3D/ariane133/HBT/6_final.spef line 352580, net issue_stage_i/i_scoreboard/_61446_ not found.
[WARNING STA-1650] ./results/nangate45_3D/ariane133/HBT/6_final.spef line 352611, net i_cache_subsystem/i_nbdcache/i_tag_cmp.rdata_i\[1316\] not found.
[WARNING STA-1650] ./results/nangate45_3D/ariane133/HBT/6_final.spef line 352612, net i_cache_subsystem/i_nbdcache/i_tag_cmp.rdata_i\[1317\] not found.
[WARNING STA-1650] ./results/nangate45_3D/ariane133/HBT/6_final.spef line 352613, net i_cache_subsystem/i_nbdcache/i_miss_handler/_20406_ not found.
[WARNING STA-1650] ./results/nangate45_3D/ariane133/HBT/6_final.spef line 352615, net i_cache_subsystem/i_nbdcache/master_ports_0__i_cache_ctrl.miss_req_o\[21\] not found.
[WARNING STA-1648] ./results/nangate45_3D/ariane133/HBT/6_final.spef line 352626, instance i_cache_subsystem/_0552_ not found.
[WARNING STA-1650] ./results/nangate45_3D/ariane133/HBT/6_final.spef line 352630, net i_cache_subsystem/_0552_ not found.
[WARNING STA-1650] ./results/nangate45_3D/ariane133/HBT/6_final.spef line 352640, net i_cache_subsystem/_0556_ not found.
[WARNING STA-1650] ./results/nangate45_3D/ariane133/HBT/6_final.spef line 352672, net i_cache_subsystem/i_icache/sram_block_0__data_sram/genblk1_1__i_ram/macro_mem_3 not found.
[WARNING STA-1650] ./results/nangate45_3D/ariane133/HBT/6_final.spef line 352680, net i_cache_subsystem/_0552_ not found.
[WARNING STA-1650] ./results/nangate45_3D/ariane133/HBT/6_final.spef line 352707, net i_cache_subsystem/i_nbdcache/_1838_ not found.
[WARNING STA-1650] ./results/nangate45_3D/ariane133/HBT/6_final.spef line 352708, net i_cache_subsystem/i_nbdcache/_1839_ not found.
[WARNING STA-1650] ./results/nangate45_3D/ariane133/HBT/6_final.spef line 352709, net i_cache_subsystem/i_nbdcache/_1839_ not found.
[WARNING STA-1650] ./results/nangate45_3D/ariane133/HBT/6_final.spef line 352710, net i_cache_subsystem/i_nbdcache/_1839_ not found.
[WARNING STA-1650] ./results/nangate45_3D/ariane133/HBT/6_final.spef line 352711, net i_cache_subsystem/i_nbdcache/_1841_ not found.
[WARNING STA-1650] ./results/nangate45_3D/ariane133/HBT/6_final.spef line 352712, net i_cache_subsystem/i_nbdcache/_1850_ not found.
[WARNING STA-1650] ./results/nangate45_3D/ariane133/HBT/6_final.spef line 352713, net i_cache_subsystem/i_nbdcache/_1850_ not found.
[WARNING STA-1650] ./results/nangate45_3D/ariane133/HBT/6_final.spef line 352714, net i_cache_subsystem/i_nbdcache/i_miss_handler/_03770_ not found.
[WARNING STA-1650] ./results/nangate45_3D/ariane133/HBT/6_final.spef line 352721, net i_cache_subsystem/i_nbdcache/i_miss_handler/evict_cl_q_data__110_ not found.
[WARNING STA-1650] ./results/nangate45_3D/ariane133/HBT/6_final.spef line 352722, net i_cache_subsystem/i_nbdcache/wdata_ram_data__106_ not found.
[WARNING STA-1650] ./results/nangate45_3D/ariane133/HBT/6_final.spef line 352723, net i_cache_subsystem/i_nbdcache/wdata_ram_data__110_ not found.
[WARNING STA-1650] ./results/nangate45_3D/ariane133/HBT/6_final.spef line 352724, net i_cache_subsystem/i_nbdcache/wdata_ram_data__60_ not found.
[WARNING STA-1650] ./results/nangate45_3D/ariane133/HBT/6_final.spef line 352748, net i_cache_subsystem/i_nbdcache/sram_block_5__data_sram/genblk1_1__i_ram/macro_mem_3 not found.
[WARNING STA-1650] ./results/nangate45_3D/ariane133/HBT/6_final.spef line 352752, net i_cache_subsystem/i_nbdcache/i_tag_cmp.rdata_i\[998\] not found.
[WARNING STA-1650] ./results/nangate45_3D/ariane133/HBT/6_final.spef line 352753, net i_cache_subsystem/i_nbdcache/i_tag_cmp.rdata_i\[999\] not found.
[WARNING STA-1650] ./results/nangate45_3D/ariane133/HBT/6_final.spef line 352754, net i_cache_subsystem/axi_req_bypass\[121\] not found.
[WARNING STA-1650] ./results/nangate45_3D/ariane133/HBT/6_final.spef line 352755, net i_cache_subsystem/i_nbdcache/_3103_ not found.
[WARNING STA-1650] ./results/nangate45_3D/ariane133/HBT/6_final.spef line 352756, net i_cache_subsystem/i_nbdcache/i_miss_handler/_11791_ not found.
[WARNING STA-1650] ./results/nangate45_3D/ariane133/HBT/6_final.spef line 352757, net i_cache_subsystem/i_nbdcache/i_miss_handler/_11795_ not found.
[WARNING STA-1650] ./results/nangate45_3D/ariane133/HBT/6_final.spef line 352759, net i_cache_subsystem/i_nbdcache/_1850_ not found.
[WARNING STA-1650] ./results/nangate45_3D/ariane133/HBT/6_final.spef line 352760, net i_cache_subsystem/i_nbdcache/i_miss_handler/_06801_ not found.
[WARNING STA-1650] ./results/nangate45_3D/ariane133/HBT/6_final.spef line 352761, net i_cache_subsystem/i_nbdcache/master_ports_0__i_cache_ctrl.miss_req_o\[26\] not found.
[WARNING STA-1650] ./results/nangate45_3D/ariane133/HBT/6_final.spef line 352762, net i_cache_subsystem/i_nbdcache/master_ports_0__i_cache_ctrl.miss_req_o\[30\] not found.
[WARNING STA-1650] ./results/nangate45_3D/ariane133/HBT/6_final.spef line 352763, net i_cache_subsystem/i_nbdcache/wdata_ram_data__101_ not found.
[WARNING STA-1650] ./results/nangate45_3D/ariane133/HBT/6_final.spef line 352764, net i_cache_subsystem/i_nbdcache/wdata_ram_data__98_ not found.
[WARNING STA-1650] ./results/nangate45_3D/ariane133/HBT/6_final.spef line 352770, net i_cache_subsystem/i_nbdcache/_1850_ not found.
[WARNING STA-1650] ./results/nangate45_3D/ariane133/HBT/6_final.spef line 352771, net i_cache_subsystem/i_nbdcache/_1850_ not found.
[WARNING STA-1650] ./results/nangate45_3D/ariane133/HBT/6_final.spef line 352772, net i_cache_subsystem/i_nbdcache/master_ports_2__i_cache_ctrl.mem_req_q_wdata__29_ not found.
[WARNING STA-1650] ./results/nangate45_3D/ariane133/HBT/6_final.spef line 352775, net ex_stage_i/lsu_i/i_store_unit/store_buffer_i/_10351_ not found.
[WARNING STA-1650] ./results/nangate45_3D/ariane133/HBT/6_final.spef line 352777, net i_cache_subsystem/i_nbdcache/master_ports_2__i_cache_ctrl.mem_req_q_wdata__25_ not found.
[WARNING STA-1650] ./results/nangate45_3D/ariane133/HBT/6_final.spef line 352778, net i_cache_subsystem/i_nbdcache/master_ports_2__i_cache_ctrl.mem_req_q_wdata__29_ not found.
[WARNING STA-1650] ./results/nangate45_3D/ariane133/HBT/6_final.spef line 352779, net i_cache_subsystem/i_nbdcache/master_ports_2__i_cache_ctrl.mem_req_q_wdata__44_ not found.
[WARNING STA-1650] ./results/nangate45_3D/ariane133/HBT/6_final.spef line 352809, net i_cache_subsystem/i_nbdcache/i_miss_handler/_00097_ not found.
[WARNING STA-1650] ./results/nangate45_3D/ariane133/HBT/6_final.spef line 352810, net i_cache_subsystem/i_nbdcache/i_miss_handler/_01533_ not found.
[WARNING STA-1650] ./results/nangate45_3D/ariane133/HBT/6_final.spef line 352812, net i_cache_subsystem/i_nbdcache/wdata_ram_data__103_ not found.
[WARNING STA-1650] ./results/nangate45_3D/ariane133/HBT/6_final.spef line 352813, net i_cache_subsystem/i_nbdcache/wdata_ram_data__109_ not found.
[WARNING STA-1650] ./results/nangate45_3D/ariane133/HBT/6_final.spef line 352814, net i_cache_subsystem/i_nbdcache/wdata_ram_data__103_ not found.
[WARNING STA-1650] ./results/nangate45_3D/ariane133/HBT/6_final.spef line 352821, net i_cache_subsystem/i_nbdcache/wdata_ram_data__103_ not found.
[WARNING STA-1650] ./results/nangate45_3D/ariane133/HBT/6_final.spef line 352837, net issue_stage_i/i_scoreboard/_07546_ not found.
[WARNING STA-1650] ./results/nangate45_3D/ariane133/HBT/6_final.spef line 352870, net ex_stage_i/i_mult/i_multiplier/_31585_ not found.
[WARNING STA-1650] ./results/nangate45_3D/ariane133/HBT/6_final.spef line 352885, net issue_stage_i/i_scoreboard/_58413_ not found.
[WARNING STA-1650] ./results/nangate45_3D/ariane133/HBT/6_final.spef line 352890, net issue_stage_i/i_scoreboard/_23647_ not found.
[WARNING STA-1650] ./results/nangate45_3D/ariane133/HBT/6_final.spef line 352933, net i_cache_subsystem/_1116_ not found.
[WARNING STA-1650] ./results/nangate45_3D/ariane133/HBT/6_final.spef line 352935, net i_cache_subsystem/i_nbdcache/_1842_ not found.
[WARNING STA-1650] ./results/nangate45_3D/ariane133/HBT/6_final.spef line 352936, net i_cache_subsystem/i_nbdcache/i_miss_handler/_00062_ not found.
[WARNING STA-1650] ./results/nangate45_3D/ariane133/HBT/6_final.spef line 352937, net i_cache_subsystem/i_nbdcache/i_miss_handler/_00087_ not found.
[WARNING STA-1650] ./results/nangate45_3D/ariane133/HBT/6_final.spef line 352944, net issue_stage_i/i_scoreboard/_25083_ not found.
[WARNING STA-1650] ./results/nangate45_3D/ariane133/HBT/6_final.spef line 352945, net issue_stage_i/rs2_sb_iro\[44\] not found.
[WARNING STA-1650] ./results/nangate45_3D/ariane133/HBT/6_final.spef line 352955, net issue_stage_i/i_scoreboard/_58295_ not found.
[WARNING STA-1650] ./results/nangate45_3D/ariane133/HBT/6_final.spef line 353006, net i_cache_subsystem/_1114_ not found.
[WARNING STA-1650] ./results/nangate45_3D/ariane133/HBT/6_final.spef line 353007, net i_cache_subsystem/_1118_ not found.
[WARNING STA-1650] ./results/nangate45_3D/ariane133/HBT/6_final.spef line 353008, net i_cache_subsystem/i_nbdcache/i_miss_handler/_15637_ not found.
[WARNING STA-1650] ./results/nangate45_3D/ariane133/HBT/6_final.spef line 353009, net i_cache_subsystem/i_nbdcache/i_miss_handler/_22732_ not found.
[WARNING STA-1650] ./results/nangate45_3D/ariane133/HBT/6_final.spef line 353010, net i_cache_subsystem/i_nbdcache/i_miss_handler/_22893_ not found.
[WARNING STA-1650] ./results/nangate45_3D/ariane133/HBT/6_final.spef line 353019, net i_cache_subsystem/axi_req_bypass\[155\] not found.
[WARNING STA-1650] ./results/nangate45_3D/ariane133/HBT/6_final.spef line 353020, net i_cache_subsystem/axi_req_bypass\[155\] not found.
[WARNING STA-1650] ./results/nangate45_3D/ariane133/HBT/6_final.spef line 353021, net i_cache_subsystem/i_nbdcache/i_miss_handler/_00086_ not found.
[WARNING STA-1650] ./results/nangate45_3D/ariane133/HBT/6_final.spef line 353022, net i_cache_subsystem/i_nbdcache/i_miss_handler/_00153_ not found.
[WARNING STA-1650] ./results/nangate45_3D/ariane133/HBT/6_final.spef line 353024, net i_cache_subsystem/i_nbdcache/i_miss_handler/_22913_ not found.
[WARNING STA-1650] ./results/nangate45_3D/ariane133/HBT/6_final.spef line 353029, net i_cache_subsystem/axi_req_bypass\[155\] not found.
[WARNING STA-1650] ./results/nangate45_3D/ariane133/HBT/6_final.spef line 353030, net ex_stage_i/lsu_i/_5712_ not found.
[WARNING STA-1650] ./results/nangate45_3D/ariane133/HBT/6_final.spef line 353031, net ex_stage_i/lsu_i/i_mmu/_1872_ not found.
[WARNING STA-1650] ./results/nangate45_3D/ariane133/HBT/6_final.spef line 353032, net ex_stage_i/lsu_i/i_mmu/_1886_ not found.
[WARNING STA-1650] ./results/nangate45_3D/ariane133/HBT/6_final.spef line 353033, net i_cache_subsystem/i_nbdcache/_6936_ not found.
[WARNING STA-1650] ./results/nangate45_3D/ariane133/HBT/6_final.spef line 353034, net i_cache_subsystem/i_nbdcache/i_miss_handler/_12219_ not found.
[WARNING STA-1650] ./results/nangate45_3D/ariane133/HBT/6_final.spef line 353035, net i_cache_subsystem/i_nbdcache/i_miss_handler/_12227_ not found.
[WARNING STA-1650] ./results/nangate45_3D/ariane133/HBT/6_final.spef line 353036, net i_cache_subsystem/i_nbdcache/i_miss_handler/_12227_ not found.
[WARNING STA-1650] ./results/nangate45_3D/ariane133/HBT/6_final.spef line 353037, net i_cache_subsystem/i_nbdcache/i_miss_handler/_12427_ not found.
[WARNING STA-1650] ./results/nangate45_3D/ariane133/HBT/6_final.spef line 353038, net i_cache_subsystem/i_nbdcache/i_miss_handler/_12502_ not found.
[WARNING STA-1650] ./results/nangate45_3D/ariane133/HBT/6_final.spef line 353039, net i_cache_subsystem/i_nbdcache/i_miss_handler/_12656_ not found.
[WARNING STA-1650] ./results/nangate45_3D/ariane133/HBT/6_final.spef line 353040, net i_cache_subsystem/i_nbdcache/i_miss_handler/_12656_ not found.
[WARNING STA-1650] ./results/nangate45_3D/ariane133/HBT/6_final.spef line 353041, net i_cache_subsystem/i_nbdcache/i_miss_handler/_12760_ not found.
[WARNING STA-1650] ./results/nangate45_3D/ariane133/HBT/6_final.spef line 353042, net i_cache_subsystem/i_nbdcache/i_miss_handler/_12760_ not found.
[WARNING STA-1650] ./results/nangate45_3D/ariane133/HBT/6_final.spef line 353043, net i_cache_subsystem/i_nbdcache/i_miss_handler/_13820_ not found.
[WARNING STA-1650] ./results/nangate45_3D/ariane133/HBT/6_final.spef line 353044, net i_cache_subsystem/i_nbdcache/i_miss_handler/_14110_ not found.
[WARNING STA-1650] ./results/nangate45_3D/ariane133/HBT/6_final.spef line 353045, net i_cache_subsystem/i_nbdcache/i_miss_handler/_14194_ not found.
[WARNING STA-1650] ./results/nangate45_3D/ariane133/HBT/6_final.spef line 353046, net i_cache_subsystem/i_nbdcache/i_miss_handler/_14337_ not found.
[WARNING STA-1650] ./results/nangate45_3D/ariane133/HBT/6_final.spef line 353047, net i_cache_subsystem/i_nbdcache/i_miss_handler/_14855_ not found.
[WARNING STA-1650] ./results/nangate45_3D/ariane133/HBT/6_final.spef line 353048, net i_cache_subsystem/i_nbdcache/i_miss_handler/_14858_ not found.
[WARNING STA-1650] ./results/nangate45_3D/ariane133/HBT/6_final.spef line 353049, net i_cache_subsystem/i_nbdcache/i_miss_handler/_15066_ not found.
[WARNING STA-1650] ./results/nangate45_3D/ariane133/HBT/6_final.spef line 353050, net i_cache_subsystem/i_nbdcache/i_miss_handler/_15118_ not found.
[WARNING STA-1650] ./results/nangate45_3D/ariane133/HBT/6_final.spef line 353051, net i_cache_subsystem/i_nbdcache/i_miss_handler/_15121_ not found.
[WARNING STA-1650] ./results/nangate45_3D/ariane133/HBT/6_final.spef line 353052, net i_cache_subsystem/i_nbdcache/i_miss_handler/_15121_ not found.
[WARNING STA-1650] ./results/nangate45_3D/ariane133/HBT/6_final.spef line 353053, net i_cache_subsystem/i_nbdcache/i_miss_handler/_15122_ not found.
[WARNING STA-1650] ./results/nangate45_3D/ariane133/HBT/6_final.spef line 353054, net i_cache_subsystem/i_nbdcache/i_miss_handler/_15139_ not found.
[WARNING STA-1650] ./results/nangate45_3D/ariane133/HBT/6_final.spef line 353055, net i_cache_subsystem/i_nbdcache/i_miss_handler/_15139_ not found.
[WARNING STA-1650] ./results/nangate45_3D/ariane133/HBT/6_final.spef line 353056, net i_cache_subsystem/i_nbdcache/i_miss_handler/_15139_ not found.
[WARNING STA-1650] ./results/nangate45_3D/ariane133/HBT/6_final.spef line 353057, net i_cache_subsystem/i_nbdcache/i_miss_handler/_15143_ not found.
[WARNING STA-1650] ./results/nangate45_3D/ariane133/HBT/6_final.spef line 353058, net i_cache_subsystem/i_nbdcache/i_miss_handler/_15152_ not found.
[WARNING STA-1650] ./results/nangate45_3D/ariane133/HBT/6_final.spef line 353059, net i_cache_subsystem/i_nbdcache/i_miss_handler/_15179_ not found.
[WARNING STA-1650] ./results/nangate45_3D/ariane133/HBT/6_final.spef line 353060, net i_cache_subsystem/i_nbdcache/i_miss_handler/_15180_ not found.
[WARNING STA-1650] ./results/nangate45_3D/ariane133/HBT/6_final.spef line 353061, net i_cache_subsystem/i_nbdcache/i_miss_handler/_15183_ not found.
[WARNING STA-1650] ./results/nangate45_3D/ariane133/HBT/6_final.spef line 353062, net i_cache_subsystem/i_nbdcache/i_miss_handler/_16429_ not found.
[WARNING STA-1650] ./results/nangate45_3D/ariane133/HBT/6_final.spef line 353063, net i_cache_subsystem/i_nbdcache/i_miss_handler/_16436_ not found.
[WARNING STA-1650] ./results/nangate45_3D/ariane133/HBT/6_final.spef line 353064, net i_cache_subsystem/i_nbdcache/i_miss_handler/_20990_ not found.
[WARNING STA-1650] ./results/nangate45_3D/ariane133/HBT/6_final.spef line 353065, net i_cache_subsystem/i_nbdcache/i_miss_handler/_20990_ not found.
[WARNING STA-1650] ./results/nangate45_3D/ariane133/HBT/6_final.spef line 353066, net i_cache_subsystem/i_nbdcache/i_miss_handler/_21939_ not found.
[WARNING STA-1650] ./results/nangate45_3D/ariane133/HBT/6_final.spef line 353067, net i_cache_subsystem/i_nbdcache/i_miss_handler/_21981_ not found.
[WARNING STA-1650] ./results/nangate45_3D/ariane133/HBT/6_final.spef line 353068, net i_cache_subsystem/i_nbdcache/i_miss_handler/_22165_ not found.
[WARNING STA-1650] ./results/nangate45_3D/ariane133/HBT/6_final.spef line 353069, net i_cache_subsystem/i_nbdcache/i_miss_handler/_22168_ not found.
[WARNING STA-1650] ./results/nangate45_3D/ariane133/HBT/6_final.spef line 353070, net i_cache_subsystem/i_nbdcache/i_miss_handler/_22169_ not found.
[WARNING STA-1650] ./results/nangate45_3D/ariane133/HBT/6_final.spef line 353071, net i_cache_subsystem/i_nbdcache/i_miss_handler/_22423_ not found.
[WARNING STA-1650] ./results/nangate45_3D/ariane133/HBT/6_final.spef line 353072, net issue_stage_i/i_scoreboard/_32553_ not found.
[WARNING STA-1650] ./results/nangate45_3D/ariane133/HBT/6_final.spef line 353073, net issue_stage_i/i_scoreboard/_32555_ not found.
[WARNING STA-1650] ./results/nangate45_3D/ariane133/HBT/6_final.spef line 353074, net issue_stage_i/i_scoreboard/_32555_ not found.
[WARNING STA-1650] ./results/nangate45_3D/ariane133/HBT/6_final.spef line 353075, net issue_stage_i/i_scoreboard/_37054_ not found.
[WARNING STA-1650] ./results/nangate45_3D/ariane133/HBT/6_final.spef line 353076, net issue_stage_i/i_scoreboard/_37059_ not found.
[WARNING STA-1650] ./results/nangate45_3D/ariane133/HBT/6_final.spef line 353077, net issue_stage_i/i_scoreboard/_41821_ not found.
[WARNING STA-1650] ./results/nangate45_3D/ariane133/HBT/6_final.spef line 353078, net issue_stage_i/i_scoreboard/_41824_ not found.
[WARNING STA-1650] ./results/nangate45_3D/ariane133/HBT/6_final.spef line 353079, net issue_stage_i/i_scoreboard/_41825_ not found.
[WARNING STA-1650] ./results/nangate45_3D/ariane133/HBT/6_final.spef line 353080, net issue_stage_i/i_scoreboard/_41881_ not found.
[WARNING STA-1650] ./results/nangate45_3D/ariane133/HBT/6_final.spef line 353081, net issue_stage_i/i_scoreboard/_41936_ not found.
[WARNING STA-1650] ./results/nangate45_3D/ariane133/HBT/6_final.spef line 353082, net issue_stage_i/i_scoreboard/_41939_ not found.
[WARNING STA-1650] ./results/nangate45_3D/ariane133/HBT/6_final.spef line 353083, net issue_stage_i/i_scoreboard/_41939_ not found.
[WARNING STA-1650] ./results/nangate45_3D/ariane133/HBT/6_final.spef line 353084, net issue_stage_i/i_scoreboard/_42345_ not found.
[WARNING STA-1650] ./results/nangate45_3D/ariane133/HBT/6_final.spef line 353085, net issue_stage_i/i_scoreboard/_43873_ not found.
[WARNING STA-1650] ./results/nangate45_3D/ariane133/HBT/6_final.spef line 353086, net issue_stage_i/i_scoreboard/_43875_ not found.
[WARNING STA-1650] ./results/nangate45_3D/ariane133/HBT/6_final.spef line 353087, net issue_stage_i/i_scoreboard/_48611_ not found.
[WARNING STA-1650] ./results/nangate45_3D/ariane133/HBT/6_final.spef line 353088, net issue_stage_i/i_scoreboard/_50075_ not found.
[WARNING STA-1650] ./results/nangate45_3D/ariane133/HBT/6_final.spef line 353089, net issue_stage_i/i_scoreboard/_50107_ not found.
[WARNING STA-1650] ./results/nangate45_3D/ariane133/HBT/6_final.spef line 353090, net issue_stage_i/i_scoreboard/_51806_ not found.
[WARNING STA-1650] ./results/nangate45_3D/ariane133/HBT/6_final.spef line 353091, net issue_stage_i/i_scoreboard/_52970_ not found.
[WARNING STA-1650] ./results/nangate45_3D/ariane133/HBT/6_final.spef line 353092, net issue_stage_i/i_scoreboard/_52985_ not found.
[WARNING STA-1650] ./results/nangate45_3D/ariane133/HBT/6_final.spef line 353093, net issue_stage_i/i_scoreboard/_53026_ not found.
[WARNING STA-1650] ./results/nangate45_3D/ariane133/HBT/6_final.spef line 353094, net issue_stage_i/i_scoreboard/_53059_ not found.
[WARNING STA-1650] ./results/nangate45_3D/ariane133/HBT/6_final.spef line 353095, net issue_stage_i/i_scoreboard/_53458_ not found.
[WARNING STA-1650] ./results/nangate45_3D/ariane133/HBT/6_final.spef line 353096, net issue_stage_i/i_scoreboard/_53555_ not found.
[WARNING STA-1650] ./results/nangate45_3D/ariane133/HBT/6_final.spef line 353097, net issue_stage_i/i_scoreboard/_53557_ not found.
[WARNING STA-1650] ./results/nangate45_3D/ariane133/HBT/6_final.spef line 353098, net issue_stage_i/i_scoreboard/_53557_ not found.
[WARNING STA-1650] ./results/nangate45_3D/ariane133/HBT/6_final.spef line 353099, net issue_stage_i/i_scoreboard/_53558_ not found.
[WARNING STA-1650] ./results/nangate45_3D/ariane133/HBT/6_final.spef line 353100, net issue_stage_i/i_scoreboard/_53594_ not found.
[WARNING STA-1650] ./results/nangate45_3D/ariane133/HBT/6_final.spef line 353101, net issue_stage_i/i_scoreboard/_58283_ not found.
[WARNING STA-1650] ./results/nangate45_3D/ariane133/HBT/6_final.spef line 353102, net issue_stage_i/i_scoreboard/_61558_ not found.
[WARNING STA-1650] ./results/nangate45_3D/ariane133/HBT/6_final.spef line 353138, net ex_stage_i/lsu_i/i_load_unit.ex_i\[73\] not found.
[WARNING STA-1650] ./results/nangate45_3D/ariane133/HBT/6_final.spef line 353140, net i_cache_subsystem/_0384_ not found.
[WARNING STA-1650] ./results/nangate45_3D/ariane133/HBT/6_final.spef line 353141, net i_cache_subsystem/i_nbdcache/i_miss_handler/_00076_ not found.
[WARNING STA-1650] ./results/nangate45_3D/ariane133/HBT/6_final.spef line 353142, net i_cache_subsystem/i_nbdcache/i_miss_handler/_06611_ not found.
[WARNING STA-1650] ./results/nangate45_3D/ariane133/HBT/6_final.spef line 353143, net i_cache_subsystem/i_nbdcache/i_miss_handler/_07176_ not found.
[WARNING STA-1650] ./results/nangate45_3D/ariane133/HBT/6_final.spef line 353144, net i_cache_subsystem/i_nbdcache/i_miss_handler/_07237_ not found.
[WARNING STA-1650] ./results/nangate45_3D/ariane133/HBT/6_final.spef line 353145, net i_cache_subsystem/i_nbdcache/i_miss_handler/_07345_ not found.
[WARNING STA-1650] ./results/nangate45_3D/ariane133/HBT/6_final.spef line 353146, net i_cache_subsystem/i_nbdcache/i_miss_handler/_07345_ not found.
[WARNING STA-1650] ./results/nangate45_3D/ariane133/HBT/6_final.spef line 353147, net i_cache_subsystem/i_nbdcache/i_miss_handler/_07434_ not found.
[WARNING STA-1650] ./results/nangate45_3D/ariane133/HBT/6_final.spef line 353148, net i_cache_subsystem/i_nbdcache/i_miss_handler/_08538_ not found.
[WARNING STA-1650] ./results/nangate45_3D/ariane133/HBT/6_final.spef line 353149, net i_cache_subsystem/i_nbdcache/i_miss_handler/_08572_ not found.
[WARNING STA-1650] ./results/nangate45_3D/ariane133/HBT/6_final.spef line 353150, net i_cache_subsystem/i_nbdcache/i_miss_handler/_08572_ not found.
[WARNING STA-1650] ./results/nangate45_3D/ariane133/HBT/6_final.spef line 353151, net i_cache_subsystem/i_nbdcache/i_miss_handler/_08676_ not found.
[WARNING STA-1650] ./results/nangate45_3D/ariane133/HBT/6_final.spef line 353152, net i_cache_subsystem/i_nbdcache/i_miss_handler/_08783_ not found.
[WARNING STA-1650] ./results/nangate45_3D/ariane133/HBT/6_final.spef line 353153, net i_cache_subsystem/i_nbdcache/i_miss_handler/_08783_ not found.
[WARNING STA-1650] ./results/nangate45_3D/ariane133/HBT/6_final.spef line 353154, net i_cache_subsystem/i_nbdcache/i_miss_handler/_09232_ not found.
[WARNING STA-1650] ./results/nangate45_3D/ariane133/HBT/6_final.spef line 353155, net i_cache_subsystem/i_nbdcache/i_miss_handler/_09232_ not found.
[WARNING STA-1650] ./results/nangate45_3D/ariane133/HBT/6_final.spef line 353156, net i_cache_subsystem/i_nbdcache/i_miss_handler/_11162_ not found.
[WARNING STA-1650] ./results/nangate45_3D/ariane133/HBT/6_final.spef line 353157, net i_cache_subsystem/i_nbdcache/i_miss_handler/_11162_ not found.
[WARNING STA-1650] ./results/nangate45_3D/ariane133/HBT/6_final.spef line 353158, net i_cache_subsystem/i_nbdcache/i_miss_handler/_11162_ not found.
[WARNING STA-1650] ./results/nangate45_3D/ariane133/HBT/6_final.spef line 353159, net i_cache_subsystem/i_nbdcache/i_miss_handler/_11162_ not found.
[WARNING STA-1650] ./results/nangate45_3D/ariane133/HBT/6_final.spef line 353160, net issue_stage_i/i_scoreboard/_09833_ not found.
[WARNING STA-1650] ./results/nangate45_3D/ariane133/HBT/6_final.spef line 353161, net issue_stage_i/i_scoreboard/_11505_ not found.
[WARNING STA-1650] ./results/nangate45_3D/ariane133/HBT/6_final.spef line 353162, net issue_stage_i/i_scoreboard/_11531_ not found.
[WARNING STA-1650] ./results/nangate45_3D/ariane133/HBT/6_final.spef line 353163, net issue_stage_i/i_scoreboard/_16273_ not found.
[WARNING STA-1650] ./results/nangate45_3D/ariane133/HBT/6_final.spef line 353164, net issue_stage_i/i_scoreboard/_23877_ not found.
[WARNING STA-1650] ./results/nangate45_3D/ariane133/HBT/6_final.spef line 353165, net issue_stage_i/i_scoreboard/_24146_ not found.
[WARNING STA-1650] ./results/nangate45_3D/ariane133/HBT/6_final.spef line 353166, net issue_stage_i/i_scoreboard/_24752_ not found.
[WARNING STA-1650] ./results/nangate45_3D/ariane133/HBT/6_final.spef line 353167, net issue_stage_i/i_scoreboard/_25083_ not found.
[WARNING STA-1650] ./results/nangate45_3D/ariane133/HBT/6_final.spef line 353168, net issue_stage_i/i_scoreboard/mem_q\[2041\] not found.
[WARNING STA-1650] ./results/nangate45_3D/ariane133/HBT/6_final.spef line 353169, net issue_stage_i/i_scoreboard/mem_q\[231\] not found.
[WARNING STA-1650] ./results/nangate45_3D/ariane133/HBT/6_final.spef line 353170, net issue_stage_i/i_scoreboard/mem_q\[2767\] not found.
[WARNING STA-1650] ./results/nangate45_3D/ariane133/HBT/6_final.spef line 353171, net issue_stage_i/i_scoreboard/mem_q\[2772\] not found.
[WARNING STA-1650] ./results/nangate45_3D/ariane133/HBT/6_final.spef line 353172, net issue_stage_i/i_scoreboard/mem_q\[2772\] not found.
[WARNING STA-1650] ./results/nangate45_3D/ariane133/HBT/6_final.spef line 353173, net issue_stage_i/i_scoreboard/mem_q\[594\] not found.
[WARNING STA-1650] ./results/nangate45_3D/ariane133/HBT/6_final.spef line 353174, net issue_stage_i/rs1_sb_iro\[39\] not found.
[WARNING STA-1650] ./results/nangate45_3D/ariane133/HBT/6_final.spef line 353197, net issue_stage_i/i_scoreboard/_39202_ not found.
[WARNING STA-1650] ./results/nangate45_3D/ariane133/HBT/6_final.spef line 353198, net issue_stage_i/i_scoreboard/_47153_ not found.
[WARNING STA-1650] ./results/nangate45_3D/ariane133/HBT/6_final.spef line 353199, net issue_stage_i/i_scoreboard/_58297_ not found.
[WARNING STA-1650] ./results/nangate45_3D/ariane133/HBT/6_final.spef line 353200, net issue_stage_i/i_scoreboard/_59037_ not found.
[WARNING STA-1650] ./results/nangate45_3D/ariane133/HBT/6_final.spef line 353201, net issue_stage_i/i_scoreboard/_59331_ not found.
[WARNING STA-1650] ./results/nangate45_3D/ariane133/HBT/6_final.spef line 353234, net issue_stage_i/i_issue_read_operands/_1102_ not found.
[WARNING STA-1650] ./results/nangate45_3D/ariane133/HBT/6_final.spef line 353235, net issue_stage_i/i_issue_read_operands/i_ariane_regfile/_04008_ not found.
[WARNING STA-1650] ./results/nangate45_3D/ariane133/HBT/6_final.spef line 353236, net issue_stage_i/i_issue_read_operands/rdata\[89\] not found.
[WARNING STA-1650] ./results/nangate45_3D/ariane133/HBT/6_final.spef line 353237, net issue_stage_i/i_scoreboard/_11564_ not found.
[WARNING STA-1650] ./results/nangate45_3D/ariane133/HBT/6_final.spef line 353238, net issue_stage_i/i_scoreboard/_13360_ not found.
[WARNING STA-1650] ./results/nangate45_3D/ariane133/HBT/6_final.spef line 353239, net issue_stage_i/i_scoreboard/_14578_ not found.
[WARNING STA-1650] ./results/nangate45_3D/ariane133/HBT/6_final.spef line 353240, net issue_stage_i/i_scoreboard/_14578_ not found.
[WARNING STA-1650] ./results/nangate45_3D/ariane133/HBT/6_final.spef line 353241, net issue_stage_i/i_scoreboard/_14578_ not found.
[WARNING STA-1650] ./results/nangate45_3D/ariane133/HBT/6_final.spef line 353242, net issue_stage_i/i_scoreboard/_16650_ not found.
[WARNING STA-1650] ./results/nangate45_3D/ariane133/HBT/6_final.spef line 353243, net issue_stage_i/i_scoreboard/_17189_ not found.
[WARNING STA-1650] ./results/nangate45_3D/ariane133/HBT/6_final.spef line 353244, net issue_stage_i/i_scoreboard/_18737_ not found.
[WARNING STA-1650] ./results/nangate45_3D/ariane133/HBT/6_final.spef line 353245, net issue_stage_i/i_scoreboard/_18743_ not found.
[WARNING STA-1650] ./results/nangate45_3D/ariane133/HBT/6_final.spef line 353246, net issue_stage_i/i_scoreboard/_23046_ not found.
[WARNING STA-1650] ./results/nangate45_3D/ariane133/HBT/6_final.spef line 353247, net issue_stage_i/i_scoreboard/_23350_ not found.
[WARNING STA-1650] ./results/nangate45_3D/ariane133/HBT/6_final.spef line 353248, net issue_stage_i/i_scoreboard/_23651_ not found.
[WARNING STA-1650] ./results/nangate45_3D/ariane133/HBT/6_final.spef line 353249, net issue_stage_i/i_scoreboard/_23651_ not found.
[WARNING STA-1650] ./results/nangate45_3D/ariane133/HBT/6_final.spef line 353250, net issue_stage_i/i_scoreboard/_23651_ not found.
[WARNING STA-1650] ./results/nangate45_3D/ariane133/HBT/6_final.spef line 353251, net issue_stage_i/i_scoreboard/_23651_ not found.
[WARNING STA-1650] ./results/nangate45_3D/ariane133/HBT/6_final.spef line 353252, net issue_stage_i/i_scoreboard/_23651_ not found.
[WARNING STA-1650] ./results/nangate45_3D/ariane133/HBT/6_final.spef line 353253, net issue_stage_i/i_scoreboard/_23677_ not found.
[WARNING STA-1650] ./results/nangate45_3D/ariane133/HBT/6_final.spef line 353254, net issue_stage_i/i_scoreboard/_23691_ not found.
[WARNING STA-1650] ./results/nangate45_3D/ariane133/HBT/6_final.spef line 353255, net issue_stage_i/i_scoreboard/_23804_ not found.
[WARNING STA-1650] ./results/nangate45_3D/ariane133/HBT/6_final.spef line 353256, net issue_stage_i/i_scoreboard/_24831_ not found.
[WARNING STA-1650] ./results/nangate45_3D/ariane133/HBT/6_final.spef line 353257, net issue_stage_i/i_scoreboard/mem_q\[1656\] not found.
[WARNING STA-1650] ./results/nangate45_3D/ariane133/HBT/6_final.spef line 353272, net issue_stage_i/i_scoreboard/_38985_ not found.
[WARNING STA-1650] ./results/nangate45_3D/ariane133/HBT/6_final.spef line 353326, net i_cache_subsystem/i_nbdcache/i_tag_cmp.rdata_i\[29\] not found.
[WARNING STA-1650] ./results/nangate45_3D/ariane133/HBT/6_final.spef line 353332, net i_cache_subsystem/i_nbdcache/i_tag_cmp.rdata_i\[28\] not found.
[WARNING STA-1650] ./results/nangate45_3D/ariane133/HBT/6_final.spef line 353333, net i_cache_subsystem/i_nbdcache/i_tag_cmp.rdata_i\[903\] not found.
[WARNING STA-1650] ./results/nangate45_3D/ariane133/HBT/6_final.spef line 353339, net i_cache_subsystem/i_nbdcache/i_miss_handler/_17223_ not found.
[WARNING STA-1650] ./results/nangate45_3D/ariane133/HBT/6_final.spef line 353340, net i_cache_subsystem/i_nbdcache/sram_block_0__data_sram/genblk1_0__i_ram/macro_mem_3 not found.
[WARNING STA-1650] ./results/nangate45_3D/ariane133/HBT/6_final.spef line 353341, net i_cache_subsystem/i_nbdcache/sram_block_0__data_sram/genblk1_0__i_ram/macro_mem_3 not found.
[WARNING STA-1650] ./results/nangate45_3D/ariane133/HBT/6_final.spef line 353346, net i_cache_subsystem/i_nbdcache/wdata_ram_data__49_ not found.
[WARNING STA-1650] ./results/nangate45_3D/ariane133/HBT/6_final.spef line 353347, net i_cache_subsystem/i_nbdcache/wdata_ram_data__52_ not found.
[WARNING STA-1650] ./results/nangate45_3D/ariane133/HBT/6_final.spef line 353348, net i_cache_subsystem/i_nbdcache/wdata_ram_data__54_ not found.
[WARNING STA-1650] ./results/nangate45_3D/ariane133/HBT/6_final.spef line 353349, net i_cache_subsystem/i_nbdcache/wdata_ram_data__60_ not found.
[WARNING STA-1650] ./results/nangate45_3D/ariane133/HBT/6_final.spef line 353350, net i_cache_subsystem/i_nbdcache/wdata_ram_data__63_ not found.
[WARNING STA-1650] ./results/nangate45_3D/ariane133/HBT/6_final.spef line 353356, net i_cache_subsystem/i_nbdcache/i_miss_handler/_17790_ not found.
[WARNING STA-1650] ./results/nangate45_3D/ariane133/HBT/6_final.spef line 353362, net i_cache_subsystem/i_nbdcache/wdata_ram_data__48_ not found.
[WARNING STA-1650] ./results/nangate45_3D/ariane133/HBT/6_final.spef line 353363, net i_cache_subsystem/i_nbdcache/wdata_ram_data__49_ not found.
[WARNING STA-1650] ./results/nangate45_3D/ariane133/HBT/6_final.spef line 353365, net i_cache_subsystem/i_nbdcache/i_miss_handler/_17613_ not found.
[WARNING STA-1650] ./results/nangate45_3D/ariane133/HBT/6_final.spef line 353370, net i_cache_subsystem/i_nbdcache/wdata_ram_data__60_ not found.
[WARNING STA-1650] ./results/nangate45_3D/ariane133/HBT/6_final.spef line 353371, net i_cache_subsystem/i_nbdcache/i_miss_handler/_17684_ not found.
[WARNING STA-1650] ./results/nangate45_3D/ariane133/HBT/6_final.spef line 353372, net i_cache_subsystem/i_nbdcache/i_miss_handler/_17783_ not found.
[WARNING STA-1650] ./results/nangate45_3D/ariane133/HBT/6_final.spef line 353373, net i_cache_subsystem/i_nbdcache/i_miss_handler/_17833_ not found.
[WARNING STA-1650] ./results/nangate45_3D/ariane133/HBT/6_final.spef line 353374, net i_cache_subsystem/i_nbdcache/sram_block_1__data_sram/genblk1_0__i_ram/macro_mem_3 not found.
[WARNING STA-1650] ./results/nangate45_3D/ariane133/HBT/6_final.spef line 353375, net i_cache_subsystem/i_nbdcache/sram_block_1__data_sram/genblk1_0__i_ram/macro_mem_3 not found.
[WARNING STA-1650] ./results/nangate45_3D/ariane133/HBT/6_final.spef line 353376, net i_cache_subsystem/i_nbdcache/sram_block_1__data_sram/genblk1_0__i_ram/macro_mem_3 not found.
[WARNING STA-1650] ./results/nangate45_3D/ariane133/HBT/6_final.spef line 353377, net i_cache_subsystem/i_nbdcache/sram_block_1__data_sram/genblk1_0__i_ram/macro_mem_3 not found.
[WARNING STA-1650] ./results/nangate45_3D/ariane133/HBT/6_final.spef line 353378, net i_cache_subsystem/i_nbdcache/sram_block_1__data_sram/genblk1_0__i_ram/macro_mem_3 not found.
[WARNING STA-1650] ./results/nangate45_3D/ariane133/HBT/6_final.spef line 353379, net i_cache_subsystem/i_nbdcache/sram_block_1__data_sram/genblk1_0__i_ram/macro_mem_3 not found.
[WARNING STA-1650] ./results/nangate45_3D/ariane133/HBT/6_final.spef line 353380, net i_cache_subsystem/i_nbdcache/sram_block_1__data_sram/genblk1_0__i_ram/macro_mem_3 not found.
[WARNING STA-1650] ./results/nangate45_3D/ariane133/HBT/6_final.spef line 353381, net i_cache_subsystem/i_nbdcache/sram_block_1__data_sram/genblk1_0__i_ram/macro_mem_3 not found.
[WARNING STA-1650] ./results/nangate45_3D/ariane133/HBT/6_final.spef line 353406, net i_cache_subsystem/i_nbdcache/i_tag_cmp.rdata_i\[235\] not found.
[WARNING STA-1650] ./results/nangate45_3D/ariane133/HBT/6_final.spef line 353407, net i_cache_subsystem/i_nbdcache/i_tag_cmp.rdata_i\[235\] not found.
[WARNING STA-1650] ./results/nangate45_3D/ariane133/HBT/6_final.spef line 353408, net i_cache_subsystem/i_nbdcache/wdata_ram_data__48_ not found.
[WARNING STA-1650] ./results/nangate45_3D/ariane133/HBT/6_final.spef line 353409, net i_cache_subsystem/i_nbdcache/wdata_ram_data__58_ not found.
[WARNING STA-1650] ./results/nangate45_3D/ariane133/HBT/6_final.spef line 353410, net i_cache_subsystem/i_nbdcache/wdata_ram_data__63_ not found.
[WARNING STA-1650] ./results/nangate45_3D/ariane133/HBT/6_final.spef line 353457, net i_cache_subsystem/_1043_ not found.
[WARNING STA-1650] ./results/nangate45_3D/ariane133/HBT/6_final.spef line 353458, net i_cache_subsystem/_1043_ not found.
[WARNING STA-1650] ./results/nangate45_3D/ariane133/HBT/6_final.spef line 353459, net i_cache_subsystem/_1075_ not found.
[WARNING STA-1650] ./results/nangate45_3D/ariane133/HBT/6_final.spef line 353460, net i_cache_subsystem/_1075_ not found.
[WARNING STA-1650] ./results/nangate45_3D/ariane133/HBT/6_final.spef line 353461, net i_cache_subsystem/_1140_ not found.
[WARNING STA-1650] ./results/nangate45_3D/ariane133/HBT/6_final.spef line 353462, net i_cache_subsystem/_1140_ not found.
[WARNING STA-1650] ./results/nangate45_3D/ariane133/HBT/6_final.spef line 353463, net i_cache_subsystem/_1147_ not found.
[WARNING STA-1650] ./results/nangate45_3D/ariane133/HBT/6_final.spef line 353464, net i_cache_subsystem/_1147_ not found.
[WARNING STA-1650] ./results/nangate45_3D/ariane133/HBT/6_final.spef line 353467, net i_cache_subsystem/i_nbdcache/_1852_ not found.
[WARNING STA-1650] ./results/nangate45_3D/ariane133/HBT/6_final.spef line 353468, net i_cache_subsystem/i_nbdcache/i_miss_handler/_09747_ not found.
[WARNING STA-1650] ./results/nangate45_3D/ariane133/HBT/6_final.spef line 353469, net i_cache_subsystem/i_nbdcache/i_miss_handler/_09747_ not found.
[WARNING STA-1650] ./results/nangate45_3D/ariane133/HBT/6_final.spef line 353470, net i_cache_subsystem/i_nbdcache/_5140_ not found.
[WARNING STA-1650] ./results/nangate45_3D/ariane133/HBT/6_final.spef line 353471, net i_cache_subsystem/i_nbdcache/i_miss_handler/_11770_ not found.
[WARNING STA-1650] ./results/nangate45_3D/ariane133/HBT/6_final.spef line 353472, net i_cache_subsystem/i_nbdcache/i_miss_handler/_11804_ not found.
[WARNING STA-1650] ./results/nangate45_3D/ariane133/HBT/6_final.spef line 353473, net i_cache_subsystem/i_nbdcache/i_miss_handler/_11950_ not found.
[WARNING STA-1650] ./results/nangate45_3D/ariane133/HBT/6_final.spef line 353474, net i_cache_subsystem/i_nbdcache/i_miss_handler/_11950_ not found.
[WARNING STA-1650] ./results/nangate45_3D/ariane133/HBT/6_final.spef line 353475, net i_cache_subsystem/i_nbdcache/i_miss_handler/_20218_ not found.
[WARNING STA-1650] ./results/nangate45_3D/ariane133/HBT/6_final.spef line 353476, net i_cache_subsystem/i_nbdcache/i_miss_handler/_20224_ not found.
[WARNING STA-1650] ./results/nangate45_3D/ariane133/HBT/6_final.spef line 353477, net i_cache_subsystem/i_nbdcache/i_miss_handler/_20224_ not found.
[WARNING STA-1650] ./results/nangate45_3D/ariane133/HBT/6_final.spef line 353478, net i_cache_subsystem/i_nbdcache/i_miss_handler/_20225_ not found.
[WARNING STA-1650] ./results/nangate45_3D/ariane133/HBT/6_final.spef line 353479, net i_cache_subsystem/i_nbdcache/i_miss_handler/_22721_ not found.
[WARNING STA-1650] ./results/nangate45_3D/ariane133/HBT/6_final.spef line 353480, net i_cache_subsystem/i_nbdcache/i_miss_handler/_22732_ not found.
[WARNING STA-1650] ./results/nangate45_3D/ariane133/HBT/6_final.spef line 353482, net i_cache_subsystem/_0341_ not found.
[WARNING STA-1650] ./results/nangate45_3D/ariane133/HBT/6_final.spef line 353483, net i_cache_subsystem/axi_req_data\[162\] not found.
[WARNING STA-1650] ./results/nangate45_3D/ariane133/HBT/6_final.spef line 353484, net i_cache_subsystem/i_nbdcache/_1852_ not found.
[WARNING STA-1650] ./results/nangate45_3D/ariane133/HBT/6_final.spef line 353485, net i_cache_subsystem/i_nbdcache/_1852_ not found.
[WARNING STA-1650] ./results/nangate45_3D/ariane133/HBT/6_final.spef line 353486, net i_cache_subsystem/i_nbdcache/i_miss_handler/_05031_ not found.
[WARNING STA-1650] ./results/nangate45_3D/ariane133/HBT/6_final.spef line 353487, net i_cache_subsystem/i_nbdcache/i_miss_handler/_06801_ not found.
[WARNING STA-1650] ./results/nangate45_3D/ariane133/HBT/6_final.spef line 353488, net i_cache_subsystem/i_nbdcache/i_miss_handler/_06801_ not found.
[WARNING STA-1650] ./results/nangate45_3D/ariane133/HBT/6_final.spef line 353489, net i_cache_subsystem/i_nbdcache/i_miss_handler/_06801_ not found.
[WARNING STA-1650] ./results/nangate45_3D/ariane133/HBT/6_final.spef line 353490, net i_cache_subsystem/i_nbdcache/i_miss_handler/_09747_ not found.
[WARNING STA-1650] ./results/nangate45_3D/ariane133/HBT/6_final.spef line 353491, net i_cache_subsystem/i_nbdcache/i_miss_handler/_09747_ not found.
[WARNING STA-1650] ./results/nangate45_3D/ariane133/HBT/6_final.spef line 353498, net i_cache_subsystem/i_nbdcache/i_miss_handler/_00072_ not found.
[WARNING STA-1650] ./results/nangate45_3D/ariane133/HBT/6_final.spef line 353499, net i_cache_subsystem/i_nbdcache/i_miss_handler/_06801_ not found.
[WARNING STA-1650] ./results/nangate45_3D/ariane133/HBT/6_final.spef line 353501, net i_cache_subsystem/i_nbdcache/i_miss_handler/_11946_ not found.
[WARNING STA-1650] ./results/nangate45_3D/ariane133/HBT/6_final.spef line 353503, net i_cache_subsystem/axi_req_bypass\[153\] not found.
[WARNING STA-1650] ./results/nangate45_3D/ariane133/HBT/6_final.spef line 353504, net i_cache_subsystem/i_nbdcache/i_miss_handler/_00050_ not found.
[WARNING STA-1650] ./results/nangate45_3D/ariane133/HBT/6_final.spef line 353505, net i_cache_subsystem/i_nbdcache/i_miss_handler/_00060_ not found.
[WARNING STA-1650] ./results/nangate45_3D/ariane133/HBT/6_final.spef line 353506, net i_cache_subsystem/i_nbdcache/i_miss_handler/_00085_ not found.
[WARNING STA-1650] ./results/nangate45_3D/ariane133/HBT/6_final.spef line 353507, net i_cache_subsystem/i_nbdcache/i_miss_handler/_00098_ not found.
[WARNING STA-1650] ./results/nangate45_3D/ariane133/HBT/6_final.spef line 353508, net i_cache_subsystem/i_nbdcache/i_miss_handler/_00098_ not found.
[WARNING STA-1650] ./results/nangate45_3D/ariane133/HBT/6_final.spef line 353509, net i_cache_subsystem/i_nbdcache/i_miss_handler/_06611_ not found.
[WARNING STA-1650] ./results/nangate45_3D/ariane133/HBT/6_final.spef line 353511, net i_cache_subsystem/i_nbdcache/i_miss_handler/_12215_ not found.
[WARNING STA-1650] ./results/nangate45_3D/ariane133/HBT/6_final.spef line 353512, net i_cache_subsystem/i_nbdcache/i_miss_handler/_12336_ not found.
[WARNING STA-1650] ./results/nangate45_3D/ariane133/HBT/6_final.spef line 353513, net i_cache_subsystem/i_nbdcache/i_miss_handler/_12358_ not found.
[WARNING STA-1650] ./results/nangate45_3D/ariane133/HBT/6_final.spef line 353514, net i_cache_subsystem/i_nbdcache/i_miss_handler/_12426_ not found.
[WARNING STA-1650] ./results/nangate45_3D/ariane133/HBT/6_final.spef line 353515, net i_cache_subsystem/i_nbdcache/i_miss_handler/_12530_ not found.
[WARNING STA-1650] ./results/nangate45_3D/ariane133/HBT/6_final.spef line 353516, net i_cache_subsystem/i_nbdcache/i_miss_handler/_12608_ not found.
[WARNING STA-1650] ./results/nangate45_3D/ariane133/HBT/6_final.spef line 353517, net i_cache_subsystem/i_nbdcache/i_miss_handler/_12609_ not found.
[WARNING STA-1650] ./results/nangate45_3D/ariane133/HBT/6_final.spef line 353518, net i_cache_subsystem/i_nbdcache/i_miss_handler/_12658_ not found.
[WARNING STA-1650] ./results/nangate45_3D/ariane133/HBT/6_final.spef line 353519, net i_cache_subsystem/i_nbdcache/i_miss_handler/_12668_ not found.
[WARNING STA-1650] ./results/nangate45_3D/ariane133/HBT/6_final.spef line 353520, net i_cache_subsystem/i_nbdcache/i_miss_handler/_12670_ not found.
[WARNING STA-1650] ./results/nangate45_3D/ariane133/HBT/6_final.spef line 353521, net i_cache_subsystem/i_nbdcache/i_miss_handler/_12670_ not found.
[WARNING STA-1650] ./results/nangate45_3D/ariane133/HBT/6_final.spef line 353522, net i_cache_subsystem/i_nbdcache/i_miss_handler/_12670_ not found.
[WARNING STA-1650] ./results/nangate45_3D/ariane133/HBT/6_final.spef line 353523, net i_cache_subsystem/i_nbdcache/i_miss_handler/_14534_ not found.
[WARNING STA-1650] ./results/nangate45_3D/ariane133/HBT/6_final.spef line 353524, net i_cache_subsystem/i_nbdcache/i_miss_handler/_14534_ not found.
[WARNING STA-1650] ./results/nangate45_3D/ariane133/HBT/6_final.spef line 353526, net i_cache_subsystem/i_nbdcache/i_miss_handler/_00060_ not found.
[WARNING STA-1650] ./results/nangate45_3D/ariane133/HBT/6_final.spef line 353527, net i_cache_subsystem/i_nbdcache/i_miss_handler/_00060_ not found.
[WARNING STA-1650] ./results/nangate45_3D/ariane133/HBT/6_final.spef line 353528, net i_cache_subsystem/i_nbdcache/i_miss_handler/_00068_ not found.
[WARNING STA-1650] ./results/nangate45_3D/ariane133/HBT/6_final.spef line 353529, net i_cache_subsystem/i_nbdcache/i_miss_handler/_00068_ not found.
[WARNING STA-1650] ./results/nangate45_3D/ariane133/HBT/6_final.spef line 353530, net i_cache_subsystem/i_nbdcache/i_miss_handler/_00090_ not found.
[WARNING STA-1650] ./results/nangate45_3D/ariane133/HBT/6_final.spef line 353531, net i_cache_subsystem/i_nbdcache/i_miss_handler/_06624_ not found.
[WARNING STA-1650] ./results/nangate45_3D/ariane133/HBT/6_final.spef line 353532, net i_cache_subsystem/i_nbdcache/i_miss_handler/_07009_ not found.
[WARNING STA-1650] ./results/nangate45_3D/ariane133/HBT/6_final.spef line 353533, net i_cache_subsystem/i_nbdcache/i_miss_handler/_07079_ not found.
[WARNING STA-1650] ./results/nangate45_3D/ariane133/HBT/6_final.spef line 353534, net i_cache_subsystem/i_nbdcache/i_miss_handler/_07107_ not found.
[WARNING STA-1650] ./results/nangate45_3D/ariane133/HBT/6_final.spef line 353535, net i_cache_subsystem/i_nbdcache/i_miss_handler/_07156_ not found.
[WARNING STA-1650] ./results/nangate45_3D/ariane133/HBT/6_final.spef line 353536, net i_cache_subsystem/i_nbdcache/i_miss_handler/_07176_ not found.
[WARNING STA-1650] ./results/nangate45_3D/ariane133/HBT/6_final.spef line 353537, net i_cache_subsystem/i_nbdcache/i_miss_handler/_07176_ not found.
[WARNING STA-1650] ./results/nangate45_3D/ariane133/HBT/6_final.spef line 353538, net i_cache_subsystem/i_nbdcache/i_miss_handler/_07197_ not found.
[WARNING STA-1650] ./results/nangate45_3D/ariane133/HBT/6_final.spef line 353539, net i_cache_subsystem/i_nbdcache/i_miss_handler/_07198_ not found.
[WARNING STA-1650] ./results/nangate45_3D/ariane133/HBT/6_final.spef line 353540, net i_cache_subsystem/i_nbdcache/i_miss_handler/_07335_ not found.
[WARNING STA-1650] ./results/nangate45_3D/ariane133/HBT/6_final.spef line 353541, net i_cache_subsystem/i_nbdcache/i_miss_handler/_07341_ not found.
[WARNING STA-1650] ./results/nangate45_3D/ariane133/HBT/6_final.spef line 353542, net i_cache_subsystem/i_nbdcache/i_miss_handler/_07341_ not found.
[WARNING STA-1650] ./results/nangate45_3D/ariane133/HBT/6_final.spef line 353543, net i_cache_subsystem/i_nbdcache/i_miss_handler/_07346_ not found.
[WARNING STA-1650] ./results/nangate45_3D/ariane133/HBT/6_final.spef line 353544, net i_cache_subsystem/i_nbdcache/i_miss_handler/_07346_ not found.
[WARNING STA-1650] ./results/nangate45_3D/ariane133/HBT/6_final.spef line 353545, net i_cache_subsystem/i_nbdcache/i_miss_handler/_08417_ not found.
[WARNING STA-1650] ./results/nangate45_3D/ariane133/HBT/6_final.spef line 353546, net i_cache_subsystem/i_nbdcache/i_miss_handler/_09314_ not found.
[WARNING STA-1650] ./results/nangate45_3D/ariane133/HBT/6_final.spef line 353547, net i_cache_subsystem/i_nbdcache/i_miss_handler/_09360_ not found.
[WARNING STA-1650] ./results/nangate45_3D/ariane133/HBT/6_final.spef line 353550, net i_cache_subsystem/i_nbdcache/i_miss_handler/_14855_ not found.
[WARNING STA-1650] ./results/nangate45_3D/ariane133/HBT/6_final.spef line 353552, net i_cache_subsystem/i_nbdcache/i_miss_handler/_08410_ not found.
[WARNING STA-1650] ./results/nangate45_3D/ariane133/HBT/6_final.spef line 353553, net i_cache_subsystem/i_nbdcache/i_miss_handler/_08410_ not found.
[WARNING STA-1650] ./results/nangate45_3D/ariane133/HBT/6_final.spef line 353554, net i_cache_subsystem/i_nbdcache/i_miss_handler/_08417_ not found.
[WARNING STA-1650] ./results/nangate45_3D/ariane133/HBT/6_final.spef line 353555, net i_cache_subsystem/i_nbdcache/i_miss_handler/_08417_ not found.
[WARNING STA-1650] ./results/nangate45_3D/ariane133/HBT/6_final.spef line 353556, net i_cache_subsystem/i_nbdcache/i_miss_handler/_08417_ not found.
[WARNING STA-1650] ./results/nangate45_3D/ariane133/HBT/6_final.spef line 353557, net i_cache_subsystem/i_nbdcache/i_miss_handler/_08419_ not found.
[WARNING STA-1650] ./results/nangate45_3D/ariane133/HBT/6_final.spef line 353558, net i_cache_subsystem/i_nbdcache/i_miss_handler/_08425_ not found.
[WARNING STA-1650] ./results/nangate45_3D/ariane133/HBT/6_final.spef line 353559, net i_cache_subsystem/i_nbdcache/i_miss_handler/_08503_ not found.
[WARNING STA-1650] ./results/nangate45_3D/ariane133/HBT/6_final.spef line 353560, net i_cache_subsystem/i_nbdcache/i_miss_handler/_09020_ not found.
[WARNING STA-1650] ./results/nangate45_3D/ariane133/HBT/6_final.spef line 353561, net i_cache_subsystem/i_nbdcache/i_miss_handler/_11183_ not found.
[WARNING STA-1650] ./results/nangate45_3D/ariane133/HBT/6_final.spef line 353562, net i_cache_subsystem/i_nbdcache/i_miss_handler/_15099_ not found.
[WARNING STA-1650] ./results/nangate45_3D/ariane133/HBT/6_final.spef line 353564, net i_cache_subsystem/i_nbdcache/i_miss_handler/_08410_ not found.
[WARNING STA-1650] ./results/nangate45_3D/ariane133/HBT/6_final.spef line 353565, net i_cache_subsystem/i_nbdcache/i_miss_handler/_09284_ not found.
[WARNING STA-1650] ./results/nangate45_3D/ariane133/HBT/6_final.spef line 353566, net i_cache_subsystem/i_nbdcache/i_miss_handler/_14184_ not found.
[WARNING STA-1650] ./results/nangate45_3D/ariane133/HBT/6_final.spef line 353567, net i_cache_subsystem/i_nbdcache/i_miss_handler/_14306_ not found.
[WARNING STA-1650] ./results/nangate45_3D/ariane133/HBT/6_final.spef line 353568, net i_cache_subsystem/i_nbdcache/i_miss_handler/_14338_ not found.
[WARNING STA-1650] ./results/nangate45_3D/ariane133/HBT/6_final.spef line 353569, net i_cache_subsystem/i_nbdcache/i_miss_handler/_14339_ not found.
[WARNING STA-1650] ./results/nangate45_3D/ariane133/HBT/6_final.spef line 353570, net i_cache_subsystem/i_nbdcache/i_miss_handler/_15094_ not found.
[WARNING STA-1650] ./results/nangate45_3D/ariane133/HBT/6_final.spef line 353571, net i_cache_subsystem/i_nbdcache/i_miss_handler/_15096_ not found.
[WARNING STA-1650] ./results/nangate45_3D/ariane133/HBT/6_final.spef line 353574, net i_cache_subsystem/i_nbdcache/i_miss_handler/_08351_ not found.
[WARNING STA-1650] ./results/nangate45_3D/ariane133/HBT/6_final.spef line 353575, net i_cache_subsystem/i_nbdcache/i_miss_handler/_08410_ not found.
[WARNING STA-1650] ./results/nangate45_3D/ariane133/HBT/6_final.spef line 353576, net i_cache_subsystem/i_nbdcache/i_miss_handler/_08417_ not found.
[WARNING STA-1650] ./results/nangate45_3D/ariane133/HBT/6_final.spef line 353577, net i_cache_subsystem/i_nbdcache/i_miss_handler/_08417_ not found.
[WARNING STA-1650] ./results/nangate45_3D/ariane133/HBT/6_final.spef line 353578, net i_cache_subsystem/i_nbdcache/i_miss_handler/_08419_ not found.
[WARNING STA-1650] ./results/nangate45_3D/ariane133/HBT/6_final.spef line 353579, net i_cache_subsystem/i_nbdcache/i_miss_handler/_08425_ not found.
[WARNING STA-1650] ./results/nangate45_3D/ariane133/HBT/6_final.spef line 353580, net i_cache_subsystem/i_nbdcache/i_miss_handler/_08455_ not found.
[WARNING STA-1650] ./results/nangate45_3D/ariane133/HBT/6_final.spef line 353581, net i_cache_subsystem/i_nbdcache/i_miss_handler/_08462_ not found.
[WARNING STA-1650] ./results/nangate45_3D/ariane133/HBT/6_final.spef line 353582, net i_cache_subsystem/i_nbdcache/i_miss_handler/_08503_ not found.
[WARNING STA-1650] ./results/nangate45_3D/ariane133/HBT/6_final.spef line 353583, net i_cache_subsystem/i_nbdcache/i_miss_handler/_08508_ not found.
[WARNING STA-1650] ./results/nangate45_3D/ariane133/HBT/6_final.spef line 353584, net i_cache_subsystem/i_nbdcache/i_miss_handler/_08508_ not found.
[WARNING STA-1650] ./results/nangate45_3D/ariane133/HBT/6_final.spef line 353585, net i_cache_subsystem/i_nbdcache/i_miss_handler/_08676_ not found.
[WARNING STA-1650] ./results/nangate45_3D/ariane133/HBT/6_final.spef line 353586, net i_cache_subsystem/i_nbdcache/i_miss_handler/_11179_ not found.
[WARNING STA-1650] ./results/nangate45_3D/ariane133/HBT/6_final.spef line 353588, net i_cache_subsystem/i_nbdcache/i_miss_handler/_14419_ not found.
[WARNING STA-1650] ./results/nangate45_3D/ariane133/HBT/6_final.spef line 353589, net i_cache_subsystem/i_nbdcache/i_miss_handler/_14421_ not found.
[WARNING STA-1650] ./results/nangate45_3D/ariane133/HBT/6_final.spef line 353590, net i_cache_subsystem/i_nbdcache/i_miss_handler/_14421_ not found.
[WARNING STA-1650] ./results/nangate45_3D/ariane133/HBT/6_final.spef line 353591, net i_cache_subsystem/i_nbdcache/i_miss_handler/_14421_ not found.
[WARNING STA-1650] ./results/nangate45_3D/ariane133/HBT/6_final.spef line 353592, net i_cache_subsystem/i_nbdcache/i_miss_handler/_14422_ not found.
[WARNING STA-1650] ./results/nangate45_3D/ariane133/HBT/6_final.spef line 353593, net i_cache_subsystem/i_nbdcache/i_miss_handler/_14422_ not found.
[WARNING STA-1650] ./results/nangate45_3D/ariane133/HBT/6_final.spef line 353594, net i_cache_subsystem/i_nbdcache/i_miss_handler/_16033_ not found.
[WARNING STA-1650] ./results/nangate45_3D/ariane133/HBT/6_final.spef line 353595, net i_cache_subsystem/i_nbdcache/i_miss_handler/_16034_ not found.
[WARNING STA-1650] ./results/nangate45_3D/ariane133/HBT/6_final.spef line 353596, net i_cache_subsystem/i_nbdcache/i_miss_handler/_16089_ not found.
[WARNING STA-1650] ./results/nangate45_3D/ariane133/HBT/6_final.spef line 353597, net i_cache_subsystem/i_nbdcache/i_miss_handler/_21917_ not found.
[WARNING STA-1650] ./results/nangate45_3D/ariane133/HBT/6_final.spef line 353598, net issue_stage_i/i_scoreboard/_32395_ not found.
[WARNING STA-1650] ./results/nangate45_3D/ariane133/HBT/6_final.spef line 353599, net issue_stage_i/i_scoreboard/_32549_ not found.
[WARNING STA-1650] ./results/nangate45_3D/ariane133/HBT/6_final.spef line 353600, net issue_stage_i/i_scoreboard/_32558_ not found.
[WARNING STA-1650] ./results/nangate45_3D/ariane133/HBT/6_final.spef line 353601, net issue_stage_i/i_scoreboard/_32561_ not found.
[WARNING STA-1650] ./results/nangate45_3D/ariane133/HBT/6_final.spef line 353602, net issue_stage_i/i_scoreboard/_32565_ not found.
[WARNING STA-1650] ./results/nangate45_3D/ariane133/HBT/6_final.spef line 353603, net issue_stage_i/i_scoreboard/_32584_ not found.
[WARNING STA-1650] ./results/nangate45_3D/ariane133/HBT/6_final.spef line 353604, net issue_stage_i/i_scoreboard/_32584_ not found.
[WARNING STA-1650] ./results/nangate45_3D/ariane133/HBT/6_final.spef line 353605, net issue_stage_i/i_scoreboard/_37059_ not found.
[WARNING STA-1650] ./results/nangate45_3D/ariane133/HBT/6_final.spef line 353606, net issue_stage_i/i_scoreboard/_41808_ not found.
[WARNING STA-1650] ./results/nangate45_3D/ariane133/HBT/6_final.spef line 353607, net issue_stage_i/i_scoreboard/_41815_ not found.
[WARNING STA-1650] ./results/nangate45_3D/ariane133/HBT/6_final.spef line 353608, net issue_stage_i/i_scoreboard/_41816_ not found.
[WARNING STA-1650] ./results/nangate45_3D/ariane133/HBT/6_final.spef line 353609, net issue_stage_i/i_scoreboard/_41816_ not found.
[WARNING STA-1650] ./results/nangate45_3D/ariane133/HBT/6_final.spef line 353610, net issue_stage_i/i_scoreboard/_41817_ not found.
[WARNING STA-1650] ./results/nangate45_3D/ariane133/HBT/6_final.spef line 353611, net issue_stage_i/i_scoreboard/_41817_ not found.
[WARNING STA-1650] ./results/nangate45_3D/ariane133/HBT/6_final.spef line 353612, net issue_stage_i/i_scoreboard/_43779_ not found.
[WARNING STA-1650] ./results/nangate45_3D/ariane133/HBT/6_final.spef line 353613, net issue_stage_i/i_scoreboard/_43792_ not found.
[WARNING STA-1650] ./results/nangate45_3D/ariane133/HBT/6_final.spef line 353614, net issue_stage_i/i_scoreboard/_44011_ not found.
[WARNING STA-1650] ./results/nangate45_3D/ariane133/HBT/6_final.spef line 353615, net issue_stage_i/i_scoreboard/_44013_ not found.
[WARNING STA-1650] ./results/nangate45_3D/ariane133/HBT/6_final.spef line 353616, net issue_stage_i/i_scoreboard/_44014_ not found.
[WARNING STA-1650] ./results/nangate45_3D/ariane133/HBT/6_final.spef line 353617, net issue_stage_i/i_scoreboard/_45551_ not found.
[WARNING STA-1650] ./results/nangate45_3D/ariane133/HBT/6_final.spef line 353618, net issue_stage_i/i_scoreboard/_45662_ not found.
[WARNING STA-1650] ./results/nangate45_3D/ariane133/HBT/6_final.spef line 353619, net issue_stage_i/i_scoreboard/_45663_ not found.
[WARNING STA-1650] ./results/nangate45_3D/ariane133/HBT/6_final.spef line 353620, net issue_stage_i/i_scoreboard/_48536_ not found.
[WARNING STA-1650] ./results/nangate45_3D/ariane133/HBT/6_final.spef line 353621, net issue_stage_i/i_scoreboard/_48537_ not found.
[WARNING STA-1650] ./results/nangate45_3D/ariane133/HBT/6_final.spef line 353622, net issue_stage_i/i_scoreboard/_48542_ not found.
[WARNING STA-1650] ./results/nangate45_3D/ariane133/HBT/6_final.spef line 353623, net issue_stage_i/i_scoreboard/_50103_ not found.
[WARNING STA-1650] ./results/nangate45_3D/ariane133/HBT/6_final.spef line 353624, net issue_stage_i/i_scoreboard/_51283_ not found.
[WARNING STA-1650] ./results/nangate45_3D/ariane133/HBT/6_final.spef line 353625, net issue_stage_i/i_scoreboard/_51319_ not found.
[WARNING STA-1650] ./results/nangate45_3D/ariane133/HBT/6_final.spef line 353626, net issue_stage_i/i_scoreboard/_51886_ not found.
[WARNING STA-1650] ./results/nangate45_3D/ariane133/HBT/6_final.spef line 353627, net issue_stage_i/i_scoreboard/_52965_ not found.
[WARNING STA-1650] ./results/nangate45_3D/ariane133/HBT/6_final.spef line 353628, net issue_stage_i/i_scoreboard/_52965_ not found.
[WARNING STA-1650] ./results/nangate45_3D/ariane133/HBT/6_final.spef line 353629, net issue_stage_i/i_scoreboard/_53056_ not found.
[WARNING STA-1650] ./results/nangate45_3D/ariane133/HBT/6_final.spef line 353630, net issue_stage_i/i_scoreboard/_53056_ not found.
[WARNING STA-1650] ./results/nangate45_3D/ariane133/HBT/6_final.spef line 353631, net issue_stage_i/i_scoreboard/_53556_ not found.
[WARNING STA-1650] ./results/nangate45_3D/ariane133/HBT/6_final.spef line 353632, net issue_stage_i/i_scoreboard/_53591_ not found.
[WARNING STA-1650] ./results/nangate45_3D/ariane133/HBT/6_final.spef line 353633, net issue_stage_i/i_scoreboard/_53596_ not found.
[WARNING STA-1650] ./results/nangate45_3D/ariane133/HBT/6_final.spef line 353634, net issue_stage_i/i_scoreboard/_53596_ not found.
[WARNING STA-1650] ./results/nangate45_3D/ariane133/HBT/6_final.spef line 353635, net issue_stage_i/i_scoreboard/_53596_ not found.
[WARNING STA-1650] ./results/nangate45_3D/ariane133/HBT/6_final.spef line 353636, net issue_stage_i/i_scoreboard/_58273_ not found.
[WARNING STA-1650] ./results/nangate45_3D/ariane133/HBT/6_final.spef line 353637, net issue_stage_i/i_scoreboard/_61548_ not found.
[WARNING STA-1650] ./results/nangate45_3D/ariane133/HBT/6_final.spef line 353638, net issue_stage_i/i_scoreboard/_62275_ not found.
[WARNING STA-1650] ./results/nangate45_3D/ariane133/HBT/6_final.spef line 353639, net issue_stage_i/i_scoreboard/_63280_ not found.
[WARNING STA-1650] ./results/nangate45_3D/ariane133/HBT/6_final.spef line 353640, net issue_stage_i/i_scoreboard/_63726_ not found.
[WARNING STA-1650] ./results/nangate45_3D/ariane133/HBT/6_final.spef line 353679, net ex_stage_i/lsu_i/i_load_unit.ex_i\[86\] not found.
[WARNING STA-1650] ./results/nangate45_3D/ariane133/HBT/6_final.spef line 353680, net ex_stage_i/lsu_i/i_load_unit.ex_i\[86\] not found.
[WARNING STA-1650] ./results/nangate45_3D/ariane133/HBT/6_final.spef line 353684, net i_cache_subsystem/i_nbdcache/i_miss_handler/_08351_ not found.
[WARNING STA-1650] ./results/nangate45_3D/ariane133/HBT/6_final.spef line 353685, net i_cache_subsystem/i_nbdcache/i_miss_handler/_08455_ not found.
[WARNING STA-1650] ./results/nangate45_3D/ariane133/HBT/6_final.spef line 353686, net i_cache_subsystem/i_nbdcache/i_miss_handler/_10299_ not found.
[WARNING STA-1650] ./results/nangate45_3D/ariane133/HBT/6_final.spef line 353687, net i_cache_subsystem/i_nbdcache/i_miss_handler/_10303_ not found.
[WARNING STA-1650] ./results/nangate45_3D/ariane133/HBT/6_final.spef line 353688, net i_cache_subsystem/i_nbdcache/i_miss_handler/_10587_ not found.
[WARNING STA-1650] ./results/nangate45_3D/ariane133/HBT/6_final.spef line 353689, net i_cache_subsystem/i_nbdcache/i_miss_handler/_10587_ not found.
[WARNING STA-1650] ./results/nangate45_3D/ariane133/HBT/6_final.spef line 353690, net issue_stage_i/i_scoreboard/_11534_ not found.
[WARNING STA-1650] ./results/nangate45_3D/ariane133/HBT/6_final.spef line 353691, net issue_stage_i/i_scoreboard/_11535_ not found.
[WARNING STA-1650] ./results/nangate45_3D/ariane133/HBT/6_final.spef line 353692, net issue_stage_i/i_scoreboard/_11535_ not found.
[WARNING STA-1650] ./results/nangate45_3D/ariane133/HBT/6_final.spef line 353693, net issue_stage_i/i_scoreboard/_11535_ not found.
[WARNING STA-1650] ./results/nangate45_3D/ariane133/HBT/6_final.spef line 353694, net issue_stage_i/i_scoreboard/_11744_ not found.
[WARNING STA-1650] ./results/nangate45_3D/ariane133/HBT/6_final.spef line 353695, net issue_stage_i/i_scoreboard/_14578_ not found.
[WARNING STA-1650] ./results/nangate45_3D/ariane133/HBT/6_final.spef line 353696, net issue_stage_i/i_scoreboard/_17189_ not found.
[WARNING STA-1650] ./results/nangate45_3D/ariane133/HBT/6_final.spef line 353697, net issue_stage_i/i_scoreboard/_23652_ not found.
[WARNING STA-1650] ./results/nangate45_3D/ariane133/HBT/6_final.spef line 353698, net issue_stage_i/i_scoreboard/mem_q\[1315\] not found.
[WARNING STA-1650] ./results/nangate45_3D/ariane133/HBT/6_final.spef line 353699, net issue_stage_i/i_scoreboard/mem_q\[2696\] not found.
[WARNING STA-1650] ./results/nangate45_3D/ariane133/HBT/6_final.spef line 353700, net issue_stage_i/i_scoreboard/mem_q\[588\] not found.
[WARNING STA-1650] ./results/nangate45_3D/ariane133/HBT/6_final.spef line 353701, net issue_stage_i/i_scoreboard/mem_q\[952\] not found.
[WARNING STA-1650] ./results/nangate45_3D/ariane133/HBT/6_final.spef line 353702, net issue_stage_i/i_scoreboard/mem_q\[952\] not found.
[WARNING STA-1650] ./results/nangate45_3D/ariane133/HBT/6_final.spef line 353726, net issue_stage_i/i_scoreboard/_32395_ not found.
[WARNING STA-1650] ./results/nangate45_3D/ariane133/HBT/6_final.spef line 353727, net issue_stage_i/i_scoreboard/_32395_ not found.
[WARNING STA-1650] ./results/nangate45_3D/ariane133/HBT/6_final.spef line 353728, net issue_stage_i/i_scoreboard/_41945_ not found.
[WARNING STA-1650] ./results/nangate45_3D/ariane133/HBT/6_final.spef line 353729, net issue_stage_i/i_scoreboard/_46945_ not found.
[WARNING STA-1650] ./results/nangate45_3D/ariane133/HBT/6_final.spef line 353730, net issue_stage_i/i_scoreboard/_61195_ not found.
[WARNING STA-1650] ./results/nangate45_3D/ariane133/HBT/6_final.spef line 353735, net issue_stage_i/i_scoreboard/_24766_ not found.
[WARNING STA-1650] ./results/nangate45_3D/ariane133/HBT/6_final.spef line 353736, net issue_stage_i/i_scoreboard/_25225_ not found.
[WARNING STA-1650] ./results/nangate45_3D/ariane133/HBT/6_final.spef line 353737, net issue_stage_i/i_scoreboard/mem_q\[235\] not found.
[WARNING STA-1650] ./results/nangate45_3D/ariane133/HBT/6_final.spef line 353741, net issue_stage_i/i_scoreboard/_38294_ not found.
[WARNING STA-1650] ./results/nangate45_3D/ariane133/HBT/6_final.spef line 353742, net issue_stage_i/i_scoreboard/_45296_ not found.
[WARNING STA-1650] ./results/nangate45_3D/ariane133/HBT/6_final.spef line 353743, net issue_stage_i/i_scoreboard/_46943_ not found.
[WARNING STA-1650] ./results/nangate45_3D/ariane133/HBT/6_final.spef line 353744, net issue_stage_i/i_scoreboard/_46946_ not found.
[WARNING STA-1650] ./results/nangate45_3D/ariane133/HBT/6_final.spef line 353745, net issue_stage_i/i_scoreboard/_57321_ not found.
[WARNING STA-1650] ./results/nangate45_3D/ariane133/HBT/6_final.spef line 353746, net issue_stage_i/i_scoreboard/_59223_ not found.
[WARNING STA-1650] ./results/nangate45_3D/ariane133/HBT/6_final.spef line 353747, net issue_stage_i/i_scoreboard/_60502_ not found.
[WARNING STA-1650] ./results/nangate45_3D/ariane133/HBT/6_final.spef line 353786, net issue_stage_i/i_scoreboard/_13345_ not found.
[WARNING STA-1650] ./results/nangate45_3D/ariane133/HBT/6_final.spef line 353787, net issue_stage_i/i_scoreboard/_14487_ not found.
[WARNING STA-1650] ./results/nangate45_3D/ariane133/HBT/6_final.spef line 353788, net issue_stage_i/i_scoreboard/_23191_ not found.
[WARNING STA-1650] ./results/nangate45_3D/ariane133/HBT/6_final.spef line 353789, net issue_stage_i/i_scoreboard/_23571_ not found.
[WARNING STA-1650] ./results/nangate45_3D/ariane133/HBT/6_final.spef line 353790, net issue_stage_i/i_scoreboard/_23676_ not found.
[WARNING STA-1650] ./results/nangate45_3D/ariane133/HBT/6_final.spef line 353791, net issue_stage_i/i_scoreboard/_24761_ not found.
[WARNING STA-1650] ./results/nangate45_3D/ariane133/HBT/6_final.spef line 353792, net issue_stage_i/i_scoreboard/_24761_ not found.
[WARNING STA-1650] ./results/nangate45_3D/ariane133/HBT/6_final.spef line 353793, net issue_stage_i/i_scoreboard/_24805_ not found.
[WARNING STA-1650] ./results/nangate45_3D/ariane133/HBT/6_final.spef line 353794, net issue_stage_i/i_scoreboard/_25062_ not found.
[WARNING STA-1650] ./results/nangate45_3D/ariane133/HBT/6_final.spef line 353795, net issue_stage_i/i_scoreboard/_25083_ not found.
[WARNING STA-1650] ./results/nangate45_3D/ariane133/HBT/6_final.spef line 353855, net ex_stage_i/i_mult/i_multiplier/_34135_ not found.
[WARNING STA-1650] ./results/nangate45_3D/ariane133/HBT/6_final.spef line 353861, net i_cache_subsystem/axi_req_bypass\[127\] not found.
[WARNING STA-1650] ./results/nangate45_3D/ariane133/HBT/6_final.spef line 353862, net i_cache_subsystem/i_nbdcache/i_miss_handler/evict_cl_q_data__86_ not found.
[WARNING STA-1650] ./results/nangate45_3D/ariane133/HBT/6_final.spef line 353864, net i_cache_subsystem/i_nbdcache/i_miss_handler/_08691_ not found.
[WARNING STA-1650] ./results/nangate45_3D/ariane133/HBT/6_final.spef line 353865, net i_cache_subsystem/i_nbdcache/i_miss_handler/evict_cl_q_data__4_ not found.
[WARNING STA-1650] ./results/nangate45_3D/ariane133/HBT/6_final.spef line 353866, net i_cache_subsystem/i_nbdcache/i_miss_handler/evict_cl_q_data__66_ not found.
[WARNING STA-1650] ./results/nangate45_3D/ariane133/HBT/6_final.spef line 353867, net i_cache_subsystem/i_nbdcache/i_miss_handler/evict_cl_q_data__9_ not found.
[WARNING STA-1650] ./results/nangate45_3D/ariane133/HBT/6_final.spef line 353870, net i_cache_subsystem/i_nbdcache/i_miss_handler/evict_cl_q_data__33_ not found.
[WARNING STA-1650] ./results/nangate45_3D/ariane133/HBT/6_final.spef line 353871, net i_cache_subsystem/i_nbdcache/i_miss_handler/evict_cl_q_data__4_ not found.
[WARNING STA-1650] ./results/nangate45_3D/ariane133/HBT/6_final.spef line 353872, net i_cache_subsystem/i_nbdcache/i_miss_handler/evict_cl_q_data__9_ not found.
[WARNING STA-1650] ./results/nangate45_3D/ariane133/HBT/6_final.spef line 353878, net issue_stage_i/i_issue_read_operands/i_ariane_regfile/_14084_ not found.
[WARNING STA-1650] ./results/nangate45_3D/ariane133/HBT/6_final.spef line 353882, net issue_stage_i/i_issue_read_operands/i_ariane_regfile/_08972_ not found.
[WARNING STA-1650] ./results/nangate45_3D/ariane133/HBT/6_final.spef line 353883, net issue_stage_i/i_scoreboard/_10477_ not found.
[WARNING STA-1650] ./results/nangate45_3D/ariane133/HBT/6_final.spef line 353916, net i_cache_subsystem/_1099_ not found.
[WARNING STA-1650] ./results/nangate45_3D/ariane133/HBT/6_final.spef line 353917, net i_cache_subsystem/i_nbdcache/_1852_ not found.
[WARNING STA-1650] ./results/nangate45_3D/ariane133/HBT/6_final.spef line 353918, net i_cache_subsystem/i_nbdcache/i_miss_handler/_09593_ not found.
[WARNING STA-1650] ./results/nangate45_3D/ariane133/HBT/6_final.spef line 354040, net i_cache_subsystem/axi_req_bypass\[130\] not found.
[WARNING STA-1650] ./results/nangate45_3D/ariane133/HBT/6_final.spef line 354041, net i_cache_subsystem/i_nbdcache/i_miss_handler/_00956_ not found.
[WARNING STA-1650] ./results/nangate45_3D/ariane133/HBT/6_final.spef line 354045, net i_cache_subsystem/i_nbdcache/i_miss_handler/_00061_ not found.
[WARNING STA-1650] ./results/nangate45_3D/ariane133/HBT/6_final.spef line 354046, net i_cache_subsystem/i_nbdcache/i_miss_handler/_00061_ not found.
[WARNING STA-1650] ./results/nangate45_3D/ariane133/HBT/6_final.spef line 354051, net ex_stage_i/i_mult/i_multiplier/_25276_ not found.
[WARNING STA-1650] ./results/nangate45_3D/ariane133/HBT/6_final.spef line 354057, net issue_stage_i/i_scoreboard/_24741_ not found.
[WARNING STA-1650] ./results/nangate45_3D/ariane133/HBT/6_final.spef line 354058, net issue_stage_i/i_scoreboard/_24741_ not found.
[WARNING STA-1650] ./results/nangate45_3D/ariane133/HBT/6_final.spef line 354059, net issue_stage_i/i_scoreboard/_24764_ not found.
[WARNING STA-1650] ./results/nangate45_3D/ariane133/HBT/6_final.spef line 354060, net issue_stage_i/rs2_sb_iro\[63\] not found.
[WARNING STA-1650] ./results/nangate45_3D/ariane133/HBT/6_final.spef line 354087, net i_cache_subsystem/i_nbdcache/i_tag_cmp.rdata_i\[984\] not found.
[WARNING STA-1650] ./results/nangate45_3D/ariane133/HBT/6_final.spef line 354088, net i_cache_subsystem/i_nbdcache/i_tag_cmp.rdata_i\[986\] not found.
[WARNING STA-1650] ./results/nangate45_3D/ariane133/HBT/6_final.spef line 354089, net i_cache_subsystem/i_nbdcache/master_ports_1__i_cache_ctrl.mem_req_q_be__2_ not found.
[WARNING STA-1650] ./results/nangate45_3D/ariane133/HBT/6_final.spef line 354090, net i_cache_subsystem/i_nbdcache/i_miss_handler/_15456_ not found.
[WARNING STA-1650] ./results/nangate45_3D/ariane133/HBT/6_final.spef line 354093, net i_cache_subsystem/axi_req_bypass\[154\] not found.
[WARNING STA-1650] ./results/nangate45_3D/ariane133/HBT/6_final.spef line 354094, net i_cache_subsystem/i_nbdcache/_1848_ not found.
[WARNING STA-1650] ./results/nangate45_3D/ariane133/HBT/6_final.spef line 354095, net i_cache_subsystem/i_nbdcache/i_miss_handler/_00084_ not found.
[WARNING STA-1650] ./results/nangate45_3D/ariane133/HBT/6_final.spef line 354096, net i_cache_subsystem/i_nbdcache/i_miss_handler/_00085_ not found.
[WARNING STA-1650] ./results/nangate45_3D/ariane133/HBT/6_final.spef line 354097, net i_cache_subsystem/i_nbdcache/i_miss_handler/_00088_ not found.
[WARNING STA-1650] ./results/nangate45_3D/ariane133/HBT/6_final.spef line 354098, net i_cache_subsystem/i_nbdcache/i_miss_handler/_01515_ not found.
[WARNING STA-1650] ./results/nangate45_3D/ariane133/HBT/6_final.spef line 354099, net i_cache_subsystem/i_nbdcache/i_miss_handler/_01535_ not found.
[WARNING STA-1650] ./results/nangate45_3D/ariane133/HBT/6_final.spef line 354100, net i_cache_subsystem/i_nbdcache/i_miss_handler/_01537_ not found.
[WARNING STA-1650] ./results/nangate45_3D/ariane133/HBT/6_final.spef line 354101, net i_cache_subsystem/i_nbdcache/i_miss_handler/_09747_ not found.
[WARNING STA-1650] ./results/nangate45_3D/ariane133/HBT/6_final.spef line 354125, net i_cache_subsystem/_1064_ not found.
[WARNING STA-1650] ./results/nangate45_3D/ariane133/HBT/6_final.spef line 354126, net i_cache_subsystem/_1068_ not found.
[WARNING STA-1650] ./results/nangate45_3D/ariane133/HBT/6_final.spef line 354127, net i_cache_subsystem/_1081_ not found.
[WARNING STA-1650] ./results/nangate45_3D/ariane133/HBT/6_final.spef line 354128, net i_cache_subsystem/_1086_ not found.
[WARNING STA-1650] ./results/nangate45_3D/ariane133/HBT/6_final.spef line 354130, net i_cache_subsystem/axi_req_bypass\[132\] not found.
[WARNING STA-1650] ./results/nangate45_3D/ariane133/HBT/6_final.spef line 354131, net i_cache_subsystem/i_nbdcache/i_miss_handler/_01519_ not found.
[WARNING STA-1650] ./results/nangate45_3D/ariane133/HBT/6_final.spef line 354132, net i_cache_subsystem/i_nbdcache/i_miss_handler/_01527_ not found.
[WARNING STA-1650] ./results/nangate45_3D/ariane133/HBT/6_final.spef line 354137, net i_cache_subsystem/i_nbdcache/i_miss_handler/_12212_ not found.
[WARNING STA-1650] ./results/nangate45_3D/ariane133/HBT/6_final.spef line 354138, net i_cache_subsystem/i_nbdcache/i_miss_handler/_12216_ not found.
[WARNING STA-1650] ./results/nangate45_3D/ariane133/HBT/6_final.spef line 354139, net i_cache_subsystem/i_nbdcache/i_miss_handler/_12325_ not found.
[WARNING STA-1650] ./results/nangate45_3D/ariane133/HBT/6_final.spef line 354140, net i_cache_subsystem/i_nbdcache/i_miss_handler/_12334_ not found.
[WARNING STA-1650] ./results/nangate45_3D/ariane133/HBT/6_final.spef line 354141, net i_cache_subsystem/i_nbdcache/i_miss_handler/_12335_ not found.
[WARNING STA-1650] ./results/nangate45_3D/ariane133/HBT/6_final.spef line 354143, net i_cache_subsystem/axi_req_data\[122\] not found.
[WARNING STA-1650] ./results/nangate45_3D/ariane133/HBT/6_final.spef line 354144, net i_cache_subsystem/i_nbdcache/i_miss_handler/_00074_ not found.
[WARNING STA-1650] ./results/nangate45_3D/ariane133/HBT/6_final.spef line 354145, net i_cache_subsystem/i_nbdcache/i_miss_handler/_00098_ not found.
[WARNING STA-1650] ./results/nangate45_3D/ariane133/HBT/6_final.spef line 354146, net i_cache_subsystem/i_nbdcache/i_miss_handler/_00098_ not found.
[WARNING STA-1650] ./results/nangate45_3D/ariane133/HBT/6_final.spef line 354147, net i_cache_subsystem/i_nbdcache/i_miss_handler/_01541_ not found.
[WARNING STA-1650] ./results/nangate45_3D/ariane133/HBT/6_final.spef line 354148, net i_cache_subsystem/i_nbdcache/i_miss_handler/_06611_ not found.
[WARNING STA-1650] ./results/nangate45_3D/ariane133/HBT/6_final.spef line 354149, net i_cache_subsystem/i_nbdcache/i_miss_handler/_06611_ not found.
[WARNING STA-1650] ./results/nangate45_3D/ariane133/HBT/6_final.spef line 354150, net i_cache_subsystem/i_nbdcache/i_miss_handler/_07046_ not found.
[WARNING STA-1650] ./results/nangate45_3D/ariane133/HBT/6_final.spef line 354151, net i_cache_subsystem/i_nbdcache/i_miss_handler/_07088_ not found.
[WARNING STA-1650] ./results/nangate45_3D/ariane133/HBT/6_final.spef line 354152, net i_cache_subsystem/i_nbdcache/i_miss_handler/_07120_ not found.
[WARNING STA-1650] ./results/nangate45_3D/ariane133/HBT/6_final.spef line 354153, net i_cache_subsystem/i_nbdcache/i_miss_handler/_07186_ not found.
[WARNING STA-1650] ./results/nangate45_3D/ariane133/HBT/6_final.spef line 354154, net i_cache_subsystem/i_nbdcache/i_miss_handler/_07400_ not found.
[WARNING STA-1650] ./results/nangate45_3D/ariane133/HBT/6_final.spef line 354155, net i_cache_subsystem/i_nbdcache/i_miss_handler/_08800_ not found.
[WARNING STA-1650] ./results/nangate45_3D/ariane133/HBT/6_final.spef line 354156, net i_cache_subsystem/i_nbdcache/i_miss_handler/_09029_ not found.
[WARNING STA-1650] ./results/nangate45_3D/ariane133/HBT/6_final.spef line 354158, net i_cache_subsystem/i_nbdcache/i_miss_handler/_14184_ not found.
[WARNING STA-1650] ./results/nangate45_3D/ariane133/HBT/6_final.spef line 354159, net i_cache_subsystem/i_nbdcache/i_miss_handler/_21917_ not found.
[WARNING STA-1650] ./results/nangate45_3D/ariane133/HBT/6_final.spef line 354160, net issue_stage_i/i_scoreboard/_31848_ not found.
[WARNING STA-1650] ./results/nangate45_3D/ariane133/HBT/6_final.spef line 354161, net issue_stage_i/i_scoreboard/_31854_ not found.
[WARNING STA-1650] ./results/nangate45_3D/ariane133/HBT/6_final.spef line 354162, net issue_stage_i/i_scoreboard/_32563_ not found.
[WARNING STA-1650] ./results/nangate45_3D/ariane133/HBT/6_final.spef line 354163, net issue_stage_i/i_scoreboard/_36760_ not found.
[WARNING STA-1650] ./results/nangate45_3D/ariane133/HBT/6_final.spef line 354164, net issue_stage_i/i_scoreboard/_36761_ not found.
[WARNING STA-1650] ./results/nangate45_3D/ariane133/HBT/6_final.spef line 354165, net issue_stage_i/i_scoreboard/_37102_ not found.
[WARNING STA-1650] ./results/nangate45_3D/ariane133/HBT/6_final.spef line 354166, net issue_stage_i/i_scoreboard/_43791_ not found.
[WARNING STA-1650] ./results/nangate45_3D/ariane133/HBT/6_final.spef line 354167, net issue_stage_i/i_scoreboard/_43791_ not found.
[WARNING STA-1650] ./results/nangate45_3D/ariane133/HBT/6_final.spef line 354168, net issue_stage_i/i_scoreboard/_45470_ not found.
[WARNING STA-1650] ./results/nangate45_3D/ariane133/HBT/6_final.spef line 354169, net issue_stage_i/i_scoreboard/_45471_ not found.
[WARNING STA-1650] ./results/nangate45_3D/ariane133/HBT/6_final.spef line 354170, net issue_stage_i/i_scoreboard/_45472_ not found.
[WARNING STA-1650] ./results/nangate45_3D/ariane133/HBT/6_final.spef line 354171, net issue_stage_i/i_scoreboard/_45473_ not found.
[WARNING STA-1650] ./results/nangate45_3D/ariane133/HBT/6_final.spef line 354172, net issue_stage_i/i_scoreboard/_45473_ not found.
[WARNING STA-1650] ./results/nangate45_3D/ariane133/HBT/6_final.spef line 354173, net issue_stage_i/i_scoreboard/_45661_ not found.
[WARNING STA-1650] ./results/nangate45_3D/ariane133/HBT/6_final.spef line 354174, net issue_stage_i/i_scoreboard/_45662_ not found.
[WARNING STA-1650] ./results/nangate45_3D/ariane133/HBT/6_final.spef line 354175, net issue_stage_i/i_scoreboard/_45663_ not found.
[WARNING STA-1650] ./results/nangate45_3D/ariane133/HBT/6_final.spef line 354176, net issue_stage_i/i_scoreboard/_46972_ not found.
[WARNING STA-1650] ./results/nangate45_3D/ariane133/HBT/6_final.spef line 354177, net issue_stage_i/i_scoreboard/_47109_ not found.
[WARNING STA-1650] ./results/nangate45_3D/ariane133/HBT/6_final.spef line 354178, net issue_stage_i/i_scoreboard/_47142_ not found.
[WARNING STA-1650] ./results/nangate45_3D/ariane133/HBT/6_final.spef line 354179, net issue_stage_i/i_scoreboard/_48547_ not found.
[WARNING STA-1650] ./results/nangate45_3D/ariane133/HBT/6_final.spef line 354180, net issue_stage_i/i_scoreboard/_48707_ not found.
[WARNING STA-1650] ./results/nangate45_3D/ariane133/HBT/6_final.spef line 354181, net issue_stage_i/i_scoreboard/_51245_ not found.
[WARNING STA-1650] ./results/nangate45_3D/ariane133/HBT/6_final.spef line 354182, net issue_stage_i/i_scoreboard/_51247_ not found.
[WARNING STA-1650] ./results/nangate45_3D/ariane133/HBT/6_final.spef line 354183, net issue_stage_i/i_scoreboard/_51247_ not found.
[WARNING STA-1650] ./results/nangate45_3D/ariane133/HBT/6_final.spef line 354184, net issue_stage_i/i_scoreboard/_51283_ not found.
[WARNING STA-1650] ./results/nangate45_3D/ariane133/HBT/6_final.spef line 354185, net issue_stage_i/i_scoreboard/_51284_ not found.
[WARNING STA-1650] ./results/nangate45_3D/ariane133/HBT/6_final.spef line 354186, net issue_stage_i/i_scoreboard/_51317_ not found.
[WARNING STA-1650] ./results/nangate45_3D/ariane133/HBT/6_final.spef line 354187, net issue_stage_i/i_scoreboard/_51320_ not found.
[WARNING STA-1650] ./results/nangate45_3D/ariane133/HBT/6_final.spef line 354188, net issue_stage_i/i_scoreboard/_51321_ not found.
[WARNING STA-1650] ./results/nangate45_3D/ariane133/HBT/6_final.spef line 354189, net issue_stage_i/i_scoreboard/_51322_ not found.
[WARNING STA-1650] ./results/nangate45_3D/ariane133/HBT/6_final.spef line 354190, net issue_stage_i/i_scoreboard/_52965_ not found.
[WARNING STA-1650] ./results/nangate45_3D/ariane133/HBT/6_final.spef line 354191, net issue_stage_i/i_scoreboard/_58622_ not found.
[WARNING STA-1650] ./results/nangate45_3D/ariane133/HBT/6_final.spef line 354192, net issue_stage_i/i_scoreboard/_58626_ not found.
[WARNING STA-1650] ./results/nangate45_3D/ariane133/HBT/6_final.spef line 354193, net issue_stage_i/i_scoreboard/_58626_ not found.
[WARNING STA-1650] ./results/nangate45_3D/ariane133/HBT/6_final.spef line 354194, net issue_stage_i/i_scoreboard/_59451_ not found.
[WARNING STA-1650] ./results/nangate45_3D/ariane133/HBT/6_final.spef line 354195, net issue_stage_i/i_scoreboard/_59603_ not found.
[WARNING STA-1650] ./results/nangate45_3D/ariane133/HBT/6_final.spef line 354196, net issue_stage_i/i_scoreboard/_59603_ not found.
[WARNING STA-1650] ./results/nangate45_3D/ariane133/HBT/6_final.spef line 354197, net issue_stage_i/i_scoreboard/_61549_ not found.
[WARNING STA-1650] ./results/nangate45_3D/ariane133/HBT/6_final.spef line 354198, net issue_stage_i/i_scoreboard/_62296_ not found.
[WARNING STA-1650] ./results/nangate45_3D/ariane133/HBT/6_final.spef line 354234, net i_cache_subsystem/i_nbdcache/i_miss_handler/_08352_ not found.
[WARNING STA-1650] ./results/nangate45_3D/ariane133/HBT/6_final.spef line 354235, net i_cache_subsystem/i_nbdcache/i_miss_handler/_08593_ not found.
[WARNING STA-1650] ./results/nangate45_3D/ariane133/HBT/6_final.spef line 354236, net i_cache_subsystem/i_nbdcache/i_miss_handler/_09028_ not found.
[WARNING STA-1650] ./results/nangate45_3D/ariane133/HBT/6_final.spef line 354237, net i_cache_subsystem/i_nbdcache/i_miss_handler/_09029_ not found.
[WARNING STA-1650] ./results/nangate45_3D/ariane133/HBT/6_final.spef line 354238, net i_cache_subsystem/i_nbdcache/i_miss_handler/_10300_ not found.
[WARNING STA-1650] ./results/nangate45_3D/ariane133/HBT/6_final.spef line 354239, net i_cache_subsystem/i_nbdcache/i_miss_handler/_10587_ not found.
[WARNING STA-1650] ./results/nangate45_3D/ariane133/HBT/6_final.spef line 354240, net i_cache_subsystem/i_nbdcache/i_miss_handler/_10851_ not found.
[WARNING STA-1650] ./results/nangate45_3D/ariane133/HBT/6_final.spef line 354241, net issue_stage_i/i_issue_read_operands/rdata\[125\] not found.
[WARNING STA-1650] ./results/nangate45_3D/ariane133/HBT/6_final.spef line 354242, net issue_stage_i/i_scoreboard/_11741_ not found.
[WARNING STA-1650] ./results/nangate45_3D/ariane133/HBT/6_final.spef line 354243, net issue_stage_i/i_scoreboard/_13250_ not found.
[WARNING STA-1650] ./results/nangate45_3D/ariane133/HBT/6_final.spef line 354244, net issue_stage_i/i_scoreboard/_19683_ not found.
[WARNING STA-1650] ./results/nangate45_3D/ariane133/HBT/6_final.spef line 354245, net issue_stage_i/i_scoreboard/_23170_ not found.
[WARNING STA-1650] ./results/nangate45_3D/ariane133/HBT/6_final.spef line 354246, net issue_stage_i/i_scoreboard/_23170_ not found.
[WARNING STA-1650] ./results/nangate45_3D/ariane133/HBT/6_final.spef line 354247, net issue_stage_i/i_scoreboard/mem_q\[1678\] not found.
[WARNING STA-1650] ./results/nangate45_3D/ariane133/HBT/6_final.spef line 354248, net issue_stage_i/i_scoreboard/mem_q\[1678\] not found.
[WARNING STA-1650] ./results/nangate45_3D/ariane133/HBT/6_final.spef line 354249, net issue_stage_i/i_scoreboard/mem_q\[2804\] not found.
[WARNING STA-1650] ./results/nangate45_3D/ariane133/HBT/6_final.spef line 354267, net issue_stage_i/i_scoreboard/_31854_ not found.
[WARNING STA-1650] ./results/nangate45_3D/ariane133/HBT/6_final.spef line 354268, net issue_stage_i/i_scoreboard/_48818_ not found.
[WARNING STA-1650] ./results/nangate45_3D/ariane133/HBT/6_final.spef line 354269, net issue_stage_i/i_scoreboard/_48819_ not found.
[WARNING STA-1650] ./results/nangate45_3D/ariane133/HBT/6_final.spef line 354270, net issue_stage_i/i_scoreboard/_48820_ not found.
[WARNING STA-1650] ./results/nangate45_3D/ariane133/HBT/6_final.spef line 354271, net issue_stage_i/i_scoreboard/_48820_ not found.
[WARNING STA-1650] ./results/nangate45_3D/ariane133/HBT/6_final.spef line 354272, net issue_stage_i/i_scoreboard/_48820_ not found.
[WARNING STA-1650] ./results/nangate45_3D/ariane133/HBT/6_final.spef line 354273, net issue_stage_i/i_scoreboard/_48821_ not found.
[WARNING STA-1650] message limit (1000) reached. This message will no longer print.
[WARNING STA-1648] ./results/nangate45_3D/ariane133/HBT/6_final.spef line 355286, instance i_cache_subsystem/_0556_ not found.
[WARNING STA-1648] ./results/nangate45_3D/ariane133/HBT/6_final.spef line 356111, instance i_cache_subsystem/_0558_ not found.
[WARNING STA-1648] ./results/nangate45_3D/ariane133/HBT/6_final.spef line 357102, instance i_cache_subsystem/_0560_ not found.
[WARNING STA-1648] ./results/nangate45_3D/ariane133/HBT/6_final.spef line 357684, instance i_cache_subsystem/_0562_ not found.
[WARNING STA-1648] ./results/nangate45_3D/ariane133/HBT/6_final.spef line 358469, instance i_cache_subsystem/_0744_ not found.
[WARNING STA-1648] ./results/nangate45_3D/ariane133/HBT/6_final.spef line 358520, instance i_cache_subsystem/_0746_ not found.
[WARNING STA-1648] ./results/nangate45_3D/ariane133/HBT/6_final.spef line 358572, instance i_cache_subsystem/_0750_ not found.
[WARNING STA-1648] ./results/nangate45_3D/ariane133/HBT/6_final.spef line 358637, instance i_cache_subsystem/_0752_ not found.
[WARNING STA-1648] ./results/nangate45_3D/ariane133/HBT/6_final.spef line 358679, instance i_cache_subsystem/_0754_ not found.
[WARNING STA-1648] ./results/nangate45_3D/ariane133/HBT/6_final.spef line 358799, instance i_cache_subsystem/_0566_ not found.
[WARNING STA-1648] ./results/nangate45_3D/ariane133/HBT/6_final.spef line 358851, instance i_cache_subsystem/_0756_ not found.
[WARNING STA-1648] ./results/nangate45_3D/ariane133/HBT/6_final.spef line 358874, instance i_cache_subsystem/_0759_ not found.
[WARNING STA-1648] ./results/nangate45_3D/ariane133/HBT/6_final.spef line 359349, instance i_cache_subsystem/_0761_ not found.
[WARNING STA-1648] ./results/nangate45_3D/ariane133/HBT/6_final.spef line 359394, instance i_cache_subsystem/_0763_ not found.
[WARNING STA-1648] ./results/nangate45_3D/ariane133/HBT/6_final.spef line 359439, instance i_cache_subsystem/_0765_ not found.
[WARNING STA-1648] ./results/nangate45_3D/ariane133/HBT/6_final.spef line 359500, instance i_cache_subsystem/_0767_ not found.
[WARNING STA-1648] ./results/nangate45_3D/ariane133/HBT/6_final.spef line 359549, instance i_cache_subsystem/_0769_ not found.
[WARNING STA-1648] ./results/nangate45_3D/ariane133/HBT/6_final.spef line 359643, instance i_cache_subsystem/_0772_ not found.
[WARNING STA-1648] ./results/nangate45_3D/ariane133/HBT/6_final.spef line 359688, instance i_cache_subsystem/_0774_ not found.
[WARNING STA-1648] ./results/nangate45_3D/ariane133/HBT/6_final.spef line 359735, instance i_cache_subsystem/_0776_ not found.
[WARNING STA-1648] ./results/nangate45_3D/ariane133/HBT/6_final.spef line 360032, instance i_cache_subsystem/_0778_ not found.
[WARNING STA-1648] ./results/nangate45_3D/ariane133/HBT/6_final.spef line 360079, instance i_cache_subsystem/_0781_ not found.
[WARNING STA-1648] ./results/nangate45_3D/ariane133/HBT/6_final.spef line 360102, instance i_cache_subsystem/_0783_ not found.
[WARNING STA-1648] ./results/nangate45_3D/ariane133/HBT/6_final.spef line 360195, instance i_cache_subsystem/_0785_ not found.
[WARNING STA-1648] ./results/nangate45_3D/ariane133/HBT/6_final.spef line 360244, instance i_cache_subsystem/_0787_ not found.
[WARNING STA-1648] ./results/nangate45_3D/ariane133/HBT/6_final.spef line 360283, instance i_cache_subsystem/_0789_ not found.
[WARNING STA-1648] ./results/nangate45_3D/ariane133/HBT/6_final.spef line 360385, instance i_cache_subsystem/_0791_ not found.
[WARNING STA-1648] ./results/nangate45_3D/ariane133/HBT/6_final.spef line 360540, instance i_cache_subsystem/_0796_ not found.
[WARNING STA-1648] ./results/nangate45_3D/ariane133/HBT/6_final.spef line 360633, instance i_cache_subsystem/_0570_ not found.
[WARNING STA-1648] ./results/nangate45_3D/ariane133/HBT/6_final.spef line 360951, instance i_cache_subsystem/_0803_ not found.
[WARNING STA-1648] ./results/nangate45_3D/ariane133/HBT/6_final.spef line 361024, instance i_cache_subsystem/_0807_ not found.
[WARNING STA-1648] ./results/nangate45_3D/ariane133/HBT/6_final.spef line 361466, instance i_cache_subsystem/_0809_ not found.
[WARNING STA-1648] ./results/nangate45_3D/ariane133/HBT/6_final.spef line 361540, instance i_cache_subsystem/_0811_ not found.
[WARNING STA-1648] ./results/nangate45_3D/ariane133/HBT/6_final.spef line 361603, instance i_cache_subsystem/_0813_ not found.
[WARNING STA-1648] ./results/nangate45_3D/ariane133/HBT/6_final.spef line 361686, instance i_cache_subsystem/_0816_ not found.
[WARNING STA-1648] ./results/nangate45_3D/ariane133/HBT/6_final.spef line 361733, instance i_cache_subsystem/_0818_ not found.
[WARNING STA-1648] ./results/nangate45_3D/ariane133/HBT/6_final.spef line 361783, instance i_cache_subsystem/_0820_ not found.
[WARNING STA-1648] ./results/nangate45_3D/ariane133/HBT/6_final.spef line 362843, instance i_cache_subsystem/_0576_ not found.
[WARNING STA-1648] ./results/nangate45_3D/ariane133/HBT/6_final.spef line 364430, instance i_cache_subsystem/_0580_ not found.
[WARNING STA-1648] ./results/nangate45_3D/ariane133/HBT/6_final.spef line 365051, instance i_cache_subsystem/_0582_ not found.
[WARNING STA-1648] ./results/nangate45_3D/ariane133/HBT/6_final.spef line 366041, instance i_cache_subsystem/_0584_ not found.
[WARNING STA-1648] ./results/nangate45_3D/ariane133/HBT/6_final.spef line 366601, instance i_cache_subsystem/_0588_ not found.
[WARNING STA-1648] ./results/nangate45_3D/ariane133/HBT/6_final.spef line 366774, instance i_cache_subsystem/_0590_ not found.
[WARNING STA-1648] ./results/nangate45_3D/ariane133/HBT/6_final.spef line 366877, instance i_cache_subsystem/_0592_ not found.
[WARNING STA-1648] ./results/nangate45_3D/ariane133/HBT/6_final.spef line 366906, instance i_cache_subsystem/_0530_ not found.
[WARNING STA-1648] ./results/nangate45_3D/ariane133/HBT/6_final.spef line 366987, instance i_cache_subsystem/_0594_ not found.
[WARNING STA-1648] ./results/nangate45_3D/ariane133/HBT/6_final.spef line 367550, instance i_cache_subsystem/_0532_ not found.
[WARNING STA-1648] ./results/nangate45_3D/ariane133/HBT/6_final.spef line 368402, instance i_cache_subsystem/_0534_ not found.
[WARNING STA-1648] ./results/nangate45_3D/ariane133/HBT/6_final.spef line 369262, instance i_cache_subsystem/_0536_ not found.
[WARNING STA-1648] ./results/nangate45_3D/ariane133/HBT/6_final.spef line 369821, instance i_cache_subsystem/_0538_ not found.
[WARNING STA-1648] ./results/nangate45_3D/ariane133/HBT/6_final.spef line 370906, instance i_cache_subsystem/_0544_ not found.
[WARNING STA-1648] ./results/nangate45_3D/ariane133/HBT/6_final.spef line 372002, instance i_cache_subsystem/_0546_ not found.
[WARNING STA-1648] ./results/nangate45_3D/ariane133/HBT/6_final.spef line 373077, instance i_cache_subsystem/_0548_ not found.
[WARNING STA-1648] ./results/nangate45_3D/ariane133/HBT/6_final.spef line 384576, instance i_frontend/_15479_ not found.
[WARNING STA-1648] ./results/nangate45_3D/ariane133/HBT/6_final.spef line 384577, instance i_frontend/_15443_ not found.
[WARNING STA-1648] ./results/nangate45_3D/ariane133/HBT/6_final.spef line 384578, instance i_frontend/_15447_ not found.
[WARNING STA-1648] ./results/nangate45_3D/ariane133/HBT/6_final.spef line 384579, instance i_frontend/_15515_ not found.
[WARNING STA-1648] ./results/nangate45_3D/ariane133/HBT/6_final.spef line 384580, instance i_frontend/_15461_ not found.
[WARNING STA-1648] ./results/nangate45_3D/ariane133/HBT/6_final.spef line 384581, instance i_frontend/_15441_ not found.
[WARNING STA-1648] ./results/nangate45_3D/ariane133/HBT/6_final.spef line 384582, instance i_frontend/_15459_ not found.
[WARNING STA-1648] ./results/nangate45_3D/ariane133/HBT/6_final.spef line 384583, instance i_frontend/_15455_ not found.
[WARNING STA-1648] ./results/nangate45_3D/ariane133/HBT/6_final.spef line 384584, instance i_frontend/_15473_ not found.
[WARNING STA-1648] ./results/nangate45_3D/ariane133/HBT/6_final.spef line 384585, instance i_frontend/_15477_ not found.
[WARNING STA-1648] ./results/nangate45_3D/ariane133/HBT/6_final.spef line 384586, instance i_frontend/_15485_ not found.
[WARNING STA-1648] ./results/nangate45_3D/ariane133/HBT/6_final.spef line 384587, instance i_frontend/_15465_ not found.
[WARNING STA-1648] ./results/nangate45_3D/ariane133/HBT/6_final.spef line 384588, instance i_frontend/_15501_ not found.
[WARNING STA-1648] ./results/nangate45_3D/ariane133/HBT/6_final.spef line 384589, instance i_frontend/_15519_ not found.
[WARNING STA-1648] ./results/nangate45_3D/ariane133/HBT/6_final.spef line 384590, instance i_frontend/_15521_ not found.
[WARNING STA-1648] ./results/nangate45_3D/ariane133/HBT/6_final.spef line 384591, instance i_frontend/_15537_ not found.
[WARNING STA-1648] ./results/nangate45_3D/ariane133/HBT/6_final.spef line 384592, instance i_frontend/_15543_ not found.
[WARNING STA-1648] ./results/nangate45_3D/ariane133/HBT/6_final.spef line 384593, instance i_frontend/_15585_ not found.
[WARNING STA-1648] ./results/nangate45_3D/ariane133/HBT/6_final.spef line 384594, instance i_frontend/_15597_ not found.
[WARNING STA-1648] ./results/nangate45_3D/ariane133/HBT/6_final.spef line 384595, instance i_frontend/_15591_ not found.
[WARNING STA-1648] ./results/nangate45_3D/ariane133/HBT/6_final.spef line 384596, instance i_frontend/_15621_ not found.
[WARNING STA-1648] ./results/nangate45_3D/ariane133/HBT/6_final.spef line 384597, instance i_frontend/_15645_ not found.
[WARNING STA-1648] ./results/nangate45_3D/ariane133/HBT/6_final.spef line 384598, instance i_frontend/_15532_ not found.
[WARNING STA-1648] ./results/nangate45_3D/ariane133/HBT/6_final.spef line 384599, instance i_frontend/_15604_ not found.
[WARNING STA-1648] ./results/nangate45_3D/ariane133/HBT/6_final.spef line 384600, instance i_frontend/_15633_ not found.
[WARNING STA-1648] ./results/nangate45_3D/ariane133/HBT/6_final.spef line 384601, instance i_frontend/_15627_ not found.
[WARNING STA-1648] ./results/nangate45_3D/ariane133/HBT/6_final.spef line 384602, instance i_frontend/_15641_ not found.
[WARNING STA-1648] ./results/nangate45_3D/ariane133/HBT/6_final.spef line 384603, instance i_frontend/_15669_ not found.
[WARNING STA-1648] ./results/nangate45_3D/ariane133/HBT/6_final.spef line 384604, instance i_frontend/_15536_ not found.
[WARNING STA-1648] ./results/nangate45_3D/ariane133/HBT/6_final.spef line 384605, instance i_frontend/_15424_ not found.
[WARNING STA-1648] ./results/nangate45_3D/ariane133/HBT/6_final.spef line 384606, instance csr_regfile_i/_15880_ not found.
[WARNING STA-1648] ./results/nangate45_3D/ariane133/HBT/6_final.spef line 384607, instance i_frontend/_15616_ not found.
[WARNING STA-1648] ./results/nangate45_3D/ariane133/HBT/6_final.spef line 384608, instance i_frontend/_15670_ not found.
[WARNING STA-1648] ./results/nangate45_3D/ariane133/HBT/6_final.spef line 384609, instance i_frontend/_15646_ not found.
[WARNING STA-1648] ./results/nangate45_3D/ariane133/HBT/6_final.spef line 384610, instance i_frontend/_15552_ not found.
[WARNING STA-1648] ./results/nangate45_3D/ariane133/HBT/6_final.spef line 384611, instance i_frontend/_15638_ not found.
[WARNING STA-1648] ./results/nangate45_3D/ariane133/HBT/6_final.spef line 384612, instance i_frontend/_15624_ not found.
[WARNING STA-1648] ./results/nangate45_3D/ariane133/HBT/6_final.spef line 384613, instance i_frontend/_15576_ not found.
[WARNING STA-1648] ./results/nangate45_3D/ariane133/HBT/6_final.spef line 384614, instance i_frontend/_15472_ not found.
[WARNING STA-1648] ./results/nangate45_3D/ariane133/HBT/6_final.spef line 384615, instance i_frontend/_15504_ not found.
[WARNING STA-1648] ./results/nangate45_3D/ariane133/HBT/6_final.spef line 384616, instance i_frontend/_15516_ not found.
[WARNING STA-1648] ./results/nangate45_3D/ariane133/HBT/6_final.spef line 384617, instance i_frontend/_15440_ not found.
[WARNING STA-1648] ./results/nangate45_3D/ariane133/HBT/6_final.spef line 384618, instance i_frontend/_15500_ not found.
[WARNING STA-1648] ./results/nangate45_3D/ariane133/HBT/6_final.spef line 384619, instance i_frontend/_15528_ not found.
[WARNING STA-1648] ./results/nangate45_3D/ariane133/HBT/6_final.spef line 384620, instance i_frontend/_15480_ not found.
[WARNING STA-1648] ./results/nangate45_3D/ariane133/HBT/6_final.spef line 384621, instance i_frontend/_15448_ not found.
[WARNING STA-1648] ./results/nangate45_3D/ariane133/HBT/6_final.spef line 384622, instance i_frontend/i_btb/_23378_ not found.
[WARNING STA-1648] ./results/nangate45_3D/ariane133/HBT/6_final.spef line 384623, instance i_frontend/i_btb/_25718_ not found.
[WARNING STA-1648] ./results/nangate45_3D/ariane133/HBT/6_final.spef line 384624, instance i_frontend/i_btb/_23833_ not found.
[WARNING STA-1648] ./results/nangate45_3D/ariane133/HBT/6_final.spef line 384625, instance i_frontend/i_btb/_23053_ not found.
[WARNING STA-1648] ./results/nangate45_3D/ariane133/HBT/6_final.spef line 384626, instance i_frontend/i_btb/_22078_ not found.
[WARNING STA-1648] ./results/nangate45_3D/ariane133/HBT/6_final.spef line 384627, instance i_frontend/i_btb/_22077_ not found.
[WARNING STA-1648] ./results/nangate45_3D/ariane133/HBT/6_final.spef line 384628, instance i_frontend/i_btb/_23052_ not found.
[WARNING STA-1648] ./results/nangate45_3D/ariane133/HBT/6_final.spef line 384629, instance i_frontend/_15496_ not found.
[WARNING STA-1648] ./results/nangate45_3D/ariane133/HBT/6_final.spef line 384630, instance i_frontend/i_btb/_23059_ not found.
[WARNING STA-1648] ./results/nangate45_3D/ariane133/HBT/6_final.spef line 384631, instance i_frontend/i_btb/_22084_ not found.
[WARNING STA-1648] ./results/nangate45_3D/ariane133/HBT/6_final.spef line 384632, instance i_frontend/i_btb/_23839_ not found.
[WARNING STA-1648] ./results/nangate45_3D/ariane133/HBT/6_final.spef line 384633, instance i_frontend/i_btb/_25009_ not found.
[WARNING STA-1648] ./results/nangate45_3D/ariane133/HBT/6_final.spef line 384634, instance i_frontend/i_btb/_25204_ not found.
[WARNING STA-1648] ./results/nangate45_3D/ariane133/HBT/6_final.spef line 384635, instance i_frontend/i_btb/_25724_ not found.
[WARNING STA-1648] ./results/nangate45_3D/ariane133/HBT/6_final.spef line 384636, instance i_frontend/i_btb/_23384_ not found.
[WARNING STA-1648] ./results/nangate45_3D/ariane133/HBT/6_final.spef line 384637, instance i_frontend/i_btb/_23623_ not found.
[WARNING STA-1648] ./results/nangate45_3D/ariane133/HBT/6_final.spef line 384638, instance i_frontend/_15524_ not found.
[WARNING STA-1648] ./results/nangate45_3D/ariane133/HBT/6_final.spef line 384639, instance i_frontend/i_btb/_24223_ not found.
[WARNING STA-1648] ./results/nangate45_3D/ariane133/HBT/6_final.spef line 384640, instance i_frontend/i_btb/_23043_ not found.
[WARNING STA-1648] ./results/nangate45_3D/ariane133/HBT/6_final.spef line 384641, instance i_frontend/i_btb/_25708_ not found.
[WARNING STA-1648] ./results/nangate45_3D/ariane133/HBT/6_final.spef line 384642, instance i_frontend/i_btb/_23823_ not found.
[WARNING STA-1648] ./results/nangate45_3D/ariane133/HBT/6_final.spef line 384643, instance i_frontend/i_btb/_22068_ not found.
[WARNING STA-1648] ./results/nangate45_3D/ariane133/HBT/6_final.spef line 384644, instance i_frontend/i_btb/_22523_ not found.
[WARNING STA-1648] ./results/nangate45_3D/ariane133/HBT/6_final.spef line 384645, instance i_frontend/i_btb/_24993_ not found.
[WARNING STA-1648] ./results/nangate45_3D/ariane133/HBT/6_final.spef line 384646, instance i_frontend/i_btb/_22456_ not found.
[WARNING STA-1648] ./results/nangate45_3D/ariane133/HBT/6_final.spef line 384647, instance i_frontend/i_btb/_23883_ not found.
[WARNING STA-1648] ./results/nangate45_3D/ariane133/HBT/6_final.spef line 384648, instance i_frontend/i_btb/_24078_ not found.
[WARNING STA-1648] ./results/nangate45_3D/ariane133/HBT/6_final.spef line 384649, instance i_frontend/i_btb/_25188_ not found.
[WARNING STA-1648] ./results/nangate45_3D/ariane133/HBT/6_final.spef line 384650, instance i_frontend/i_btb/_23626_ not found.
[WARNING STA-1648] ./results/nangate45_3D/ariane133/HBT/6_final.spef line 384651, instance i_frontend/i_btb/_24081_ not found.
[WARNING STA-1648] ./results/nangate45_3D/ariane133/HBT/6_final.spef line 384652, instance i_frontend/i_btb/_23886_ not found.
[WARNING STA-1648] ./results/nangate45_3D/ariane133/HBT/6_final.spef line 384653, instance i_frontend/i_btb/_25121_ not found.
[WARNING STA-1648] ./results/nangate45_3D/ariane133/HBT/6_final.spef line 384654, instance i_frontend/i_btb/_24016_ not found.
[WARNING STA-1648] ./results/nangate45_3D/ariane133/HBT/6_final.spef line 384655, instance i_frontend/i_btb/_24013_ not found.
[WARNING STA-1648] ./results/nangate45_3D/ariane133/HBT/6_final.spef line 384656, instance i_frontend/i_btb/_22453_ not found.
[WARNING STA-1648] ./results/nangate45_3D/ariane133/HBT/6_final.spef line 384657, instance i_frontend/i_btb/_23897_ not found.
[WARNING STA-1648] ./results/nangate45_3D/ariane133/HBT/6_final.spef line 384658, instance i_frontend/i_btb/_24092_ not found.
[WARNING STA-1648] ./results/nangate45_3D/ariane133/HBT/6_final.spef line 384659, instance i_frontend/i_btb/_23637_ not found.
[WARNING STA-1648] ./results/nangate45_3D/ariane133/HBT/6_final.spef line 384660, instance i_frontend/i_btb/_25198_ not found.
[WARNING STA-1648] ./results/nangate45_3D/ariane133/HBT/6_final.spef line 384661, instance i_frontend/i_btb/_22467_ not found.
[WARNING STA-1648] ./results/nangate45_3D/ariane133/HBT/6_final.spef line 384662, instance i_frontend/i_btb/_24027_ not found.
[WARNING STA-1648] ./results/nangate45_3D/ariane133/HBT/6_final.spef line 384663, instance i_frontend/i_btb/_24547_ not found.
[WARNING STA-1648] ./results/nangate45_3D/ariane133/HBT/6_final.spef line 384664, instance i_frontend/i_btb/_24210_ not found.
[WARNING STA-1648] ./results/nangate45_3D/ariane133/HBT/6_final.spef line 384665, instance i_frontend/i_btb/_23625_ not found.
[WARNING STA-1648] ./results/nangate45_3D/ariane133/HBT/6_final.spef line 384666, instance i_frontend/i_btb/_22455_ not found.
[WARNING STA-1648] ./results/nangate45_3D/ariane133/HBT/6_final.spef line 384667, instance i_frontend/i_btb/_22450_ not found.
[WARNING STA-1648] ./results/nangate45_3D/ariane133/HBT/6_final.spef line 384668, instance i_frontend/i_btb/_23620_ not found.
[WARNING STA-1648] ./results/nangate45_3D/ariane133/HBT/6_final.spef line 384669, instance i_frontend/i_btb/_24530_ not found.
[WARNING STA-1648] ./results/nangate45_3D/ariane133/HBT/6_final.spef line 384670, instance i_frontend/i_btb/_24537_ not found.
[WARNING STA-1648] ./results/nangate45_3D/ariane133/HBT/6_final.spef line 384671, instance i_frontend/i_btb/_24205_ not found.
[WARNING STA-1648] ./results/nangate45_3D/ariane133/HBT/6_final.spef line 384672, instance i_frontend/i_btb/_24212_ not found.
[WARNING STA-1648] ./results/nangate45_3D/ariane133/HBT/6_final.spef line 384673, instance i_frontend/i_btb/_22457_ not found.
[WARNING STA-1648] ./results/nangate45_3D/ariane133/HBT/6_final.spef line 384674, instance i_frontend/i_btb/_21677_ not found.
[WARNING STA-1648] ./results/nangate45_3D/ariane133/HBT/6_final.spef line 384675, instance i_frontend/i_btb/_23757_ not found.
[WARNING STA-1648] ./results/nangate45_3D/ariane133/HBT/6_final.spef line 384676, instance i_frontend/i_btb/_25512_ not found.
[WARNING STA-1648] ./results/nangate45_3D/ariane133/HBT/6_final.spef line 384677, instance i_frontend/i_btb/_22460_ not found.
[WARNING STA-1648] ./results/nangate45_3D/ariane133/HBT/6_final.spef line 384678, instance i_frontend/i_btb/_23630_ not found.
[WARNING STA-1648] ./results/nangate45_3D/ariane133/HBT/6_final.spef line 384679, instance i_frontend/i_btb/_25125_ not found.
[WARNING STA-1648] ./results/nangate45_3D/ariane133/HBT/6_final.spef line 384680, instance i_frontend/i_btb/_22203_ not found.
[WARNING STA-1648] ./results/nangate45_3D/ariane133/HBT/6_final.spef line 384681, instance i_frontend/i_btb/_22268_ not found.
[WARNING STA-1648] ./results/nangate45_3D/ariane133/HBT/6_final.spef line 384682, instance i_frontend/i_btb/_24523_ not found.
[WARNING STA-1648] ./results/nangate45_3D/ariane133/HBT/6_final.spef line 384683, instance i_frontend/i_btb/_22528_ not found.
[WARNING STA-1648] ./results/nangate45_3D/ariane133/HBT/6_final.spef line 384684, instance i_frontend/i_btb/_23158_ not found.
[WARNING STA-1648] ./results/nangate45_3D/ariane133/HBT/6_final.spef line 384685, instance i_frontend/i_btb/_22508_ not found.
[WARNING STA-1648] ./results/nangate45_3D/ariane133/HBT/6_final.spef line 384686, instance i_frontend/i_btb/_23178_ not found.
[WARNING STA-1648] ./results/nangate45_3D/ariane133/HBT/6_final.spef line 384687, instance i_frontend/i_fetch_fifo/i_fifo_v3/_9049_ not found.
[WARNING STA-1648] ./results/nangate45_3D/ariane133/HBT/6_final.spef line 384688, instance i_frontend/i_fetch_fifo/i_fifo_v3/_8548_ not found.
[WARNING STA-1648] ./results/nangate45_3D/ariane133/HBT/6_final.spef line 384689, instance i_frontend/i_btb/_24757_ not found.
[WARNING STA-1648] ./results/nangate45_3D/ariane133/HBT/6_final.spef line 384690, instance i_frontend/i_btb/_25518_ not found.
[WARNING STA-1648] ./results/nangate45_3D/ariane133/HBT/6_final.spef line 384691, instance i_frontend/i_btb/_25713_ not found.
[WARNING STA-1648] ./results/nangate45_3D/ariane133/HBT/6_final.spef line 384692, instance i_frontend/i_btb/_24543_ not found.
[WARNING STA-1648] ./results/nangate45_3D/ariane133/HBT/6_final.spef line 384693, instance i_frontend/i_btb/_25503_ not found.
[WARNING STA-1648] ./results/nangate45_3D/ariane133/HBT/6_final.spef line 384694, instance i_frontend/i_btb/_24723_ not found.
[WARNING STA-1648] ./results/nangate45_3D/ariane133/HBT/6_final.spef line 384695, instance i_frontend/i_btb/_22132_ not found.
[WARNING STA-1648] ./results/nangate45_3D/ariane133/HBT/6_final.spef line 384696, instance i_frontend/i_btb/_22580_ not found.
[WARNING STA-1648] ./results/nangate45_3D/ariane133/HBT/6_final.spef line 384697, instance i_frontend/i_btb/_22135_ not found.
[WARNING STA-1648] ./results/nangate45_3D/ariane133/HBT/6_final.spef line 384698, instance i_frontend/i_btb/_22587_ not found.
[WARNING STA-1648] ./results/nangate45_3D/ariane133/HBT/6_final.spef line 384699, instance i_frontend/i_btb/_22197_ not found.
[WARNING STA-1648] ./results/nangate45_3D/ariane133/HBT/6_final.spef line 384700, instance i_frontend/i_btb/_23367_ not found.
[WARNING STA-1648] ./results/nangate45_3D/ariane133/HBT/6_final.spef line 384701, instance i_frontend/i_btb/_22207_ not found.
[WARNING STA-1648] ./results/nangate45_3D/ariane133/HBT/6_final.spef line 384702, instance i_frontend/i_btb/_22857_ not found.
[WARNING STA-1648] ./results/nangate45_3D/ariane133/HBT/6_final.spef line 384703, instance i_frontend/i_btb/_25510_ not found.
[WARNING STA-1648] ./results/nangate45_3D/ariane133/HBT/6_final.spef line 384704, instance i_frontend/i_btb/_23767_ not found.
[WARNING STA-1648] ./results/nangate45_3D/ariane133/HBT/6_final.spef line 384705, instance i_frontend/i_btb/_22125_ not found.
[WARNING STA-1648] ./results/nangate45_3D/ariane133/HBT/6_final.spef line 384706, instance i_frontend/i_btb/_23755_ not found.
[WARNING STA-1648] ./results/nangate45_3D/ariane133/HBT/6_final.spef line 384707, instance i_frontend/i_btb/_23362_ not found.
[WARNING STA-1648] ./results/nangate45_3D/ariane133/HBT/6_final.spef line 384708, instance i_frontend/i_btb/_22195_ not found.
[WARNING STA-1648] ./results/nangate45_3D/ariane133/HBT/6_final.spef line 384709, instance i_frontend/i_btb/_22190_ not found.
[WARNING STA-1648] ./results/nangate45_3D/ariane133/HBT/6_final.spef line 384710, instance i_frontend/i_btb/_23035_ not found.
[WARNING STA-1648] ./results/nangate45_3D/ariane133/HBT/6_final.spef line 384711, instance i_frontend/i_btb/_25700_ not found.
[WARNING STA-1648] ./results/nangate45_3D/ariane133/HBT/6_final.spef line 384712, instance i_frontend/i_btb/_25707_ not found.
[WARNING STA-1648] ./results/nangate45_3D/ariane133/HBT/6_final.spef line 384713, instance i_frontend/i_btb/_22522_ not found.
[WARNING STA-1648] ./results/nangate45_3D/ariane133/HBT/6_final.spef line 384714, instance i_frontend/i_btb/_25180_ not found.
[WARNING STA-1648] ./results/nangate45_3D/ariane133/HBT/6_final.spef line 384715, instance i_frontend/i_btb/_23360_ not found.
[WARNING STA-1648] ./results/nangate45_3D/ariane133/HBT/6_final.spef line 384716, instance i_frontend/i_btb/_22840_ not found.
[WARNING STA-1648] ./results/nangate45_3D/ariane133/HBT/6_final.spef line 384717, instance i_frontend/i_btb/_22847_ not found.
[WARNING STA-1648] ./results/nangate45_3D/ariane133/HBT/6_final.spef line 384718, instance i_frontend/i_btb/_23042_ not found.
[WARNING STA-1648] ./results/nangate45_3D/ariane133/HBT/6_final.spef line 384719, instance i_frontend/i_btb/_22067_ not found.
[WARNING STA-1648] ./results/nangate45_3D/ariane133/HBT/6_final.spef line 384720, instance i_frontend/i_btb/_25190_ not found.
[WARNING STA-1648] ./results/nangate45_3D/ariane133/HBT/6_final.spef line 384721, instance i_frontend/i_btb/_25187_ not found.
[WARNING STA-1648] ./results/nangate45_3D/ariane133/HBT/6_final.spef line 384722, instance i_frontend/i_btb/_23815_ not found.
[WARNING STA-1648] ./results/nangate45_3D/ariane133/HBT/6_final.spef line 384723, instance i_frontend/i_btb/_22060_ not found.
[WARNING STA-1648] ./results/nangate45_3D/ariane133/HBT/6_final.spef line 384724, instance i_frontend/i_btb/_22517_ not found.
[WARNING STA-1648] ./results/nangate45_3D/ariane133/HBT/6_final.spef line 384725, instance i_frontend/i_btb/_23817_ not found.
[WARNING STA-1648] ./results/nangate45_3D/ariane133/HBT/6_final.spef line 384726, instance i_frontend/i_btb/_22515_ not found.
[WARNING STA-1648] ./results/nangate45_3D/ariane133/HBT/6_final.spef line 384727, instance i_frontend/i_btb/_22645_ not found.
[WARNING STA-1648] ./results/nangate45_3D/ariane133/HBT/6_final.spef line 384728, instance i_frontend/i_btb/_23295_ not found.
[WARNING STA-1648] ./results/nangate45_3D/ariane133/HBT/6_final.spef line 384729, instance i_frontend/i_btb/_25440_ not found.
[WARNING STA-1648] ./results/nangate45_3D/ariane133/HBT/6_final.spef line 384730, instance i_frontend/i_btb/_24927_ not found.
[WARNING STA-1648] ./results/nangate45_3D/ariane133/HBT/6_final.spef line 384731, instance i_frontend/i_btb/_24465_ not found.
[WARNING STA-1648] ./results/nangate45_3D/ariane133/HBT/6_final.spef line 384732, instance i_frontend/i_btb/_24400_ not found.
[WARNING STA-1648] ./results/nangate45_3D/ariane133/HBT/6_final.spef line 384733, instance i_frontend/i_btb/_21742_ not found.
[WARNING STA-1648] ./results/nangate45_3D/ariane133/HBT/6_final.spef line 384734, instance i_frontend/i_btb/_23692_ not found.
[WARNING STA-1648] ./results/nangate45_3D/ariane133/HBT/6_final.spef line 384735, instance i_frontend/i_btb/_24407_ not found.
[WARNING STA-1648] ./results/nangate45_3D/ariane133/HBT/6_final.spef line 384736, instance i_frontend/i_btb/_24472_ not found.
[WARNING STA-1648] ./results/nangate45_3D/ariane133/HBT/6_final.spef line 384737, instance i_frontend/i_btb/_24410_ not found.
[WARNING STA-1648] ./results/nangate45_3D/ariane133/HBT/6_final.spef line 384738, instance i_frontend/i_btb/_21745_ not found.
[WARNING STA-1648] ./results/nangate45_3D/ariane133/HBT/6_final.spef line 384739, instance i_frontend/i_btb/_24475_ not found.
[WARNING STA-1648] ./results/nangate45_3D/ariane133/HBT/6_final.spef line 384740, instance i_frontend/i_btb/_23305_ not found.
[WARNING STA-1648] ./results/nangate45_3D/ariane133/HBT/6_final.spef line 384741, instance i_frontend/i_btb/_21733_ not found.
[WARNING STA-1648] ./results/nangate45_3D/ariane133/HBT/6_final.spef line 384742, instance i_frontend/i_btb/_23683_ not found.
[WARNING STA-1648] ./results/nangate45_3D/ariane133/HBT/6_final.spef line 384743, instance i_frontend/i_btb/_24930_ not found.
[WARNING STA-1648] ./results/nangate45_3D/ariane133/HBT/6_final.spef line 384744, instance i_frontend/i_btb/_23695_ not found.
[WARNING STA-1648] ./results/nangate45_3D/ariane133/HBT/6_final.spef line 384745, instance i_frontend/i_btb/_23685_ not found.
[WARNING STA-1648] ./results/nangate45_3D/ariane133/HBT/6_final.spef line 384746, instance i_frontend/i_btb/_24985_ not found.
[WARNING STA-1648] ./results/nangate45_3D/ariane133/HBT/6_final.spef line 384747, instance i_frontend/i_btb/_23822_ not found.
[WARNING STA-1648] ./results/nangate45_3D/ariane133/HBT/6_final.spef line 384748, instance i_frontend/i_btb/_24992_ not found.
[WARNING STA-1648] ./results/nangate45_3D/ariane133/HBT/6_final.spef line 384749, instance i_frontend/i_btb/_24995_ not found.
[WARNING STA-1648] ./results/nangate45_3D/ariane133/HBT/6_final.spef line 384750, instance i_frontend/i_btb/_22525_ not found.
[WARNING STA-1648] ./results/nangate45_3D/ariane133/HBT/6_final.spef line 384751, instance i_frontend/i_btb/_23825_ not found.
[WARNING STA-1648] ./results/nangate45_3D/ariane133/HBT/6_final.spef line 384752, instance i_frontend/i_btb/_22070_ not found.
[WARNING STA-1648] ./results/nangate45_3D/ariane133/HBT/6_final.spef line 384753, instance i_frontend/i_btb/_24918_ not found.
[WARNING STA-1648] ./results/nangate45_3D/ariane133/HBT/6_final.spef line 384754, instance i_frontend/i_btb/_22513_ not found.
[WARNING STA-1648] ./results/nangate45_3D/ariane133/HBT/6_final.spef line 384755, instance i_frontend/i_btb/_22058_ not found.
[WARNING STA-1648] ./results/nangate45_3D/ariane133/HBT/6_final.spef line 384756, instance i_frontend/i_btb/_25017_ not found.
[WARNING STA-1648] ./results/nangate45_3D/ariane133/HBT/6_final.spef line 384757, instance i_frontend/i_btb/_25212_ not found.
[WARNING STA-1648] ./results/nangate45_3D/ariane133/HBT/6_final.spef line 384758, instance i_frontend/i_btb/_21767_ not found.
[WARNING STA-1648] ./results/nangate45_3D/ariane133/HBT/6_final.spef line 384759, instance i_frontend/i_btb/_24952_ not found.
[WARNING STA-1648] ./results/nangate45_3D/ariane133/HBT/6_final.spef line 384760, instance i_frontend/i_btb/_24367_ not found.
[WARNING STA-1648] ./results/nangate45_3D/ariane133/HBT/6_final.spef line 384761, instance i_frontend/i_btb/_22385_ not found.
[WARNING STA-1648] ./results/nangate45_3D/ariane133/HBT/6_final.spef line 384762, instance i_frontend/i_btb/_24790_ not found.
[WARNING STA-1648] ./results/nangate45_3D/ariane133/HBT/6_final.spef line 384763, instance i_frontend/i_btb/_23425_ not found.
[WARNING STA-1648] ./results/nangate45_3D/ariane133/HBT/6_final.spef line 384764, instance i_frontend/i_btb/_24807_ not found.
[WARNING STA-1648] ./results/nangate45_3D/ariane133/HBT/6_final.spef line 384765, instance i_frontend/i_btb/_22402_ not found.
[WARNING STA-1648] ./results/nangate45_3D/ariane133/HBT/6_final.spef line 384766, instance i_frontend/i_btb/_23442_ not found.
[WARNING STA-1648] ./results/nangate45_3D/ariane133/HBT/6_final.spef line 384767, instance i_frontend/i_btb/_25392_ not found.
[WARNING STA-1648] ./results/nangate45_3D/ariane133/HBT/6_final.spef line 384768, instance i_frontend/i_btb/_25782_ not found.
[WARNING STA-1648] ./results/nangate45_3D/ariane133/HBT/6_final.spef line 384769, instance i_frontend/i_btb/_25262_ not found.
[WARNING STA-1648] ./results/nangate45_3D/ariane133/HBT/6_final.spef line 384770, instance i_frontend/i_btb/_24342_ not found.
[WARNING STA-1648] ./results/nangate45_3D/ariane133/HBT/6_final.spef line 384771, instance i_frontend/i_btb/_25772_ not found.
[WARNING STA-1648] ./results/nangate45_3D/ariane133/HBT/6_final.spef line 384772, instance i_frontend/i_btb/_25382_ not found.
[WARNING STA-1648] ./results/nangate45_3D/ariane133/HBT/6_final.spef line 384773, instance i_frontend/i_btb/_25252_ not found.
[WARNING STA-1648] ./results/nangate45_3D/ariane133/HBT/6_final.spef line 384774, instance i_frontend/i_btb/_24352_ not found.
[WARNING STA-1648] ./results/nangate45_3D/ariane133/HBT/6_final.spef line 384775, instance i_frontend/i_btb/_23165_ not found.
[WARNING STA-1648] ./results/nangate45_3D/ariane133/HBT/6_final.spef line 384776, instance i_frontend/i_btb/_25250_ not found.
[WARNING STA-1648] ./results/nangate45_3D/ariane133/HBT/6_final.spef line 384777, instance i_frontend/i_btb/_24340_ not found.
[WARNING STA-1648] ./results/nangate45_3D/ariane133/HBT/6_final.spef line 384778, instance i_frontend/i_btb/_25380_ not found.
[WARNING STA-1648] ./results/nangate45_3D/ariane133/HBT/6_final.spef line 384779, instance i_frontend/i_btb/_23432_ not found.
[WARNING STA-1648] ./results/nangate45_3D/ariane133/HBT/6_final.spef line 384780, instance i_frontend/i_btb/_23172_ not found.
[WARNING STA-1648] ./results/nangate45_3D/ariane133/HBT/6_final.spef line 384781, instance i_frontend/i_btb/_23182_ not found.
[WARNING STA-1648] ./results/nangate45_3D/ariane133/HBT/6_final.spef line 384782, instance i_frontend/i_btb/_24497_ not found.
[WARNING STA-1648] ./results/nangate45_3D/ariane133/HBT/6_final.spef line 384783, instance i_frontend/i_btb/_25602_ not found.
[WARNING STA-1648] ./results/nangate45_3D/ariane133/HBT/6_final.spef line 384784, instance i_frontend/i_btb/_24107_ not found.
[WARNING STA-1648] ./results/nangate45_3D/ariane133/HBT/6_final.spef line 384785, instance i_frontend/i_btb/_22073_ not found.
[WARNING STA-1648] ./results/nangate45_3D/ariane133/HBT/6_final.spef line 384786, instance i_frontend/i_btb/_22482_ not found.
[WARNING STA-1648] ./results/nangate45_3D/ariane133/HBT/6_final.spef line 384787, instance i_frontend/i_btb/_23652_ not found.
[WARNING STA-1648] ./results/nangate45_3D/ariane133/HBT/6_final.spef line 384788, instance i_frontend/i_btb/_25147_ not found.
[WARNING STA-1648] ./results/nangate45_3D/ariane133/HBT/6_final.spef line 384789, instance i_frontend/i_btb/_23197_ not found.
[WARNING STA-1648] ./results/nangate45_3D/ariane133/HBT/6_final.spef line 384790, instance i_frontend/i_btb/_22677_ not found.
[WARNING STA-1648] ./results/nangate45_3D/ariane133/HBT/6_final.spef line 384791, instance i_frontend/i_btb/_25342_ not found.
[WARNING STA-1648] ./results/nangate45_3D/ariane133/HBT/6_final.spef line 384792, instance i_frontend/i_btb/_22807_ not found.
[WARNING STA-1648] ./results/nangate45_3D/ariane133/HBT/6_final.spef line 384793, instance i_frontend/i_btb/_22123_ not found.
[WARNING STA-1648] ./results/nangate45_3D/ariane133/HBT/6_final.spef line 384794, instance i_frontend/i_btb/_22188_ not found.
[WARNING STA-1648] ./results/nangate45_3D/ariane133/HBT/6_final.spef line 384795, instance i_frontend/i_btb/_22850_ not found.
[WARNING STA-1648] ./results/nangate45_3D/ariane133/HBT/6_final.spef line 384796, instance i_frontend/i_btb/_22590_ not found.
[WARNING STA-1648] ./results/nangate45_3D/ariane133/HBT/6_final.spef line 384797, instance i_frontend/i_btb/_25698_ not found.
[WARNING STA-1648] ./results/nangate45_3D/ariane133/HBT/6_final.spef line 384798, instance i_frontend/i_btb/_23358_ not found.
[WARNING STA-1648] ./results/nangate45_3D/ariane133/HBT/6_final.spef line 384799, instance i_frontend/i_btb/_22157_ not found.
[WARNING STA-1648] ./results/nangate45_3D/ariane133/HBT/6_final.spef line 384800, instance i_frontend/i_btb/_24562_ not found.
[WARNING STA-1648] ./results/nangate45_3D/ariane133/HBT/6_final.spef line 384801, instance i_frontend/i_btb/_23977_ not found.
[WARNING STA-1648] ./results/nangate45_3D/ariane133/HBT/6_final.spef line 384802, instance i_frontend/i_btb/_25407_ not found.
[WARNING STA-1648] ./results/nangate45_3D/ariane133/HBT/6_final.spef line 384803, instance i_frontend/i_btb/_23033_ not found.
[WARNING STA-1648] ./results/nangate45_3D/ariane133/HBT/6_final.spef line 384804, instance i_frontend/i_btb/_23045_ not found.
[WARNING STA-1648] ./results/nangate45_3D/ariane133/HBT/6_final.spef line 384805, instance i_frontend/i_btb/_22838_ not found.
[WARNING STA-1648] ./results/nangate45_3D/ariane133/HBT/6_final.spef line 384806, instance i_frontend/i_btb/_22578_ not found.
[WARNING STA-1648] ./results/nangate45_3D/ariane133/HBT/6_final.spef line 384807, instance i_frontend/i_btb/_23717_ not found.
[WARNING STA-1648] ./results/nangate45_3D/ariane133/HBT/6_final.spef line 384808, instance i_frontend/i_btb/_23392_ not found.
[WARNING STA-1648] ./results/nangate45_3D/ariane133/HBT/6_final.spef line 384809, instance i_frontend/i_btb/_23327_ not found.
[WARNING STA-1648] ./results/nangate45_3D/ariane133/HBT/6_final.spef line 384810, instance i_frontend/i_btb/_24302_ not found.
[WARNING STA-1648] ./results/nangate45_3D/ariane133/HBT/6_final.spef line 384811, instance i_frontend/i_btb/_25472_ not found.
[WARNING STA-1648] ./results/nangate45_3D/ariane133/HBT/6_final.spef line 384812, instance i_frontend/i_btb/_22547_ not found.
[WARNING STA-1648] ./results/nangate45_3D/ariane133/HBT/6_final.spef line 384813, instance i_frontend/i_btb/_23262_ not found.
[WARNING STA-1648] ./results/nangate45_3D/ariane133/HBT/6_final.spef line 384814, instance i_frontend/i_btb/_23002_ not found.
[WARNING STA-1648] ./results/nangate45_3D/ariane133/HBT/6_final.spef line 384815, instance i_frontend/i_btb/_22287_ not found.
[WARNING STA-1648] ./results/nangate45_3D/ariane133/HBT/6_final.spef line 384816, instance i_frontend/i_btb/_25537_ not found.
[WARNING STA-1648] ./results/nangate45_3D/ariane133/HBT/6_final.spef line 384817, instance i_frontend/i_btb/_22092_ not found.
[WARNING STA-1648] ./results/nangate45_3D/ariane133/HBT/6_final.spef line 384818, instance i_frontend/i_btb/_22417_ not found.
[WARNING STA-1648] ./results/nangate45_3D/ariane133/HBT/6_final.spef line 384819, instance i_frontend/i_btb/_22937_ not found.
[WARNING STA-1648] ./results/nangate45_3D/ariane133/HBT/6_final.spef line 384820, instance i_frontend/i_btb/_25765_ not found.
[WARNING STA-1648] ./results/nangate45_3D/ariane133/HBT/6_final.spef line 384821, instance i_frontend/i_btb/_23430_ not found.
[WARNING STA-1648] ./results/nangate45_3D/ariane133/HBT/6_final.spef line 384822, instance i_frontend/i_btb/_23170_ not found.
[WARNING STA-1648] ./results/nangate45_3D/ariane133/HBT/6_final.spef line 384823, instance i_frontend/i_btb/_25245_ not found.
[WARNING STA-1648] ./results/nangate45_3D/ariane133/HBT/6_final.spef line 384824, instance i_frontend/i_btb/_24795_ not found.
[WARNING STA-1648] ./results/nangate45_3D/ariane133/HBT/6_final.spef line 384825, instance i_frontend/i_btb/_25635_ not found.
[WARNING STA-1648] ./results/nangate45_3D/ariane133/HBT/6_final.spef line 384826, instance i_frontend/i_btb/_24855_ not found.
[WARNING STA-1648] ./results/nangate45_3D/ariane133/HBT/6_final.spef line 384827, instance i_frontend/i_btb/_22390_ not found.
[WARNING STA-1648] ./results/nangate45_3D/ariane133/HBT/6_final.spef line 384828, instance i_frontend/i_btb/_25310_ not found.
[WARNING STA-1648] ./results/nangate45_3D/ariane133/HBT/6_final.spef line 384829, instance i_frontend/i_btb/_25050_ not found.
[WARNING STA-1648] ./results/nangate45_3D/ariane133/HBT/6_final.spef line 384830, instance i_frontend/i_btb/_22710_ not found.
[WARNING STA-1648] ./results/nangate45_3D/ariane133/HBT/6_final.spef line 384831, instance i_frontend/i_fetch_fifo/i_fifo_v3/_8886_ not found.
[WARNING STA-1648] ./results/nangate45_3D/ariane133/HBT/6_final.spef line 384832, instance i_frontend/i_btb/_22260_ not found.
[WARNING STA-1648] ./results/nangate45_3D/ariane133/HBT/6_final.spef line 384833, instance i_frontend/i_btb/_23555_ not found.
[WARNING STA-1648] ./results/nangate45_3D/ariane133/HBT/6_final.spef line 384834, instance i_frontend/i_btb/_24595_ not found.
[WARNING STA-1648] ./results/nangate45_3D/ariane133/HBT/6_final.spef line 384835, instance i_frontend/i_btb/_21865_ not found.
[WARNING STA-1648] ./results/nangate45_3D/ariane133/HBT/6_final.spef line 384836, instance i_frontend/i_btb/_23945_ not found.
[WARNING STA-1648] ./results/nangate45_3D/ariane133/HBT/6_final.spef line 384837, instance i_frontend/i_btb/_21935_ not found.
[WARNING STA-1648] ./results/nangate45_3D/ariane133/HBT/6_final.spef line 384838, instance i_frontend/i_btb/_21930_ not found.
[WARNING STA-1648] ./results/nangate45_3D/ariane133/HBT/6_final.spef line 384839, instance i_frontend/i_btb/_23560_ not found.
[WARNING STA-1648] ./results/nangate45_3D/ariane133/HBT/6_final.spef line 384840, instance i_frontend/i_btb/_23230_ not found.
[WARNING STA-1648] ./results/nangate45_3D/ariane133/HBT/6_final.spef line 384841, instance i_frontend/i_btb/_22970_ not found.
[WARNING STA-1648] ./results/nangate45_3D/ariane133/HBT/6_final.spef line 384842, instance i_frontend/i_btb/_23950_ not found.
[WARNING STA-1648] ./results/nangate45_3D/ariane133/HBT/6_final.spef line 384843, instance i_frontend/i_btb/_21889_ not found.
[WARNING STA-1648] ./results/nangate45_3D/ariane133/HBT/6_final.spef line 384844, instance i_frontend/i_btb/_22929_ not found.
[WARNING STA-1648] ./results/nangate45_3D/ariane133/HBT/6_final.spef line 384845, instance i_frontend/i_btb/_21954_ not found.
[WARNING STA-1648] ./results/nangate45_3D/ariane133/HBT/6_final.spef line 384846, instance i_frontend/i_btb/_23969_ not found.
[WARNING STA-1648] ./results/nangate45_3D/ariane133/HBT/6_final.spef line 384847, instance i_frontend/i_btb/_23962_ not found.
[WARNING STA-1648] ./results/nangate45_3D/ariane133/HBT/6_final.spef line 384848, instance i_frontend/i_btb/_21988_ not found.
[WARNING STA-1648] ./results/nangate45_3D/ariane133/HBT/6_final.spef line 384849, instance i_frontend/i_btb/_23572_ not found.
[WARNING STA-1648] ./results/nangate45_3D/ariane133/HBT/6_final.spef line 384850, instance i_frontend/i_btb/_21947_ not found.
[WARNING STA-1648] ./results/nangate45_3D/ariane133/HBT/6_final.spef line 384851, instance i_frontend/i_btb/_21994_ not found.
[WARNING STA-1648] ./results/nangate45_3D/ariane133/HBT/6_final.spef line 384852, instance i_frontend/i_btb/_23424_ not found.
[WARNING STA-1648] ./results/nangate45_3D/ariane133/HBT/6_final.spef line 384853, instance i_frontend/i_btb/_25633_ not found.
[WARNING STA-1648] ./results/nangate45_3D/ariane133/HBT/6_final.spef line 384854, instance i_frontend/i_btb/_23943_ not found.
[WARNING STA-1648] ./results/nangate45_3D/ariane133/HBT/6_final.spef line 384855, instance i_frontend/i_btb/_21863_ not found.
[WARNING STA-1648] ./results/nangate45_3D/ariane133/HBT/6_final.spef line 384856, instance i_frontend/i_btb/_22253_ not found.
[WARNING STA-1648] ./results/nangate45_3D/ariane133/HBT/6_final.spef line 384857, instance i_frontend/i_btb/_23553_ not found.
[WARNING STA-1648] ./results/nangate45_3D/ariane133/HBT/6_final.spef line 384858, instance i_frontend/i_btb/_21928_ not found.
[WARNING STA-1648] ./results/nangate45_3D/ariane133/HBT/6_final.spef line 384859, instance i_frontend/i_btb/_24593_ not found.
[WARNING STA-1648] ./results/nangate45_3D/ariane133/HBT/6_final.spef line 384860, instance i_frontend/i_btb/_22903_ not found.
[WARNING STA-1648] ./results/nangate45_3D/ariane133/HBT/6_final.spef line 384861, instance i_frontend/i_btb/_24597_ not found.
[WARNING STA-1648] ./results/nangate45_3D/ariane133/HBT/6_final.spef line 384862, instance i_frontend/i_btb/_21995_ not found.
[WARNING STA-1648] ./results/nangate45_3D/ariane133/HBT/6_final.spef line 384863, instance i_frontend/i_btb/_22712_ not found.
[WARNING STA-1648] ./results/nangate45_3D/ariane133/HBT/6_final.spef line 384864, instance i_frontend/i_btb/_23947_ not found.
[WARNING STA-1648] ./results/nangate45_3D/ariane133/HBT/6_final.spef line 384865, instance i_frontend/i_btb/_22257_ not found.
[WARNING STA-1648] ./results/nangate45_3D/ariane133/HBT/6_final.spef line 384866, instance i_frontend/i_btb/_21929_ not found.
[WARNING STA-1648] ./results/nangate45_3D/ariane133/HBT/6_final.spef line 384867, instance i_frontend/i_btb/_24283_ not found.
[WARNING STA-1648] ./results/nangate45_3D/ariane133/HBT/6_final.spef line 384868, instance i_frontend/i_btb/_21943_ not found.
[WARNING STA-1648] ./results/nangate45_3D/ariane133/HBT/6_final.spef line 384869, instance i_frontend/i_btb/_24853_ not found.
[WARNING STA-1648] ./results/nangate45_3D/ariane133/HBT/6_final.spef line 384870, instance issue_stage_i/i_scoreboard/_62060_ not found.
[WARNING STA-1648] ./results/nangate45_3D/ariane133/HBT/6_final.spef line 384871, instance i_frontend/i_btb/_23431_ not found.
[WARNING STA-1648] ./results/nangate45_3D/ariane133/HBT/6_final.spef line 384872, instance i_frontend/i_btb/_25771_ not found.
[WARNING STA-1648] ./results/nangate45_3D/ariane133/HBT/6_final.spef line 384873, instance i_frontend/i_btb/_24341_ not found.
[WARNING STA-1648] ./results/nangate45_3D/ariane133/HBT/6_final.spef line 384874, instance i_frontend/i_btb/_25583_ not found.
[WARNING STA-1648] ./results/nangate45_3D/ariane133/HBT/6_final.spef line 384875, instance i_frontend/i_btb/_21683_ not found.
[WARNING STA-1648] ./results/nangate45_3D/ariane133/HBT/6_final.spef line 384876, instance i_frontend/i_btb/_25128_ not found.
[WARNING STA-1648] ./results/nangate45_3D/ariane133/HBT/6_final.spef line 384877, instance i_frontend/i_btb/_23359_ not found.
[WARNING STA-1648] ./results/nangate45_3D/ariane133/HBT/6_final.spef line 384878, instance i_frontend/i_btb/_25569_ not found.
[WARNING STA-1648] ./results/nangate45_3D/ariane133/HBT/6_final.spef line 384879, instance i_frontend/i_btb/_25114_ not found.
[WARNING STA-1648] ./results/nangate45_3D/ariane133/HBT/6_final.spef line 384880, instance i_frontend/i_btb/_23353_ not found.
[WARNING STA-1648] ./results/nangate45_3D/ariane133/HBT/6_final.spef line 384881, instance i_frontend/i_btb/_25563_ not found.
[WARNING STA-1648] ./results/nangate45_3D/ariane133/HBT/6_final.spef line 384882, instance i_frontend/i_btb/_21878_ not found.
[WARNING STA-1648] ./results/nangate45_3D/ariane133/HBT/6_final.spef line 384883, instance i_frontend/i_btb/_24998_ not found.
[WARNING STA-1648] ./results/nangate45_3D/ariane133/HBT/6_final.spef line 384884, instance i_frontend/i_btb/_25648_ not found.
[WARNING STA-1648] ./results/nangate45_3D/ariane133/HBT/6_final.spef line 384885, instance i_frontend/i_btb/_22788_ not found.
[WARNING STA-1648] ./results/nangate45_3D/ariane133/HBT/6_final.spef line 384886, instance i_frontend/i_btb/_21813_ not found.
[WARNING STA-1648] ./results/nangate45_3D/ariane133/HBT/6_final.spef line 384887, instance i_frontend/i_btb/_21864_ not found.
[WARNING STA-1648] ./results/nangate45_3D/ariane133/HBT/6_final.spef line 384888, instance i_frontend/i_btb/_23418_ not found.
[WARNING STA-1648] ./results/nangate45_3D/ariane133/HBT/6_final.spef line 384889, instance i_frontend/i_btb/_24204_ not found.
[WARNING STA-1648] ./results/nangate45_3D/ariane133/HBT/6_final.spef line 384890, instance i_frontend/i_btb/_24796_ not found.
[WARNING STA-1648] ./results/nangate45_3D/ariane133/HBT/6_final.spef line 384891, instance i_frontend/i_btb/_22391_ not found.
[WARNING STA-1648] ./results/nangate45_3D/ariane133/HBT/6_final.spef line 384892, instance i_frontend/i_btb/_24673_ not found.
[WARNING STA-1648] ./results/nangate45_3D/ariane133/HBT/6_final.spef line 384893, instance i_frontend/i_btb/_23438_ not found.
[WARNING STA-1648] ./results/nangate45_3D/ariane133/HBT/6_final.spef line 384894, instance i_frontend/i_btb/_23958_ not found.
[WARNING STA-1648] ./results/nangate45_3D/ariane133/HBT/6_final.spef line 384895, instance i_frontend/i_btb/_24608_ not found.
[WARNING STA-1648] ./results/nangate45_3D/ariane133/HBT/6_final.spef line 384896, instance i_frontend/i_btb/_22716_ not found.
[WARNING STA-1648] ./results/nangate45_3D/ariane133/HBT/6_final.spef line 384897, instance i_frontend/i_btb/_24343_ not found.
[WARNING STA-1648] ./results/nangate45_3D/ariane133/HBT/6_final.spef line 384898, instance i_frontend/i_btb/_24798_ not found.
[WARNING STA-1648] ./results/nangate45_3D/ariane133/HBT/6_final.spef line 384899, instance i_frontend/i_btb/_25762_ not found.
[WARNING STA-1648] ./results/nangate45_3D/ariane133/HBT/6_final.spef line 384900, instance i_frontend/i_btb/_25372_ not found.
[WARNING STA-1648] ./results/nangate45_3D/ariane133/HBT/6_final.spef line 384901, instance i_frontend/i_btb/_23617_ not found.
[WARNING STA-1648] ./results/nangate45_3D/ariane133/HBT/6_final.spef line 384902, instance i_frontend/i_btb/_24202_ not found.
[WARNING STA-1648] ./results/nangate45_3D/ariane133/HBT/6_final.spef line 384903, instance i_frontend/i_btb/_23487_ not found.
[WARNING STA-1648] ./results/nangate45_3D/ariane133/HBT/6_final.spef line 384904, instance i_frontend/i_btb/_22642_ not found.
[WARNING STA-1648] ./results/nangate45_3D/ariane133/HBT/6_final.spef line 384905, instance i_frontend/i_btb/_25437_ not found.
[WARNING STA-1648] ./results/nangate45_3D/ariane133/HBT/6_final.spef line 384906, instance i_frontend/i_btb/_23097_ not found.
[WARNING STA-1648] ./results/nangate45_3D/ariane133/HBT/6_final.spef line 384907, instance i_frontend/i_btb/_25632_ not found.
[WARNING STA-1648] ./results/nangate45_3D/ariane133/HBT/6_final.spef line 384908, instance i_frontend/i_btb/_22707_ not found.
[WARNING STA-1648] ./results/nangate45_3D/ariane133/HBT/6_final.spef line 384909, instance i_frontend/i_btb/_21797_ not found.
[WARNING STA-1648] ./results/nangate45_3D/ariane133/HBT/6_final.spef line 384910, instance i_frontend/i_btb/_23433_ not found.
[WARNING STA-1648] ./results/nangate45_3D/ariane133/HBT/6_final.spef line 384911, instance i_frontend/i_btb/_23173_ not found.
[WARNING STA-1648] ./results/nangate45_3D/ariane133/HBT/6_final.spef line 384912, instance i_frontend/i_btb/_24218_ not found.
[WARNING STA-1648] ./results/nangate45_3D/ariane133/HBT/6_final.spef line 384913, instance i_frontend/i_btb/_22384_ not found.
[WARNING STA-1648] ./results/nangate45_3D/ariane133/HBT/6_final.spef line 384914, instance i_frontend/i_btb/_22398_ not found.
[WARNING STA-1648] ./results/nangate45_3D/ariane133/HBT/6_final.spef line 384915, instance i_frontend/i_btb/_22393_ not found.
[WARNING STA-1648] ./results/nangate45_3D/ariane133/HBT/6_final.spef line 384916, instance i_frontend/i_btb/_25773_ not found.
[WARNING STA-1648] ./results/nangate45_3D/ariane133/HBT/6_final.spef line 384917, instance i_frontend/i_btb/_25383_ not found.
[WARNING STA-1648] ./results/nangate45_3D/ariane133/HBT/6_final.spef line 384918, instance i_frontend/i_btb/_25253_ not found.
[WARNING STA-1648] ./results/nangate45_3D/ariane133/HBT/6_final.spef line 384919, instance i_frontend/i_btb/_21936_ not found.
[WARNING STA-1648] ./results/nangate45_3D/ariane133/HBT/6_final.spef line 384920, instance i_frontend/i_btb/_23563_ not found.
[WARNING STA-1648] ./results/nangate45_3D/ariane133/HBT/6_final.spef line 384921, instance i_frontend/i_btb/_24601_ not found.
[WARNING STA-1648] ./results/nangate45_3D/ariane133/HBT/6_final.spef line 384922, instance i_frontend/i_btb/_21871_ not found.
[WARNING STA-1648] ./results/nangate45_3D/ariane133/HBT/6_final.spef line 384923, instance i_frontend/i_btb/_23951_ not found.
[WARNING STA-1648] ./results/nangate45_3D/ariane133/HBT/6_final.spef line 384924, instance i_frontend/i_btb/_22911_ not found.
[WARNING STA-1648] ./results/nangate45_3D/ariane133/HBT/6_final.spef line 384925, instance i_frontend/i_btb/_25296_ not found.
[WARNING STA-1648] ./results/nangate45_3D/ariane133/HBT/6_final.spef line 384926, instance i_frontend/i_btb/_23216_ not found.
[WARNING STA-1648] ./results/nangate45_3D/ariane133/HBT/6_final.spef line 384927, instance i_frontend/i_btb/_21873_ not found.
[WARNING STA-1648] ./results/nangate45_3D/ariane133/HBT/6_final.spef line 384928, instance i_frontend/i_btb/_22263_ not found.
[WARNING STA-1648] ./results/nangate45_3D/ariane133/HBT/6_final.spef line 384929, instance i_frontend/i_btb/_22261_ not found.
[WARNING STA-1648] ./results/nangate45_3D/ariane133/HBT/6_final.spef line 384930, instance i_frontend/i_btb/_23561_ not found.
[WARNING STA-1648] ./results/nangate45_3D/ariane133/HBT/6_final.spef line 384931, instance i_frontend/i_btb/_22008_ not found.
[WARNING STA-1648] ./results/nangate45_3D/ariane133/HBT/6_final.spef line 384932, instance i_frontend/i_btb/_25381_ not found.
[WARNING STA-1648] ./results/nangate45_3D/ariane133/HBT/6_final.spef line 384933, instance i_frontend/i_btb/_25251_ not found.
[WARNING STA-1648] ./results/nangate45_3D/ariane133/HBT/6_final.spef line 384934, instance i_frontend/i_btb/_24478_ not found.
[WARNING STA-1648] ./results/nangate45_3D/ariane133/HBT/6_final.spef line 384935, instance i_frontend/i_btb/_23171_ not found.
[WARNING STA-1648] ./results/nangate45_3D/ariane133/HBT/6_final.spef line 384936, instance i_frontend/i_btb/_24458_ not found.
[WARNING STA-1648] ./results/nangate45_3D/ariane133/HBT/6_final.spef line 384937, instance i_frontend/i_btb/_23938_ not found.
[WARNING STA-1648] ./results/nangate45_3D/ariane133/HBT/6_final.spef line 384938, instance i_frontend/i_btb/_24659_ not found.
[WARNING STA-1648] ./results/nangate45_3D/ariane133/HBT/6_final.spef line 384939, instance i_frontend/i_btb/_24269_ not found.
[WARNING STA-1648] ./results/nangate45_3D/ariane133/HBT/6_final.spef line 384940, instance i_frontend/i_btb/_23944_ not found.
[WARNING STA-1648] ./results/nangate45_3D/ariane133/HBT/6_final.spef line 384941, instance i_frontend/i_btb/_22727_ not found.
[WARNING STA-1648] ./results/nangate45_3D/ariane133/HBT/6_final.spef line 384942, instance i_frontend/i_btb/_23948_ not found.
[WARNING STA-1648] ./results/nangate45_3D/ariane133/HBT/6_final.spef line 384943, instance i_frontend/i_btb/_21868_ not found.
[WARNING STA-1648] ./results/nangate45_3D/ariane133/HBT/6_final.spef line 384944, instance i_frontend/i_btb/_22258_ not found.
[WARNING STA-1648] ./results/nangate45_3D/ariane133/HBT/6_final.spef line 384945, instance i_frontend/i_btb/_23573_ not found.
[WARNING STA-1648] ./results/nangate45_3D/ariane133/HBT/6_final.spef line 384946, instance issue_stage_i/i_scoreboard/_62353_ not found.
[WARNING STA-1648] ./results/nangate45_3D/ariane133/HBT/6_final.spef line 384947, instance issue_stage_i/i_scoreboard/_62716_ not found.
[WARNING STA-1648] ./results/nangate45_3D/ariane133/HBT/6_final.spef line 384948, instance issue_stage_i/i_scoreboard/_63079_ not found.
[WARNING STA-1648] ./results/nangate45_3D/ariane133/HBT/6_final.spef line 384949, instance issue_stage_i/i_scoreboard/_63805_ not found.
[WARNING STA-1648] ./results/nangate45_3D/ariane133/HBT/6_final.spef line 384950, instance issue_stage_i/i_scoreboard/_62108_ not found.
[WARNING STA-1648] ./results/nangate45_3D/ariane133/HBT/6_final.spef line 384951, instance issue_stage_i/i_scoreboard/_62471_ not found.
[WARNING STA-1648] ./results/nangate45_3D/ariane133/HBT/6_final.spef line 384952, instance issue_stage_i/i_scoreboard/_63560_ not found.
[WARNING STA-1648] ./results/nangate45_3D/ariane133/HBT/6_final.spef line 384953, instance issue_stage_i/i_scoreboard/_63197_ not found.
[WARNING STA-1648] ./results/nangate45_3D/ariane133/HBT/6_final.spef line 384954, instance issue_stage_i/i_scoreboard/_62834_ not found.
[WARNING STA-1648] ./results/nangate45_3D/ariane133/HBT/6_final.spef line 384955, instance issue_stage_i/i_issue_read_operands/_5165_ not found.
[WARNING STA-1648] ./results/nangate45_3D/ariane133/HBT/6_final.spef line 384956, instance issue_stage_i/i_scoreboard/_63511_ not found.
[WARNING STA-1648] ./results/nangate45_3D/ariane133/HBT/6_final.spef line 384957, instance issue_stage_i/i_scoreboard/_62785_ not found.
[WARNING STA-1648] ./results/nangate45_3D/ariane133/HBT/6_final.spef line 384958, instance issue_stage_i/i_scoreboard/_62422_ not found.
[WARNING STA-1648] ./results/nangate45_3D/ariane133/HBT/6_final.spef line 384959, instance issue_stage_i/i_scoreboard/_61696_ not found.
[WARNING STA-1648] ./results/nangate45_3D/ariane133/HBT/6_final.spef line 384960, instance issue_stage_i/i_scoreboard/_62833_ not found.
[WARNING STA-1648] ./results/nangate45_3D/ariane133/HBT/6_final.spef line 384961, instance i_frontend/i_btb/_23557_ not found.
[WARNING STA-1648] ./results/nangate45_3D/ariane133/HBT/6_final.spef line 384962, instance i_frontend/i_btb/_21867_ not found.
[WARNING STA-1648] ./results/nangate45_3D/ariane133/HBT/6_final.spef line 384963, instance i_frontend/i_btb/_22265_ not found.
[WARNING STA-1648] ./results/nangate45_3D/ariane133/HBT/6_final.spef line 384964, instance i_frontend/i_btb/_23558_ not found.
[WARNING STA-1648] ./results/nangate45_3D/ariane133/HBT/6_final.spef line 384965, instance i_frontend/i_btb/_22713_ not found.
[WARNING STA-1648] ./results/nangate45_3D/ariane133/HBT/6_final.spef line 384966, instance i_frontend/i_btb/_22907_ not found.
[WARNING STA-1648] ./results/nangate45_3D/ariane133/HBT/6_final.spef line 384967, instance i_frontend/i_btb/_25572_ not found.
[WARNING STA-1648] ./results/nangate45_3D/ariane133/HBT/6_final.spef line 384968, instance i_frontend/i_btb/_24272_ not found.
[WARNING STA-1648] ./results/nangate45_3D/ariane133/HBT/6_final.spef line 384969, instance i_frontend/i_btb/_21932_ not found.
[WARNING STA-1648] ./results/nangate45_3D/ariane133/HBT/6_final.spef line 384970, instance i_frontend/i_btb/_24598_ not found.
[WARNING STA-1648] ./results/nangate45_3D/ariane133/HBT/6_final.spef line 384971, instance i_frontend/i_btb/_21802_ not found.
[WARNING STA-1648] ./results/nangate45_3D/ariane133/HBT/6_final.spef line 384972, instance i_frontend/i_btb/_23492_ not found.
[WARNING STA-1648] ./results/nangate45_3D/ariane133/HBT/6_final.spef line 384973, instance i_frontend/i_btb/_23514_ not found.
[WARNING STA-1648] ./results/nangate45_3D/ariane133/HBT/6_final.spef line 384974, instance issue_stage_i/i_issue_read_operands/_5113_ not found.
[WARNING STA-1648] ./results/nangate45_3D/ariane133/HBT/6_final.spef line 384975, instance i_frontend/i_btb/_22322_ not found.
[WARNING STA-1648] ./results/nangate45_3D/ariane133/HBT/6_final.spef line 384976, instance i_frontend/i_btb/_21933_ not found.
[WARNING STA-1648] ./results/nangate45_3D/ariane133/HBT/6_final.spef line 384977, instance i_frontend/i_btb/_21824_ not found.
[WARNING STA-1648] ./results/nangate45_3D/ariane133/HBT/6_final.spef line 384978, instance i_frontend/i_btb/_22908_ not found.
[WARNING STA-1648] ./results/nangate45_3D/ariane133/HBT/6_final.spef line 384979, instance i_frontend/i_btb/_23565_ not found.
[WARNING STA-1648] ./results/nangate45_3D/ariane133/HBT/6_final.spef line 384980, instance i_frontend/i_btb/_22720_ not found.
[WARNING STA-1648] ./results/nangate45_3D/ariane133/HBT/6_final.spef line 384981, instance i_frontend/i_btb/_21940_ not found.
[WARNING STA-1648] ./results/nangate45_3D/ariane133/HBT/6_final.spef line 384982, instance i_frontend/i_btb/_23955_ not found.
[WARNING STA-1648] ./results/nangate45_3D/ariane133/HBT/6_final.spef line 384983, instance issue_stage_i/i_scoreboard/_62793_ not found.
[WARNING STA-1648] ./results/nangate45_3D/ariane133/HBT/6_final.spef line 384984, instance issue_stage_i/i_scoreboard/_63519_ not found.
[WARNING STA-1648] ./results/nangate45_3D/ariane133/HBT/6_final.spef line 384985, instance issue_stage_i/i_scoreboard/_63141_ not found.
[WARNING STA-1648] ./results/nangate45_3D/ariane133/HBT/6_final.spef line 384986, instance i_frontend/i_btb/_22915_ not found.
[WARNING STA-1648] ./results/nangate45_3D/ariane133/HBT/6_final.spef line 384987, instance i_frontend/i_btb/_24164_ not found.
[WARNING STA-1648] ./results/nangate45_3D/ariane133/HBT/6_final.spef line 384988, instance i_frontend/i_btb/_24605_ not found.
[WARNING STA-1648] ./results/nangate45_3D/ariane133/HBT/6_final.spef line 384989, instance i_frontend/i_btb/_22728_ not found.
[WARNING STA-1648] ./results/nangate45_3D/ariane133/HBT/6_final.spef line 384990, instance i_frontend/i_btb/_22273_ not found.
[WARNING STA-1648] ./results/nangate45_3D/ariane133/HBT/6_final.spef line 384991, instance i_frontend/i_btb/_22262_ not found.
[WARNING STA-1648] ./results/nangate45_3D/ariane133/HBT/6_final.spef line 384992, instance i_frontend/i_btb/_22717_ not found.
[WARNING STA-1648] ./results/nangate45_3D/ariane133/HBT/6_final.spef line 384993, instance i_frontend/i_btb/_24613_ not found.
[WARNING STA-1648] ./results/nangate45_3D/ariane133/HBT/6_final.spef line 384994, instance i_frontend/i_btb/_21882_ not found.
[WARNING STA-1648] ./results/nangate45_3D/ariane133/HBT/6_final.spef line 384995, instance i_frontend/i_btb/_23562_ not found.
[WARNING STA-1648] ./results/nangate45_3D/ariane133/HBT/6_final.spef line 384996, instance i_frontend/i_btb/_22734_ not found.
[WARNING STA-1648] ./results/nangate45_3D/ariane133/HBT/6_final.spef line 384997, instance i_frontend/i_btb/_24602_ not found.
[WARNING STA-1648] ./results/nangate45_3D/ariane133/HBT/6_final.spef line 384998, instance i_frontend/i_btb/_23423_ not found.
[WARNING STA-1648] ./results/nangate45_3D/ariane133/HBT/6_final.spef line 384999, instance i_frontend/i_btb/_22912_ not found.
[WARNING STA-1648] ./results/nangate45_3D/ariane133/HBT/6_final.spef line 385000, instance i_frontend/i_btb/_21937_ not found.
[WARNING STA-1648] ./results/nangate45_3D/ariane133/HBT/6_final.spef line 385001, instance i_frontend/i_btb/_22923_ not found.
[WARNING STA-1648] ./results/nangate45_3D/ariane133/HBT/6_final.spef line 385002, instance i_frontend/i_btb/_21872_ not found.
[WARNING STA-1648] ./results/nangate45_3D/ariane133/HBT/6_final.spef line 385003, instance i_frontend/i_btb/_23952_ not found.
[WARNING STA-1648] ./results/nangate45_3D/ariane133/HBT/6_final.spef line 385004, instance i_frontend/i_btb/_25243_ not found.
[WARNING STA-1648] ./results/nangate45_3D/ariane133/HBT/6_final.spef line 385005, instance i_frontend/i_btb/_24788_ not found.
[WARNING STA-1648] ./results/nangate45_3D/ariane133/HBT/6_final.spef line 385006, instance i_frontend/i_btb/_22383_ not found.
[WARNING STA-1648] ./results/nangate45_3D/ariane133/HBT/6_final.spef line 385007, instance i_frontend/i_btb/_24333_ not found.
[WARNING STA-1648] ./results/nangate45_3D/ariane133/HBT/6_final.spef line 385008, instance i_frontend/i_btb/_21870_ not found.
[WARNING STA-1648] ./results/nangate45_3D/ariane133/HBT/6_final.spef line 385009, instance i_frontend/i_fetch_fifo/i_fifo_v3/_8539_ not found.
[WARNING STA-1648] ./results/nangate45_3D/ariane133/HBT/6_final.spef line 385010, instance i_frontend/i_btb/_23435_ not found.
[WARNING STA-1648] ./results/nangate45_3D/ariane133/HBT/6_final.spef line 385011, instance i_frontend/i_btb/_24860_ not found.
[WARNING STA-1648] ./results/nangate45_3D/ariane133/HBT/6_final.spef line 385012, instance i_frontend/i_btb/_23175_ not found.
[WARNING STA-1648] ./results/nangate45_3D/ariane133/HBT/6_final.spef line 385013, instance i_frontend/i_btb/_24800_ not found.
[WARNING STA-1648] ./results/nangate45_3D/ariane133/HBT/6_final.spef line 385014, instance i_frontend/i_btb/_23183_ not found.
[WARNING STA-1648] ./results/nangate45_3D/ariane133/HBT/6_final.spef line 385015, instance i_frontend/i_btb/_23443_ not found.
[WARNING STA-1648] ./results/nangate45_3D/ariane133/HBT/6_final.spef line 385016, instance i_frontend/i_btb/_22792_ not found.
[WARNING STA-1648] ./results/nangate45_3D/ariane133/HBT/6_final.spef line 385017, instance i_frontend/i_btb/_22409_ not found.
[WARNING STA-1648] ./results/nangate45_3D/ariane133/HBT/6_final.spef line 385018, instance i_frontend/i_btb/_23247_ not found.
[WARNING STA-1648] ./results/nangate45_3D/ariane133/HBT/6_final.spef line 385019, instance i_frontend/i_btb/_25057_ not found.
[WARNING STA-1648] ./results/nangate45_3D/ariane133/HBT/6_final.spef line 385020, instance i_frontend/i_btb/_25067_ not found.
[WARNING STA-1648] ./results/nangate45_3D/ariane133/HBT/6_final.spef line 385021, instance i_frontend/i_btb/_25763_ not found.
[WARNING STA-1648] ./results/nangate45_3D/ariane133/HBT/6_final.spef line 385022, instance i_frontend/i_btb/_24345_ not found.
[WARNING STA-1648] ./results/nangate45_3D/ariane133/HBT/6_final.spef line 385023, instance i_frontend/i_btb/_25255_ not found.
[WARNING STA-1648] ./results/nangate45_3D/ariane133/HBT/6_final.spef line 385024, instance i_frontend/i_btb/_22395_ not found.
[WARNING STA-1648] ./results/nangate45_3D/ariane133/HBT/6_final.spef line 385025, instance i_frontend/i_btb/_25775_ not found.
[WARNING STA-1648] ./results/nangate45_3D/ariane133/HBT/6_final.spef line 385026, instance i_frontend/i_btb/_25373_ not found.
[WARNING STA-1648] ./results/nangate45_3D/ariane133/HBT/6_final.spef line 385027, instance i_frontend/i_btb/_24872_ not found.
[WARNING STA-1648] ./results/nangate45_3D/ariane133/HBT/6_final.spef line 385028, instance i_frontend/i_btb/_24862_ not found.
[WARNING STA-1648] ./results/nangate45_3D/ariane133/HBT/6_final.spef line 385029, instance i_frontend/i_btb/_23163_ not found.
[WARNING STA-1648] ./results/nangate45_3D/ariane133/HBT/6_final.spef line 385030, instance i_frontend/i_btb/_25642_ not found.
[WARNING STA-1648] ./results/nangate45_3D/ariane133/HBT/6_final.spef line 385031, instance i_frontend/i_btb/_22977_ not found.
[WARNING STA-1648] ./results/nangate45_3D/ariane133/HBT/6_final.spef line 385032, instance i_frontend/i_btb/_25653_ not found.
[WARNING STA-1648] ./results/nangate45_3D/ariane133/HBT/6_final.spef line 385033, instance i_frontend/i_btb/_25652_ not found.
[WARNING STA-1648] ./results/nangate45_3D/ariane133/HBT/6_final.spef line 385034, instance i_frontend/i_btb/_22987_ not found.
[WARNING STA-1648] ./results/nangate45_3D/ariane133/HBT/6_final.spef line 385035, instance i_frontend/i_btb/_23107_ not found.
[WARNING STA-1648] ./results/nangate45_3D/ariane133/HBT/6_final.spef line 385036, instance i_frontend/i_btb/_25327_ not found.
[WARNING STA-1648] ./results/nangate45_3D/ariane133/HBT/6_final.spef line 385037, instance i_frontend/i_btb/_22782_ not found.
[WARNING STA-1648] ./results/nangate45_3D/ariane133/HBT/6_final.spef line 385038, instance i_frontend/i_btb/_23449_ not found.
[WARNING STA-1648] ./results/nangate45_3D/ariane133/HBT/6_final.spef line 385039, instance i_frontend/i_btb/_23427_ not found.
[WARNING STA-1648] ./results/nangate45_3D/ariane133/HBT/6_final.spef line 385040, instance i_frontend/i_btb/_24353_ not found.
[WARNING STA-1648] ./results/nangate45_3D/ariane133/HBT/6_final.spef line 385041, instance i_frontend/i_btb/_22387_ not found.
[WARNING STA-1648] ./results/nangate45_3D/ariane133/HBT/6_final.spef line 385042, instance i_frontend/i_btb/_25385_ not found.
[WARNING STA-1648] ./results/nangate45_3D/ariane133/HBT/6_final.spef line 385043, instance i_frontend/i_btb/_23117_ not found.
[WARNING STA-1648] ./results/nangate45_3D/ariane133/HBT/6_final.spef line 385044, instance i_frontend/i_btb/_22975_ not found.
[WARNING STA-1648] ./results/nangate45_3D/ariane133/HBT/6_final.spef line 385045, instance i_frontend/i_btb/_25640_ not found.
[WARNING STA-1648] ./results/nangate45_3D/ariane133/HBT/6_final.spef line 385046, instance i_frontend/i_btb/_23105_ not found.
[WARNING STA-1648] ./results/nangate45_3D/ariane133/HBT/6_final.spef line 385047, instance i_frontend/i_btb/_25055_ not found.
[WARNING STA-1648] ./results/nangate45_3D/ariane133/HBT/6_final.spef line 385048, instance i_frontend/i_btb/_22780_ not found.
[WARNING STA-1648] ./results/nangate45_3D/ariane133/HBT/6_final.spef line 385049, instance i_frontend/i_btb/_25770_ not found.
[WARNING STA-1648] ./results/nangate45_3D/ariane133/HBT/6_final.spef line 385050, instance i_frontend/i_btb/_25315_ not found.
[WARNING STA-1648] ./results/nangate45_3D/ariane133/HBT/6_final.spef line 385051, instance i_frontend/i_btb/_23235_ not found.
[WARNING STA-1648] ./results/nangate45_3D/ariane133/HBT/6_final.spef line 385052, instance i_frontend/i_btb/_22388_ not found.
[WARNING STA-1648] ./results/nangate45_3D/ariane133/HBT/6_final.spef line 385053, instance i_frontend/i_btb/_22392_ not found.
[WARNING STA-1648] ./results/nangate45_3D/ariane133/HBT/6_final.spef line 385054, instance i_frontend/i_btb/_23428_ not found.
[WARNING STA-1648] ./results/nangate45_3D/ariane133/HBT/6_final.spef line 385055, instance i_frontend/i_btb/_25768_ not found.
[WARNING STA-1648] ./results/nangate45_3D/ariane133/HBT/6_final.spef line 385056, instance i_frontend/i_btb/_25378_ not found.
[WARNING STA-1648] ./results/nangate45_3D/ariane133/HBT/6_final.spef line 385057, instance i_frontend/i_btb/_24797_ not found.
[WARNING STA-1648] ./results/nangate45_3D/ariane133/HBT/6_final.spef line 385058, instance i_frontend/i_btb/_23168_ not found.
[WARNING STA-1648] ./results/nangate45_3D/ariane133/HBT/6_final.spef line 385059, instance i_frontend/i_btb/_24793_ not found.
[WARNING STA-1648] ./results/nangate45_3D/ariane133/HBT/6_final.spef line 385060, instance i_frontend/i_btb/_24338_ not found.
[WARNING STA-1648] ./results/nangate45_3D/ariane133/HBT/6_final.spef line 385061, instance i_frontend/i_btb/_25248_ not found.
[WARNING STA-1648] ./results/nangate45_3D/ariane133/HBT/6_final.spef line 385062, instance i_frontend/i_btb/_25767_ not found.
[WARNING STA-1648] ./results/nangate45_3D/ariane133/HBT/6_final.spef line 385063, instance i_frontend/i_btb/_25377_ not found.
[WARNING STA-1648] ./results/nangate45_3D/ariane133/HBT/6_final.spef line 385064, instance i_frontend/i_btb/_25789_ not found.
[WARNING STA-1648] ./results/nangate45_3D/ariane133/HBT/6_final.spef line 385065, instance i_frontend/i_btb/_25269_ not found.
[WARNING STA-1648] ./results/nangate45_3D/ariane133/HBT/6_final.spef line 385066, instance i_frontend/i_btb/_24359_ not found.
[WARNING STA-1648] ./results/nangate45_3D/ariane133/HBT/6_final.spef line 385067, instance i_frontend/i_btb/_25399_ not found.
[WARNING STA-1648] ./results/nangate45_3D/ariane133/HBT/6_final.spef line 385068, instance i_frontend/i_btb/_25783_ not found.
[WARNING STA-1648] ./results/nangate45_3D/ariane133/HBT/6_final.spef line 385069, instance i_frontend/i_btb/_25393_ not found.
[WARNING STA-1648] ./results/nangate45_3D/ariane133/HBT/6_final.spef line 385070, instance i_frontend/i_btb/_25263_ not found.
[WARNING STA-1648] ./results/nangate45_3D/ariane133/HBT/6_final.spef line 385071, instance i_frontend/i_btb/_24792_ not found.
[WARNING STA-1648] ./results/nangate45_3D/ariane133/HBT/6_final.spef line 385072, instance i_frontend/i_btb/_24814_ not found.
[WARNING STA-1648] ./results/nangate45_3D/ariane133/HBT/6_final.spef line 385073, instance i_frontend/i_btb/_23189_ not found.
[WARNING STA-1648] ./results/nangate45_3D/ariane133/HBT/6_final.spef line 385074, instance i_frontend/i_btb/_25247_ not found.
[WARNING STA-1648] ./results/nangate45_3D/ariane133/HBT/6_final.spef line 385075, instance i_frontend/i_btb/_24337_ not found.
[WARNING STA-1648] ./results/nangate45_3D/ariane133/HBT/6_final.spef line 385076, instance i_frontend/i_btb/_23167_ not found.
[WARNING STA-1648] ./results/nangate45_3D/ariane133/HBT/6_final.spef line 385077, instance i_frontend/i_btb/_22403_ not found.
[WARNING STA-1648] ./results/nangate45_3D/ariane133/HBT/6_final.spef line 385078, instance i_frontend/i_btb/_24808_ not found.
[WARNING STA-1648] ./results/nangate45_3D/ariane133/HBT/6_final.spef line 385079, instance i_frontend/i_btb/_24335_ not found.
[WARNING STA-1648] ./results/nangate45_3D/ariane133/HBT/6_final.spef line 385080, instance i_frontend/i_btb/_22612_ not found.
[WARNING STA-1648] ./results/nangate45_3D/ariane133/HBT/6_final.spef line 385081, instance i_frontend/i_btb/_21637_ not found.
[WARNING STA-1648] ./results/nangate45_3D/ariane133/HBT/6_final.spef line 385082, instance i_frontend/i_btb/_23067_ not found.
[WARNING STA-1648] ./results/nangate45_3D/ariane133/HBT/6_final.spef line 385083, instance i_frontend/i_btb/_25375_ not found.
[WARNING STA-1648] ./results/nangate45_3D/ariane133/HBT/6_final.spef line 385084, instance i_frontend/i_btb/_23457_ not found.
[WARNING STA-1648] ./results/nangate45_3D/ariane133/HBT/6_final.spef line 385085, instance i_frontend/i_btb/_24983_ not found.
[WARNING STA-1648] ./results/nangate45_3D/ariane133/HBT/6_final.spef line 385086, instance i_frontend/i_btb/_24463_ not found.
[WARNING STA-1648] ./results/nangate45_3D/ariane133/HBT/6_final.spef line 385087, instance i_frontend/i_btb/_23293_ not found.
[WARNING STA-1648] ./results/nangate45_3D/ariane133/HBT/6_final.spef line 385088, instance i_frontend/i_btb/_22643_ not found.
[WARNING STA-1648] ./results/nangate45_3D/ariane133/HBT/6_final.spef line 385089, instance i_frontend/i_btb/_25178_ not found.
[WARNING STA-1648] ./results/nangate45_3D/ariane133/HBT/6_final.spef line 385090, instance i_frontend/i_btb/_23813_ not found.
[WARNING STA-1648] ./results/nangate45_3D/ariane133/HBT/6_final.spef line 385091, instance i_frontend/i_btb/_22655_ not found.
[WARNING STA-1648] ./results/nangate45_3D/ariane133/HBT/6_final.spef line 385092, instance i_frontend/i_btb/_25438_ not found.
[WARNING STA-1648] ./results/nangate45_3D/ariane133/HBT/6_final.spef line 385093, instance i_frontend/i_btb/_25450_ not found.
[WARNING STA-1648] ./results/nangate45_3D/ariane133/HBT/6_final.spef line 385094, instance i_frontend/i_btb/_25447_ not found.
[WARNING STA-1648] ./results/nangate45_3D/ariane133/HBT/6_final.spef line 385095, instance i_frontend/i_btb/_22652_ not found.
[WARNING STA-1648] ./results/nangate45_3D/ariane133/HBT/6_final.spef line 385096, instance i_frontend/i_btb/_23302_ not found.
[WARNING STA-1648] ./results/nangate45_3D/ariane133/HBT/6_final.spef line 385097, instance i_frontend/i_btb/_24398_ not found.
[WARNING STA-1648] ./results/nangate45_3D/ariane133/HBT/6_final.spef line 385098, instance i_frontend/i_btb/_25710_ not found.
[WARNING STA-1648] ./results/nangate45_3D/ariane133/HBT/6_final.spef line 385099, instance i_frontend/i_btb/_23370_ not found.
[WARNING STA-1648] ./results/nangate45_3D/ariane133/HBT/6_final.spef line 385100, instance i_frontend/i_btb/_22200_ not found.
[WARNING STA-1648] ./results/nangate45_3D/ariane133/HBT/6_final.spef line 385101, instance i_frontend/i_btb/_25515_ not found.
[WARNING STA-1648] ./results/nangate45_3D/ariane133/HBT/6_final.spef line 385102, instance i_frontend/i_btb/_23760_ not found.
[WARNING STA-1648] ./results/nangate45_3D/ariane133/HBT/6_final.spef line 385103, instance i_frontend/i_btb/_23748_ not found.
[WARNING STA-1648] ./results/nangate45_3D/ariane133/HBT/6_final.spef line 385104, instance i_frontend/i_btb/_21668_ not found.
[WARNING STA-1648] ./results/nangate45_3D/ariane133/HBT/6_final.spef line 385105, instance i_frontend/i_btb/_21680_ not found.
[WARNING STA-1648] ./results/nangate45_3D/ariane133/HBT/6_final.spef line 385106, instance i_frontend/i_btb/_24735_ not found.
[WARNING STA-1648] ./results/nangate45_3D/ariane133/HBT/6_final.spef line 385107, instance i_frontend/i_btb/_23627_ not found.
[WARNING STA-1648] ./results/nangate45_3D/ariane133/HBT/6_final.spef line 385108, instance i_frontend/i_btb/_24017_ not found.
[WARNING STA-1648] ./results/nangate45_3D/ariane133/HBT/6_final.spef line 385109, instance i_frontend/i_btb/_23890_ not found.
[WARNING STA-1648] ./results/nangate45_3D/ariane133/HBT/6_final.spef line 385110, instance i_frontend/i_btb/_25173_ not found.
[WARNING STA-1648] ./results/nangate45_3D/ariane133/HBT/6_final.spef line 385111, instance i_frontend/i_btb/_22448_ not found.
[WARNING STA-1648] ./results/nangate45_3D/ariane133/HBT/6_final.spef line 385112, instance i_frontend/i_btb/_23618_ not found.
[WARNING STA-1648] ./results/nangate45_3D/ariane133/HBT/6_final.spef line 385113, instance i_frontend/i_btb/_24008_ not found.
[WARNING STA-1648] ./results/nangate45_3D/ariane133/HBT/6_final.spef line 385114, instance i_frontend/i_btb/_24528_ not found.
[WARNING STA-1648] ./results/nangate45_3D/ariane133/HBT/6_final.spef line 385115, instance i_frontend/i_btb/_23613_ not found.
[WARNING STA-1648] ./results/nangate45_3D/ariane133/HBT/6_final.spef line 385116, instance i_frontend/i_btb/_23288_ not found.
[WARNING STA-1648] ./results/nangate45_3D/ariane133/HBT/6_final.spef line 385117, instance i_frontend/i_btb/_23483_ not found.
[WARNING STA-1648] ./results/nangate45_3D/ariane133/HBT/6_final.spef line 385118, instance i_frontend/i_btb/_25758_ not found.
[WARNING STA-1648] ./results/nangate45_3D/ariane133/HBT/6_final.spef line 385119, instance i_frontend/i_btb/_22898_ not found.
[WARNING STA-1648] ./results/nangate45_3D/ariane133/HBT/6_final.spef line 385120, instance i_frontend/i_btb/_23873_ not found.
[WARNING STA-1648] ./results/nangate45_3D/ariane133/HBT/6_final.spef line 385121, instance i_frontend/i_btb/_23294_ not found.
[WARNING STA-1648] ./results/nangate45_3D/ariane133/HBT/6_final.spef line 385122, instance i_frontend/i_btb/_24023_ not found.
[WARNING STA-1648] ./results/nangate45_3D/ariane133/HBT/6_final.spef line 385123, instance i_frontend/i_btb/_23893_ not found.
[WARNING STA-1648] ./results/nangate45_3D/ariane133/HBT/6_final.spef line 385124, instance i_frontend/i_btb/_22254_ not found.
[WARNING STA-1648] ./results/nangate45_3D/ariane133/HBT/6_final.spef line 385125, instance i_frontend/i_btb/_23698_ not found.
[WARNING STA-1648] ./results/nangate45_3D/ariane133/HBT/6_final.spef line 385126, instance i_frontend/i_btb/_23503_ not found.
[WARNING STA-1648] ./results/nangate45_3D/ariane133/HBT/6_final.spef line 385127, instance i_frontend/i_btb/_22918_ not found.
[WARNING STA-1648] ./results/nangate45_3D/ariane133/HBT/6_final.spef line 385128, instance i_frontend/i_btb/_25504_ not found.
[WARNING STA-1648] ./results/nangate45_3D/ariane133/HBT/6_final.spef line 385129, instance i_frontend/i_btb/_21748_ not found.
[WARNING STA-1648] ./results/nangate45_3D/ariane133/HBT/6_final.spef line 385130, instance i_frontend/i_btb/_22638_ not found.
[WARNING STA-1648] ./results/nangate45_3D/ariane133/HBT/6_final.spef line 385131, instance i_frontend/i_btb/_22313_ not found.
[WARNING STA-1648] ./results/nangate45_3D/ariane133/HBT/6_final.spef line 385132, instance i_frontend/i_btb/_23028_ not found.
[WARNING STA-1648] ./results/nangate45_3D/ariane133/HBT/6_final.spef line 385133, instance i_frontend/i_btb/_21728_ not found.
[WARNING STA-1648] ./results/nangate45_3D/ariane133/HBT/6_final.spef line 385134, instance i_frontend/i_btb/_25699_ not found.
[WARNING STA-1648] ./results/nangate45_3D/ariane133/HBT/6_final.spef line 385135, instance i_frontend/i_btb/_22189_ not found.
[WARNING STA-1648] ./results/nangate45_3D/ariane133/HBT/6_final.spef line 385136, instance i_frontend/i_btb/_22514_ not found.
[WARNING STA-1648] ./results/nangate45_3D/ariane133/HBT/6_final.spef line 385137, instance i_frontend/i_btb/_23164_ not found.
[WARNING STA-1648] ./results/nangate45_3D/ariane133/HBT/6_final.spef line 385138, instance i_frontend/i_btb/_25043_ not found.
[WARNING STA-1648] ./results/nangate45_3D/ariane133/HBT/6_final.spef line 385139, instance i_frontend/i_btb/_22443_ not found.
[WARNING STA-1648] ./results/nangate45_3D/ariane133/HBT/6_final.spef line 385140, instance i_frontend/i_btb/_23093_ not found.
[WARNING STA-1648] ./results/nangate45_3D/ariane133/HBT/6_final.spef line 385141, instance i_frontend/i_btb/_25277_ not found.
[WARNING STA-1648] ./results/nangate45_3D/ariane133/HBT/6_final.spef line 385142, instance i_frontend/i_btb/_23522_ not found.
[WARNING STA-1648] ./results/nangate45_3D/ariane133/HBT/6_final.spef line 385143, instance i_frontend/i_btb/_22352_ not found.
[WARNING STA-1648] ./results/nangate45_3D/ariane133/HBT/6_final.spef line 385144, instance i_frontend/i_btb/_24432_ not found.
[WARNING STA-1648] ./results/nangate45_3D/ariane133/HBT/6_final.spef line 385145, instance i_frontend/i_btb/_24692_ not found.
[WARNING STA-1648] ./results/nangate45_3D/ariane133/HBT/6_final.spef line 385146, instance i_frontend/i_btb/_25082_ not found.
[WARNING STA-1648] ./results/nangate45_3D/ariane133/HBT/6_final.spef line 385147, instance i_frontend/i_btb/_24172_ not found.
[WARNING STA-1648] ./results/nangate45_3D/ariane133/HBT/6_final.spef line 385148, instance i_frontend/i_btb/_25368_ not found.
[WARNING STA-1648] ./results/nangate45_3D/ariane133/HBT/6_final.spef line 385149, instance i_frontend/i_btb/_22118_ not found.
[WARNING STA-1648] ./results/nangate45_3D/ariane133/HBT/6_final.spef line 385150, instance i_frontend/i_btb/_24003_ not found.
[WARNING STA-1648] ./results/nangate45_3D/ariane133/HBT/6_final.spef line 385151, instance i_frontend/i_btb/_22248_ not found.
[WARNING STA-1648] ./results/nangate45_3D/ariane133/HBT/6_final.spef line 385152, instance i_frontend/i_btb/_22183_ not found.
[WARNING STA-1648] ./results/nangate45_3D/ariane133/HBT/6_final.spef line 385153, instance i_frontend/i_btb/_25693_ not found.
[WARNING STA-1648] ./results/nangate45_3D/ariane133/HBT/6_final.spef line 385154, instance i_frontend/i_btb/_24913_ not found.
[WARNING STA-1648] ./results/nangate45_3D/ariane133/HBT/6_final.spef line 385155, instance i_frontend/i_btb/_25498_ not found.
[WARNING STA-1648] ./results/nangate45_3D/ariane133/HBT/6_final.spef line 385156, instance i_frontend/i_btb/_24085_ not found.
[WARNING STA-1648] ./results/nangate45_3D/ariane133/HBT/6_final.spef line 385157, instance i_frontend/i_btb/_24215_ not found.
[WARNING STA-1648] ./results/nangate45_3D/ariane133/HBT/6_final.spef line 385158, instance i_frontend/i_btb/_24540_ not found.
[WARNING STA-1648] ./results/nangate45_3D/ariane133/HBT/6_final.spef line 385159, instance i_frontend/i_btb/_23878_ not found.
[WARNING STA-1648] ./results/nangate45_3D/ariane133/HBT/6_final.spef line 385160, instance i_frontend/i_btb/_24203_ not found.
[WARNING STA-1648] ./results/nangate45_3D/ariane133/HBT/6_final.spef line 385161, instance i_frontend/i_btb/_23887_ not found.
[WARNING STA-1648] ./results/nangate45_3D/ariane133/HBT/6_final.spef line 385162, instance i_frontend/i_btb/_24082_ not found.
[WARNING STA-1648] ./results/nangate45_3D/ariane133/HBT/6_final.spef line 385163, instance i_frontend/i_btb/_25122_ not found.
[WARNING STA-1648] ./results/nangate45_3D/ariane133/HBT/6_final.spef line 385164, instance i_frontend/i_btb/_21670_ not found.
[WARNING STA-1648] ./results/nangate45_3D/ariane133/HBT/6_final.spef line 385165, instance i_frontend/i_btb/_21675_ not found.
[WARNING STA-1648] ./results/nangate45_3D/ariane133/HBT/6_final.spef line 385166, instance i_frontend/i_btb/_25522_ not found.
[WARNING STA-1648] ./results/nangate45_3D/ariane133/HBT/6_final.spef line 385167, instance i_frontend/i_btb/_24732_ not found.
[WARNING STA-1648] ./results/nangate45_3D/ariane133/HBT/6_final.spef line 385168, instance i_frontend/i_btb/_23750_ not found.
[WARNING STA-1648] ./results/nangate45_3D/ariane133/HBT/6_final.spef line 385169, instance i_frontend/i_btb/_25505_ not found.
[WARNING STA-1648] ./results/nangate45_3D/ariane133/HBT/6_final.spef line 385170, instance i_frontend/i_btb/_24725_ not found.
[WARNING STA-1648] ./results/nangate45_3D/ariane133/HBT/6_final.spef line 385171, instance i_frontend/i_btb/_25120_ not found.
[WARNING STA-1648] ./results/nangate45_3D/ariane133/HBT/6_final.spef line 385172, instance i_frontend/i_btb/_21687_ not found.
[WARNING STA-1648] ./results/nangate45_3D/ariane133/HBT/6_final.spef line 385173, instance i_frontend/i_btb/_22142_ not found.
[WARNING STA-1648] ./results/nangate45_3D/ariane133/HBT/6_final.spef line 385174, instance i_frontend/i_btb/_24730_ not found.
[WARNING STA-1648] ./results/nangate45_3D/ariane133/HBT/6_final.spef line 385175, instance i_frontend/i_btb/_24222_ not found.
[WARNING STA-1648] ./results/nangate45_3D/ariane133/HBT/6_final.spef line 385176, instance i_frontend/i_btb/_25003_ not found.
[WARNING STA-1648] ./results/nangate45_3D/ariane133/HBT/6_final.spef line 385177, instance i_frontend/i_btb/_24988_ not found.
[WARNING STA-1648] ./results/nangate45_3D/ariane133/HBT/6_final.spef line 385178, instance i_frontend/i_btb/_25183_ not found.
[WARNING STA-1648] ./results/nangate45_3D/ariane133/HBT/6_final.spef line 385179, instance i_frontend/i_btb/_23038_ not found.
[WARNING STA-1648] ./results/nangate45_3D/ariane133/HBT/6_final.spef line 385180, instance i_frontend/i_btb/_25132_ not found.
[WARNING STA-1648] ./results/nangate45_3D/ariane133/HBT/6_final.spef line 385181, instance i_frontend/i_btb/_24742_ not found.
[WARNING STA-1648] ./results/nangate45_3D/ariane133/HBT/6_final.spef line 385182, instance i_frontend/i_btb/_25197_ not found.
[WARNING STA-1648] ./results/nangate45_3D/ariane133/HBT/6_final.spef line 385183, instance i_frontend/i_btb/_25002_ not found.
[WARNING STA-1648] ./results/nangate45_3D/ariane133/HBT/6_final.spef line 385184, instance i_frontend/i_btb/_23363_ not found.
[WARNING STA-1648] ./results/nangate45_3D/ariane133/HBT/6_final.spef line 385185, instance i_frontend/i_btb/_22539_ not found.
[WARNING STA-1648] ./results/nangate45_3D/ariane133/HBT/6_final.spef line 385186, instance i_frontend/i_btb/_22533_ not found.
[WARNING STA-1648] ./results/nangate45_3D/ariane133/HBT/6_final.spef line 385187, instance i_frontend/_15644_ not found.
[WARNING STA-1648] ./results/nangate45_3D/ariane133/HBT/6_final.spef line 385188, instance i_frontend/_15612_ not found.
[WARNING STA-1648] ./results/nangate45_3D/ariane133/HBT/6_final.spef line 385189, instance i_frontend/_15620_ not found.
[WARNING STA-1648] ./results/nangate45_3D/ariane133/HBT/6_final.spef line 385190, instance i_frontend/i_btb/_22468_ not found.
[WARNING STA-1648] ./results/nangate45_3D/ariane133/HBT/6_final.spef line 385191, instance i_frontend/i_btb/_23898_ not found.
[WARNING STA-1648] ./results/nangate45_3D/ariane133/HBT/6_final.spef line 385192, instance i_frontend/i_btb/_22458_ not found.
[WARNING STA-1648] ./results/nangate45_3D/ariane133/HBT/6_final.spef line 385193, instance i_frontend/i_btb/_23628_ not found.
[WARNING STA-1648] ./results/nangate45_3D/ariane133/HBT/6_final.spef line 385194, instance i_frontend/i_btb/_25123_ not found.
[WARNING STA-1648] ./results/nangate45_3D/ariane133/HBT/6_final.spef line 385195, instance i_frontend/i_btb/_25523_ not found.
[WARNING STA-1648] ./results/nangate45_3D/ariane133/HBT/6_final.spef line 385196, instance i_frontend/_15586_ not found.
[WARNING STA-1648] ./results/nangate45_3D/ariane133/HBT/6_final.spef line 385197, instance i_frontend/_15602_ not found.
[WARNING STA-1648] ./results/nangate45_3D/ariane133/HBT/6_final.spef line 385198, instance i_frontend/_15454_ not found.
[WARNING STA-1648] ./results/nangate45_3D/ariane133/HBT/6_final.spef line 385199, instance i_frontend/_15458_ not found.
[WARNING STA-1648] ./results/nangate45_3D/ariane133/HBT/6_final.spef line 385200, instance i_frontend/_15554_ not found.
[WARNING STA-1648] ./results/nangate45_3D/ariane133/HBT/6_final.spef line 385201, instance i_frontend/_15442_ not found.
[WARNING STA-1648] ./results/nangate45_3D/ariane133/HBT/6_final.spef line 385202, instance i_frontend/i_btb/_25139_ not found.
[WARNING STA-1648] ./results/nangate45_3D/ariane133/HBT/6_final.spef line 385203, instance i_frontend/i_btb/_23774_ not found.
[WARNING STA-1648] ./results/nangate45_3D/ariane133/HBT/6_final.spef line 385204, instance i_frontend/i_btb/_25529_ not found.
[WARNING STA-1648] ./results/nangate45_3D/ariane133/HBT/6_final.spef line 385205, instance i_frontend/i_btb/_24743_ not found.
[WARNING STA-1648] ./results/nangate45_3D/ariane133/HBT/6_final.spef line 385206, instance i_frontend/i_btb/_21688_ not found.
[WARNING STA-1648] ./results/nangate45_3D/ariane133/HBT/6_final.spef line 385207, instance i_frontend/i_btb/_24099_ not found.
[WARNING STA-1648] ./results/nangate45_3D/ariane133/HBT/6_final.spef line 385208, instance i_frontend/i_btb/_24034_ not found.
[WARNING STA-1648] ./results/nangate45_3D/ariane133/HBT/6_final.spef line 385209, instance i_frontend/_15438_ not found.
[WARNING STA-1648] ./results/nangate45_3D/ariane133/HBT/6_final.spef line 385210, instance i_frontend/i_btb/_23644_ not found.
[WARNING STA-1648] ./results/nangate45_3D/ariane133/HBT/6_final.spef line 385211, instance i_frontend/_15494_ not found.
[WARNING STA-1648] ./results/nangate45_3D/ariane133/HBT/6_final.spef line 385212, instance i_frontend/i_btb/_24224_ not found.
[WARNING STA-1648] ./results/nangate45_3D/ariane133/HBT/6_final.spef line 385213, instance i_frontend/i_btb/_24549_ not found.
[WARNING STA-1648] ./results/nangate45_3D/ariane133/HBT/6_final.spef line 385214, instance i_frontend/i_btb/_23899_ not found.
[WARNING STA-1648] ./results/nangate45_3D/ariane133/HBT/6_final.spef line 385215, instance i_frontend/i_btb/_22469_ not found.
[WARNING STA-1648] ./results/nangate45_3D/ariane133/HBT/6_final.spef line 385216, instance i_frontend/i_btb/_22859_ not found.
[WARNING STA-1648] ./results/nangate45_3D/ariane133/HBT/6_final.spef line 385217, instance i_frontend/i_btb/_25524_ not found.
[WARNING STA-1648] ./results/nangate45_3D/ariane133/HBT/6_final.spef line 385218, instance i_frontend/i_btb/_22599_ not found.
[WARNING STA-1648] ./results/nangate45_3D/ariane133/HBT/6_final.spef line 385219, instance i_frontend/i_btb/_23703_ not found.
[WARNING STA-1648] ./results/nangate45_3D/ariane133/HBT/6_final.spef line 385220, instance i_frontend/i_btb/_25134_ not found.
[WARNING STA-1648] ./results/nangate45_3D/ariane133/HBT/6_final.spef line 385221, instance i_frontend/i_btb/_24029_ not found.
[WARNING STA-1648] ./results/nangate45_3D/ariane133/HBT/6_final.spef line 385222, instance i_frontend/i_btb/_23639_ not found.
[WARNING STA-1648] ./results/nangate45_3D/ariane133/HBT/6_final.spef line 385223, instance i_frontend/i_btb/_23769_ not found.
[WARNING STA-1648] ./results/nangate45_3D/ariane133/HBT/6_final.spef line 385224, instance i_frontend/i_btb/_24744_ not found.
[WARNING STA-1648] ./results/nangate45_3D/ariane133/HBT/6_final.spef line 385225, instance i_frontend/i_btb/_24094_ not found.
[WARNING STA-1648] ./results/nangate45_3D/ariane133/HBT/6_final.spef line 385226, instance i_frontend/i_btb/_22474_ not found.
[WARNING STA-1648] ./results/nangate45_3D/ariane133/HBT/6_final.spef line 385227, instance i_frontend/_15582_ not found.
[WARNING STA-1648] ./results/nangate45_3D/ariane133/HBT/6_final.spef line 385228, instance i_frontend/i_btb/_24554_ not found.
[WARNING STA-1648] ./results/nangate45_3D/ariane133/HBT/6_final.spef line 385229, instance i_frontend/i_btb/_24229_ not found.
[WARNING STA-1648] ./results/nangate45_3D/ariane133/HBT/6_final.spef line 385230, instance i_frontend/i_btb/_23904_ not found.
[WARNING STA-1648] ./results/nangate45_3D/ariane133/HBT/6_final.spef line 385231, instance i_frontend/_15476_ not found.
[WARNING STA-1648] ./results/nangate45_3D/ariane133/HBT/6_final.spef line 385232, instance i_frontend/_15508_ not found.
[WARNING STA-1648] ./results/nangate45_3D/ariane133/HBT/6_final.spef line 385233, instance i_frontend/i_btb/_25133_ not found.
[WARNING STA-1648] ./results/nangate45_3D/ariane133/HBT/6_final.spef line 385234, instance i_frontend/i_btb/_24028_ not found.
[WARNING STA-1648] ./results/nangate45_3D/ariane133/HBT/6_final.spef line 385235, instance i_frontend/i_btb/_23768_ not found.
[WARNING STA-1648] ./results/nangate45_3D/ariane133/HBT/6_final.spef line 385236, instance i_frontend/i_btb/_22598_ not found.
[WARNING STA-1648] ./results/nangate45_3D/ariane133/HBT/6_final.spef line 385237, instance i_frontend/i_btb/_22149_ not found.
[WARNING STA-1648] ./results/nangate45_3D/ariane133/HBT/6_final.spef line 385238, instance i_frontend/i_btb/_22858_ not found.
[WARNING STA-1648] ./results/nangate45_3D/ariane133/HBT/6_final.spef line 385239, instance i_frontend/i_btb/_22143_ not found.
[WARNING STA-1648] ./results/nangate45_3D/ariane133/HBT/6_final.spef line 385240, instance i_frontend/i_btb/_24733_ not found.
[WARNING STA-1648] ./results/nangate45_3D/ariane133/HBT/6_final.spef line 385241, instance i_frontend/i_btb/_22864_ not found.
[WARNING STA-1648] ./results/nangate45_3D/ariane133/HBT/6_final.spef line 385242, instance i_frontend/i_btb/_22214_ not found.
[WARNING STA-1648] ./results/nangate45_3D/ariane133/HBT/6_final.spef line 385243, instance i_frontend/i_btb/_23030_ not found.
[WARNING STA-1648] ./results/nangate45_3D/ariane133/HBT/6_final.spef line 385244, instance i_frontend/i_btb/_24980_ not found.
[WARNING STA-1648] ./results/nangate45_3D/ariane133/HBT/6_final.spef line 385245, instance i_frontend/i_btb/_24460_ not found.
[WARNING STA-1648] ./results/nangate45_3D/ariane133/HBT/6_final.spef line 385246, instance i_frontend/i_btb/_21730_ not found.
[WARNING STA-1648] ./results/nangate45_3D/ariane133/HBT/6_final.spef line 385247, instance i_frontend/i_btb/_22055_ not found.
[WARNING STA-1648] ./results/nangate45_3D/ariane133/HBT/6_final.spef line 385248, instance i_frontend/i_btb/_23355_ not found.
[WARNING STA-1648] ./results/nangate45_3D/ariane133/HBT/6_final.spef line 385249, instance i_frontend/i_btb/_25199_ not found.
[WARNING STA-1648] ./results/nangate45_3D/ariane133/HBT/6_final.spef line 385250, instance i_frontend/i_btb/_25719_ not found.
[WARNING STA-1648] ./results/nangate45_3D/ariane133/HBT/6_final.spef line 385251, instance i_frontend/i_btb/_25695_ not found.
[WARNING STA-1648] ./results/nangate45_3D/ariane133/HBT/6_final.spef line 385252, instance i_frontend/i_btb/_24419_ not found.
[WARNING STA-1648] ./results/nangate45_3D/ariane133/HBT/6_final.spef line 385253, instance i_frontend/i_btb/_23314_ not found.
[WARNING STA-1648] ./results/nangate45_3D/ariane133/HBT/6_final.spef line 385254, instance i_frontend/i_btb/_23834_ not found.
[WARNING STA-1648] ./results/nangate45_3D/ariane133/HBT/6_final.spef line 385255, instance i_frontend/i_btb/_24408_ not found.
[WARNING STA-1648] ./results/nangate45_3D/ariane133/HBT/6_final.spef line 385256, instance i_frontend/i_btb/_24944_ not found.
[WARNING STA-1648] ./results/nangate45_3D/ariane133/HBT/6_final.spef line 385257, instance i_frontend/i_btb/_24938_ not found.
[WARNING STA-1648] ./results/nangate45_3D/ariane133/HBT/6_final.spef line 385258, instance i_frontend/i_btb/_21759_ not found.
[WARNING STA-1648] ./results/nangate45_3D/ariane133/HBT/6_final.spef line 385259, instance i_frontend/i_btb/_24483_ not found.
[WARNING STA-1648] ./results/nangate45_3D/ariane133/HBT/6_final.spef line 385260, instance i_frontend/i_btb/_25464_ not found.
[WARNING STA-1648] ./results/nangate45_3D/ariane133/HBT/6_final.spef line 385261, instance i_frontend/_15510_ not found.
[WARNING STA-1648] ./results/nangate45_3D/ariane133/HBT/6_final.spef line 385262, instance i_frontend/_15522_ not found.
[WARNING STA-1648] ./results/nangate45_3D/ariane133/HBT/6_final.spef line 385263, instance i_frontend/i_btb/_24424_ not found.
[WARNING STA-1648] ./results/nangate45_3D/ariane133/HBT/6_final.spef line 385264, instance i_frontend/i_btb/_24489_ not found.
[WARNING STA-1648] ./results/nangate45_3D/ariane133/HBT/6_final.spef line 385265, instance i_frontend/i_btb/_22663_ not found.
[WARNING STA-1648] ./results/nangate45_3D/ariane133/HBT/6_final.spef line 385266, instance i_frontend/i_btb/_23313_ not found.
[WARNING STA-1648] ./results/nangate45_3D/ariane133/HBT/6_final.spef line 385267, instance i_frontend/i_btb/_23303_ not found.
[WARNING STA-1648] ./results/nangate45_3D/ariane133/HBT/6_final.spef line 385268, instance i_frontend/i_btb/_25506_ not found.
[WARNING STA-1648] ./results/nangate45_3D/ariane133/HBT/6_final.spef line 385269, instance i_frontend/i_btb/_23699_ not found.
[WARNING STA-1648] ./results/nangate45_3D/ariane133/HBT/6_final.spef line 385270, instance i_frontend/i_btb/_23309_ not found.
[WARNING STA-1648] ./results/nangate45_3D/ariane133/HBT/6_final.spef line 385271, instance i_frontend/i_btb/_25454_ not found.
[WARNING STA-1648] ./results/nangate45_3D/ariane133/HBT/6_final.spef line 385272, instance i_frontend/i_btb/_23280_ not found.
[WARNING STA-1648] ./results/nangate45_3D/ariane133/HBT/6_final.spef line 385273, instance i_frontend/i_btb/_24385_ not found.
[WARNING STA-1648] ./results/nangate45_3D/ariane133/HBT/6_final.spef line 385274, instance i_frontend/i_btb/_21720_ not found.
[WARNING STA-1648] ./results/nangate45_3D/ariane133/HBT/6_final.spef line 385275, instance i_frontend/i_btb/_22657_ not found.
[WARNING STA-1648] ./results/nangate45_3D/ariane133/HBT/6_final.spef line 385276, instance i_frontend/i_btb/_25452_ not found.
[WARNING STA-1648] ./results/nangate45_3D/ariane133/HBT/6_final.spef line 385277, instance i_frontend/i_btb/_23307_ not found.
[WARNING STA-1648] ./results/nangate45_3D/ariane133/HBT/6_final.spef line 385278, instance i_frontend/i_btb/_22659_ not found.
[WARNING STA-1648] ./results/nangate45_3D/ariane133/HBT/6_final.spef line 385279, instance i_frontend/_15434_ not found.
[WARNING STA-1648] ./results/nangate45_3D/ariane133/HBT/6_final.spef line 385280, instance i_frontend/_15498_ not found.
[WARNING STA-1648] ./results/nangate45_3D/ariane133/HBT/6_final.spef line 385281, instance i_frontend/_15430_ not found.
[WARNING STA-1648] ./results/nangate45_3D/ariane133/HBT/6_final.spef line 385282, instance i_frontend/_15558_ not found.
[WARNING STA-1648] ./results/nangate45_3D/ariane133/HBT/6_final.spef line 385283, instance i_frontend/_15482_ not found.
[WARNING STA-1648] ./results/nangate45_3D/ariane133/HBT/6_final.spef line 385284, instance i_frontend/_15470_ not found.
[WARNING STA-1648] ./results/nangate45_3D/ariane133/HBT/6_final.spef line 385285, instance i_frontend/_15466_ not found.
[WARNING STA-1648] ./results/nangate45_3D/ariane133/HBT/6_final.spef line 385286, instance i_frontend/_15542_ not found.
[WARNING STA-1648] ./results/nangate45_3D/ariane133/HBT/6_final.spef line 385287, instance i_frontend/_15446_ not found.
[WARNING STA-1648] ./results/nangate45_3D/ariane133/HBT/6_final.spef line 385288, instance i_frontend/i_btb/_24414_ not found.
[WARNING STA-1648] ./results/nangate45_3D/ariane133/HBT/6_final.spef line 385289, instance i_frontend/i_btb/_21749_ not found.
[WARNING STA-1648] ./results/nangate45_3D/ariane133/HBT/6_final.spef line 385290, instance i_frontend/i_btb/_24906_ not found.
[WARNING STA-1648] ./results/nangate45_3D/ariane133/HBT/6_final.spef line 385291, instance i_frontend/i_btb/_25426_ not found.
[WARNING STA-1648] ./results/nangate45_3D/ariane133/HBT/6_final.spef line 385292, instance i_frontend/i_btb/_24479_ not found.
[WARNING STA-1648] ./results/nangate45_3D/ariane133/HBT/6_final.spef line 385293, instance i_frontend/i_btb/_24986_ not found.
[WARNING STA-1648] ./results/nangate45_3D/ariane133/HBT/6_final.spef line 385294, instance i_frontend/i_btb/_23816_ not found.
[WARNING STA-1648] ./results/nangate45_3D/ariane133/HBT/6_final.spef line 385295, instance i_frontend/i_btb/_23621_ not found.
[WARNING STA-1648] ./results/nangate45_3D/ariane133/HBT/6_final.spef line 385296, instance i_frontend/i_btb/_25116_ not found.
[WARNING STA-1648] ./results/nangate45_3D/ariane133/HBT/6_final.spef line 385297, instance i_frontend/i_btb/_24011_ not found.
[WARNING STA-1648] ./results/nangate45_3D/ariane133/HBT/6_final.spef line 385298, instance i_frontend/i_btb/_22451_ not found.
[WARNING STA-1648] ./results/nangate45_3D/ariane133/HBT/6_final.spef line 385299, instance i_frontend/i_btb/_23881_ not found.
[WARNING STA-1648] ./results/nangate45_3D/ariane133/HBT/6_final.spef line 385300, instance i_frontend/i_btb/_24076_ not found.
[WARNING STA-1648] ./results/nangate45_3D/ariane133/HBT/6_final.spef line 385301, instance i_frontend/i_btb/_24071_ not found.
[WARNING STA-1648] ./results/nangate45_3D/ariane133/HBT/6_final.spef line 385302, instance i_frontend/i_btb/_23296_ not found.
[WARNING STA-1648] ./results/nangate45_3D/ariane133/HBT/6_final.spef line 385303, instance i_frontend/i_btb/_23876_ not found.
[WARNING STA-1648] ./results/nangate45_3D/ariane133/HBT/6_final.spef line 385304, instance i_frontend/i_btb/_24201_ not found.
[WARNING STA-1648] ./results/nangate45_3D/ariane133/HBT/6_final.spef line 385305, instance i_frontend/i_btb/_24466_ not found.
[WARNING STA-1648] ./results/nangate45_3D/ariane133/HBT/6_final.spef line 385306, instance i_frontend/i_btb/_23686_ not found.
[WARNING STA-1648] ./results/nangate45_3D/ariane133/HBT/6_final.spef line 385307, instance i_frontend/i_btb/_22646_ not found.
[WARNING STA-1648] ./results/nangate45_3D/ariane133/HBT/6_final.spef line 385308, instance i_frontend/i_btb/_22126_ not found.
[WARNING STA-1648] ./results/nangate45_3D/ariane133/HBT/6_final.spef line 385309, instance i_frontend/i_btb/_22841_ not found.
[WARNING STA-1648] ./results/nangate45_3D/ariane133/HBT/6_final.spef line 385310, instance i_frontend/i_btb/_22516_ not found.
[WARNING STA-1648] ./results/nangate45_3D/ariane133/HBT/6_final.spef line 385311, instance i_frontend/i_btb/_22501_ not found.
[WARNING STA-1648] ./results/nangate45_3D/ariane133/HBT/6_final.spef line 385312, instance i_frontend/i_btb/_25166_ not found.
[WARNING STA-1648] ./results/nangate45_3D/ariane133/HBT/6_final.spef line 385313, instance i_frontend/i_btb/_22046_ not found.
[WARNING STA-1648] ./results/nangate45_3D/ariane133/HBT/6_final.spef line 385314, instance i_frontend/i_btb/_23346_ not found.
[WARNING STA-1648] ./results/nangate45_3D/ariane133/HBT/6_final.spef line 385315, instance i_frontend/i_btb/_25005_ not found.
[WARNING STA-1648] ./results/nangate45_3D/ariane133/HBT/6_final.spef line 385316, instance i_frontend/i_btb/_23055_ not found.
[WARNING STA-1648] ./results/nangate45_3D/ariane133/HBT/6_final.spef line 385317, instance i_frontend/i_btb/_25200_ not found.
[WARNING STA-1648] ./results/nangate45_3D/ariane133/HBT/6_final.spef line 385318, instance i_frontend/i_btb/_22621_ not found.
[WARNING STA-1648] ./results/nangate45_3D/ariane133/HBT/6_final.spef line 385319, instance i_frontend/i_btb/_23021_ not found.
[WARNING STA-1648] ./results/nangate45_3D/ariane133/HBT/6_final.spef line 385320, instance i_frontend/i_btb/_23694_ not found.
[WARNING STA-1648] ./results/nangate45_3D/ariane133/HBT/6_final.spef line 385321, instance i_frontend/i_btb/_23673_ not found.
[WARNING STA-1648] ./results/nangate45_3D/ariane133/HBT/6_final.spef line 385322, instance i_frontend/i_btb/_24453_ not found.
[WARNING STA-1648] ./results/nangate45_3D/ariane133/HBT/6_final.spef line 385323, instance i_frontend/i_btb/_24504_ not found.
[WARNING STA-1648] ./results/nangate45_3D/ariane133/HBT/6_final.spef line 385324, instance i_frontend/i_btb/_23283_ not found.
[WARNING STA-1648] ./results/nangate45_3D/ariane133/HBT/6_final.spef line 385325, instance i_frontend/i_btb/_24179_ not found.
[WARNING STA-1648] ./results/nangate45_3D/ariane133/HBT/6_final.spef line 385326, instance i_frontend/i_btb/_25416_ not found.
[WARNING STA-1648] ./results/nangate45_3D/ariane133/HBT/6_final.spef line 385327, instance i_frontend/i_btb/_24896_ not found.
[WARNING STA-1648] ./results/nangate45_3D/ariane133/HBT/6_final.spef line 385328, instance i_frontend/i_btb/_24942_ not found.
[WARNING STA-1648] ./results/nangate45_3D/ariane133/HBT/6_final.spef line 385329, instance i_frontend/i_btb/_23707_ not found.
[WARNING STA-1648] ./results/nangate45_3D/ariane133/HBT/6_final.spef line 385330, instance i_frontend/i_btb/_24030_ not found.
[WARNING STA-1648] ./results/nangate45_3D/ariane133/HBT/6_final.spef line 385331, instance i_frontend/i_btb/_21757_ not found.
[WARNING STA-1648] ./results/nangate45_3D/ariane133/HBT/6_final.spef line 385332, instance i_frontend/i_btb/_23318_ not found.
[WARNING STA-1648] ./results/nangate45_3D/ariane133/HBT/6_final.spef line 385333, instance i_frontend/i_btb/_23317_ not found.
[WARNING STA-1648] ./results/nangate45_3D/ariane133/HBT/6_final.spef line 385334, instance i_frontend/i_btb/_22668_ not found.
[WARNING STA-1648] ./results/nangate45_3D/ariane133/HBT/6_final.spef line 385335, instance i_frontend/i_btb/_23269_ not found.
[WARNING STA-1648] ./results/nangate45_3D/ariane133/HBT/6_final.spef line 385336, instance i_frontend/i_btb/_22619_ not found.
[WARNING STA-1648] ./results/nangate45_3D/ariane133/HBT/6_final.spef line 385337, instance i_frontend/i_btb/_21709_ not found.
[WARNING STA-1648] ./results/nangate45_3D/ariane133/HBT/6_final.spef line 385338, instance i_frontend/i_btb/_24098_ not found.
[WARNING STA-1648] ./results/nangate45_3D/ariane133/HBT/6_final.spef line 385339, instance i_frontend/i_btb/_23643_ not found.
[WARNING STA-1648] ./results/nangate45_3D/ariane133/HBT/6_final.spef line 385340, instance i_frontend/i_btb/_22473_ not found.
[WARNING STA-1648] ./results/nangate45_3D/ariane133/HBT/6_final.spef line 385341, instance i_frontend/i_btb/_23903_ not found.
[WARNING STA-1648] ./results/nangate45_3D/ariane133/HBT/6_final.spef line 385342, instance i_frontend/i_btb/_24090_ not found.
[WARNING STA-1648] ./results/nangate45_3D/ariane133/HBT/6_final.spef line 385343, instance i_frontend/i_btb/_24079_ not found.
[WARNING STA-1648] ./results/nangate45_3D/ariane133/HBT/6_final.spef line 385344, instance i_frontend/i_btb/_23884_ not found.
[WARNING STA-1648] ./results/nangate45_3D/ariane133/HBT/6_final.spef line 385345, instance i_frontend/i_btb/_24209_ not found.
[WARNING STA-1648] ./results/nangate45_3D/ariane133/HBT/6_final.spef line 385346, instance i_frontend/i_btb/_23994_ not found.
[WARNING STA-1648] ./results/nangate45_3D/ariane133/HBT/6_final.spef line 385347, instance i_frontend/i_btb/_22649_ not found.
[WARNING STA-1648] ./results/nangate45_3D/ariane133/HBT/6_final.spef line 385348, instance i_frontend/i_btb/_24910_ not found.
[WARNING STA-1648] ./results/nangate45_3D/ariane133/HBT/6_final.spef line 385349, instance i_frontend/i_btb/_21725_ not found.
[WARNING STA-1648] ./results/nangate45_3D/ariane133/HBT/6_final.spef line 385350, instance i_frontend/i_btb/_24924_ not found.
[WARNING STA-1648] ./results/nangate45_3D/ariane133/HBT/6_final.spef line 385351, instance i_frontend/i_btb/_25130_ not found.
[WARNING STA-1648] ./results/nangate45_3D/ariane133/HBT/6_final.spef line 385352, instance i_frontend/i_btb/_23299_ not found.
[WARNING STA-1648] ./results/nangate45_3D/ariane133/HBT/6_final.spef line 385353, instance i_frontend/i_btb/_25444_ not found.
[WARNING STA-1648] ./results/nangate45_3D/ariane133/HBT/6_final.spef line 385354, instance i_frontend/i_btb/_24025_ not found.
[WARNING STA-1648] ./results/nangate45_3D/ariane133/HBT/6_final.spef line 385355, instance i_frontend/i_btb/_25119_ not found.
[WARNING STA-1648] ./results/nangate45_3D/ariane133/HBT/6_final.spef line 385356, instance i_frontend/i_btb/_24014_ not found.
[WARNING STA-1648] ./results/nangate45_3D/ariane133/HBT/6_final.spef line 385357, instance i_frontend/i_btb/_24534_ not found.
[WARNING STA-1648] ./results/nangate45_3D/ariane133/HBT/6_final.spef line 385358, instance i_frontend/i_btb/_23864_ not found.
[WARNING STA-1648] ./results/nangate45_3D/ariane133/HBT/6_final.spef line 385359, instance i_frontend/i_btb/_24189_ not found.
[WARNING STA-1648] ./results/nangate45_3D/ariane133/HBT/6_final.spef line 385360, instance i_frontend/i_btb/_23874_ not found.
[WARNING STA-1648] ./results/nangate45_3D/ariane133/HBT/6_final.spef line 385361, instance i_frontend/i_btb/_24069_ not found.
[WARNING STA-1648] ./results/nangate45_3D/ariane133/HBT/6_final.spef line 385362, instance i_frontend/i_btb/_24004_ not found.
[WARNING STA-1648] ./results/nangate45_3D/ariane133/HBT/6_final.spef line 385363, instance i_frontend/i_btb/_25109_ not found.
[WARNING STA-1648] ./results/nangate45_3D/ariane133/HBT/6_final.spef line 385364, instance i_frontend/i_btb/_24520_ not found.
[WARNING STA-1648] ./results/nangate45_3D/ariane133/HBT/6_final.spef line 385365, instance i_frontend/i_btb/_24065_ not found.
[WARNING STA-1648] ./results/nangate45_3D/ariane133/HBT/6_final.spef line 385366, instance i_frontend/i_btb/_24195_ not found.
[WARNING STA-1648] ./results/nangate45_3D/ariane133/HBT/6_final.spef line 385367, instance i_frontend/i_btb/_22440_ not found.
[WARNING STA-1648] ./results/nangate45_3D/ariane133/HBT/6_final.spef line 385368, instance i_frontend/i_btb/_25105_ not found.
[WARNING STA-1648] ./results/nangate45_3D/ariane133/HBT/6_final.spef line 385369, instance i_frontend/i_btb/_24000_ not found.
[WARNING STA-1648] ./results/nangate45_3D/ariane133/HBT/6_final.spef line 385370, instance i_frontend/i_btb/_25430_ not found.
[WARNING STA-1648] ./results/nangate45_3D/ariane133/HBT/6_final.spef line 385371, instance i_frontend/i_btb/_22635_ not found.
[WARNING STA-1648] ./results/nangate45_3D/ariane133/HBT/6_final.spef line 385372, instance i_frontend/i_btb/_23285_ not found.
[WARNING STA-1648] ./results/nangate45_3D/ariane133/HBT/6_final.spef line 385373, instance i_frontend/i_btb/_24455_ not found.
[WARNING STA-1648] ./results/nangate45_3D/ariane133/HBT/6_final.spef line 385374, instance i_frontend/i_btb/_24390_ not found.
[WARNING STA-1648] ./results/nangate45_3D/ariane133/HBT/6_final.spef line 385375, instance i_frontend/i_btb/_22156_ not found.
[WARNING STA-1648] ./results/nangate45_3D/ariane133/HBT/6_final.spef line 385376, instance i_frontend/i_btb/_22433_ not found.
[WARNING STA-1648] ./results/nangate45_3D/ariane133/HBT/6_final.spef line 385377, instance i_frontend/i_btb/_22115_ not found.
[WARNING STA-1648] ./results/nangate45_3D/ariane133/HBT/6_final.spef line 385378, instance i_frontend/i_btb/_21660_ not found.
[WARNING STA-1648] ./results/nangate45_3D/ariane133/HBT/6_final.spef line 385379, instance i_frontend/i_btb/_22830_ not found.
[WARNING STA-1648] ./results/nangate45_3D/ariane133/HBT/6_final.spef line 385380, instance i_frontend/_15692_ not found.
[WARNING STA-1648] ./results/nangate45_3D/ariane133/HBT/6_final.spef line 385381, instance i_frontend/_15695_ not found.
[WARNING STA-1648] ./results/nangate45_3D/ariane133/HBT/6_final.spef line 385382, instance i_frontend/_15675_ not found.
[WARNING STA-1648] ./results/nangate45_3D/ariane133/HBT/6_final.spef line 385383, instance i_frontend/_15928_ not found.
[WARNING STA-1648] ./results/nangate45_3D/ariane133/HBT/6_final.spef line 385384, instance i_frontend/_15694_ not found.
[WARNING STA-1648] ./results/nangate45_3D/ariane133/HBT/6_final.spef line 385385, instance i_frontend/_15820_ not found.
[WARNING STA-1648] ./results/nangate45_3D/ariane133/HBT/6_final.spef line 385386, instance i_frontend/i_btb/_23039_ not found.
[WARNING STA-1648] ./results/nangate45_3D/ariane133/HBT/6_final.spef line 385387, instance i_frontend/i_btb/_24989_ not found.
[WARNING STA-1648] ./results/nangate45_3D/ariane133/HBT/6_final.spef line 385388, instance i_frontend/i_btb/_22570_ not found.
[WARNING STA-1648] ./results/nangate45_3D/ariane133/HBT/6_final.spef line 385389, instance i_frontend/i_btb/_22844_ not found.
[WARNING STA-1648] ./results/nangate45_3D/ariane133/HBT/6_final.spef line 385390, instance i_frontend/i_btb/_22064_ not found.
[WARNING STA-1648] ./results/nangate45_3D/ariane133/HBT/6_final.spef line 385391, instance i_frontend/i_btb/_22205_ not found.
[WARNING STA-1648] ./results/nangate45_3D/ariane133/HBT/6_final.spef line 385392, instance i_frontend/i_btb/_24228_ not found.
[WARNING STA-1648] ./results/nangate45_3D/ariane133/HBT/6_final.spef line 385393, instance i_frontend/i_btb/_24745_ not found.
[WARNING STA-1648] ./results/nangate45_3D/ariane133/HBT/6_final.spef line 385394, instance i_frontend/i_btb/_22600_ not found.
[WARNING STA-1648] ./results/nangate45_3D/ariane133/HBT/6_final.spef line 385395, instance i_frontend/i_btb/_22140_ not found.
[WARNING STA-1648] ./results/nangate45_3D/ariane133/HBT/6_final.spef line 385396, instance i_frontend/i_btb/_21693_ not found.
[WARNING STA-1648] ./results/nangate45_3D/ariane133/HBT/6_final.spef line 385397, instance i_frontend/i_btb/_22863_ not found.
[WARNING STA-1648] ./results/nangate45_3D/ariane133/HBT/6_final.spef line 385398, instance i_frontend/i_btb/_21639_ not found.
[WARNING STA-1648] ./results/nangate45_3D/ariane133/HBT/6_final.spef line 385399, instance i_frontend/i_btb/_22174_ not found.
[WARNING STA-1648] ./results/nangate45_3D/ariane133/HBT/6_final.spef line 385400, instance i_frontend/i_btb/_22159_ not found.
[WARNING STA-1648] ./results/nangate45_3D/ariane133/HBT/6_final.spef line 385401, instance i_frontend/i_btb/_24694_ not found.
[WARNING STA-1648] ./results/nangate45_3D/ariane133/HBT/6_final.spef line 385402, instance i_frontend/i_btb/_22029_ not found.
[WARNING STA-1648] ./results/nangate45_3D/ariane133/HBT/6_final.spef line 385403, instance i_frontend/i_btb/_22075_ not found.
[WARNING STA-1648] ./results/nangate45_3D/ariane133/HBT/6_final.spef line 385404, instance i_frontend/i_btb/_23050_ not found.
[WARNING STA-1648] ./results/nangate45_3D/ariane133/HBT/6_final.spef line 385405, instance i_frontend/i_btb/_23344_ not found.
[WARNING STA-1648] ./results/nangate45_3D/ariane133/HBT/6_final.spef line 385406, instance i_frontend/_15693_ not found.
[WARNING STA-1648] ./results/nangate45_3D/ariane133/HBT/6_final.spef line 385407, instance i_frontend/i_btb/_25684_ not found.
[WARNING STA-1648] ./results/nangate45_3D/ariane133/HBT/6_final.spef line 385408, instance i_frontend/i_btb/_22109_ not found.
[WARNING STA-1648] ./results/nangate45_3D/ariane133/HBT/6_final.spef line 385409, instance i_frontend/i_btb/_25489_ not found.
[WARNING STA-1648] ./results/nangate45_3D/ariane133/HBT/6_final.spef line 385410, instance i_frontend/i_btb/_21654_ not found.
[WARNING STA-1648] ./results/nangate45_3D/ariane133/HBT/6_final.spef line 385411, instance i_frontend/i_btb/_22044_ not found.
[WARNING STA-1648] ./results/nangate45_3D/ariane133/HBT/6_final.spef line 385412, instance i_frontend/i_btb/_22094_ not found.
[WARNING STA-1648] ./results/nangate45_3D/ariane133/HBT/6_final.spef line 385413, instance i_frontend/i_btb/_23004_ not found.
[WARNING STA-1648] ./results/nangate45_3D/ariane133/HBT/6_final.spef line 385414, instance i_frontend/i_btb/_25000_ not found.
[WARNING STA-1648] ./results/nangate45_3D/ariane133/HBT/6_final.spef line 385415, instance i_frontend/i_btb/_24954_ not found.
[WARNING STA-1648] ./results/nangate45_3D/ariane133/HBT/6_final.spef line 385416, instance i_frontend/i_btb/_25474_ not found.
[WARNING STA-1648] ./results/nangate45_3D/ariane133/HBT/6_final.spef line 385417, instance i_frontend/i_btb/_23719_ not found.
[WARNING STA-1648] ./results/nangate45_3D/ariane133/HBT/6_final.spef line 385418, instance i_frontend/i_btb/_22595_ not found.
[WARNING STA-1648] ./results/nangate45_3D/ariane133/HBT/6_final.spef line 385419, instance i_frontend/i_btb/_25520_ not found.
[WARNING STA-1648] ./results/nangate45_3D/ariane133/HBT/6_final.spef line 385420, instance i_frontend/i_btb/_22145_ not found.
[WARNING STA-1648] ./results/nangate45_3D/ariane133/HBT/6_final.spef line 385421, instance i_frontend/i_btb/_21690_ not found.
[WARNING STA-1648] ./results/nangate45_3D/ariane133/HBT/6_final.spef line 385422, instance i_frontend/i_btb/_22862_ not found.
[WARNING STA-1648] ./results/nangate45_3D/ariane133/HBT/6_final.spef line 385423, instance i_frontend/i_btb/_22083_ not found.
[WARNING STA-1648] ./results/nangate45_3D/ariane133/HBT/6_final.spef line 385424, instance i_frontend/i_btb/_22212_ not found.
[WARNING STA-1648] ./results/nangate45_3D/ariane133/HBT/6_final.spef line 385425, instance i_frontend/i_btb/_22147_ not found.
[WARNING STA-1648] ./results/nangate45_3D/ariane133/HBT/6_final.spef line 385426, instance i_frontend/i_btb/_24747_ not found.
[WARNING STA-1648] ./results/nangate45_3D/ariane133/HBT/6_final.spef line 385427, instance i_frontend/i_btb/_22602_ not found.
[WARNING STA-1648] ./results/nangate45_3D/ariane133/HBT/6_final.spef line 385428, instance i_frontend/i_btb/_22148_ not found.
[WARNING STA-1648] ./results/nangate45_3D/ariane133/HBT/6_final.spef line 385429, instance i_frontend/i_btb/_22213_ not found.
[WARNING STA-1648] ./results/nangate45_3D/ariane133/HBT/6_final.spef line 385430, instance i_frontend/i_btb/_24734_ not found.
[WARNING STA-1648] ./results/nangate45_3D/ariane133/HBT/6_final.spef line 385431, instance i_frontend/i_btb/_22589_ not found.
[WARNING STA-1648] ./results/nangate45_3D/ariane133/HBT/6_final.spef line 385432, instance i_frontend/i_btb/_25528_ not found.
[WARNING STA-1648] ./results/nangate45_3D/ariane133/HBT/6_final.spef line 385433, instance i_frontend/i_btb/_23773_ not found.
[WARNING STA-1648] ./results/nangate45_3D/ariane133/HBT/6_final.spef line 385434, instance i_frontend/i_btb/_24748_ not found.
[WARNING STA-1648] ./results/nangate45_3D/ariane133/HBT/6_final.spef line 385435, instance i_frontend/i_btb/_22855_ not found.
[WARNING STA-1648] ./results/nangate45_3D/ariane133/HBT/6_final.spef line 385436, instance i_frontend/_15676_ not found.
[WARNING STA-1648] ./results/nangate45_3D/ariane133/HBT/6_final.spef line 385437, instance i_frontend/i_btb/_22860_ not found.
[WARNING STA-1648] ./results/nangate45_3D/ariane133/HBT/6_final.spef line 385438, instance i_frontend/i_btb/_24033_ not found.
[WARNING STA-1648] ./results/nangate45_3D/ariane133/HBT/6_final.spef line 385439, instance i_frontend/i_btb/_24552_ not found.
[WARNING STA-1648] ./results/nangate45_3D/ariane133/HBT/6_final.spef line 385440, instance i_frontend/i_btb/_24049_ not found.
[WARNING STA-1648] ./results/nangate45_3D/ariane133/HBT/6_final.spef line 385441, instance i_frontend/i_btb/_25138_ not found.
[WARNING STA-1648] ./results/nangate45_3D/ariane133/HBT/6_final.spef line 385442, instance i_frontend/i_btb/_23854_ not found.
[WARNING STA-1648] ./results/nangate45_3D/ariane133/HBT/6_final.spef line 385443, instance i_frontend/i_btb/_23902_ not found.
[WARNING STA-1648] ./results/nangate45_3D/ariane133/HBT/6_final.spef line 385444, instance i_frontend/i_btb/_24227_ not found.
[WARNING STA-1648] ./results/nangate45_3D/ariane133/HBT/6_final.spef line 385445, instance i_frontend/_15688_ not found.
[WARNING STA-1648] ./results/nangate45_3D/ariane133/HBT/6_final.spef line 385446, instance i_frontend/_15683_ not found.
[WARNING STA-1648] ./results/nangate45_3D/ariane133/HBT/6_final.spef line 385447, instance i_frontend/_15677_ not found.
[WARNING STA-1648] ./results/nangate45_3D/ariane133/HBT/6_final.spef line 385448, instance i_frontend/_15821_ not found.
[WARNING STA-1648] ./results/nangate45_3D/ariane133/HBT/6_final.spef line 385449, instance i_frontend/i_btb/_24553_ not found.
[WARNING STA-1648] ./results/nangate45_3D/ariane133/HBT/6_final.spef line 385450, instance i_frontend/i_btb/_22465_ not found.
[WARNING STA-1648] ./results/nangate45_3D/ariane133/HBT/6_final.spef line 385451, instance i_frontend/i_btb/_23635_ not found.
[WARNING STA-1648] ./results/nangate45_3D/ariane133/HBT/6_final.spef line 385452, instance i_frontend/i_btb/_24545_ not found.
[WARNING STA-1648] ./results/nangate45_3D/ariane133/HBT/6_final.spef line 385453, instance i_frontend/i_btb/_22129_ not found.
[WARNING STA-1648] ./results/nangate45_3D/ariane133/HBT/6_final.spef line 385454, instance i_frontend/i_btb/_25509_ not found.
[WARNING STA-1648] ./results/nangate45_3D/ariane133/HBT/6_final.spef line 385455, instance i_frontend/i_btb/_22549_ not found.
[WARNING STA-1648] ./results/nangate45_3D/ariane133/HBT/6_final.spef line 385456, instance i_frontend/i_btb/_22809_ not found.
[WARNING STA-1648] ./results/nangate45_3D/ariane133/HBT/6_final.spef line 385457, instance i_frontend/i_btb/_23765_ not found.
[WARNING STA-1648] ./results/nangate45_3D/ariane133/HBT/6_final.spef line 385458, instance i_frontend/i_btb/_22584_ not found.
[WARNING STA-1648] ./results/nangate45_3D/ariane133/HBT/6_final.spef line 385459, instance i_frontend/_15837_ not found.
[WARNING STA-1648] ./results/nangate45_3D/ariane133/HBT/6_final.spef line 385460, instance i_frontend/_15678_ not found.
[WARNING STA-1648] ./results/nangate45_3D/ariane133/HBT/6_final.spef line 385461, instance i_frontend/_15685_ not found.
[WARNING STA-1648] ./results/nangate45_3D/ariane133/HBT/6_final.spef line 385462, instance i_frontend/_15684_ not found.
[WARNING STA-1648] ./results/nangate45_3D/ariane133/HBT/6_final.spef line 385463, instance i_frontend/_15679_ not found.
[WARNING STA-1648] ./results/nangate45_3D/ariane133/HBT/6_final.spef line 385464, instance i_frontend/_15822_ not found.
[WARNING STA-1648] ./results/nangate45_3D/ariane133/HBT/6_final.spef line 385465, instance i_frontend/i_btb/_23734_ not found.
[WARNING STA-1648] ./results/nangate45_3D/ariane133/HBT/6_final.spef line 385466, instance i_frontend/i_btb/_22824_ not found.
[WARNING STA-1648] ./results/nangate45_3D/ariane133/HBT/6_final.spef line 385467, instance i_frontend/_15944_ not found.
[WARNING STA-1648] ./results/nangate45_3D/ariane133/HBT/6_final.spef line 385468, instance i_frontend/_15925_ not found.
[WARNING STA-1648] ./results/nangate45_3D/ariane133/HBT/6_final.spef line 385469, instance i_frontend/_15823_ not found.
[WARNING STA-1648] ./results/nangate45_3D/ariane133/HBT/6_final.spef line 385470, instance i_frontend/_15838_ not found.
[WARNING STA-1648] ./results/nangate45_3D/ariane133/HBT/6_final.spef line 385471, instance i_frontend/i_btb/_21685_ not found.
[WARNING STA-1648] ./results/nangate45_3D/ariane133/HBT/6_final.spef line 385472, instance i_frontend/i_btb/_24740_ not found.
[WARNING STA-1648] ./results/nangate45_3D/ariane133/HBT/6_final.spef line 385473, instance i_frontend/i_btb/_22194_ not found.
[WARNING STA-1648] ./results/nangate45_3D/ariane133/HBT/6_final.spef line 385474, instance i_frontend/i_btb/_24729_ not found.
[WARNING STA-1648] ./results/nangate45_3D/ariane133/HBT/6_final.spef line 385475, instance i_frontend/i_btb/_23624_ not found.
[WARNING STA-1648] ./results/nangate45_3D/ariane133/HBT/6_final.spef line 385476, instance i_frontend/i_btb/_22434_ not found.
[WARNING STA-1648] ./results/nangate45_3D/ariane133/HBT/6_final.spef line 385477, instance i_frontend/i_btb/_24220_ not found.
[WARNING STA-1648] ./results/nangate45_3D/ariane133/HBT/6_final.spef line 385478, instance i_frontend/i_btb/_22454_ not found.
[WARNING STA-1648] ./results/nangate45_3D/ariane133/HBT/6_final.spef line 385479, instance i_frontend/i_btb/_21674_ not found.
[WARNING STA-1648] ./results/nangate45_3D/ariane133/HBT/6_final.spef line 385480, instance i_frontend/i_btb/_23604_ not found.
[WARNING STA-1648] ./results/nangate45_3D/ariane133/HBT/6_final.spef line 385481, instance i_frontend/i_btb/_24514_ not found.
[WARNING STA-1648] ./results/nangate45_3D/ariane133/HBT/6_final.spef line 385482, instance i_frontend/i_btb/_24715_ not found.
[WARNING STA-1648] ./results/nangate45_3D/ariane133/HBT/6_final.spef line 385483, instance i_frontend/i_btb/_22180_ not found.
[WARNING STA-1648] ./results/nangate45_3D/ariane133/HBT/6_final.spef line 385484, instance i_frontend/i_btb/_23740_ not found.
[WARNING STA-1648] ./results/nangate45_3D/ariane133/HBT/6_final.spef line 385485, instance i_frontend/i_btb/_24524_ not found.
[WARNING STA-1648] ./results/nangate45_3D/ariane133/HBT/6_final.spef line 385486, instance i_frontend/i_btb/_25495_ not found.
[WARNING STA-1648] ./results/nangate45_3D/ariane133/HBT/6_final.spef line 385487, instance i_frontend/i_btb/_25690_ not found.
[WARNING STA-1648] ./results/nangate45_3D/ariane133/HBT/6_final.spef line 385488, instance i_frontend/i_btb/_23350_ not found.
[WARNING STA-1648] ./results/nangate45_3D/ariane133/HBT/6_final.spef line 385489, instance i_frontend/i_btb/_22050_ not found.
[WARNING STA-1648] ./results/nangate45_3D/ariane133/HBT/6_final.spef line 385490, instance i_frontend/i_btb/_22108_ not found.
[WARNING STA-1648] ./results/nangate45_3D/ariane133/HBT/6_final.spef line 385491, instance i_frontend/i_btb/_22888_ not found.
[WARNING STA-1648] ./results/nangate45_3D/ariane133/HBT/6_final.spef line 385492, instance i_frontend/i_btb/_22481_ not found.
[WARNING STA-1648] ./results/nangate45_3D/ariane133/HBT/6_final.spef line 385493, instance i_frontend/i_btb/_23083_ not found.
[WARNING STA-1648] ./results/nangate45_3D/ariane133/HBT/6_final.spef line 385494, instance i_frontend/i_btb/_23326_ not found.
[WARNING STA-1648] ./results/nangate45_3D/ariane133/HBT/6_final.spef line 385495, instance i_frontend/i_btb/_22936_ not found.
[WARNING STA-1648] ./results/nangate45_3D/ariane133/HBT/6_final.spef line 385496, instance i_frontend/i_btb/_22221_ not found.
[WARNING STA-1648] ./results/nangate45_3D/ariane133/HBT/6_final.spef line 385497, instance i_frontend/i_btb/_23018_ not found.
[WARNING STA-1648] ./results/nangate45_3D/ariane133/HBT/6_final.spef line 385498, instance i_frontend/_15771_ not found.
[WARNING STA-1648] ./results/nangate45_3D/ariane133/HBT/6_final.spef line 385499, instance i_frontend/_15772_ not found.
[WARNING STA-1648] ./results/nangate45_3D/ariane133/HBT/6_final.spef line 385500, instance i_frontend/i_btb/_23993_ not found.
[WARNING STA-1648] ./results/nangate45_3D/ariane133/HBT/6_final.spef line 385501, instance i_frontend/i_btb/_23863_ not found.
[WARNING STA-1648] ./results/nangate45_3D/ariane133/HBT/6_final.spef line 385502, instance i_frontend/i_btb/_25358_ not found.
[WARNING STA-1648] ./results/nangate45_3D/ariane133/HBT/6_final.spef line 385503, instance i_frontend/i_btb/_21718_ not found.
[WARNING STA-1648] ./results/nangate45_3D/ariane133/HBT/6_final.spef line 385504, instance i_frontend/i_btb/_24903_ not found.
[WARNING STA-1648] ./results/nangate45_3D/ariane133/HBT/6_final.spef line 385505, instance i_frontend/i_btb/_25163_ not found.
[WARNING STA-1648] ./results/nangate45_3D/ariane133/HBT/6_final.spef line 385506, instance i_frontend/i_btb/_23278_ not found.
[WARNING STA-1648] ./results/nangate45_3D/ariane133/HBT/6_final.spef line 385507, instance i_frontend/i_btb/_23603_ not found.
[WARNING STA-1648] ./results/nangate45_3D/ariane133/HBT/6_final.spef line 385508, instance i_frontend/i_btb/_23473_ not found.
[WARNING STA-1648] ./results/nangate45_3D/ariane133/HBT/6_final.spef line 385509, instance i_frontend/i_btb/_25488_ not found.
[WARNING STA-1648] ./results/nangate45_3D/ariane133/HBT/6_final.spef line 385510, instance i_frontend/i_btb/_25683_ not found.
[WARNING STA-1648] ./results/nangate45_3D/ariane133/HBT/6_final.spef line 385511, instance i_frontend/i_btb/_23668_ not found.
[WARNING STA-1648] ./results/nangate45_3D/ariane133/HBT/6_final.spef line 385512, instance i_frontend/i_btb/_24513_ not found.
[WARNING STA-1648] ./results/nangate45_3D/ariane133/HBT/6_final.spef line 385513, instance i_frontend/i_btb/_22043_ not found.
[WARNING STA-1648] ./results/nangate45_3D/ariane133/HBT/6_final.spef line 385514, instance i_frontend/i_btb/_22611_ not found.
[WARNING STA-1648] ./results/nangate45_3D/ariane133/HBT/6_final.spef line 385515, instance i_frontend/i_btb/_22238_ not found.
[WARNING STA-1648] ./results/nangate45_3D/ariane133/HBT/6_final.spef line 385516, instance i_frontend/i_btb/_22173_ not found.
[WARNING STA-1648] ./results/nangate45_3D/ariane133/HBT/6_final.spef line 385517, instance i_frontend/i_btb/_23148_ not found.
[WARNING STA-1648] ./results/nangate45_3D/ariane133/HBT/6_final.spef line 385518, instance i_frontend/i_btb/_22496_ not found.
[WARNING STA-1648] ./results/nangate45_3D/ariane133/HBT/6_final.spef line 385519, instance i_frontend/i_btb/_25681_ not found.
[WARNING STA-1648] ./results/nangate45_3D/ariane133/HBT/6_final.spef line 385520, instance i_frontend/i_btb/_25486_ not found.
[WARNING STA-1648] ./results/nangate45_3D/ariane133/HBT/6_final.spef line 385521, instance i_frontend/i_btb/_22498_ not found.
[WARNING STA-1648] message limit (1000) reached. This message will no longer print.

==========================================================================
finish report_tns
--------------------------------------------------------------------------
tns 0.00

==========================================================================
finish report_wns
--------------------------------------------------------------------------
wns 0.00

==========================================================================
finish report_worst_slack
--------------------------------------------------------------------------
worst slack 0.40

==========================================================================
finish report_check_types -max_slew -max_cap -max_fanout -violators
--------------------------------------------------------------------------
max slew

Pin                                    Limit    Slew   Slack
------------------------------------------------------------
i_cache_subsystem/i_nbdcache/i_miss_handler/_16634_/ZN    0.20    0.83   -0.63 (VIOLATED)
output242/Z                             0.20    0.24   -0.04 (VIOLATED)
output240/Z                             0.20    0.24   -0.04 (VIOLATED)
output238/Z                             0.20    0.23   -0.03 (VIOLATED)
output246/Z                             0.20    0.23   -0.03 (VIOLATED)
output253/Z                             0.20    0.23   -0.03 (VIOLATED)
output341/Z                             0.20    0.22   -0.02 (VIOLATED)
output288/Z                             0.20    0.22   -0.02 (VIOLATED)
output237/Z                             0.20    0.22   -0.02 (VIOLATED)
output225/Z                             0.20    0.22   -0.02 (VIOLATED)
output243/Z                             0.20    0.22   -0.02 (VIOLATED)
output272/Z                             0.20    0.22   -0.02 (VIOLATED)
output326/Z                             0.20    0.22   -0.02 (VIOLATED)
output230/Z                             0.20    0.22   -0.02 (VIOLATED)
output428/Z                             0.20    0.21   -0.01 (VIOLATED)
output217/Z                             0.20    0.21   -0.01 (VIOLATED)
output360/Z                             0.20    0.21   -0.01 (VIOLATED)
output345/Z                             0.20    0.21   -0.01 (VIOLATED)
output417/Z                             0.20    0.21   -0.01 (VIOLATED)
output311/Z                             0.20    0.21   -0.01 (VIOLATED)
output337/Z                             0.20    0.20   -0.00 (VIOLATED)
output224/Z                             0.20    0.20   -0.00 (VIOLATED)
output427/Z                             0.20    0.20   -0.00 (VIOLATED)
output312/Z                             0.20    0.20   -0.00 (VIOLATED)

max capacitance

Pin                                    Limit     Cap   Slack
------------------------------------------------------------
HBT_TOPIN_114895/BOT                  121.15  297.64 -176.49 (VIOLATED)
HBT_TOPIN_180854/BOT                  121.15  295.17 -174.01 (VIOLATED)
HBT_BOTIN_180833/TOP                  121.15  241.93 -120.78 (VIOLATED)
HBT_TOPIN_180657/BOT                  121.15  241.67 -120.52 (VIOLATED)
HBT_TOPIN_180647/BOT                  121.15  240.29 -119.13 (VIOLATED)
HBT_TOPIN_180718/BOT                  121.15  239.69 -118.54 (VIOLATED)
HBT_TOPIN_180656/BOT                  121.15  238.90 -117.74 (VIOLATED)
HBT_TOPIN_180645/BOT                  121.15  236.21 -115.06 (VIOLATED)
HBT_BOTIN_180826/TOP                  121.15  233.01 -111.86 (VIOLATED)
HBT_BOTIN_180834/TOP                  121.15  233.01 -111.86 (VIOLATED)
HBT_TOPIN_180856/BOT                  121.15  226.92 -105.77 (VIOLATED)
HBT_TOPIN_180652/BOT                  121.15  226.58 -105.43 (VIOLATED)
HBT_TOPIN_180748/BOT                  121.15  225.14 -103.99 (VIOLATED)
HBT_TOPIN_180734/BOT                  121.15  222.12 -100.96 (VIOLATED)
HBT_TOPIN_180702/BOT                  121.15  221.88 -100.73 (VIOLATED)
i_cache_subsystem/i_nbdcache/i_miss_handler/_16634_/ZN   16.02  116.06 -100.03 (VIOLATED)
HBT_TOPIN_180683/BOT                  121.15  220.80  -99.65 (VIOLATED)
HBT_TOPIN_180845/BOT                  121.15  219.71  -98.55 (VIOLATED)
HBT_TOPIN_180651/BOT                  121.15  217.87  -96.71 (VIOLATED)
HBT_TOPIN_180663/BOT                  121.15  214.59  -93.44 (VIOLATED)
HBT_TOPIN_180847/BOT                  121.15  214.01  -92.86 (VIOLATED)
HBT_TOPIN_180842/BOT                  121.15  213.67  -92.52 (VIOLATED)
HBT_TOPIN_180837/BOT                  121.15  212.65  -91.50 (VIOLATED)
HBT_BOTIN_180821/TOP                  121.15  211.64  -90.49 (VIOLATED)
HBT_TOPIN_180708/BOT                  121.15  210.87  -89.72 (VIOLATED)
HBT_TOPIN_180701/BOT                  121.15  210.59  -89.43 (VIOLATED)
HBT_TOPIN_180664/BOT                  121.15  210.34  -89.19 (VIOLATED)
HBT_TOPIN_180728/BOT                  121.15  209.05  -87.89 (VIOLATED)
HBT_TOPIN_180707/BOT                  121.15  208.40  -87.24 (VIOLATED)
HBT_BOTIN_180829/TOP                  121.15  208.11  -86.96 (VIOLATED)
HBT_BOTIN_180806/TOP                  121.15  208.09  -86.93 (VIOLATED)
HBT_TOPIN_180775/BOT                  121.15  207.97  -86.81 (VIOLATED)
HBT_BOTIN_180819/TOP                  121.15  205.23  -84.07 (VIOLATED)
HBT_TOPIN_180729/BOT                  121.15  204.69  -83.54 (VIOLATED)
HBT_BOTIN_180823/TOP                  121.15  204.53  -83.38 (VIOLATED)
HBT_TOPIN_180684/BOT                  121.15  203.85  -82.69 (VIOLATED)
HBT_TOPIN_180741/BOT                  121.15  203.76  -82.60 (VIOLATED)
HBT_TOPIN_180726/BOT                  121.15  203.25  -82.10 (VIOLATED)
HBT_TOPIN_180850/BOT                  121.15  203.02  -81.86 (VIOLATED)
HBT_TOPIN_175935/BOT                  121.15  202.68  -81.53 (VIOLATED)
HBT_TOPIN_180784/BOT                  121.15  201.92  -80.77 (VIOLATED)
HBT_TOPIN_180712/BOT                  121.15  200.97  -79.82 (VIOLATED)
HBT_TOPIN_180765/BOT                  121.15  199.95  -78.79 (VIOLATED)
HBT_BOTIN_180668/TOP                  121.15  199.93  -78.78 (VIOLATED)
HBT_BOTIN_180808/TOP                  121.15  199.22  -78.07 (VIOLATED)
HBT_BOTIN_180813/TOP                  121.15  199.19  -78.04 (VIOLATED)
HBT_TOPIN_180844/BOT                  121.15  199.14  -77.98 (VIOLATED)
HBT_TOPIN_180677/BOT                  121.15  199.12  -77.97 (VIOLATED)
HBT_TOPIN_180648/BOT                  121.15  198.66  -77.51 (VIOLATED)
HBT_BOTIN_180618/TOP                  121.15  198.44  -77.28 (VIOLATED)
HBT_TOPIN_175928/BOT                  121.15  198.43  -77.27 (VIOLATED)
HBT_TOPIN_180706/BOT                  121.15  198.42  -77.27 (VIOLATED)
HBT_TOPIN_180742/BOT                  121.15  196.65  -75.49 (VIOLATED)
HBT_TOPIN_180772/BOT                  121.15  195.42  -74.26 (VIOLATED)
HBT_TOPIN_180740/BOT                  121.15  195.34  -74.19 (VIOLATED)
HBT_TOPIN_180848/BOT                  121.15  194.98  -73.83 (VIOLATED)
HBT_TOPIN_178905/BOT                  121.15  193.65  -72.50 (VIOLATED)
HBT_TOPIN_180851/BOT                  121.15  192.81  -71.65 (VIOLATED)
HBT_TOPIN_180770/BOT                  121.15  192.66  -71.50 (VIOLATED)
HBT_TOPIN_175934/BOT                  121.15  192.48  -71.32 (VIOLATED)
HBT_TOPIN_180766/BOT                  121.15  191.86  -70.70 (VIOLATED)
HBT_TOPIN_180692/BOT                  121.15  190.61  -69.46 (VIOLATED)
HBT_TOPIN_180732/BOT                  121.15  189.22  -68.07 (VIOLATED)
HBT_BOTIN_180809/TOP                  121.15  188.52  -67.37 (VIOLATED)
output242/Z                            60.65  127.64  -66.99 (VIOLATED)
HBT_TOPIN_180774/BOT                  121.15  187.86  -66.70 (VIOLATED)
output288/Z                            60.65  127.30  -66.65 (VIOLATED)
output253/Z                            60.65  127.25  -66.60 (VIOLATED)
HBT_TOPIN_180709/BOT                  121.15  187.37  -66.21 (VIOLATED)
output238/Z                            60.65  125.74  -65.09 (VIOLATED)
output240/Z                            60.65  125.73  -65.08 (VIOLATED)
HBT_TOPIN_180839/BOT                  121.15  185.63  -64.47 (VIOLATED)
HBT_TOPIN_180689/BOT                  121.15  185.28  -64.12 (VIOLATED)
HBT_TOPIN_180659/BOT                  121.15  185.20  -64.05 (VIOLATED)
HBT_TOPIN_180625/BOT                  121.15  185.02  -63.86 (VIOLATED)
output246/Z                            60.65  124.51  -63.86 (VIOLATED)
HBT_TOPIN_180836/BOT                  121.15  184.92  -63.76 (VIOLATED)
output341/Z                            60.65  124.37  -63.71 (VIOLATED)
HBT_TOPIN_180777/BOT                  121.15  182.12  -60.97 (VIOLATED)
HBT_TOPIN_180725/BOT                  121.15  181.32  -60.16 (VIOLATED)
HBT_TOPIN_77800/BOT                   121.15  180.79  -59.64 (VIOLATED)
output237/Z                            60.65  119.86  -59.21 (VIOLATED)
HBT_BOTIN_2486/TOP                    121.15  179.94  -58.78 (VIOLATED)
output326/Z                            60.65  119.36  -58.71 (VIOLATED)
output272/Z                            60.65  118.99  -58.34 (VIOLATED)
HBT_TOPIN_180699/BOT                  121.15  178.55  -57.39 (VIOLATED)
output230/Z                            60.65  117.88  -57.23 (VIOLATED)
HBT_TOPIN_180802/BOT                  121.15  178.34  -57.19 (VIOLATED)
HBT_TOPIN_180679/BOT                  121.15  178.19  -57.03 (VIOLATED)
HBT_TOPIN_68910/BOT                   121.15  178.18  -57.02 (VIOLATED)
HBT_TOPIN_180696/BOT                  121.15  178.16  -57.01 (VIOLATED)
output428/Z                            60.65  117.59  -56.94 (VIOLATED)
HBT_BOTIN_180822/TOP                  121.15  177.85  -56.70 (VIOLATED)
output225/Z                            60.65  116.45  -55.79 (VIOLATED)
HBT_BOTIN_180617/TOP                  121.15  176.71  -55.56 (VIOLATED)
output360/Z                            60.65  116.08  -55.43 (VIOLATED)
output417/Z                            60.65  115.51  -54.86 (VIOLATED)
HBT_TOPIN_180723/BOT                  121.15  175.18  -54.03 (VIOLATED)
HBT_TOPIN_180841/BOT                  121.15  175.18  -54.03 (VIOLATED)
HBT_TOPIN_180767/BOT                  121.15  174.70  -53.54 (VIOLATED)
HBT_TOPIN_180778/BOT                  121.15  174.38  -53.23 (VIOLATED)
output243/Z                            60.65  113.74  -53.09 (VIOLATED)
output217/Z                            60.65  112.55  -51.90 (VIOLATED)
HBT_BOTIN_180820/TOP                  121.15  172.52  -51.36 (VIOLATED)
HBT_TOPIN_180680/BOT                  121.15  172.06  -50.90 (VIOLATED)
output311/Z                            60.65  110.60  -49.95 (VIOLATED)
output427/Z                            60.65  109.21  -48.56 (VIOLATED)
HBT_TOPIN_180735/BOT                  121.15  168.89  -47.73 (VIOLATED)
HBT_TOPIN_180719/BOT                  121.15  168.57  -47.42 (VIOLATED)
output421/Z                            60.65  107.44  -46.79 (VIOLATED)
HBT_TOPIN_180691/BOT                  121.15  167.88  -46.72 (VIOLATED)
HBT_TOPIN_178883/BOT                  121.15  167.80  -46.64 (VIOLATED)
output395/Z                            60.65  107.16  -46.51 (VIOLATED)
output345/Z                            60.65  106.94  -46.28 (VIOLATED)
HBT_TOPIN_180688/BOT                  121.15  167.03  -45.88 (VIOLATED)
output312/Z                            60.65  106.29  -45.63 (VIOLATED)
output337/Z                            60.65  105.96  -45.31 (VIOLATED)
output406/Z                            60.65  105.04  -44.39 (VIOLATED)
output404/Z                            60.65  104.02  -43.37 (VIOLATED)
HBT_BOTIN_180824/TOP                  121.15  163.62  -42.47 (VIOLATED)
HBT_TOPIN_180800/BOT                  121.15  163.35  -42.20 (VIOLATED)
output290/Z                            60.65  102.78  -42.13 (VIOLATED)
output419/Z                            60.65  102.73  -42.07 (VIOLATED)
output268/Z                            60.65  102.56  -41.91 (VIOLATED)
output232/Z                            60.65  102.45  -41.80 (VIOLATED)
output408/Z                            60.65  102.31  -41.66 (VIOLATED)
output224/Z                            60.65  101.81  -41.16 (VIOLATED)
HBT_TOPIN_180779/BOT                  121.15  162.25  -41.09 (VIOLATED)
HBT_TOPIN_180665/BOT                  121.15  162.08  -40.93 (VIOLATED)
output239/Z                            60.65  100.79  -40.13 (VIOLATED)
HBT_BOTIN_180797/TOP                  121.15  161.08  -39.92 (VIOLATED)
output389/Z                            60.65  100.12  -39.47 (VIOLATED)
output213/Z                            60.65   99.63  -38.97 (VIOLATED)
output304/Z                            60.65   99.17  -38.52 (VIOLATED)
output410/Z                            60.65   99.07  -38.41 (VIOLATED)
output396/Z                            60.65   98.96  -38.31 (VIOLATED)
output430/Z                            60.65   98.74  -38.09 (VIOLATED)
output405/Z                            60.65   98.15  -37.49 (VIOLATED)
HBT_TOPIN_74218/BOT                   121.15  158.54  -37.38 (VIOLATED)
output368/Z                            60.65   97.53  -36.88 (VIOLATED)
HBT_TOPIN_180737/BOT                  121.15  157.90  -36.75 (VIOLATED)
output283/Z                            60.65   97.20  -36.54 (VIOLATED)
HBT_TOPIN_74160/BOT                   121.15  157.49  -36.33 (VIOLATED)
HBT_BOTIN_180762/TOP                  121.15  157.42  -36.27 (VIOLATED)
output223/Z                            60.65   95.23  -34.57 (VIOLATED)
output275/Z                            60.65   95.17  -34.51 (VIOLATED)
HBT_TOPIN_178896/BOT                  121.15  155.26  -34.11 (VIOLATED)
HBT_TOPIN_180695/BOT                  121.15  155.04  -33.89 (VIOLATED)
HBT_TOPIN_180698/BOT                  121.15  154.73  -33.58 (VIOLATED)
HBT_TOPIN_177614/BOT                  121.15  154.23  -33.08 (VIOLATED)
output280/Z                            60.65   93.45  -32.80 (VIOLATED)
output316/Z                            60.65   93.12  -32.47 (VIOLATED)
output295/Z                            60.65   92.98  -32.32 (VIOLATED)
output294/Z                            60.65   92.43  -31.78 (VIOLATED)
HBT_TOPIN_180720/BOT                  121.15  152.88  -31.72 (VIOLATED)
output287/Z                            60.65   92.20  -31.55 (VIOLATED)
HBT_TOPIN_176618/BOT                  121.15  151.32  -30.17 (VIOLATED)
HBT_TOPIN_414/BOT                     121.15  151.14  -29.99 (VIOLATED)
output233/Z                            60.65   89.34  -28.69 (VIOLATED)
output353/Z                            60.65   89.23  -28.57 (VIOLATED)
output401/Z                            60.65   89.07  -28.42 (VIOLATED)
output386/Z                            60.65   88.97  -28.32 (VIOLATED)
output254/Z                            60.65   88.67  -28.02 (VIOLATED)
output359/Z                            60.65   88.53  -27.88 (VIOLATED)
HBT_BOTIN_73843/TOP                   121.15  148.88  -27.73 (VIOLATED)
output350/Z                            60.65   88.19  -27.53 (VIOLATED)
HBT_TOPIN_180751/BOT                  121.15  148.63  -27.47 (VIOLATED)
output248/Z                            60.65   88.05  -27.39 (VIOLATED)
HBT_TOPIN_180764/BOT                  121.15  148.26  -27.10 (VIOLATED)
output373/Z                            60.65   87.65  -26.99 (VIOLATED)
HBT_TOPIN_179173/BOT                  121.15  147.71  -26.55 (VIOLATED)
output285/Z                            60.65   87.11  -26.45 (VIOLATED)
output319/Z                            60.65   86.98  -26.33 (VIOLATED)
HBT_TOPIN_74223/BOT                   121.15  147.28  -26.13 (VIOLATED)
HBT_TOPIN_180687/BOT                  121.15  146.77  -25.62 (VIOLATED)
output266/Z                            60.65   86.17  -25.52 (VIOLATED)
output292/Z                            60.65   85.63  -24.97 (VIOLATED)
output402/Z                            60.65   84.88  -24.23 (VIOLATED)
output384/Z                            60.65   84.74  -24.09 (VIOLATED)
HBT_TOPIN_178898/BOT                  121.15  145.19  -24.04 (VIOLATED)
output433/Z                            60.65   84.63  -23.98 (VIOLATED)
output398/Z                            60.65   84.33  -23.68 (VIOLATED)
output265/Z                            60.65   84.22  -23.56 (VIOLATED)
HBT_BOTIN_180661/TOP                  121.15  144.59  -23.43 (VIOLATED)
output415/Z                            60.65   84.01  -23.36 (VIOLATED)
output355/Z                            60.65   83.81  -23.16 (VIOLATED)
output380/Z                            60.65   83.56  -22.91 (VIOLATED)
HBT_TOPIN_178603/BOT                  121.15  143.92  -22.76 (VIOLATED)
output366/Z                            60.65   83.41  -22.75 (VIOLATED)
output325/Z                            60.65   83.41  -22.75 (VIOLATED)
output388/Z                            60.65   82.58  -21.93 (VIOLATED)
output329/Z                            60.65   82.33  -21.68 (VIOLATED)
HBT_TOPIN_179241/BOT                  121.15  142.65  -21.49 (VIOLATED)
HBT_TOPIN_178903/BOT                  121.15  141.99  -20.84 (VIOLATED)
output339/Z                            60.65   81.44  -20.79 (VIOLATED)
output296/Z                            60.65   81.24  -20.59 (VIOLATED)
HBT_TOPIN_180675/BOT                  121.15  141.39  -20.23 (VIOLATED)
output276/Z                            60.65   80.79  -20.14 (VIOLATED)
HBT_TOPIN_180801/BOT                  121.15  141.21  -20.06 (VIOLATED)
output391/Z                            60.65   80.64  -19.99 (VIOLATED)
output371/Z                            60.65   80.61  -19.95 (VIOLATED)
HBT_TOPIN_180703/BOT                  121.15  141.05  -19.90 (VIOLATED)
output369/Z                            60.65   80.41  -19.76 (VIOLATED)
output367/Z                            60.65   80.34  -19.68 (VIOLATED)
output291/Z                            60.65   80.19  -19.53 (VIOLATED)
output387/Z                            60.65   80.04  -19.39 (VIOLATED)
output277/Z                            60.65   79.97  -19.32 (VIOLATED)
output226/Z                            60.65   79.80  -19.15 (VIOLATED)
HBT_TOPIN_180666/BOT                  121.15  140.28  -19.13 (VIOLATED)
output231/Z                            60.65   79.27  -18.62 (VIOLATED)
output361/Z                            60.65   79.22  -18.57 (VIOLATED)
output422/Z                            60.65   79.15  -18.50 (VIOLATED)
output244/Z                            60.65   78.78  -18.13 (VIOLATED)
output409/Z                            60.65   78.38  -17.72 (VIOLATED)
output333/Z                            60.65   78.12  -17.47 (VIOLATED)
output227/Z                            60.65   77.61  -16.96 (VIOLATED)
output331/Z                            60.65   77.60  -16.95 (VIOLATED)
HBT_TOPIN_180744/BOT                  121.15  137.95  -16.80 (VIOLATED)
output363/Z                            60.65   77.08  -16.43 (VIOLATED)
output382/Z                            60.65   76.43  -15.77 (VIOLATED)
output376/Z                            60.65   76.19  -15.54 (VIOLATED)
output264/Z                            60.65   76.18  -15.53 (VIOLATED)
HBT_TOPIN_180662/BOT                  121.15  136.49  -15.33 (VIOLATED)
HBT_TOPIN_180622/BOT                  121.15  135.89  -14.74 (VIOLATED)
output403/Z                            60.65   75.35  -14.70 (VIOLATED)
output378/Z                            60.65   75.34  -14.69 (VIOLATED)
output431/Z                            60.65   74.83  -14.18 (VIOLATED)
output289/Z                            60.65   74.79  -14.14 (VIOLATED)
output267/Z                            60.65   74.67  -14.01 (VIOLATED)
output221/Z                            60.65   74.47  -13.82 (VIOLATED)
output393/Z                            60.65   74.26  -13.60 (VIOLATED)
output300/Z                            60.65   74.12  -13.47 (VIOLATED)
output436/Z                            60.65   73.94  -13.28 (VIOLATED)
output383/Z                            60.65   73.76  -13.11 (VIOLATED)
output432/Z                            60.65   73.57  -12.92 (VIOLATED)
output377/Z                            60.65   73.53  -12.87 (VIOLATED)
HBT_TOPIN_178885/BOT                  121.15  133.99  -12.84 (VIOLATED)
output273/Z                            60.65   73.36  -12.70 (VIOLATED)
HBT_TOPIN_181694/BOT                  121.15  133.33  -12.18 (VIOLATED)
output284/Z                            60.65   72.83  -12.18 (VIOLATED)
HBT_TOPIN_93951/BOT                   121.15  133.11  -11.96 (VIOLATED)
output328/Z                            60.65   72.46  -11.81 (VIOLATED)
output414/Z                            60.65   72.13  -11.48 (VIOLATED)
output303/Z                            60.65   71.96  -11.31 (VIOLATED)
output271/Z                            60.65   71.92  -11.27 (VIOLATED)
output347/Z                            60.65   71.69  -11.04 (VIOLATED)
output251/Z                            60.65   71.26  -10.60 (VIOLATED)
output256/Z                            60.65   71.18  -10.53 (VIOLATED)
output411/Z                            60.65   71.11  -10.45 (VIOLATED)
output425/Z                            60.65   70.99  -10.34 (VIOLATED)
output375/Z                            60.65   70.85  -10.20 (VIOLATED)
output281/Z                            60.65   70.54   -9.88 (VIOLATED)
output407/Z                            60.65   70.41   -9.75 (VIOLATED)
output426/Z                            60.65   70.39   -9.74 (VIOLATED)
output222/Z                            60.65   70.09   -9.43 (VIOLATED)
output274/Z                            60.65   70.01   -9.36 (VIOLATED)
HBT_TOPIN_180658/BOT                  121.15  130.45   -9.30 (VIOLATED)
output372/Z                            60.65   68.73   -8.08 (VIOLATED)
output262/Z                            60.65   68.44   -7.78 (VIOLATED)
output356/Z                            60.65   67.95   -7.29 (VIOLATED)
output352/Z                            60.65   67.63   -6.98 (VIOLATED)
output420/Z                            60.65   67.57   -6.92 (VIOLATED)
output397/Z                            60.65   67.15   -6.49 (VIOLATED)
HBT_TOPIN_182382/BOT                  121.15  127.64   -6.48 (VIOLATED)
output220/Z                            60.65   66.93   -6.28 (VIOLATED)
output374/Z                            60.65   66.42   -5.76 (VIOLATED)
output351/Z                            60.65   66.16   -5.51 (VIOLATED)
output229/Z                            60.65   66.10   -5.45 (VIOLATED)
output323/Z                            60.65   65.92   -5.27 (VIOLATED)
HBT_BOTIN_73837/TOP                   121.15  126.23   -5.08 (VIOLATED)
output424/Z                            60.65   65.43   -4.78 (VIOLATED)
HBT_TOPIN_178208/BOT                  121.15  125.49   -4.33 (VIOLATED)
HBT_TOPIN_74322/BOT                   121.15  125.31   -4.16 (VIOLATED)
output399/Z                            60.65   64.52   -3.86 (VIOLATED)
output348/Z                            60.65   64.51   -3.85 (VIOLATED)
output282/Z                            60.65   64.49   -3.84 (VIOLATED)
output302/Z                            60.65   64.31   -3.66 (VIOLATED)
output215/Z                            60.65   64.28   -3.63 (VIOLATED)
HBT_TOPIN_179982/BOT                  121.15  124.46   -3.30 (VIOLATED)
output394/Z                            60.65   63.88   -3.22 (VIOLATED)
_3267_/ZN                              41.50   44.70   -3.19 (VIOLATED)
HBT_BOTIN_68129/TOP                   121.15  124.34   -3.19 (VIOLATED)
output298/Z                            60.65   63.71   -3.05 (VIOLATED)
output320/Z                            60.65   63.60   -2.95 (VIOLATED)
output261/Z                            60.65   63.42   -2.77 (VIOLATED)
output362/Z                            60.65   63.10   -2.44 (VIOLATED)
output344/Z                            60.65   62.83   -2.18 (VIOLATED)
issue_stage_i/i_issue_read_operands/_3042_/ZN   14.50   16.47   -1.97 (VIOLATED)
HBT_TOPIN_77615/BOT                   121.15  122.88   -1.72 (VIOLATED)
_3253_/ZN                              43.87   45.59   -1.72 (VIOLATED)
output412/Z                            60.65   62.36   -1.71 (VIOLATED)
HBT_TOPIN_181472/BOT                  121.15  122.86   -1.70 (VIOLATED)
HBT_TOPIN_180686/BOT                  121.15  122.72   -1.56 (VIOLATED)
output249/Z                            60.65   62.13   -1.48 (VIOLATED)
output392/Z                            60.65   61.95   -1.29 (VIOLATED)
output214/Z                            60.65   61.78   -1.12 (VIOLATED)
output349/Z                            60.65   61.73   -1.08 (VIOLATED)
HBT_TOPIN_175855/BOT                  121.15  122.21   -1.05 (VIOLATED)
output370/Z                            60.65   61.64   -0.99 (VIOLATED)
output317/Z                            60.65   60.92   -0.27 (VIOLATED)
output245/Z                            60.65   60.83   -0.17 (VIOLATED)
output334/Z                            60.65   60.82   -0.17 (VIOLATED)


==========================================================================
finish max_slew_check_slack
--------------------------------------------------------------------------
-0.6331167817115784

==========================================================================
finish max_slew_check_limit
--------------------------------------------------------------------------
0.1985349953174591

==========================================================================
finish max_slew_check_slack_limit
--------------------------------------------------------------------------
-3.1889

==========================================================================
finish max_fanout_check_slack
--------------------------------------------------------------------------
1.0000000150474662e+30

==========================================================================
finish max_fanout_check_limit
--------------------------------------------------------------------------
1.0000000150474662e+30

==========================================================================
finish max_capacitance_check_slack
--------------------------------------------------------------------------
-176.48635864257812

==========================================================================
finish max_capacitance_check_limit
--------------------------------------------------------------------------
121.15499877929688

==========================================================================
finish max_capacitance_check_slack_limit
--------------------------------------------------------------------------
-1.4567

==========================================================================
finish max_slew_violation_count
--------------------------------------------------------------------------
max slew violation count 24

==========================================================================
finish max_fanout_violation_count
--------------------------------------------------------------------------
max fanout violation count 0

==========================================================================
finish max_cap_violation_count
--------------------------------------------------------------------------
max cap violation count 302

==========================================================================
finish setup_violation_count
--------------------------------------------------------------------------
setup violation count 0

==========================================================================
finish hold_violation_count
--------------------------------------------------------------------------
hold violation count 0
+_+_+_+_+_+_+_+_+_+_+_+_+_+_+_+_+-
Startpoint: issue_stage_i/i_scoreboard/_60955_
            (rising edge-triggered flip-flop clocked by core_clock)
Endpoint: ex_stage_i/i_mult/_7890_
          (rising edge-triggered flip-flop clocked by core_clock)
Path Group: core_clock
Path Type: max

  Delay    Time   Description
---------------------------------------------------------
   0.00    0.00   clock core_clock (rise edge)
   0.00    0.00   clock network delay (ideal)
   0.00    0.00 ^ issue_stage_i/i_scoreboard/_60955_/CK (DFFR_X2_bottom)
   0.14    0.14 ^ issue_stage_i/i_scoreboard/_60955_/Q (DFFR_X2_bottom)
   0.11    0.25 ^ issue_stage_i/i_scoreboard/_60948_/CO (HA_X1_bottom)
   0.11    0.36 v issue_stage_i/i_scoreboard/_30364_/ZN (NAND2_X4_bottom)
   0.05    0.41 v max_length4726/Z (BUF_X32_bottom)
   0.03    0.44 v max_length4723/Z (BUF_X16_bottom)
   0.01    0.45 ^ issue_stage_i/i_scoreboard/_31469_/ZN (NAND3_X1_bottom)
   0.03    0.48 v issue_stage_i/i_scoreboard/_31470_/ZN (OAI211_X1_bottom)
   0.03    0.51 ^ issue_stage_i/i_scoreboard/_31471_/ZN (AOI21_X1_bottom)
   0.02    0.53 v issue_stage_i/i_scoreboard/_31472_/ZN (AOI21_X1_bottom)
   0.03    0.56 ^ issue_stage_i/i_scoreboard/_31473_/ZN (OAI211_X2_bottom)
   0.03    0.59 v issue_stage_i/i_scoreboard/_31474_/ZN (OAI211_X2_bottom)
   0.02    0.62 ^ issue_stage_i/i_scoreboard/_31476_/ZN (OAI21_X4_bottom)
   0.00    0.62 ^ HBT_BOTIN_3195/TOP (HBT_BOTIN)
   0.03    0.64 v _2531_/ZN (OAI211_X2_upper)
   0.04    0.68 ^ _2532_/ZN (AOI21_X2_upper)
   0.02    0.71 v _2536_/ZN (AOI22_X4_upper)
   0.05    0.75 ^ _2552_/ZN (NOR2_X4_upper)
   0.04    0.79 v _2555_/ZN (OAI21_X4_upper)
   0.08    0.87 ^ _3095_/ZN (NOR3_X4_upper)
   0.04    0.91 v csr_regfile_i/_07697_/ZN (NAND2_X1_upper)
   0.09    1.00 v csr_regfile_i/_10081_/ZN (OR3_X2_upper)
   0.13    1.12 ^ csr_regfile_i/_10082_/ZN (OAI33_X1_upper)
   0.04    1.16 ^ max_cap2618/Z (BUF_X2_upper)
   0.03    1.19 ^ max_cap2617/Z (BUF_X2_upper)
   0.03    1.22 ^ max_cap2616/Z (BUF_X2_upper)
   0.03    1.25 ^ max_cap2615/Z (BUF_X2_upper)
   0.03    1.28 ^ max_cap2614/Z (BUF_X2_upper)
   0.04    1.32 ^ csr_regfile_i/_12690_/ZN (AND2_X1_upper)
   0.03    1.36 v csr_regfile_i/_12691_/ZN (NAND4_X4_upper)
   0.05    1.41 ^ csr_regfile_i/_12692_/ZN (AOI21_X2_upper)
   0.02    1.43 v csr_regfile_i/_12711_/ZN (OAI21_X4_upper)
   0.02    1.45 ^ csr_regfile_i/_13558_/ZN (OAI21_X4_upper)
   0.03    1.48 v _2566_/ZN (NAND3_X4_upper)
   0.13    1.62 ^ _2695_/ZN (OAI22_X4_upper)
   0.04    1.65 v _2702_/ZN (AOI22_X2_upper)
   0.05    1.71 ^ _2703_/ZN (NOR2_X2_upper)
   0.02    1.72 v csr_regfile_i/_11420_/ZN (NOR4_X2_upper)
   0.02    1.75 ^ csr_regfile_i/_12924_/ZN (NAND3_X2_upper)
   0.01    1.76 v csr_regfile_i/_12938_/ZN (NOR2_X1_upper)
   0.03    1.78 ^ csr_regfile_i/_12939_/ZN (NAND2_X1_upper)
   0.01    1.80 v csr_regfile_i/_12940_/ZN (NOR2_X4_upper)
   0.02    1.82 ^ csr_regfile_i/_13548_/ZN (NAND2_X1_upper)
   0.03    1.84 v csr_regfile_i/_13549_/ZN (NAND3_X2_upper)
   0.04    1.88 ^ csr_regfile_i/_13702_/ZN (AOI22_X4_upper)
   0.00    1.88 ^ HBT_TOPIN_6318/BOT (HBT_TOPIN)
   0.01    1.89 v csr_regfile_i/_13703_/ZN (INV_X8_bottom)
   0.09    1.98 ^ _2578_/ZN (NOR3_X2_bottom)
   0.04    2.03 v _2579_/ZN (NAND2_X4_bottom)
   0.04    2.06 v max_length1022/Z (BUF_X16_bottom)
   0.00    2.06 v HBT_BOTIN_171931/TOP (HBT_BOTIN)
   0.04    2.10 ^ ex_stage_i/i_mult/_5134_/ZN (NOR3_X4_upper)
   0.11    2.22 v ex_stage_i/i_mult/_5135_/ZN (NAND3_X4_upper)
   0.06    2.27 v max_length1020/Z (BUF_X32_upper)
   0.03    2.31 v ex_stage_i/i_mult/_5154_/ZN (AND2_X1_upper)
   0.05    2.36 ^ ex_stage_i/i_mult/_5157_/ZN (AOI21_X1_upper)
   0.06    2.41 ^ ex_stage_i/i_mult/_7590_/CO (HA_X1_upper)
   0.03    2.45 v ex_stage_i/i_mult/_5180_/ZN (OAI211_X4_upper)
   0.08    2.52 ^ ex_stage_i/i_mult/_5214_/ZN (NOR4_X4_upper)
   0.03    2.55 v ex_stage_i/i_mult/_5267_/ZN (NAND4_X4_upper)
   0.09    2.64 v ex_stage_i/i_mult/_5319_/ZN (OR4_X4_upper)
   0.05    2.69 ^ ex_stage_i/i_mult/_5356_/ZN (NOR3_X4_upper)
   0.02    2.71 v ex_stage_i/i_mult/_5397_/ZN (NAND2_X1_upper)
   0.05    2.76 v ex_stage_i/i_mult/_5450_/ZN (OR2_X1_upper)
   0.03    2.79 ^ ex_stage_i/i_mult/_5486_/ZN (NOR2_X1_upper)
   0.04    2.83 ^ ex_stage_i/i_mult/_7645_/CO (HA_X1_upper)
   0.03    2.86 v ex_stage_i/i_mult/_5948_/ZN (OAI211_X1_upper)
   0.02    2.88 ^ ex_stage_i/i_mult/_5951_/ZN (OAI21_X1_upper)
   0.02    2.91 v ex_stage_i/i_mult/_5952_/ZN (OAI21_X1_upper)
   0.07    2.98 ^ ex_stage_i/i_mult/_7647_/S (HA_X1_upper)
   0.04    3.03 v ex_stage_i/i_mult/_5533_/ZN (NAND4_X2_upper)
   0.12    3.15 v ex_stage_i/i_mult/_5534_/ZN (OR4_X2_upper)
   0.08    3.22 ^ ex_stage_i/i_mult/_5611_/ZN (AOI211_X2_upper)
   0.02    3.24 v ex_stage_i/i_mult/_5639_/ZN (OAI21_X2_upper)
   0.05    3.29 ^ ex_stage_i/i_mult/_5684_/ZN (OAI221_X1_upper)
   0.02    3.32 v ex_stage_i/i_mult/_5685_/ZN (OAI21_X1_upper)
   0.02    3.34 ^ ex_stage_i/i_mult/_5686_/ZN (NAND2_X1_upper)
   0.02    3.36 v ex_stage_i/i_mult/_5863_/ZN (AOI21_X2_upper)
   0.04    3.39 ^ ex_stage_i/i_mult/_5883_/ZN (OAI211_X2_upper)
   0.05    3.44 ^ ex_stage_i/i_mult/_7484_/CO (FA_X1_upper)
   0.04    3.48 ^ ex_stage_i/i_mult/_7437_/ZN (XNOR2_X1_upper)
   0.01    3.50 v ex_stage_i/i_mult/_7439_/ZN (XNOR2_X1_upper)
   0.06    3.55 v ex_stage_i/i_mult/_7440_/Z (MUX2_X1_upper)
   0.00    3.55 v ex_stage_i/i_mult/_7890_/D (DFFR_X2_upper)
           3.55   data arrival time

   4.00    4.00   clock core_clock (rise edge)
   0.00    4.00   clock network delay (ideal)
   0.00    4.00   clock reconvergence pessimism
           4.00 ^ ex_stage_i/i_mult/_7890_/CK (DFFR_X2_upper)
  -0.04    3.96   library setup time
           3.96   data required time
---------------------------------------------------------
           3.96   data required time
          -3.55   data arrival time
---------------------------------------------------------
           0.40   slack (MET)


Startpoint: issue_stage_i/i_scoreboard/_60955_
            (rising edge-triggered flip-flop clocked by core_clock)
Endpoint: ex_stage_i/i_mult/_7881_
          (rising edge-triggered flip-flop clocked by core_clock)
Path Group: core_clock
Path Type: max

  Delay    Time   Description
---------------------------------------------------------
   0.00    0.00   clock core_clock (rise edge)
   0.00    0.00   clock network delay (ideal)
   0.00    0.00 ^ issue_stage_i/i_scoreboard/_60955_/CK (DFFR_X2_bottom)
   0.14    0.14 ^ issue_stage_i/i_scoreboard/_60955_/Q (DFFR_X2_bottom)
   0.11    0.25 ^ issue_stage_i/i_scoreboard/_60948_/CO (HA_X1_bottom)
   0.11    0.36 v issue_stage_i/i_scoreboard/_30364_/ZN (NAND2_X4_bottom)
   0.05    0.41 v max_length4726/Z (BUF_X32_bottom)
   0.03    0.44 v max_length4723/Z (BUF_X16_bottom)
   0.01    0.45 ^ issue_stage_i/i_scoreboard/_31469_/ZN (NAND3_X1_bottom)
   0.03    0.48 v issue_stage_i/i_scoreboard/_31470_/ZN (OAI211_X1_bottom)
   0.03    0.51 ^ issue_stage_i/i_scoreboard/_31471_/ZN (AOI21_X1_bottom)
   0.02    0.53 v issue_stage_i/i_scoreboard/_31472_/ZN (AOI21_X1_bottom)
   0.03    0.56 ^ issue_stage_i/i_scoreboard/_31473_/ZN (OAI211_X2_bottom)
   0.03    0.59 v issue_stage_i/i_scoreboard/_31474_/ZN (OAI211_X2_bottom)
   0.02    0.62 ^ issue_stage_i/i_scoreboard/_31476_/ZN (OAI21_X4_bottom)
   0.00    0.62 ^ HBT_BOTIN_3195/TOP (HBT_BOTIN)
   0.03    0.64 v _2531_/ZN (OAI211_X2_upper)
   0.04    0.68 ^ _2532_/ZN (AOI21_X2_upper)
   0.02    0.71 v _2536_/ZN (AOI22_X4_upper)
   0.05    0.75 ^ _2552_/ZN (NOR2_X4_upper)
   0.04    0.79 v _2555_/ZN (OAI21_X4_upper)
   0.08    0.87 ^ _3095_/ZN (NOR3_X4_upper)
   0.04    0.91 v csr_regfile_i/_07697_/ZN (NAND2_X1_upper)
   0.09    1.00 v csr_regfile_i/_10081_/ZN (OR3_X2_upper)
   0.13    1.12 ^ csr_regfile_i/_10082_/ZN (OAI33_X1_upper)
   0.04    1.16 ^ max_cap2618/Z (BUF_X2_upper)
   0.03    1.19 ^ max_cap2617/Z (BUF_X2_upper)
   0.03    1.22 ^ max_cap2616/Z (BUF_X2_upper)
   0.03    1.25 ^ max_cap2615/Z (BUF_X2_upper)
   0.03    1.28 ^ max_cap2614/Z (BUF_X2_upper)
   0.04    1.32 ^ csr_regfile_i/_12690_/ZN (AND2_X1_upper)
   0.03    1.36 v csr_regfile_i/_12691_/ZN (NAND4_X4_upper)
   0.05    1.41 ^ csr_regfile_i/_12692_/ZN (AOI21_X2_upper)
   0.02    1.43 v csr_regfile_i/_12711_/ZN (OAI21_X4_upper)
   0.02    1.45 ^ csr_regfile_i/_13558_/ZN (OAI21_X4_upper)
   0.03    1.48 v _2566_/ZN (NAND3_X4_upper)
   0.13    1.62 ^ _2695_/ZN (OAI22_X4_upper)
   0.04    1.65 v _2702_/ZN (AOI22_X2_upper)
   0.05    1.71 ^ _2703_/ZN (NOR2_X2_upper)
   0.02    1.72 v csr_regfile_i/_11420_/ZN (NOR4_X2_upper)
   0.02    1.75 ^ csr_regfile_i/_12924_/ZN (NAND3_X2_upper)
   0.01    1.76 v csr_regfile_i/_12938_/ZN (NOR2_X1_upper)
   0.03    1.78 ^ csr_regfile_i/_12939_/ZN (NAND2_X1_upper)
   0.01    1.80 v csr_regfile_i/_12940_/ZN (NOR2_X4_upper)
   0.02    1.82 ^ csr_regfile_i/_13548_/ZN (NAND2_X1_upper)
   0.03    1.84 v csr_regfile_i/_13549_/ZN (NAND3_X2_upper)
   0.04    1.88 ^ csr_regfile_i/_13702_/ZN (AOI22_X4_upper)
   0.00    1.88 ^ HBT_TOPIN_6318/BOT (HBT_TOPIN)
   0.01    1.89 v csr_regfile_i/_13703_/ZN (INV_X8_bottom)
   0.09    1.98 ^ _2578_/ZN (NOR3_X2_bottom)
   0.04    2.03 v _2579_/ZN (NAND2_X4_bottom)
   0.04    2.06 v max_length1022/Z (BUF_X16_bottom)
   0.00    2.06 v HBT_BOTIN_171931/TOP (HBT_BOTIN)
   0.04    2.10 ^ ex_stage_i/i_mult/_5134_/ZN (NOR3_X4_upper)
   0.11    2.22 v ex_stage_i/i_mult/_5135_/ZN (NAND3_X4_upper)
   0.06    2.27 v max_length1020/Z (BUF_X32_upper)
   0.03    2.31 v ex_stage_i/i_mult/_5154_/ZN (AND2_X1_upper)
   0.05    2.36 ^ ex_stage_i/i_mult/_5157_/ZN (AOI21_X1_upper)
   0.06    2.41 ^ ex_stage_i/i_mult/_7590_/CO (HA_X1_upper)
   0.03    2.45 v ex_stage_i/i_mult/_5180_/ZN (OAI211_X4_upper)
   0.08    2.52 ^ ex_stage_i/i_mult/_5214_/ZN (NOR4_X4_upper)
   0.03    2.55 v ex_stage_i/i_mult/_5267_/ZN (NAND4_X4_upper)
   0.09    2.64 v ex_stage_i/i_mult/_5319_/ZN (OR4_X4_upper)
   0.05    2.69 ^ ex_stage_i/i_mult/_5356_/ZN (NOR3_X4_upper)
   0.02    2.71 v ex_stage_i/i_mult/_5397_/ZN (NAND2_X1_upper)
   0.05    2.76 v ex_stage_i/i_mult/_5450_/ZN (OR2_X1_upper)
   0.03    2.79 ^ ex_stage_i/i_mult/_5486_/ZN (NOR2_X1_upper)
   0.04    2.83 ^ ex_stage_i/i_mult/_7645_/CO (HA_X1_upper)
   0.03    2.86 v ex_stage_i/i_mult/_5948_/ZN (OAI211_X1_upper)
   0.02    2.88 ^ ex_stage_i/i_mult/_5951_/ZN (OAI21_X1_upper)
   0.02    2.91 v ex_stage_i/i_mult/_5952_/ZN (OAI21_X1_upper)
   0.07    2.98 ^ ex_stage_i/i_mult/_7647_/S (HA_X1_upper)
   0.04    3.03 v ex_stage_i/i_mult/_5533_/ZN (NAND4_X2_upper)
   0.12    3.15 v ex_stage_i/i_mult/_5534_/ZN (OR4_X2_upper)
   0.08    3.22 ^ ex_stage_i/i_mult/_5611_/ZN (AOI211_X2_upper)
   0.02    3.24 v ex_stage_i/i_mult/_5639_/ZN (OAI21_X2_upper)
   0.05    3.29 ^ ex_stage_i/i_mult/_5684_/ZN (OAI221_X1_upper)
   0.02    3.32 v ex_stage_i/i_mult/_5685_/ZN (OAI21_X1_upper)
   0.02    3.34 ^ ex_stage_i/i_mult/_5686_/ZN (NAND2_X1_upper)
   0.02    3.36 v ex_stage_i/i_mult/_5863_/ZN (AOI21_X2_upper)
   0.04    3.39 ^ ex_stage_i/i_mult/_5865_/ZN (OAI21_X1_upper)
   0.05    3.45 ^ ex_stage_i/i_mult/_7483_/CO (FA_X1_upper)
   0.04    3.49 ^ ex_stage_i/i_mult/_7412_/Z (XOR2_X1_upper)
   0.04    3.53 ^ ex_stage_i/i_mult/_7413_/Z (MUX2_X1_upper)
   0.00    3.53 ^ ex_stage_i/i_mult/_7881_/D (DFFR_X1_upper)
           3.53   data arrival time

   4.00    4.00   clock core_clock (rise edge)
   0.00    4.00   clock network delay (ideal)
   0.00    4.00   clock reconvergence pessimism
           4.00 ^ ex_stage_i/i_mult/_7881_/CK (DFFR_X1_upper)
  -0.03    3.97   library setup time
           3.97   data required time
---------------------------------------------------------
           3.97   data required time
          -3.53   data arrival time
---------------------------------------------------------
           0.44   slack (MET)


Startpoint: issue_stage_i/i_scoreboard/_60955_
            (rising edge-triggered flip-flop clocked by core_clock)
Endpoint: ex_stage_i/i_mult/_7832_
          (rising edge-triggered flip-flop clocked by core_clock)
Path Group: core_clock
Path Type: max

  Delay    Time   Description
---------------------------------------------------------
   0.00    0.00   clock core_clock (rise edge)
   0.00    0.00   clock network delay (ideal)
   0.00    0.00 ^ issue_stage_i/i_scoreboard/_60955_/CK (DFFR_X2_bottom)
   0.14    0.14 ^ issue_stage_i/i_scoreboard/_60955_/Q (DFFR_X2_bottom)
   0.11    0.25 ^ issue_stage_i/i_scoreboard/_60948_/CO (HA_X1_bottom)
   0.11    0.36 v issue_stage_i/i_scoreboard/_30364_/ZN (NAND2_X4_bottom)
   0.05    0.41 v max_length4726/Z (BUF_X32_bottom)
   0.03    0.44 v max_length4723/Z (BUF_X16_bottom)
   0.01    0.45 ^ issue_stage_i/i_scoreboard/_31469_/ZN (NAND3_X1_bottom)
   0.03    0.48 v issue_stage_i/i_scoreboard/_31470_/ZN (OAI211_X1_bottom)
   0.03    0.51 ^ issue_stage_i/i_scoreboard/_31471_/ZN (AOI21_X1_bottom)
   0.02    0.53 v issue_stage_i/i_scoreboard/_31472_/ZN (AOI21_X1_bottom)
   0.03    0.56 ^ issue_stage_i/i_scoreboard/_31473_/ZN (OAI211_X2_bottom)
   0.03    0.59 v issue_stage_i/i_scoreboard/_31474_/ZN (OAI211_X2_bottom)
   0.02    0.62 ^ issue_stage_i/i_scoreboard/_31476_/ZN (OAI21_X4_bottom)
   0.00    0.62 ^ HBT_BOTIN_3195/TOP (HBT_BOTIN)
   0.03    0.64 v _2531_/ZN (OAI211_X2_upper)
   0.04    0.68 ^ _2532_/ZN (AOI21_X2_upper)
   0.02    0.71 v _2536_/ZN (AOI22_X4_upper)
   0.05    0.75 ^ _2552_/ZN (NOR2_X4_upper)
   0.04    0.79 v _2555_/ZN (OAI21_X4_upper)
   0.08    0.87 ^ _3095_/ZN (NOR3_X4_upper)
   0.04    0.91 v csr_regfile_i/_07697_/ZN (NAND2_X1_upper)
   0.09    1.00 v csr_regfile_i/_10081_/ZN (OR3_X2_upper)
   0.13    1.12 ^ csr_regfile_i/_10082_/ZN (OAI33_X1_upper)
   0.04    1.16 ^ max_cap2618/Z (BUF_X2_upper)
   0.03    1.19 ^ max_cap2617/Z (BUF_X2_upper)
   0.03    1.22 ^ max_cap2616/Z (BUF_X2_upper)
   0.03    1.25 ^ max_cap2615/Z (BUF_X2_upper)
   0.03    1.28 ^ max_cap2614/Z (BUF_X2_upper)
   0.04    1.32 ^ csr_regfile_i/_12690_/ZN (AND2_X1_upper)
   0.03    1.36 v csr_regfile_i/_12691_/ZN (NAND4_X4_upper)
   0.05    1.41 ^ csr_regfile_i/_12692_/ZN (AOI21_X2_upper)
   0.02    1.43 v csr_regfile_i/_12711_/ZN (OAI21_X4_upper)
   0.02    1.45 ^ csr_regfile_i/_13558_/ZN (OAI21_X4_upper)
   0.03    1.48 v _2566_/ZN (NAND3_X4_upper)
   0.13    1.62 ^ _2695_/ZN (OAI22_X4_upper)
   0.04    1.65 v _2702_/ZN (AOI22_X2_upper)
   0.05    1.71 ^ _2703_/ZN (NOR2_X2_upper)
   0.02    1.72 v csr_regfile_i/_11420_/ZN (NOR4_X2_upper)
   0.02    1.75 ^ csr_regfile_i/_12924_/ZN (NAND3_X2_upper)
   0.01    1.76 v csr_regfile_i/_12938_/ZN (NOR2_X1_upper)
   0.03    1.78 ^ csr_regfile_i/_12939_/ZN (NAND2_X1_upper)
   0.01    1.80 v csr_regfile_i/_12940_/ZN (NOR2_X4_upper)
   0.02    1.82 ^ csr_regfile_i/_13548_/ZN (NAND2_X1_upper)
   0.03    1.84 v csr_regfile_i/_13549_/ZN (NAND3_X2_upper)
   0.04    1.88 ^ csr_regfile_i/_13702_/ZN (AOI22_X4_upper)
   0.00    1.88 ^ HBT_TOPIN_6318/BOT (HBT_TOPIN)
   0.01    1.89 v csr_regfile_i/_13703_/ZN (INV_X8_bottom)
   0.09    1.98 ^ _2578_/ZN (NOR3_X2_bottom)
   0.04    2.03 v _2579_/ZN (NAND2_X4_bottom)
   0.04    2.06 v max_length1022/Z (BUF_X16_bottom)
   0.00    2.06 v HBT_BOTIN_171931/TOP (HBT_BOTIN)
   0.04    2.10 ^ ex_stage_i/i_mult/_5134_/ZN (NOR3_X4_upper)
   0.11    2.22 v ex_stage_i/i_mult/_5135_/ZN (NAND3_X4_upper)
   0.06    2.27 v max_length1020/Z (BUF_X32_upper)
   0.03    2.31 v ex_stage_i/i_mult/_5154_/ZN (AND2_X1_upper)
   0.05    2.36 ^ ex_stage_i/i_mult/_5157_/ZN (AOI21_X1_upper)
   0.06    2.41 ^ ex_stage_i/i_mult/_7590_/CO (HA_X1_upper)
   0.03    2.45 v ex_stage_i/i_mult/_5180_/ZN (OAI211_X4_upper)
   0.08    2.52 ^ ex_stage_i/i_mult/_5214_/ZN (NOR4_X4_upper)
   0.03    2.55 v ex_stage_i/i_mult/_5267_/ZN (NAND4_X4_upper)
   0.09    2.64 v ex_stage_i/i_mult/_5319_/ZN (OR4_X4_upper)
   0.05    2.69 ^ ex_stage_i/i_mult/_5356_/ZN (NOR3_X4_upper)
   0.02    2.71 v ex_stage_i/i_mult/_5397_/ZN (NAND2_X1_upper)
   0.05    2.76 v ex_stage_i/i_mult/_5450_/ZN (OR2_X1_upper)
   0.03    2.79 ^ ex_stage_i/i_mult/_5486_/ZN (NOR2_X1_upper)
   0.04    2.83 ^ ex_stage_i/i_mult/_7645_/CO (HA_X1_upper)
   0.03    2.86 v ex_stage_i/i_mult/_5948_/ZN (OAI211_X1_upper)
   0.02    2.88 ^ ex_stage_i/i_mult/_5951_/ZN (OAI21_X1_upper)
   0.02    2.91 v ex_stage_i/i_mult/_5952_/ZN (OAI21_X1_upper)
   0.07    2.98 ^ ex_stage_i/i_mult/_7647_/S (HA_X1_upper)
   0.04    3.03 v ex_stage_i/i_mult/_5533_/ZN (NAND4_X2_upper)
   0.12    3.15 v ex_stage_i/i_mult/_5534_/ZN (OR4_X2_upper)
   0.05    3.20 ^ ex_stage_i/i_mult/_5537_/ZN (OAI221_X2_upper)
   0.02    3.22 v ex_stage_i/i_mult/_5538_/ZN (AOI21_X1_upper)
   0.03    3.25 ^ ex_stage_i/i_mult/_5564_/ZN (OAI21_X1_upper)
   0.03    3.28 ^ ex_stage_i/i_mult/_5565_/ZN (AND2_X1_upper)
   0.03    3.31 ^ ex_stage_i/i_mult/_5566_/ZN (OR2_X1_upper)
   0.02    3.33 v ex_stage_i/i_mult/_5568_/ZN (AOI221_X2_upper)
   0.07    3.41 v ex_stage_i/i_mult/_7476_/CO (FA_X1_upper)
   0.04    3.44 v ex_stage_i/i_mult/_7273_/ZN (XNOR2_X1_upper)
   0.06    3.50 v ex_stage_i/i_mult/_7275_/Z (MUX2_X1_upper)
   0.00    3.50 v ex_stage_i/i_mult/_7832_/D (DFFR_X1_upper)
           3.50   data arrival time

   4.00    4.00   clock core_clock (rise edge)
   0.00    4.00   clock network delay (ideal)
   0.00    4.00   clock reconvergence pessimism
           4.00 ^ ex_stage_i/i_mult/_7832_/CK (DFFR_X1_upper)
  -0.04    3.96   library setup time
           3.96   data required time
---------------------------------------------------------
           3.96   data required time
          -3.50   data arrival time
---------------------------------------------------------
           0.46   slack (MET)


Startpoint: issue_stage_i/i_scoreboard/_60955_
            (rising edge-triggered flip-flop clocked by core_clock)
Endpoint: ex_stage_i/i_mult/_7828_
          (rising edge-triggered flip-flop clocked by core_clock)
Path Group: core_clock
Path Type: max

  Delay    Time   Description
---------------------------------------------------------
   0.00    0.00   clock core_clock (rise edge)
   0.00    0.00   clock network delay (ideal)
   0.00    0.00 ^ issue_stage_i/i_scoreboard/_60955_/CK (DFFR_X2_bottom)
   0.14    0.14 ^ issue_stage_i/i_scoreboard/_60955_/Q (DFFR_X2_bottom)
   0.11    0.25 ^ issue_stage_i/i_scoreboard/_60948_/CO (HA_X1_bottom)
   0.11    0.36 v issue_stage_i/i_scoreboard/_30364_/ZN (NAND2_X4_bottom)
   0.05    0.41 v max_length4726/Z (BUF_X32_bottom)
   0.03    0.44 v max_length4723/Z (BUF_X16_bottom)
   0.01    0.45 ^ issue_stage_i/i_scoreboard/_31469_/ZN (NAND3_X1_bottom)
   0.03    0.48 v issue_stage_i/i_scoreboard/_31470_/ZN (OAI211_X1_bottom)
   0.03    0.51 ^ issue_stage_i/i_scoreboard/_31471_/ZN (AOI21_X1_bottom)
   0.02    0.53 v issue_stage_i/i_scoreboard/_31472_/ZN (AOI21_X1_bottom)
   0.03    0.56 ^ issue_stage_i/i_scoreboard/_31473_/ZN (OAI211_X2_bottom)
   0.03    0.59 v issue_stage_i/i_scoreboard/_31474_/ZN (OAI211_X2_bottom)
   0.02    0.62 ^ issue_stage_i/i_scoreboard/_31476_/ZN (OAI21_X4_bottom)
   0.00    0.62 ^ HBT_BOTIN_3195/TOP (HBT_BOTIN)
   0.03    0.64 v _2531_/ZN (OAI211_X2_upper)
   0.04    0.68 ^ _2532_/ZN (AOI21_X2_upper)
   0.02    0.71 v _2536_/ZN (AOI22_X4_upper)
   0.05    0.75 ^ _2552_/ZN (NOR2_X4_upper)
   0.04    0.79 v _2555_/ZN (OAI21_X4_upper)
   0.08    0.87 ^ _3095_/ZN (NOR3_X4_upper)
   0.04    0.91 v csr_regfile_i/_07697_/ZN (NAND2_X1_upper)
   0.09    1.00 v csr_regfile_i/_10081_/ZN (OR3_X2_upper)
   0.13    1.12 ^ csr_regfile_i/_10082_/ZN (OAI33_X1_upper)
   0.04    1.16 ^ max_cap2618/Z (BUF_X2_upper)
   0.03    1.19 ^ max_cap2617/Z (BUF_X2_upper)
   0.03    1.22 ^ max_cap2616/Z (BUF_X2_upper)
   0.03    1.25 ^ max_cap2615/Z (BUF_X2_upper)
   0.03    1.28 ^ max_cap2614/Z (BUF_X2_upper)
   0.04    1.32 ^ csr_regfile_i/_12690_/ZN (AND2_X1_upper)
   0.03    1.36 v csr_regfile_i/_12691_/ZN (NAND4_X4_upper)
   0.05    1.41 ^ csr_regfile_i/_12692_/ZN (AOI21_X2_upper)
   0.02    1.43 v csr_regfile_i/_12711_/ZN (OAI21_X4_upper)
   0.02    1.45 ^ csr_regfile_i/_13558_/ZN (OAI21_X4_upper)
   0.03    1.48 v _2566_/ZN (NAND3_X4_upper)
   0.13    1.62 ^ _2695_/ZN (OAI22_X4_upper)
   0.04    1.65 v _2702_/ZN (AOI22_X2_upper)
   0.05    1.71 ^ _2703_/ZN (NOR2_X2_upper)
   0.02    1.72 v csr_regfile_i/_11420_/ZN (NOR4_X2_upper)
   0.02    1.75 ^ csr_regfile_i/_12924_/ZN (NAND3_X2_upper)
   0.01    1.76 v csr_regfile_i/_12938_/ZN (NOR2_X1_upper)
   0.03    1.78 ^ csr_regfile_i/_12939_/ZN (NAND2_X1_upper)
   0.01    1.80 v csr_regfile_i/_12940_/ZN (NOR2_X4_upper)
   0.02    1.82 ^ csr_regfile_i/_13548_/ZN (NAND2_X1_upper)
   0.03    1.84 v csr_regfile_i/_13549_/ZN (NAND3_X2_upper)
   0.04    1.88 ^ csr_regfile_i/_13702_/ZN (AOI22_X4_upper)
   0.00    1.88 ^ HBT_TOPIN_6318/BOT (HBT_TOPIN)
   0.01    1.89 v csr_regfile_i/_13703_/ZN (INV_X8_bottom)
   0.09    1.98 ^ _2578_/ZN (NOR3_X2_bottom)
   0.04    2.03 v _2579_/ZN (NAND2_X4_bottom)
   0.04    2.06 v max_length1022/Z (BUF_X16_bottom)
   0.00    2.06 v HBT_BOTIN_171931/TOP (HBT_BOTIN)
   0.04    2.10 ^ ex_stage_i/i_mult/_5134_/ZN (NOR3_X4_upper)
   0.11    2.22 v ex_stage_i/i_mult/_5135_/ZN (NAND3_X4_upper)
   0.06    2.27 v max_length1020/Z (BUF_X32_upper)
   0.03    2.31 v ex_stage_i/i_mult/_5154_/ZN (AND2_X1_upper)
   0.05    2.36 ^ ex_stage_i/i_mult/_5157_/ZN (AOI21_X1_upper)
   0.06    2.41 ^ ex_stage_i/i_mult/_7590_/CO (HA_X1_upper)
   0.03    2.45 v ex_stage_i/i_mult/_5180_/ZN (OAI211_X4_upper)
   0.08    2.52 ^ ex_stage_i/i_mult/_5214_/ZN (NOR4_X4_upper)
   0.03    2.55 v ex_stage_i/i_mult/_5267_/ZN (NAND4_X4_upper)
   0.09    2.64 v ex_stage_i/i_mult/_5319_/ZN (OR4_X4_upper)
   0.05    2.69 ^ ex_stage_i/i_mult/_5356_/ZN (NOR3_X4_upper)
   0.02    2.71 v ex_stage_i/i_mult/_5397_/ZN (NAND2_X1_upper)
   0.04    2.75 ^ ex_stage_i/i_mult/_5417_/ZN (NOR2_X1_upper)
   0.04    2.79 ^ ex_stage_i/i_mult/_7633_/CO (HA_X1_upper)
   0.01    2.80 v ex_stage_i/i_mult/_5927_/ZN (NOR2_X1_upper)
   0.03    2.84 v ex_stage_i/i_mult/_5928_/ZN (XNOR2_X1_upper)
   0.06    2.90 v ex_stage_i/i_mult/_5930_/Z (MUX2_X1_upper)
   0.07    2.96 v ex_stage_i/i_mult/_7635_/S (HA_X1_upper)
   0.03    2.99 ^ ex_stage_i/i_mult/_5462_/ZN (AOI21_X1_upper)
   0.02    3.02 v ex_stage_i/i_mult/_5464_/ZN (OAI21_X1_upper)
   0.04    3.06 ^ ex_stage_i/i_mult/_5466_/ZN (AOI21_X2_upper)
   0.05    3.11 ^ ex_stage_i/i_mult/_5468_/ZN (AND2_X1_upper)
   0.04    3.15 v ex_stage_i/i_mult/_5537_/ZN (OAI221_X2_upper)
   0.03    3.17 ^ ex_stage_i/i_mult/_5538_/ZN (AOI21_X1_upper)
   0.02    3.19 v ex_stage_i/i_mult/_5564_/ZN (OAI21_X1_upper)
   0.03    3.22 v ex_stage_i/i_mult/_5565_/ZN (AND2_X1_upper)
   0.06    3.28 v ex_stage_i/i_mult/_5566_/ZN (OR2_X1_upper)
   0.04    3.33 ^ ex_stage_i/i_mult/_5568_/ZN (AOI221_X2_upper)
   0.10    3.42 v ex_stage_i/i_mult/_7476_/S (FA_X1_upper)
   0.06    3.48 v ex_stage_i/i_mult/_7255_/Z (MUX2_X1_upper)
   0.00    3.48 v ex_stage_i/i_mult/_7828_/D (DFFR_X1_upper)
           3.48   data arrival time

   4.00    4.00   clock core_clock (rise edge)
   0.00    4.00   clock network delay (ideal)
   0.00    4.00   clock reconvergence pessimism
           4.00 ^ ex_stage_i/i_mult/_7828_/CK (DFFR_X1_upper)
  -0.04    3.96   library setup time
           3.96   data required time
---------------------------------------------------------
           3.96   data required time
          -3.48   data arrival time
---------------------------------------------------------
           0.48   slack (MET)


Startpoint: issue_stage_i/i_scoreboard/_60955_
            (rising edge-triggered flip-flop clocked by core_clock)
Endpoint: ex_stage_i/i_mult/_7800_
          (rising edge-triggered flip-flop clocked by core_clock)
Path Group: core_clock
Path Type: max

  Delay    Time   Description
---------------------------------------------------------
   0.00    0.00   clock core_clock (rise edge)
   0.00    0.00   clock network delay (ideal)
   0.00    0.00 ^ issue_stage_i/i_scoreboard/_60955_/CK (DFFR_X2_bottom)
   0.14    0.14 ^ issue_stage_i/i_scoreboard/_60955_/Q (DFFR_X2_bottom)
   0.11    0.25 ^ issue_stage_i/i_scoreboard/_60948_/CO (HA_X1_bottom)
   0.11    0.36 v issue_stage_i/i_scoreboard/_30364_/ZN (NAND2_X4_bottom)
   0.05    0.41 v max_length4726/Z (BUF_X32_bottom)
   0.03    0.44 v max_length4723/Z (BUF_X16_bottom)
   0.01    0.45 ^ issue_stage_i/i_scoreboard/_31469_/ZN (NAND3_X1_bottom)
   0.03    0.48 v issue_stage_i/i_scoreboard/_31470_/ZN (OAI211_X1_bottom)
   0.03    0.51 ^ issue_stage_i/i_scoreboard/_31471_/ZN (AOI21_X1_bottom)
   0.02    0.53 v issue_stage_i/i_scoreboard/_31472_/ZN (AOI21_X1_bottom)
   0.03    0.56 ^ issue_stage_i/i_scoreboard/_31473_/ZN (OAI211_X2_bottom)
   0.03    0.59 v issue_stage_i/i_scoreboard/_31474_/ZN (OAI211_X2_bottom)
   0.02    0.62 ^ issue_stage_i/i_scoreboard/_31476_/ZN (OAI21_X4_bottom)
   0.00    0.62 ^ HBT_BOTIN_3195/TOP (HBT_BOTIN)
   0.03    0.64 v _2531_/ZN (OAI211_X2_upper)
   0.04    0.68 ^ _2532_/ZN (AOI21_X2_upper)
   0.02    0.71 v _2536_/ZN (AOI22_X4_upper)
   0.05    0.75 ^ _2552_/ZN (NOR2_X4_upper)
   0.04    0.79 v _2555_/ZN (OAI21_X4_upper)
   0.08    0.87 ^ _3095_/ZN (NOR3_X4_upper)
   0.04    0.91 v csr_regfile_i/_07697_/ZN (NAND2_X1_upper)
   0.09    1.00 v csr_regfile_i/_10081_/ZN (OR3_X2_upper)
   0.13    1.12 ^ csr_regfile_i/_10082_/ZN (OAI33_X1_upper)
   0.04    1.16 ^ max_cap2618/Z (BUF_X2_upper)
   0.03    1.19 ^ max_cap2617/Z (BUF_X2_upper)
   0.03    1.22 ^ max_cap2616/Z (BUF_X2_upper)
   0.03    1.25 ^ max_cap2615/Z (BUF_X2_upper)
   0.03    1.28 ^ max_cap2614/Z (BUF_X2_upper)
   0.04    1.32 ^ csr_regfile_i/_12690_/ZN (AND2_X1_upper)
   0.03    1.36 v csr_regfile_i/_12691_/ZN (NAND4_X4_upper)
   0.05    1.41 ^ csr_regfile_i/_12692_/ZN (AOI21_X2_upper)
   0.02    1.43 v csr_regfile_i/_12711_/ZN (OAI21_X4_upper)
   0.02    1.45 ^ csr_regfile_i/_13558_/ZN (OAI21_X4_upper)
   0.03    1.48 v _2566_/ZN (NAND3_X4_upper)
   0.13    1.62 ^ _2695_/ZN (OAI22_X4_upper)
   0.04    1.65 v _2702_/ZN (AOI22_X2_upper)
   0.05    1.71 ^ _2703_/ZN (NOR2_X2_upper)
   0.02    1.72 v csr_regfile_i/_11420_/ZN (NOR4_X2_upper)
   0.02    1.75 ^ csr_regfile_i/_12924_/ZN (NAND3_X2_upper)
   0.01    1.76 v csr_regfile_i/_12938_/ZN (NOR2_X1_upper)
   0.03    1.78 ^ csr_regfile_i/_12939_/ZN (NAND2_X1_upper)
   0.01    1.80 v csr_regfile_i/_12940_/ZN (NOR2_X4_upper)
   0.02    1.82 ^ csr_regfile_i/_13548_/ZN (NAND2_X1_upper)
   0.03    1.84 v csr_regfile_i/_13549_/ZN (NAND3_X2_upper)
   0.04    1.88 ^ csr_regfile_i/_13702_/ZN (AOI22_X4_upper)
   0.00    1.88 ^ HBT_TOPIN_6318/BOT (HBT_TOPIN)
   0.01    1.89 v csr_regfile_i/_13703_/ZN (INV_X8_bottom)
   0.09    1.98 ^ _2578_/ZN (NOR3_X2_bottom)
   0.04    2.03 v _2579_/ZN (NAND2_X4_bottom)
   0.04    2.06 v max_length1022/Z (BUF_X16_bottom)
   0.00    2.06 v HBT_BOTIN_171931/TOP (HBT_BOTIN)
   0.04    2.10 ^ ex_stage_i/i_mult/_5134_/ZN (NOR3_X4_upper)
   0.11    2.22 v ex_stage_i/i_mult/_5135_/ZN (NAND3_X4_upper)
   0.06    2.27 v max_length1020/Z (BUF_X32_upper)
   0.03    2.31 v ex_stage_i/i_mult/_5154_/ZN (AND2_X1_upper)
   0.05    2.36 ^ ex_stage_i/i_mult/_5157_/ZN (AOI21_X1_upper)
   0.06    2.41 ^ ex_stage_i/i_mult/_7590_/CO (HA_X1_upper)
   0.03    2.45 v ex_stage_i/i_mult/_5180_/ZN (OAI211_X4_upper)
   0.08    2.52 ^ ex_stage_i/i_mult/_5214_/ZN (NOR4_X4_upper)
   0.03    2.55 v ex_stage_i/i_mult/_5267_/ZN (NAND4_X4_upper)
   0.09    2.64 v ex_stage_i/i_mult/_5319_/ZN (OR4_X4_upper)
   0.05    2.69 ^ ex_stage_i/i_mult/_5356_/ZN (NOR3_X4_upper)
   0.02    2.71 v ex_stage_i/i_mult/_5397_/ZN (NAND2_X1_upper)
   0.04    2.75 ^ ex_stage_i/i_mult/_5417_/ZN (NOR2_X1_upper)
   0.04    2.79 ^ ex_stage_i/i_mult/_7633_/CO (HA_X1_upper)
   0.01    2.80 v ex_stage_i/i_mult/_5927_/ZN (NOR2_X1_upper)
   0.03    2.84 v ex_stage_i/i_mult/_5928_/ZN (XNOR2_X1_upper)
   0.06    2.90 v ex_stage_i/i_mult/_5930_/Z (MUX2_X1_upper)
   0.06    2.96 ^ ex_stage_i/i_mult/_7635_/S (HA_X1_upper)
   0.04    3.00 v ex_stage_i/i_mult/_5463_/ZN (NAND4_X2_upper)
   0.05    3.05 ^ ex_stage_i/i_mult/_5465_/ZN (NOR2_X2_upper)
   0.03    3.08 v ex_stage_i/i_mult/_5467_/ZN (NAND4_X4_upper)
   0.04    3.12 v ex_stage_i/i_mult/_5468_/ZN (AND2_X1_upper)
   0.04    3.17 v ex_stage_i/i_mult/_5470_/ZN (OR2_X1_upper)
   0.04    3.20 v ex_stage_i/i_mult/_5471_/ZN (AND2_X1_upper)
   0.03    3.23 ^ ex_stage_i/i_mult/_5503_/ZN (OAI21_X1_upper)
   0.02    3.24 v ex_stage_i/i_mult/_5504_/ZN (AOI21_X1_upper)
   0.03    3.27 ^ ex_stage_i/i_mult/_5506_/ZN (OAI21_X1_upper)
   0.02    3.29 v ex_stage_i/i_mult/_5507_/ZN (AOI21_X1_upper)
   0.07    3.36 v ex_stage_i/i_mult/_7472_/CO (FA_X1_upper)
   0.04    3.40 v ex_stage_i/i_mult/_7169_/ZN (XNOR2_X1_upper)
   0.06    3.46 v ex_stage_i/i_mult/_7171_/Z (MUX2_X1_upper)
   0.00    3.46 v ex_stage_i/i_mult/_7800_/D (DFFR_X1_upper)
           3.46   data arrival time

   4.00    4.00   clock core_clock (rise edge)
   0.00    4.00   clock network delay (ideal)
   0.00    4.00   clock reconvergence pessimism
           4.00 ^ ex_stage_i/i_mult/_7800_/CK (DFFR_X1_upper)
  -0.04    3.96   library setup time
           3.96   data required time
---------------------------------------------------------
           3.96   data required time
          -3.46   data arrival time
---------------------------------------------------------
           0.50   slack (MET)


+_+_+_+_+_+_+_+_+_+_+_+_+_+_+_+_+-

==========================================================================
finish critical path delay
--------------------------------------------------------------------------
3.5549

==========================================================================
finish critical path slack
--------------------------------------------------------------------------
0.4023

==========================================================================
finish slack div critical path delay
--------------------------------------------------------------------------
11.316774

==========================================================================
finish report_power
--------------------------------------------------------------------------
Group                  Internal  Switching    Leakage      Total
                          Power      Power      Power      Power (Watts)
----------------------------------------------------------------
Sequential             5.29e-02   5.02e-03   1.85e-03   5.98e-02  15.5%
Combinational          1.11e-01   8.79e-02   6.43e-03   2.06e-01  53.2%
Clock                  0.00e+00   0.00e+00   0.00e+00   0.00e+00   0.0%
Macro                  9.83e-02   0.00e+00   2.24e-02   1.21e-01  31.3%
Pad                    0.00e+00   0.00e+00   0.00e+00   0.00e+00   0.0%
----------------------------------------------------------------
Total                  2.62e-01   9.29e-02   3.07e-02   3.86e-01 100.0%
                          68.0%      24.1%       8.0%

==========================================================================
finish report_design_area
--------------------------------------------------------------------------
Design area 781589 u^2 80% utilization.

[WARNING GUI-0076] QStandardPaths: XDG_RUNTIME_DIR not set, defaulting to '/tmp/runtime-root'
[WARNING GUI-0076] This plugin does not support propagateSizeHints()
[WARNING GUI-0076] This plugin does not support propagateSizeHints()
[WARNING GUI-0076] This plugin does not support propagateSizeHints()
[WARNING GUI-0010] File path does not end with a valid extension, new path is: ./reports/nangate45_3D/ariane133/HBT/final_routing.webp.png
[WARNING GUI-0010] File path does not end with a valid extension, new path is: ./reports/nangate45_3D/ariane133/HBT/final_placement.webp.png
[WARNING GUI-0010] File path does not end with a valid extension, new path is: ./reports/nangate45_3D/ariane133/HBT/final_ir_drop.webp.png
[WARNING GUI-0066] Heat map "IR Drop" has not been populated with data.
[WARNING GUI-0010] File path does not end with a valid extension, new path is: ./reports/nangate45_3D/ariane133/HBT/final_clocks.webp.png
[WARNING GUI-0010] File path does not end with a valid extension, new path is: ./reports/nangate45_3D/ariane133/HBT/final_congestion.webp.png
[WARNING GUI-0010] File path does not end with a valid extension, new path is: ./reports/nangate45_3D/ariane133/HBT/final_resizer.webp.png
[WARNING GUI-0010] File path does not end with a valid extension, new path is: ./reports/nangate45_3D/ariane133/HBT/cts_core_clock.webp.png
Elapsed time: 2:57.71[h:]min:sec. CPU time: user 173.07 sys 4.39 (99%). Peak memory: 1911584KB.
