OpenROAD v2.0-17198-g8396d0866 
Features included (+) or not (-): +Charts +GPU +GUI +Python : None
This program is licensed under the BSD-3 license. See the LICENSE file for details.
Components of this program may be licensed under more restrictive licenses which must be honored.
[INFO ORD-0030] Using 104 thread(s).
detailed_route arguments: -droute_end_iter 5
[INFO DRT-0149] Reading tech and libs.

Units:                2000
Number of layers:     41
Number of macros:     279
Number of vias:       55
Number of viarulegen: 39

[INFO DRT-0150] Reading design.
[WARNING DRT-0120] Large net clk_i has 8581 pins which may impact routing performance. Consider optimization.
[WARNING DRT-0120] Large net N1851_TOP has 115 pins which may impact routing performance. Consider optimization.
[WARNING DRT-0120] Large net N1854_TOP has 149 pins which may impact routing performance. Consider optimization.
[WARNING DRT-0120] Large net N1861_TOP has 121 pins which may impact routing performance. Consider optimization.
[WARNING DRT-0120] Large net N1864_TOP has 110 pins which may impact routing performance. Consider optimization.
[WARNING DRT-0120] Large net N54968_BOT has 114 pins which may impact routing performance. Consider optimization.
[WARNING DRT-0120] Large net N56352_TOP has 123 pins which may impact routing performance. Consider optimization.

Design:                   bp_be_top
Die area:                 ( 0 0 ) ( 1200000 1000000 )
Number of track patterns: 80
Number of DEF vias:       0
Number of components:     50911
Number of terminals:      3029
Number of snets:          0
Number of nets:           61868

[WARNING DRT-0419] No routing tracks pass through the center of Term be_mmu/dcache/data_mem_0__data_mem/macro_mem/mem/w_mask_in[0]
[WARNING DRT-0419] No routing tracks pass through the center of Term be_mmu/dcache/data_mem_0__data_mem/macro_mem/mem/w_mask_in[1]
[WARNING DRT-0419] No routing tracks pass through the center of Term be_mmu/dcache/data_mem_0__data_mem/macro_mem/mem/w_mask_in[2]
[WARNING DRT-0419] No routing tracks pass through the center of Term be_mmu/dcache/data_mem_0__data_mem/macro_mem/mem/w_mask_in[3]
[WARNING DRT-0419] No routing tracks pass through the center of Term be_mmu/dcache/data_mem_0__data_mem/macro_mem/mem/w_mask_in[4]
[WARNING DRT-0419] No routing tracks pass through the center of Term be_mmu/dcache/data_mem_0__data_mem/macro_mem/mem/w_mask_in[5]
[WARNING DRT-0419] No routing tracks pass through the center of Term be_mmu/dcache/data_mem_0__data_mem/macro_mem/mem/w_mask_in[6]
[WARNING DRT-0419] No routing tracks pass through the center of Term be_mmu/dcache/data_mem_0__data_mem/macro_mem/mem/w_mask_in[7]
[WARNING DRT-0419] No routing tracks pass through the center of Term be_mmu/dcache/data_mem_0__data_mem/macro_mem/mem/w_mask_in[8]
[WARNING DRT-0419] No routing tracks pass through the center of Term be_mmu/dcache/data_mem_0__data_mem/macro_mem/mem/w_mask_in[9]
[WARNING DRT-0419] No routing tracks pass through the center of Term be_mmu/dcache/data_mem_0__data_mem/macro_mem/mem/w_mask_in[10]
[WARNING DRT-0419] No routing tracks pass through the center of Term be_mmu/dcache/data_mem_0__data_mem/macro_mem/mem/w_mask_in[11]
[WARNING DRT-0419] No routing tracks pass through the center of Term be_mmu/dcache/data_mem_0__data_mem/macro_mem/mem/w_mask_in[12]
[WARNING DRT-0419] No routing tracks pass through the center of Term be_mmu/dcache/data_mem_0__data_mem/macro_mem/mem/w_mask_in[13]
[WARNING DRT-0419] No routing tracks pass through the center of Term be_mmu/dcache/data_mem_0__data_mem/macro_mem/mem/w_mask_in[14]
[WARNING DRT-0419] No routing tracks pass through the center of Term be_mmu/dcache/data_mem_0__data_mem/macro_mem/mem/w_mask_in[15]
[WARNING DRT-0419] No routing tracks pass through the center of Term be_mmu/dcache/data_mem_0__data_mem/macro_mem/mem/w_mask_in[16]
[WARNING DRT-0419] No routing tracks pass through the center of Term be_mmu/dcache/data_mem_0__data_mem/macro_mem/mem/w_mask_in[17]
[WARNING DRT-0419] No routing tracks pass through the center of Term be_mmu/dcache/data_mem_0__data_mem/macro_mem/mem/w_mask_in[18]
[WARNING DRT-0419] No routing tracks pass through the center of Term be_mmu/dcache/data_mem_0__data_mem/macro_mem/mem/w_mask_in[19]
[WARNING DRT-0419] No routing tracks pass through the center of Term be_mmu/dcache/data_mem_0__data_mem/macro_mem/mem/w_mask_in[20]
[WARNING DRT-0419] No routing tracks pass through the center of Term be_mmu/dcache/data_mem_0__data_mem/macro_mem/mem/w_mask_in[21]
[WARNING DRT-0419] No routing tracks pass through the center of Term be_mmu/dcache/data_mem_0__data_mem/macro_mem/mem/w_mask_in[22]
[WARNING DRT-0419] No routing tracks pass through the center of Term be_mmu/dcache/data_mem_0__data_mem/macro_mem/mem/w_mask_in[23]
[WARNING DRT-0419] No routing tracks pass through the center of Term be_mmu/dcache/data_mem_0__data_mem/macro_mem/mem/w_mask_in[24]
[WARNING DRT-0419] No routing tracks pass through the center of Term be_mmu/dcache/data_mem_0__data_mem/macro_mem/mem/w_mask_in[25]
[WARNING DRT-0419] No routing tracks pass through the center of Term be_mmu/dcache/data_mem_0__data_mem/macro_mem/mem/w_mask_in[26]
[WARNING DRT-0419] No routing tracks pass through the center of Term be_mmu/dcache/data_mem_0__data_mem/macro_mem/mem/w_mask_in[27]
[WARNING DRT-0419] No routing tracks pass through the center of Term be_mmu/dcache/data_mem_0__data_mem/macro_mem/mem/w_mask_in[28]
[WARNING DRT-0419] No routing tracks pass through the center of Term be_mmu/dcache/data_mem_0__data_mem/macro_mem/mem/w_mask_in[29]
[WARNING DRT-0419] No routing tracks pass through the center of Term be_mmu/dcache/data_mem_0__data_mem/macro_mem/mem/w_mask_in[30]
[WARNING DRT-0419] No routing tracks pass through the center of Term be_mmu/dcache/data_mem_0__data_mem/macro_mem/mem/w_mask_in[31]
[WARNING DRT-0419] No routing tracks pass through the center of Term be_mmu/dcache/data_mem_0__data_mem/macro_mem/mem/w_mask_in[32]
[WARNING DRT-0419] No routing tracks pass through the center of Term be_mmu/dcache/data_mem_0__data_mem/macro_mem/mem/w_mask_in[33]
[WARNING DRT-0419] No routing tracks pass through the center of Term be_mmu/dcache/data_mem_0__data_mem/macro_mem/mem/w_mask_in[34]
[WARNING DRT-0419] No routing tracks pass through the center of Term be_mmu/dcache/data_mem_0__data_mem/macro_mem/mem/w_mask_in[35]
[WARNING DRT-0419] No routing tracks pass through the center of Term be_mmu/dcache/data_mem_0__data_mem/macro_mem/mem/w_mask_in[36]
[WARNING DRT-0419] No routing tracks pass through the center of Term be_mmu/dcache/data_mem_0__data_mem/macro_mem/mem/w_mask_in[37]
[WARNING DRT-0419] No routing tracks pass through the center of Term be_mmu/dcache/data_mem_0__data_mem/macro_mem/mem/w_mask_in[38]
[WARNING DRT-0419] No routing tracks pass through the center of Term be_mmu/dcache/data_mem_0__data_mem/macro_mem/mem/w_mask_in[39]
[WARNING DRT-0419] No routing tracks pass through the center of Term be_mmu/dcache/data_mem_0__data_mem/macro_mem/mem/w_mask_in[40]
[WARNING DRT-0419] No routing tracks pass through the center of Term be_mmu/dcache/data_mem_0__data_mem/macro_mem/mem/w_mask_in[41]
[WARNING DRT-0419] No routing tracks pass through the center of Term be_mmu/dcache/data_mem_0__data_mem/macro_mem/mem/w_mask_in[42]
[WARNING DRT-0419] No routing tracks pass through the center of Term be_mmu/dcache/data_mem_0__data_mem/macro_mem/mem/w_mask_in[43]
[WARNING DRT-0419] No routing tracks pass through the center of Term be_mmu/dcache/data_mem_0__data_mem/macro_mem/mem/w_mask_in[44]
[WARNING DRT-0419] No routing tracks pass through the center of Term be_mmu/dcache/data_mem_0__data_mem/macro_mem/mem/w_mask_in[45]
[WARNING DRT-0419] No routing tracks pass through the center of Term be_mmu/dcache/data_mem_0__data_mem/macro_mem/mem/w_mask_in[46]
[WARNING DRT-0419] No routing tracks pass through the center of Term be_mmu/dcache/data_mem_0__data_mem/macro_mem/mem/w_mask_in[47]
[WARNING DRT-0419] No routing tracks pass through the center of Term be_mmu/dcache/data_mem_0__data_mem/macro_mem/mem/w_mask_in[48]
[WARNING DRT-0419] No routing tracks pass through the center of Term be_mmu/dcache/data_mem_0__data_mem/macro_mem/mem/w_mask_in[49]
[WARNING DRT-0419] No routing tracks pass through the center of Term be_mmu/dcache/data_mem_0__data_mem/macro_mem/mem/w_mask_in[50]
[WARNING DRT-0419] No routing tracks pass through the center of Term be_mmu/dcache/data_mem_0__data_mem/macro_mem/mem/w_mask_in[51]
[WARNING DRT-0419] No routing tracks pass through the center of Term be_mmu/dcache/data_mem_0__data_mem/macro_mem/mem/w_mask_in[52]
[WARNING DRT-0419] No routing tracks pass through the center of Term be_mmu/dcache/data_mem_0__data_mem/macro_mem/mem/w_mask_in[53]
[WARNING DRT-0419] No routing tracks pass through the center of Term be_mmu/dcache/data_mem_0__data_mem/macro_mem/mem/w_mask_in[54]
[WARNING DRT-0419] No routing tracks pass through the center of Term be_mmu/dcache/data_mem_0__data_mem/macro_mem/mem/w_mask_in[55]
[WARNING DRT-0419] No routing tracks pass through the center of Term be_mmu/dcache/data_mem_0__data_mem/macro_mem/mem/w_mask_in[56]
[WARNING DRT-0419] No routing tracks pass through the center of Term be_mmu/dcache/data_mem_0__data_mem/macro_mem/mem/w_mask_in[57]
[WARNING DRT-0419] No routing tracks pass through the center of Term be_mmu/dcache/data_mem_0__data_mem/macro_mem/mem/w_mask_in[58]
[WARNING DRT-0419] No routing tracks pass through the center of Term be_mmu/dcache/data_mem_0__data_mem/macro_mem/mem/w_mask_in[59]
[WARNING DRT-0419] No routing tracks pass through the center of Term be_mmu/dcache/data_mem_0__data_mem/macro_mem/mem/w_mask_in[60]
[WARNING DRT-0419] No routing tracks pass through the center of Term be_mmu/dcache/data_mem_0__data_mem/macro_mem/mem/w_mask_in[61]
[WARNING DRT-0419] No routing tracks pass through the center of Term be_mmu/dcache/data_mem_0__data_mem/macro_mem/mem/w_mask_in[62]
[WARNING DRT-0419] No routing tracks pass through the center of Term be_mmu/dcache/data_mem_0__data_mem/macro_mem/mem/w_mask_in[63]
[WARNING DRT-0419] No routing tracks pass through the center of Term be_mmu/dcache/data_mem_0__data_mem/macro_mem/mem/rd_out[0]
[WARNING DRT-0419] No routing tracks pass through the center of Term be_mmu/dcache/data_mem_0__data_mem/macro_mem/mem/rd_out[1]
[WARNING DRT-0419] No routing tracks pass through the center of Term be_mmu/dcache/data_mem_0__data_mem/macro_mem/mem/rd_out[2]
[WARNING DRT-0419] No routing tracks pass through the center of Term be_mmu/dcache/data_mem_0__data_mem/macro_mem/mem/rd_out[3]
[WARNING DRT-0419] No routing tracks pass through the center of Term be_mmu/dcache/data_mem_0__data_mem/macro_mem/mem/rd_out[4]
[WARNING DRT-0419] No routing tracks pass through the center of Term be_mmu/dcache/data_mem_0__data_mem/macro_mem/mem/rd_out[5]
[WARNING DRT-0419] No routing tracks pass through the center of Term be_mmu/dcache/data_mem_0__data_mem/macro_mem/mem/rd_out[6]
[WARNING DRT-0419] No routing tracks pass through the center of Term be_mmu/dcache/data_mem_0__data_mem/macro_mem/mem/rd_out[7]
[WARNING DRT-0419] No routing tracks pass through the center of Term be_mmu/dcache/data_mem_0__data_mem/macro_mem/mem/rd_out[8]
[WARNING DRT-0419] No routing tracks pass through the center of Term be_mmu/dcache/data_mem_0__data_mem/macro_mem/mem/rd_out[9]
[WARNING DRT-0419] No routing tracks pass through the center of Term be_mmu/dcache/data_mem_0__data_mem/macro_mem/mem/rd_out[10]
[WARNING DRT-0419] No routing tracks pass through the center of Term be_mmu/dcache/data_mem_0__data_mem/macro_mem/mem/rd_out[11]
[WARNING DRT-0419] No routing tracks pass through the center of Term be_mmu/dcache/data_mem_0__data_mem/macro_mem/mem/rd_out[12]
[WARNING DRT-0419] No routing tracks pass through the center of Term be_mmu/dcache/data_mem_0__data_mem/macro_mem/mem/rd_out[13]
[WARNING DRT-0419] No routing tracks pass through the center of Term be_mmu/dcache/data_mem_0__data_mem/macro_mem/mem/rd_out[14]
[WARNING DRT-0419] No routing tracks pass through the center of Term be_mmu/dcache/data_mem_0__data_mem/macro_mem/mem/rd_out[15]
[WARNING DRT-0419] No routing tracks pass through the center of Term be_mmu/dcache/data_mem_0__data_mem/macro_mem/mem/rd_out[16]
[WARNING DRT-0419] No routing tracks pass through the center of Term be_mmu/dcache/data_mem_0__data_mem/macro_mem/mem/rd_out[17]
[WARNING DRT-0419] No routing tracks pass through the center of Term be_mmu/dcache/data_mem_0__data_mem/macro_mem/mem/rd_out[18]
[WARNING DRT-0419] No routing tracks pass through the center of Term be_mmu/dcache/data_mem_0__data_mem/macro_mem/mem/rd_out[19]
[WARNING DRT-0419] No routing tracks pass through the center of Term be_mmu/dcache/data_mem_0__data_mem/macro_mem/mem/rd_out[20]
[WARNING DRT-0419] No routing tracks pass through the center of Term be_mmu/dcache/data_mem_0__data_mem/macro_mem/mem/rd_out[21]
[WARNING DRT-0419] No routing tracks pass through the center of Term be_mmu/dcache/data_mem_0__data_mem/macro_mem/mem/rd_out[22]
[WARNING DRT-0419] No routing tracks pass through the center of Term be_mmu/dcache/data_mem_0__data_mem/macro_mem/mem/rd_out[23]
[WARNING DRT-0419] No routing tracks pass through the center of Term be_mmu/dcache/data_mem_0__data_mem/macro_mem/mem/rd_out[24]
[WARNING DRT-0419] No routing tracks pass through the center of Term be_mmu/dcache/data_mem_0__data_mem/macro_mem/mem/rd_out[25]
[WARNING DRT-0419] No routing tracks pass through the center of Term be_mmu/dcache/data_mem_0__data_mem/macro_mem/mem/rd_out[26]
[WARNING DRT-0419] No routing tracks pass through the center of Term be_mmu/dcache/data_mem_0__data_mem/macro_mem/mem/rd_out[27]
[WARNING DRT-0419] No routing tracks pass through the center of Term be_mmu/dcache/data_mem_0__data_mem/macro_mem/mem/rd_out[28]
[WARNING DRT-0419] No routing tracks pass through the center of Term be_mmu/dcache/data_mem_0__data_mem/macro_mem/mem/rd_out[29]
[WARNING DRT-0419] No routing tracks pass through the center of Term be_mmu/dcache/data_mem_0__data_mem/macro_mem/mem/rd_out[30]
[WARNING DRT-0419] No routing tracks pass through the center of Term be_mmu/dcache/data_mem_0__data_mem/macro_mem/mem/rd_out[31]
[WARNING DRT-0419] No routing tracks pass through the center of Term be_mmu/dcache/data_mem_0__data_mem/macro_mem/mem/rd_out[32]
[WARNING DRT-0419] No routing tracks pass through the center of Term be_mmu/dcache/data_mem_0__data_mem/macro_mem/mem/rd_out[33]
[WARNING DRT-0419] No routing tracks pass through the center of Term be_mmu/dcache/data_mem_0__data_mem/macro_mem/mem/rd_out[34]
[WARNING DRT-0419] No routing tracks pass through the center of Term be_mmu/dcache/data_mem_0__data_mem/macro_mem/mem/rd_out[35]
[WARNING DRT-0419] No routing tracks pass through the center of Term be_mmu/dcache/data_mem_0__data_mem/macro_mem/mem/rd_out[36]
[WARNING DRT-0419] No routing tracks pass through the center of Term be_mmu/dcache/data_mem_0__data_mem/macro_mem/mem/rd_out[37]
[WARNING DRT-0419] No routing tracks pass through the center of Term be_mmu/dcache/data_mem_0__data_mem/macro_mem/mem/rd_out[38]
[WARNING DRT-0419] No routing tracks pass through the center of Term be_mmu/dcache/data_mem_0__data_mem/macro_mem/mem/rd_out[39]
[WARNING DRT-0419] No routing tracks pass through the center of Term be_mmu/dcache/data_mem_0__data_mem/macro_mem/mem/rd_out[40]
[WARNING DRT-0419] No routing tracks pass through the center of Term be_mmu/dcache/data_mem_0__data_mem/macro_mem/mem/rd_out[41]
[WARNING DRT-0419] No routing tracks pass through the center of Term be_mmu/dcache/data_mem_0__data_mem/macro_mem/mem/rd_out[42]
[WARNING DRT-0419] No routing tracks pass through the center of Term be_mmu/dcache/data_mem_0__data_mem/macro_mem/mem/rd_out[43]
[WARNING DRT-0419] No routing tracks pass through the center of Term be_mmu/dcache/data_mem_0__data_mem/macro_mem/mem/rd_out[44]
[WARNING DRT-0419] No routing tracks pass through the center of Term be_mmu/dcache/data_mem_0__data_mem/macro_mem/mem/rd_out[45]
[WARNING DRT-0419] No routing tracks pass through the center of Term be_mmu/dcache/data_mem_0__data_mem/macro_mem/mem/rd_out[46]
[WARNING DRT-0419] No routing tracks pass through the center of Term be_mmu/dcache/data_mem_0__data_mem/macro_mem/mem/rd_out[47]
[WARNING DRT-0419] No routing tracks pass through the center of Term be_mmu/dcache/data_mem_0__data_mem/macro_mem/mem/rd_out[48]
[WARNING DRT-0419] No routing tracks pass through the center of Term be_mmu/dcache/data_mem_0__data_mem/macro_mem/mem/rd_out[49]
[WARNING DRT-0419] No routing tracks pass through the center of Term be_mmu/dcache/data_mem_0__data_mem/macro_mem/mem/rd_out[50]
[WARNING DRT-0419] No routing tracks pass through the center of Term be_mmu/dcache/data_mem_0__data_mem/macro_mem/mem/rd_out[51]
[WARNING DRT-0419] No routing tracks pass through the center of Term be_mmu/dcache/data_mem_0__data_mem/macro_mem/mem/rd_out[52]
[WARNING DRT-0419] No routing tracks pass through the center of Term be_mmu/dcache/data_mem_0__data_mem/macro_mem/mem/rd_out[53]
[WARNING DRT-0419] No routing tracks pass through the center of Term be_mmu/dcache/data_mem_0__data_mem/macro_mem/mem/rd_out[54]
[WARNING DRT-0419] No routing tracks pass through the center of Term be_mmu/dcache/data_mem_0__data_mem/macro_mem/mem/rd_out[55]
[WARNING DRT-0419] No routing tracks pass through the center of Term be_mmu/dcache/data_mem_0__data_mem/macro_mem/mem/rd_out[56]
[WARNING DRT-0419] No routing tracks pass through the center of Term be_mmu/dcache/data_mem_0__data_mem/macro_mem/mem/rd_out[57]
[WARNING DRT-0419] No routing tracks pass through the center of Term be_mmu/dcache/data_mem_0__data_mem/macro_mem/mem/rd_out[58]
[WARNING DRT-0419] No routing tracks pass through the center of Term be_mmu/dcache/data_mem_0__data_mem/macro_mem/mem/rd_out[59]
[WARNING DRT-0419] No routing tracks pass through the center of Term be_mmu/dcache/data_mem_0__data_mem/macro_mem/mem/rd_out[60]
[WARNING DRT-0419] No routing tracks pass through the center of Term be_mmu/dcache/data_mem_0__data_mem/macro_mem/mem/rd_out[61]
[WARNING DRT-0419] No routing tracks pass through the center of Term be_mmu/dcache/data_mem_0__data_mem/macro_mem/mem/rd_out[62]
[WARNING DRT-0419] No routing tracks pass through the center of Term be_mmu/dcache/data_mem_0__data_mem/macro_mem/mem/rd_out[63]
[WARNING DRT-0419] No routing tracks pass through the center of Term be_mmu/dcache/data_mem_0__data_mem/macro_mem/mem/wd_in[0]
[WARNING DRT-0419] No routing tracks pass through the center of Term be_mmu/dcache/data_mem_0__data_mem/macro_mem/mem/wd_in[1]
[WARNING DRT-0419] No routing tracks pass through the center of Term be_mmu/dcache/data_mem_0__data_mem/macro_mem/mem/wd_in[2]
[WARNING DRT-0419] No routing tracks pass through the center of Term be_mmu/dcache/data_mem_0__data_mem/macro_mem/mem/wd_in[3]
[WARNING DRT-0419] No routing tracks pass through the center of Term be_mmu/dcache/data_mem_0__data_mem/macro_mem/mem/wd_in[4]
[WARNING DRT-0419] No routing tracks pass through the center of Term be_mmu/dcache/data_mem_0__data_mem/macro_mem/mem/wd_in[5]
[WARNING DRT-0419] No routing tracks pass through the center of Term be_mmu/dcache/data_mem_0__data_mem/macro_mem/mem/wd_in[6]
[WARNING DRT-0419] No routing tracks pass through the center of Term be_mmu/dcache/data_mem_0__data_mem/macro_mem/mem/wd_in[7]
[WARNING DRT-0419] No routing tracks pass through the center of Term be_mmu/dcache/data_mem_0__data_mem/macro_mem/mem/wd_in[8]
[WARNING DRT-0419] No routing tracks pass through the center of Term be_mmu/dcache/data_mem_0__data_mem/macro_mem/mem/wd_in[9]
[WARNING DRT-0419] No routing tracks pass through the center of Term be_mmu/dcache/data_mem_0__data_mem/macro_mem/mem/wd_in[10]
[WARNING DRT-0419] No routing tracks pass through the center of Term be_mmu/dcache/data_mem_0__data_mem/macro_mem/mem/wd_in[11]
[WARNING DRT-0419] No routing tracks pass through the center of Term be_mmu/dcache/data_mem_0__data_mem/macro_mem/mem/wd_in[12]
[WARNING DRT-0419] No routing tracks pass through the center of Term be_mmu/dcache/data_mem_0__data_mem/macro_mem/mem/wd_in[13]
[WARNING DRT-0419] No routing tracks pass through the center of Term be_mmu/dcache/data_mem_0__data_mem/macro_mem/mem/wd_in[14]
[WARNING DRT-0419] No routing tracks pass through the center of Term be_mmu/dcache/data_mem_0__data_mem/macro_mem/mem/wd_in[15]
[WARNING DRT-0419] No routing tracks pass through the center of Term be_mmu/dcache/data_mem_0__data_mem/macro_mem/mem/wd_in[16]
[WARNING DRT-0419] No routing tracks pass through the center of Term be_mmu/dcache/data_mem_0__data_mem/macro_mem/mem/wd_in[17]
[WARNING DRT-0419] No routing tracks pass through the center of Term be_mmu/dcache/data_mem_0__data_mem/macro_mem/mem/wd_in[18]
[WARNING DRT-0419] No routing tracks pass through the center of Term be_mmu/dcache/data_mem_0__data_mem/macro_mem/mem/wd_in[19]
[WARNING DRT-0419] No routing tracks pass through the center of Term be_mmu/dcache/data_mem_0__data_mem/macro_mem/mem/wd_in[20]
[WARNING DRT-0419] No routing tracks pass through the center of Term be_mmu/dcache/data_mem_0__data_mem/macro_mem/mem/wd_in[21]
[WARNING DRT-0419] No routing tracks pass through the center of Term be_mmu/dcache/data_mem_0__data_mem/macro_mem/mem/wd_in[22]
[WARNING DRT-0419] No routing tracks pass through the center of Term be_mmu/dcache/data_mem_0__data_mem/macro_mem/mem/wd_in[23]
[WARNING DRT-0419] No routing tracks pass through the center of Term be_mmu/dcache/data_mem_0__data_mem/macro_mem/mem/wd_in[24]
[WARNING DRT-0419] No routing tracks pass through the center of Term be_mmu/dcache/data_mem_0__data_mem/macro_mem/mem/wd_in[25]
[WARNING DRT-0419] No routing tracks pass through the center of Term be_mmu/dcache/data_mem_0__data_mem/macro_mem/mem/wd_in[26]
[WARNING DRT-0419] No routing tracks pass through the center of Term be_mmu/dcache/data_mem_0__data_mem/macro_mem/mem/wd_in[27]
[WARNING DRT-0419] No routing tracks pass through the center of Term be_mmu/dcache/data_mem_0__data_mem/macro_mem/mem/wd_in[28]
[WARNING DRT-0419] No routing tracks pass through the center of Term be_mmu/dcache/data_mem_0__data_mem/macro_mem/mem/wd_in[29]
[WARNING DRT-0419] No routing tracks pass through the center of Term be_mmu/dcache/data_mem_0__data_mem/macro_mem/mem/wd_in[30]
[WARNING DRT-0419] No routing tracks pass through the center of Term be_mmu/dcache/data_mem_0__data_mem/macro_mem/mem/wd_in[31]
[WARNING DRT-0419] No routing tracks pass through the center of Term be_mmu/dcache/data_mem_0__data_mem/macro_mem/mem/wd_in[32]
[WARNING DRT-0419] No routing tracks pass through the center of Term be_mmu/dcache/data_mem_0__data_mem/macro_mem/mem/wd_in[33]
[WARNING DRT-0419] No routing tracks pass through the center of Term be_mmu/dcache/data_mem_0__data_mem/macro_mem/mem/wd_in[34]
[WARNING DRT-0419] No routing tracks pass through the center of Term be_mmu/dcache/data_mem_0__data_mem/macro_mem/mem/wd_in[35]
[WARNING DRT-0419] No routing tracks pass through the center of Term be_mmu/dcache/data_mem_0__data_mem/macro_mem/mem/wd_in[36]
[WARNING DRT-0419] No routing tracks pass through the center of Term be_mmu/dcache/data_mem_0__data_mem/macro_mem/mem/wd_in[37]
[WARNING DRT-0419] No routing tracks pass through the center of Term be_mmu/dcache/data_mem_0__data_mem/macro_mem/mem/wd_in[38]
[WARNING DRT-0419] No routing tracks pass through the center of Term be_mmu/dcache/data_mem_0__data_mem/macro_mem/mem/wd_in[39]
[WARNING DRT-0419] No routing tracks pass through the center of Term be_mmu/dcache/data_mem_0__data_mem/macro_mem/mem/wd_in[40]
[WARNING DRT-0419] No routing tracks pass through the center of Term be_mmu/dcache/data_mem_0__data_mem/macro_mem/mem/wd_in[41]
[WARNING DRT-0419] No routing tracks pass through the center of Term be_mmu/dcache/data_mem_0__data_mem/macro_mem/mem/wd_in[42]
[WARNING DRT-0419] No routing tracks pass through the center of Term be_mmu/dcache/data_mem_0__data_mem/macro_mem/mem/wd_in[43]
[WARNING DRT-0419] No routing tracks pass through the center of Term be_mmu/dcache/data_mem_0__data_mem/macro_mem/mem/wd_in[44]
[WARNING DRT-0419] No routing tracks pass through the center of Term be_mmu/dcache/data_mem_0__data_mem/macro_mem/mem/wd_in[45]
[WARNING DRT-0419] No routing tracks pass through the center of Term be_mmu/dcache/data_mem_0__data_mem/macro_mem/mem/wd_in[46]
[WARNING DRT-0419] No routing tracks pass through the center of Term be_mmu/dcache/data_mem_0__data_mem/macro_mem/mem/wd_in[47]
[WARNING DRT-0419] No routing tracks pass through the center of Term be_mmu/dcache/data_mem_0__data_mem/macro_mem/mem/wd_in[48]
[WARNING DRT-0419] No routing tracks pass through the center of Term be_mmu/dcache/data_mem_0__data_mem/macro_mem/mem/wd_in[49]
[WARNING DRT-0419] No routing tracks pass through the center of Term be_mmu/dcache/data_mem_0__data_mem/macro_mem/mem/wd_in[50]
[WARNING DRT-0419] No routing tracks pass through the center of Term be_mmu/dcache/data_mem_0__data_mem/macro_mem/mem/wd_in[51]
[WARNING DRT-0419] No routing tracks pass through the center of Term be_mmu/dcache/data_mem_0__data_mem/macro_mem/mem/wd_in[52]
[WARNING DRT-0419] No routing tracks pass through the center of Term be_mmu/dcache/data_mem_0__data_mem/macro_mem/mem/wd_in[53]
[WARNING DRT-0419] No routing tracks pass through the center of Term be_mmu/dcache/data_mem_0__data_mem/macro_mem/mem/wd_in[54]
[WARNING DRT-0419] No routing tracks pass through the center of Term be_mmu/dcache/data_mem_0__data_mem/macro_mem/mem/wd_in[55]
[WARNING DRT-0419] No routing tracks pass through the center of Term be_mmu/dcache/data_mem_0__data_mem/macro_mem/mem/wd_in[56]
[WARNING DRT-0419] No routing tracks pass through the center of Term be_mmu/dcache/data_mem_0__data_mem/macro_mem/mem/wd_in[57]
[WARNING DRT-0419] No routing tracks pass through the center of Term be_mmu/dcache/data_mem_0__data_mem/macro_mem/mem/wd_in[58]
[WARNING DRT-0419] No routing tracks pass through the center of Term be_mmu/dcache/data_mem_0__data_mem/macro_mem/mem/wd_in[59]
[WARNING DRT-0419] No routing tracks pass through the center of Term be_mmu/dcache/data_mem_0__data_mem/macro_mem/mem/wd_in[60]
[WARNING DRT-0419] No routing tracks pass through the center of Term be_mmu/dcache/data_mem_0__data_mem/macro_mem/mem/wd_in[61]
[WARNING DRT-0419] No routing tracks pass through the center of Term be_mmu/dcache/data_mem_0__data_mem/macro_mem/mem/wd_in[62]
[WARNING DRT-0419] No routing tracks pass through the center of Term be_mmu/dcache/data_mem_0__data_mem/macro_mem/mem/wd_in[63]
[WARNING DRT-0419] No routing tracks pass through the center of Term be_mmu/dcache/data_mem_0__data_mem/macro_mem/mem/addr_in[0]
[WARNING DRT-0419] No routing tracks pass through the center of Term be_mmu/dcache/data_mem_0__data_mem/macro_mem/mem/addr_in[1]
[WARNING DRT-0419] No routing tracks pass through the center of Term be_mmu/dcache/data_mem_0__data_mem/macro_mem/mem/addr_in[2]
[WARNING DRT-0419] No routing tracks pass through the center of Term be_mmu/dcache/data_mem_0__data_mem/macro_mem/mem/addr_in[3]
[WARNING DRT-0419] No routing tracks pass through the center of Term be_mmu/dcache/data_mem_0__data_mem/macro_mem/mem/addr_in[4]
[WARNING DRT-0419] No routing tracks pass through the center of Term be_mmu/dcache/data_mem_0__data_mem/macro_mem/mem/addr_in[5]
[WARNING DRT-0419] No routing tracks pass through the center of Term be_mmu/dcache/data_mem_0__data_mem/macro_mem/mem/addr_in[6]
[WARNING DRT-0419] No routing tracks pass through the center of Term be_mmu/dcache/data_mem_0__data_mem/macro_mem/mem/addr_in[7]
[WARNING DRT-0419] No routing tracks pass through the center of Term be_mmu/dcache/data_mem_0__data_mem/macro_mem/mem/addr_in[8]
[WARNING DRT-0419] No routing tracks pass through the center of Term be_mmu/dcache/data_mem_0__data_mem/macro_mem/mem/we_in
[WARNING DRT-0419] No routing tracks pass through the center of Term be_mmu/dcache/data_mem_0__data_mem/macro_mem/mem/ce_in
[WARNING DRT-0419] No routing tracks pass through the center of Term be_mmu/dcache/data_mem_0__data_mem/macro_mem/mem/clk
[WARNING DRT-0419] No routing tracks pass through the center of Term be_mmu/dcache/data_mem_1__data_mem/macro_mem/mem/w_mask_in[0]
[WARNING DRT-0419] No routing tracks pass through the center of Term be_mmu/dcache/data_mem_1__data_mem/macro_mem/mem/w_mask_in[1]
[WARNING DRT-0419] No routing tracks pass through the center of Term be_mmu/dcache/data_mem_1__data_mem/macro_mem/mem/w_mask_in[2]
[WARNING DRT-0419] No routing tracks pass through the center of Term be_mmu/dcache/data_mem_1__data_mem/macro_mem/mem/w_mask_in[3]
[WARNING DRT-0419] No routing tracks pass through the center of Term be_mmu/dcache/data_mem_1__data_mem/macro_mem/mem/w_mask_in[4]
[WARNING DRT-0419] No routing tracks pass through the center of Term be_mmu/dcache/data_mem_1__data_mem/macro_mem/mem/w_mask_in[5]
[WARNING DRT-0419] No routing tracks pass through the center of Term be_mmu/dcache/data_mem_1__data_mem/macro_mem/mem/w_mask_in[6]
[WARNING DRT-0419] No routing tracks pass through the center of Term be_mmu/dcache/data_mem_1__data_mem/macro_mem/mem/w_mask_in[7]
[WARNING DRT-0419] No routing tracks pass through the center of Term be_mmu/dcache/data_mem_1__data_mem/macro_mem/mem/w_mask_in[8]
[WARNING DRT-0419] No routing tracks pass through the center of Term be_mmu/dcache/data_mem_1__data_mem/macro_mem/mem/w_mask_in[9]
[WARNING DRT-0419] No routing tracks pass through the center of Term be_mmu/dcache/data_mem_1__data_mem/macro_mem/mem/w_mask_in[10]
[WARNING DRT-0419] No routing tracks pass through the center of Term be_mmu/dcache/data_mem_1__data_mem/macro_mem/mem/w_mask_in[11]
[WARNING DRT-0419] No routing tracks pass through the center of Term be_mmu/dcache/data_mem_1__data_mem/macro_mem/mem/w_mask_in[12]
[WARNING DRT-0419] No routing tracks pass through the center of Term be_mmu/dcache/data_mem_1__data_mem/macro_mem/mem/w_mask_in[13]
[WARNING DRT-0419] No routing tracks pass through the center of Term be_mmu/dcache/data_mem_1__data_mem/macro_mem/mem/w_mask_in[14]
[WARNING DRT-0419] No routing tracks pass through the center of Term be_mmu/dcache/data_mem_1__data_mem/macro_mem/mem/w_mask_in[15]
[WARNING DRT-0419] No routing tracks pass through the center of Term be_mmu/dcache/data_mem_1__data_mem/macro_mem/mem/w_mask_in[16]
[WARNING DRT-0419] No routing tracks pass through the center of Term be_mmu/dcache/data_mem_1__data_mem/macro_mem/mem/w_mask_in[17]
[WARNING DRT-0419] No routing tracks pass through the center of Term be_mmu/dcache/data_mem_1__data_mem/macro_mem/mem/w_mask_in[18]
[WARNING DRT-0419] No routing tracks pass through the center of Term be_mmu/dcache/data_mem_1__data_mem/macro_mem/mem/w_mask_in[19]
[WARNING DRT-0419] No routing tracks pass through the center of Term be_mmu/dcache/data_mem_1__data_mem/macro_mem/mem/w_mask_in[20]
[WARNING DRT-0419] No routing tracks pass through the center of Term be_mmu/dcache/data_mem_1__data_mem/macro_mem/mem/w_mask_in[21]
[WARNING DRT-0419] No routing tracks pass through the center of Term be_mmu/dcache/data_mem_1__data_mem/macro_mem/mem/w_mask_in[22]
[WARNING DRT-0419] No routing tracks pass through the center of Term be_mmu/dcache/data_mem_1__data_mem/macro_mem/mem/w_mask_in[23]
[WARNING DRT-0419] No routing tracks pass through the center of Term be_mmu/dcache/data_mem_1__data_mem/macro_mem/mem/w_mask_in[24]
[WARNING DRT-0419] No routing tracks pass through the center of Term be_mmu/dcache/data_mem_1__data_mem/macro_mem/mem/w_mask_in[25]
[WARNING DRT-0419] No routing tracks pass through the center of Term be_mmu/dcache/data_mem_1__data_mem/macro_mem/mem/w_mask_in[26]
[WARNING DRT-0419] No routing tracks pass through the center of Term be_mmu/dcache/data_mem_1__data_mem/macro_mem/mem/w_mask_in[27]
[WARNING DRT-0419] No routing tracks pass through the center of Term be_mmu/dcache/data_mem_1__data_mem/macro_mem/mem/w_mask_in[28]
[WARNING DRT-0419] No routing tracks pass through the center of Term be_mmu/dcache/data_mem_1__data_mem/macro_mem/mem/w_mask_in[29]
[WARNING DRT-0419] No routing tracks pass through the center of Term be_mmu/dcache/data_mem_1__data_mem/macro_mem/mem/w_mask_in[30]
[WARNING DRT-0419] No routing tracks pass through the center of Term be_mmu/dcache/data_mem_1__data_mem/macro_mem/mem/w_mask_in[31]
[WARNING DRT-0419] No routing tracks pass through the center of Term be_mmu/dcache/data_mem_1__data_mem/macro_mem/mem/w_mask_in[32]
[WARNING DRT-0419] No routing tracks pass through the center of Term be_mmu/dcache/data_mem_1__data_mem/macro_mem/mem/w_mask_in[33]
[WARNING DRT-0419] No routing tracks pass through the center of Term be_mmu/dcache/data_mem_1__data_mem/macro_mem/mem/w_mask_in[34]
[WARNING DRT-0419] No routing tracks pass through the center of Term be_mmu/dcache/data_mem_1__data_mem/macro_mem/mem/w_mask_in[35]
[WARNING DRT-0419] No routing tracks pass through the center of Term be_mmu/dcache/data_mem_1__data_mem/macro_mem/mem/w_mask_in[36]
[WARNING DRT-0419] No routing tracks pass through the center of Term be_mmu/dcache/data_mem_1__data_mem/macro_mem/mem/w_mask_in[37]
[WARNING DRT-0419] No routing tracks pass through the center of Term be_mmu/dcache/data_mem_1__data_mem/macro_mem/mem/w_mask_in[38]
[WARNING DRT-0419] No routing tracks pass through the center of Term be_mmu/dcache/data_mem_1__data_mem/macro_mem/mem/w_mask_in[39]
[WARNING DRT-0419] No routing tracks pass through the center of Term be_mmu/dcache/data_mem_1__data_mem/macro_mem/mem/w_mask_in[40]
[WARNING DRT-0419] No routing tracks pass through the center of Term be_mmu/dcache/data_mem_1__data_mem/macro_mem/mem/w_mask_in[41]
[WARNING DRT-0419] No routing tracks pass through the center of Term be_mmu/dcache/data_mem_1__data_mem/macro_mem/mem/w_mask_in[42]
[WARNING DRT-0419] No routing tracks pass through the center of Term be_mmu/dcache/data_mem_1__data_mem/macro_mem/mem/w_mask_in[43]
[WARNING DRT-0419] No routing tracks pass through the center of Term be_mmu/dcache/data_mem_1__data_mem/macro_mem/mem/w_mask_in[44]
[WARNING DRT-0419] No routing tracks pass through the center of Term be_mmu/dcache/data_mem_1__data_mem/macro_mem/mem/w_mask_in[45]
[WARNING DRT-0419] No routing tracks pass through the center of Term be_mmu/dcache/data_mem_1__data_mem/macro_mem/mem/w_mask_in[46]
[WARNING DRT-0419] No routing tracks pass through the center of Term be_mmu/dcache/data_mem_1__data_mem/macro_mem/mem/w_mask_in[47]
[WARNING DRT-0419] No routing tracks pass through the center of Term be_mmu/dcache/data_mem_1__data_mem/macro_mem/mem/w_mask_in[48]
[WARNING DRT-0419] No routing tracks pass through the center of Term be_mmu/dcache/data_mem_1__data_mem/macro_mem/mem/w_mask_in[49]
[WARNING DRT-0419] No routing tracks pass through the center of Term be_mmu/dcache/data_mem_1__data_mem/macro_mem/mem/w_mask_in[50]
[WARNING DRT-0419] No routing tracks pass through the center of Term be_mmu/dcache/data_mem_1__data_mem/macro_mem/mem/w_mask_in[51]
[WARNING DRT-0419] No routing tracks pass through the center of Term be_mmu/dcache/data_mem_1__data_mem/macro_mem/mem/w_mask_in[52]
[WARNING DRT-0419] No routing tracks pass through the center of Term be_mmu/dcache/data_mem_1__data_mem/macro_mem/mem/w_mask_in[53]
[WARNING DRT-0419] No routing tracks pass through the center of Term be_mmu/dcache/data_mem_1__data_mem/macro_mem/mem/w_mask_in[54]
[WARNING DRT-0419] No routing tracks pass through the center of Term be_mmu/dcache/data_mem_1__data_mem/macro_mem/mem/w_mask_in[55]
[WARNING DRT-0419] No routing tracks pass through the center of Term be_mmu/dcache/data_mem_1__data_mem/macro_mem/mem/w_mask_in[56]
[WARNING DRT-0419] No routing tracks pass through the center of Term be_mmu/dcache/data_mem_1__data_mem/macro_mem/mem/w_mask_in[57]
[WARNING DRT-0419] No routing tracks pass through the center of Term be_mmu/dcache/data_mem_1__data_mem/macro_mem/mem/w_mask_in[58]
[WARNING DRT-0419] No routing tracks pass through the center of Term be_mmu/dcache/data_mem_1__data_mem/macro_mem/mem/w_mask_in[59]
[WARNING DRT-0419] No routing tracks pass through the center of Term be_mmu/dcache/data_mem_1__data_mem/macro_mem/mem/w_mask_in[60]
[WARNING DRT-0419] No routing tracks pass through the center of Term be_mmu/dcache/data_mem_1__data_mem/macro_mem/mem/w_mask_in[61]
[WARNING DRT-0419] No routing tracks pass through the center of Term be_mmu/dcache/data_mem_1__data_mem/macro_mem/mem/w_mask_in[62]
[WARNING DRT-0419] No routing tracks pass through the center of Term be_mmu/dcache/data_mem_1__data_mem/macro_mem/mem/w_mask_in[63]
[WARNING DRT-0419] No routing tracks pass through the center of Term be_mmu/dcache/data_mem_1__data_mem/macro_mem/mem/rd_out[0]
[WARNING DRT-0419] No routing tracks pass through the center of Term be_mmu/dcache/data_mem_1__data_mem/macro_mem/mem/rd_out[1]
[WARNING DRT-0419] No routing tracks pass through the center of Term be_mmu/dcache/data_mem_1__data_mem/macro_mem/mem/rd_out[2]
[WARNING DRT-0419] No routing tracks pass through the center of Term be_mmu/dcache/data_mem_1__data_mem/macro_mem/mem/rd_out[3]
[WARNING DRT-0419] No routing tracks pass through the center of Term be_mmu/dcache/data_mem_1__data_mem/macro_mem/mem/rd_out[4]
[WARNING DRT-0419] No routing tracks pass through the center of Term be_mmu/dcache/data_mem_1__data_mem/macro_mem/mem/rd_out[5]
[WARNING DRT-0419] No routing tracks pass through the center of Term be_mmu/dcache/data_mem_1__data_mem/macro_mem/mem/rd_out[6]
[WARNING DRT-0419] No routing tracks pass through the center of Term be_mmu/dcache/data_mem_1__data_mem/macro_mem/mem/rd_out[7]
[WARNING DRT-0419] No routing tracks pass through the center of Term be_mmu/dcache/data_mem_1__data_mem/macro_mem/mem/rd_out[8]
[WARNING DRT-0419] No routing tracks pass through the center of Term be_mmu/dcache/data_mem_1__data_mem/macro_mem/mem/rd_out[9]
[WARNING DRT-0419] No routing tracks pass through the center of Term be_mmu/dcache/data_mem_1__data_mem/macro_mem/mem/rd_out[10]
[WARNING DRT-0419] No routing tracks pass through the center of Term be_mmu/dcache/data_mem_1__data_mem/macro_mem/mem/rd_out[11]
[WARNING DRT-0419] No routing tracks pass through the center of Term be_mmu/dcache/data_mem_1__data_mem/macro_mem/mem/rd_out[12]
[WARNING DRT-0419] No routing tracks pass through the center of Term be_mmu/dcache/data_mem_1__data_mem/macro_mem/mem/rd_out[13]
[WARNING DRT-0419] No routing tracks pass through the center of Term be_mmu/dcache/data_mem_1__data_mem/macro_mem/mem/rd_out[14]
[WARNING DRT-0419] No routing tracks pass through the center of Term be_mmu/dcache/data_mem_1__data_mem/macro_mem/mem/rd_out[15]
[WARNING DRT-0419] No routing tracks pass through the center of Term be_mmu/dcache/data_mem_1__data_mem/macro_mem/mem/rd_out[16]
[WARNING DRT-0419] No routing tracks pass through the center of Term be_mmu/dcache/data_mem_1__data_mem/macro_mem/mem/rd_out[17]
[WARNING DRT-0419] No routing tracks pass through the center of Term be_mmu/dcache/data_mem_1__data_mem/macro_mem/mem/rd_out[18]
[WARNING DRT-0419] No routing tracks pass through the center of Term be_mmu/dcache/data_mem_1__data_mem/macro_mem/mem/rd_out[19]
[WARNING DRT-0419] No routing tracks pass through the center of Term be_mmu/dcache/data_mem_1__data_mem/macro_mem/mem/rd_out[20]
[WARNING DRT-0419] No routing tracks pass through the center of Term be_mmu/dcache/data_mem_1__data_mem/macro_mem/mem/rd_out[21]
[WARNING DRT-0419] No routing tracks pass through the center of Term be_mmu/dcache/data_mem_1__data_mem/macro_mem/mem/rd_out[22]
[WARNING DRT-0419] No routing tracks pass through the center of Term be_mmu/dcache/data_mem_1__data_mem/macro_mem/mem/rd_out[23]
[WARNING DRT-0419] No routing tracks pass through the center of Term be_mmu/dcache/data_mem_1__data_mem/macro_mem/mem/rd_out[24]
[WARNING DRT-0419] No routing tracks pass through the center of Term be_mmu/dcache/data_mem_1__data_mem/macro_mem/mem/rd_out[25]
[WARNING DRT-0419] No routing tracks pass through the center of Term be_mmu/dcache/data_mem_1__data_mem/macro_mem/mem/rd_out[26]
[WARNING DRT-0419] No routing tracks pass through the center of Term be_mmu/dcache/data_mem_1__data_mem/macro_mem/mem/rd_out[27]
[WARNING DRT-0419] No routing tracks pass through the center of Term be_mmu/dcache/data_mem_1__data_mem/macro_mem/mem/rd_out[28]
[WARNING DRT-0419] No routing tracks pass through the center of Term be_mmu/dcache/data_mem_1__data_mem/macro_mem/mem/rd_out[29]
[WARNING DRT-0419] No routing tracks pass through the center of Term be_mmu/dcache/data_mem_1__data_mem/macro_mem/mem/rd_out[30]
[WARNING DRT-0419] No routing tracks pass through the center of Term be_mmu/dcache/data_mem_1__data_mem/macro_mem/mem/rd_out[31]
[WARNING DRT-0419] No routing tracks pass through the center of Term be_mmu/dcache/data_mem_1__data_mem/macro_mem/mem/rd_out[32]
[WARNING DRT-0419] No routing tracks pass through the center of Term be_mmu/dcache/data_mem_1__data_mem/macro_mem/mem/rd_out[33]
[WARNING DRT-0419] No routing tracks pass through the center of Term be_mmu/dcache/data_mem_1__data_mem/macro_mem/mem/rd_out[34]
[WARNING DRT-0419] No routing tracks pass through the center of Term be_mmu/dcache/data_mem_1__data_mem/macro_mem/mem/rd_out[35]
[WARNING DRT-0419] No routing tracks pass through the center of Term be_mmu/dcache/data_mem_1__data_mem/macro_mem/mem/rd_out[36]
[WARNING DRT-0419] No routing tracks pass through the center of Term be_mmu/dcache/data_mem_1__data_mem/macro_mem/mem/rd_out[37]
[WARNING DRT-0419] No routing tracks pass through the center of Term be_mmu/dcache/data_mem_1__data_mem/macro_mem/mem/rd_out[38]
[WARNING DRT-0419] No routing tracks pass through the center of Term be_mmu/dcache/data_mem_1__data_mem/macro_mem/mem/rd_out[39]
[WARNING DRT-0419] No routing tracks pass through the center of Term be_mmu/dcache/data_mem_1__data_mem/macro_mem/mem/rd_out[40]
[WARNING DRT-0419] No routing tracks pass through the center of Term be_mmu/dcache/data_mem_1__data_mem/macro_mem/mem/rd_out[41]
[WARNING DRT-0419] No routing tracks pass through the center of Term be_mmu/dcache/data_mem_1__data_mem/macro_mem/mem/rd_out[42]
[WARNING DRT-0419] No routing tracks pass through the center of Term be_mmu/dcache/data_mem_1__data_mem/macro_mem/mem/rd_out[43]
[WARNING DRT-0419] No routing tracks pass through the center of Term be_mmu/dcache/data_mem_1__data_mem/macro_mem/mem/rd_out[44]
[WARNING DRT-0419] No routing tracks pass through the center of Term be_mmu/dcache/data_mem_1__data_mem/macro_mem/mem/rd_out[45]
[WARNING DRT-0419] No routing tracks pass through the center of Term be_mmu/dcache/data_mem_1__data_mem/macro_mem/mem/rd_out[46]
[WARNING DRT-0419] No routing tracks pass through the center of Term be_mmu/dcache/data_mem_1__data_mem/macro_mem/mem/rd_out[47]
[WARNING DRT-0419] No routing tracks pass through the center of Term be_mmu/dcache/data_mem_1__data_mem/macro_mem/mem/rd_out[48]
[WARNING DRT-0419] No routing tracks pass through the center of Term be_mmu/dcache/data_mem_1__data_mem/macro_mem/mem/rd_out[49]
[WARNING DRT-0419] No routing tracks pass through the center of Term be_mmu/dcache/data_mem_1__data_mem/macro_mem/mem/rd_out[50]
[WARNING DRT-0419] No routing tracks pass through the center of Term be_mmu/dcache/data_mem_1__data_mem/macro_mem/mem/rd_out[51]
[WARNING DRT-0419] No routing tracks pass through the center of Term be_mmu/dcache/data_mem_1__data_mem/macro_mem/mem/rd_out[52]
[WARNING DRT-0419] No routing tracks pass through the center of Term be_mmu/dcache/data_mem_1__data_mem/macro_mem/mem/rd_out[53]
[WARNING DRT-0419] No routing tracks pass through the center of Term be_mmu/dcache/data_mem_1__data_mem/macro_mem/mem/rd_out[54]
[WARNING DRT-0419] No routing tracks pass through the center of Term be_mmu/dcache/data_mem_1__data_mem/macro_mem/mem/rd_out[55]
[WARNING DRT-0419] No routing tracks pass through the center of Term be_mmu/dcache/data_mem_1__data_mem/macro_mem/mem/rd_out[56]
[WARNING DRT-0419] No routing tracks pass through the center of Term be_mmu/dcache/data_mem_1__data_mem/macro_mem/mem/rd_out[57]
[WARNING DRT-0419] No routing tracks pass through the center of Term be_mmu/dcache/data_mem_1__data_mem/macro_mem/mem/rd_out[58]
[WARNING DRT-0419] No routing tracks pass through the center of Term be_mmu/dcache/data_mem_1__data_mem/macro_mem/mem/rd_out[59]
[WARNING DRT-0419] No routing tracks pass through the center of Term be_mmu/dcache/data_mem_1__data_mem/macro_mem/mem/rd_out[60]
[WARNING DRT-0419] No routing tracks pass through the center of Term be_mmu/dcache/data_mem_1__data_mem/macro_mem/mem/rd_out[61]
[WARNING DRT-0419] No routing tracks pass through the center of Term be_mmu/dcache/data_mem_1__data_mem/macro_mem/mem/rd_out[62]
[WARNING DRT-0419] No routing tracks pass through the center of Term be_mmu/dcache/data_mem_1__data_mem/macro_mem/mem/rd_out[63]
[WARNING DRT-0419] No routing tracks pass through the center of Term be_mmu/dcache/data_mem_1__data_mem/macro_mem/mem/wd_in[0]
[WARNING DRT-0419] No routing tracks pass through the center of Term be_mmu/dcache/data_mem_1__data_mem/macro_mem/mem/wd_in[1]
[WARNING DRT-0419] No routing tracks pass through the center of Term be_mmu/dcache/data_mem_1__data_mem/macro_mem/mem/wd_in[2]
[WARNING DRT-0419] No routing tracks pass through the center of Term be_mmu/dcache/data_mem_1__data_mem/macro_mem/mem/wd_in[3]
[WARNING DRT-0419] No routing tracks pass through the center of Term be_mmu/dcache/data_mem_1__data_mem/macro_mem/mem/wd_in[4]
[WARNING DRT-0419] No routing tracks pass through the center of Term be_mmu/dcache/data_mem_1__data_mem/macro_mem/mem/wd_in[5]
[WARNING DRT-0419] No routing tracks pass through the center of Term be_mmu/dcache/data_mem_1__data_mem/macro_mem/mem/wd_in[6]
[WARNING DRT-0419] No routing tracks pass through the center of Term be_mmu/dcache/data_mem_1__data_mem/macro_mem/mem/wd_in[7]
[WARNING DRT-0419] No routing tracks pass through the center of Term be_mmu/dcache/data_mem_1__data_mem/macro_mem/mem/wd_in[8]
[WARNING DRT-0419] No routing tracks pass through the center of Term be_mmu/dcache/data_mem_1__data_mem/macro_mem/mem/wd_in[9]
[WARNING DRT-0419] No routing tracks pass through the center of Term be_mmu/dcache/data_mem_1__data_mem/macro_mem/mem/wd_in[10]
[WARNING DRT-0419] No routing tracks pass through the center of Term be_mmu/dcache/data_mem_1__data_mem/macro_mem/mem/wd_in[11]
[WARNING DRT-0419] No routing tracks pass through the center of Term be_mmu/dcache/data_mem_1__data_mem/macro_mem/mem/wd_in[12]
[WARNING DRT-0419] No routing tracks pass through the center of Term be_mmu/dcache/data_mem_1__data_mem/macro_mem/mem/wd_in[13]
[WARNING DRT-0419] No routing tracks pass through the center of Term be_mmu/dcache/data_mem_1__data_mem/macro_mem/mem/wd_in[14]
[WARNING DRT-0419] No routing tracks pass through the center of Term be_mmu/dcache/data_mem_1__data_mem/macro_mem/mem/wd_in[15]
[WARNING DRT-0419] No routing tracks pass through the center of Term be_mmu/dcache/data_mem_1__data_mem/macro_mem/mem/wd_in[16]
[WARNING DRT-0419] No routing tracks pass through the center of Term be_mmu/dcache/data_mem_1__data_mem/macro_mem/mem/wd_in[17]
[WARNING DRT-0419] No routing tracks pass through the center of Term be_mmu/dcache/data_mem_1__data_mem/macro_mem/mem/wd_in[18]
[WARNING DRT-0419] No routing tracks pass through the center of Term be_mmu/dcache/data_mem_1__data_mem/macro_mem/mem/wd_in[19]
[WARNING DRT-0419] No routing tracks pass through the center of Term be_mmu/dcache/data_mem_1__data_mem/macro_mem/mem/wd_in[20]
[WARNING DRT-0419] No routing tracks pass through the center of Term be_mmu/dcache/data_mem_1__data_mem/macro_mem/mem/wd_in[21]
[WARNING DRT-0419] No routing tracks pass through the center of Term be_mmu/dcache/data_mem_1__data_mem/macro_mem/mem/wd_in[22]
[WARNING DRT-0419] No routing tracks pass through the center of Term be_mmu/dcache/data_mem_1__data_mem/macro_mem/mem/wd_in[23]
[WARNING DRT-0419] No routing tracks pass through the center of Term be_mmu/dcache/data_mem_1__data_mem/macro_mem/mem/wd_in[24]
[WARNING DRT-0419] No routing tracks pass through the center of Term be_mmu/dcache/data_mem_1__data_mem/macro_mem/mem/wd_in[25]
[WARNING DRT-0419] No routing tracks pass through the center of Term be_mmu/dcache/data_mem_1__data_mem/macro_mem/mem/wd_in[26]
[WARNING DRT-0419] No routing tracks pass through the center of Term be_mmu/dcache/data_mem_1__data_mem/macro_mem/mem/wd_in[27]
[WARNING DRT-0419] No routing tracks pass through the center of Term be_mmu/dcache/data_mem_1__data_mem/macro_mem/mem/wd_in[28]
[WARNING DRT-0419] No routing tracks pass through the center of Term be_mmu/dcache/data_mem_1__data_mem/macro_mem/mem/wd_in[29]
[WARNING DRT-0419] No routing tracks pass through the center of Term be_mmu/dcache/data_mem_1__data_mem/macro_mem/mem/wd_in[30]
[WARNING DRT-0419] No routing tracks pass through the center of Term be_mmu/dcache/data_mem_1__data_mem/macro_mem/mem/wd_in[31]
[WARNING DRT-0419] No routing tracks pass through the center of Term be_mmu/dcache/data_mem_1__data_mem/macro_mem/mem/wd_in[32]
[WARNING DRT-0419] No routing tracks pass through the center of Term be_mmu/dcache/data_mem_1__data_mem/macro_mem/mem/wd_in[33]
[WARNING DRT-0419] No routing tracks pass through the center of Term be_mmu/dcache/data_mem_1__data_mem/macro_mem/mem/wd_in[34]
[WARNING DRT-0419] No routing tracks pass through the center of Term be_mmu/dcache/data_mem_1__data_mem/macro_mem/mem/wd_in[35]
[WARNING DRT-0419] No routing tracks pass through the center of Term be_mmu/dcache/data_mem_1__data_mem/macro_mem/mem/wd_in[36]
[WARNING DRT-0419] No routing tracks pass through the center of Term be_mmu/dcache/data_mem_1__data_mem/macro_mem/mem/wd_in[37]
[WARNING DRT-0419] No routing tracks pass through the center of Term be_mmu/dcache/data_mem_1__data_mem/macro_mem/mem/wd_in[38]
[WARNING DRT-0419] No routing tracks pass through the center of Term be_mmu/dcache/data_mem_1__data_mem/macro_mem/mem/wd_in[39]
[WARNING DRT-0419] No routing tracks pass through the center of Term be_mmu/dcache/data_mem_1__data_mem/macro_mem/mem/wd_in[40]
[WARNING DRT-0419] No routing tracks pass through the center of Term be_mmu/dcache/data_mem_1__data_mem/macro_mem/mem/wd_in[41]
[WARNING DRT-0419] No routing tracks pass through the center of Term be_mmu/dcache/data_mem_1__data_mem/macro_mem/mem/wd_in[42]
[WARNING DRT-0419] No routing tracks pass through the center of Term be_mmu/dcache/data_mem_1__data_mem/macro_mem/mem/wd_in[43]
[WARNING DRT-0419] No routing tracks pass through the center of Term be_mmu/dcache/data_mem_1__data_mem/macro_mem/mem/wd_in[44]
[WARNING DRT-0419] No routing tracks pass through the center of Term be_mmu/dcache/data_mem_1__data_mem/macro_mem/mem/wd_in[45]
[WARNING DRT-0419] No routing tracks pass through the center of Term be_mmu/dcache/data_mem_1__data_mem/macro_mem/mem/wd_in[46]
[WARNING DRT-0419] No routing tracks pass through the center of Term be_mmu/dcache/data_mem_1__data_mem/macro_mem/mem/wd_in[47]
[WARNING DRT-0419] No routing tracks pass through the center of Term be_mmu/dcache/data_mem_1__data_mem/macro_mem/mem/wd_in[48]
[WARNING DRT-0419] No routing tracks pass through the center of Term be_mmu/dcache/data_mem_1__data_mem/macro_mem/mem/wd_in[49]
[WARNING DRT-0419] No routing tracks pass through the center of Term be_mmu/dcache/data_mem_1__data_mem/macro_mem/mem/wd_in[50]
[WARNING DRT-0419] No routing tracks pass through the center of Term be_mmu/dcache/data_mem_1__data_mem/macro_mem/mem/wd_in[51]
[WARNING DRT-0419] No routing tracks pass through the center of Term be_mmu/dcache/data_mem_1__data_mem/macro_mem/mem/wd_in[52]
[WARNING DRT-0419] No routing tracks pass through the center of Term be_mmu/dcache/data_mem_1__data_mem/macro_mem/mem/wd_in[53]
[WARNING DRT-0419] No routing tracks pass through the center of Term be_mmu/dcache/data_mem_1__data_mem/macro_mem/mem/wd_in[54]
[WARNING DRT-0419] No routing tracks pass through the center of Term be_mmu/dcache/data_mem_1__data_mem/macro_mem/mem/wd_in[55]
[WARNING DRT-0419] No routing tracks pass through the center of Term be_mmu/dcache/data_mem_1__data_mem/macro_mem/mem/wd_in[56]
[WARNING DRT-0419] No routing tracks pass through the center of Term be_mmu/dcache/data_mem_1__data_mem/macro_mem/mem/wd_in[57]
[WARNING DRT-0419] No routing tracks pass through the center of Term be_mmu/dcache/data_mem_1__data_mem/macro_mem/mem/wd_in[58]
[WARNING DRT-0419] No routing tracks pass through the center of Term be_mmu/dcache/data_mem_1__data_mem/macro_mem/mem/wd_in[59]
[WARNING DRT-0419] No routing tracks pass through the center of Term be_mmu/dcache/data_mem_1__data_mem/macro_mem/mem/wd_in[60]
[WARNING DRT-0419] No routing tracks pass through the center of Term be_mmu/dcache/data_mem_1__data_mem/macro_mem/mem/wd_in[61]
[WARNING DRT-0419] No routing tracks pass through the center of Term be_mmu/dcache/data_mem_1__data_mem/macro_mem/mem/wd_in[62]
[WARNING DRT-0419] No routing tracks pass through the center of Term be_mmu/dcache/data_mem_1__data_mem/macro_mem/mem/wd_in[63]
[WARNING DRT-0419] No routing tracks pass through the center of Term be_mmu/dcache/data_mem_1__data_mem/macro_mem/mem/addr_in[0]
[WARNING DRT-0419] No routing tracks pass through the center of Term be_mmu/dcache/data_mem_1__data_mem/macro_mem/mem/addr_in[1]
[WARNING DRT-0419] No routing tracks pass through the center of Term be_mmu/dcache/data_mem_1__data_mem/macro_mem/mem/addr_in[2]
[WARNING DRT-0419] No routing tracks pass through the center of Term be_mmu/dcache/data_mem_1__data_mem/macro_mem/mem/addr_in[3]
[WARNING DRT-0419] No routing tracks pass through the center of Term be_mmu/dcache/data_mem_1__data_mem/macro_mem/mem/addr_in[4]
[WARNING DRT-0419] No routing tracks pass through the center of Term be_mmu/dcache/data_mem_1__data_mem/macro_mem/mem/addr_in[5]
[WARNING DRT-0419] No routing tracks pass through the center of Term be_mmu/dcache/data_mem_1__data_mem/macro_mem/mem/addr_in[6]
[WARNING DRT-0419] No routing tracks pass through the center of Term be_mmu/dcache/data_mem_1__data_mem/macro_mem/mem/addr_in[7]
[WARNING DRT-0419] No routing tracks pass through the center of Term be_mmu/dcache/data_mem_1__data_mem/macro_mem/mem/addr_in[8]
[WARNING DRT-0419] No routing tracks pass through the center of Term be_mmu/dcache/data_mem_1__data_mem/macro_mem/mem/we_in
[WARNING DRT-0419] No routing tracks pass through the center of Term be_mmu/dcache/data_mem_1__data_mem/macro_mem/mem/ce_in
[WARNING DRT-0419] No routing tracks pass through the center of Term be_mmu/dcache/data_mem_1__data_mem/macro_mem/mem/clk
[WARNING DRT-0419] No routing tracks pass through the center of Term be_mmu/dcache/data_mem_4__data_mem/macro_mem/mem/w_mask_in[0]
[WARNING DRT-0419] No routing tracks pass through the center of Term be_mmu/dcache/data_mem_4__data_mem/macro_mem/mem/w_mask_in[1]
[WARNING DRT-0419] No routing tracks pass through the center of Term be_mmu/dcache/data_mem_4__data_mem/macro_mem/mem/w_mask_in[2]
[WARNING DRT-0419] No routing tracks pass through the center of Term be_mmu/dcache/data_mem_4__data_mem/macro_mem/mem/w_mask_in[3]
[WARNING DRT-0419] No routing tracks pass through the center of Term be_mmu/dcache/data_mem_4__data_mem/macro_mem/mem/w_mask_in[4]
[WARNING DRT-0419] No routing tracks pass through the center of Term be_mmu/dcache/data_mem_4__data_mem/macro_mem/mem/w_mask_in[5]
[WARNING DRT-0419] No routing tracks pass through the center of Term be_mmu/dcache/data_mem_4__data_mem/macro_mem/mem/w_mask_in[6]
[WARNING DRT-0419] No routing tracks pass through the center of Term be_mmu/dcache/data_mem_4__data_mem/macro_mem/mem/w_mask_in[7]
[WARNING DRT-0419] No routing tracks pass through the center of Term be_mmu/dcache/data_mem_4__data_mem/macro_mem/mem/w_mask_in[8]
[WARNING DRT-0419] No routing tracks pass through the center of Term be_mmu/dcache/data_mem_4__data_mem/macro_mem/mem/w_mask_in[9]
[WARNING DRT-0419] No routing tracks pass through the center of Term be_mmu/dcache/data_mem_4__data_mem/macro_mem/mem/w_mask_in[10]
[WARNING DRT-0419] No routing tracks pass through the center of Term be_mmu/dcache/data_mem_4__data_mem/macro_mem/mem/w_mask_in[11]
[WARNING DRT-0419] No routing tracks pass through the center of Term be_mmu/dcache/data_mem_4__data_mem/macro_mem/mem/w_mask_in[12]
[WARNING DRT-0419] No routing tracks pass through the center of Term be_mmu/dcache/data_mem_4__data_mem/macro_mem/mem/w_mask_in[13]
[WARNING DRT-0419] No routing tracks pass through the center of Term be_mmu/dcache/data_mem_4__data_mem/macro_mem/mem/w_mask_in[14]
[WARNING DRT-0419] No routing tracks pass through the center of Term be_mmu/dcache/data_mem_4__data_mem/macro_mem/mem/w_mask_in[15]
[WARNING DRT-0419] No routing tracks pass through the center of Term be_mmu/dcache/data_mem_4__data_mem/macro_mem/mem/w_mask_in[16]
[WARNING DRT-0419] No routing tracks pass through the center of Term be_mmu/dcache/data_mem_4__data_mem/macro_mem/mem/w_mask_in[17]
[WARNING DRT-0419] No routing tracks pass through the center of Term be_mmu/dcache/data_mem_4__data_mem/macro_mem/mem/w_mask_in[18]
[WARNING DRT-0419] No routing tracks pass through the center of Term be_mmu/dcache/data_mem_4__data_mem/macro_mem/mem/w_mask_in[19]
[WARNING DRT-0419] No routing tracks pass through the center of Term be_mmu/dcache/data_mem_4__data_mem/macro_mem/mem/w_mask_in[20]
[WARNING DRT-0419] No routing tracks pass through the center of Term be_mmu/dcache/data_mem_4__data_mem/macro_mem/mem/w_mask_in[21]
[WARNING DRT-0419] No routing tracks pass through the center of Term be_mmu/dcache/data_mem_4__data_mem/macro_mem/mem/w_mask_in[22]
[WARNING DRT-0419] No routing tracks pass through the center of Term be_mmu/dcache/data_mem_4__data_mem/macro_mem/mem/w_mask_in[23]
[WARNING DRT-0419] No routing tracks pass through the center of Term be_mmu/dcache/data_mem_4__data_mem/macro_mem/mem/w_mask_in[24]
[WARNING DRT-0419] No routing tracks pass through the center of Term be_mmu/dcache/data_mem_4__data_mem/macro_mem/mem/w_mask_in[25]
[WARNING DRT-0419] No routing tracks pass through the center of Term be_mmu/dcache/data_mem_4__data_mem/macro_mem/mem/w_mask_in[26]
[WARNING DRT-0419] No routing tracks pass through the center of Term be_mmu/dcache/data_mem_4__data_mem/macro_mem/mem/w_mask_in[27]
[WARNING DRT-0419] No routing tracks pass through the center of Term be_mmu/dcache/data_mem_4__data_mem/macro_mem/mem/w_mask_in[28]
[WARNING DRT-0419] No routing tracks pass through the center of Term be_mmu/dcache/data_mem_4__data_mem/macro_mem/mem/w_mask_in[29]
[WARNING DRT-0419] No routing tracks pass through the center of Term be_mmu/dcache/data_mem_4__data_mem/macro_mem/mem/w_mask_in[30]
[WARNING DRT-0419] No routing tracks pass through the center of Term be_mmu/dcache/data_mem_4__data_mem/macro_mem/mem/w_mask_in[31]
[WARNING DRT-0419] No routing tracks pass through the center of Term be_mmu/dcache/data_mem_4__data_mem/macro_mem/mem/w_mask_in[32]
[WARNING DRT-0419] No routing tracks pass through the center of Term be_mmu/dcache/data_mem_4__data_mem/macro_mem/mem/w_mask_in[33]
[WARNING DRT-0419] No routing tracks pass through the center of Term be_mmu/dcache/data_mem_4__data_mem/macro_mem/mem/w_mask_in[34]
[WARNING DRT-0419] No routing tracks pass through the center of Term be_mmu/dcache/data_mem_4__data_mem/macro_mem/mem/w_mask_in[35]
[WARNING DRT-0419] No routing tracks pass through the center of Term be_mmu/dcache/data_mem_4__data_mem/macro_mem/mem/w_mask_in[36]
[WARNING DRT-0419] No routing tracks pass through the center of Term be_mmu/dcache/data_mem_4__data_mem/macro_mem/mem/w_mask_in[37]
[WARNING DRT-0419] No routing tracks pass through the center of Term be_mmu/dcache/data_mem_4__data_mem/macro_mem/mem/w_mask_in[38]
[WARNING DRT-0419] No routing tracks pass through the center of Term be_mmu/dcache/data_mem_4__data_mem/macro_mem/mem/w_mask_in[39]
[WARNING DRT-0419] No routing tracks pass through the center of Term be_mmu/dcache/data_mem_4__data_mem/macro_mem/mem/w_mask_in[40]
[WARNING DRT-0419] No routing tracks pass through the center of Term be_mmu/dcache/data_mem_4__data_mem/macro_mem/mem/w_mask_in[41]
[WARNING DRT-0419] No routing tracks pass through the center of Term be_mmu/dcache/data_mem_4__data_mem/macro_mem/mem/w_mask_in[42]
[WARNING DRT-0419] No routing tracks pass through the center of Term be_mmu/dcache/data_mem_4__data_mem/macro_mem/mem/w_mask_in[43]
[WARNING DRT-0419] No routing tracks pass through the center of Term be_mmu/dcache/data_mem_4__data_mem/macro_mem/mem/w_mask_in[44]
[WARNING DRT-0419] No routing tracks pass through the center of Term be_mmu/dcache/data_mem_4__data_mem/macro_mem/mem/w_mask_in[45]
[WARNING DRT-0419] No routing tracks pass through the center of Term be_mmu/dcache/data_mem_4__data_mem/macro_mem/mem/w_mask_in[46]
[WARNING DRT-0419] No routing tracks pass through the center of Term be_mmu/dcache/data_mem_4__data_mem/macro_mem/mem/w_mask_in[47]
[WARNING DRT-0419] No routing tracks pass through the center of Term be_mmu/dcache/data_mem_4__data_mem/macro_mem/mem/w_mask_in[48]
[WARNING DRT-0419] No routing tracks pass through the center of Term be_mmu/dcache/data_mem_4__data_mem/macro_mem/mem/w_mask_in[49]
[WARNING DRT-0419] No routing tracks pass through the center of Term be_mmu/dcache/data_mem_4__data_mem/macro_mem/mem/w_mask_in[50]
[WARNING DRT-0419] No routing tracks pass through the center of Term be_mmu/dcache/data_mem_4__data_mem/macro_mem/mem/w_mask_in[51]
[WARNING DRT-0419] No routing tracks pass through the center of Term be_mmu/dcache/data_mem_4__data_mem/macro_mem/mem/w_mask_in[52]
[WARNING DRT-0419] No routing tracks pass through the center of Term be_mmu/dcache/data_mem_4__data_mem/macro_mem/mem/w_mask_in[53]
[WARNING DRT-0419] No routing tracks pass through the center of Term be_mmu/dcache/data_mem_4__data_mem/macro_mem/mem/w_mask_in[54]
[WARNING DRT-0419] No routing tracks pass through the center of Term be_mmu/dcache/data_mem_4__data_mem/macro_mem/mem/w_mask_in[55]
[WARNING DRT-0419] No routing tracks pass through the center of Term be_mmu/dcache/data_mem_4__data_mem/macro_mem/mem/w_mask_in[56]
[WARNING DRT-0419] No routing tracks pass through the center of Term be_mmu/dcache/data_mem_4__data_mem/macro_mem/mem/w_mask_in[57]
[WARNING DRT-0419] No routing tracks pass through the center of Term be_mmu/dcache/data_mem_4__data_mem/macro_mem/mem/w_mask_in[58]
[WARNING DRT-0419] No routing tracks pass through the center of Term be_mmu/dcache/data_mem_4__data_mem/macro_mem/mem/w_mask_in[59]
[WARNING DRT-0419] No routing tracks pass through the center of Term be_mmu/dcache/data_mem_4__data_mem/macro_mem/mem/w_mask_in[60]
[WARNING DRT-0419] No routing tracks pass through the center of Term be_mmu/dcache/data_mem_4__data_mem/macro_mem/mem/w_mask_in[61]
[WARNING DRT-0419] No routing tracks pass through the center of Term be_mmu/dcache/data_mem_4__data_mem/macro_mem/mem/w_mask_in[62]
[WARNING DRT-0419] No routing tracks pass through the center of Term be_mmu/dcache/data_mem_4__data_mem/macro_mem/mem/w_mask_in[63]
[WARNING DRT-0419] No routing tracks pass through the center of Term be_mmu/dcache/data_mem_4__data_mem/macro_mem/mem/rd_out[0]
[WARNING DRT-0419] No routing tracks pass through the center of Term be_mmu/dcache/data_mem_4__data_mem/macro_mem/mem/rd_out[1]
[WARNING DRT-0419] No routing tracks pass through the center of Term be_mmu/dcache/data_mem_4__data_mem/macro_mem/mem/rd_out[2]
[WARNING DRT-0419] No routing tracks pass through the center of Term be_mmu/dcache/data_mem_4__data_mem/macro_mem/mem/rd_out[3]
[WARNING DRT-0419] No routing tracks pass through the center of Term be_mmu/dcache/data_mem_4__data_mem/macro_mem/mem/rd_out[4]
[WARNING DRT-0419] No routing tracks pass through the center of Term be_mmu/dcache/data_mem_4__data_mem/macro_mem/mem/rd_out[5]
[WARNING DRT-0419] No routing tracks pass through the center of Term be_mmu/dcache/data_mem_4__data_mem/macro_mem/mem/rd_out[6]
[WARNING DRT-0419] No routing tracks pass through the center of Term be_mmu/dcache/data_mem_4__data_mem/macro_mem/mem/rd_out[7]
[WARNING DRT-0419] No routing tracks pass through the center of Term be_mmu/dcache/data_mem_4__data_mem/macro_mem/mem/rd_out[8]
[WARNING DRT-0419] No routing tracks pass through the center of Term be_mmu/dcache/data_mem_4__data_mem/macro_mem/mem/rd_out[9]
[WARNING DRT-0419] No routing tracks pass through the center of Term be_mmu/dcache/data_mem_4__data_mem/macro_mem/mem/rd_out[10]
[WARNING DRT-0419] No routing tracks pass through the center of Term be_mmu/dcache/data_mem_4__data_mem/macro_mem/mem/rd_out[11]
[WARNING DRT-0419] No routing tracks pass through the center of Term be_mmu/dcache/data_mem_4__data_mem/macro_mem/mem/rd_out[12]
[WARNING DRT-0419] No routing tracks pass through the center of Term be_mmu/dcache/data_mem_4__data_mem/macro_mem/mem/rd_out[13]
[WARNING DRT-0419] No routing tracks pass through the center of Term be_mmu/dcache/data_mem_4__data_mem/macro_mem/mem/rd_out[14]
[WARNING DRT-0419] No routing tracks pass through the center of Term be_mmu/dcache/data_mem_4__data_mem/macro_mem/mem/rd_out[15]
[WARNING DRT-0419] No routing tracks pass through the center of Term be_mmu/dcache/data_mem_4__data_mem/macro_mem/mem/rd_out[16]
[WARNING DRT-0419] No routing tracks pass through the center of Term be_mmu/dcache/data_mem_4__data_mem/macro_mem/mem/rd_out[17]
[WARNING DRT-0419] No routing tracks pass through the center of Term be_mmu/dcache/data_mem_4__data_mem/macro_mem/mem/rd_out[18]
[WARNING DRT-0419] No routing tracks pass through the center of Term be_mmu/dcache/data_mem_4__data_mem/macro_mem/mem/rd_out[19]
[WARNING DRT-0419] No routing tracks pass through the center of Term be_mmu/dcache/data_mem_4__data_mem/macro_mem/mem/rd_out[20]
[WARNING DRT-0419] No routing tracks pass through the center of Term be_mmu/dcache/data_mem_4__data_mem/macro_mem/mem/rd_out[21]
[WARNING DRT-0419] No routing tracks pass through the center of Term be_mmu/dcache/data_mem_4__data_mem/macro_mem/mem/rd_out[22]
[WARNING DRT-0419] No routing tracks pass through the center of Term be_mmu/dcache/data_mem_4__data_mem/macro_mem/mem/rd_out[23]
[WARNING DRT-0419] No routing tracks pass through the center of Term be_mmu/dcache/data_mem_4__data_mem/macro_mem/mem/rd_out[24]
[WARNING DRT-0419] No routing tracks pass through the center of Term be_mmu/dcache/data_mem_4__data_mem/macro_mem/mem/rd_out[25]
[WARNING DRT-0419] No routing tracks pass through the center of Term be_mmu/dcache/data_mem_4__data_mem/macro_mem/mem/rd_out[26]
[WARNING DRT-0419] No routing tracks pass through the center of Term be_mmu/dcache/data_mem_4__data_mem/macro_mem/mem/rd_out[27]
[WARNING DRT-0419] No routing tracks pass through the center of Term be_mmu/dcache/data_mem_4__data_mem/macro_mem/mem/rd_out[28]
[WARNING DRT-0419] No routing tracks pass through the center of Term be_mmu/dcache/data_mem_4__data_mem/macro_mem/mem/rd_out[29]
[WARNING DRT-0419] No routing tracks pass through the center of Term be_mmu/dcache/data_mem_4__data_mem/macro_mem/mem/rd_out[30]
[WARNING DRT-0419] No routing tracks pass through the center of Term be_mmu/dcache/data_mem_4__data_mem/macro_mem/mem/rd_out[31]
[WARNING DRT-0419] No routing tracks pass through the center of Term be_mmu/dcache/data_mem_4__data_mem/macro_mem/mem/rd_out[32]
[WARNING DRT-0419] No routing tracks pass through the center of Term be_mmu/dcache/data_mem_4__data_mem/macro_mem/mem/rd_out[33]
[WARNING DRT-0419] No routing tracks pass through the center of Term be_mmu/dcache/data_mem_4__data_mem/macro_mem/mem/rd_out[34]
[WARNING DRT-0419] No routing tracks pass through the center of Term be_mmu/dcache/data_mem_4__data_mem/macro_mem/mem/rd_out[35]
[WARNING DRT-0419] No routing tracks pass through the center of Term be_mmu/dcache/data_mem_4__data_mem/macro_mem/mem/rd_out[36]
[WARNING DRT-0419] No routing tracks pass through the center of Term be_mmu/dcache/data_mem_4__data_mem/macro_mem/mem/rd_out[37]
[WARNING DRT-0419] No routing tracks pass through the center of Term be_mmu/dcache/data_mem_4__data_mem/macro_mem/mem/rd_out[38]
[WARNING DRT-0419] No routing tracks pass through the center of Term be_mmu/dcache/data_mem_4__data_mem/macro_mem/mem/rd_out[39]
[WARNING DRT-0419] No routing tracks pass through the center of Term be_mmu/dcache/data_mem_4__data_mem/macro_mem/mem/rd_out[40]
[WARNING DRT-0419] No routing tracks pass through the center of Term be_mmu/dcache/data_mem_4__data_mem/macro_mem/mem/rd_out[41]
[WARNING DRT-0419] No routing tracks pass through the center of Term be_mmu/dcache/data_mem_4__data_mem/macro_mem/mem/rd_out[42]
[WARNING DRT-0419] No routing tracks pass through the center of Term be_mmu/dcache/data_mem_4__data_mem/macro_mem/mem/rd_out[43]
[WARNING DRT-0419] No routing tracks pass through the center of Term be_mmu/dcache/data_mem_4__data_mem/macro_mem/mem/rd_out[44]
[WARNING DRT-0419] No routing tracks pass through the center of Term be_mmu/dcache/data_mem_4__data_mem/macro_mem/mem/rd_out[45]
[WARNING DRT-0419] No routing tracks pass through the center of Term be_mmu/dcache/data_mem_4__data_mem/macro_mem/mem/rd_out[46]
[WARNING DRT-0419] No routing tracks pass through the center of Term be_mmu/dcache/data_mem_4__data_mem/macro_mem/mem/rd_out[47]
[WARNING DRT-0419] No routing tracks pass through the center of Term be_mmu/dcache/data_mem_4__data_mem/macro_mem/mem/rd_out[48]
[WARNING DRT-0419] No routing tracks pass through the center of Term be_mmu/dcache/data_mem_4__data_mem/macro_mem/mem/rd_out[49]
[WARNING DRT-0419] No routing tracks pass through the center of Term be_mmu/dcache/data_mem_4__data_mem/macro_mem/mem/rd_out[50]
[WARNING DRT-0419] No routing tracks pass through the center of Term be_mmu/dcache/data_mem_4__data_mem/macro_mem/mem/rd_out[51]
[WARNING DRT-0419] No routing tracks pass through the center of Term be_mmu/dcache/data_mem_4__data_mem/macro_mem/mem/rd_out[52]
[WARNING DRT-0419] No routing tracks pass through the center of Term be_mmu/dcache/data_mem_4__data_mem/macro_mem/mem/rd_out[53]
[WARNING DRT-0419] No routing tracks pass through the center of Term be_mmu/dcache/data_mem_4__data_mem/macro_mem/mem/rd_out[54]
[WARNING DRT-0419] No routing tracks pass through the center of Term be_mmu/dcache/data_mem_4__data_mem/macro_mem/mem/rd_out[55]
[WARNING DRT-0419] No routing tracks pass through the center of Term be_mmu/dcache/data_mem_4__data_mem/macro_mem/mem/rd_out[56]
[WARNING DRT-0419] No routing tracks pass through the center of Term be_mmu/dcache/data_mem_4__data_mem/macro_mem/mem/rd_out[57]
[WARNING DRT-0419] No routing tracks pass through the center of Term be_mmu/dcache/data_mem_4__data_mem/macro_mem/mem/rd_out[58]
[WARNING DRT-0419] No routing tracks pass through the center of Term be_mmu/dcache/data_mem_4__data_mem/macro_mem/mem/rd_out[59]
[WARNING DRT-0419] No routing tracks pass through the center of Term be_mmu/dcache/data_mem_4__data_mem/macro_mem/mem/rd_out[60]
[WARNING DRT-0419] No routing tracks pass through the center of Term be_mmu/dcache/data_mem_4__data_mem/macro_mem/mem/rd_out[61]
[WARNING DRT-0419] No routing tracks pass through the center of Term be_mmu/dcache/data_mem_4__data_mem/macro_mem/mem/rd_out[62]
[WARNING DRT-0419] No routing tracks pass through the center of Term be_mmu/dcache/data_mem_4__data_mem/macro_mem/mem/rd_out[63]
[WARNING DRT-0419] No routing tracks pass through the center of Term be_mmu/dcache/data_mem_4__data_mem/macro_mem/mem/wd_in[0]
[WARNING DRT-0419] No routing tracks pass through the center of Term be_mmu/dcache/data_mem_4__data_mem/macro_mem/mem/wd_in[1]
[WARNING DRT-0419] No routing tracks pass through the center of Term be_mmu/dcache/data_mem_4__data_mem/macro_mem/mem/wd_in[2]
[WARNING DRT-0419] No routing tracks pass through the center of Term be_mmu/dcache/data_mem_4__data_mem/macro_mem/mem/wd_in[3]
[WARNING DRT-0419] No routing tracks pass through the center of Term be_mmu/dcache/data_mem_4__data_mem/macro_mem/mem/wd_in[4]
[WARNING DRT-0419] No routing tracks pass through the center of Term be_mmu/dcache/data_mem_4__data_mem/macro_mem/mem/wd_in[5]
[WARNING DRT-0419] No routing tracks pass through the center of Term be_mmu/dcache/data_mem_4__data_mem/macro_mem/mem/wd_in[6]
[WARNING DRT-0419] No routing tracks pass through the center of Term be_mmu/dcache/data_mem_4__data_mem/macro_mem/mem/wd_in[7]
[WARNING DRT-0419] No routing tracks pass through the center of Term be_mmu/dcache/data_mem_4__data_mem/macro_mem/mem/wd_in[8]
[WARNING DRT-0419] No routing tracks pass through the center of Term be_mmu/dcache/data_mem_4__data_mem/macro_mem/mem/wd_in[9]
[WARNING DRT-0419] No routing tracks pass through the center of Term be_mmu/dcache/data_mem_4__data_mem/macro_mem/mem/wd_in[10]
[WARNING DRT-0419] No routing tracks pass through the center of Term be_mmu/dcache/data_mem_4__data_mem/macro_mem/mem/wd_in[11]
[WARNING DRT-0419] No routing tracks pass through the center of Term be_mmu/dcache/data_mem_4__data_mem/macro_mem/mem/wd_in[12]
[WARNING DRT-0419] No routing tracks pass through the center of Term be_mmu/dcache/data_mem_4__data_mem/macro_mem/mem/wd_in[13]
[WARNING DRT-0419] No routing tracks pass through the center of Term be_mmu/dcache/data_mem_4__data_mem/macro_mem/mem/wd_in[14]
[WARNING DRT-0419] No routing tracks pass through the center of Term be_mmu/dcache/data_mem_4__data_mem/macro_mem/mem/wd_in[15]
[WARNING DRT-0419] No routing tracks pass through the center of Term be_mmu/dcache/data_mem_4__data_mem/macro_mem/mem/wd_in[16]
[WARNING DRT-0419] No routing tracks pass through the center of Term be_mmu/dcache/data_mem_4__data_mem/macro_mem/mem/wd_in[17]
[WARNING DRT-0419] No routing tracks pass through the center of Term be_mmu/dcache/data_mem_4__data_mem/macro_mem/mem/wd_in[18]
[WARNING DRT-0419] No routing tracks pass through the center of Term be_mmu/dcache/data_mem_4__data_mem/macro_mem/mem/wd_in[19]
[WARNING DRT-0419] No routing tracks pass through the center of Term be_mmu/dcache/data_mem_4__data_mem/macro_mem/mem/wd_in[20]
[WARNING DRT-0419] No routing tracks pass through the center of Term be_mmu/dcache/data_mem_4__data_mem/macro_mem/mem/wd_in[21]
[WARNING DRT-0419] No routing tracks pass through the center of Term be_mmu/dcache/data_mem_4__data_mem/macro_mem/mem/wd_in[22]
[WARNING DRT-0419] No routing tracks pass through the center of Term be_mmu/dcache/data_mem_4__data_mem/macro_mem/mem/wd_in[23]
[WARNING DRT-0419] No routing tracks pass through the center of Term be_mmu/dcache/data_mem_4__data_mem/macro_mem/mem/wd_in[24]
[WARNING DRT-0419] No routing tracks pass through the center of Term be_mmu/dcache/data_mem_4__data_mem/macro_mem/mem/wd_in[25]
[WARNING DRT-0419] No routing tracks pass through the center of Term be_mmu/dcache/data_mem_4__data_mem/macro_mem/mem/wd_in[26]
[WARNING DRT-0419] No routing tracks pass through the center of Term be_mmu/dcache/data_mem_4__data_mem/macro_mem/mem/wd_in[27]
[WARNING DRT-0419] No routing tracks pass through the center of Term be_mmu/dcache/data_mem_4__data_mem/macro_mem/mem/wd_in[28]
[WARNING DRT-0419] No routing tracks pass through the center of Term be_mmu/dcache/data_mem_4__data_mem/macro_mem/mem/wd_in[29]
[WARNING DRT-0419] No routing tracks pass through the center of Term be_mmu/dcache/data_mem_4__data_mem/macro_mem/mem/wd_in[30]
[WARNING DRT-0419] No routing tracks pass through the center of Term be_mmu/dcache/data_mem_4__data_mem/macro_mem/mem/wd_in[31]
[WARNING DRT-0419] No routing tracks pass through the center of Term be_mmu/dcache/data_mem_4__data_mem/macro_mem/mem/wd_in[32]
[WARNING DRT-0419] No routing tracks pass through the center of Term be_mmu/dcache/data_mem_4__data_mem/macro_mem/mem/wd_in[33]
[WARNING DRT-0419] No routing tracks pass through the center of Term be_mmu/dcache/data_mem_4__data_mem/macro_mem/mem/wd_in[34]
[WARNING DRT-0419] No routing tracks pass through the center of Term be_mmu/dcache/data_mem_4__data_mem/macro_mem/mem/wd_in[35]
[WARNING DRT-0419] No routing tracks pass through the center of Term be_mmu/dcache/data_mem_4__data_mem/macro_mem/mem/wd_in[36]
[WARNING DRT-0419] No routing tracks pass through the center of Term be_mmu/dcache/data_mem_4__data_mem/macro_mem/mem/wd_in[37]
[WARNING DRT-0419] No routing tracks pass through the center of Term be_mmu/dcache/data_mem_4__data_mem/macro_mem/mem/wd_in[38]
[WARNING DRT-0419] No routing tracks pass through the center of Term be_mmu/dcache/data_mem_4__data_mem/macro_mem/mem/wd_in[39]
[WARNING DRT-0419] No routing tracks pass through the center of Term be_mmu/dcache/data_mem_4__data_mem/macro_mem/mem/wd_in[40]
[WARNING DRT-0419] No routing tracks pass through the center of Term be_mmu/dcache/data_mem_4__data_mem/macro_mem/mem/wd_in[41]
[WARNING DRT-0419] No routing tracks pass through the center of Term be_mmu/dcache/data_mem_4__data_mem/macro_mem/mem/wd_in[42]
[WARNING DRT-0419] No routing tracks pass through the center of Term be_mmu/dcache/data_mem_4__data_mem/macro_mem/mem/wd_in[43]
[WARNING DRT-0419] No routing tracks pass through the center of Term be_mmu/dcache/data_mem_4__data_mem/macro_mem/mem/wd_in[44]
[WARNING DRT-0419] No routing tracks pass through the center of Term be_mmu/dcache/data_mem_4__data_mem/macro_mem/mem/wd_in[45]
[WARNING DRT-0419] No routing tracks pass through the center of Term be_mmu/dcache/data_mem_4__data_mem/macro_mem/mem/wd_in[46]
[WARNING DRT-0419] No routing tracks pass through the center of Term be_mmu/dcache/data_mem_4__data_mem/macro_mem/mem/wd_in[47]
[WARNING DRT-0419] No routing tracks pass through the center of Term be_mmu/dcache/data_mem_4__data_mem/macro_mem/mem/wd_in[48]
[WARNING DRT-0419] No routing tracks pass through the center of Term be_mmu/dcache/data_mem_4__data_mem/macro_mem/mem/wd_in[49]
[WARNING DRT-0419] No routing tracks pass through the center of Term be_mmu/dcache/data_mem_4__data_mem/macro_mem/mem/wd_in[50]
[WARNING DRT-0419] No routing tracks pass through the center of Term be_mmu/dcache/data_mem_4__data_mem/macro_mem/mem/wd_in[51]
[WARNING DRT-0419] No routing tracks pass through the center of Term be_mmu/dcache/data_mem_4__data_mem/macro_mem/mem/wd_in[52]
[WARNING DRT-0419] No routing tracks pass through the center of Term be_mmu/dcache/data_mem_4__data_mem/macro_mem/mem/wd_in[53]
[WARNING DRT-0419] No routing tracks pass through the center of Term be_mmu/dcache/data_mem_4__data_mem/macro_mem/mem/wd_in[54]
[WARNING DRT-0419] No routing tracks pass through the center of Term be_mmu/dcache/data_mem_4__data_mem/macro_mem/mem/wd_in[55]
[WARNING DRT-0419] No routing tracks pass through the center of Term be_mmu/dcache/data_mem_4__data_mem/macro_mem/mem/wd_in[56]
[WARNING DRT-0419] No routing tracks pass through the center of Term be_mmu/dcache/data_mem_4__data_mem/macro_mem/mem/wd_in[57]
[WARNING DRT-0419] No routing tracks pass through the center of Term be_mmu/dcache/data_mem_4__data_mem/macro_mem/mem/wd_in[58]
[WARNING DRT-0419] No routing tracks pass through the center of Term be_mmu/dcache/data_mem_4__data_mem/macro_mem/mem/wd_in[59]
[WARNING DRT-0419] No routing tracks pass through the center of Term be_mmu/dcache/data_mem_4__data_mem/macro_mem/mem/wd_in[60]
[WARNING DRT-0419] No routing tracks pass through the center of Term be_mmu/dcache/data_mem_4__data_mem/macro_mem/mem/wd_in[61]
[WARNING DRT-0419] No routing tracks pass through the center of Term be_mmu/dcache/data_mem_4__data_mem/macro_mem/mem/wd_in[62]
[WARNING DRT-0419] No routing tracks pass through the center of Term be_mmu/dcache/data_mem_4__data_mem/macro_mem/mem/wd_in[63]
[WARNING DRT-0419] No routing tracks pass through the center of Term be_mmu/dcache/data_mem_4__data_mem/macro_mem/mem/addr_in[0]
[WARNING DRT-0419] No routing tracks pass through the center of Term be_mmu/dcache/data_mem_4__data_mem/macro_mem/mem/addr_in[1]
[WARNING DRT-0419] No routing tracks pass through the center of Term be_mmu/dcache/data_mem_4__data_mem/macro_mem/mem/addr_in[2]
[WARNING DRT-0419] No routing tracks pass through the center of Term be_mmu/dcache/data_mem_4__data_mem/macro_mem/mem/addr_in[3]
[WARNING DRT-0419] No routing tracks pass through the center of Term be_mmu/dcache/data_mem_4__data_mem/macro_mem/mem/addr_in[4]
[WARNING DRT-0419] No routing tracks pass through the center of Term be_mmu/dcache/data_mem_4__data_mem/macro_mem/mem/addr_in[5]
[WARNING DRT-0419] No routing tracks pass through the center of Term be_mmu/dcache/data_mem_4__data_mem/macro_mem/mem/addr_in[6]
[WARNING DRT-0419] No routing tracks pass through the center of Term be_mmu/dcache/data_mem_4__data_mem/macro_mem/mem/addr_in[7]
[WARNING DRT-0419] No routing tracks pass through the center of Term be_mmu/dcache/data_mem_4__data_mem/macro_mem/mem/addr_in[8]
[WARNING DRT-0419] No routing tracks pass through the center of Term be_mmu/dcache/data_mem_4__data_mem/macro_mem/mem/we_in
[WARNING DRT-0419] No routing tracks pass through the center of Term be_mmu/dcache/data_mem_4__data_mem/macro_mem/mem/ce_in
[WARNING DRT-0419] No routing tracks pass through the center of Term be_mmu/dcache/data_mem_4__data_mem/macro_mem/mem/clk
[WARNING DRT-0419] No routing tracks pass through the center of Term be_mmu/dcache/data_mem_5__data_mem/macro_mem/mem/w_mask_in[0]
[WARNING DRT-0419] No routing tracks pass through the center of Term be_mmu/dcache/data_mem_5__data_mem/macro_mem/mem/w_mask_in[1]
[WARNING DRT-0419] No routing tracks pass through the center of Term be_mmu/dcache/data_mem_5__data_mem/macro_mem/mem/w_mask_in[2]
[WARNING DRT-0419] No routing tracks pass through the center of Term be_mmu/dcache/data_mem_5__data_mem/macro_mem/mem/w_mask_in[3]
[WARNING DRT-0419] No routing tracks pass through the center of Term be_mmu/dcache/data_mem_5__data_mem/macro_mem/mem/w_mask_in[4]
[WARNING DRT-0419] No routing tracks pass through the center of Term be_mmu/dcache/data_mem_5__data_mem/macro_mem/mem/w_mask_in[5]
[WARNING DRT-0419] No routing tracks pass through the center of Term be_mmu/dcache/data_mem_5__data_mem/macro_mem/mem/w_mask_in[6]
[WARNING DRT-0419] No routing tracks pass through the center of Term be_mmu/dcache/data_mem_5__data_mem/macro_mem/mem/w_mask_in[7]
[WARNING DRT-0419] No routing tracks pass through the center of Term be_mmu/dcache/data_mem_5__data_mem/macro_mem/mem/w_mask_in[8]
[WARNING DRT-0419] No routing tracks pass through the center of Term be_mmu/dcache/data_mem_5__data_mem/macro_mem/mem/w_mask_in[9]
[WARNING DRT-0419] No routing tracks pass through the center of Term be_mmu/dcache/data_mem_5__data_mem/macro_mem/mem/w_mask_in[10]
[WARNING DRT-0419] No routing tracks pass through the center of Term be_mmu/dcache/data_mem_5__data_mem/macro_mem/mem/w_mask_in[11]
[WARNING DRT-0419] No routing tracks pass through the center of Term be_mmu/dcache/data_mem_5__data_mem/macro_mem/mem/w_mask_in[12]
[WARNING DRT-0419] No routing tracks pass through the center of Term be_mmu/dcache/data_mem_5__data_mem/macro_mem/mem/w_mask_in[13]
[WARNING DRT-0419] No routing tracks pass through the center of Term be_mmu/dcache/data_mem_5__data_mem/macro_mem/mem/w_mask_in[14]
[WARNING DRT-0419] No routing tracks pass through the center of Term be_mmu/dcache/data_mem_5__data_mem/macro_mem/mem/w_mask_in[15]
[WARNING DRT-0419] No routing tracks pass through the center of Term be_mmu/dcache/data_mem_5__data_mem/macro_mem/mem/w_mask_in[16]
[WARNING DRT-0419] No routing tracks pass through the center of Term be_mmu/dcache/data_mem_5__data_mem/macro_mem/mem/w_mask_in[17]
[WARNING DRT-0419] No routing tracks pass through the center of Term be_mmu/dcache/data_mem_5__data_mem/macro_mem/mem/w_mask_in[18]
[WARNING DRT-0419] No routing tracks pass through the center of Term be_mmu/dcache/data_mem_5__data_mem/macro_mem/mem/w_mask_in[19]
[WARNING DRT-0419] No routing tracks pass through the center of Term be_mmu/dcache/data_mem_5__data_mem/macro_mem/mem/w_mask_in[20]
[WARNING DRT-0419] No routing tracks pass through the center of Term be_mmu/dcache/data_mem_5__data_mem/macro_mem/mem/w_mask_in[21]
[WARNING DRT-0419] No routing tracks pass through the center of Term be_mmu/dcache/data_mem_5__data_mem/macro_mem/mem/w_mask_in[22]
[WARNING DRT-0419] No routing tracks pass through the center of Term be_mmu/dcache/data_mem_5__data_mem/macro_mem/mem/w_mask_in[23]
[WARNING DRT-0419] No routing tracks pass through the center of Term be_mmu/dcache/data_mem_5__data_mem/macro_mem/mem/w_mask_in[24]
[WARNING DRT-0419] No routing tracks pass through the center of Term be_mmu/dcache/data_mem_5__data_mem/macro_mem/mem/w_mask_in[25]
[WARNING DRT-0419] No routing tracks pass through the center of Term be_mmu/dcache/data_mem_5__data_mem/macro_mem/mem/w_mask_in[26]
[WARNING DRT-0419] No routing tracks pass through the center of Term be_mmu/dcache/data_mem_5__data_mem/macro_mem/mem/w_mask_in[27]
[WARNING DRT-0419] No routing tracks pass through the center of Term be_mmu/dcache/data_mem_5__data_mem/macro_mem/mem/w_mask_in[28]
[WARNING DRT-0419] No routing tracks pass through the center of Term be_mmu/dcache/data_mem_5__data_mem/macro_mem/mem/w_mask_in[29]
[WARNING DRT-0419] No routing tracks pass through the center of Term be_mmu/dcache/data_mem_5__data_mem/macro_mem/mem/w_mask_in[30]
[WARNING DRT-0419] No routing tracks pass through the center of Term be_mmu/dcache/data_mem_5__data_mem/macro_mem/mem/w_mask_in[31]
[WARNING DRT-0419] No routing tracks pass through the center of Term be_mmu/dcache/data_mem_5__data_mem/macro_mem/mem/w_mask_in[32]
[WARNING DRT-0419] No routing tracks pass through the center of Term be_mmu/dcache/data_mem_5__data_mem/macro_mem/mem/w_mask_in[33]
[WARNING DRT-0419] No routing tracks pass through the center of Term be_mmu/dcache/data_mem_5__data_mem/macro_mem/mem/w_mask_in[34]
[WARNING DRT-0419] No routing tracks pass through the center of Term be_mmu/dcache/data_mem_5__data_mem/macro_mem/mem/w_mask_in[35]
[WARNING DRT-0419] No routing tracks pass through the center of Term be_mmu/dcache/data_mem_5__data_mem/macro_mem/mem/w_mask_in[36]
[WARNING DRT-0419] No routing tracks pass through the center of Term be_mmu/dcache/data_mem_5__data_mem/macro_mem/mem/w_mask_in[37]
[WARNING DRT-0419] No routing tracks pass through the center of Term be_mmu/dcache/data_mem_5__data_mem/macro_mem/mem/w_mask_in[38]
[WARNING DRT-0419] No routing tracks pass through the center of Term be_mmu/dcache/data_mem_5__data_mem/macro_mem/mem/w_mask_in[39]
[WARNING DRT-0419] No routing tracks pass through the center of Term be_mmu/dcache/data_mem_5__data_mem/macro_mem/mem/w_mask_in[40]
[WARNING DRT-0419] No routing tracks pass through the center of Term be_mmu/dcache/data_mem_5__data_mem/macro_mem/mem/w_mask_in[41]
[WARNING DRT-0419] No routing tracks pass through the center of Term be_mmu/dcache/data_mem_5__data_mem/macro_mem/mem/w_mask_in[42]
[WARNING DRT-0419] No routing tracks pass through the center of Term be_mmu/dcache/data_mem_5__data_mem/macro_mem/mem/w_mask_in[43]
[WARNING DRT-0419] No routing tracks pass through the center of Term be_mmu/dcache/data_mem_5__data_mem/macro_mem/mem/w_mask_in[44]
[WARNING DRT-0419] No routing tracks pass through the center of Term be_mmu/dcache/data_mem_5__data_mem/macro_mem/mem/w_mask_in[45]
[WARNING DRT-0419] No routing tracks pass through the center of Term be_mmu/dcache/data_mem_5__data_mem/macro_mem/mem/w_mask_in[46]
[WARNING DRT-0419] No routing tracks pass through the center of Term be_mmu/dcache/data_mem_5__data_mem/macro_mem/mem/w_mask_in[47]
[WARNING DRT-0419] No routing tracks pass through the center of Term be_mmu/dcache/data_mem_5__data_mem/macro_mem/mem/w_mask_in[48]
[WARNING DRT-0419] No routing tracks pass through the center of Term be_mmu/dcache/data_mem_5__data_mem/macro_mem/mem/w_mask_in[49]
[WARNING DRT-0419] No routing tracks pass through the center of Term be_mmu/dcache/data_mem_5__data_mem/macro_mem/mem/w_mask_in[50]
[WARNING DRT-0419] No routing tracks pass through the center of Term be_mmu/dcache/data_mem_5__data_mem/macro_mem/mem/w_mask_in[51]
[WARNING DRT-0419] No routing tracks pass through the center of Term be_mmu/dcache/data_mem_5__data_mem/macro_mem/mem/w_mask_in[52]
[WARNING DRT-0419] No routing tracks pass through the center of Term be_mmu/dcache/data_mem_5__data_mem/macro_mem/mem/w_mask_in[53]
[WARNING DRT-0419] No routing tracks pass through the center of Term be_mmu/dcache/data_mem_5__data_mem/macro_mem/mem/w_mask_in[54]
[WARNING DRT-0419] No routing tracks pass through the center of Term be_mmu/dcache/data_mem_5__data_mem/macro_mem/mem/w_mask_in[55]
[WARNING DRT-0419] No routing tracks pass through the center of Term be_mmu/dcache/data_mem_5__data_mem/macro_mem/mem/w_mask_in[56]
[WARNING DRT-0419] No routing tracks pass through the center of Term be_mmu/dcache/data_mem_5__data_mem/macro_mem/mem/w_mask_in[57]
[WARNING DRT-0419] No routing tracks pass through the center of Term be_mmu/dcache/data_mem_5__data_mem/macro_mem/mem/w_mask_in[58]
[WARNING DRT-0419] No routing tracks pass through the center of Term be_mmu/dcache/data_mem_5__data_mem/macro_mem/mem/w_mask_in[59]
[WARNING DRT-0419] No routing tracks pass through the center of Term be_mmu/dcache/data_mem_5__data_mem/macro_mem/mem/w_mask_in[60]
[WARNING DRT-0419] No routing tracks pass through the center of Term be_mmu/dcache/data_mem_5__data_mem/macro_mem/mem/w_mask_in[61]
[WARNING DRT-0419] No routing tracks pass through the center of Term be_mmu/dcache/data_mem_5__data_mem/macro_mem/mem/w_mask_in[62]
[WARNING DRT-0419] No routing tracks pass through the center of Term be_mmu/dcache/data_mem_5__data_mem/macro_mem/mem/w_mask_in[63]
[WARNING DRT-0419] No routing tracks pass through the center of Term be_mmu/dcache/data_mem_5__data_mem/macro_mem/mem/rd_out[0]
[WARNING DRT-0419] No routing tracks pass through the center of Term be_mmu/dcache/data_mem_5__data_mem/macro_mem/mem/rd_out[1]
[WARNING DRT-0419] No routing tracks pass through the center of Term be_mmu/dcache/data_mem_5__data_mem/macro_mem/mem/rd_out[2]
[WARNING DRT-0419] No routing tracks pass through the center of Term be_mmu/dcache/data_mem_5__data_mem/macro_mem/mem/rd_out[3]
[WARNING DRT-0419] No routing tracks pass through the center of Term be_mmu/dcache/data_mem_5__data_mem/macro_mem/mem/rd_out[4]
[WARNING DRT-0419] No routing tracks pass through the center of Term be_mmu/dcache/data_mem_5__data_mem/macro_mem/mem/rd_out[5]
[WARNING DRT-0419] No routing tracks pass through the center of Term be_mmu/dcache/data_mem_5__data_mem/macro_mem/mem/rd_out[6]
[WARNING DRT-0419] No routing tracks pass through the center of Term be_mmu/dcache/data_mem_5__data_mem/macro_mem/mem/rd_out[7]
[WARNING DRT-0419] No routing tracks pass through the center of Term be_mmu/dcache/data_mem_5__data_mem/macro_mem/mem/rd_out[8]
[WARNING DRT-0419] No routing tracks pass through the center of Term be_mmu/dcache/data_mem_5__data_mem/macro_mem/mem/rd_out[9]
[WARNING DRT-0419] No routing tracks pass through the center of Term be_mmu/dcache/data_mem_5__data_mem/macro_mem/mem/rd_out[10]
[WARNING DRT-0419] No routing tracks pass through the center of Term be_mmu/dcache/data_mem_5__data_mem/macro_mem/mem/rd_out[11]
[WARNING DRT-0419] No routing tracks pass through the center of Term be_mmu/dcache/data_mem_5__data_mem/macro_mem/mem/rd_out[12]
[WARNING DRT-0419] No routing tracks pass through the center of Term be_mmu/dcache/data_mem_5__data_mem/macro_mem/mem/rd_out[13]
[WARNING DRT-0419] No routing tracks pass through the center of Term be_mmu/dcache/data_mem_5__data_mem/macro_mem/mem/rd_out[14]
[WARNING DRT-0419] No routing tracks pass through the center of Term be_mmu/dcache/data_mem_5__data_mem/macro_mem/mem/rd_out[15]
[WARNING DRT-0419] No routing tracks pass through the center of Term be_mmu/dcache/data_mem_5__data_mem/macro_mem/mem/rd_out[16]
[WARNING DRT-0419] No routing tracks pass through the center of Term be_mmu/dcache/data_mem_5__data_mem/macro_mem/mem/rd_out[17]
[WARNING DRT-0419] No routing tracks pass through the center of Term be_mmu/dcache/data_mem_5__data_mem/macro_mem/mem/rd_out[18]
[WARNING DRT-0419] No routing tracks pass through the center of Term be_mmu/dcache/data_mem_5__data_mem/macro_mem/mem/rd_out[19]
[WARNING DRT-0419] No routing tracks pass through the center of Term be_mmu/dcache/data_mem_5__data_mem/macro_mem/mem/rd_out[20]
[WARNING DRT-0419] No routing tracks pass through the center of Term be_mmu/dcache/data_mem_5__data_mem/macro_mem/mem/rd_out[21]
[WARNING DRT-0419] No routing tracks pass through the center of Term be_mmu/dcache/data_mem_5__data_mem/macro_mem/mem/rd_out[22]
[WARNING DRT-0419] No routing tracks pass through the center of Term be_mmu/dcache/data_mem_5__data_mem/macro_mem/mem/rd_out[23]
[WARNING DRT-0419] No routing tracks pass through the center of Term be_mmu/dcache/data_mem_5__data_mem/macro_mem/mem/rd_out[24]
[WARNING DRT-0419] No routing tracks pass through the center of Term be_mmu/dcache/data_mem_5__data_mem/macro_mem/mem/rd_out[25]
[WARNING DRT-0419] No routing tracks pass through the center of Term be_mmu/dcache/data_mem_5__data_mem/macro_mem/mem/rd_out[26]
[WARNING DRT-0419] No routing tracks pass through the center of Term be_mmu/dcache/data_mem_5__data_mem/macro_mem/mem/rd_out[27]
[WARNING DRT-0419] No routing tracks pass through the center of Term be_mmu/dcache/data_mem_5__data_mem/macro_mem/mem/rd_out[28]
[WARNING DRT-0419] No routing tracks pass through the center of Term be_mmu/dcache/data_mem_5__data_mem/macro_mem/mem/rd_out[29]
[WARNING DRT-0419] No routing tracks pass through the center of Term be_mmu/dcache/data_mem_5__data_mem/macro_mem/mem/rd_out[30]
[WARNING DRT-0419] No routing tracks pass through the center of Term be_mmu/dcache/data_mem_5__data_mem/macro_mem/mem/rd_out[31]
[WARNING DRT-0419] No routing tracks pass through the center of Term be_mmu/dcache/data_mem_5__data_mem/macro_mem/mem/rd_out[32]
[WARNING DRT-0419] No routing tracks pass through the center of Term be_mmu/dcache/data_mem_5__data_mem/macro_mem/mem/rd_out[33]
[WARNING DRT-0419] No routing tracks pass through the center of Term be_mmu/dcache/data_mem_5__data_mem/macro_mem/mem/rd_out[34]
[WARNING DRT-0419] No routing tracks pass through the center of Term be_mmu/dcache/data_mem_5__data_mem/macro_mem/mem/rd_out[35]
[WARNING DRT-0419] No routing tracks pass through the center of Term be_mmu/dcache/data_mem_5__data_mem/macro_mem/mem/rd_out[36]
[WARNING DRT-0419] No routing tracks pass through the center of Term be_mmu/dcache/data_mem_5__data_mem/macro_mem/mem/rd_out[37]
[WARNING DRT-0419] No routing tracks pass through the center of Term be_mmu/dcache/data_mem_5__data_mem/macro_mem/mem/rd_out[38]
[WARNING DRT-0419] No routing tracks pass through the center of Term be_mmu/dcache/data_mem_5__data_mem/macro_mem/mem/rd_out[39]
[WARNING DRT-0419] No routing tracks pass through the center of Term be_mmu/dcache/data_mem_5__data_mem/macro_mem/mem/rd_out[40]
[WARNING DRT-0419] No routing tracks pass through the center of Term be_mmu/dcache/data_mem_5__data_mem/macro_mem/mem/rd_out[41]
[WARNING DRT-0419] No routing tracks pass through the center of Term be_mmu/dcache/data_mem_5__data_mem/macro_mem/mem/rd_out[42]
[WARNING DRT-0419] No routing tracks pass through the center of Term be_mmu/dcache/data_mem_5__data_mem/macro_mem/mem/rd_out[43]
[WARNING DRT-0419] No routing tracks pass through the center of Term be_mmu/dcache/data_mem_5__data_mem/macro_mem/mem/rd_out[44]
[WARNING DRT-0419] No routing tracks pass through the center of Term be_mmu/dcache/data_mem_5__data_mem/macro_mem/mem/rd_out[45]
[WARNING DRT-0419] No routing tracks pass through the center of Term be_mmu/dcache/data_mem_5__data_mem/macro_mem/mem/rd_out[46]
[WARNING DRT-0419] No routing tracks pass through the center of Term be_mmu/dcache/data_mem_5__data_mem/macro_mem/mem/rd_out[47]
[WARNING DRT-0419] No routing tracks pass through the center of Term be_mmu/dcache/data_mem_5__data_mem/macro_mem/mem/rd_out[48]
[WARNING DRT-0419] No routing tracks pass through the center of Term be_mmu/dcache/data_mem_5__data_mem/macro_mem/mem/rd_out[49]
[WARNING DRT-0419] No routing tracks pass through the center of Term be_mmu/dcache/data_mem_5__data_mem/macro_mem/mem/rd_out[50]
[WARNING DRT-0419] No routing tracks pass through the center of Term be_mmu/dcache/data_mem_5__data_mem/macro_mem/mem/rd_out[51]
[WARNING DRT-0419] No routing tracks pass through the center of Term be_mmu/dcache/data_mem_5__data_mem/macro_mem/mem/rd_out[52]
[WARNING DRT-0419] No routing tracks pass through the center of Term be_mmu/dcache/data_mem_5__data_mem/macro_mem/mem/rd_out[53]
[WARNING DRT-0419] No routing tracks pass through the center of Term be_mmu/dcache/data_mem_5__data_mem/macro_mem/mem/rd_out[54]
[WARNING DRT-0419] No routing tracks pass through the center of Term be_mmu/dcache/data_mem_5__data_mem/macro_mem/mem/rd_out[55]
[WARNING DRT-0419] No routing tracks pass through the center of Term be_mmu/dcache/data_mem_5__data_mem/macro_mem/mem/rd_out[56]
[WARNING DRT-0419] No routing tracks pass through the center of Term be_mmu/dcache/data_mem_5__data_mem/macro_mem/mem/rd_out[57]
[WARNING DRT-0419] No routing tracks pass through the center of Term be_mmu/dcache/data_mem_5__data_mem/macro_mem/mem/rd_out[58]
[WARNING DRT-0419] No routing tracks pass through the center of Term be_mmu/dcache/data_mem_5__data_mem/macro_mem/mem/rd_out[59]
[WARNING DRT-0419] No routing tracks pass through the center of Term be_mmu/dcache/data_mem_5__data_mem/macro_mem/mem/rd_out[60]
[WARNING DRT-0419] No routing tracks pass through the center of Term be_mmu/dcache/data_mem_5__data_mem/macro_mem/mem/rd_out[61]
[WARNING DRT-0419] No routing tracks pass through the center of Term be_mmu/dcache/data_mem_5__data_mem/macro_mem/mem/rd_out[62]
[WARNING DRT-0419] No routing tracks pass through the center of Term be_mmu/dcache/data_mem_5__data_mem/macro_mem/mem/rd_out[63]
[WARNING DRT-0419] No routing tracks pass through the center of Term be_mmu/dcache/data_mem_5__data_mem/macro_mem/mem/wd_in[0]
[WARNING DRT-0419] No routing tracks pass through the center of Term be_mmu/dcache/data_mem_5__data_mem/macro_mem/mem/wd_in[1]
[WARNING DRT-0419] No routing tracks pass through the center of Term be_mmu/dcache/data_mem_5__data_mem/macro_mem/mem/wd_in[2]
[WARNING DRT-0419] No routing tracks pass through the center of Term be_mmu/dcache/data_mem_5__data_mem/macro_mem/mem/wd_in[3]
[WARNING DRT-0419] No routing tracks pass through the center of Term be_mmu/dcache/data_mem_5__data_mem/macro_mem/mem/wd_in[4]
[WARNING DRT-0419] No routing tracks pass through the center of Term be_mmu/dcache/data_mem_5__data_mem/macro_mem/mem/wd_in[5]
[WARNING DRT-0419] No routing tracks pass through the center of Term be_mmu/dcache/data_mem_5__data_mem/macro_mem/mem/wd_in[6]
[WARNING DRT-0419] No routing tracks pass through the center of Term be_mmu/dcache/data_mem_5__data_mem/macro_mem/mem/wd_in[7]
[WARNING DRT-0419] No routing tracks pass through the center of Term be_mmu/dcache/data_mem_5__data_mem/macro_mem/mem/wd_in[8]
[WARNING DRT-0419] No routing tracks pass through the center of Term be_mmu/dcache/data_mem_5__data_mem/macro_mem/mem/wd_in[9]
[WARNING DRT-0419] No routing tracks pass through the center of Term be_mmu/dcache/data_mem_5__data_mem/macro_mem/mem/wd_in[10]
[WARNING DRT-0419] No routing tracks pass through the center of Term be_mmu/dcache/data_mem_5__data_mem/macro_mem/mem/wd_in[11]
[WARNING DRT-0419] No routing tracks pass through the center of Term be_mmu/dcache/data_mem_5__data_mem/macro_mem/mem/wd_in[12]
[WARNING DRT-0419] No routing tracks pass through the center of Term be_mmu/dcache/data_mem_5__data_mem/macro_mem/mem/wd_in[13]
[WARNING DRT-0419] No routing tracks pass through the center of Term be_mmu/dcache/data_mem_5__data_mem/macro_mem/mem/wd_in[14]
[WARNING DRT-0419] No routing tracks pass through the center of Term be_mmu/dcache/data_mem_5__data_mem/macro_mem/mem/wd_in[15]
[WARNING DRT-0419] No routing tracks pass through the center of Term be_mmu/dcache/data_mem_5__data_mem/macro_mem/mem/wd_in[16]
[WARNING DRT-0419] No routing tracks pass through the center of Term be_mmu/dcache/data_mem_5__data_mem/macro_mem/mem/wd_in[17]
[WARNING DRT-0419] No routing tracks pass through the center of Term be_mmu/dcache/data_mem_5__data_mem/macro_mem/mem/wd_in[18]
[WARNING DRT-0419] No routing tracks pass through the center of Term be_mmu/dcache/data_mem_5__data_mem/macro_mem/mem/wd_in[19]
[WARNING DRT-0419] No routing tracks pass through the center of Term be_mmu/dcache/data_mem_5__data_mem/macro_mem/mem/wd_in[20]
[WARNING DRT-0419] No routing tracks pass through the center of Term be_mmu/dcache/data_mem_5__data_mem/macro_mem/mem/wd_in[21]
[WARNING DRT-0419] No routing tracks pass through the center of Term be_mmu/dcache/data_mem_5__data_mem/macro_mem/mem/wd_in[22]
[WARNING DRT-0419] No routing tracks pass through the center of Term be_mmu/dcache/data_mem_5__data_mem/macro_mem/mem/wd_in[23]
[WARNING DRT-0419] No routing tracks pass through the center of Term be_mmu/dcache/data_mem_5__data_mem/macro_mem/mem/wd_in[24]
[WARNING DRT-0419] No routing tracks pass through the center of Term be_mmu/dcache/data_mem_5__data_mem/macro_mem/mem/wd_in[25]
[WARNING DRT-0419] No routing tracks pass through the center of Term be_mmu/dcache/data_mem_5__data_mem/macro_mem/mem/wd_in[26]
[WARNING DRT-0419] No routing tracks pass through the center of Term be_mmu/dcache/data_mem_5__data_mem/macro_mem/mem/wd_in[27]
[WARNING DRT-0419] No routing tracks pass through the center of Term be_mmu/dcache/data_mem_5__data_mem/macro_mem/mem/wd_in[28]
[WARNING DRT-0419] No routing tracks pass through the center of Term be_mmu/dcache/data_mem_5__data_mem/macro_mem/mem/wd_in[29]
[WARNING DRT-0419] No routing tracks pass through the center of Term be_mmu/dcache/data_mem_5__data_mem/macro_mem/mem/wd_in[30]
[WARNING DRT-0419] No routing tracks pass through the center of Term be_mmu/dcache/data_mem_5__data_mem/macro_mem/mem/wd_in[31]
[WARNING DRT-0419] No routing tracks pass through the center of Term be_mmu/dcache/data_mem_5__data_mem/macro_mem/mem/wd_in[32]
[WARNING DRT-0419] No routing tracks pass through the center of Term be_mmu/dcache/data_mem_5__data_mem/macro_mem/mem/wd_in[33]
[WARNING DRT-0419] No routing tracks pass through the center of Term be_mmu/dcache/data_mem_5__data_mem/macro_mem/mem/wd_in[34]
[WARNING DRT-0419] No routing tracks pass through the center of Term be_mmu/dcache/data_mem_5__data_mem/macro_mem/mem/wd_in[35]
[WARNING DRT-0419] No routing tracks pass through the center of Term be_mmu/dcache/data_mem_5__data_mem/macro_mem/mem/wd_in[36]
[WARNING DRT-0419] No routing tracks pass through the center of Term be_mmu/dcache/data_mem_5__data_mem/macro_mem/mem/wd_in[37]
[WARNING DRT-0419] No routing tracks pass through the center of Term be_mmu/dcache/data_mem_5__data_mem/macro_mem/mem/wd_in[38]
[WARNING DRT-0419] No routing tracks pass through the center of Term be_mmu/dcache/data_mem_5__data_mem/macro_mem/mem/wd_in[39]
[WARNING DRT-0419] No routing tracks pass through the center of Term be_mmu/dcache/data_mem_5__data_mem/macro_mem/mem/wd_in[40]
[WARNING DRT-0419] No routing tracks pass through the center of Term be_mmu/dcache/data_mem_5__data_mem/macro_mem/mem/wd_in[41]
[WARNING DRT-0419] No routing tracks pass through the center of Term be_mmu/dcache/data_mem_5__data_mem/macro_mem/mem/wd_in[42]
[WARNING DRT-0419] No routing tracks pass through the center of Term be_mmu/dcache/data_mem_5__data_mem/macro_mem/mem/wd_in[43]
[WARNING DRT-0419] No routing tracks pass through the center of Term be_mmu/dcache/data_mem_5__data_mem/macro_mem/mem/wd_in[44]
[WARNING DRT-0419] No routing tracks pass through the center of Term be_mmu/dcache/data_mem_5__data_mem/macro_mem/mem/wd_in[45]
[WARNING DRT-0419] No routing tracks pass through the center of Term be_mmu/dcache/data_mem_5__data_mem/macro_mem/mem/wd_in[46]
[WARNING DRT-0419] No routing tracks pass through the center of Term be_mmu/dcache/data_mem_5__data_mem/macro_mem/mem/wd_in[47]
[WARNING DRT-0419] No routing tracks pass through the center of Term be_mmu/dcache/data_mem_5__data_mem/macro_mem/mem/wd_in[48]
[WARNING DRT-0419] No routing tracks pass through the center of Term be_mmu/dcache/data_mem_5__data_mem/macro_mem/mem/wd_in[49]
[WARNING DRT-0419] No routing tracks pass through the center of Term be_mmu/dcache/data_mem_5__data_mem/macro_mem/mem/wd_in[50]
[WARNING DRT-0419] No routing tracks pass through the center of Term be_mmu/dcache/data_mem_5__data_mem/macro_mem/mem/wd_in[51]
[WARNING DRT-0419] No routing tracks pass through the center of Term be_mmu/dcache/data_mem_5__data_mem/macro_mem/mem/wd_in[52]
[WARNING DRT-0419] No routing tracks pass through the center of Term be_mmu/dcache/data_mem_5__data_mem/macro_mem/mem/wd_in[53]
[WARNING DRT-0419] No routing tracks pass through the center of Term be_mmu/dcache/data_mem_5__data_mem/macro_mem/mem/wd_in[54]
[WARNING DRT-0419] No routing tracks pass through the center of Term be_mmu/dcache/data_mem_5__data_mem/macro_mem/mem/wd_in[55]
[WARNING DRT-0419] No routing tracks pass through the center of Term be_mmu/dcache/data_mem_5__data_mem/macro_mem/mem/wd_in[56]
[WARNING DRT-0419] No routing tracks pass through the center of Term be_mmu/dcache/data_mem_5__data_mem/macro_mem/mem/wd_in[57]
[WARNING DRT-0419] No routing tracks pass through the center of Term be_mmu/dcache/data_mem_5__data_mem/macro_mem/mem/wd_in[58]
[WARNING DRT-0419] No routing tracks pass through the center of Term be_mmu/dcache/data_mem_5__data_mem/macro_mem/mem/wd_in[59]
[WARNING DRT-0419] No routing tracks pass through the center of Term be_mmu/dcache/data_mem_5__data_mem/macro_mem/mem/wd_in[60]
[WARNING DRT-0419] No routing tracks pass through the center of Term be_mmu/dcache/data_mem_5__data_mem/macro_mem/mem/wd_in[61]
[WARNING DRT-0419] No routing tracks pass through the center of Term be_mmu/dcache/data_mem_5__data_mem/macro_mem/mem/wd_in[62]
[WARNING DRT-0419] No routing tracks pass through the center of Term be_mmu/dcache/data_mem_5__data_mem/macro_mem/mem/wd_in[63]
[WARNING DRT-0419] No routing tracks pass through the center of Term be_mmu/dcache/data_mem_5__data_mem/macro_mem/mem/addr_in[0]
[WARNING DRT-0419] No routing tracks pass through the center of Term be_mmu/dcache/data_mem_5__data_mem/macro_mem/mem/addr_in[1]
[WARNING DRT-0419] No routing tracks pass through the center of Term be_mmu/dcache/data_mem_5__data_mem/macro_mem/mem/addr_in[2]
[WARNING DRT-0419] No routing tracks pass through the center of Term be_mmu/dcache/data_mem_5__data_mem/macro_mem/mem/addr_in[3]
[WARNING DRT-0419] No routing tracks pass through the center of Term be_mmu/dcache/data_mem_5__data_mem/macro_mem/mem/addr_in[4]
[WARNING DRT-0419] No routing tracks pass through the center of Term be_mmu/dcache/data_mem_5__data_mem/macro_mem/mem/addr_in[5]
[WARNING DRT-0419] No routing tracks pass through the center of Term be_mmu/dcache/data_mem_5__data_mem/macro_mem/mem/addr_in[6]
[WARNING DRT-0419] No routing tracks pass through the center of Term be_mmu/dcache/data_mem_5__data_mem/macro_mem/mem/addr_in[7]
[WARNING DRT-0419] No routing tracks pass through the center of Term be_mmu/dcache/data_mem_5__data_mem/macro_mem/mem/addr_in[8]
[WARNING DRT-0419] No routing tracks pass through the center of Term be_mmu/dcache/data_mem_5__data_mem/macro_mem/mem/we_in
[WARNING DRT-0419] No routing tracks pass through the center of Term be_mmu/dcache/data_mem_5__data_mem/macro_mem/mem/ce_in
[WARNING DRT-0419] No routing tracks pass through the center of Term be_mmu/dcache/data_mem_5__data_mem/macro_mem/mem/clk
[WARNING DRT-0419] No routing tracks pass through the center of Term be_mmu/dcache/data_mem_6__data_mem/macro_mem/mem/w_mask_in[0]
[WARNING DRT-0419] No routing tracks pass through the center of Term be_mmu/dcache/data_mem_6__data_mem/macro_mem/mem/w_mask_in[1]
[WARNING DRT-0419] No routing tracks pass through the center of Term be_mmu/dcache/data_mem_6__data_mem/macro_mem/mem/w_mask_in[2]
[WARNING DRT-0419] No routing tracks pass through the center of Term be_mmu/dcache/data_mem_6__data_mem/macro_mem/mem/w_mask_in[3]
[WARNING DRT-0419] No routing tracks pass through the center of Term be_mmu/dcache/data_mem_6__data_mem/macro_mem/mem/w_mask_in[4]
[WARNING DRT-0419] No routing tracks pass through the center of Term be_mmu/dcache/data_mem_6__data_mem/macro_mem/mem/w_mask_in[5]
[WARNING DRT-0419] No routing tracks pass through the center of Term be_mmu/dcache/data_mem_6__data_mem/macro_mem/mem/w_mask_in[6]
[WARNING DRT-0419] No routing tracks pass through the center of Term be_mmu/dcache/data_mem_6__data_mem/macro_mem/mem/w_mask_in[7]
[WARNING DRT-0419] No routing tracks pass through the center of Term be_mmu/dcache/data_mem_6__data_mem/macro_mem/mem/w_mask_in[8]
[WARNING DRT-0419] No routing tracks pass through the center of Term be_mmu/dcache/data_mem_6__data_mem/macro_mem/mem/w_mask_in[9]
[WARNING DRT-0419] No routing tracks pass through the center of Term be_mmu/dcache/data_mem_6__data_mem/macro_mem/mem/w_mask_in[10]
[WARNING DRT-0419] No routing tracks pass through the center of Term be_mmu/dcache/data_mem_6__data_mem/macro_mem/mem/w_mask_in[11]
[WARNING DRT-0419] No routing tracks pass through the center of Term be_mmu/dcache/data_mem_6__data_mem/macro_mem/mem/w_mask_in[12]
[WARNING DRT-0419] No routing tracks pass through the center of Term be_mmu/dcache/data_mem_6__data_mem/macro_mem/mem/w_mask_in[13]
[WARNING DRT-0419] No routing tracks pass through the center of Term be_mmu/dcache/data_mem_6__data_mem/macro_mem/mem/w_mask_in[14]
[WARNING DRT-0419] No routing tracks pass through the center of Term be_mmu/dcache/data_mem_6__data_mem/macro_mem/mem/w_mask_in[15]
[WARNING DRT-0419] No routing tracks pass through the center of Term be_mmu/dcache/data_mem_6__data_mem/macro_mem/mem/w_mask_in[16]
[WARNING DRT-0419] No routing tracks pass through the center of Term be_mmu/dcache/data_mem_6__data_mem/macro_mem/mem/w_mask_in[17]
[WARNING DRT-0419] No routing tracks pass through the center of Term be_mmu/dcache/data_mem_6__data_mem/macro_mem/mem/w_mask_in[18]
[WARNING DRT-0419] No routing tracks pass through the center of Term be_mmu/dcache/data_mem_6__data_mem/macro_mem/mem/w_mask_in[19]
[WARNING DRT-0419] No routing tracks pass through the center of Term be_mmu/dcache/data_mem_6__data_mem/macro_mem/mem/w_mask_in[20]
[WARNING DRT-0419] No routing tracks pass through the center of Term be_mmu/dcache/data_mem_6__data_mem/macro_mem/mem/w_mask_in[21]
[WARNING DRT-0419] No routing tracks pass through the center of Term be_mmu/dcache/data_mem_6__data_mem/macro_mem/mem/w_mask_in[22]
[WARNING DRT-0419] No routing tracks pass through the center of Term be_mmu/dcache/data_mem_6__data_mem/macro_mem/mem/w_mask_in[23]
[WARNING DRT-0419] No routing tracks pass through the center of Term be_mmu/dcache/data_mem_6__data_mem/macro_mem/mem/w_mask_in[24]
[WARNING DRT-0419] No routing tracks pass through the center of Term be_mmu/dcache/data_mem_6__data_mem/macro_mem/mem/w_mask_in[25]
[WARNING DRT-0419] No routing tracks pass through the center of Term be_mmu/dcache/data_mem_6__data_mem/macro_mem/mem/w_mask_in[26]
[WARNING DRT-0419] No routing tracks pass through the center of Term be_mmu/dcache/data_mem_6__data_mem/macro_mem/mem/w_mask_in[27]
[WARNING DRT-0419] No routing tracks pass through the center of Term be_mmu/dcache/data_mem_6__data_mem/macro_mem/mem/w_mask_in[28]
[WARNING DRT-0419] No routing tracks pass through the center of Term be_mmu/dcache/data_mem_6__data_mem/macro_mem/mem/w_mask_in[29]
[WARNING DRT-0419] No routing tracks pass through the center of Term be_mmu/dcache/data_mem_6__data_mem/macro_mem/mem/w_mask_in[30]
[WARNING DRT-0419] No routing tracks pass through the center of Term be_mmu/dcache/data_mem_6__data_mem/macro_mem/mem/w_mask_in[31]
[WARNING DRT-0419] No routing tracks pass through the center of Term be_mmu/dcache/data_mem_6__data_mem/macro_mem/mem/w_mask_in[32]
[WARNING DRT-0419] No routing tracks pass through the center of Term be_mmu/dcache/data_mem_6__data_mem/macro_mem/mem/w_mask_in[33]
[WARNING DRT-0419] No routing tracks pass through the center of Term be_mmu/dcache/data_mem_6__data_mem/macro_mem/mem/w_mask_in[34]
[WARNING DRT-0419] No routing tracks pass through the center of Term be_mmu/dcache/data_mem_6__data_mem/macro_mem/mem/w_mask_in[35]
[WARNING DRT-0419] No routing tracks pass through the center of Term be_mmu/dcache/data_mem_6__data_mem/macro_mem/mem/w_mask_in[36]
[WARNING DRT-0419] No routing tracks pass through the center of Term be_mmu/dcache/data_mem_6__data_mem/macro_mem/mem/w_mask_in[37]
[WARNING DRT-0419] No routing tracks pass through the center of Term be_mmu/dcache/data_mem_6__data_mem/macro_mem/mem/w_mask_in[38]
[WARNING DRT-0419] No routing tracks pass through the center of Term be_mmu/dcache/data_mem_6__data_mem/macro_mem/mem/w_mask_in[39]
[WARNING DRT-0419] No routing tracks pass through the center of Term be_mmu/dcache/data_mem_6__data_mem/macro_mem/mem/w_mask_in[40]
[WARNING DRT-0419] No routing tracks pass through the center of Term be_mmu/dcache/data_mem_6__data_mem/macro_mem/mem/w_mask_in[41]
[WARNING DRT-0419] No routing tracks pass through the center of Term be_mmu/dcache/data_mem_6__data_mem/macro_mem/mem/w_mask_in[42]
[WARNING DRT-0419] No routing tracks pass through the center of Term be_mmu/dcache/data_mem_6__data_mem/macro_mem/mem/w_mask_in[43]
[WARNING DRT-0419] No routing tracks pass through the center of Term be_mmu/dcache/data_mem_6__data_mem/macro_mem/mem/w_mask_in[44]
[WARNING DRT-0419] No routing tracks pass through the center of Term be_mmu/dcache/data_mem_6__data_mem/macro_mem/mem/w_mask_in[45]
[WARNING DRT-0419] No routing tracks pass through the center of Term be_mmu/dcache/data_mem_6__data_mem/macro_mem/mem/w_mask_in[46]
[WARNING DRT-0419] No routing tracks pass through the center of Term be_mmu/dcache/data_mem_6__data_mem/macro_mem/mem/w_mask_in[47]
[WARNING DRT-0419] No routing tracks pass through the center of Term be_mmu/dcache/data_mem_6__data_mem/macro_mem/mem/w_mask_in[48]
[WARNING DRT-0419] No routing tracks pass through the center of Term be_mmu/dcache/data_mem_6__data_mem/macro_mem/mem/w_mask_in[49]
[WARNING DRT-0419] No routing tracks pass through the center of Term be_mmu/dcache/data_mem_6__data_mem/macro_mem/mem/w_mask_in[50]
[WARNING DRT-0419] No routing tracks pass through the center of Term be_mmu/dcache/data_mem_6__data_mem/macro_mem/mem/w_mask_in[51]
[WARNING DRT-0419] No routing tracks pass through the center of Term be_mmu/dcache/data_mem_6__data_mem/macro_mem/mem/w_mask_in[52]
[WARNING DRT-0419] No routing tracks pass through the center of Term be_mmu/dcache/data_mem_6__data_mem/macro_mem/mem/w_mask_in[53]
[WARNING DRT-0419] No routing tracks pass through the center of Term be_mmu/dcache/data_mem_6__data_mem/macro_mem/mem/w_mask_in[54]
[WARNING DRT-0419] No routing tracks pass through the center of Term be_mmu/dcache/data_mem_6__data_mem/macro_mem/mem/w_mask_in[55]
[WARNING DRT-0419] No routing tracks pass through the center of Term be_mmu/dcache/data_mem_6__data_mem/macro_mem/mem/w_mask_in[56]
[WARNING DRT-0419] No routing tracks pass through the center of Term be_mmu/dcache/data_mem_6__data_mem/macro_mem/mem/w_mask_in[57]
[WARNING DRT-0419] No routing tracks pass through the center of Term be_mmu/dcache/data_mem_6__data_mem/macro_mem/mem/w_mask_in[58]
[WARNING DRT-0419] No routing tracks pass through the center of Term be_mmu/dcache/data_mem_6__data_mem/macro_mem/mem/w_mask_in[59]
[WARNING DRT-0419] No routing tracks pass through the center of Term be_mmu/dcache/data_mem_6__data_mem/macro_mem/mem/w_mask_in[60]
[WARNING DRT-0419] No routing tracks pass through the center of Term be_mmu/dcache/data_mem_6__data_mem/macro_mem/mem/w_mask_in[61]
[WARNING DRT-0419] No routing tracks pass through the center of Term be_mmu/dcache/data_mem_6__data_mem/macro_mem/mem/w_mask_in[62]
[WARNING DRT-0419] No routing tracks pass through the center of Term be_mmu/dcache/data_mem_6__data_mem/macro_mem/mem/w_mask_in[63]
[WARNING DRT-0419] No routing tracks pass through the center of Term be_mmu/dcache/data_mem_6__data_mem/macro_mem/mem/rd_out[0]
[WARNING DRT-0419] No routing tracks pass through the center of Term be_mmu/dcache/data_mem_6__data_mem/macro_mem/mem/rd_out[1]
[WARNING DRT-0419] No routing tracks pass through the center of Term be_mmu/dcache/data_mem_6__data_mem/macro_mem/mem/rd_out[2]
[WARNING DRT-0419] No routing tracks pass through the center of Term be_mmu/dcache/data_mem_6__data_mem/macro_mem/mem/rd_out[3]
[WARNING DRT-0419] No routing tracks pass through the center of Term be_mmu/dcache/data_mem_6__data_mem/macro_mem/mem/rd_out[4]
[WARNING DRT-0419] No routing tracks pass through the center of Term be_mmu/dcache/data_mem_6__data_mem/macro_mem/mem/rd_out[5]
[WARNING DRT-0419] No routing tracks pass through the center of Term be_mmu/dcache/data_mem_6__data_mem/macro_mem/mem/rd_out[6]
[WARNING DRT-0419] No routing tracks pass through the center of Term be_mmu/dcache/data_mem_6__data_mem/macro_mem/mem/rd_out[7]
[WARNING DRT-0419] No routing tracks pass through the center of Term be_mmu/dcache/data_mem_6__data_mem/macro_mem/mem/rd_out[8]
[WARNING DRT-0419] No routing tracks pass through the center of Term be_mmu/dcache/data_mem_6__data_mem/macro_mem/mem/rd_out[9]
[WARNING DRT-0419] No routing tracks pass through the center of Term be_mmu/dcache/data_mem_6__data_mem/macro_mem/mem/rd_out[10]
[WARNING DRT-0419] No routing tracks pass through the center of Term be_mmu/dcache/data_mem_6__data_mem/macro_mem/mem/rd_out[11]
[WARNING DRT-0419] No routing tracks pass through the center of Term be_mmu/dcache/data_mem_6__data_mem/macro_mem/mem/rd_out[12]
[WARNING DRT-0419] No routing tracks pass through the center of Term be_mmu/dcache/data_mem_6__data_mem/macro_mem/mem/rd_out[13]
[WARNING DRT-0419] No routing tracks pass through the center of Term be_mmu/dcache/data_mem_6__data_mem/macro_mem/mem/rd_out[14]
[WARNING DRT-0419] No routing tracks pass through the center of Term be_mmu/dcache/data_mem_6__data_mem/macro_mem/mem/rd_out[15]
[WARNING DRT-0419] No routing tracks pass through the center of Term be_mmu/dcache/data_mem_6__data_mem/macro_mem/mem/rd_out[16]
[WARNING DRT-0419] No routing tracks pass through the center of Term be_mmu/dcache/data_mem_6__data_mem/macro_mem/mem/rd_out[17]
[WARNING DRT-0419] No routing tracks pass through the center of Term be_mmu/dcache/data_mem_6__data_mem/macro_mem/mem/rd_out[18]
[WARNING DRT-0419] No routing tracks pass through the center of Term be_mmu/dcache/data_mem_6__data_mem/macro_mem/mem/rd_out[19]
[WARNING DRT-0419] No routing tracks pass through the center of Term be_mmu/dcache/data_mem_6__data_mem/macro_mem/mem/rd_out[20]
[WARNING DRT-0419] No routing tracks pass through the center of Term be_mmu/dcache/data_mem_6__data_mem/macro_mem/mem/rd_out[21]
[WARNING DRT-0419] No routing tracks pass through the center of Term be_mmu/dcache/data_mem_6__data_mem/macro_mem/mem/rd_out[22]
[WARNING DRT-0419] No routing tracks pass through the center of Term be_mmu/dcache/data_mem_6__data_mem/macro_mem/mem/rd_out[23]
[WARNING DRT-0419] No routing tracks pass through the center of Term be_mmu/dcache/data_mem_6__data_mem/macro_mem/mem/rd_out[24]
[WARNING DRT-0419] No routing tracks pass through the center of Term be_mmu/dcache/data_mem_6__data_mem/macro_mem/mem/rd_out[25]
[WARNING DRT-0419] No routing tracks pass through the center of Term be_mmu/dcache/data_mem_6__data_mem/macro_mem/mem/rd_out[26]
[WARNING DRT-0419] No routing tracks pass through the center of Term be_mmu/dcache/data_mem_6__data_mem/macro_mem/mem/rd_out[27]
[WARNING DRT-0419] No routing tracks pass through the center of Term be_mmu/dcache/data_mem_6__data_mem/macro_mem/mem/rd_out[28]
[WARNING DRT-0419] No routing tracks pass through the center of Term be_mmu/dcache/data_mem_6__data_mem/macro_mem/mem/rd_out[29]
[WARNING DRT-0419] No routing tracks pass through the center of Term be_mmu/dcache/data_mem_6__data_mem/macro_mem/mem/rd_out[30]
[WARNING DRT-0419] No routing tracks pass through the center of Term be_mmu/dcache/data_mem_6__data_mem/macro_mem/mem/rd_out[31]
[WARNING DRT-0419] No routing tracks pass through the center of Term be_mmu/dcache/data_mem_6__data_mem/macro_mem/mem/rd_out[32]
[WARNING DRT-0419] No routing tracks pass through the center of Term be_mmu/dcache/data_mem_6__data_mem/macro_mem/mem/rd_out[33]
[WARNING DRT-0419] No routing tracks pass through the center of Term be_mmu/dcache/data_mem_6__data_mem/macro_mem/mem/rd_out[34]
[WARNING DRT-0419] No routing tracks pass through the center of Term be_mmu/dcache/data_mem_6__data_mem/macro_mem/mem/rd_out[35]
[WARNING DRT-0419] No routing tracks pass through the center of Term be_mmu/dcache/data_mem_6__data_mem/macro_mem/mem/rd_out[36]
[WARNING DRT-0419] No routing tracks pass through the center of Term be_mmu/dcache/data_mem_6__data_mem/macro_mem/mem/rd_out[37]
[WARNING DRT-0419] No routing tracks pass through the center of Term be_mmu/dcache/data_mem_6__data_mem/macro_mem/mem/rd_out[38]
[WARNING DRT-0419] No routing tracks pass through the center of Term be_mmu/dcache/data_mem_6__data_mem/macro_mem/mem/rd_out[39]
[WARNING DRT-0419] No routing tracks pass through the center of Term be_mmu/dcache/data_mem_6__data_mem/macro_mem/mem/rd_out[40]
[WARNING DRT-0419] No routing tracks pass through the center of Term be_mmu/dcache/data_mem_6__data_mem/macro_mem/mem/rd_out[41]
[WARNING DRT-0419] No routing tracks pass through the center of Term be_mmu/dcache/data_mem_6__data_mem/macro_mem/mem/rd_out[42]
[WARNING DRT-0419] No routing tracks pass through the center of Term be_mmu/dcache/data_mem_6__data_mem/macro_mem/mem/rd_out[43]
[WARNING DRT-0419] No routing tracks pass through the center of Term be_mmu/dcache/data_mem_6__data_mem/macro_mem/mem/rd_out[44]
[WARNING DRT-0419] No routing tracks pass through the center of Term be_mmu/dcache/data_mem_6__data_mem/macro_mem/mem/rd_out[45]
[WARNING DRT-0419] No routing tracks pass through the center of Term be_mmu/dcache/data_mem_6__data_mem/macro_mem/mem/rd_out[46]
[WARNING DRT-0419] No routing tracks pass through the center of Term be_mmu/dcache/data_mem_6__data_mem/macro_mem/mem/rd_out[47]
[WARNING DRT-0419] No routing tracks pass through the center of Term be_mmu/dcache/data_mem_6__data_mem/macro_mem/mem/rd_out[48]
[WARNING DRT-0419] No routing tracks pass through the center of Term be_mmu/dcache/data_mem_6__data_mem/macro_mem/mem/rd_out[49]
[WARNING DRT-0419] No routing tracks pass through the center of Term be_mmu/dcache/data_mem_6__data_mem/macro_mem/mem/rd_out[50]
[WARNING DRT-0419] No routing tracks pass through the center of Term be_mmu/dcache/data_mem_6__data_mem/macro_mem/mem/rd_out[51]
[WARNING DRT-0419] No routing tracks pass through the center of Term be_mmu/dcache/data_mem_6__data_mem/macro_mem/mem/rd_out[52]
[WARNING DRT-0419] No routing tracks pass through the center of Term be_mmu/dcache/data_mem_6__data_mem/macro_mem/mem/rd_out[53]
[WARNING DRT-0419] No routing tracks pass through the center of Term be_mmu/dcache/data_mem_6__data_mem/macro_mem/mem/rd_out[54]
[WARNING DRT-0419] No routing tracks pass through the center of Term be_mmu/dcache/data_mem_6__data_mem/macro_mem/mem/rd_out[55]
[WARNING DRT-0419] No routing tracks pass through the center of Term be_mmu/dcache/data_mem_6__data_mem/macro_mem/mem/rd_out[56]
[WARNING DRT-0419] No routing tracks pass through the center of Term be_mmu/dcache/data_mem_6__data_mem/macro_mem/mem/rd_out[57]
[WARNING DRT-0419] No routing tracks pass through the center of Term be_mmu/dcache/data_mem_6__data_mem/macro_mem/mem/rd_out[58]
[WARNING DRT-0419] No routing tracks pass through the center of Term be_mmu/dcache/data_mem_6__data_mem/macro_mem/mem/rd_out[59]
[WARNING DRT-0419] No routing tracks pass through the center of Term be_mmu/dcache/data_mem_6__data_mem/macro_mem/mem/rd_out[60]
[WARNING DRT-0419] No routing tracks pass through the center of Term be_mmu/dcache/data_mem_6__data_mem/macro_mem/mem/rd_out[61]
[WARNING DRT-0419] No routing tracks pass through the center of Term be_mmu/dcache/data_mem_6__data_mem/macro_mem/mem/rd_out[62]
[WARNING DRT-0419] No routing tracks pass through the center of Term be_mmu/dcache/data_mem_6__data_mem/macro_mem/mem/rd_out[63]
[WARNING DRT-0419] No routing tracks pass through the center of Term be_mmu/dcache/data_mem_6__data_mem/macro_mem/mem/wd_in[0]
[WARNING DRT-0419] No routing tracks pass through the center of Term be_mmu/dcache/data_mem_6__data_mem/macro_mem/mem/wd_in[1]
[WARNING DRT-0419] No routing tracks pass through the center of Term be_mmu/dcache/data_mem_6__data_mem/macro_mem/mem/wd_in[2]
[WARNING DRT-0419] No routing tracks pass through the center of Term be_mmu/dcache/data_mem_6__data_mem/macro_mem/mem/wd_in[3]
[WARNING DRT-0419] No routing tracks pass through the center of Term be_mmu/dcache/data_mem_6__data_mem/macro_mem/mem/wd_in[4]
[WARNING DRT-0419] No routing tracks pass through the center of Term be_mmu/dcache/data_mem_6__data_mem/macro_mem/mem/wd_in[5]
[WARNING DRT-0419] No routing tracks pass through the center of Term be_mmu/dcache/data_mem_6__data_mem/macro_mem/mem/wd_in[6]
[WARNING DRT-0419] No routing tracks pass through the center of Term be_mmu/dcache/data_mem_6__data_mem/macro_mem/mem/wd_in[7]
[WARNING DRT-0419] No routing tracks pass through the center of Term be_mmu/dcache/data_mem_6__data_mem/macro_mem/mem/wd_in[8]
[WARNING DRT-0419] No routing tracks pass through the center of Term be_mmu/dcache/data_mem_6__data_mem/macro_mem/mem/wd_in[9]
[WARNING DRT-0419] No routing tracks pass through the center of Term be_mmu/dcache/data_mem_6__data_mem/macro_mem/mem/wd_in[10]
[WARNING DRT-0419] No routing tracks pass through the center of Term be_mmu/dcache/data_mem_6__data_mem/macro_mem/mem/wd_in[11]
[WARNING DRT-0419] No routing tracks pass through the center of Term be_mmu/dcache/data_mem_6__data_mem/macro_mem/mem/wd_in[12]
[WARNING DRT-0419] No routing tracks pass through the center of Term be_mmu/dcache/data_mem_6__data_mem/macro_mem/mem/wd_in[13]
[WARNING DRT-0419] No routing tracks pass through the center of Term be_mmu/dcache/data_mem_6__data_mem/macro_mem/mem/wd_in[14]
[WARNING DRT-0419] No routing tracks pass through the center of Term be_mmu/dcache/data_mem_6__data_mem/macro_mem/mem/wd_in[15]
[WARNING DRT-0419] No routing tracks pass through the center of Term be_mmu/dcache/data_mem_6__data_mem/macro_mem/mem/wd_in[16]
[WARNING DRT-0419] No routing tracks pass through the center of Term be_mmu/dcache/data_mem_6__data_mem/macro_mem/mem/wd_in[17]
[WARNING DRT-0419] No routing tracks pass through the center of Term be_mmu/dcache/data_mem_6__data_mem/macro_mem/mem/wd_in[18]
[WARNING DRT-0419] No routing tracks pass through the center of Term be_mmu/dcache/data_mem_6__data_mem/macro_mem/mem/wd_in[19]
[WARNING DRT-0419] No routing tracks pass through the center of Term be_mmu/dcache/data_mem_6__data_mem/macro_mem/mem/wd_in[20]
[WARNING DRT-0419] No routing tracks pass through the center of Term be_mmu/dcache/data_mem_6__data_mem/macro_mem/mem/wd_in[21]
[WARNING DRT-0419] No routing tracks pass through the center of Term be_mmu/dcache/data_mem_6__data_mem/macro_mem/mem/wd_in[22]
[WARNING DRT-0419] No routing tracks pass through the center of Term be_mmu/dcache/data_mem_6__data_mem/macro_mem/mem/wd_in[23]
[WARNING DRT-0419] No routing tracks pass through the center of Term be_mmu/dcache/data_mem_6__data_mem/macro_mem/mem/wd_in[24]
[WARNING DRT-0419] No routing tracks pass through the center of Term be_mmu/dcache/data_mem_6__data_mem/macro_mem/mem/wd_in[25]
[WARNING DRT-0419] No routing tracks pass through the center of Term be_mmu/dcache/data_mem_6__data_mem/macro_mem/mem/wd_in[26]
[WARNING DRT-0419] No routing tracks pass through the center of Term be_mmu/dcache/data_mem_6__data_mem/macro_mem/mem/wd_in[27]
[WARNING DRT-0419] No routing tracks pass through the center of Term be_mmu/dcache/data_mem_6__data_mem/macro_mem/mem/wd_in[28]
[WARNING DRT-0419] No routing tracks pass through the center of Term be_mmu/dcache/data_mem_6__data_mem/macro_mem/mem/wd_in[29]
[WARNING DRT-0419] No routing tracks pass through the center of Term be_mmu/dcache/data_mem_6__data_mem/macro_mem/mem/wd_in[30]
[WARNING DRT-0419] No routing tracks pass through the center of Term be_mmu/dcache/data_mem_6__data_mem/macro_mem/mem/wd_in[31]
[WARNING DRT-0419] No routing tracks pass through the center of Term be_mmu/dcache/data_mem_6__data_mem/macro_mem/mem/wd_in[32]
[WARNING DRT-0419] No routing tracks pass through the center of Term be_mmu/dcache/data_mem_6__data_mem/macro_mem/mem/wd_in[33]
[WARNING DRT-0419] No routing tracks pass through the center of Term be_mmu/dcache/data_mem_6__data_mem/macro_mem/mem/wd_in[34]
[WARNING DRT-0419] No routing tracks pass through the center of Term be_mmu/dcache/data_mem_6__data_mem/macro_mem/mem/wd_in[35]
[WARNING DRT-0419] No routing tracks pass through the center of Term be_mmu/dcache/data_mem_6__data_mem/macro_mem/mem/wd_in[36]
[WARNING DRT-0419] No routing tracks pass through the center of Term be_mmu/dcache/data_mem_6__data_mem/macro_mem/mem/wd_in[37]
[WARNING DRT-0419] No routing tracks pass through the center of Term be_mmu/dcache/data_mem_6__data_mem/macro_mem/mem/wd_in[38]
[WARNING DRT-0419] No routing tracks pass through the center of Term be_mmu/dcache/data_mem_6__data_mem/macro_mem/mem/wd_in[39]
[WARNING DRT-0419] No routing tracks pass through the center of Term be_mmu/dcache/data_mem_6__data_mem/macro_mem/mem/wd_in[40]
[WARNING DRT-0419] No routing tracks pass through the center of Term be_mmu/dcache/data_mem_6__data_mem/macro_mem/mem/wd_in[41]
[WARNING DRT-0419] No routing tracks pass through the center of Term be_mmu/dcache/data_mem_6__data_mem/macro_mem/mem/wd_in[42]
[WARNING DRT-0419] No routing tracks pass through the center of Term be_mmu/dcache/data_mem_6__data_mem/macro_mem/mem/wd_in[43]
[WARNING DRT-0419] No routing tracks pass through the center of Term be_mmu/dcache/data_mem_6__data_mem/macro_mem/mem/wd_in[44]
[WARNING DRT-0419] No routing tracks pass through the center of Term be_mmu/dcache/data_mem_6__data_mem/macro_mem/mem/wd_in[45]
[WARNING DRT-0419] No routing tracks pass through the center of Term be_mmu/dcache/data_mem_6__data_mem/macro_mem/mem/wd_in[46]
[WARNING DRT-0419] No routing tracks pass through the center of Term be_mmu/dcache/data_mem_6__data_mem/macro_mem/mem/wd_in[47]
[WARNING DRT-0419] No routing tracks pass through the center of Term be_mmu/dcache/data_mem_6__data_mem/macro_mem/mem/wd_in[48]
[WARNING DRT-0419] No routing tracks pass through the center of Term be_mmu/dcache/data_mem_6__data_mem/macro_mem/mem/wd_in[49]
[WARNING DRT-0419] No routing tracks pass through the center of Term be_mmu/dcache/data_mem_6__data_mem/macro_mem/mem/wd_in[50]
[WARNING DRT-0419] No routing tracks pass through the center of Term be_mmu/dcache/data_mem_6__data_mem/macro_mem/mem/wd_in[51]
[WARNING DRT-0419] No routing tracks pass through the center of Term be_mmu/dcache/data_mem_6__data_mem/macro_mem/mem/wd_in[52]
[WARNING DRT-0419] No routing tracks pass through the center of Term be_mmu/dcache/data_mem_6__data_mem/macro_mem/mem/wd_in[53]
[WARNING DRT-0419] No routing tracks pass through the center of Term be_mmu/dcache/data_mem_6__data_mem/macro_mem/mem/wd_in[54]
[WARNING DRT-0419] No routing tracks pass through the center of Term be_mmu/dcache/data_mem_6__data_mem/macro_mem/mem/wd_in[55]
[WARNING DRT-0419] message limit (1000) reached. This message will no longer print.
[INFO DRT-0167] List of default vias:
  Layer via1
    default via: via1_7
  Layer via2
    default via: via2_5
  Layer via3
    default via: via3_2
  Layer via4
    default via: via4_0
  Layer via5
    default via: via5_0
  Layer via6
    default via: via6_0
  Layer via7
    default via: via7_0
  Layer via8
    default via: via8_0
  Layer via9
    default via: via9_0
  Layer hb_layer
    default via: hb_layer_0
  Layer via11
    default via: via11_0
  Layer via12
    default via: via12_0
  Layer via13
    default via: via13_0
  Layer via14
    default via: via14_0
  Layer via15
    default via: via15_0
  Layer via16
    default via: via16_0
  Layer via17
    default via: via17_2
  Layer via18
    default via: via18_5
  Layer via19
    default via: via19_7
[INFO DRT-0162] Library cell analysis.
[INFO DRT-0163] Instance analysis.
[INFO DRT-0164] Number of unique instances = 15242.
[INFO DRT-0168] Init region query.
[INFO DRT-0024]   Complete active.
[INFO DRT-0024]   Complete Fr_VIA.
[INFO DRT-0024]   Complete metal1.
[INFO DRT-0024]   Complete via1.
[INFO DRT-0024]   Complete metal2.
[INFO DRT-0024]   Complete via2.
[INFO DRT-0024]   Complete metal3.
[INFO DRT-0024]   Complete via3.
[INFO DRT-0024]   Complete metal4.
[INFO DRT-0024]   Complete via4.
[INFO DRT-0024]   Complete metal5.
[INFO DRT-0024]   Complete via5.
[INFO DRT-0024]   Complete metal6.
[INFO DRT-0024]   Complete via6.
[INFO DRT-0024]   Complete metal7.
[INFO DRT-0024]   Complete via7.
[INFO DRT-0024]   Complete metal8.
[INFO DRT-0024]   Complete via8.
[INFO DRT-0024]   Complete metal9.
[INFO DRT-0024]   Complete via9.
[INFO DRT-0024]   Complete metal10.
[INFO DRT-0024]   Complete hb_layer.
[INFO DRT-0024]   Complete metal11.
[INFO DRT-0024]   Complete via11.
[INFO DRT-0024]   Complete metal12.
[INFO DRT-0024]   Complete via12.
[INFO DRT-0024]   Complete metal13.
[INFO DRT-0024]   Complete via13.
[INFO DRT-0024]   Complete metal14.
[INFO DRT-0024]   Complete via14.
[INFO DRT-0024]   Complete metal15.
[INFO DRT-0024]   Complete via15.
[INFO DRT-0024]   Complete metal16.
[INFO DRT-0024]   Complete via16.
[INFO DRT-0024]   Complete metal17.
[INFO DRT-0024]   Complete via17.
[INFO DRT-0024]   Complete metal18.
[INFO DRT-0024]   Complete via18.
[INFO DRT-0024]   Complete metal19.
[INFO DRT-0024]   Complete via19.
[INFO DRT-0024]   Complete metal20.
[INFO DRT-0033] active shape region query size = 0.
[INFO DRT-0033] FR_VIA shape region query size = 0.
[INFO DRT-0033] metal1 shape region query size = 443522.
[INFO DRT-0033] via1 shape region query size = 0.
[INFO DRT-0033] metal2 shape region query size = 4.
[INFO DRT-0033] via2 shape region query size = 0.
[INFO DRT-0033] metal3 shape region query size = 1340.
[INFO DRT-0033] via3 shape region query size = 0.
[INFO DRT-0033] metal4 shape region query size = 414.
[INFO DRT-0033] via4 shape region query size = 0.
[INFO DRT-0033] metal5 shape region query size = 1376.
[INFO DRT-0033] via5 shape region query size = 0.
[INFO DRT-0033] metal6 shape region query size = 1653.
[INFO DRT-0033] via6 shape region query size = 0.
[INFO DRT-0033] metal7 shape region query size = 0.
[INFO DRT-0033] via7 shape region query size = 0.
[INFO DRT-0033] metal8 shape region query size = 0.
[INFO DRT-0033] via8 shape region query size = 0.
[INFO DRT-0033] metal9 shape region query size = 0.
[INFO DRT-0033] via9 shape region query size = 0.
[INFO DRT-0033] metal10 shape region query size = 3280.
[INFO DRT-0033] hb_layer shape region query size = 0.
[INFO DRT-0033] metal11 shape region query size = 3280.
[INFO DRT-0033] via11 shape region query size = 0.
[INFO DRT-0033] metal12 shape region query size = 0.
[INFO DRT-0033] via12 shape region query size = 0.
[INFO DRT-0033] metal13 shape region query size = 0.
[INFO DRT-0033] via13 shape region query size = 0.
[INFO DRT-0033] metal14 shape region query size = 0.
[INFO DRT-0033] via14 shape region query size = 0.
[INFO DRT-0033] metal15 shape region query size = 0.
[INFO DRT-0033] via15 shape region query size = 0.
[INFO DRT-0033] metal16 shape region query size = 0.
[INFO DRT-0033] via16 shape region query size = 0.
[INFO DRT-0033] metal17 shape region query size = 722.
[INFO DRT-0033] via17 shape region query size = 0.
[INFO DRT-0033] metal18 shape region query size = 2646.
[INFO DRT-0033] via18 shape region query size = 0.
[INFO DRT-0033] metal19 shape region query size = 709669.
[INFO DRT-0033] via19 shape region query size = 0.
[INFO DRT-0033] metal20 shape region query size = 6.
[INFO DRT-0165] Start pin access.
[INFO DRT-0076]   Complete 1000 pins.
[INFO DRT-0076]   Complete 2000 pins.
[INFO DRT-0076]   Complete 3000 pins.
[INFO DRT-0076]   Complete 4000 pins.
[INFO DRT-0076]   Complete 5000 pins.
[INFO DRT-0076]   Complete 6000 pins.
[INFO DRT-0076]   Complete 7000 pins.
[INFO DRT-0076]   Complete 8000 pins.
[INFO DRT-0076]   Complete 9000 pins.
[INFO DRT-0076]   Complete 10000 pins.
[INFO DRT-0076]   Complete 20000 pins.
[INFO DRT-0076]   Complete 30000 pins.
[INFO DRT-0076]   Complete 40000 pins.
[INFO DRT-0076]   Complete 50000 pins.
[INFO DRT-0076]   Complete 60000 pins.
[INFO DRT-0076]   Complete 70000 pins.
[INFO DRT-0076]   Complete 80000 pins.
[INFO DRT-0078]   Complete 89061 pins.
[INFO DRT-0079]   Complete 100 unique inst patterns.
[INFO DRT-0079]   Complete 200 unique inst patterns.
[INFO DRT-0079]   Complete 300 unique inst patterns.
[INFO DRT-0079]   Complete 400 unique inst patterns.
[INFO DRT-0079]   Complete 500 unique inst patterns.
[INFO DRT-0079]   Complete 600 unique inst patterns.
[INFO DRT-0079]   Complete 700 unique inst patterns.
[INFO DRT-0079]   Complete 800 unique inst patterns.
[INFO DRT-0079]   Complete 900 unique inst patterns.
[INFO DRT-0079]   Complete 1000 unique inst patterns.
[INFO DRT-0079]   Complete 2000 unique inst patterns.
[INFO DRT-0079]   Complete 3000 unique inst patterns.
[INFO DRT-0079]   Complete 4000 unique inst patterns.
[INFO DRT-0079]   Complete 5000 unique inst patterns.
[INFO DRT-0079]   Complete 6000 unique inst patterns.
[INFO DRT-0079]   Complete 7000 unique inst patterns.
[INFO DRT-0079]   Complete 8000 unique inst patterns.
[INFO DRT-0079]   Complete 9000 unique inst patterns.
[INFO DRT-0079]   Complete 10000 unique inst patterns.
[INFO DRT-0079]   Complete 11000 unique inst patterns.
[INFO DRT-0079]   Complete 12000 unique inst patterns.
[INFO DRT-0079]   Complete 13000 unique inst patterns.
[INFO DRT-0079]   Complete 14000 unique inst patterns.
[INFO DRT-0079]   Complete 15000 unique inst patterns.
[INFO DRT-0081]   Complete 15233 unique inst patterns.
[INFO DRT-0082]   Complete 10000 groups.
[INFO DRT-0082]   Complete 20000 groups.
[INFO DRT-0082]   Complete 30000 groups.
[INFO DRT-0084]   Complete 36340 groups.
#scanned instances     = 50911
#unique  instances     = 15242
#stdCellGenAp          = 622419
#stdCellValidPlanarAp  = 213406
#stdCellValidViaAp     = 384280
#stdCellPinNoAp        = 0
#stdCellPinCnt         = 186778
#instTermValidViaApCnt = 0
#macroGenAp            = 2892
#macroValidPlanarAp    = 2892
#macroValidViaAp       = 0
#macroNoAp             = 0
[INFO DRT-0166] Complete pin access.
[INFO DRT-0267] cpu time = 03:18:50, elapsed time = 00:01:56, memory = 514.04 (MB), peak = 514.04 (MB)
[INFO DRT-0156] guideIn read 100000 guides.
[INFO DRT-0156] guideIn read 200000 guides.
[INFO DRT-0156] guideIn read 300000 guides.
[INFO DRT-0156] guideIn read 400000 guides.
[INFO DRT-0156] guideIn read 500000 guides.

[INFO DRT-0157] Number of guides:     588919

[INFO DRT-0169] Post process guides.
[INFO DRT-0176] GCELLGRID X 0 DO 285 STEP 4200 ;
[INFO DRT-0177] GCELLGRID Y 0 DO 238 STEP 4200 ;
[INFO DRT-0026]   Complete 100000 origin guides.
[INFO DRT-0026]   Complete 200000 origin guides.
[INFO DRT-0026]   Complete 300000 origin guides.
[INFO DRT-0026]   Complete 400000 origin guides.
[INFO DRT-0026]   Complete 500000 origin guides.
[INFO DRT-0028]   Complete active.
[INFO DRT-0028]   Complete Fr_VIA.
[INFO DRT-0028]   Complete metal1.
[INFO DRT-0028]   Complete via1.
[INFO DRT-0028]   Complete metal2.
[INFO DRT-0028]   Complete via2.
[INFO DRT-0028]   Complete metal3.
[INFO DRT-0028]   Complete via3.
[INFO DRT-0028]   Complete metal4.
[INFO DRT-0028]   Complete via4.
[INFO DRT-0028]   Complete metal5.
[INFO DRT-0028]   Complete via5.
[INFO DRT-0028]   Complete metal6.
[INFO DRT-0028]   Complete via6.
[INFO DRT-0028]   Complete metal7.
[INFO DRT-0028]   Complete via7.
[INFO DRT-0028]   Complete metal8.
[INFO DRT-0028]   Complete via8.
[INFO DRT-0028]   Complete metal9.
[INFO DRT-0028]   Complete via9.
[INFO DRT-0028]   Complete metal10.
[INFO DRT-0028]   Complete hb_layer.
[INFO DRT-0028]   Complete metal11.
[INFO DRT-0028]   Complete via11.
[INFO DRT-0028]   Complete metal12.
[INFO DRT-0028]   Complete via12.
[INFO DRT-0028]   Complete metal13.
[INFO DRT-0028]   Complete via13.
[INFO DRT-0028]   Complete metal14.
[INFO DRT-0028]   Complete via14.
[INFO DRT-0028]   Complete metal15.
[INFO DRT-0028]   Complete via15.
[INFO DRT-0028]   Complete metal16.
[INFO DRT-0028]   Complete via16.
[INFO DRT-0028]   Complete metal17.
[INFO DRT-0028]   Complete via17.
[INFO DRT-0028]   Complete metal18.
[INFO DRT-0028]   Complete via18.
[INFO DRT-0028]   Complete metal19.
[INFO DRT-0028]   Complete via19.
[INFO DRT-0028]   Complete metal20.
[INFO DRT-0178] Init guide query.
[INFO DRT-0035]   Complete active (guide).
[INFO DRT-0035]   Complete Fr_VIA (guide).
[INFO DRT-0035]   Complete metal1 (guide).
[INFO DRT-0035]   Complete via1 (guide).
[INFO DRT-0035]   Complete metal2 (guide).
[INFO DRT-0035]   Complete via2 (guide).
[INFO DRT-0035]   Complete metal3 (guide).
[INFO DRT-0035]   Complete via3 (guide).
[INFO DRT-0035]   Complete metal4 (guide).
[INFO DRT-0035]   Complete via4 (guide).
[INFO DRT-0035]   Complete metal5 (guide).
[INFO DRT-0035]   Complete via5 (guide).
[INFO DRT-0035]   Complete metal6 (guide).
[INFO DRT-0035]   Complete via6 (guide).
[INFO DRT-0035]   Complete metal7 (guide).
[INFO DRT-0035]   Complete via7 (guide).
[INFO DRT-0035]   Complete metal8 (guide).
[INFO DRT-0035]   Complete via8 (guide).
[INFO DRT-0035]   Complete metal9 (guide).
[INFO DRT-0035]   Complete via9 (guide).
[INFO DRT-0035]   Complete metal10 (guide).
[INFO DRT-0035]   Complete hb_layer (guide).
[INFO DRT-0035]   Complete metal11 (guide).
[INFO DRT-0035]   Complete via11 (guide).
[INFO DRT-0035]   Complete metal12 (guide).
[INFO DRT-0035]   Complete via12 (guide).
[INFO DRT-0035]   Complete metal13 (guide).
[INFO DRT-0035]   Complete via13 (guide).
[INFO DRT-0035]   Complete metal14 (guide).
[INFO DRT-0035]   Complete via14 (guide).
[INFO DRT-0035]   Complete metal15 (guide).
[INFO DRT-0035]   Complete via15 (guide).
[INFO DRT-0035]   Complete metal16 (guide).
[INFO DRT-0035]   Complete via16 (guide).
[INFO DRT-0035]   Complete metal17 (guide).
[INFO DRT-0035]   Complete via17 (guide).
[INFO DRT-0035]   Complete metal18 (guide).
[INFO DRT-0035]   Complete via18 (guide).
[INFO DRT-0035]   Complete metal19 (guide).
[INFO DRT-0035]   Complete via19 (guide).
[INFO DRT-0035]   Complete metal20 (guide).
[INFO DRT-0036] active guide region query size = 0.
[INFO DRT-0036] FR_VIA guide region query size = 0.
[INFO DRT-0036] metal1 guide region query size = 52314.
[INFO DRT-0036] via1 guide region query size = 0.
[INFO DRT-0036] metal2 guide region query size = 40071.
[INFO DRT-0036] via2 guide region query size = 0.
[INFO DRT-0036] metal3 guide region query size = 19812.
[INFO DRT-0036] via3 guide region query size = 0.
[INFO DRT-0036] metal4 guide region query size = 6164.
[INFO DRT-0036] via4 guide region query size = 0.
[INFO DRT-0036] metal5 guide region query size = 7112.
[INFO DRT-0036] via5 guide region query size = 0.
[INFO DRT-0036] metal6 guide region query size = 7407.
[INFO DRT-0036] via6 guide region query size = 0.
[INFO DRT-0036] metal7 guide region query size = 6436.
[INFO DRT-0036] via7 guide region query size = 0.
[INFO DRT-0036] metal8 guide region query size = 6419.
[INFO DRT-0036] via8 guide region query size = 0.
[INFO DRT-0036] metal9 guide region query size = 6425.
[INFO DRT-0036] via9 guide region query size = 0.
[INFO DRT-0036] metal10 guide region query size = 6440.
[INFO DRT-0036] hb_layer guide region query size = 0.
[INFO DRT-0036] metal11 guide region query size = 6451.
[INFO DRT-0036] via11 guide region query size = 0.
[INFO DRT-0036] metal12 guide region query size = 6455.
[INFO DRT-0036] via12 guide region query size = 0.
[INFO DRT-0036] metal13 guide region query size = 6554.
[INFO DRT-0036] via13 guide region query size = 0.
[INFO DRT-0036] metal14 guide region query size = 6646.
[INFO DRT-0036] via14 guide region query size = 0.
[INFO DRT-0036] metal15 guide region query size = 7196.
[INFO DRT-0036] via15 guide region query size = 0.
[INFO DRT-0036] metal16 guide region query size = 7727.
[INFO DRT-0036] via16 guide region query size = 0.
[INFO DRT-0036] metal17 guide region query size = 10969.
[INFO DRT-0036] via17 guide region query size = 0.
[INFO DRT-0036] metal18 guide region query size = 20642.
[INFO DRT-0036] via18 guide region query size = 0.
[INFO DRT-0036] metal19 guide region query size = 94462.
[INFO DRT-0036] via19 guide region query size = 0.
[INFO DRT-0036] metal20 guide region query size = 21306.
[INFO DRT-0179] Init gr pin query.
[INFO DRT-0267] cpu time = 00:00:43, elapsed time = 00:00:27, memory = 671.66 (MB), peak = 671.66 (MB)
[INFO DRT-0245] skipped writing guide updates to database.
[INFO DRT-0185] Post process initialize RPin region query.
[INFO DRT-0181] Start track assignment.
[INFO DRT-0184] Done with 129277 vertical wires in 6 frboxes and 217731 horizontal wires in 5 frboxes.
[INFO DRT-0186] Done with 38577 vertical wires in 6 frboxes and 78702 horizontal wires in 5 frboxes.
[INFO DRT-0182] Complete track assignment.
[INFO DRT-0267] cpu time = 00:00:47, elapsed time = 00:00:13, memory = 1805.39 (MB), peak = 1805.39 (MB)
[INFO DRT-0187] Start routing data preparation.
[INFO DRT-0267] cpu time = 00:00:00, elapsed time = 00:00:00, memory = 1957.33 (MB), peak = 1957.33 (MB)
[INFO DRT-0194] Start detail routing.
[INFO DRT-0195] Start 0th optimization iteration.
    Completing 10% with 0 violations.
    elapsed time = 00:00:23, memory = 6908.16 (MB).
    Completing 20% with 0 violations.
    elapsed time = 00:00:31, memory = 6920.60 (MB).
    Completing 30% with 34633 violations.
    elapsed time = 00:01:01, memory = 8586.00 (MB).
    Completing 40% with 34633 violations.
    elapsed time = 00:01:15, memory = 8846.04 (MB).
    Completing 50% with 34633 violations.
    elapsed time = 00:01:30, memory = 7793.29 (MB).
    Completing 60% with 64868 violations.
    elapsed time = 00:02:25, memory = 9977.11 (MB).
    Completing 70% with 64868 violations.
    elapsed time = 00:02:32, memory = 9469.88 (MB).
    Completing 80% with 93344 violations.
    elapsed time = 00:03:10, memory = 11191.51 (MB).
    Completing 90% with 93344 violations.
    elapsed time = 00:03:25, memory = 10821.48 (MB).
    Completing 100% with 119406 violations.
    elapsed time = 00:04:04, memory = 8172.79 (MB).
[INFO DRT-0199]   Number of violations = 134921.
Viol/Layer      metal1   via1 metal2   via2 metal3 metal4   via4 metal5   via5 metal6 metal7   via7 metal8   via8 metal9   via9 me..10 me..11  via11 me..12  via12 me..13  via13 me..14  via14 me..15  via15 me..16  via16 me..17  via17 me..18  via18 me..19  via19 me..20
Cut Spacing          0      4      0      5      0      0     22      0     13      0      0     10      0     10      0    803      0      0    522      0      3      0     12      0    276      0    105      0    142      0      1      0    115      0    131      0
Metal Spacing      244      0    241      0     42      0      0      1      0     10      7      0      1      0     12      0    966    351      0    122      0    436      0   1326      0    411      0    253      0     72      0   1557      0  26481      0   1095
NS Metal             0      0      0      0      0      0      0      0      0      0      0      0      0      0      0      0      5      0      0      0      0      0      0      0      0      0      0      0      0      0      0     26      0     30      0      2
Recheck            131      0   1542      0    849    322      0    285      0    463    476      0    282      0    305      0    275    287      0    441      0    650      0    807      0   1001      0    584      0    578      0   1548      0   3119      0   1570
Short              258      3   3223      1    390     22      1     56      0    128     42      0     14      0     35      1     90     85      3     84      4   1570      7   3565    235   2591     11   1432      4    184      2   3343     55  52523    180  13399
[INFO DRT-0267] cpu time = 04:10:06, elapsed time = 00:04:39, memory = 8522.16 (MB), peak = 11501.57 (MB)
Total wire length = 2528236 um.
Total wire length on LAYER metal1 = 1036 um.
Total wire length on LAYER metal2 = 175981 um.
Total wire length on LAYER metal3 = 228943 um.
Total wire length on LAYER metal4 = 118407 um.
Total wire length on LAYER metal5 = 282466 um.
Total wire length on LAYER metal6 = 232873 um.
Total wire length on LAYER metal7 = 66286 um.
Total wire length on LAYER metal8 = 34323 um.
Total wire length on LAYER metal9 = 24431 um.
Total wire length on LAYER metal10 = 12452 um.
Total wire length on LAYER metal11 = 13822 um.
Total wire length on LAYER metal12 = 25292 um.
Total wire length on LAYER metal13 = 50203 um.
Total wire length on LAYER metal14 = 76282 um.
Total wire length on LAYER metal15 = 209127 um.
Total wire length on LAYER metal16 = 144628 um.
Total wire length on LAYER metal17 = 239080 um.
Total wire length on LAYER metal18 = 240767 um.
Total wire length on LAYER metal19 = 127453 um.
Total wire length on LAYER metal20 = 224373 um.
Total number of vias = 478608.
Up-via summary (total 478608):

------------------
  active         0
  metal1     59824
  metal2     60549
  metal3      6028
  metal4      5386
  metal5      6225
  metal6      5589
  metal7      5556
  metal8      5552
  metal9      5526
 metal10      2278
 metal11      5573
 metal12      5722
 metal13      5965
 metal14      6651
 metal15      8297
 metal16      7895
 metal17     60260
 metal18     66216
 metal19    149516
------------------
            478608


[INFO DRT-0195] Start 1st optimization iteration.
    Completing 10% with 134921 violations.
    elapsed time = 00:00:14, memory = 13398.98 (MB).
    Completing 20% with 134921 violations.
    elapsed time = 00:00:18, memory = 11944.90 (MB).
    Completing 30% with 105740 violations.
    elapsed time = 00:00:39, memory = 13179.95 (MB).
    Completing 40% with 105740 violations.
    elapsed time = 00:00:49, memory = 12962.30 (MB).
    Completing 50% with 105740 violations.
    elapsed time = 00:00:57, memory = 9633.20 (MB).
    Completing 60% with 78019 violations.
    elapsed time = 00:01:26, memory = 13807.60 (MB).
    Completing 70% with 78019 violations.
    elapsed time = 00:01:31, memory = 12679.16 (MB).
    Completing 80% with 52509 violations.
    elapsed time = 00:02:00, memory = 13483.98 (MB).
    Completing 90% with 52509 violations.
    elapsed time = 00:02:10, memory = 13109.74 (MB).
    Completing 100% with 27968 violations.
    elapsed time = 00:02:35, memory = 8771.73 (MB).
[INFO DRT-0199]   Number of violations = 27977.
Viol/Layer      metal1   via1 metal2   via2 metal3   via4 metal5   via5 metal6   via7   via8 metal9   via9 me..10 me..11  via11 me..12  via12 me..13  via13 me..14  via14 me..15  via15 me..16  via16 me..17  via17 me..18  via18 me..19  via19 me..20
Cut Spacing          0      2      0      3      0      7      0      4      0      7      1      0    316      0      0    237      0      2      0     11      0      0      0      1      0     35      0      0      0      9      0     11      0
Metal Spacing       11      0    203      0     29      0      0      0      0      0      0     12      0    742    101      0     63      0    185      0    172      0     73      0     83      0     21      0    505      0   5786      0    841
NS Metal             0      0      0      0      0      0      0      0      0      0      0      0      0      4      0      0      3      0      0      0      2      0      0      0      0      0      0      0      1      0     13      0      1
Recheck              0      0      3      0      1      0      0      0      0      0      0      0      0      0      0      0      0      0      0      0      0      0      0      0      0      0      0      0      5      0     10      0      1
Short                2      0   1028      0    159      0     13      0      8      0      0     20      0      6     72      1     23      0    222      8     23      2     95      0    116      0     55      1    563      0   8605      0   7438
[INFO DRT-0267] cpu time = 02:30:58, elapsed time = 00:03:03, memory = 8676.28 (MB), peak = 14184.28 (MB)
Total wire length = 2517905 um.
Total wire length on LAYER metal1 = 831 um.
Total wire length on LAYER metal2 = 174390 um.
Total wire length on LAYER metal3 = 228282 um.
Total wire length on LAYER metal4 = 118477 um.
Total wire length on LAYER metal5 = 282528 um.
Total wire length on LAYER metal6 = 232829 um.
Total wire length on LAYER metal7 = 66590 um.
Total wire length on LAYER metal8 = 34446 um.
Total wire length on LAYER metal9 = 24657 um.
Total wire length on LAYER metal10 = 13018 um.
Total wire length on LAYER metal11 = 13419 um.
Total wire length on LAYER metal12 = 24749 um.
Total wire length on LAYER metal13 = 49442 um.
Total wire length on LAYER metal14 = 75778 um.
Total wire length on LAYER metal15 = 209509 um.
Total wire length on LAYER metal16 = 144837 um.
Total wire length on LAYER metal17 = 252615 um.
Total wire length on LAYER metal18 = 240251 um.
Total wire length on LAYER metal19 = 110883 um.
Total wire length on LAYER metal20 = 220366 um.
Total number of vias = 463996.
Up-via summary (total 463996):

------------------
  active         0
  metal1     59402
  metal2     59517
  metal3      6041
  metal4      5376
  metal5      6328
  metal6      5552
  metal7      5538
  metal8      5538
  metal9      5482
 metal10      2243
 metal11      5527
 metal12      5704
 metal13      5982
 metal14      6412
 metal15      8973
 metal16      8297
 metal17     57748
 metal18     59550
 metal19    144786
------------------
            463996


[INFO DRT-0195] Start 2nd optimization iteration.
    Completing 10% with 27977 violations.
    elapsed time = 00:00:11, memory = 13845.14 (MB).
    Completing 20% with 27977 violations.
    elapsed time = 00:00:15, memory = 12610.84 (MB).
    Completing 30% with 27157 violations.
    elapsed time = 00:00:36, memory = 14004.61 (MB).
    Completing 40% with 27157 violations.
    elapsed time = 00:00:47, memory = 13251.27 (MB).
    Completing 50% with 27157 violations.
    elapsed time = 00:01:01, memory = 8740.48 (MB).
    Completing 60% with 26513 violations.
    elapsed time = 00:01:15, memory = 13905.02 (MB).
    Completing 70% with 26513 violations.
    elapsed time = 00:01:20, memory = 12382.31 (MB).
    Completing 80% with 25632 violations.
    elapsed time = 00:01:43, memory = 14200.09 (MB).
    Completing 90% with 25632 violations.
    elapsed time = 00:01:53, memory = 13806.20 (MB).
    Completing 100% with 24957 violations.
    elapsed time = 00:02:16, memory = 8798.21 (MB).
[INFO DRT-0199]   Number of violations = 24961.
Viol/Layer      metal1 metal2   via2 metal3 metal4   via4 metal5   via5 metal6 metal7   via7 metal8 metal9   via9 me..10 me..11  via11 me..12 me..13  via13 me..14  via14 me..15 me..16  via16 me..17 me..18  via18 me..19  via19 me..20
Cut Spacing          0      0      5      0      0     15      0      3      0      0      2      0      0    230      0      0    184      0      0      1      0      0      0      0     41      0      0      9      0      8      0
Metal Spacing        3    172      0     28      0      0      0      0      0      1      0      1     10      0    690     67      0     62     81      0    113      0     54     82      0     16    528      0   5528      0    823
NS Metal             0      0      0      0      0      0      0      0      0      0      0      0      0      0      2      1      0      1      0      0      0      0      0      0      0      0      4      0     12      0      2
Recheck              0      3      0      1      0      0      0      0      0      0      0      0      4      0      0      0      0      0      0      0      0      0      0      0      0      0      0      0      0      0      0
Short                7    912      0    169      6      0     10      0      9      0      0      0      5      1      3      7      1     21     33      0      4      1     85     84      0     30    473      0   7758      0   6555
[INFO DRT-0267] cpu time = 02:15:49, elapsed time = 00:02:43, memory = 8798.21 (MB), peak = 14758.97 (MB)
Total wire length = 2514018 um.
Total wire length on LAYER metal1 = 754 um.
Total wire length on LAYER metal2 = 174071 um.
Total wire length on LAYER metal3 = 228139 um.
Total wire length on LAYER metal4 = 118529 um.
Total wire length on LAYER metal5 = 282621 um.
Total wire length on LAYER metal6 = 232883 um.
Total wire length on LAYER metal7 = 66639 um.
Total wire length on LAYER metal8 = 34306 um.
Total wire length on LAYER metal9 = 24446 um.
Total wire length on LAYER metal10 = 12951 um.
Total wire length on LAYER metal11 = 13169 um.
Total wire length on LAYER metal12 = 24404 um.
Total wire length on LAYER metal13 = 49040 um.
Total wire length on LAYER metal14 = 75585 um.
Total wire length on LAYER metal15 = 209734 um.
Total wire length on LAYER metal16 = 144725 um.
Total wire length on LAYER metal17 = 253369 um.
Total wire length on LAYER metal18 = 239995 um.
Total wire length on LAYER metal19 = 108823 um.
Total wire length on LAYER metal20 = 219823 um.
Total number of vias = 459561.
Up-via summary (total 459561):

------------------
  active         0
  metal1     59285
  metal2     59205
  metal3      6033
  metal4      5365
  metal5      6313
  metal6      5532
  metal7      5521
  metal8      5508
  metal9      5453
 metal10      2216
 metal11      5498
 metal12      5637
 metal13      5883
 metal14      6366
 metal15      8895
 metal16      8261
 metal17     56334
 metal18     58501
 metal19    143755
------------------
            459561


[INFO DRT-0195] Start 3rd optimization iteration.
    Completing 10% with 24961 violations.
    elapsed time = 00:00:04, memory = 13922.61 (MB).
    Completing 20% with 24961 violations.
    elapsed time = 00:00:05, memory = 12888.19 (MB).
    Completing 30% with 19306 violations.
    elapsed time = 00:00:28, memory = 13792.03 (MB).
    Completing 40% with 19306 violations.
    elapsed time = 00:00:31, memory = 13414.24 (MB).
    Completing 50% with 19306 violations.
    elapsed time = 00:00:35, memory = 9658.89 (MB).
    Completing 60% with 13687 violations.
    elapsed time = 00:00:54, memory = 14022.15 (MB).
    Completing 70% with 13687 violations.
    elapsed time = 00:00:56, memory = 12687.18 (MB).
    Completing 80% with 8414 violations.
    elapsed time = 00:01:10, memory = 13976.76 (MB).
    Completing 90% with 8414 violations.
    elapsed time = 00:01:13, memory = 13547.99 (MB).
    Completing 100% with 2736 violations.
    elapsed time = 00:01:29, memory = 8778.42 (MB).
[INFO DRT-0199]   Number of violations = 2740.
Viol/Layer      metal2   via2 metal3   via4 metal9   via9 me..10 me..11  via11 me..12 me..13 me..14 me..15 me..16  via16 me..18  via18 me..19  via19 me..20
Cut Spacing          0      0      0      2      0     17      0      0      5      0      0      0      0      0      1      0      1      0      2      0
Metal Spacing       19      0      2      0      7      0     73      5      0      8      4      2      5      5      0     46      0    696      0    208
NS Metal             0      0      0      0      0      0      0      0      0      0      0      0      0      0      0      0      0      5      0      0
Recheck              0      0      0      0      0      0      0      0      0      0      0      0      0      0      0      0      0      4      0      0
Short               19      1      8      0      3      0      1      1      0      3      2      0      9      3      0     15      0    571      0    987
[INFO DRT-0267] cpu time = 00:52:02, elapsed time = 00:01:56, memory = 8778.42 (MB), peak = 14758.97 (MB)
Total wire length = 2517298 um.
Total wire length on LAYER metal1 = 726 um.
Total wire length on LAYER metal2 = 171985 um.
Total wire length on LAYER metal3 = 228137 um.
Total wire length on LAYER metal4 = 120234 um.
Total wire length on LAYER metal5 = 283112 um.
Total wire length on LAYER metal6 = 234238 um.
Total wire length on LAYER metal7 = 67185 um.
Total wire length on LAYER metal8 = 34163 um.
Total wire length on LAYER metal9 = 23750 um.
Total wire length on LAYER metal10 = 12663 um.
Total wire length on LAYER metal11 = 13339 um.
Total wire length on LAYER metal12 = 24311 um.
Total wire length on LAYER metal13 = 48889 um.
Total wire length on LAYER metal14 = 75070 um.
Total wire length on LAYER metal15 = 209486 um.
Total wire length on LAYER metal16 = 145162 um.
Total wire length on LAYER metal17 = 264143 um.
Total wire length on LAYER metal18 = 246673 um.
Total wire length on LAYER metal19 = 100528 um.
Total wire length on LAYER metal20 = 213494 um.
Total number of vias = 477415.
Up-via summary (total 477415):

------------------
  active         0
  metal1     59234
  metal2     59463
  metal3      6561
  metal4      5400
  metal5      6325
  metal6      5530
  metal7      5524
  metal8      5511
  metal9      5447
 metal10      2224
 metal11      5501
 metal12      5626
 metal13      5893
 metal14      6329
 metal15      9070
 metal16      8616
 metal17     62343
 metal18     63891
 metal19    148927
------------------
            477415


[INFO DRT-0195] Start 4th optimization iteration.
    Completing 10% with 2740 violations.
    elapsed time = 00:00:00, memory = 8778.42 (MB).
    Completing 20% with 2740 violations.
    elapsed time = 00:00:00, memory = 8778.42 (MB).
    Completing 30% with 2318 violations.
    elapsed time = 00:00:05, memory = 8779.99 (MB).
    Completing 40% with 2318 violations.
    elapsed time = 00:00:05, memory = 8779.99 (MB).
    Completing 50% with 2318 violations.
    elapsed time = 00:00:08, memory = 9882.48 (MB).
    Completing 60% with 1677 violations.
    elapsed time = 00:00:20, memory = 8785.76 (MB).
    Completing 70% with 1677 violations.
    elapsed time = 00:00:20, memory = 13285.39 (MB).
    Completing 80% with 1015 violations.
    elapsed time = 00:00:26, memory = 8785.55 (MB).
    Completing 90% with 1015 violations.
    elapsed time = 00:00:26, memory = 8785.55 (MB).
    Completing 100% with 494 violations.
    elapsed time = 00:00:36, memory = 8781.25 (MB).
[INFO DRT-0199]   Number of violations = 494.
Viol/Layer      metal2 metal3   via9 me..10 me..11  via11 me..12  via16 me..18 me..19 me..20
Cut Spacing          0      0      2      0      0      2      0      1      0      0      0
Metal Spacing        2      1      0     10      5      0      1      0      7    190     54
Short                2      2      0      1      1      0      0      0      6     82    125
[INFO DRT-0267] cpu time = 00:14:33, elapsed time = 00:01:02, memory = 8781.25 (MB), peak = 14758.97 (MB)
Total wire length = 2517436 um.
Total wire length on LAYER metal1 = 728 um.
Total wire length on LAYER metal2 = 171922 um.
Total wire length on LAYER metal3 = 228121 um.
Total wire length on LAYER metal4 = 120280 um.
Total wire length on LAYER metal5 = 283133 um.
Total wire length on LAYER metal6 = 234280 um.
Total wire length on LAYER metal7 = 67205 um.
Total wire length on LAYER metal8 = 34163 um.
Total wire length on LAYER metal9 = 23706 um.
Total wire length on LAYER metal10 = 12642 um.
Total wire length on LAYER metal11 = 13362 um.
Total wire length on LAYER metal12 = 24307 um.
Total wire length on LAYER metal13 = 48878 um.
Total wire length on LAYER metal14 = 75056 um.
Total wire length on LAYER metal15 = 209529 um.
Total wire length on LAYER metal16 = 145356 um.
Total wire length on LAYER metal17 = 264664 um.
Total wire length on LAYER metal18 = 247206 um.
Total wire length on LAYER metal19 = 100085 um.
Total wire length on LAYER metal20 = 212803 um.
Total number of vias = 478279.
Up-via summary (total 478279):

------------------
  active         0
  metal1     59234
  metal2     59467
  metal3      6575
  metal4      5408
  metal5      6328
  metal6      5529
  metal7      5525
  metal8      5516
  metal9      5446
 metal10      2223
 metal11      5502
 metal12      5625
 metal13      5892
 metal14      6331
 metal15      9105
 metal16      8659
 metal17     62611
 metal18     64129
 metal19    149174
------------------
            478279


[INFO DRT-0195] Start 5th optimization iteration.
    Completing 10% with 494 violations.
    elapsed time = 00:00:00, memory = 8781.25 (MB).
    Completing 20% with 494 violations.
    elapsed time = 00:00:00, memory = 8781.25 (MB).
    Completing 30% with 412 violations.
    elapsed time = 00:00:06, memory = 8785.54 (MB).
    Completing 40% with 412 violations.
    elapsed time = 00:00:06, memory = 8785.54 (MB).
    Completing 50% with 412 violations.
    elapsed time = 00:00:07, memory = 9834.79 (MB).
    Completing 60% with 329 violations.
    elapsed time = 00:00:10, memory = 8785.31 (MB).
    Completing 70% with 329 violations.
    elapsed time = 00:00:10, memory = 8785.31 (MB).
    Completing 80% with 259 violations.
    elapsed time = 00:00:13, memory = 8791.38 (MB).
    Completing 90% with 259 violations.
    elapsed time = 00:00:13, memory = 8791.38 (MB).
    Completing 100% with 199 violations.
    elapsed time = 00:00:28, memory = 8793.08 (MB).
[INFO DRT-0199]   Number of violations = 199.
Viol/Layer      me..10 me..11 me..18 me..19 me..20
Metal Spacing        1      5      1    126     16
Short                0      1      0     32     17
[INFO DRT-0267] cpu time = 00:04:45, elapsed time = 00:00:55, memory = 8793.08 (MB), peak = 14758.97 (MB)
Total wire length = 2517476 um.
Total wire length on LAYER metal1 = 729 um.
Total wire length on LAYER metal2 = 171916 um.
Total wire length on LAYER metal3 = 228121 um.
Total wire length on LAYER metal4 = 120280 um.
Total wire length on LAYER metal5 = 283148 um.
Total wire length on LAYER metal6 = 234282 um.
Total wire length on LAYER metal7 = 67197 um.
Total wire length on LAYER metal8 = 34163 um.
Total wire length on LAYER metal9 = 23702 um.
Total wire length on LAYER metal10 = 12646 um.
Total wire length on LAYER metal11 = 13372 um.
Total wire length on LAYER metal12 = 24301 um.
Total wire length on LAYER metal13 = 48882 um.
Total wire length on LAYER metal14 = 75063 um.
Total wire length on LAYER metal15 = 209540 um.
Total wire length on LAYER metal16 = 145393 um.
Total wire length on LAYER metal17 = 264727 um.
Total wire length on LAYER metal18 = 247227 um.
Total wire length on LAYER metal19 = 100025 um.
Total wire length on LAYER metal20 = 212753 um.
Total number of vias = 478385.
Up-via summary (total 478385):

------------------
  active         0
  metal1     59238
  metal2     59468
  metal3      6574
  metal4      5408
  metal5      6330
  metal6      5529
  metal7      5525
  metal8      5516
  metal9      5446
 metal10      2227
 metal11      5504
 metal12      5625
 metal13      5892
 metal14      6331
 metal15      9106
 metal16      8665
 metal17     62649
 metal18     64174
 metal19    149178
------------------
            478385


[INFO DRT-0198] Complete detail routing.
Total wire length = 2517476 um.
Total wire length on LAYER metal1 = 729 um.
Total wire length on LAYER metal2 = 171916 um.
Total wire length on LAYER metal3 = 228121 um.
Total wire length on LAYER metal4 = 120280 um.
Total wire length on LAYER metal5 = 283148 um.
Total wire length on LAYER metal6 = 234282 um.
Total wire length on LAYER metal7 = 67197 um.
Total wire length on LAYER metal8 = 34163 um.
Total wire length on LAYER metal9 = 23702 um.
Total wire length on LAYER metal10 = 12646 um.
Total wire length on LAYER metal11 = 13372 um.
Total wire length on LAYER metal12 = 24301 um.
Total wire length on LAYER metal13 = 48882 um.
Total wire length on LAYER metal14 = 75063 um.
Total wire length on LAYER metal15 = 209540 um.
Total wire length on LAYER metal16 = 145393 um.
Total wire length on LAYER metal17 = 264727 um.
Total wire length on LAYER metal18 = 247227 um.
Total wire length on LAYER metal19 = 100025 um.
Total wire length on LAYER metal20 = 212753 um.
Total number of vias = 478385.
Up-via summary (total 478385):

------------------
  active         0
  metal1     59238
  metal2     59468
  metal3      6574
  metal4      5408
  metal5      6330
  metal6      5529
  metal7      5525
  metal8      5516
  metal9      5446
 metal10      2227
 metal11      5504
 metal12      5625
 metal13      5892
 metal14      6331
 metal15      9106
 metal16      8665
 metal17     62649
 metal18     64174
 metal19    149178
------------------
            478385


[INFO DRT-0267] cpu time = 10:08:15, elapsed time = 00:14:22, memory = 8793.08 (MB), peak = 14758.97 (MB)

[INFO DRT-0180] Post processing.
Elapsed time: 17:08.33[h:]min:sec. CPU time: user 48320.94 sys 204.38 (4718%). Peak memory: 15113188KB.
