OpenROAD v2.0-17198-g8396d0866 
Features included (+) or not (-): +Charts +GPU +GUI +Python : None
This program is licensed under the BSD-3 license. See the LICENSE file for details.
Components of this program may be licensed under more restrictive licenses which must be honored.
[WARNING STA-0366] port 'icache_id_i[0]' not found.
[WARNING STA-0101] object 'rst_ni' not found.
[WARNING STA-0472] no valid objects specified for -through
[WARNING STA-0101] object 'reset_l' not found.
[WARNING STA-0472] no valid objects specified for -through
[WARNING STA-0101] object 'p_clk_async_reset_i' not found.
[WARNING STA-0472] no valid objects specified for -through
[WARNING ODB-0378] Global connections are not set up.
[INFO] Deleted 0 routing obstructions
[INFO RCX-0431] Defined process_corner X with ext_model_index 0
[INFO RCX-0029] Defined extraction corner X
[INFO RCX-0435] Reading extraction model file /workspace/OpenROAD-3D/flow/platforms/nangate45_3D/nangate45_3D.rules ...
[INFO RCX-0436] RC segment generation bp_fe_top (max_merge_res 50.0) ...
[WARNING RCX-0111] Net 260 cce_lce_cmd_i[20] has a loop at x=204630 y=437980 , on iterm input121/A.
[WARNING RCX-0111] Net 260 cce_lce_cmd_i[20] has a loop at x=204630 y=437920 , on iterm input121/A.
[WARNING RCX-0111] Net 296 cce_lce_data_cmd_i[109] has a loop at x=444030 y=284130 , on iterm input155/A.
[WARNING RCX-0111] Net 327 cce_lce_data_cmd_i[137] has a loop at x=430030 y=379200 , on iterm input186/A.
[WARNING RCX-0111] Net 327 cce_lce_data_cmd_i[137] has a loop at x=430030 y=379260 , on iterm input186/A.
[WARNING RCX-0111] Net 413 cce_lce_data_cmd_i[214] has a loop at x=800470 y=535920 , on iterm input272/A.
[WARNING RCX-0111] Net 450 cce_lce_data_cmd_i[248] has a loop at x=461890 y=575190 , on iterm input309/A.
[WARNING RCX-0111] Net 450 cce_lce_data_cmd_i[248] has a loop at x=461890 y=575120 , on iterm input309/A.
[WARNING RCX-0111] Net 456 cce_lce_data_cmd_i[253] has a loop at x=380190 y=370720 , on iterm input315/A.
[WARNING RCX-0111] Net 507 cce_lce_data_cmd_i[29] has a loop at x=466070 y=297990 , on iterm input366/A.
[WARNING RCX-0111] Net 507 cce_lce_data_cmd_i[29] has a loop at x=466070 y=297920 , on iterm input366/A.
[WARNING RCX-0111] Net 535 cce_lce_data_cmd_i[324] has a loop at x=346750 y=530390 , on iterm input394/A.
[WARNING RCX-0111] Net 535 cce_lce_data_cmd_i[324] has a loop at x=346750 y=530320 , on iterm input394/A.
[WARNING RCX-0111] Net 611 cce_lce_data_cmd_i[393] has a loop at x=431870 y=395920 , on iterm input470/A.
[WARNING RCX-0111] Net 695 cce_lce_data_cmd_i[469] has a loop at x=406790 y=552720 , on iterm input554/A.
[WARNING RCX-0111] Net 702 cce_lce_data_cmd_i[475] has a loop at x=366890 y=600320 , on iterm input561/A.
[WARNING RCX-0111] Net 1433 lce_lce_tr_resp_i[103] has a loop at x=811170 y=522030 , on iterm input675/A.
[WARNING RCX-0111] Net 1433 lce_lce_tr_resp_i[103] has a loop at x=811170 y=522060 , on iterm input675/A.
[WARNING RCX-0111] Net 1443 lce_lce_tr_resp_i[112] has a loop at x=334210 y=474320 , on iterm input685/A.
[WARNING RCX-0111] Net 1464 lce_lce_tr_resp_i[131] has a loop at x=366190 y=446430 , on iterm input706/A.
[WARNING RCX-0111] Net 1464 lce_lce_tr_resp_i[131] has a loop at x=366190 y=446460 , on iterm input706/A.
[WARNING RCX-0111] Net 1487 lce_lce_tr_resp_i[152] has a loop at x=745750 y=527520 , on iterm input729/A.
[WARNING RCX-0111] Net 1531 lce_lce_tr_resp_i[192] has a loop at x=303810 y=303520 , on iterm input773/A.
[WARNING RCX-0111] Net 1538 lce_lce_tr_resp_i[199] has a loop at x=410970 y=432320 , on iterm input780/A.
[WARNING RCX-0111] Net 1619 lce_lce_tr_resp_i[271] has a loop at x=298490 y=432320 , on iterm input861/A.
[WARNING RCX-0111] Net 1671 lce_lce_tr_resp_i[318] has a loop at x=345610 y=622720 , on iterm input913/A.
[WARNING RCX-0111] Net 1695 lce_lce_tr_resp_i[33] has a loop at x=345670 y=516430 , on iterm input937/A.
[WARNING RCX-0111] Net 1695 lce_lce_tr_resp_i[33] has a loop at x=345670 y=516460 , on iterm input937/A.
[WARNING RCX-0111] Net 1849 lce_lce_tr_resp_i[479] has a loop at x=323950 y=421190 , on iterm input1091/A.
[WARNING RCX-0111] Net 1849 lce_lce_tr_resp_i[479] has a loop at x=323950 y=421120 , on iterm input1091/A.
[WARNING RCX-0111] Net 1861 lce_lce_tr_resp_i[48] has a loop at x=451250 y=678720 , on iterm input1103/A.
[WARNING RCX-0111] Net 1928 lce_lce_tr_resp_i[64] has a loop at x=334270 y=306430 , on iterm input1152/A.
[WARNING RCX-0111] Net 1928 lce_lce_tr_resp_i[64] has a loop at x=334270 y=306460 , on iterm input1152/A.
[WARNING RCX-0111] Net 1939 lce_lce_tr_resp_i[74] has a loop at x=307990 y=449120 , on iterm input1163/A.
[WARNING RCX-0111] Net 1967 lce_lce_tr_resp_i[9] has a loop at x=333070 y=423920 , on iterm input1191/A.
[INFO RCX-0040] Final 161182 rc segments
[INFO RCX-0439] Coupling Cap extraction bp_fe_top ...
[INFO RCX-0440] Coupling threshhold is 0.1000 fF, coupling capacitance less than 0.1000 fF will be grounded.
[INFO RCX-0442] 17% of 415277 wires extracted
[INFO RCX-0442] 49% of 415277 wires extracted
[INFO RCX-0442] 59% of 415277 wires extracted
[INFO RCX-0442] 96% of 415277 wires extracted
[INFO RCX-0442] 100% of 415277 wires extracted
[INFO RCX-0045] Extract 38776 nets, 194344 rsegs, 194344 caps, 420985 ccs
[INFO RCX-0443] 38778 nets finished
[WARNING STA-1650] ./results/nangate45_3D/bp_fe/HBT/6_final.spef line 73733, net bp_fe_pc_gen_1/_3284_ not found.
[WARNING STA-1650] ./results/nangate45_3D/bp_fe/HBT/6_final.spef line 73734, net bp_fe_pc_gen_1/_3290_ not found.
[WARNING STA-1650] ./results/nangate45_3D/bp_fe/HBT/6_final.spef line 73735, net bp_fe_pc_gen_1/_4109_ not found.
[WARNING STA-1650] ./results/nangate45_3D/bp_fe/HBT/6_final.spef line 73765, net icache_1/data_mem_write_data\[0\] not found.
[WARNING STA-1650] ./results/nangate45_3D/bp_fe/HBT/6_final.spef line 73788, net bp_fe_pc_gen_1/_3296_ not found.
[WARNING STA-1650] ./results/nangate45_3D/bp_fe/HBT/6_final.spef line 73789, net bp_fe_pc_gen_1/_3296_ not found.
[WARNING STA-1650] ./results/nangate45_3D/bp_fe/HBT/6_final.spef line 73790, net bp_fe_pc_gen_1/genblk1_branch_prediction_1/btb_1/btb_mem/macro_mem/mem not found.
[WARNING STA-1650] ./results/nangate45_3D/bp_fe/HBT/6_final.spef line 73791, net bp_fe_pc_gen_1/genblk1_branch_prediction_1/btb_1/btb_mem/macro_mem/mem not found.
[WARNING STA-1650] ./results/nangate45_3D/bp_fe/HBT/6_final.spef line 73792, net bp_fe_pc_gen_1/genblk1_branch_prediction_1/btb_1/btb_mem/macro_mem/mem not found.
[WARNING STA-1650] ./results/nangate45_3D/bp_fe/HBT/6_final.spef line 73798, net icache_1/_14245_ not found.
[WARNING STA-1650] ./results/nangate45_3D/bp_fe/HBT/6_final.spef line 73804, net icache_1/_14245_ not found.
[WARNING STA-1650] ./results/nangate45_3D/bp_fe/HBT/6_final.spef line 73836, net bp_fe_pc_gen_1/_3324_ not found.
[WARNING STA-1650] ./results/nangate45_3D/bp_fe/HBT/6_final.spef line 73841, net icache_1/data_mem_banks_0__data_mem_bank/macro_mem/mem not found.
[WARNING STA-1650] ./results/nangate45_3D/bp_fe/HBT/6_final.spef line 73847, net icache_1/data_mem_write_data\[22\] not found.
[WARNING STA-1650] ./results/nangate45_3D/bp_fe/HBT/6_final.spef line 73853, net icache_1/data_mem_write_data\[226\] not found.
[WARNING STA-1650] ./results/nangate45_3D/bp_fe/HBT/6_final.spef line 73882, net bp_fe_pc_gen_1/_3310_ not found.
[WARNING STA-1650] ./results/nangate45_3D/bp_fe/HBT/6_final.spef line 73883, net bp_fe_pc_gen_1/_3313_ not found.
[WARNING STA-1650] ./results/nangate45_3D/bp_fe/HBT/6_final.spef line 73884, net bp_fe_pc_gen_1/_3313_ not found.
[WARNING STA-1650] ./results/nangate45_3D/bp_fe/HBT/6_final.spef line 73885, net bp_fe_pc_gen_1/_3315_ not found.
[WARNING STA-1650] ./results/nangate45_3D/bp_fe/HBT/6_final.spef line 73886, net bp_fe_pc_gen_1/_3318_ not found.
[WARNING STA-1650] ./results/nangate45_3D/bp_fe/HBT/6_final.spef line 73887, net bp_fe_pc_gen_1/_3318_ not found.
[WARNING STA-1650] ./results/nangate45_3D/bp_fe/HBT/6_final.spef line 73888, net bp_fe_pc_gen_1/_3339_ not found.
[WARNING STA-1650] ./results/nangate45_3D/bp_fe/HBT/6_final.spef line 73889, net bp_fe_pc_gen_1/_3543_ not found.
[WARNING STA-1650] ./results/nangate45_3D/bp_fe/HBT/6_final.spef line 73890, net bp_fe_pc_gen_1/_3543_ not found.
[WARNING STA-1650] ./results/nangate45_3D/bp_fe/HBT/6_final.spef line 73891, net bp_fe_pc_gen_1/_3732_ not found.
[WARNING STA-1650] ./results/nangate45_3D/bp_fe/HBT/6_final.spef line 73892, net bp_fe_pc_gen_1/_4174_ not found.
[WARNING STA-1650] ./results/nangate45_3D/bp_fe/HBT/6_final.spef line 73893, net bp_fe_pc_gen_1/_4269_ not found.
[WARNING STA-1650] ./results/nangate45_3D/bp_fe/HBT/6_final.spef line 73898, net bp_fe_pc_gen_1/_1114_ not found.
[WARNING STA-1650] ./results/nangate45_3D/bp_fe/HBT/6_final.spef line 73899, net bp_fe_pc_gen_1/pc_redirect\[61\] not found.
[WARNING STA-1650] ./results/nangate45_3D/bp_fe/HBT/6_final.spef line 73913, net bp_fe_pc_gen_1/_3334_ not found.
[WARNING STA-1650] ./results/nangate45_3D/bp_fe/HBT/6_final.spef line 73914, net bp_fe_pc_gen_1/_3339_ not found.
[WARNING STA-1650] ./results/nangate45_3D/bp_fe/HBT/6_final.spef line 73915, net bp_fe_pc_gen_1/_3538_ not found.
[WARNING STA-1650] ./results/nangate45_3D/bp_fe/HBT/6_final.spef line 73916, net bp_fe_pc_gen_1/_3539_ not found.
[WARNING STA-1650] ./results/nangate45_3D/bp_fe/HBT/6_final.spef line 73917, net bp_fe_pc_gen_1/_3735_ not found.
[WARNING STA-1650] ./results/nangate45_3D/bp_fe/HBT/6_final.spef line 73918, net bp_fe_pc_gen_1/_3817_ not found.
[WARNING STA-1650] ./results/nangate45_3D/bp_fe/HBT/6_final.spef line 73919, net bp_fe_pc_gen_1/_4173_ not found.
[WARNING STA-1650] ./results/nangate45_3D/bp_fe/HBT/6_final.spef line 73920, net bp_fe_pc_gen_1/_4271_ not found.
[WARNING STA-1650] ./results/nangate45_3D/bp_fe/HBT/6_final.spef line 73921, net bp_fe_pc_gen_1/_4301_ not found.
[WARNING STA-1650] ./results/nangate45_3D/bp_fe/HBT/6_final.spef line 73922, net icache_1/_20525_ not found.
[WARNING STA-1650] ./results/nangate45_3D/bp_fe/HBT/6_final.spef line 73928, net bp_fe_pc_gen_1/last_pc\[58\] not found.
[WARNING STA-1650] ./results/nangate45_3D/bp_fe/HBT/6_final.spef line 73929, net bp_fe_pc_gen_1/pc_redirect\[63\] not found.
[WARNING STA-1650] ./results/nangate45_3D/bp_fe/HBT/6_final.spef line 73930, net bp_fe_pc_gen_1/pc_redirect\[63\] not found.
[WARNING STA-1650] ./results/nangate45_3D/bp_fe/HBT/6_final.spef line 73963, net icache_1/data_mem_write_data\[11\] not found.
[WARNING STA-1650] ./results/nangate45_3D/bp_fe/HBT/6_final.spef line 73964, net icache_1/data_mem_write_data\[13\] not found.
[WARNING STA-1650] ./results/nangate45_3D/bp_fe/HBT/6_final.spef line 73972, net icache_1/data_mem_write_data\[13\] not found.
[WARNING STA-1650] ./results/nangate45_3D/bp_fe/HBT/6_final.spef line 73978, net icache_1/data_mem_write_data\[13\] not found.
[WARNING STA-1650] ./results/nangate45_3D/bp_fe/HBT/6_final.spef line 73979, net icache_1/data_mem_write_data\[15\] not found.
[WARNING STA-1650] ./results/nangate45_3D/bp_fe/HBT/6_final.spef line 74021, net icache_1/data_mem_write_data\[2\] not found.
[WARNING STA-1650] ./results/nangate45_3D/bp_fe/HBT/6_final.spef line 74058, net icache_1/data_mem_write_data\[162\] not found.
[WARNING STA-1650] ./results/nangate45_3D/bp_fe/HBT/6_final.spef line 74059, net icache_1/_12852_ not found.
[WARNING STA-1650] ./results/nangate45_3D/bp_fe/HBT/6_final.spef line 74062, net icache_1/_12848_ not found.
[WARNING STA-1650] ./results/nangate45_3D/bp_fe/HBT/6_final.spef line 74063, net icache_1/_12852_ not found.
[WARNING STA-1650] ./results/nangate45_3D/bp_fe/HBT/6_final.spef line 74064, net icache_1/lce/_11387_ not found.
[WARNING STA-1650] ./results/nangate45_3D/bp_fe/HBT/6_final.spef line 74065, net icache_1/lce/_16447_ not found.
[WARNING STA-1650] ./results/nangate45_3D/bp_fe/HBT/6_final.spef line 74066, net icache_1/lce/_17418_ not found.
[WARNING STA-1650] ./results/nangate45_3D/bp_fe/HBT/6_final.spef line 74067, net icache_1/lce/_19742_ not found.
[WARNING STA-1650] ./results/nangate45_3D/bp_fe/HBT/6_final.spef line 74068, net icache_1/lce/_20255_ not found.
[WARNING STA-1650] ./results/nangate45_3D/bp_fe/HBT/6_final.spef line 74083, net bp_fe_pc_gen_1/_2360_ not found.
[WARNING STA-1650] ./results/nangate45_3D/bp_fe/HBT/6_final.spef line 74084, net icache_1/_13714_ not found.
[WARNING STA-1650] ./results/nangate45_3D/bp_fe/HBT/6_final.spef line 74085, net icache_1/_14088_ not found.
[WARNING STA-1650] ./results/nangate45_3D/bp_fe/HBT/6_final.spef line 74086, net icache_1/_14447_ not found.
[WARNING STA-1650] ./results/nangate45_3D/bp_fe/HBT/6_final.spef line 74087, net icache_1/_14809_ not found.
[WARNING STA-1650] ./results/nangate45_3D/bp_fe/HBT/6_final.spef line 74088, net icache_1/lce/_15869_ not found.
[WARNING STA-1650] ./results/nangate45_3D/bp_fe/HBT/6_final.spef line 74089, net icache_1/lce/_16483_ not found.
[WARNING STA-1650] ./results/nangate45_3D/bp_fe/HBT/6_final.spef line 74090, net icache_1/lce/_16485_ not found.
[WARNING STA-1650] ./results/nangate45_3D/bp_fe/HBT/6_final.spef line 74091, net icache_1/lce/_17122_ not found.
[WARNING STA-1650] ./results/nangate45_3D/bp_fe/HBT/6_final.spef line 74092, net icache_1/lce/_17701_ not found.
[WARNING STA-1650] ./results/nangate45_3D/bp_fe/HBT/6_final.spef line 74093, net icache_1/lce/_17702_ not found.
[WARNING STA-1650] ./results/nangate45_3D/bp_fe/HBT/6_final.spef line 74094, net icache_1/lce/_18911_ not found.
[WARNING STA-1650] ./results/nangate45_3D/bp_fe/HBT/6_final.spef line 74119, net icache_1/lce/_05388_ not found.
[WARNING STA-1650] ./results/nangate45_3D/bp_fe/HBT/6_final.spef line 74120, net icache_1/lce/lce_req.state_r\[0\] not found.
[WARNING STA-1650] ./results/nangate45_3D/bp_fe/HBT/6_final.spef line 74121, net bp_fe_pc_gen_1/_2861_ not found.
[WARNING STA-1650] ./results/nangate45_3D/bp_fe/HBT/6_final.spef line 74137, net bp_fe_pc_gen_1/_3064_ not found.
[WARNING STA-1650] ./results/nangate45_3D/bp_fe/HBT/6_final.spef line 74155, net bp_fe_pc_gen_1/btb_target\[62\] not found.
[WARNING STA-1650] ./results/nangate45_3D/bp_fe/HBT/6_final.spef line 74187, net icache_1/_20391_ not found.
[WARNING STA-1650] ./results/nangate45_3D/bp_fe/HBT/6_final.spef line 74193, net icache_1/_03618_ not found.
[WARNING STA-1650] ./results/nangate45_3D/bp_fe/HBT/6_final.spef line 74200, net icache_1/lce/_13806_ not found.
[WARNING STA-1650] ./results/nangate45_3D/bp_fe/HBT/6_final.spef line 74201, net icache_1/lce/_17852_ not found.
[WARNING STA-1650] ./results/nangate45_3D/bp_fe/HBT/6_final.spef line 74202, net icache_1/lce/_17917_ not found.
[WARNING STA-1650] ./results/nangate45_3D/bp_fe/HBT/6_final.spef line 74203, net icache_1/lce/_18626_ not found.
[WARNING STA-1650] ./results/nangate45_3D/bp_fe/HBT/6_final.spef line 74204, net icache_1/lce/_19013_ not found.
[WARNING STA-1650] ./results/nangate45_3D/bp_fe/HBT/6_final.spef line 74205, net icache_1/lce/_19041_ not found.
[WARNING STA-1650] ./results/nangate45_3D/bp_fe/HBT/6_final.spef line 74233, net bp_fe_pc_gen_1/genblk1_branch_prediction_1/btb_1/_2669_ not found.
[WARNING STA-1650] ./results/nangate45_3D/bp_fe/HBT/6_final.spef line 74234, net bp_fe_pc_gen_1/genblk1_branch_prediction_1/btb_1/_3282_ not found.
[WARNING STA-1650] ./results/nangate45_3D/bp_fe/HBT/6_final.spef line 74247, net icache_1/tag_mem.data_o\[34\] not found.
[WARNING STA-1650] ./results/nangate45_3D/bp_fe/HBT/6_final.spef line 74274, net bp_fe_pc_gen_1/_2371_ not found.
[WARNING STA-1650] ./results/nangate45_3D/bp_fe/HBT/6_final.spef line 74275, net bp_fe_pc_gen_1/_2372_ not found.
[WARNING STA-1650] ./results/nangate45_3D/bp_fe/HBT/6_final.spef line 74276, net bp_fe_pc_gen_1/_2638_ not found.
[WARNING STA-1650] ./results/nangate45_3D/bp_fe/HBT/6_final.spef line 74291, net icache_1/data_mem_write_data\[332\] not found.
[WARNING STA-1650] ./results/nangate45_3D/bp_fe/HBT/6_final.spef line 74358, net bp_fe_pc_gen_1/genblk1_branch_prediction_1/btb_1/_4096_ not found.
[WARNING STA-1650] ./results/nangate45_3D/bp_fe/HBT/6_final.spef line 74379, net bp_fe_pc_gen_1/_1458_ not found.
[WARNING STA-1650] ./results/nangate45_3D/bp_fe/HBT/6_final.spef line 74411, net bp_fe_pc_gen_1/genblk1_branch_prediction_1/btb_1/_3602_ not found.
[WARNING STA-1650] ./results/nangate45_3D/bp_fe/HBT/6_final.spef line 74415, net bp_fe_pc_gen_1/genblk1_branch_prediction_1/btb_1/_1484_ not found.
[WARNING STA-1650] ./results/nangate45_3D/bp_fe/HBT/6_final.spef line 74436, net bp_fe_pc_gen_1/genblk1_branch_prediction_1/btb_1/_4107_ not found.
[WARNING STA-1650] ./results/nangate45_3D/bp_fe/HBT/6_final.spef line 74437, net bp_fe_pc_gen_1/genblk1_branch_prediction_1/btb_1/_4107_ not found.
[WARNING STA-1650] ./results/nangate45_3D/bp_fe/HBT/6_final.spef line 74438, net bp_fe_pc_gen_1/genblk1_branch_prediction_1/btb_1/_4107_ not found.
[WARNING STA-1650] ./results/nangate45_3D/bp_fe/HBT/6_final.spef line 74439, net bp_fe_pc_gen_1/genblk1_branch_prediction_1/btb_1/_4766_ not found.
[WARNING STA-1650] ./results/nangate45_3D/bp_fe/HBT/6_final.spef line 74440, net bp_fe_pc_gen_1/genblk1_branch_prediction_1/btb_1/_4791_ not found.
[WARNING STA-1650] ./results/nangate45_3D/bp_fe/HBT/6_final.spef line 74444, net bp_fe_pc_gen_1/genblk1_branch_prediction_1/btb_1/_4082_ not found.
[WARNING STA-1650] ./results/nangate45_3D/bp_fe/HBT/6_final.spef line 74445, net bp_fe_pc_gen_1/genblk1_branch_prediction_1/btb_1/_4082_ not found.
[WARNING STA-1650] ./results/nangate45_3D/bp_fe/HBT/6_final.spef line 74477, net bp_fe_pc_gen_1/genblk1_branch_prediction_1/btb_1/_4082_ not found.
[WARNING STA-1650] ./results/nangate45_3D/bp_fe/HBT/6_final.spef line 74503, net bp_fe_pc_gen_1/genblk1_branch_prediction_1/btb_1/_4072_ not found.
[WARNING STA-1650] ./results/nangate45_3D/bp_fe/HBT/6_final.spef line 74510, net bp_fe_pc_gen_1/genblk1_branch_prediction_1/_0611_ not found.
[WARNING STA-1650] ./results/nangate45_3D/bp_fe/HBT/6_final.spef line 74517, net bp_fe_pc_gen_1/genblk1_branch_prediction_1/_0167_ not found.
[WARNING STA-1650] ./results/nangate45_3D/bp_fe/HBT/6_final.spef line 74518, net bp_fe_pc_gen_1/genblk1_branch_prediction_1/_0195_ not found.
[WARNING STA-1650] ./results/nangate45_3D/bp_fe/HBT/6_final.spef line 74519, net bp_fe_pc_gen_1/genblk1_branch_prediction_1/_0204_ not found.
[WARNING STA-1650] ./results/nangate45_3D/bp_fe/HBT/6_final.spef line 74520, net bp_fe_pc_gen_1/genblk1_branch_prediction_1/_0331_ not found.
[WARNING STA-1650] ./results/nangate45_3D/bp_fe/HBT/6_final.spef line 74521, net bp_fe_pc_gen_1/genblk1_branch_prediction_1/_0331_ not found.
[WARNING STA-1650] ./results/nangate45_3D/bp_fe/HBT/6_final.spef line 74523, net bp_fe_pc_gen_1/_2914_ not found.
[WARNING STA-1650] ./results/nangate45_3D/bp_fe/HBT/6_final.spef line 74529, net bp_fe_pc_gen_1/_2586_ not found.
[WARNING STA-1650] ./results/nangate45_3D/bp_fe/HBT/6_final.spef line 74530, net bp_fe_pc_gen_1/_2959_ not found.
[WARNING STA-1650] ./results/nangate45_3D/bp_fe/HBT/6_final.spef line 74537, net bp_fe_pc_gen_1/btb_target\[25\] not found.
[WARNING STA-1650] ./results/nangate45_3D/bp_fe/HBT/6_final.spef line 74560, net bp_fe_pc_gen_1/_4303_ not found.
[WARNING STA-1650] ./results/nangate45_3D/bp_fe/HBT/6_final.spef line 74599, net icache_1/_12618_ not found.
[WARNING STA-1650] ./results/nangate45_3D/bp_fe/HBT/6_final.spef line 74600, net icache_1/_14044_ not found.
[WARNING STA-1650] ./results/nangate45_3D/bp_fe/HBT/6_final.spef line 74601, net icache_1/_14044_ not found.
[WARNING STA-1650] ./results/nangate45_3D/bp_fe/HBT/6_final.spef line 74602, net icache_1/_14414_ not found.
[WARNING STA-1650] ./results/nangate45_3D/bp_fe/HBT/6_final.spef line 74603, net icache_1/lce/_10859_ not found.
[WARNING STA-1650] ./results/nangate45_3D/bp_fe/HBT/6_final.spef line 74604, net icache_1/lce/_11298_ not found.
[WARNING STA-1650] ./results/nangate45_3D/bp_fe/HBT/6_final.spef line 74605, net icache_1/lce/_13148_ not found.
[WARNING STA-1650] ./results/nangate45_3D/bp_fe/HBT/6_final.spef line 74606, net icache_1/lce/_15435_ not found.
[WARNING STA-1650] ./results/nangate45_3D/bp_fe/HBT/6_final.spef line 74607, net icache_1/lce/_16144_ not found.
[WARNING STA-1650] ./results/nangate45_3D/bp_fe/HBT/6_final.spef line 74608, net icache_1/lce/_16157_ not found.
[WARNING STA-1650] ./results/nangate45_3D/bp_fe/HBT/6_final.spef line 74609, net icache_1/lce/_16157_ not found.
[WARNING STA-1650] ./results/nangate45_3D/bp_fe/HBT/6_final.spef line 74610, net icache_1/lce/_16972_ not found.
[WARNING STA-1650] ./results/nangate45_3D/bp_fe/HBT/6_final.spef line 74611, net icache_1/lce/_16972_ not found.
[WARNING STA-1650] ./results/nangate45_3D/bp_fe/HBT/6_final.spef line 74612, net icache_1/lce/_17548_ not found.
[WARNING STA-1650] ./results/nangate45_3D/bp_fe/HBT/6_final.spef line 74613, net icache_1/lce/_17548_ not found.
[WARNING STA-1650] ./results/nangate45_3D/bp_fe/HBT/6_final.spef line 74614, net icache_1/lce/_20797_ not found.
[WARNING STA-1650] ./results/nangate45_3D/bp_fe/HBT/6_final.spef line 74615, net icache_1/lce/_21021_ not found.
[WARNING STA-1650] ./results/nangate45_3D/bp_fe/HBT/6_final.spef line 74637, net icache_1/data_mem_bank_data_lo\[40\] not found.
[WARNING STA-1650] ./results/nangate45_3D/bp_fe/HBT/6_final.spef line 74638, net icache_1/lce/lce_data_cmd_fifo.mem_1r1w.synth.mem\[504\] not found.
[WARNING STA-1650] ./results/nangate45_3D/bp_fe/HBT/6_final.spef line 74639, net icache_1/lce/lce_data_cmd_fifo.mem_1r1w.synth.mem\[792\] not found.
[WARNING STA-1650] ./results/nangate45_3D/bp_fe/HBT/6_final.spef line 74640, net icache_1/lce/lce_tr_resp_in_fifo.mem_1r1w.synth.mem\[630\] not found.
[WARNING STA-1650] ./results/nangate45_3D/bp_fe/HBT/6_final.spef line 74660, net bp_fe_pc_gen_1/genblk1_branch_prediction_1/btb_1/_3375_ not found.
[WARNING STA-1650] ./results/nangate45_3D/bp_fe/HBT/6_final.spef line 74688, net bp_fe_pc_gen_1/genblk1_branch_prediction_1/btb_1/_3509_ not found.
[WARNING STA-1650] ./results/nangate45_3D/bp_fe/HBT/6_final.spef line 74689, net bp_fe_pc_gen_1/genblk1_branch_prediction_1/btb_1/_1499_ not found.
[WARNING STA-1650] ./results/nangate45_3D/bp_fe/HBT/6_final.spef line 74727, net icache_1/data_mem_write_data\[61\] not found.
[WARNING STA-1650] ./results/nangate45_3D/bp_fe/HBT/6_final.spef line 74728, net icache_1/data_mem_write_data\[61\] not found.
[WARNING STA-1650] ./results/nangate45_3D/bp_fe/HBT/6_final.spef line 74730, net icache_1/data_mem_write_data\[61\] not found.
[WARNING STA-1650] ./results/nangate45_3D/bp_fe/HBT/6_final.spef line 74738, net icache_1/data_mem_write_data\[61\] not found.
[WARNING STA-1650] ./results/nangate45_3D/bp_fe/HBT/6_final.spef line 74784, net bp_fe_pc_gen_1/genblk1_branch_prediction_1/btb_1/_2946_ not found.
[WARNING STA-1650] ./results/nangate45_3D/bp_fe/HBT/6_final.spef line 74785, net bp_fe_pc_gen_1/genblk1_branch_prediction_1/btb_1/_3162_ not found.
[WARNING STA-1650] ./results/nangate45_3D/bp_fe/HBT/6_final.spef line 74848, net icache_1/_19471_ not found.
[WARNING STA-1650] ./results/nangate45_3D/bp_fe/HBT/6_final.spef line 74849, net icache_1/_21721_ not found.
[WARNING STA-1650] ./results/nangate45_3D/bp_fe/HBT/6_final.spef line 74869, net icache_1/data_mem_bank_data_lo\[45\] not found.
[WARNING STA-1650] ./results/nangate45_3D/bp_fe/HBT/6_final.spef line 74870, net bp_fe_pc_gen_1/_3157_ not found.
[WARNING STA-1650] ./results/nangate45_3D/bp_fe/HBT/6_final.spef line 74871, net bp_fe_pc_gen_1/_3253_ not found.
[WARNING STA-1650] ./results/nangate45_3D/bp_fe/HBT/6_final.spef line 74872, net bp_fe_pc_gen_1/_3332_ not found.
[WARNING STA-1650] ./results/nangate45_3D/bp_fe/HBT/6_final.spef line 74895, net bp_fe_pc_gen_1/_1054_ not found.
[WARNING STA-1650] ./results/nangate45_3D/bp_fe/HBT/6_final.spef line 74896, net bp_fe_pc_gen_1/_1845_ not found.
[WARNING STA-1650] ./results/nangate45_3D/bp_fe/HBT/6_final.spef line 74897, net bp_fe_pc_gen_1/_2014_ not found.
[WARNING STA-1650] ./results/nangate45_3D/bp_fe/HBT/6_final.spef line 74898, net bp_fe_pc_gen_1/btb_target\[58\] not found.
[WARNING STA-1650] ./results/nangate45_3D/bp_fe/HBT/6_final.spef line 74899, net bp_fe_pc_gen_1/genblk1_branch_prediction_1/_0335_ not found.
[WARNING STA-1650] ./results/nangate45_3D/bp_fe/HBT/6_final.spef line 74940, net bp_fe_pc_gen_1/_0511_ not found.
[WARNING STA-1650] ./results/nangate45_3D/bp_fe/HBT/6_final.spef line 74941, net icache_1/_15868_ not found.
[WARNING STA-1650] ./results/nangate45_3D/bp_fe/HBT/6_final.spef line 74942, net icache_1/_15914_ not found.
[WARNING STA-1650] ./results/nangate45_3D/bp_fe/HBT/6_final.spef line 74943, net icache_1/_15916_ not found.
[WARNING STA-1650] ./results/nangate45_3D/bp_fe/HBT/6_final.spef line 74944, net icache_1/_15916_ not found.
[WARNING STA-1650] ./results/nangate45_3D/bp_fe/HBT/6_final.spef line 74945, net icache_1/_16012_ not found.
[WARNING STA-1650] ./results/nangate45_3D/bp_fe/HBT/6_final.spef line 74946, net icache_1/_16012_ not found.
[WARNING STA-1650] ./results/nangate45_3D/bp_fe/HBT/6_final.spef line 74947, net icache_1/_16968_ not found.
[WARNING STA-1650] ./results/nangate45_3D/bp_fe/HBT/6_final.spef line 74948, net icache_1/_18159_ not found.
[WARNING STA-1650] ./results/nangate45_3D/bp_fe/HBT/6_final.spef line 74949, net icache_1/_18200_ not found.
[WARNING STA-1650] ./results/nangate45_3D/bp_fe/HBT/6_final.spef line 74950, net icache_1/_18207_ not found.
[WARNING STA-1650] ./results/nangate45_3D/bp_fe/HBT/6_final.spef line 74951, net icache_1/_18650_ not found.
[WARNING STA-1650] ./results/nangate45_3D/bp_fe/HBT/6_final.spef line 74952, net icache_1/_19160_ not found.
[WARNING STA-1650] ./results/nangate45_3D/bp_fe/HBT/6_final.spef line 74953, net icache_1/_19720_ not found.
[WARNING STA-1650] ./results/nangate45_3D/bp_fe/HBT/6_final.spef line 74954, net icache_1/_19725_ not found.
[WARNING STA-1650] ./results/nangate45_3D/bp_fe/HBT/6_final.spef line 74955, net icache_1/_19726_ not found.
[WARNING STA-1650] ./results/nangate45_3D/bp_fe/HBT/6_final.spef line 74956, net icache_1/_22407_ not found.
[WARNING STA-1650] ./results/nangate45_3D/bp_fe/HBT/6_final.spef line 74957, net icache_1/lce/_13968_ not found.
[WARNING STA-1650] ./results/nangate45_3D/bp_fe/HBT/6_final.spef line 74958, net icache_1/lce/_14080_ not found.
[WARNING STA-1650] ./results/nangate45_3D/bp_fe/HBT/6_final.spef line 74959, net icache_1/lce/_14097_ not found.
[WARNING STA-1650] ./results/nangate45_3D/bp_fe/HBT/6_final.spef line 74960, net icache_1/lce/_17750_ not found.
[WARNING STA-1650] ./results/nangate45_3D/bp_fe/HBT/6_final.spef line 74961, net icache_1/lce/_19154_ not found.
[WARNING STA-1650] ./results/nangate45_3D/bp_fe/HBT/6_final.spef line 74962, net icache_1/lce/_19154_ not found.
[WARNING STA-1650] ./results/nangate45_3D/bp_fe/HBT/6_final.spef line 74963, net icache_1/lce/_19287_ not found.
[WARNING STA-1650] ./results/nangate45_3D/bp_fe/HBT/6_final.spef line 74964, net icache_1/lce/_19346_ not found.
[WARNING STA-1650] ./results/nangate45_3D/bp_fe/HBT/6_final.spef line 74997, net icache_1/_08898_ not found.
[WARNING STA-1650] ./results/nangate45_3D/bp_fe/HBT/6_final.spef line 74998, net icache_1/data_mem_bank_data_lo\[328\] not found.
[WARNING STA-1650] ./results/nangate45_3D/bp_fe/HBT/6_final.spef line 74999, net icache_1/data_mem_bank_data_lo\[328\] not found.
[WARNING STA-1650] ./results/nangate45_3D/bp_fe/HBT/6_final.spef line 75000, net icache_1/data_mem_bank_data_lo\[328\] not found.
[WARNING STA-1650] ./results/nangate45_3D/bp_fe/HBT/6_final.spef line 75001, net icache_1/data_mem_bank_data_lo\[333\] not found.
[WARNING STA-1650] ./results/nangate45_3D/bp_fe/HBT/6_final.spef line 75002, net icache_1/data_mem_bank_data_lo\[339\] not found.
[WARNING STA-1650] ./results/nangate45_3D/bp_fe/HBT/6_final.spef line 75003, net icache_1/data_mem_data_li\[141\] not found.
[WARNING STA-1650] ./results/nangate45_3D/bp_fe/HBT/6_final.spef line 75004, net icache_1/data_mem_data_li\[206\] not found.
[WARNING STA-1650] ./results/nangate45_3D/bp_fe/HBT/6_final.spef line 75005, net icache_1/lce/lce_cmd.data_r\[339\] not found.
[WARNING STA-1650] ./results/nangate45_3D/bp_fe/HBT/6_final.spef line 75007, net bp_fe_pc_gen_1/_2586_ not found.
[WARNING STA-1650] ./results/nangate45_3D/bp_fe/HBT/6_final.spef line 75008, net bp_fe_pc_gen_1/_3295_ not found.
[WARNING STA-1650] ./results/nangate45_3D/bp_fe/HBT/6_final.spef line 75009, net bp_fe_pc_gen_1/_4043_ not found.
[WARNING STA-1650] ./results/nangate45_3D/bp_fe/HBT/6_final.spef line 75010, net bp_fe_pc_gen_1/genblk1_branch_prediction_1/_0611_ not found.
[WARNING STA-1650] ./results/nangate45_3D/bp_fe/HBT/6_final.spef line 75035, net bp_fe_pc_gen_1/_0969_ not found.
[WARNING STA-1650] ./results/nangate45_3D/bp_fe/HBT/6_final.spef line 75036, net bp_fe_pc_gen_1/_1496_ not found.
[WARNING STA-1650] ./results/nangate45_3D/bp_fe/HBT/6_final.spef line 75037, net bp_fe_pc_gen_1/btb_target\[60\] not found.
[WARNING STA-1650] ./results/nangate45_3D/bp_fe/HBT/6_final.spef line 75038, net bp_fe_pc_gen_1/genblk1_branch_prediction_1/_0164_ not found.
[WARNING STA-1650] ./results/nangate45_3D/bp_fe/HBT/6_final.spef line 75039, net bp_fe_pc_gen_1/genblk1_branch_prediction_1/_0167_ not found.
[WARNING STA-1650] ./results/nangate45_3D/bp_fe/HBT/6_final.spef line 75040, net bp_fe_pc_gen_1/genblk1_branch_prediction_1/_0167_ not found.
[WARNING STA-1650] ./results/nangate45_3D/bp_fe/HBT/6_final.spef line 75041, net bp_fe_pc_gen_1/genblk1_branch_prediction_1/_0343_ not found.
[WARNING STA-1650] ./results/nangate45_3D/bp_fe/HBT/6_final.spef line 75251, net bp_fe_pc_gen_1/genblk1_branch_prediction_1/btb_1/_3489_ not found.
[WARNING STA-1650] ./results/nangate45_3D/bp_fe/HBT/6_final.spef line 75252, net bp_fe_pc_gen_1/genblk1_branch_prediction_1/btb_1/_3489_ not found.
[WARNING STA-1650] ./results/nangate45_3D/bp_fe/HBT/6_final.spef line 75253, net bp_fe_pc_gen_1/genblk1_branch_prediction_1/btb_1/_3597_ not found.
[WARNING STA-1650] ./results/nangate45_3D/bp_fe/HBT/6_final.spef line 75254, net bp_fe_pc_gen_1/genblk1_branch_prediction_1/btb_1/_3836_ not found.
[WARNING STA-1650] ./results/nangate45_3D/bp_fe/HBT/6_final.spef line 75255, net bp_fe_pc_gen_1/genblk1_branch_prediction_1/btb_1/_4374_ not found.
[WARNING STA-1650] ./results/nangate45_3D/bp_fe/HBT/6_final.spef line 75256, net bp_fe_pc_gen_1/genblk1_branch_prediction_1/btb_1/_4635_ not found.
[WARNING STA-1650] ./results/nangate45_3D/bp_fe/HBT/6_final.spef line 75257, net bp_fe_pc_gen_1/genblk1_branch_prediction_1/btb_1/_4644_ not found.
[WARNING STA-1650] ./results/nangate45_3D/bp_fe/HBT/6_final.spef line 75258, net bp_fe_pc_gen_1/genblk1_branch_prediction_1/btb_1/_4649_ not found.
[WARNING STA-1650] ./results/nangate45_3D/bp_fe/HBT/6_final.spef line 75275, net bp_fe_pc_gen_1/genblk1_branch_prediction_1/btb_1/_1475_ not found.
[WARNING STA-1650] ./results/nangate45_3D/bp_fe/HBT/6_final.spef line 75276, net bp_fe_pc_gen_1/genblk1_branch_prediction_1/btb_1/_1484_ not found.
[WARNING STA-1650] ./results/nangate45_3D/bp_fe/HBT/6_final.spef line 75307, net bp_fe_pc_gen_1/genblk1_branch_prediction_1/btb_1/_2946_ not found.
[WARNING STA-1650] ./results/nangate45_3D/bp_fe/HBT/6_final.spef line 75308, net bp_fe_pc_gen_1/genblk1_branch_prediction_1/btb_1/_2946_ not found.
[WARNING STA-1650] ./results/nangate45_3D/bp_fe/HBT/6_final.spef line 75312, net bp_fe_pc_gen_1/genblk1_branch_prediction_1/btb_1/_0951_ not found.
[WARNING STA-1650] ./results/nangate45_3D/bp_fe/HBT/6_final.spef line 75353, net bp_fe_pc_gen_1/genblk1_branch_prediction_1/btb_1/_3499_ not found.
[WARNING STA-1650] ./results/nangate45_3D/bp_fe/HBT/6_final.spef line 75361, net bp_fe_pc_gen_1/genblk1_branch_prediction_1/btb_1/_1475_ not found.
[WARNING STA-1650] ./results/nangate45_3D/bp_fe/HBT/6_final.spef line 75421, net bp_fe_pc_gen_1/genblk1_branch_prediction_1/btb_1/_2784_ not found.
[WARNING STA-1650] ./results/nangate45_3D/bp_fe/HBT/6_final.spef line 75462, net icache_1/data_mem_banks_2__data_mem_bank/macro_mem/mem not found.
[WARNING STA-1650] ./results/nangate45_3D/bp_fe/HBT/6_final.spef line 75488, net icache_1/data_mem_write_data\[187\] not found.
[WARNING STA-1650] ./results/nangate45_3D/bp_fe/HBT/6_final.spef line 75491, net bp_fe_pc_gen_1/_4183_ not found.
[WARNING STA-1650] ./results/nangate45_3D/bp_fe/HBT/6_final.spef line 75492, net bp_fe_pc_gen_1/genblk1_branch_prediction_1/btb_1/btb_mem/macro_mem/mem not found.
[WARNING STA-1650] ./results/nangate45_3D/bp_fe/HBT/6_final.spef line 75497, net bp_fe_pc_gen_1/_0969_ not found.
[WARNING STA-1650] ./results/nangate45_3D/bp_fe/HBT/6_final.spef line 75498, net bp_fe_pc_gen_1/btb_target\[62\] not found.
[WARNING STA-1650] ./results/nangate45_3D/bp_fe/HBT/6_final.spef line 75505, net bp_fe_pc_gen_1/_3298_ not found.
[WARNING STA-1650] ./results/nangate45_3D/bp_fe/HBT/6_final.spef line 75506, net bp_fe_pc_gen_1/_3311_ not found.
[WARNING STA-1650] ./results/nangate45_3D/bp_fe/HBT/6_final.spef line 75507, net bp_fe_pc_gen_1/_3315_ not found.
[WARNING STA-1650] ./results/nangate45_3D/bp_fe/HBT/6_final.spef line 75508, net bp_fe_pc_gen_1/_3329_ not found.
[WARNING STA-1650] ./results/nangate45_3D/bp_fe/HBT/6_final.spef line 75509, net bp_fe_pc_gen_1/_3329_ not found.
[WARNING STA-1650] ./results/nangate45_3D/bp_fe/HBT/6_final.spef line 75510, net bp_fe_pc_gen_1/_3330_ not found.
[WARNING STA-1650] ./results/nangate45_3D/bp_fe/HBT/6_final.spef line 75511, net icache_1/_20393_ not found.
[WARNING STA-1650] ./results/nangate45_3D/bp_fe/HBT/6_final.spef line 75512, net icache_1/_20523_ not found.
[WARNING STA-1650] ./results/nangate45_3D/bp_fe/HBT/6_final.spef line 75513, net icache_1/_20523_ not found.
[WARNING STA-1650] ./results/nangate45_3D/bp_fe/HBT/6_final.spef line 75519, net bp_fe_pc_gen_1/_1114_ not found.
[WARNING STA-1650] ./results/nangate45_3D/bp_fe/HBT/6_final.spef line 75520, net bp_fe_pc_gen_1/_1117_ not found.
[WARNING STA-1650] ./results/nangate45_3D/bp_fe/HBT/6_final.spef line 75532, net bp_fe_pc_gen_1/genblk1_branch_prediction_1/btb_1/_2555_ not found.
[WARNING STA-1650] ./results/nangate45_3D/bp_fe/HBT/6_final.spef line 75533, net bp_fe_pc_gen_1/genblk1_branch_prediction_1/btb_1/_2980_ not found.
[WARNING STA-1650] ./results/nangate45_3D/bp_fe/HBT/6_final.spef line 75534, net bp_fe_pc_gen_1/genblk1_branch_prediction_1/btb_1/_2981_ not found.
[WARNING STA-1650] ./results/nangate45_3D/bp_fe/HBT/6_final.spef line 75535, net bp_fe_pc_gen_1/genblk1_branch_prediction_1/btb_1/_2981_ not found.
[WARNING STA-1650] ./results/nangate45_3D/bp_fe/HBT/6_final.spef line 75536, net bp_fe_pc_gen_1/genblk1_branch_prediction_1/btb_1/_2981_ not found.
[WARNING STA-1650] ./results/nangate45_3D/bp_fe/HBT/6_final.spef line 75537, net bp_fe_pc_gen_1/genblk1_branch_prediction_1/btb_1/_3529_ not found.
[WARNING STA-1650] ./results/nangate45_3D/bp_fe/HBT/6_final.spef line 75538, net bp_fe_pc_gen_1/genblk1_branch_prediction_1/btb_1/_3580_ not found.
[WARNING STA-1650] ./results/nangate45_3D/bp_fe/HBT/6_final.spef line 75539, net bp_fe_pc_gen_1/genblk1_branch_prediction_1/btb_1/_3580_ not found.
[WARNING STA-1650] ./results/nangate45_3D/bp_fe/HBT/6_final.spef line 75540, net bp_fe_pc_gen_1/genblk1_branch_prediction_1/btb_1/_4354_ not found.
[WARNING STA-1650] ./results/nangate45_3D/bp_fe/HBT/6_final.spef line 75541, net bp_fe_pc_gen_1/genblk1_branch_prediction_1/btb_1/_4354_ not found.
[WARNING STA-1650] ./results/nangate45_3D/bp_fe/HBT/6_final.spef line 75542, net bp_fe_pc_gen_1/genblk1_branch_prediction_1/btb_1/_4376_ not found.
[WARNING STA-1650] ./results/nangate45_3D/bp_fe/HBT/6_final.spef line 75543, net bp_fe_pc_gen_1/genblk1_branch_prediction_1/btb_1/_4701_ not found.
[WARNING STA-1650] ./results/nangate45_3D/bp_fe/HBT/6_final.spef line 75544, net bp_fe_pc_gen_1/genblk1_branch_prediction_1/btb_1/_4712_ not found.
[WARNING STA-1650] ./results/nangate45_3D/bp_fe/HBT/6_final.spef line 75545, net bp_fe_pc_gen_1/genblk1_branch_prediction_1/btb_1/_4936_ not found.
[WARNING STA-1650] ./results/nangate45_3D/bp_fe/HBT/6_final.spef line 75546, net bp_fe_pc_gen_1/genblk1_branch_prediction_1/btb_1/_4937_ not found.
[WARNING STA-1650] ./results/nangate45_3D/bp_fe/HBT/6_final.spef line 75566, net bp_fe_pc_gen_1/genblk1_branch_prediction_1/btb_1/_0759_ not found.
[WARNING STA-1650] ./results/nangate45_3D/bp_fe/HBT/6_final.spef line 75567, net bp_fe_pc_gen_1/genblk1_branch_prediction_1/btb_1/_0759_ not found.
[WARNING STA-1650] ./results/nangate45_3D/bp_fe/HBT/6_final.spef line 75568, net bp_fe_pc_gen_1/genblk1_branch_prediction_1/btb_1/_1486_ not found.
[WARNING STA-1650] ./results/nangate45_3D/bp_fe/HBT/6_final.spef line 75569, net bp_fe_pc_gen_1/genblk1_branch_prediction_1/btb_1/_1545_ not found.
[WARNING STA-1650] ./results/nangate45_3D/bp_fe/HBT/6_final.spef line 75597, net bp_fe_pc_gen_1/genblk1_branch_prediction_1/btb_1/_2978_ not found.
[WARNING STA-1650] ./results/nangate45_3D/bp_fe/HBT/6_final.spef line 75603, net bp_fe_pc_gen_1/genblk1_branch_prediction_1/btb_1/_2748_ not found.
[WARNING STA-1650] ./results/nangate45_3D/bp_fe/HBT/6_final.spef line 75604, net bp_fe_pc_gen_1/genblk1_branch_prediction_1/btb_1/_2751_ not found.
[WARNING STA-1650] ./results/nangate45_3D/bp_fe/HBT/6_final.spef line 75605, net bp_fe_pc_gen_1/genblk1_branch_prediction_1/btb_1/_2768_ not found.
[WARNING STA-1650] ./results/nangate45_3D/bp_fe/HBT/6_final.spef line 75606, net bp_fe_pc_gen_1/genblk1_branch_prediction_1/btb_1/_3316_ not found.
[WARNING STA-1650] ./results/nangate45_3D/bp_fe/HBT/6_final.spef line 75607, net bp_fe_pc_gen_1/genblk1_branch_prediction_1/btb_1/_3316_ not found.
[WARNING STA-1650] ./results/nangate45_3D/bp_fe/HBT/6_final.spef line 75608, net bp_fe_pc_gen_1/genblk1_branch_prediction_1/btb_1/_3316_ not found.
[WARNING STA-1650] ./results/nangate45_3D/bp_fe/HBT/6_final.spef line 75609, net bp_fe_pc_gen_1/genblk1_branch_prediction_1/btb_1/_3476_ not found.
[WARNING STA-1650] ./results/nangate45_3D/bp_fe/HBT/6_final.spef line 75610, net bp_fe_pc_gen_1/genblk1_branch_prediction_1/btb_1/_3478_ not found.
[WARNING STA-1650] ./results/nangate45_3D/bp_fe/HBT/6_final.spef line 75611, net bp_fe_pc_gen_1/genblk1_branch_prediction_1/btb_1/_3482_ not found.
[WARNING STA-1650] ./results/nangate45_3D/bp_fe/HBT/6_final.spef line 75612, net bp_fe_pc_gen_1/genblk1_branch_prediction_1/btb_1/_4236_ not found.
[WARNING STA-1650] ./results/nangate45_3D/bp_fe/HBT/6_final.spef line 75613, net bp_fe_pc_gen_1/genblk1_branch_prediction_1/btb_1/_4237_ not found.
[WARNING STA-1650] ./results/nangate45_3D/bp_fe/HBT/6_final.spef line 75614, net bp_fe_pc_gen_1/genblk1_branch_prediction_1/btb_1/_4237_ not found.
[WARNING STA-1650] ./results/nangate45_3D/bp_fe/HBT/6_final.spef line 75615, net icache_1/_12981_ not found.
[WARNING STA-1650] ./results/nangate45_3D/bp_fe/HBT/6_final.spef line 75616, net icache_1/_13527_ not found.
[WARNING STA-1650] ./results/nangate45_3D/bp_fe/HBT/6_final.spef line 75617, net icache_1/_13673_ not found.
[WARNING STA-1650] ./results/nangate45_3D/bp_fe/HBT/6_final.spef line 75618, net icache_1/_13673_ not found.
[WARNING STA-1650] ./results/nangate45_3D/bp_fe/HBT/6_final.spef line 75619, net icache_1/_13790_ not found.
[WARNING STA-1650] ./results/nangate45_3D/bp_fe/HBT/6_final.spef line 75620, net icache_1/_13793_ not found.
[WARNING STA-1650] ./results/nangate45_3D/bp_fe/HBT/6_final.spef line 75621, net icache_1/_13793_ not found.
[WARNING STA-1650] ./results/nangate45_3D/bp_fe/HBT/6_final.spef line 75622, net icache_1/_13825_ not found.
[WARNING STA-1650] ./results/nangate45_3D/bp_fe/HBT/6_final.spef line 75623, net icache_1/_14532_ not found.
[WARNING STA-1650] ./results/nangate45_3D/bp_fe/HBT/6_final.spef line 75624, net icache_1/_14636_ not found.
[WARNING STA-1650] ./results/nangate45_3D/bp_fe/HBT/6_final.spef line 75625, net icache_1/_14636_ not found.
[WARNING STA-1650] ./results/nangate45_3D/bp_fe/HBT/6_final.spef line 75626, net icache_1/_14902_ not found.
[WARNING STA-1650] ./results/nangate45_3D/bp_fe/HBT/6_final.spef line 75627, net icache_1/_15268_ not found.
[WARNING STA-1650] ./results/nangate45_3D/bp_fe/HBT/6_final.spef line 75628, net icache_1/_15270_ not found.
[WARNING STA-1650] ./results/nangate45_3D/bp_fe/HBT/6_final.spef line 75629, net icache_1/_15299_ not found.
[WARNING STA-1650] ./results/nangate45_3D/bp_fe/HBT/6_final.spef line 75630, net icache_1/_15369_ not found.
[WARNING STA-1650] ./results/nangate45_3D/bp_fe/HBT/6_final.spef line 75631, net icache_1/_15633_ not found.
[WARNING STA-1650] ./results/nangate45_3D/bp_fe/HBT/6_final.spef line 75632, net icache_1/_15679_ not found.
[WARNING STA-1650] ./results/nangate45_3D/bp_fe/HBT/6_final.spef line 75633, net icache_1/_15679_ not found.
[WARNING STA-1650] ./results/nangate45_3D/bp_fe/HBT/6_final.spef line 75634, net icache_1/lce/_11446_ not found.
[WARNING STA-1650] ./results/nangate45_3D/bp_fe/HBT/6_final.spef line 75635, net icache_1/lce/_15495_ not found.
[WARNING STA-1650] ./results/nangate45_3D/bp_fe/HBT/6_final.spef line 75636, net icache_1/lce/_15495_ not found.
[WARNING STA-1650] ./results/nangate45_3D/bp_fe/HBT/6_final.spef line 75637, net icache_1/lce/_16075_ not found.
[WARNING STA-1650] ./results/nangate45_3D/bp_fe/HBT/6_final.spef line 75638, net icache_1/lce/_17428_ not found.
[WARNING STA-1650] ./results/nangate45_3D/bp_fe/HBT/6_final.spef line 75639, net icache_1/lce/_19889_ not found.
[WARNING STA-1650] ./results/nangate45_3D/bp_fe/HBT/6_final.spef line 75640, net icache_1/lce/_20820_ not found.
[WARNING STA-1650] ./results/nangate45_3D/bp_fe/HBT/6_final.spef line 75641, net icache_1/lce/_21341_ not found.
[WARNING STA-1650] ./results/nangate45_3D/bp_fe/HBT/6_final.spef line 75685, net bp_fe_pc_gen_1/genblk1_branch_prediction_1/btb_1/_0759_ not found.
[WARNING STA-1650] ./results/nangate45_3D/bp_fe/HBT/6_final.spef line 75686, net bp_fe_pc_gen_1/genblk1_branch_prediction_1/btb_1/_0759_ not found.
[WARNING STA-1650] ./results/nangate45_3D/bp_fe/HBT/6_final.spef line 75687, net bp_fe_pc_gen_1/genblk1_branch_prediction_1/btb_1/_1474_ not found.
[WARNING STA-1650] ./results/nangate45_3D/bp_fe/HBT/6_final.spef line 75688, net bp_fe_pc_gen_1/genblk1_branch_prediction_1/btb_1/_1479_ not found.
[WARNING STA-1650] ./results/nangate45_3D/bp_fe/HBT/6_final.spef line 75689, net icache_1/_08260_ not found.
[WARNING STA-1650] ./results/nangate45_3D/bp_fe/HBT/6_final.spef line 75690, net icache_1/lce/lce_tr_resp_in_fifo.mem_1r1w.synth.mem\[720\] not found.
[WARNING STA-1650] ./results/nangate45_3D/bp_fe/HBT/6_final.spef line 75719, net bp_fe_pc_gen_1/_2869_ not found.
[WARNING STA-1650] ./results/nangate45_3D/bp_fe/HBT/6_final.spef line 75720, net bp_fe_pc_gen_1/_3860_ not found.
[WARNING STA-1650] ./results/nangate45_3D/bp_fe/HBT/6_final.spef line 75721, net bp_fe_pc_gen_1/genblk1_branch_prediction_1/_0579_ not found.
[WARNING STA-1650] ./results/nangate45_3D/bp_fe/HBT/6_final.spef line 75722, net bp_fe_pc_gen_1/genblk1_branch_prediction_1/_0721_ not found.
[WARNING STA-1650] ./results/nangate45_3D/bp_fe/HBT/6_final.spef line 75732, net bp_fe_pc_gen_1/genblk1_branch_prediction_1/_0110_ not found.
[WARNING STA-1650] ./results/nangate45_3D/bp_fe/HBT/6_final.spef line 75733, net bp_fe_pc_gen_1/genblk1_branch_prediction_1/_0167_ not found.
[WARNING STA-1650] ./results/nangate45_3D/bp_fe/HBT/6_final.spef line 75734, net bp_fe_pc_gen_1/genblk1_branch_prediction_1/_0167_ not found.
[WARNING STA-1650] ./results/nangate45_3D/bp_fe/HBT/6_final.spef line 75735, net bp_fe_pc_gen_1/genblk1_branch_prediction_1/_0167_ not found.
[WARNING STA-1650] ./results/nangate45_3D/bp_fe/HBT/6_final.spef line 75736, net bp_fe_pc_gen_1/genblk1_branch_prediction_1/_0172_ not found.
[WARNING STA-1650] ./results/nangate45_3D/bp_fe/HBT/6_final.spef line 75737, net bp_fe_pc_gen_1/genblk1_branch_prediction_1/_0191_ not found.
[WARNING STA-1650] ./results/nangate45_3D/bp_fe/HBT/6_final.spef line 75738, net bp_fe_pc_gen_1/genblk1_branch_prediction_1/_0196_ not found.
[WARNING STA-1650] ./results/nangate45_3D/bp_fe/HBT/6_final.spef line 75739, net bp_fe_pc_gen_1/genblk1_branch_prediction_1/_0213_ not found.
[WARNING STA-1650] ./results/nangate45_3D/bp_fe/HBT/6_final.spef line 75740, net bp_fe_pc_gen_1/genblk1_branch_prediction_1/_0356_ not found.
[WARNING STA-1650] ./results/nangate45_3D/bp_fe/HBT/6_final.spef line 75773, net bp_fe_pc_gen_1/genblk1_branch_prediction_1/btb_1/_0951_ not found.
[WARNING STA-1650] ./results/nangate45_3D/bp_fe/HBT/6_final.spef line 75832, net bp_fe_pc_gen_1/genblk1_branch_prediction_1/btb_1/_2685_ not found.
[WARNING STA-1650] ./results/nangate45_3D/bp_fe/HBT/6_final.spef line 75833, net bp_fe_pc_gen_1/genblk1_branch_prediction_1/btb_1/_3374_ not found.
[WARNING STA-1650] ./results/nangate45_3D/bp_fe/HBT/6_final.spef line 75876, net icache_1/_14559_ not found.
[WARNING STA-1650] ./results/nangate45_3D/bp_fe/HBT/6_final.spef line 75877, net icache_1/_15403_ not found.
[WARNING STA-1650] ./results/nangate45_3D/bp_fe/HBT/6_final.spef line 75878, net icache_1/data_mem_banks_1__data_mem_bank/macro_mem/mem not found.
[WARNING STA-1650] ./results/nangate45_3D/bp_fe/HBT/6_final.spef line 75879, net icache_1/data_mem_banks_1__data_mem_bank/macro_mem/mem not found.
[WARNING STA-1650] ./results/nangate45_3D/bp_fe/HBT/6_final.spef line 75880, net icache_1/data_mem_banks_1__data_mem_bank/macro_mem/mem not found.
[WARNING STA-1650] ./results/nangate45_3D/bp_fe/HBT/6_final.spef line 75881, net icache_1/lce/_13536_ not found.
[WARNING STA-1650] ./results/nangate45_3D/bp_fe/HBT/6_final.spef line 75882, net icache_1/lce/_16011_ not found.
[WARNING STA-1650] ./results/nangate45_3D/bp_fe/HBT/6_final.spef line 75896, net icache_1/data_mem_bank_data_lo\[15\] not found.
[WARNING STA-1650] ./results/nangate45_3D/bp_fe/HBT/6_final.spef line 75897, net icache_1/data_mem_write_data\[115\] not found.
[WARNING STA-1650] ./results/nangate45_3D/bp_fe/HBT/6_final.spef line 75898, net icache_1/data_mem_write_data\[118\] not found.
[WARNING STA-1650] ./results/nangate45_3D/bp_fe/HBT/6_final.spef line 75899, net icache_1/lce/lce_data_cmd_fifo.mem_1r1w.synth.mem\[1040\] not found.
[WARNING STA-1650] ./results/nangate45_3D/bp_fe/HBT/6_final.spef line 75900, net icache_1/lce/_10306_ not found.
[WARNING STA-1650] ./results/nangate45_3D/bp_fe/HBT/6_final.spef line 75909, net icache_1/data_mem_write_data\[115\] not found.
[WARNING STA-1650] ./results/nangate45_3D/bp_fe/HBT/6_final.spef line 75926, net bp_fe_pc_gen_1/_3086_ not found.
[WARNING STA-1650] ./results/nangate45_3D/bp_fe/HBT/6_final.spef line 75927, net bp_fe_pc_gen_1/genblk1_branch_prediction_1/btb_1/_3161_ not found.
[WARNING STA-1650] ./results/nangate45_3D/bp_fe/HBT/6_final.spef line 75939, net bp_fe_pc_gen_1/btb_target\[20\] not found.
[WARNING STA-1650] ./results/nangate45_3D/bp_fe/HBT/6_final.spef line 75940, net bp_fe_pc_gen_1/btb_target\[29\] not found.
[WARNING STA-1650] ./results/nangate45_3D/bp_fe/HBT/6_final.spef line 75941, net bp_fe_pc_gen_1/btb_target\[37\] not found.
[WARNING STA-1650] ./results/nangate45_3D/bp_fe/HBT/6_final.spef line 75991, net icache_1/lce/_12690_ not found.
[WARNING STA-1650] ./results/nangate45_3D/bp_fe/HBT/6_final.spef line 75995, net bp_fe_pc_gen_1/genblk1_branch_prediction_1/btb_1/_2583_ not found.
[WARNING STA-1650] ./results/nangate45_3D/bp_fe/HBT/6_final.spef line 75996, net bp_fe_pc_gen_1/genblk1_branch_prediction_1/btb_1/_2690_ not found.
[WARNING STA-1650] ./results/nangate45_3D/bp_fe/HBT/6_final.spef line 75997, net bp_fe_pc_gen_1/genblk1_branch_prediction_1/btb_1/_2690_ not found.
[WARNING STA-1650] ./results/nangate45_3D/bp_fe/HBT/6_final.spef line 75998, net bp_fe_pc_gen_1/genblk1_branch_prediction_1/btb_1/_2941_ not found.
[WARNING STA-1650] ./results/nangate45_3D/bp_fe/HBT/6_final.spef line 75999, net bp_fe_pc_gen_1/genblk1_branch_prediction_1/btb_1/_2941_ not found.
[WARNING STA-1650] ./results/nangate45_3D/bp_fe/HBT/6_final.spef line 76000, net bp_fe_pc_gen_1/genblk1_branch_prediction_1/btb_1/_3459_ not found.
[WARNING STA-1650] ./results/nangate45_3D/bp_fe/HBT/6_final.spef line 76001, net bp_fe_pc_gen_1/genblk1_branch_prediction_1/btb_1/_3465_ not found.
[WARNING STA-1650] ./results/nangate45_3D/bp_fe/HBT/6_final.spef line 76002, net bp_fe_pc_gen_1/genblk1_branch_prediction_1/btb_1/_4250_ not found.
[WARNING STA-1650] ./results/nangate45_3D/bp_fe/HBT/6_final.spef line 76003, net bp_fe_pc_gen_1/genblk1_branch_prediction_1/btb_1/_4545_ not found.
[WARNING STA-1650] ./results/nangate45_3D/bp_fe/HBT/6_final.spef line 76004, net bp_fe_pc_gen_1/genblk1_branch_prediction_1/btb_1/_4896_ not found.
[WARNING STA-1650] ./results/nangate45_3D/bp_fe/HBT/6_final.spef line 76005, net icache_1/lce/_10570_ not found.
[WARNING STA-1650] ./results/nangate45_3D/bp_fe/HBT/6_final.spef line 76006, net icache_1/lce/_11113_ not found.
[WARNING STA-1650] ./results/nangate45_3D/bp_fe/HBT/6_final.spef line 76007, net icache_1/lce/_11114_ not found.
[WARNING STA-1650] ./results/nangate45_3D/bp_fe/HBT/6_final.spef line 76008, net icache_1/lce/_11118_ not found.
[WARNING STA-1650] ./results/nangate45_3D/bp_fe/HBT/6_final.spef line 76009, net icache_1/lce/_21489_ not found.
[WARNING STA-1650] ./results/nangate45_3D/bp_fe/HBT/6_final.spef line 76010, net icache_1/lce/_21489_ not found.
[WARNING STA-1650] ./results/nangate45_3D/bp_fe/HBT/6_final.spef line 76022, net bp_fe_pc_gen_1/genblk1_branch_prediction_1/btb_1/_0700_ not found.
[WARNING STA-1650] ./results/nangate45_3D/bp_fe/HBT/6_final.spef line 76023, net bp_fe_pc_gen_1/genblk1_branch_prediction_1/btb_1/_0951_ not found.
[WARNING STA-1650] ./results/nangate45_3D/bp_fe/HBT/6_final.spef line 76024, net bp_fe_pc_gen_1/genblk1_branch_prediction_1/btb_1/_1165_ not found.
[WARNING STA-1650] ./results/nangate45_3D/bp_fe/HBT/6_final.spef line 76025, net bp_fe_pc_gen_1/genblk1_branch_prediction_1/btb_1/_1464_ not found.
[WARNING STA-1650] ./results/nangate45_3D/bp_fe/HBT/6_final.spef line 76028, net icache_1/lce/lce_tr_resp_in_fifo.mem_1r1w.synth.mem\[669\] not found.
[WARNING STA-1650] ./results/nangate45_3D/bp_fe/HBT/6_final.spef line 76049, net bp_fe_pc_gen_1/_3364_ not found.
[WARNING STA-1650] ./results/nangate45_3D/bp_fe/HBT/6_final.spef line 76084, net bp_fe_pc_gen_1/genblk1_branch_prediction_1/btb_1/_3543_ not found.
[WARNING STA-1650] ./results/nangate45_3D/bp_fe/HBT/6_final.spef line 76090, net bp_fe_pc_gen_1/genblk1_branch_prediction_1/btb_1/_1470_ not found.
[WARNING STA-1650] ./results/nangate45_3D/bp_fe/HBT/6_final.spef line 76091, net bp_fe_pc_gen_1/genblk1_branch_prediction_1/btb_1/_1499_ not found.
[WARNING STA-1650] ./results/nangate45_3D/bp_fe/HBT/6_final.spef line 76092, net bp_fe_pc_gen_1/genblk1_branch_prediction_1/btb_1/_1545_ not found.
[WARNING STA-1650] ./results/nangate45_3D/bp_fe/HBT/6_final.spef line 76116, net bp_fe_pc_gen_1/genblk1_branch_prediction_1/_0359_ not found.
[WARNING STA-1650] ./results/nangate45_3D/bp_fe/HBT/6_final.spef line 76160, net bp_fe_pc_gen_1/_3365_ not found.
[WARNING STA-1650] ./results/nangate45_3D/bp_fe/HBT/6_final.spef line 76161, net bp_fe_pc_gen_1/genblk1_branch_prediction_1/btb_1/_2516_ not found.
[WARNING STA-1650] ./results/nangate45_3D/bp_fe/HBT/6_final.spef line 76214, net bp_fe_pc_gen_1/_3252_ not found.
[WARNING STA-1650] ./results/nangate45_3D/bp_fe/HBT/6_final.spef line 76222, net bp_fe_pc_gen_1/genblk1_branch_prediction_1/btb_1/_2981_ not found.
[WARNING STA-1650] ./results/nangate45_3D/bp_fe/HBT/6_final.spef line 76223, net bp_fe_pc_gen_1/genblk1_branch_prediction_1/btb_1/_3294_ not found.
[WARNING STA-1650] ./results/nangate45_3D/bp_fe/HBT/6_final.spef line 76260, net bp_fe_pc_gen_1/_0969_ not found.
[WARNING STA-1650] ./results/nangate45_3D/bp_fe/HBT/6_final.spef line 76280, net bp_fe_pc_gen_1/_2735_ not found.
[WARNING STA-1650] ./results/nangate45_3D/bp_fe/HBT/6_final.spef line 76281, net bp_fe_pc_gen_1/_2841_ not found.
[WARNING STA-1650] ./results/nangate45_3D/bp_fe/HBT/6_final.spef line 76290, net bp_fe_pc_gen_1/btb_target\[57\] not found.
[WARNING STA-1650] ./results/nangate45_3D/bp_fe/HBT/6_final.spef line 76323, net bp_fe_pc_gen_1/_2676_ not found.
[WARNING STA-1650] ./results/nangate45_3D/bp_fe/HBT/6_final.spef line 76327, net bp_fe_pc_gen_1/genblk1_branch_prediction_1/btb_1/_3428_ not found.
[WARNING STA-1650] ./results/nangate45_3D/bp_fe/HBT/6_final.spef line 76328, net bp_fe_pc_gen_1/genblk1_branch_prediction_1/btb_1/_4032_ not found.
[WARNING STA-1650] ./results/nangate45_3D/bp_fe/HBT/6_final.spef line 76329, net bp_fe_pc_gen_1/genblk1_branch_prediction_1/btb_1/_4814_ not found.
[WARNING STA-1650] ./results/nangate45_3D/bp_fe/HBT/6_final.spef line 76330, net bp_fe_pc_gen_1/genblk1_branch_prediction_1/btb_1/_4821_ not found.
[WARNING STA-1650] ./results/nangate45_3D/bp_fe/HBT/6_final.spef line 76339, net bp_fe_pc_gen_1/genblk1_branch_prediction_1/btb_1/_0553_ not found.
[WARNING STA-1650] ./results/nangate45_3D/bp_fe/HBT/6_final.spef line 76340, net bp_fe_pc_gen_1/genblk1_branch_prediction_1/btb_1/_2715_ not found.
[WARNING STA-1650] ./results/nangate45_3D/bp_fe/HBT/6_final.spef line 76341, net bp_fe_pc_gen_1/genblk1_branch_prediction_1/btb_1/_3078_ not found.
[WARNING STA-1650] ./results/nangate45_3D/bp_fe/HBT/6_final.spef line 76342, net bp_fe_pc_gen_1/genblk1_branch_prediction_1/btb_1/_3311_ not found.
[WARNING STA-1650] ./results/nangate45_3D/bp_fe/HBT/6_final.spef line 76343, net bp_fe_pc_gen_1/genblk1_branch_prediction_1/btb_1/_3326_ not found.
[WARNING STA-1650] ./results/nangate45_3D/bp_fe/HBT/6_final.spef line 76344, net bp_fe_pc_gen_1/genblk1_branch_prediction_1/btb_1/_3377_ not found.
[WARNING STA-1650] ./results/nangate45_3D/bp_fe/HBT/6_final.spef line 76345, net bp_fe_pc_gen_1/genblk1_branch_prediction_1/btb_1/_4148_ not found.
[WARNING STA-1650] ./results/nangate45_3D/bp_fe/HBT/6_final.spef line 76356, net bp_fe_pc_gen_1/genblk1_branch_prediction_1/btb_1/_0539_ not found.
[WARNING STA-1650] ./results/nangate45_3D/bp_fe/HBT/6_final.spef line 76357, net bp_fe_pc_gen_1/genblk1_branch_prediction_1/btb_1/_0598_ not found.
[WARNING STA-1650] ./results/nangate45_3D/bp_fe/HBT/6_final.spef line 76358, net bp_fe_pc_gen_1/genblk1_branch_prediction_1/btb_1/_0598_ not found.
[WARNING STA-1650] ./results/nangate45_3D/bp_fe/HBT/6_final.spef line 76359, net bp_fe_pc_gen_1/genblk1_branch_prediction_1/btb_1/_0598_ not found.
[WARNING STA-1650] ./results/nangate45_3D/bp_fe/HBT/6_final.spef line 76360, net bp_fe_pc_gen_1/genblk1_branch_prediction_1/btb_1/_0740_ not found.
[WARNING STA-1650] ./results/nangate45_3D/bp_fe/HBT/6_final.spef line 76361, net bp_fe_pc_gen_1/genblk1_branch_prediction_1/btb_1/_0814_ not found.
[WARNING STA-1650] ./results/nangate45_3D/bp_fe/HBT/6_final.spef line 76362, net bp_fe_pc_gen_1/genblk1_branch_prediction_1/btb_1/_1088_ not found.
[WARNING STA-1650] ./results/nangate45_3D/bp_fe/HBT/6_final.spef line 76364, net bp_fe_pc_gen_1/genblk1_branch_prediction_1/btb_1/_2711_ not found.
[WARNING STA-1650] ./results/nangate45_3D/bp_fe/HBT/6_final.spef line 76365, net bp_fe_pc_gen_1/genblk1_branch_prediction_1/btb_1/_3685_ not found.
[WARNING STA-1650] ./results/nangate45_3D/bp_fe/HBT/6_final.spef line 76366, net bp_fe_pc_gen_1/genblk1_branch_prediction_1/btb_1/_3734_ not found.
[WARNING STA-1650] ./results/nangate45_3D/bp_fe/HBT/6_final.spef line 76367, net bp_fe_pc_gen_1/genblk1_branch_prediction_1/btb_1/_4171_ not found.
[WARNING STA-1650] ./results/nangate45_3D/bp_fe/HBT/6_final.spef line 76379, net bp_fe_pc_gen_1/genblk1_branch_prediction_1/btb_1/_1242_ not found.
[WARNING STA-1650] ./results/nangate45_3D/bp_fe/HBT/6_final.spef line 76380, net bp_fe_pc_gen_1/_2558_ not found.
[WARNING STA-1650] ./results/nangate45_3D/bp_fe/HBT/6_final.spef line 76381, net bp_fe_pc_gen_1/_4104_ not found.
[WARNING STA-1650] ./results/nangate45_3D/bp_fe/HBT/6_final.spef line 76382, net bp_fe_pc_gen_1/genblk1_branch_prediction_1/btb_1/_3287_ not found.
[WARNING STA-1650] ./results/nangate45_3D/bp_fe/HBT/6_final.spef line 76383, net bp_fe_pc_gen_1/genblk1_branch_prediction_1/btb_1/_3479_ not found.
[WARNING STA-1650] ./results/nangate45_3D/bp_fe/HBT/6_final.spef line 76384, net bp_fe_pc_gen_1/genblk1_branch_prediction_1/btb_1/_4034_ not found.
[WARNING STA-1650] ./results/nangate45_3D/bp_fe/HBT/6_final.spef line 76385, net bp_fe_pc_gen_1/genblk1_branch_prediction_1/btb_1/_4171_ not found.
[WARNING STA-1650] ./results/nangate45_3D/bp_fe/HBT/6_final.spef line 76386, net bp_fe_pc_gen_1/genblk1_branch_prediction_1/btb_1/_4185_ not found.
[WARNING STA-1650] ./results/nangate45_3D/bp_fe/HBT/6_final.spef line 76394, net bp_fe_pc_gen_1/genblk1_branch_prediction_1/btb_1/_1013_ not found.
[WARNING STA-1650] ./results/nangate45_3D/bp_fe/HBT/6_final.spef line 76395, net bp_fe_pc_gen_1/genblk1_branch_prediction_1/btb_1/valid\[198\] not found.
[WARNING STA-1650] ./results/nangate45_3D/bp_fe/HBT/6_final.spef line 76430, net icache_1/data_mem_bank_data_lo\[45\] not found.
[WARNING STA-1650] ./results/nangate45_3D/bp_fe/HBT/6_final.spef line 76431, net icache_1/data_mem_bank_data_lo\[45\] not found.
[WARNING STA-1650] ./results/nangate45_3D/bp_fe/HBT/6_final.spef line 76484, net bp_fe_pc_gen_1/_2830_ not found.
[WARNING STA-1650] ./results/nangate45_3D/bp_fe/HBT/6_final.spef line 76485, net bp_fe_pc_gen_1/_2861_ not found.
[WARNING STA-1650] ./results/nangate45_3D/bp_fe/HBT/6_final.spef line 76493, net bp_fe_pc_gen_1/_1801_ not found.
[WARNING STA-1650] ./results/nangate45_3D/bp_fe/HBT/6_final.spef line 76494, net bp_fe_pc_gen_1/_1820_ not found.
[WARNING STA-1650] ./results/nangate45_3D/bp_fe/HBT/6_final.spef line 76495, net bp_fe_pc_gen_1/genblk1_branch_prediction_1/btb_1/btb_mem/macro_mem/mem not found.
[WARNING STA-1650] ./results/nangate45_3D/bp_fe/HBT/6_final.spef line 76525, net bp_fe_pc_gen_1/_1117_ not found.
[WARNING STA-1650] ./results/nangate45_3D/bp_fe/HBT/6_final.spef line 76560, net bp_fe_pc_gen_1/_2762_ not found.
[WARNING STA-1650] ./results/nangate45_3D/bp_fe/HBT/6_final.spef line 76561, net bp_fe_pc_gen_1/_3149_ not found.
[WARNING STA-1650] ./results/nangate45_3D/bp_fe/HBT/6_final.spef line 76571, net icache_1/data_mem_bank_data_lo\[45\] not found.
[WARNING STA-1650] ./results/nangate45_3D/bp_fe/HBT/6_final.spef line 76572, net icache_1/data_mem_bank_data_lo\[45\] not found.
[WARNING STA-1650] ./results/nangate45_3D/bp_fe/HBT/6_final.spef line 76577, net icache_1/data_mem_bank_data_lo\[39\] not found.
[WARNING STA-1650] ./results/nangate45_3D/bp_fe/HBT/6_final.spef line 76578, net icache_1/data_mem_bank_data_lo\[45\] not found.
[WARNING STA-1650] ./results/nangate45_3D/bp_fe/HBT/6_final.spef line 76607, net bp_fe_pc_gen_1/_2719_ not found.
[WARNING STA-1650] ./results/nangate45_3D/bp_fe/HBT/6_final.spef line 76608, net bp_fe_pc_gen_1/_2833_ not found.
[WARNING STA-1650] ./results/nangate45_3D/bp_fe/HBT/6_final.spef line 76614, net bp_fe_pc_gen_1/_2859_ not found.
[WARNING STA-1650] ./results/nangate45_3D/bp_fe/HBT/6_final.spef line 76615, net bp_fe_pc_gen_1/_3086_ not found.
[WARNING STA-1650] ./results/nangate45_3D/bp_fe/HBT/6_final.spef line 76629, net bp_fe_pc_gen_1/_0540_ not found.
[WARNING STA-1650] ./results/nangate45_3D/bp_fe/HBT/6_final.spef line 76630, net bp_fe_pc_gen_1/btb_target\[20\] not found.
[WARNING STA-1650] ./results/nangate45_3D/bp_fe/HBT/6_final.spef line 76631, net bp_fe_pc_gen_1/btb_target\[29\] not found.
[WARNING STA-1650] ./results/nangate45_3D/bp_fe/HBT/6_final.spef line 76632, net bp_fe_pc_gen_1/btb_target\[37\] not found.
[WARNING STA-1650] ./results/nangate45_3D/bp_fe/HBT/6_final.spef line 76665, net bp_fe_pc_gen_1/genblk1_branch_prediction_1/btb_1/valid\[444\] not found.
[WARNING STA-1650] ./results/nangate45_3D/bp_fe/HBT/6_final.spef line 76783, net bp_fe_pc_gen_1/_3225_ not found.
[WARNING STA-1650] ./results/nangate45_3D/bp_fe/HBT/6_final.spef line 76784, net bp_fe_pc_gen_1/_3568_ not found.
[WARNING STA-1650] ./results/nangate45_3D/bp_fe/HBT/6_final.spef line 76785, net bp_fe_pc_gen_1/genblk1_branch_prediction_1/btb_1/_4637_ not found.
[WARNING STA-1650] ./results/nangate45_3D/bp_fe/HBT/6_final.spef line 76797, net icache_1/_12055_ not found.
[WARNING STA-1650] ./results/nangate45_3D/bp_fe/HBT/6_final.spef line 76798, net icache_1/_12095_ not found.
[WARNING STA-1650] ./results/nangate45_3D/bp_fe/HBT/6_final.spef line 76804, net icache_1/_05541_ not found.
[WARNING STA-1650] ./results/nangate45_3D/bp_fe/HBT/6_final.spef line 76805, net icache_1/_05541_ not found.
[WARNING STA-1650] ./results/nangate45_3D/bp_fe/HBT/6_final.spef line 76806, net icache_1/tag_mem.data_o\[14\] not found.
[WARNING STA-1650] ./results/nangate45_3D/bp_fe/HBT/6_final.spef line 76807, net icache_1/tag_mem.data_o\[20\] not found.
[WARNING STA-1650] ./results/nangate45_3D/bp_fe/HBT/6_final.spef line 76808, net icache_1/tag_mem.data_o\[21\] not found.
[WARNING STA-1650] ./results/nangate45_3D/bp_fe/HBT/6_final.spef line 76809, net icache_1/tag_mem.data_o\[22\] not found.
[WARNING STA-1650] ./results/nangate45_3D/bp_fe/HBT/6_final.spef line 76810, net icache_1/tag_mem.macro_mem.w_mask_i\[64\] not found.
[WARNING STA-1650] ./results/nangate45_3D/bp_fe/HBT/6_final.spef line 76811, net icache_1/tag_mem.macro_mem.w_mask_i\[86\] not found.
[WARNING STA-1650] ./results/nangate45_3D/bp_fe/HBT/6_final.spef line 76812, net icache_1/tag_mem.macro_mem.w_mask_i\[90\] not found.
[WARNING STA-1650] ./results/nangate45_3D/bp_fe/HBT/6_final.spef line 76813, net icache_1/_10939_ not found.
[WARNING STA-1650] ./results/nangate45_3D/bp_fe/HBT/6_final.spef line 76814, net icache_1/_10988_ not found.
[WARNING STA-1650] ./results/nangate45_3D/bp_fe/HBT/6_final.spef line 76815, net icache_1/_11026_ not found.
[WARNING STA-1650] ./results/nangate45_3D/bp_fe/HBT/6_final.spef line 76824, net icache_1/tag_mem.data_o\[54\] not found.
[WARNING STA-1650] ./results/nangate45_3D/bp_fe/HBT/6_final.spef line 76825, net icache_1/_11026_ not found.
[WARNING STA-1650] ./results/nangate45_3D/bp_fe/HBT/6_final.spef line 76829, net icache_1/lce/_21527_ not found.
[WARNING STA-1650] ./results/nangate45_3D/bp_fe/HBT/6_final.spef line 76836, net bp_fe_pc_gen_1/_2707_ not found.
[WARNING STA-1650] ./results/nangate45_3D/bp_fe/HBT/6_final.spef line 76837, net bp_fe_pc_gen_1/_2808_ not found.
[WARNING STA-1650] ./results/nangate45_3D/bp_fe/HBT/6_final.spef line 76838, net bp_fe_pc_gen_1/_2809_ not found.
[WARNING STA-1650] ./results/nangate45_3D/bp_fe/HBT/6_final.spef line 76839, net bp_fe_pc_gen_1/_2809_ not found.
[WARNING STA-1650] ./results/nangate45_3D/bp_fe/HBT/6_final.spef line 76840, net bp_fe_pc_gen_1/_2810_ not found.
[WARNING STA-1650] ./results/nangate45_3D/bp_fe/HBT/6_final.spef line 76841, net bp_fe_pc_gen_1/_2811_ not found.
[WARNING STA-1650] ./results/nangate45_3D/bp_fe/HBT/6_final.spef line 76842, net bp_fe_pc_gen_1/_2819_ not found.
[WARNING STA-1650] ./results/nangate45_3D/bp_fe/HBT/6_final.spef line 76843, net bp_fe_pc_gen_1/_2820_ not found.
[WARNING STA-1650] ./results/nangate45_3D/bp_fe/HBT/6_final.spef line 76844, net bp_fe_pc_gen_1/_3226_ not found.
[WARNING STA-1650] ./results/nangate45_3D/bp_fe/HBT/6_final.spef line 76845, net bp_fe_pc_gen_1/_3228_ not found.
[WARNING STA-1650] ./results/nangate45_3D/bp_fe/HBT/6_final.spef line 76846, net bp_fe_pc_gen_1/_3233_ not found.
[WARNING STA-1650] ./results/nangate45_3D/bp_fe/HBT/6_final.spef line 76847, net bp_fe_pc_gen_1/_3238_ not found.
[WARNING STA-1650] ./results/nangate45_3D/bp_fe/HBT/6_final.spef line 76848, net bp_fe_pc_gen_1/_3241_ not found.
[WARNING STA-1650] ./results/nangate45_3D/bp_fe/HBT/6_final.spef line 76849, net bp_fe_pc_gen_1/_3583_ not found.
[WARNING STA-1650] ./results/nangate45_3D/bp_fe/HBT/6_final.spef line 76850, net bp_fe_pc_gen_1/_4062_ not found.
[WARNING STA-1650] ./results/nangate45_3D/bp_fe/HBT/6_final.spef line 76851, net bp_fe_pc_gen_1/_4190_ not found.
[WARNING STA-1650] ./results/nangate45_3D/bp_fe/HBT/6_final.spef line 76852, net icache_1/_20550_ not found.
[WARNING STA-1650] ./results/nangate45_3D/bp_fe/HBT/6_final.spef line 76853, net icache_1/_20552_ not found.
[WARNING STA-1650] ./results/nangate45_3D/bp_fe/HBT/6_final.spef line 76854, net icache_1/_20553_ not found.
[WARNING STA-1650] ./results/nangate45_3D/bp_fe/HBT/6_final.spef line 76855, net icache_1/_20859_ not found.
[WARNING STA-1650] ./results/nangate45_3D/bp_fe/HBT/6_final.spef line 76875, net bp_fe_pc_gen_1/_1037_ not found.
[WARNING STA-1650] ./results/nangate45_3D/bp_fe/HBT/6_final.spef line 76876, net icache_1/addr_tv_r\[19\] not found.
[WARNING STA-1650] ./results/nangate45_3D/bp_fe/HBT/6_final.spef line 76939, net bp_fe_pc_gen_1/_3086_ not found.
[WARNING STA-1650] ./results/nangate45_3D/bp_fe/HBT/6_final.spef line 76940, net bp_fe_pc_gen_1/genblk1_branch_prediction_1/btb_1/btb_mem/macro_mem/mem not found.
[WARNING STA-1650] ./results/nangate45_3D/bp_fe/HBT/6_final.spef line 76958, net bp_fe_pc_gen_1/_2743_ not found.
[WARNING STA-1650] ./results/nangate45_3D/bp_fe/HBT/6_final.spef line 76959, net bp_fe_pc_gen_1/_3086_ not found.
[WARNING STA-1650] ./results/nangate45_3D/bp_fe/HBT/6_final.spef line 76969, net bp_fe_pc_gen_1/btb_target\[49\] not found.
[WARNING STA-1650] ./results/nangate45_3D/bp_fe/HBT/6_final.spef line 77052, net icache_1/data_mem_bank_data_lo\[128\] not found.
[WARNING STA-1650] ./results/nangate45_3D/bp_fe/HBT/6_final.spef line 77060, net icache_1/data_mem_bank_data_lo\[226\] not found.
[WARNING STA-1650] ./results/nangate45_3D/bp_fe/HBT/6_final.spef line 77061, net icache_1/data_mem_bank_data_lo\[249\] not found.
[WARNING STA-1650] ./results/nangate45_3D/bp_fe/HBT/6_final.spef line 77062, net icache_1/_11692_ not found.
[WARNING STA-1650] ./results/nangate45_3D/bp_fe/HBT/6_final.spef line 77063, net icache_1/_21192_ not found.
[WARNING STA-1650] ./results/nangate45_3D/bp_fe/HBT/6_final.spef line 77068, net icache_1/data_mem_bank_data_lo\[226\] not found.
[WARNING STA-1650] ./results/nangate45_3D/bp_fe/HBT/6_final.spef line 77069, net icache_1/data_mem_bank_data_lo\[249\] not found.
[WARNING STA-1650] ./results/nangate45_3D/bp_fe/HBT/6_final.spef line 77077, net icache_1/data_mem_bank_data_lo\[249\] not found.
[WARNING STA-1650] ./results/nangate45_3D/bp_fe/HBT/6_final.spef line 77088, net bp_fe_pc_gen_1/_1951_ not found.
[WARNING STA-1650] ./results/nangate45_3D/bp_fe/HBT/6_final.spef line 77090, net icache_1/lce/_18917_ not found.
[WARNING STA-1650] ./results/nangate45_3D/bp_fe/HBT/6_final.spef line 77091, net icache_1/tag_mem.macro_mem.mem not found.
[WARNING STA-1650] ./results/nangate45_3D/bp_fe/HBT/6_final.spef line 77092, net icache_1/tag_mem.macro_mem.mem not found.
[WARNING STA-1650] ./results/nangate45_3D/bp_fe/HBT/6_final.spef line 77093, net icache_1/tag_mem.macro_mem.mem not found.
[WARNING STA-1650] ./results/nangate45_3D/bp_fe/HBT/6_final.spef line 77094, net icache_1/tag_mem.macro_mem.mem not found.
[WARNING STA-1650] ./results/nangate45_3D/bp_fe/HBT/6_final.spef line 77095, net icache_1/tag_mem.macro_mem.mem not found.
[WARNING STA-1650] ./results/nangate45_3D/bp_fe/HBT/6_final.spef line 77099, net bp_fe_pc_gen_1/genblk1_branch_prediction_1/btb_1/N2080 not found.
[WARNING STA-1650] ./results/nangate45_3D/bp_fe/HBT/6_final.spef line 77100, net icache_1/tag_mem.data_i\[13\] not found.
[WARNING STA-1650] ./results/nangate45_3D/bp_fe/HBT/6_final.spef line 77101, net icache_1/tag_mem.data_i\[13\] not found.
[WARNING STA-1650] ./results/nangate45_3D/bp_fe/HBT/6_final.spef line 77102, net icache_1/tag_mem.data_i\[19\] not found.
[WARNING STA-1650] ./results/nangate45_3D/bp_fe/HBT/6_final.spef line 77103, net icache_1/tag_mem.data_i\[19\] not found.
[WARNING STA-1650] ./results/nangate45_3D/bp_fe/HBT/6_final.spef line 77104, net icache_1/tag_mem.data_i\[19\] not found.
[WARNING STA-1650] ./results/nangate45_3D/bp_fe/HBT/6_final.spef line 77105, net icache_1/tag_mem.data_i\[19\] not found.
[WARNING STA-1650] ./results/nangate45_3D/bp_fe/HBT/6_final.spef line 77106, net icache_1/lce/_18917_ not found.
[WARNING STA-1650] ./results/nangate45_3D/bp_fe/HBT/6_final.spef line 77114, net bp_fe_pc_gen_1/_0646_ not found.
[WARNING STA-1650] ./results/nangate45_3D/bp_fe/HBT/6_final.spef line 77155, net bp_fe_pc_gen_1/_2840_ not found.
[WARNING STA-1650] ./results/nangate45_3D/bp_fe/HBT/6_final.spef line 77156, net bp_fe_pc_gen_1/btb_target\[17\] not found.
[WARNING STA-1650] ./results/nangate45_3D/bp_fe/HBT/6_final.spef line 77161, net bp_fe_pc_gen_1/genblk1_branch_prediction_1/_0167_ not found.
[WARNING STA-1650] ./results/nangate45_3D/bp_fe/HBT/6_final.spef line 77168, net bp_fe_pc_gen_1/genblk1_branch_prediction_1/_0167_ not found.
[WARNING STA-1650] ./results/nangate45_3D/bp_fe/HBT/6_final.spef line 77169, net bp_fe_pc_gen_1/genblk1_branch_prediction_1/_0167_ not found.
[WARNING STA-1650] ./results/nangate45_3D/bp_fe/HBT/6_final.spef line 77170, net bp_fe_pc_gen_1/genblk1_branch_prediction_1/_0167_ not found.
[WARNING STA-1650] ./results/nangate45_3D/bp_fe/HBT/6_final.spef line 77207, net bp_fe_pc_gen_1/_3215_ not found.
[WARNING STA-1650] ./results/nangate45_3D/bp_fe/HBT/6_final.spef line 77208, net bp_fe_pc_gen_1/_3215_ not found.
[WARNING STA-1650] ./results/nangate45_3D/bp_fe/HBT/6_final.spef line 77209, net bp_fe_pc_gen_1/_3219_ not found.
[WARNING STA-1650] ./results/nangate45_3D/bp_fe/HBT/6_final.spef line 77210, net bp_fe_pc_gen_1/_3222_ not found.
[WARNING STA-1650] ./results/nangate45_3D/bp_fe/HBT/6_final.spef line 77211, net bp_fe_pc_gen_1/_3276_ not found.
[WARNING STA-1650] ./results/nangate45_3D/bp_fe/HBT/6_final.spef line 77212, net bp_fe_pc_gen_1/_3514_ not found.
[WARNING STA-1650] ./results/nangate45_3D/bp_fe/HBT/6_final.spef line 77213, net bp_fe_pc_gen_1/_3514_ not found.
[WARNING STA-1650] ./results/nangate45_3D/bp_fe/HBT/6_final.spef line 77214, net bp_fe_pc_gen_1/_3715_ not found.
[WARNING STA-1650] ./results/nangate45_3D/bp_fe/HBT/6_final.spef line 77215, net bp_fe_pc_gen_1/_3716_ not found.
[WARNING STA-1650] ./results/nangate45_3D/bp_fe/HBT/6_final.spef line 77216, net bp_fe_pc_gen_1/_4041_ not found.
[WARNING STA-1650] ./results/nangate45_3D/bp_fe/HBT/6_final.spef line 77217, net bp_fe_pc_gen_1/_4044_ not found.
[WARNING STA-1650] ./results/nangate45_3D/bp_fe/HBT/6_final.spef line 77218, net bp_fe_pc_gen_1/_4256_ not found.
[WARNING STA-1650] ./results/nangate45_3D/bp_fe/HBT/6_final.spef line 77219, net bp_fe_pc_gen_1/_4258_ not found.
[WARNING STA-1650] ./results/nangate45_3D/bp_fe/HBT/6_final.spef line 77220, net bp_fe_pc_gen_1/_4263_ not found.
[WARNING STA-1650] ./results/nangate45_3D/bp_fe/HBT/6_final.spef line 77221, net icache_1/_20508_ not found.
[WARNING STA-1650] ./results/nangate45_3D/bp_fe/HBT/6_final.spef line 77222, net icache_1/_20653_ not found.
[WARNING STA-1650] ./results/nangate45_3D/bp_fe/HBT/6_final.spef line 77223, net icache_1/_20675_ not found.
[WARNING STA-1650] ./results/nangate45_3D/bp_fe/HBT/6_final.spef line 77224, net icache_1/_21833_ not found.
[WARNING STA-1650] ./results/nangate45_3D/bp_fe/HBT/6_final.spef line 77225, net icache_1/_21835_ not found.
[WARNING STA-1650] ./results/nangate45_3D/bp_fe/HBT/6_final.spef line 77226, net icache_1/_21880_ not found.
[WARNING STA-1650] ./results/nangate45_3D/bp_fe/HBT/6_final.spef line 77245, net bp_fe_pc_gen_1/_0457_ not found.
[WARNING STA-1650] ./results/nangate45_3D/bp_fe/HBT/6_final.spef line 77246, net bp_fe_pc_gen_1/btb_target\[60\] not found.
[WARNING STA-1650] ./results/nangate45_3D/bp_fe/HBT/6_final.spef line 77247, net icache_1/eaddr_tl_r\[55\] not found.
[WARNING STA-1650] ./results/nangate45_3D/bp_fe/HBT/6_final.spef line 77295, net icache_1/data_mem_write_data\[226\] not found.
[WARNING STA-1650] ./results/nangate45_3D/bp_fe/HBT/6_final.spef line 77296, net bp_fe_pc_gen_1/genblk1_branch_prediction_1/btb_1/btb_mem/macro_mem/mem not found.
[WARNING STA-1650] ./results/nangate45_3D/bp_fe/HBT/6_final.spef line 77332, net bp_fe_pc_gen_1/genblk1_branch_prediction_1/btb_1/_4160_ not found.
[WARNING STA-1650] ./results/nangate45_3D/bp_fe/HBT/6_final.spef line 77333, net bp_fe_pc_gen_1/genblk1_branch_prediction_1/btb_1/_4160_ not found.
[WARNING STA-1650] ./results/nangate45_3D/bp_fe/HBT/6_final.spef line 77334, net bp_fe_pc_gen_1/genblk1_branch_prediction_1/btb_1/_4160_ not found.
[WARNING STA-1650] ./results/nangate45_3D/bp_fe/HBT/6_final.spef line 77347, net icache_1/data_mem_write_data\[186\] not found.
[WARNING STA-1650] ./results/nangate45_3D/bp_fe/HBT/6_final.spef line 77348, net icache_1/data_mem_write_data\[187\] not found.
[WARNING STA-1650] ./results/nangate45_3D/bp_fe/HBT/6_final.spef line 77356, net icache_1/data_mem_write_data\[187\] not found.
[WARNING STA-1650] ./results/nangate45_3D/bp_fe/HBT/6_final.spef line 77411, net bp_fe_pc_gen_1/_3220_ not found.
[WARNING STA-1650] ./results/nangate45_3D/bp_fe/HBT/6_final.spef line 77420, net bp_fe_pc_gen_1/_4246_ not found.
[WARNING STA-1650] ./results/nangate45_3D/bp_fe/HBT/6_final.spef line 77422, net bp_fe_pc_gen_1/_2534_ not found.
[WARNING STA-1650] ./results/nangate45_3D/bp_fe/HBT/6_final.spef line 77423, net bp_fe_pc_gen_1/_2544_ not found.
[WARNING STA-1650] ./results/nangate45_3D/bp_fe/HBT/6_final.spef line 77424, net bp_fe_pc_gen_1/_2546_ not found.
[WARNING STA-1650] ./results/nangate45_3D/bp_fe/HBT/6_final.spef line 77425, net bp_fe_pc_gen_1/_2571_ not found.
[WARNING STA-1650] ./results/nangate45_3D/bp_fe/HBT/6_final.spef line 77426, net bp_fe_pc_gen_1/_3191_ not found.
[WARNING STA-1650] ./results/nangate45_3D/bp_fe/HBT/6_final.spef line 77427, net bp_fe_pc_gen_1/_3208_ not found.
[WARNING STA-1650] ./results/nangate45_3D/bp_fe/HBT/6_final.spef line 77428, net bp_fe_pc_gen_1/_3208_ not found.
[WARNING STA-1650] ./results/nangate45_3D/bp_fe/HBT/6_final.spef line 77429, net bp_fe_pc_gen_1/_3209_ not found.
[WARNING STA-1650] ./results/nangate45_3D/bp_fe/HBT/6_final.spef line 77430, net bp_fe_pc_gen_1/_3214_ not found.
[WARNING STA-1650] ./results/nangate45_3D/bp_fe/HBT/6_final.spef line 77431, net bp_fe_pc_gen_1/_3216_ not found.
[WARNING STA-1650] ./results/nangate45_3D/bp_fe/HBT/6_final.spef line 77432, net bp_fe_pc_gen_1/_3220_ not found.
[WARNING STA-1650] ./results/nangate45_3D/bp_fe/HBT/6_final.spef line 77433, net bp_fe_pc_gen_1/_3220_ not found.
[WARNING STA-1650] ./results/nangate45_3D/bp_fe/HBT/6_final.spef line 77434, net bp_fe_pc_gen_1/_3262_ not found.
[WARNING STA-1650] ./results/nangate45_3D/bp_fe/HBT/6_final.spef line 77435, net bp_fe_pc_gen_1/_3276_ not found.
[WARNING STA-1650] ./results/nangate45_3D/bp_fe/HBT/6_final.spef line 77436, net bp_fe_pc_gen_1/_3759_ not found.
[WARNING STA-1650] ./results/nangate45_3D/bp_fe/HBT/6_final.spef line 77437, net bp_fe_pc_gen_1/_3899_ not found.
[WARNING STA-1650] ./results/nangate45_3D/bp_fe/HBT/6_final.spef line 77438, net bp_fe_pc_gen_1/_3953_ not found.
[WARNING STA-1650] ./results/nangate45_3D/bp_fe/HBT/6_final.spef line 77439, net bp_fe_pc_gen_1/_4101_ not found.
[WARNING STA-1650] ./results/nangate45_3D/bp_fe/HBT/6_final.spef line 77440, net bp_fe_pc_gen_1/_4106_ not found.
[WARNING STA-1650] ./results/nangate45_3D/bp_fe/HBT/6_final.spef line 77441, net bp_fe_pc_gen_1/_4152_ not found.
[WARNING STA-1650] ./results/nangate45_3D/bp_fe/HBT/6_final.spef line 77442, net bp_fe_pc_gen_1/_4280_ not found.
[WARNING STA-1650] ./results/nangate45_3D/bp_fe/HBT/6_final.spef line 77456, net bp_fe_pc_gen_1/_0461_ not found.
[WARNING STA-1650] ./results/nangate45_3D/bp_fe/HBT/6_final.spef line 77457, net bp_fe_pc_gen_1/_0481_ not found.
[WARNING STA-1650] ./results/nangate45_3D/bp_fe/HBT/6_final.spef line 77458, net bp_fe_pc_gen_1/_0511_ not found.
[WARNING STA-1650] ./results/nangate45_3D/bp_fe/HBT/6_final.spef line 77459, net bp_fe_pc_gen_1/_1033_ not found.
[WARNING STA-1650] ./results/nangate45_3D/bp_fe/HBT/6_final.spef line 77460, net bp_fe_pc_gen_1/_1033_ not found.
[WARNING STA-1650] ./results/nangate45_3D/bp_fe/HBT/6_final.spef line 77461, net bp_fe_pc_gen_1/_2130_ not found.
[WARNING STA-1650] ./results/nangate45_3D/bp_fe/HBT/6_final.spef line 77462, net bp_fe_pc_gen_1/_2130_ not found.
[WARNING STA-1650] ./results/nangate45_3D/bp_fe/HBT/6_final.spef line 77463, net bp_fe_pc_gen_1/icache_miss_pc\[50\] not found.
[WARNING STA-1650] ./results/nangate45_3D/bp_fe/HBT/6_final.spef line 77464, net bp_fe_pc_gen_1/pc_redirect\[50\] not found.
[WARNING STA-1650] ./results/nangate45_3D/bp_fe/HBT/6_final.spef line 77508, net bp_fe_pc_gen_1/genblk1_branch_prediction_1/btb_1/btb_mem/macro_mem/mem not found.
[WARNING STA-1650] ./results/nangate45_3D/bp_fe/HBT/6_final.spef line 77582, net icache_1/_12028_ not found.
[WARNING STA-1650] ./results/nangate45_3D/bp_fe/HBT/6_final.spef line 77583, net icache_1/_12115_ not found.
[WARNING STA-1650] ./results/nangate45_3D/bp_fe/HBT/6_final.spef line 77594, net icache_1/lce/_15007_ not found.
[WARNING STA-1650] ./results/nangate45_3D/bp_fe/HBT/6_final.spef line 77619, net bp_fe_pc_gen_1/_2389_ not found.
[WARNING STA-1650] ./results/nangate45_3D/bp_fe/HBT/6_final.spef line 77620, net bp_fe_pc_gen_1/_2895_ not found.
[WARNING STA-1650] ./results/nangate45_3D/bp_fe/HBT/6_final.spef line 77621, net bp_fe_pc_gen_1/_2895_ not found.
[WARNING STA-1650] ./results/nangate45_3D/bp_fe/HBT/6_final.spef line 77622, net bp_fe_pc_gen_1/_2903_ not found.
[WARNING STA-1650] ./results/nangate45_3D/bp_fe/HBT/6_final.spef line 77633, net bp_fe_pc_gen_1/_2647_ not found.
[WARNING STA-1650] ./results/nangate45_3D/bp_fe/HBT/6_final.spef line 77634, net bp_fe_pc_gen_1/_2708_ not found.
[WARNING STA-1650] ./results/nangate45_3D/bp_fe/HBT/6_final.spef line 77635, net bp_fe_pc_gen_1/_2760_ not found.
[WARNING STA-1650] ./results/nangate45_3D/bp_fe/HBT/6_final.spef line 77636, net bp_fe_pc_gen_1/_2783_ not found.
[WARNING STA-1650] ./results/nangate45_3D/bp_fe/HBT/6_final.spef line 77637, net bp_fe_pc_gen_1/_2808_ not found.
[WARNING STA-1650] ./results/nangate45_3D/bp_fe/HBT/6_final.spef line 77638, net bp_fe_pc_gen_1/_3225_ not found.
[WARNING STA-1650] ./results/nangate45_3D/bp_fe/HBT/6_final.spef line 77639, net bp_fe_pc_gen_1/genblk1_branch_prediction_1/btb_1/btb_mem/macro_mem/mem not found.
[WARNING STA-1650] ./results/nangate45_3D/bp_fe/HBT/6_final.spef line 77747, net bp_fe_pc_gen_1/_1450_ not found.
[WARNING STA-1650] ./results/nangate45_3D/bp_fe/HBT/6_final.spef line 77753, net bp_fe_pc_gen_1/genblk1_branch_prediction_1/btb_1/_3374_ not found.
[WARNING STA-1650] ./results/nangate45_3D/bp_fe/HBT/6_final.spef line 77781, net bp_fe_pc_gen_1/genblk1_branch_prediction_1/btb_1/btb_mem/macro_mem/mem not found.
[WARNING STA-1650] ./results/nangate45_3D/bp_fe/HBT/6_final.spef line 77782, net bp_fe_pc_gen_1/genblk1_branch_prediction_1/btb_1/btb_mem/macro_mem/mem not found.
[WARNING STA-1650] ./results/nangate45_3D/bp_fe/HBT/6_final.spef line 77791, net icache_1/data_mem_write_data\[22\] not found.
[WARNING STA-1650] ./results/nangate45_3D/bp_fe/HBT/6_final.spef line 77792, net icache_1/lce/_05017_ not found.
[WARNING STA-1650] ./results/nangate45_3D/bp_fe/HBT/6_final.spef line 77794, net bp_fe_pc_gen_1/genblk1_branch_prediction_1/btb_1/btb_mem/macro_mem/mem not found.
[WARNING STA-1650] ./results/nangate45_3D/bp_fe/HBT/6_final.spef line 77832, net bp_fe_pc_gen_1/_3963_ not found.
[WARNING STA-1650] ./results/nangate45_3D/bp_fe/HBT/6_final.spef line 77908, net icache_1/_14953_ not found.
[WARNING STA-1650] ./results/nangate45_3D/bp_fe/HBT/6_final.spef line 77917, net bp_fe_pc_gen_1/_3230_ not found.
[WARNING STA-1650] ./results/nangate45_3D/bp_fe/HBT/6_final.spef line 77961, net bp_fe_pc_gen_1/_2946_ not found.
[WARNING STA-1650] ./results/nangate45_3D/bp_fe/HBT/6_final.spef line 77962, net bp_fe_pc_gen_1/genblk1_branch_prediction_1/_0713_ not found.
[WARNING STA-1650] ./results/nangate45_3D/bp_fe/HBT/6_final.spef line 77963, net bp_fe_pc_gen_1/genblk1_branch_prediction_1/_1025_ not found.
[WARNING STA-1650] ./results/nangate45_3D/bp_fe/HBT/6_final.spef line 77973, net bp_fe_pc_gen_1/_0511_ not found.
[WARNING STA-1650] ./results/nangate45_3D/bp_fe/HBT/6_final.spef line 77974, net bp_fe_pc_gen_1/_0511_ not found.
[WARNING STA-1650] ./results/nangate45_3D/bp_fe/HBT/6_final.spef line 77975, net bp_fe_pc_gen_1/genblk1_branch_prediction_1/_0147_ not found.
[WARNING STA-1650] ./results/nangate45_3D/bp_fe/HBT/6_final.spef line 77976, net bp_fe_pc_gen_1/genblk1_branch_prediction_1/_0167_ not found.
[WARNING STA-1650] ./results/nangate45_3D/bp_fe/HBT/6_final.spef line 77977, net bp_fe_pc_gen_1/genblk1_branch_prediction_1/_0167_ not found.
[WARNING STA-1650] ./results/nangate45_3D/bp_fe/HBT/6_final.spef line 77978, net bp_fe_pc_gen_1/genblk1_branch_prediction_1/_0188_ not found.
[WARNING STA-1650] ./results/nangate45_3D/bp_fe/HBT/6_final.spef line 77979, net bp_fe_pc_gen_1/genblk1_branch_prediction_1/_0212_ not found.
[WARNING STA-1650] ./results/nangate45_3D/bp_fe/HBT/6_final.spef line 78015, net icache_1/_19267_ not found.
[WARNING STA-1650] ./results/nangate45_3D/bp_fe/HBT/6_final.spef line 78016, net icache_1/lce/_14701_ not found.
[WARNING STA-1650] ./results/nangate45_3D/bp_fe/HBT/6_final.spef line 78017, net icache_1/lce/_18482_ not found.
[WARNING STA-1650] ./results/nangate45_3D/bp_fe/HBT/6_final.spef line 78057, net bp_fe_pc_gen_1/_2853_ not found.
[WARNING STA-1650] ./results/nangate45_3D/bp_fe/HBT/6_final.spef line 78058, net bp_fe_pc_gen_1/_2925_ not found.
[WARNING STA-1650] ./results/nangate45_3D/bp_fe/HBT/6_final.spef line 78059, net bp_fe_pc_gen_1/_3064_ not found.
[WARNING STA-1650] ./results/nangate45_3D/bp_fe/HBT/6_final.spef line 78060, net bp_fe_pc_gen_1/genblk1_branch_prediction_1/_0723_ not found.
[WARNING STA-1650] ./results/nangate45_3D/bp_fe/HBT/6_final.spef line 78077, net bp_fe_pc_gen_1/_1922_ not found.
[WARNING STA-1650] ./results/nangate45_3D/bp_fe/HBT/6_final.spef line 78078, net bp_fe_pc_gen_1/btb_target\[20\] not found.
[WARNING STA-1650] ./results/nangate45_3D/bp_fe/HBT/6_final.spef line 78079, net bp_fe_pc_gen_1/btb_target\[62\] not found.
[WARNING STA-1650] ./results/nangate45_3D/bp_fe/HBT/6_final.spef line 78080, net bp_fe_pc_gen_1/genblk1_branch_prediction_1/_0173_ not found.
[WARNING STA-1650] ./results/nangate45_3D/bp_fe/HBT/6_final.spef line 78081, net bp_fe_pc_gen_1/genblk1_branch_prediction_1/_0174_ not found.
[WARNING STA-1650] ./results/nangate45_3D/bp_fe/HBT/6_final.spef line 78082, net bp_fe_pc_gen_1/genblk1_branch_prediction_1/_0356_ not found.
[WARNING STA-1650] ./results/nangate45_3D/bp_fe/HBT/6_final.spef line 78083, net bp_fe_pc_gen_1/predict not found.
[WARNING STA-1650] ./results/nangate45_3D/bp_fe/HBT/6_final.spef line 78090, net bp_fe_pc_gen_1/_3860_ not found.
[WARNING STA-1650] ./results/nangate45_3D/bp_fe/HBT/6_final.spef line 78120, net bp_fe_pc_gen_1/_1450_ not found.
[WARNING STA-1650] ./results/nangate45_3D/bp_fe/HBT/6_final.spef line 78130, net icache_1/data_mem_write_data\[0\] not found.
[WARNING STA-1650] ./results/nangate45_3D/bp_fe/HBT/6_final.spef line 78131, net icache_1/data_mem_write_data\[45\] not found.
[WARNING STA-1650] ./results/nangate45_3D/bp_fe/HBT/6_final.spef line 78168, net bp_fe_pc_gen_1/genblk1_branch_prediction_1/btb_1/btb_mem/macro_mem/mem not found.
[WARNING STA-1650] ./results/nangate45_3D/bp_fe/HBT/6_final.spef line 78169, net bp_fe_pc_gen_1/genblk1_branch_prediction_1/btb_1/btb_mem/macro_mem/mem not found.
[WARNING STA-1650] ./results/nangate45_3D/bp_fe/HBT/6_final.spef line 78170, net bp_fe_pc_gen_1/genblk1_branch_prediction_1/btb_1/btb_mem/macro_mem/mem not found.
[WARNING STA-1650] ./results/nangate45_3D/bp_fe/HBT/6_final.spef line 78205, net bp_fe_pc_gen_1/_3092_ not found.
[WARNING STA-1650] ./results/nangate45_3D/bp_fe/HBT/6_final.spef line 78208, net bp_fe_pc_gen_1/_3071_ not found.
[WARNING STA-1650] ./results/nangate45_3D/bp_fe/HBT/6_final.spef line 78209, net bp_fe_pc_gen_1/_3071_ not found.
[WARNING STA-1650] ./results/nangate45_3D/bp_fe/HBT/6_final.spef line 78210, net bp_fe_pc_gen_1/_3092_ not found.
[WARNING STA-1650] ./results/nangate45_3D/bp_fe/HBT/6_final.spef line 78211, net bp_fe_pc_gen_1/_3794_ not found.
[WARNING STA-1650] ./results/nangate45_3D/bp_fe/HBT/6_final.spef line 78212, net bp_fe_pc_gen_1/_4294_ not found.
[WARNING STA-1650] ./results/nangate45_3D/bp_fe/HBT/6_final.spef line 78226, net bp_fe_pc_gen_1/icache_miss_pc\[51\] not found.
[WARNING STA-1650] ./results/nangate45_3D/bp_fe/HBT/6_final.spef line 78273, net icache_1/_14716_ not found.
[WARNING STA-1650] ./results/nangate45_3D/bp_fe/HBT/6_final.spef line 78284, net icache_1/data_mem_write_data\[380\] not found.
[WARNING STA-1650] ./results/nangate45_3D/bp_fe/HBT/6_final.spef line 78297, net bp_fe_pc_gen_1/_2994_ not found.
[WARNING STA-1650] ./results/nangate45_3D/bp_fe/HBT/6_final.spef line 78298, net bp_fe_pc_gen_1/_3789_ not found.
[WARNING STA-1650] ./results/nangate45_3D/bp_fe/HBT/6_final.spef line 78305, net bp_fe_pc_gen_1/btb_target\[28\] not found.
[WARNING STA-1650] ./results/nangate45_3D/bp_fe/HBT/6_final.spef line 78335, net bp_fe_pc_gen_1/_3527_ not found.
[WARNING STA-1650] ./results/nangate45_3D/bp_fe/HBT/6_final.spef line 78351, net icache_1/_10902_ not found.
[WARNING STA-1650] ./results/nangate45_3D/bp_fe/HBT/6_final.spef line 78355, net icache_1/_10902_ not found.
[WARNING STA-1650] ./results/nangate45_3D/bp_fe/HBT/6_final.spef line 78356, net icache_1/_10920_ not found.
[WARNING STA-1650] ./results/nangate45_3D/bp_fe/HBT/6_final.spef line 78357, net icache_1/_10922_ not found.
[WARNING STA-1650] ./results/nangate45_3D/bp_fe/HBT/6_final.spef line 78358, net icache_1/_10922_ not found.
[WARNING STA-1650] ./results/nangate45_3D/bp_fe/HBT/6_final.spef line 78359, net icache_1/_10956_ not found.
[WARNING STA-1650] ./results/nangate45_3D/bp_fe/HBT/6_final.spef line 78360, net icache_1/_10957_ not found.
[WARNING STA-1650] ./results/nangate45_3D/bp_fe/HBT/6_final.spef line 78361, net icache_1/_11129_ not found.
[WARNING STA-1650] ./results/nangate45_3D/bp_fe/HBT/6_final.spef line 78362, net icache_1/_11131_ not found.
[WARNING STA-1650] ./results/nangate45_3D/bp_fe/HBT/6_final.spef line 78363, net icache_1/lce/_15314_ not found.
[WARNING STA-1650] ./results/nangate45_3D/bp_fe/HBT/6_final.spef line 78364, net icache_1/lce/_15315_ not found.
[WARNING STA-1650] ./results/nangate45_3D/bp_fe/HBT/6_final.spef line 78371, net icache_1/tag_mem.data_o\[53\] not found.
[WARNING STA-1650] ./results/nangate45_3D/bp_fe/HBT/6_final.spef line 78396, net bp_fe_pc_gen_1/genblk1_branch_prediction_1/btb_1/_3486_ not found.
[WARNING STA-1650] ./results/nangate45_3D/bp_fe/HBT/6_final.spef line 78440, net bp_fe_pc_gen_1/genblk1_branch_prediction_1/_0630_ not found.
[WARNING STA-1650] ./results/nangate45_3D/bp_fe/HBT/6_final.spef line 78441, net bp_fe_pc_gen_1/genblk1_branch_prediction_1/_0790_ not found.
[WARNING STA-1650] ./results/nangate45_3D/bp_fe/HBT/6_final.spef line 78450, net bp_fe_pc_gen_1/_1450_ not found.
[WARNING STA-1650] ./results/nangate45_3D/bp_fe/HBT/6_final.spef line 78451, net bp_fe_pc_gen_1/genblk1_branch_prediction_1/_0206_ not found.
[WARNING STA-1650] ./results/nangate45_3D/bp_fe/HBT/6_final.spef line 78482, net bp_fe_pc_gen_1/genblk1_branch_prediction_1/btb_1/btb_mem/macro_mem/mem not found.
[WARNING STA-1650] ./results/nangate45_3D/bp_fe/HBT/6_final.spef line 78492, net bp_fe_pc_gen_1/_3534_ not found.
[WARNING STA-1650] ./results/nangate45_3D/bp_fe/HBT/6_final.spef line 78493, net bp_fe_pc_gen_1/_3535_ not found.
[WARNING STA-1650] ./results/nangate45_3D/bp_fe/HBT/6_final.spef line 78494, net bp_fe_pc_gen_1/_3725_ not found.
[WARNING STA-1650] ./results/nangate45_3D/bp_fe/HBT/6_final.spef line 78495, net bp_fe_pc_gen_1/genblk1_branch_prediction_1/btb_1/btb_mem/macro_mem/mem not found.
[WARNING STA-1650] ./results/nangate45_3D/bp_fe/HBT/6_final.spef line 78496, net bp_fe_pc_gen_1/genblk1_branch_prediction_1/btb_1/btb_mem/macro_mem/mem not found.
[WARNING STA-1650] ./results/nangate45_3D/bp_fe/HBT/6_final.spef line 78497, net bp_fe_pc_gen_1/genblk1_branch_prediction_1/btb_1/btb_mem/macro_mem/mem not found.
[WARNING STA-1650] ./results/nangate45_3D/bp_fe/HBT/6_final.spef line 78498, net bp_fe_pc_gen_1/genblk1_branch_prediction_1/btb_1/btb_mem/macro_mem/mem not found.
[WARNING STA-1650] ./results/nangate45_3D/bp_fe/HBT/6_final.spef line 78502, net bp_fe_pc_gen_1/last_pc\[57\] not found.
[WARNING STA-1650] ./results/nangate45_3D/bp_fe/HBT/6_final.spef line 78505, net bp_fe_pc_gen_1/_1054_ not found.
[WARNING STA-1650] ./results/nangate45_3D/bp_fe/HBT/6_final.spef line 78546, net icache_1/data_mem_write_data\[11\] not found.
[WARNING STA-1650] ./results/nangate45_3D/bp_fe/HBT/6_final.spef line 78548, net icache_1/lce/_10735_ not found.
[WARNING STA-1650] ./results/nangate45_3D/bp_fe/HBT/6_final.spef line 78549, net icache_1/lce/_10736_ not found.
[WARNING STA-1650] ./results/nangate45_3D/bp_fe/HBT/6_final.spef line 78550, net icache_1/lce/_13680_ not found.
[WARNING STA-1650] ./results/nangate45_3D/bp_fe/HBT/6_final.spef line 78551, net icache_1/lce/_13680_ not found.
[WARNING STA-1650] ./results/nangate45_3D/bp_fe/HBT/6_final.spef line 78552, net icache_1/lce/_15023_ not found.
[WARNING STA-1650] ./results/nangate45_3D/bp_fe/HBT/6_final.spef line 78553, net icache_1/lce/_15135_ not found.
[WARNING STA-1650] ./results/nangate45_3D/bp_fe/HBT/6_final.spef line 78554, net icache_1/lce/_15137_ not found.
[WARNING STA-1650] ./results/nangate45_3D/bp_fe/HBT/6_final.spef line 78555, net icache_1/lce/_15324_ not found.
[WARNING STA-1650] ./results/nangate45_3D/bp_fe/HBT/6_final.spef line 78556, net icache_1/lce/_15342_ not found.
[WARNING STA-1650] ./results/nangate45_3D/bp_fe/HBT/6_final.spef line 78557, net icache_1/lce/_17615_ not found.
[WARNING STA-1650] ./results/nangate45_3D/bp_fe/HBT/6_final.spef line 78558, net icache_1/lce/_17624_ not found.
[WARNING STA-1650] ./results/nangate45_3D/bp_fe/HBT/6_final.spef line 78559, net icache_1/lce/_19470_ not found.
[WARNING STA-1650] ./results/nangate45_3D/bp_fe/HBT/6_final.spef line 78560, net icache_1/lce/_21508_ not found.
[WARNING STA-1650] ./results/nangate45_3D/bp_fe/HBT/6_final.spef line 78561, net icache_1/lce/_21516_ not found.
[WARNING STA-1650] ./results/nangate45_3D/bp_fe/HBT/6_final.spef line 78572, net icache_1/lce/lce_cmd_fifo.mem_1r1w.synth.mem\[46\] not found.
[WARNING STA-1650] ./results/nangate45_3D/bp_fe/HBT/6_final.spef line 78573, net icache_1/metadata_mem.addr_i\[1\] not found.
[WARNING STA-1650] ./results/nangate45_3D/bp_fe/HBT/6_final.spef line 78579, net bp_fe_pc_gen_1/btb_target\[63\] not found.
[WARNING STA-1650] ./results/nangate45_3D/bp_fe/HBT/6_final.spef line 78613, net bp_fe_pc_gen_1/_3504_ not found.
[WARNING STA-1650] ./results/nangate45_3D/bp_fe/HBT/6_final.spef line 78614, net bp_fe_pc_gen_1/_3504_ not found.
[WARNING STA-1650] ./results/nangate45_3D/bp_fe/HBT/6_final.spef line 78615, net bp_fe_pc_gen_1/_3506_ not found.
[WARNING STA-1650] ./results/nangate45_3D/bp_fe/HBT/6_final.spef line 78616, net bp_fe_pc_gen_1/_3802_ not found.
[WARNING STA-1650] ./results/nangate45_3D/bp_fe/HBT/6_final.spef line 78617, net bp_fe_pc_gen_1/_3803_ not found.
[WARNING STA-1650] ./results/nangate45_3D/bp_fe/HBT/6_final.spef line 78618, net bp_fe_pc_gen_1/_3804_ not found.
[WARNING STA-1650] ./results/nangate45_3D/bp_fe/HBT/6_final.spef line 78619, net bp_fe_pc_gen_1/_3804_ not found.
[WARNING STA-1650] ./results/nangate45_3D/bp_fe/HBT/6_final.spef line 78620, net icache_1/_21829_ not found.
[WARNING STA-1650] ./results/nangate45_3D/bp_fe/HBT/6_final.spef line 78621, net icache_1/_21881_ not found.
[WARNING STA-1650] ./results/nangate45_3D/bp_fe/HBT/6_final.spef line 78739, net icache_1/data_mem_write_data\[142\] not found.
[WARNING STA-1650] ./results/nangate45_3D/bp_fe/HBT/6_final.spef line 78766, net icache_1/data_mem_bank_addr_li\[19\] not found.
[WARNING STA-1650] ./results/nangate45_3D/bp_fe/HBT/6_final.spef line 78767, net icache_1/data_mem_write_data\[197\] not found.
[WARNING STA-1650] ./results/nangate45_3D/bp_fe/HBT/6_final.spef line 78768, net icache_1/data_mem_write_data\[231\] not found.
[WARNING STA-1650] ./results/nangate45_3D/bp_fe/HBT/6_final.spef line 78769, net icache_1/data_mem_write_data\[197\] not found.
[WARNING STA-1650] ./results/nangate45_3D/bp_fe/HBT/6_final.spef line 78780, net icache_1/data_mem_write_data\[197\] not found.
[WARNING STA-1650] ./results/nangate45_3D/bp_fe/HBT/6_final.spef line 78783, net bp_fe_pc_gen_1/_3157_ not found.
[WARNING STA-1650] ./results/nangate45_3D/bp_fe/HBT/6_final.spef line 78784, net bp_fe_pc_gen_1/_3163_ not found.
[WARNING STA-1650] ./results/nangate45_3D/bp_fe/HBT/6_final.spef line 78785, net bp_fe_pc_gen_1/_3166_ not found.
[WARNING STA-1650] ./results/nangate45_3D/bp_fe/HBT/6_final.spef line 78786, net bp_fe_pc_gen_1/_3168_ not found.
[WARNING STA-1650] ./results/nangate45_3D/bp_fe/HBT/6_final.spef line 78787, net bp_fe_pc_gen_1/_3841_ not found.
[WARNING STA-1650] ./results/nangate45_3D/bp_fe/HBT/6_final.spef line 78788, net bp_fe_pc_gen_1/_4093_ not found.
[WARNING STA-1650] ./results/nangate45_3D/bp_fe/HBT/6_final.spef line 78789, net icache_1/_20491_ not found.
[WARNING STA-1650] ./results/nangate45_3D/bp_fe/HBT/6_final.spef line 78790, net icache_1/_20492_ not found.
[WARNING STA-1650] ./results/nangate45_3D/bp_fe/HBT/6_final.spef line 78798, net bp_fe_pc_gen_1/btb_target\[32\] not found.
[WARNING STA-1650] ./results/nangate45_3D/bp_fe/HBT/6_final.spef line 78799, net bp_fe_pc_gen_1/btb_target\[32\] not found.
[WARNING STA-1650] ./results/nangate45_3D/bp_fe/HBT/6_final.spef line 78861, net bp_fe_pc_gen_1/_3071_ not found.
[WARNING STA-1650] ./results/nangate45_3D/bp_fe/HBT/6_final.spef line 78873, net icache_1/_19950_ not found.
[WARNING STA-1650] ./results/nangate45_3D/bp_fe/HBT/6_final.spef line 78874, net icache_1/_19953_ not found.
[WARNING STA-1650] ./results/nangate45_3D/bp_fe/HBT/6_final.spef line 78933, net icache_1/lce/_12609_ not found.
[WARNING STA-1650] ./results/nangate45_3D/bp_fe/HBT/6_final.spef line 78980, net icache_1/_13150_ not found.
[WARNING STA-1650] ./results/nangate45_3D/bp_fe/HBT/6_final.spef line 78992, net bp_fe_pc_gen_1/genblk1_branch_prediction_1/btb_1/addr\[8\] not found.
[WARNING STA-1650] ./results/nangate45_3D/bp_fe/HBT/6_final.spef line 78993, net icache_1/data_mem_write_data\[61\] not found.
[WARNING STA-1650] ./results/nangate45_3D/bp_fe/HBT/6_final.spef line 79021, net bp_fe_pc_gen_1/_3340_ not found.
[WARNING STA-1650] ./results/nangate45_3D/bp_fe/HBT/6_final.spef line 79022, net bp_fe_pc_gen_1/genblk1_branch_prediction_1/btb_1/btb_mem/macro_mem/mem not found.
[WARNING STA-1650] ./results/nangate45_3D/bp_fe/HBT/6_final.spef line 79045, net bp_fe_pc_gen_1/_3092_ not found.
[WARNING STA-1650] ./results/nangate45_3D/bp_fe/HBT/6_final.spef line 79068, net bp_fe_pc_gen_1/_2476_ not found.
[WARNING STA-1650] ./results/nangate45_3D/bp_fe/HBT/6_final.spef line 79069, net bp_fe_pc_gen_1/_3085_ not found.
[WARNING STA-1650] ./results/nangate45_3D/bp_fe/HBT/6_final.spef line 79070, net bp_fe_pc_gen_1/_3088_ not found.
[WARNING STA-1650] ./results/nangate45_3D/bp_fe/HBT/6_final.spef line 79071, net bp_fe_pc_gen_1/_3114_ not found.
[WARNING STA-1650] ./results/nangate45_3D/bp_fe/HBT/6_final.spef line 79072, net bp_fe_pc_gen_1/_3117_ not found.
[WARNING STA-1650] ./results/nangate45_3D/bp_fe/HBT/6_final.spef line 79073, net bp_fe_pc_gen_1/_3470_ not found.
[WARNING STA-1650] ./results/nangate45_3D/bp_fe/HBT/6_final.spef line 79074, net bp_fe_pc_gen_1/_3799_ not found.
[WARNING STA-1650] ./results/nangate45_3D/bp_fe/HBT/6_final.spef line 79075, net bp_fe_pc_gen_1/_3801_ not found.
[WARNING STA-1650] ./results/nangate45_3D/bp_fe/HBT/6_final.spef line 79076, net bp_fe_pc_gen_1/_3801_ not found.
[WARNING STA-1650] ./results/nangate45_3D/bp_fe/HBT/6_final.spef line 79077, net bp_fe_pc_gen_1/_3896_ not found.
[WARNING STA-1650] ./results/nangate45_3D/bp_fe/HBT/6_final.spef line 79078, net icache_1/_20653_ not found.
[WARNING STA-1650] ./results/nangate45_3D/bp_fe/HBT/6_final.spef line 79079, net icache_1/_20653_ not found.
[WARNING STA-1650] ./results/nangate45_3D/bp_fe/HBT/6_final.spef line 79080, net icache_1/_21866_ not found.
[WARNING STA-1650] ./results/nangate45_3D/bp_fe/HBT/6_final.spef line 79088, net bp_fe_pc_gen_1/_0511_ not found.
[WARNING STA-1650] ./results/nangate45_3D/bp_fe/HBT/6_final.spef line 79089, net bp_fe_pc_gen_1/icache_miss_pc\[37\] not found.
[WARNING STA-1650] ./results/nangate45_3D/bp_fe/HBT/6_final.spef line 79090, net bp_fe_pc_gen_1/icache_miss_pc\[37\] not found.
[WARNING STA-1650] ./results/nangate45_3D/bp_fe/HBT/6_final.spef line 79117, net bp_fe_pc_gen_1/_3031_ not found.
[WARNING STA-1650] ./results/nangate45_3D/bp_fe/HBT/6_final.spef line 79118, net bp_fe_pc_gen_1/_3032_ not found.
[WARNING STA-1650] ./results/nangate45_3D/bp_fe/HBT/6_final.spef line 79119, net bp_fe_pc_gen_1/_3032_ not found.
[WARNING STA-1650] ./results/nangate45_3D/bp_fe/HBT/6_final.spef line 79120, net bp_fe_pc_gen_1/_3032_ not found.
[WARNING STA-1650] ./results/nangate45_3D/bp_fe/HBT/6_final.spef line 79121, net bp_fe_pc_gen_1/_3033_ not found.
[WARNING STA-1650] ./results/nangate45_3D/bp_fe/HBT/6_final.spef line 79122, net bp_fe_pc_gen_1/_3034_ not found.
[WARNING STA-1650] ./results/nangate45_3D/bp_fe/HBT/6_final.spef line 79123, net bp_fe_pc_gen_1/_3453_ not found.
[WARNING STA-1650] ./results/nangate45_3D/bp_fe/HBT/6_final.spef line 79124, net bp_fe_pc_gen_1/_3743_ not found.
[WARNING STA-1650] ./results/nangate45_3D/bp_fe/HBT/6_final.spef line 79125, net bp_fe_pc_gen_1/_4083_ not found.
[WARNING STA-1650] ./results/nangate45_3D/bp_fe/HBT/6_final.spef line 79126, net icache_1/_21804_ not found.
[WARNING STA-1650] ./results/nangate45_3D/bp_fe/HBT/6_final.spef line 79127, net icache_1/_21856_ not found.
[WARNING STA-1650] ./results/nangate45_3D/bp_fe/HBT/6_final.spef line 79128, net icache_1/_21856_ not found.
[WARNING STA-1650] ./results/nangate45_3D/bp_fe/HBT/6_final.spef line 79129, net icache_1/_21857_ not found.
[WARNING STA-1650] ./results/nangate45_3D/bp_fe/HBT/6_final.spef line 79130, net icache_1/_21857_ not found.
[WARNING STA-1650] ./results/nangate45_3D/bp_fe/HBT/6_final.spef line 79139, net bp_fe_pc_gen_1/_2457_ not found.
[WARNING STA-1650] ./results/nangate45_3D/bp_fe/HBT/6_final.spef line 79140, net bp_fe_pc_gen_1/_2487_ not found.
[WARNING STA-1650] ./results/nangate45_3D/bp_fe/HBT/6_final.spef line 79141, net bp_fe_pc_gen_1/_2488_ not found.
[WARNING STA-1650] ./results/nangate45_3D/bp_fe/HBT/6_final.spef line 79142, net bp_fe_pc_gen_1/_2488_ not found.
[WARNING STA-1650] ./results/nangate45_3D/bp_fe/HBT/6_final.spef line 79143, net bp_fe_pc_gen_1/_3032_ not found.
[WARNING STA-1650] ./results/nangate45_3D/bp_fe/HBT/6_final.spef line 79144, net bp_fe_pc_gen_1/_3039_ not found.
[WARNING STA-1650] ./results/nangate45_3D/bp_fe/HBT/6_final.spef line 79145, net bp_fe_pc_gen_1/_3050_ not found.
[WARNING STA-1650] ./results/nangate45_3D/bp_fe/HBT/6_final.spef line 79146, net bp_fe_pc_gen_1/_3050_ not found.
[WARNING STA-1650] ./results/nangate45_3D/bp_fe/HBT/6_final.spef line 79147, net bp_fe_pc_gen_1/_3051_ not found.
[WARNING STA-1650] ./results/nangate45_3D/bp_fe/HBT/6_final.spef line 79148, net bp_fe_pc_gen_1/_3053_ not found.
[WARNING STA-1650] ./results/nangate45_3D/bp_fe/HBT/6_final.spef line 79149, net bp_fe_pc_gen_1/_3111_ not found.
[WARNING STA-1650] ./results/nangate45_3D/bp_fe/HBT/6_final.spef line 79150, net bp_fe_pc_gen_1/_3112_ not found.
[WARNING STA-1650] ./results/nangate45_3D/bp_fe/HBT/6_final.spef line 79151, net bp_fe_pc_gen_1/_3113_ not found.
[WARNING STA-1650] ./results/nangate45_3D/bp_fe/HBT/6_final.spef line 79152, net bp_fe_pc_gen_1/_3896_ not found.
[WARNING STA-1650] ./results/nangate45_3D/bp_fe/HBT/6_final.spef line 79153, net bp_fe_pc_gen_1/_3909_ not found.
[WARNING STA-1650] ./results/nangate45_3D/bp_fe/HBT/6_final.spef line 79154, net bp_fe_pc_gen_1/_3945_ not found.
[WARNING STA-1650] ./results/nangate45_3D/bp_fe/HBT/6_final.spef line 79155, net bp_fe_pc_gen_1/_3948_ not found.
[WARNING STA-1650] ./results/nangate45_3D/bp_fe/HBT/6_final.spef line 79156, net bp_fe_pc_gen_1/_4010_ not found.
[WARNING STA-1650] ./results/nangate45_3D/bp_fe/HBT/6_final.spef line 79157, net bp_fe_pc_gen_1/_4010_ not found.
[WARNING STA-1650] ./results/nangate45_3D/bp_fe/HBT/6_final.spef line 79161, net bp_fe_pc_gen_1/_0390_ not found.
[WARNING STA-1650] ./results/nangate45_3D/bp_fe/HBT/6_final.spef line 79162, net bp_fe_pc_gen_1/_0392_ not found.
[WARNING STA-1650] ./results/nangate45_3D/bp_fe/HBT/6_final.spef line 79163, net bp_fe_pc_gen_1/_1516_ not found.
[WARNING STA-1650] ./results/nangate45_3D/bp_fe/HBT/6_final.spef line 79164, net bp_fe_pc_gen_1/_2069_ not found.
[WARNING STA-1650] ./results/nangate45_3D/bp_fe/HBT/6_final.spef line 79165, net bp_fe_pc_gen_1/_2073_ not found.
[WARNING STA-1650] ./results/nangate45_3D/bp_fe/HBT/6_final.spef line 79236, net bp_fe_pc_gen_1/_3716_ not found.
[WARNING STA-1650] ./results/nangate45_3D/bp_fe/HBT/6_final.spef line 79257, net bp_fe_pc_gen_1/_3206_ not found.
[WARNING STA-1650] ./results/nangate45_3D/bp_fe/HBT/6_final.spef line 79284, net bp_fe_pc_gen_1/genblk1_branch_prediction_1/btb_1/btb_mem/macro_mem/mem not found.
[WARNING STA-1650] ./results/nangate45_3D/bp_fe/HBT/6_final.spef line 79290, net bp_fe_pc_gen_1/_2743_ not found.
[WARNING STA-1650] ./results/nangate45_3D/bp_fe/HBT/6_final.spef line 79291, net bp_fe_pc_gen_1/_2859_ not found.
[WARNING STA-1650] ./results/nangate45_3D/bp_fe/HBT/6_final.spef line 79292, net bp_fe_pc_gen_1/_3086_ not found.
[WARNING STA-1650] ./results/nangate45_3D/bp_fe/HBT/6_final.spef line 79293, net bp_fe_pc_gen_1/genblk1_branch_prediction_1/btb_1/btb_mem/macro_mem/mem not found.
[WARNING STA-1650] ./results/nangate45_3D/bp_fe/HBT/6_final.spef line 79306, net bp_fe_pc_gen_1/_0540_ not found.
[WARNING STA-1650] ./results/nangate45_3D/bp_fe/HBT/6_final.spef line 79307, net bp_fe_pc_gen_1/btb_target\[49\] not found.
[WARNING STA-1650] ./results/nangate45_3D/bp_fe/HBT/6_final.spef line 79333, net bp_fe_pc_gen_1/genblk1_branch_prediction_1/btb_1/btb_mem/macro_mem/mem not found.
[WARNING STA-1650] ./results/nangate45_3D/bp_fe/HBT/6_final.spef line 79365, net bp_fe_pc_gen_1/genblk1_branch_prediction_1/btb_1/_3486_ not found.
[WARNING STA-1650] ./results/nangate45_3D/bp_fe/HBT/6_final.spef line 79366, net bp_fe_pc_gen_1/genblk1_branch_prediction_1/btb_1/_3583_ not found.
[WARNING STA-1650] ./results/nangate45_3D/bp_fe/HBT/6_final.spef line 79367, net bp_fe_pc_gen_1/genblk1_branch_prediction_1/btb_1/_4061_ not found.
[WARNING STA-1650] ./results/nangate45_3D/bp_fe/HBT/6_final.spef line 79368, net bp_fe_pc_gen_1/genblk1_branch_prediction_1/btb_1/_4096_ not found.
[WARNING STA-1650] ./results/nangate45_3D/bp_fe/HBT/6_final.spef line 79369, net bp_fe_pc_gen_1/genblk1_branch_prediction_1/btb_1/_4096_ not found.
[WARNING STA-1650] ./results/nangate45_3D/bp_fe/HBT/6_final.spef line 79370, net bp_fe_pc_gen_1/genblk1_branch_prediction_1/btb_1/_4767_ not found.
[WARNING STA-1650] ./results/nangate45_3D/bp_fe/HBT/6_final.spef line 79381, net bp_fe_pc_gen_1/_3285_ not found.
[WARNING STA-1650] ./results/nangate45_3D/bp_fe/HBT/6_final.spef line 79382, net bp_fe_pc_gen_1/_3339_ not found.
[WARNING STA-1650] ./results/nangate45_3D/bp_fe/HBT/6_final.spef line 79383, net bp_fe_pc_gen_1/_3339_ not found.
[WARNING STA-1650] ./results/nangate45_3D/bp_fe/HBT/6_final.spef line 79384, net bp_fe_pc_gen_1/_3339_ not found.
[WARNING STA-1650] ./results/nangate45_3D/bp_fe/HBT/6_final.spef line 79385, net bp_fe_pc_gen_1/_3823_ not found.
[WARNING STA-1650] ./results/nangate45_3D/bp_fe/HBT/6_final.spef line 79386, net bp_fe_pc_gen_1/_3823_ not found.
[WARNING STA-1650] ./results/nangate45_3D/bp_fe/HBT/6_final.spef line 79387, net bp_fe_pc_gen_1/_3824_ not found.
[WARNING STA-1650] ./results/nangate45_3D/bp_fe/HBT/6_final.spef line 79388, net bp_fe_pc_gen_1/_3825_ not found.
[WARNING STA-1650] ./results/nangate45_3D/bp_fe/HBT/6_final.spef line 79389, net bp_fe_pc_gen_1/_3825_ not found.
[WARNING STA-1650] ./results/nangate45_3D/bp_fe/HBT/6_final.spef line 79390, net bp_fe_pc_gen_1/_4109_ not found.
[WARNING STA-1650] ./results/nangate45_3D/bp_fe/HBT/6_final.spef line 79391, net bp_fe_pc_gen_1/_4114_ not found.
[WARNING STA-1650] ./results/nangate45_3D/bp_fe/HBT/6_final.spef line 79392, net bp_fe_pc_gen_1/_4175_ not found.
[WARNING STA-1650] ./results/nangate45_3D/bp_fe/HBT/6_final.spef line 79393, net bp_fe_pc_gen_1/_4268_ not found.
[WARNING STA-1650] ./results/nangate45_3D/bp_fe/HBT/6_final.spef line 79394, net bp_fe_pc_gen_1/_4303_ not found.
[WARNING STA-1650] ./results/nangate45_3D/bp_fe/HBT/6_final.spef line 79395, net icache_1/_20519_ not found.
[WARNING STA-1650] ./results/nangate45_3D/bp_fe/HBT/6_final.spef line 79396, net icache_1/_20520_ not found.
[WARNING STA-1650] ./results/nangate45_3D/bp_fe/HBT/6_final.spef line 79397, net icache_1/_20688_ not found.
[WARNING STA-1650] ./results/nangate45_3D/bp_fe/HBT/6_final.spef line 79413, net bp_fe_pc_gen_1/icache_miss_pc\[63\] not found.
[WARNING STA-1650] ./results/nangate45_3D/bp_fe/HBT/6_final.spef line 79414, net bp_fe_pc_gen_1/last_pc\[60\] not found.
[WARNING STA-1650] ./results/nangate45_3D/bp_fe/HBT/6_final.spef line 79415, net bp_fe_pc_gen_1/pc_redirect\[63\] not found.
[WARNING STA-1650] ./results/nangate45_3D/bp_fe/HBT/6_final.spef line 79447, net bp_fe_pc_gen_1/genblk1_branch_prediction_1/_0895_ not found.
[WARNING STA-1650] ./results/nangate45_3D/bp_fe/HBT/6_final.spef line 79459, net bp_fe_pc_gen_1/genblk1_branch_prediction_1/_0430_ not found.
[WARNING STA-1650] ./results/nangate45_3D/bp_fe/HBT/6_final.spef line 79460, net bp_fe_pc_gen_1/genblk1_branch_prediction_1/_0430_ not found.
[WARNING STA-1650] ./results/nangate45_3D/bp_fe/HBT/6_final.spef line 79506, net icache_1/_06940_ not found.
[WARNING STA-1650] ./results/nangate45_3D/bp_fe/HBT/6_final.spef line 79508, net bp_fe_pc_gen_1/_1462_ not found.
[WARNING STA-1650] ./results/nangate45_3D/bp_fe/HBT/6_final.spef line 79543, net icache_1/_12492_ not found.
[WARNING STA-1650] ./results/nangate45_3D/bp_fe/HBT/6_final.spef line 79554, net icache_1/data_mem_write_data\[380\] not found.
[WARNING STA-1650] ./results/nangate45_3D/bp_fe/HBT/6_final.spef line 79557, net icache_1/_13619_ not found.
[WARNING STA-1650] ./results/nangate45_3D/bp_fe/HBT/6_final.spef line 79558, net icache_1/_15036_ not found.
[WARNING STA-1650] ./results/nangate45_3D/bp_fe/HBT/6_final.spef line 79559, net icache_1/_15041_ not found.
[WARNING STA-1650] ./results/nangate45_3D/bp_fe/HBT/6_final.spef line 79560, net icache_1/lce/_10732_ not found.
[WARNING STA-1650] ./results/nangate45_3D/bp_fe/HBT/6_final.spef line 79561, net icache_1/lce/_12003_ not found.
[WARNING STA-1650] ./results/nangate45_3D/bp_fe/HBT/6_final.spef line 79562, net icache_1/lce/_12582_ not found.
[WARNING STA-1650] ./results/nangate45_3D/bp_fe/HBT/6_final.spef line 79563, net icache_1/lce/_13114_ not found.
[WARNING STA-1650] ./results/nangate45_3D/bp_fe/HBT/6_final.spef line 79564, net icache_1/lce/_15380_ not found.
[WARNING STA-1650] ./results/nangate45_3D/bp_fe/HBT/6_final.spef line 79565, net icache_1/lce/_16172_ not found.
[WARNING STA-1650] ./results/nangate45_3D/bp_fe/HBT/6_final.spef line 79566, net icache_1/lce/_16180_ not found.
[WARNING STA-1650] ./results/nangate45_3D/bp_fe/HBT/6_final.spef line 79567, net icache_1/lce/_16830_ not found.
[WARNING STA-1650] ./results/nangate45_3D/bp_fe/HBT/6_final.spef line 79568, net icache_1/lce/_17269_ not found.
[WARNING STA-1650] ./results/nangate45_3D/bp_fe/HBT/6_final.spef line 79569, net icache_1/lce/_17528_ not found.
[WARNING STA-1650] ./results/nangate45_3D/bp_fe/HBT/6_final.spef line 79570, net icache_1/lce/_20425_ not found.
[WARNING STA-1650] ./results/nangate45_3D/bp_fe/HBT/6_final.spef line 79571, net icache_1/lce/_20801_ not found.
[WARNING STA-1650] ./results/nangate45_3D/bp_fe/HBT/6_final.spef line 79572, net icache_1/lce/_20986_ not found.
[WARNING STA-1650] ./results/nangate45_3D/bp_fe/HBT/6_final.spef line 79573, net icache_1/lce/_21431_ not found.
[WARNING STA-1650] ./results/nangate45_3D/bp_fe/HBT/6_final.spef line 79574, net icache_1/lce/_21431_ not found.
[WARNING STA-1650] ./results/nangate45_3D/bp_fe/HBT/6_final.spef line 79606, net bp_fe_pc_gen_1/_1795_ not found.
[WARNING STA-1650] ./results/nangate45_3D/bp_fe/HBT/6_final.spef line 79607, net bp_fe_pc_gen_1/_1963_ not found.
[WARNING STA-1650] ./results/nangate45_3D/bp_fe/HBT/6_final.spef line 79608, net icache_1/data_mem_write_data\[102\] not found.
[WARNING STA-1650] ./results/nangate45_3D/bp_fe/HBT/6_final.spef line 79609, net icache_1/data_mem_write_data\[102\] not found.
[WARNING STA-1650] ./results/nangate45_3D/bp_fe/HBT/6_final.spef line 79610, net icache_1/lce/_06072_ not found.
[WARNING STA-1650] ./results/nangate45_3D/bp_fe/HBT/6_final.spef line 79611, net icache_1/lce/_06470_ not found.
[WARNING STA-1650] ./results/nangate45_3D/bp_fe/HBT/6_final.spef line 79612, net icache_1/lce/lce_data_cmd_fifo.mem_1r1w.synth.mem\[454\] not found.
[WARNING STA-1650] ./results/nangate45_3D/bp_fe/HBT/6_final.spef line 79614, net icache_1/lce/_15004_ not found.
[WARNING STA-1650] ./results/nangate45_3D/bp_fe/HBT/6_final.spef line 79615, net icache_1/lce/_15258_ not found.
[WARNING STA-1650] ./results/nangate45_3D/bp_fe/HBT/6_final.spef line 79616, net icache_1/lce/_15273_ not found.
[WARNING STA-1650] ./results/nangate45_3D/bp_fe/HBT/6_final.spef line 79617, net icache_1/lce/_15355_ not found.
[WARNING STA-1650] ./results/nangate45_3D/bp_fe/HBT/6_final.spef line 79618, net icache_1/lce/_15355_ not found.
[WARNING STA-1650] ./results/nangate45_3D/bp_fe/HBT/6_final.spef line 79619, net icache_1/lce/_18937_ not found.
[WARNING STA-1650] ./results/nangate45_3D/bp_fe/HBT/6_final.spef line 79620, net icache_1/lce/_18938_ not found.
[WARNING STA-1650] ./results/nangate45_3D/bp_fe/HBT/6_final.spef line 79630, net icache_1/lce/_04261_ not found.
[WARNING STA-1650] ./results/nangate45_3D/bp_fe/HBT/6_final.spef line 79631, net icache_1/lce/_05017_ not found.
[WARNING STA-1650] ./results/nangate45_3D/bp_fe/HBT/6_final.spef line 79632, net icache_1/lce/_06470_ not found.
[WARNING STA-1650] ./results/nangate45_3D/bp_fe/HBT/6_final.spef line 79633, net icache_1/lce/lce_cmd_fifo.empty_r not found.
[WARNING STA-1650] ./results/nangate45_3D/bp_fe/HBT/6_final.spef line 79634, net icache_1/lce/_10729_ not found.
[WARNING STA-1650] ./results/nangate45_3D/bp_fe/HBT/6_final.spef line 79635, net icache_1/lce/_13768_ not found.
[WARNING STA-1650] ./results/nangate45_3D/bp_fe/HBT/6_final.spef line 79636, net icache_1/lce/_13768_ not found.
[WARNING STA-1650] ./results/nangate45_3D/bp_fe/HBT/6_final.spef line 79637, net icache_1/lce/_13768_ not found.
[WARNING STA-1650] ./results/nangate45_3D/bp_fe/HBT/6_final.spef line 79638, net icache_1/lce/_13770_ not found.
[WARNING STA-1650] ./results/nangate45_3D/bp_fe/HBT/6_final.spef line 79639, net icache_1/lce/_15044_ not found.
[WARNING STA-1650] ./results/nangate45_3D/bp_fe/HBT/6_final.spef line 79640, net icache_1/lce/_15341_ not found.
[WARNING STA-1650] ./results/nangate45_3D/bp_fe/HBT/6_final.spef line 79641, net icache_1/lce/_21524_ not found.
[WARNING STA-1650] ./results/nangate45_3D/bp_fe/HBT/6_final.spef line 79647, net icache_1/lce/_04261_ not found.
[WARNING STA-1650] ./results/nangate45_3D/bp_fe/HBT/6_final.spef line 79648, net bp_fe_pc_gen_1/_3190_ not found.
[WARNING STA-1650] ./results/nangate45_3D/bp_fe/HBT/6_final.spef line 79713, net icache_1/data_mem_bank_data_lo\[135\] not found.
[WARNING STA-1650] ./results/nangate45_3D/bp_fe/HBT/6_final.spef line 79715, net icache_1/data_mem_bank_data_lo\[128\] not found.
[WARNING STA-1650] ./results/nangate45_3D/bp_fe/HBT/6_final.spef line 79716, net icache_1/data_mem_bank_data_lo\[138\] not found.
[WARNING STA-1650] ./results/nangate45_3D/bp_fe/HBT/6_final.spef line 79719, net icache_1/lce/_13266_ not found.
[WARNING STA-1650] ./results/nangate45_3D/bp_fe/HBT/6_final.spef line 79722, net icache_1/data_mem_bank_data_lo\[171\] not found.
[WARNING STA-1650] ./results/nangate45_3D/bp_fe/HBT/6_final.spef line 79723, net icache_1/data_mem_bank_data_lo\[99\] not found.
[WARNING STA-1650] ./results/nangate45_3D/bp_fe/HBT/6_final.spef line 79724, net icache_1/data_mem_bank_data_lo\[99\] not found.
[WARNING STA-1650] ./results/nangate45_3D/bp_fe/HBT/6_final.spef line 79727, net icache_1/data_mem_bank_data_lo\[68\] not found.
[WARNING STA-1650] ./results/nangate45_3D/bp_fe/HBT/6_final.spef line 79793, net icache_1/data_mem_write_data\[13\] not found.
[WARNING STA-1650] ./results/nangate45_3D/bp_fe/HBT/6_final.spef line 79855, net icache_1/data_mem_write_data\[84\] not found.
[WARNING STA-1650] ./results/nangate45_3D/bp_fe/HBT/6_final.spef line 79856, net icache_1/data_mem_write_data\[84\] not found.
[WARNING STA-1650] ./results/nangate45_3D/bp_fe/HBT/6_final.spef line 79857, net icache_1/data_mem_write_data\[84\] not found.
[WARNING STA-1650] ./results/nangate45_3D/bp_fe/HBT/6_final.spef line 79869, net bp_fe_pc_gen_1/_1797_ not found.
[WARNING STA-1650] ./results/nangate45_3D/bp_fe/HBT/6_final.spef line 79939, net bp_fe_pc_gen_1/_1496_ not found.
[WARNING STA-1650] ./results/nangate45_3D/bp_fe/HBT/6_final.spef line 79946, net bp_fe_pc_gen_1/_2580_ not found.
[WARNING STA-1650] ./results/nangate45_3D/bp_fe/HBT/6_final.spef line 79947, net bp_fe_pc_gen_1/_2582_ not found.
[WARNING STA-1650] ./results/nangate45_3D/bp_fe/HBT/6_final.spef line 79948, net bp_fe_pc_gen_1/_4291_ not found.
[WARNING STA-1650] ./results/nangate45_3D/bp_fe/HBT/6_final.spef line 79949, net icache_1/_20656_ not found.
[WARNING STA-1650] ./results/nangate45_3D/bp_fe/HBT/6_final.spef line 79950, net icache_1/_20657_ not found.
[WARNING STA-1650] ./results/nangate45_3D/bp_fe/HBT/6_final.spef line 79951, net icache_1/_20684_ not found.
[WARNING STA-1650] ./results/nangate45_3D/bp_fe/HBT/6_final.spef line 79952, net icache_1/_20685_ not found.
[WARNING STA-1650] ./results/nangate45_3D/bp_fe/HBT/6_final.spef line 79953, net icache_1/_20685_ not found.
[WARNING STA-1650] ./results/nangate45_3D/bp_fe/HBT/6_final.spef line 79954, net icache_1/_21888_ not found.
[WARNING STA-1650] ./results/nangate45_3D/bp_fe/HBT/6_final.spef line 79991, net bp_fe_pc_gen_1/genblk1_branch_prediction_1/btb_1/btb_mem/macro_mem/mem not found.
[WARNING STA-1650] ./results/nangate45_3D/bp_fe/HBT/6_final.spef line 80002, net bp_fe_pc_gen_1/_3206_ not found.
[WARNING STA-1650] ./results/nangate45_3D/bp_fe/HBT/6_final.spef line 80003, net bp_fe_pc_gen_1/_3957_ not found.
[WARNING STA-1650] ./results/nangate45_3D/bp_fe/HBT/6_final.spef line 80004, net icache_1/_21888_ not found.
[WARNING STA-1650] ./results/nangate45_3D/bp_fe/HBT/6_final.spef line 80037, net bp_fe_pc_gen_1/_3298_ not found.
[WARNING STA-1650] ./results/nangate45_3D/bp_fe/HBT/6_final.spef line 80038, net bp_fe_pc_gen_1/_3298_ not found.
[WARNING STA-1650] ./results/nangate45_3D/bp_fe/HBT/6_final.spef line 80039, net icache_1/_05481_ not found.
[WARNING STA-1650] ./results/nangate45_3D/bp_fe/HBT/6_final.spef line 80049, net icache_1/_05481_ not found.
[WARNING STA-1650] ./results/nangate45_3D/bp_fe/HBT/6_final.spef line 80070, net bp_fe_pc_gen_1/genblk1_branch_prediction_1/btb_1/btb_mem/macro_mem/mem not found.
[WARNING STA-1650] ./results/nangate45_3D/bp_fe/HBT/6_final.spef line 80071, net bp_fe_pc_gen_1/genblk1_branch_prediction_1/btb_1/btb_mem/macro_mem/mem not found.
[WARNING STA-1650] ./results/nangate45_3D/bp_fe/HBT/6_final.spef line 80120, net icache_1/lce/_12609_ not found.
[WARNING STA-1650] ./results/nangate45_3D/bp_fe/HBT/6_final.spef line 80121, net icache_1/lce/_12785_ not found.
[WARNING STA-1650] ./results/nangate45_3D/bp_fe/HBT/6_final.spef line 80176, net bp_fe_pc_gen_1/_2293_ not found.
[WARNING STA-1650] ./results/nangate45_3D/bp_fe/HBT/6_final.spef line 80297, net bp_fe_pc_gen_1/_4006_ not found.
[WARNING STA-1650] ./results/nangate45_3D/bp_fe/HBT/6_final.spef line 80298, net icache_1/_20598_ not found.
[WARNING STA-1650] ./results/nangate45_3D/bp_fe/HBT/6_final.spef line 80373, net bp_fe_pc_gen_1/_3753_ not found.
[WARNING STA-1650] ./results/nangate45_3D/bp_fe/HBT/6_final.spef line 80374, net bp_fe_pc_gen_1/_3755_ not found.
[WARNING STA-1650] ./results/nangate45_3D/bp_fe/HBT/6_final.spef line 80375, net bp_fe_pc_gen_1/_4086_ not found.
[WARNING STA-1650] ./results/nangate45_3D/bp_fe/HBT/6_final.spef line 80406, net bp_fe_pc_gen_1/_2462_ not found.
[WARNING STA-1650] ./results/nangate45_3D/bp_fe/HBT/6_final.spef line 80408, net bp_fe_pc_gen_1/_2063_ not found.
[WARNING STA-1650] ./results/nangate45_3D/bp_fe/HBT/6_final.spef line 80431, net bp_fe_pc_gen_1/_3085_ not found.
[WARNING STA-1650] ./results/nangate45_3D/bp_fe/HBT/6_final.spef line 80455, net bp_fe_pc_gen_1/btb_target\[49\] not found.
[WARNING STA-1650] ./results/nangate45_3D/bp_fe/HBT/6_final.spef line 80479, net bp_fe_pc_gen_1/_3099_ not found.
[WARNING STA-1650] ./results/nangate45_3D/bp_fe/HBT/6_final.spef line 80480, net icache_1/_20471_ not found.
[WARNING STA-1650] ./results/nangate45_3D/bp_fe/HBT/6_final.spef line 80481, net icache_1/_20471_ not found.
[WARNING STA-1650] ./results/nangate45_3D/bp_fe/HBT/6_final.spef line 80482, net icache_1/_20471_ not found.
[WARNING STA-1650] ./results/nangate45_3D/bp_fe/HBT/6_final.spef line 80483, net icache_1/_20472_ not found.
[WARNING STA-1650] ./results/nangate45_3D/bp_fe/HBT/6_final.spef line 80484, net icache_1/_20612_ not found.
[WARNING STA-1650] ./results/nangate45_3D/bp_fe/HBT/6_final.spef line 80485, net icache_1/_20614_ not found.
[WARNING STA-1650] ./results/nangate45_3D/bp_fe/HBT/6_final.spef line 80486, net icache_1/_21868_ not found.
[WARNING STA-1650] ./results/nangate45_3D/bp_fe/HBT/6_final.spef line 80488, net icache_1/eaddr_tl_r\[38\] not found.
[WARNING STA-1650] ./results/nangate45_3D/bp_fe/HBT/6_final.spef line 80536, net bp_fe_pc_gen_1/_0816_ not found.
[WARNING STA-1650] ./results/nangate45_3D/bp_fe/HBT/6_final.spef line 80537, net bp_fe_pc_gen_1/btb_target\[20\] not found.
[WARNING STA-1650] ./results/nangate45_3D/bp_fe/HBT/6_final.spef line 80538, net bp_fe_pc_gen_1/btb_target\[22\] not found.
[WARNING STA-1650] ./results/nangate45_3D/bp_fe/HBT/6_final.spef line 80539, net bp_fe_pc_gen_1/btb_target\[25\] not found.
[WARNING STA-1650] ./results/nangate45_3D/bp_fe/HBT/6_final.spef line 80540, net icache_1/data_mem_bank_data_lo\[14\] not found.
[WARNING STA-1650] ./results/nangate45_3D/bp_fe/HBT/6_final.spef line 80541, net icache_1/data_mem_bank_data_lo\[14\] not found.
[WARNING STA-1650] ./results/nangate45_3D/bp_fe/HBT/6_final.spef line 80572, net icache_1/_20475_ not found.
[WARNING STA-1650] ./results/nangate45_3D/bp_fe/HBT/6_final.spef line 80580, net icache_1/_20461_ not found.
[WARNING STA-1650] ./results/nangate45_3D/bp_fe/HBT/6_final.spef line 80609, net icache_1/data_mem_bank_data_lo\[186\] not found.
[WARNING STA-1650] ./results/nangate45_3D/bp_fe/HBT/6_final.spef line 80626, net icache_1/data_mem_bank_data_lo\[186\] not found.
[WARNING STA-1650] ./results/nangate45_3D/bp_fe/HBT/6_final.spef line 80627, net icache_1/data_mem_write_data\[246\] not found.
[WARNING STA-1650] ./results/nangate45_3D/bp_fe/HBT/6_final.spef line 80636, net icache_1/data_mem_bank_data_lo\[178\] not found.
[WARNING STA-1650] ./results/nangate45_3D/bp_fe/HBT/6_final.spef line 80637, net icache_1/data_mem_write_data\[231\] not found.
[WARNING STA-1650] ./results/nangate45_3D/bp_fe/HBT/6_final.spef line 80647, net icache_1/data_mem_bank_data_lo\[178\] not found.
[WARNING STA-1650] ./results/nangate45_3D/bp_fe/HBT/6_final.spef line 80648, net icache_1/data_mem_bank_data_lo\[183\] not found.
[WARNING STA-1650] ./results/nangate45_3D/bp_fe/HBT/6_final.spef line 80652, net icache_1/data_mem_bank_data_lo\[178\] not found.
[WARNING STA-1650] ./results/nangate45_3D/bp_fe/HBT/6_final.spef line 80660, net icache_1/data_mem_bank_data_lo\[178\] not found.
[WARNING STA-1650] ./results/nangate45_3D/bp_fe/HBT/6_final.spef line 80666, net icache_1/data_mem_bank_data_lo\[183\] not found.
[WARNING STA-1650] ./results/nangate45_3D/bp_fe/HBT/6_final.spef line 80672, net icache_1/data_mem_bank_data_lo\[178\] not found.
[WARNING STA-1648] ./results/nangate45_3D/bp_fe/HBT/6_final.spef line 80696, instance bp_fe_pc_gen_1/genblk1_branch_prediction_1/_1046_ not found.
[WARNING STA-1650] ./results/nangate45_3D/bp_fe/HBT/6_final.spef line 80700, net bp_fe_pc_gen_1/genblk1_branch_prediction_1/_1046_ not found.
[WARNING STA-1650] ./results/nangate45_3D/bp_fe/HBT/6_final.spef line 80713, net icache_1/lce/_21613_ not found.
[WARNING STA-1650] ./results/nangate45_3D/bp_fe/HBT/6_final.spef line 80714, net icache_1/lce/_21622_ not found.
[WARNING STA-1650] ./results/nangate45_3D/bp_fe/HBT/6_final.spef line 80730, net bp_fe_pc_gen_1/genblk1_branch_prediction_1/_1046_ not found.
[WARNING STA-1650] ./results/nangate45_3D/bp_fe/HBT/6_final.spef line 80800, net icache_1/_21820_ not found.
[WARNING STA-1650] ./results/nangate45_3D/bp_fe/HBT/6_final.spef line 80802, net bp_fe_pc_gen_1/_0816_ not found.
[WARNING STA-1650] ./results/nangate45_3D/bp_fe/HBT/6_final.spef line 80803, net bp_fe_pc_gen_1/btb_target\[26\] not found.
[WARNING STA-1650] ./results/nangate45_3D/bp_fe/HBT/6_final.spef line 80807, net bp_fe_pc_gen_1/_0511_ not found.
[WARNING STA-1650] ./results/nangate45_3D/bp_fe/HBT/6_final.spef line 80808, net bp_fe_pc_gen_1/_0511_ not found.
[WARNING STA-1650] ./results/nangate45_3D/bp_fe/HBT/6_final.spef line 80850, net bp_fe_pc_gen_1/_3873_ not found.
[WARNING STA-1650] ./results/nangate45_3D/bp_fe/HBT/6_final.spef line 80881, net bp_fe_pc_gen_1/btb_target\[22\] not found.
[WARNING STA-1650] ./results/nangate45_3D/bp_fe/HBT/6_final.spef line 80907, net bp_fe_pc_gen_1/_4026_ not found.
[WARNING STA-1650] ./results/nangate45_3D/bp_fe/HBT/6_final.spef line 80910, net bp_fe_pc_gen_1/_2521_ not found.
[WARNING STA-1650] ./results/nangate45_3D/bp_fe/HBT/6_final.spef line 80911, net bp_fe_pc_gen_1/_3048_ not found.
[WARNING STA-1650] ./results/nangate45_3D/bp_fe/HBT/6_final.spef line 80912, net bp_fe_pc_gen_1/_3067_ not found.
[WARNING STA-1650] ./results/nangate45_3D/bp_fe/HBT/6_final.spef line 80913, net bp_fe_pc_gen_1/_3132_ not found.
[WARNING STA-1650] ./results/nangate45_3D/bp_fe/HBT/6_final.spef line 80914, net bp_fe_pc_gen_1/_4250_ not found.
[WARNING STA-1650] ./results/nangate45_3D/bp_fe/HBT/6_final.spef line 80915, net icache_1/_20479_ not found.
[WARNING STA-1650] ./results/nangate45_3D/bp_fe/HBT/6_final.spef line 80916, net icache_1/_20486_ not found.
[WARNING STA-1650] ./results/nangate45_3D/bp_fe/HBT/6_final.spef line 80917, net icache_1/_20487_ not found.
[WARNING STA-1650] ./results/nangate45_3D/bp_fe/HBT/6_final.spef line 80918, net icache_1/_20638_ not found.
[WARNING STA-1650] ./results/nangate45_3D/bp_fe/HBT/6_final.spef line 80928, net bp_fe_pc_gen_1/_0431_ not found.
[WARNING STA-1650] ./results/nangate45_3D/bp_fe/HBT/6_final.spef line 80929, net bp_fe_pc_gen_1/_1480_ not found.
[WARNING STA-1650] ./results/nangate45_3D/bp_fe/HBT/6_final.spef line 80930, net bp_fe_pc_gen_1/_2485_ not found.
[WARNING STA-1650] ./results/nangate45_3D/bp_fe/HBT/6_final.spef line 80931, net bp_fe_pc_gen_1/_3067_ not found.
[WARNING STA-1650] ./results/nangate45_3D/bp_fe/HBT/6_final.spef line 80932, net bp_fe_pc_gen_1/_3067_ not found.
[WARNING STA-1650] ./results/nangate45_3D/bp_fe/HBT/6_final.spef line 80933, net bp_fe_pc_gen_1/_3691_ not found.
[WARNING STA-1650] ./results/nangate45_3D/bp_fe/HBT/6_final.spef line 80934, net bp_fe_pc_gen_1/_4243_ not found.
[WARNING STA-1650] ./results/nangate45_3D/bp_fe/HBT/6_final.spef line 80965, net bp_fe_pc_gen_1/_0965_ not found.
[WARNING STA-1650] ./results/nangate45_3D/bp_fe/HBT/6_final.spef line 80966, net bp_fe_pc_gen_1/btb_target\[50\] not found.
[WARNING STA-1650] ./results/nangate45_3D/bp_fe/HBT/6_final.spef line 80999, net icache_1/data_mem_bank_data_lo\[180\] not found.
[WARNING STA-1650] ./results/nangate45_3D/bp_fe/HBT/6_final.spef line 81000, net icache_1/data_mem_bank_data_lo\[322\] not found.
[WARNING STA-1650] ./results/nangate45_3D/bp_fe/HBT/6_final.spef line 81027, net bp_fe_pc_gen_1/btb_target\[28\] not found.
[WARNING STA-1650] ./results/nangate45_3D/bp_fe/HBT/6_final.spef line 81028, net icache_1/lce/_13449_ not found.
[WARNING STA-1650] ./results/nangate45_3D/bp_fe/HBT/6_final.spef line 81078, net bp_fe_pc_gen_1/_4094_ not found.
[WARNING STA-1650] ./results/nangate45_3D/bp_fe/HBT/6_final.spef line 81086, net bp_fe_pc_gen_1/_0511_ not found.
[WARNING STA-1650] ./results/nangate45_3D/bp_fe/HBT/6_final.spef line 81087, net bp_fe_pc_gen_1/_0511_ not found.
[WARNING STA-1650] ./results/nangate45_3D/bp_fe/HBT/6_final.spef line 81088, net bp_fe_pc_gen_1/_1472_ not found.
[WARNING STA-1650] ./results/nangate45_3D/bp_fe/HBT/6_final.spef line 81089, net bp_fe_pc_gen_1/_1480_ not found.
[WARNING STA-1650] ./results/nangate45_3D/bp_fe/HBT/6_final.spef line 81115, net bp_fe_pc_gen_1/_0511_ not found.
[WARNING STA-1650] ./results/nangate45_3D/bp_fe/HBT/6_final.spef line 81116, net bp_fe_pc_gen_1/_0821_ not found.
[WARNING STA-1650] ./results/nangate45_3D/bp_fe/HBT/6_final.spef line 81117, net bp_fe_pc_gen_1/_0821_ not found.
[WARNING STA-1650] ./results/nangate45_3D/bp_fe/HBT/6_final.spef line 81124, net icache_1/data_mem_bank_data_lo\[39\] not found.
[WARNING STA-1650] ./results/nangate45_3D/bp_fe/HBT/6_final.spef line 81151, net bp_fe_pc_gen_1/_2966_ not found.
[WARNING STA-1650] ./results/nangate45_3D/bp_fe/HBT/6_final.spef line 81161, net bp_fe_pc_gen_1/_0511_ not found.
[WARNING STA-1650] ./results/nangate45_3D/bp_fe/HBT/6_final.spef line 81164, net icache_1/_17037_ not found.
[WARNING STA-1650] ./results/nangate45_3D/bp_fe/HBT/6_final.spef line 81165, net icache_1/_17039_ not found.
[WARNING STA-1650] ./results/nangate45_3D/bp_fe/HBT/6_final.spef line 81166, net icache_1/_17040_ not found.
[WARNING STA-1650] ./results/nangate45_3D/bp_fe/HBT/6_final.spef line 81167, net icache_1/_17652_ not found.
[WARNING STA-1650] ./results/nangate45_3D/bp_fe/HBT/6_final.spef line 81168, net icache_1/_18258_ not found.
[WARNING STA-1650] ./results/nangate45_3D/bp_fe/HBT/6_final.spef line 81169, net icache_1/_19631_ not found.
[WARNING STA-1650] ./results/nangate45_3D/bp_fe/HBT/6_final.spef line 81170, net icache_1/_21021_ not found.
[WARNING STA-1650] ./results/nangate45_3D/bp_fe/HBT/6_final.spef line 81171, net icache_1/_21021_ not found.
[WARNING STA-1650] ./results/nangate45_3D/bp_fe/HBT/6_final.spef line 81172, net icache_1/_21021_ not found.
[WARNING STA-1650] ./results/nangate45_3D/bp_fe/HBT/6_final.spef line 81173, net icache_1/lce/_17898_ not found.
[WARNING STA-1650] ./results/nangate45_3D/bp_fe/HBT/6_final.spef line 81174, net icache_1/lce/_18078_ not found.
[WARNING STA-1650] ./results/nangate45_3D/bp_fe/HBT/6_final.spef line 81175, net icache_1/lce/_18322_ not found.
[WARNING STA-1650] ./results/nangate45_3D/bp_fe/HBT/6_final.spef line 81176, net icache_1/lce/_18322_ not found.
[WARNING STA-1650] ./results/nangate45_3D/bp_fe/HBT/6_final.spef line 81177, net icache_1/lce/_19033_ not found.
[WARNING STA-1650] ./results/nangate45_3D/bp_fe/HBT/6_final.spef line 81178, net icache_1/lce/_19348_ not found.
[WARNING STA-1650] ./results/nangate45_3D/bp_fe/HBT/6_final.spef line 81208, net icache_1/_01255_ not found.
[WARNING STA-1650] ./results/nangate45_3D/bp_fe/HBT/6_final.spef line 81209, net icache_1/_09024_ not found.
[WARNING STA-1650] ./results/nangate45_3D/bp_fe/HBT/6_final.spef line 81210, net icache_1/data_mem_bank_data_lo\[341\] not found.
[WARNING STA-1650] ./results/nangate45_3D/bp_fe/HBT/6_final.spef line 81211, net icache_1/data_mem_bank_data_lo\[365\] not found.
[WARNING STA-1650] ./results/nangate45_3D/bp_fe/HBT/6_final.spef line 81220, net icache_1/data_mem_bank_data_lo\[359\] not found.
[WARNING STA-1648] ./results/nangate45_3D/bp_fe/HBT/6_final.spef line 81239, instance bp_fe_pc_gen_1/genblk1_branch_prediction_1/_1047_ not found.
[WARNING STA-1650] ./results/nangate45_3D/bp_fe/HBT/6_final.spef line 81243, net bp_fe_pc_gen_1/genblk1_branch_prediction_1/_1047_ not found.
[WARNING STA-1650] ./results/nangate45_3D/bp_fe/HBT/6_final.spef line 81254, net bp_fe_pc_gen_1/genblk1_branch_prediction_1/_1047_ not found.
[WARNING STA-1650] ./results/nangate45_3D/bp_fe/HBT/6_final.spef line 81348, net bp_fe_pc_gen_1/_3864_ not found.
[WARNING STA-1650] ./results/nangate45_3D/bp_fe/HBT/6_final.spef line 81360, net icache_1/_06940_ not found.
[WARNING STA-1650] ./results/nangate45_3D/bp_fe/HBT/6_final.spef line 81361, net icache_1/data_mem_bank_data_lo\[21\] not found.
[WARNING STA-1650] ./results/nangate45_3D/bp_fe/HBT/6_final.spef line 81362, net icache_1/data_mem_bank_data_lo\[21\] not found.
[WARNING STA-1650] message limit (1000) reached. This message will no longer print.
[WARNING STA-1648] ./results/nangate45_3D/bp_fe/HBT/6_final.spef line 81813, instance bp_fe_pc_gen_1/genblk1_branch_prediction_1/_1048_ not found.
[WARNING STA-1648] ./results/nangate45_3D/bp_fe/HBT/6_final.spef line 82029, instance bp_fe_pc_gen_1/_4381_ not found.
[WARNING STA-1648] ./results/nangate45_3D/bp_fe/HBT/6_final.spef line 82068, instance bp_fe_pc_gen_1/genblk1_branch_prediction_1/_1049_ not found.
[WARNING STA-1648] ./results/nangate45_3D/bp_fe/HBT/6_final.spef line 82124, instance bp_fe_pc_gen_1/genblk1_branch_prediction_1/_1050_ not found.
[WARNING STA-1648] ./results/nangate45_3D/bp_fe/HBT/6_final.spef line 82147, instance bp_fe_pc_gen_1/genblk1_branch_prediction_1/_1051_ not found.
[WARNING STA-1648] ./results/nangate45_3D/bp_fe/HBT/6_final.spef line 82177, instance bp_fe_pc_gen_1/genblk1_branch_prediction_1/_1052_ not found.
[WARNING STA-1648] ./results/nangate45_3D/bp_fe/HBT/6_final.spef line 82202, instance bp_fe_pc_gen_1/genblk1_branch_prediction_1/_1053_ not found.
[WARNING STA-1648] ./results/nangate45_3D/bp_fe/HBT/6_final.spef line 82301, instance bp_fe_pc_gen_1/genblk1_branch_prediction_1/_1054_ not found.
[WARNING STA-1648] ./results/nangate45_3D/bp_fe/HBT/6_final.spef line 82338, instance bp_fe_pc_gen_1/genblk1_branch_prediction_1/_1055_ not found.
[WARNING STA-1648] ./results/nangate45_3D/bp_fe/HBT/6_final.spef line 82374, instance bp_fe_pc_gen_1/genblk1_branch_prediction_1/_1056_ not found.
[WARNING STA-1648] ./results/nangate45_3D/bp_fe/HBT/6_final.spef line 82394, instance bp_fe_pc_gen_1/genblk1_branch_prediction_1/_1057_ not found.
[WARNING STA-1648] ./results/nangate45_3D/bp_fe/HBT/6_final.spef line 82428, instance bp_fe_pc_gen_1/genblk1_branch_prediction_1/_1058_ not found.
[WARNING STA-1648] ./results/nangate45_3D/bp_fe/HBT/6_final.spef line 82686, instance bp_fe_pc_gen_1/genblk1_branch_prediction_1/_1038_ not found.
[WARNING STA-1648] ./results/nangate45_3D/bp_fe/HBT/6_final.spef line 83265, instance bp_fe_pc_gen_1/genblk1_branch_prediction_1/_1039_ not found.
[WARNING STA-1648] ./results/nangate45_3D/bp_fe/HBT/6_final.spef line 83806, instance bp_fe_pc_gen_1/genblk1_branch_prediction_1/_1040_ not found.
[WARNING STA-1648] ./results/nangate45_3D/bp_fe/HBT/6_final.spef line 84474, instance bp_fe_pc_gen_1/genblk1_branch_prediction_1/_1041_ not found.
[WARNING STA-1648] ./results/nangate45_3D/bp_fe/HBT/6_final.spef line 85343, instance bp_fe_pc_gen_1/genblk1_branch_prediction_1/_1042_ not found.
[WARNING STA-1648] ./results/nangate45_3D/bp_fe/HBT/6_final.spef line 86051, instance bp_fe_pc_gen_1/genblk1_branch_prediction_1/_1043_ not found.
[WARNING STA-1648] ./results/nangate45_3D/bp_fe/HBT/6_final.spef line 86807, instance bp_fe_pc_gen_1/genblk1_branch_prediction_1/_1044_ not found.
[WARNING STA-1648] ./results/nangate45_3D/bp_fe/HBT/6_final.spef line 87496, instance bp_fe_pc_gen_1/genblk1_branch_prediction_1/_1045_ not found.
[WARNING STA-1648] ./results/nangate45_3D/bp_fe/HBT/6_final.spef line 136917, instance icache_1/lce/_19297_ not found.
[WARNING STA-1648] ./results/nangate45_3D/bp_fe/HBT/6_final.spef line 136918, instance icache_1/lce/_19425_ not found.
[WARNING STA-1648] ./results/nangate45_3D/bp_fe/HBT/6_final.spef line 136919, instance icache_1/lce/_18983_ not found.
[WARNING STA-1648] ./results/nangate45_3D/bp_fe/HBT/6_final.spef line 136920, instance icache_1/lce/_19239_ not found.
[WARNING STA-1648] ./results/nangate45_3D/bp_fe/HBT/6_final.spef line 136921, instance icache_1/_22047_ not found.
[WARNING STA-1648] ./results/nangate45_3D/bp_fe/HBT/6_final.spef line 136922, instance icache_1/lce/_19419_ not found.
[WARNING STA-1648] ./results/nangate45_3D/bp_fe/HBT/6_final.spef line 136923, instance icache_1/_22303_ not found.
[WARNING STA-1648] ./results/nangate45_3D/bp_fe/HBT/6_final.spef line 136924, instance icache_1/lce/_19153_ not found.
[WARNING STA-1648] ./results/nangate45_3D/bp_fe/HBT/6_final.spef line 136925, instance icache_1/_22421_ not found.
[WARNING STA-1648] ./results/nangate45_3D/bp_fe/HBT/6_final.spef line 136926, instance icache_1/_22023_ not found.
[WARNING STA-1648] ./results/nangate45_3D/bp_fe/HBT/6_final.spef line 136927, instance icache_1/_22026_ not found.
[WARNING STA-1648] ./results/nangate45_3D/bp_fe/HBT/6_final.spef line 136928, instance icache_1/lce/_19243_ not found.
[WARNING STA-1648] ./results/nangate45_3D/bp_fe/HBT/6_final.spef line 136929, instance icache_1/_22293_ not found.
[WARNING STA-1648] ./results/nangate45_3D/bp_fe/HBT/6_final.spef line 136930, instance icache_1/lce/_19193_ not found.
[WARNING STA-1648] ./results/nangate45_3D/bp_fe/HBT/6_final.spef line 136931, instance icache_1/lce/_19334_ not found.
[WARNING STA-1648] ./results/nangate45_3D/bp_fe/HBT/6_final.spef line 136932, instance icache_1/lce/_19129_ not found.
[WARNING STA-1648] ./results/nangate45_3D/bp_fe/HBT/6_final.spef line 136933, instance icache_1/lce/_19415_ not found.
[WARNING STA-1648] ./results/nangate45_3D/bp_fe/HBT/6_final.spef line 136934, instance icache_1/_22306_ not found.
[WARNING STA-1648] ./results/nangate45_3D/bp_fe/HBT/6_final.spef line 136935, instance icache_1/lce/_19159_ not found.
[WARNING STA-1648] ./results/nangate45_3D/bp_fe/HBT/6_final.spef line 136936, instance icache_1/lce/_19156_ not found.
[WARNING STA-1648] ./results/nangate45_3D/bp_fe/HBT/6_final.spef line 136937, instance icache_1/_22178_ not found.
[WARNING STA-1648] ./results/nangate45_3D/bp_fe/HBT/6_final.spef line 136938, instance icache_1/_22050_ not found.
[WARNING STA-1648] ./results/nangate45_3D/bp_fe/HBT/6_final.spef line 136939, instance icache_1/lce/_19236_ not found.
[WARNING STA-1648] ./results/nangate45_3D/bp_fe/HBT/6_final.spef line 136940, instance icache_1/lce/_19300_ not found.
[WARNING STA-1648] ./results/nangate45_3D/bp_fe/HBT/6_final.spef line 136941, instance icache_1/lce/_19444_ not found.
[WARNING STA-1648] ./results/nangate45_3D/bp_fe/HBT/6_final.spef line 136942, instance icache_1/lce/_19252_ not found.
[WARNING STA-1648] ./results/nangate45_3D/bp_fe/HBT/6_final.spef line 136943, instance icache_1/lce/_19028_ not found.
[WARNING STA-1648] ./results/nangate45_3D/bp_fe/HBT/6_final.spef line 136944, instance icache_1/lce/_18996_ not found.
[WARNING STA-1648] ./results/nangate45_3D/bp_fe/HBT/6_final.spef line 136945, instance icache_1/lce/_19188_ not found.
[WARNING STA-1648] ./results/nangate45_3D/bp_fe/HBT/6_final.spef line 136946, instance icache_1/lce/_19398_ not found.
[WARNING STA-1648] ./results/nangate45_3D/bp_fe/HBT/6_final.spef line 136947, instance icache_1/lce/_19295_ not found.
[WARNING STA-1648] ./results/nangate45_3D/bp_fe/HBT/6_final.spef line 136948, instance icache_1/lce/_19359_ not found.
[WARNING STA-1648] ./results/nangate45_3D/bp_fe/HBT/6_final.spef line 136949, instance icache_1/lce/_20035_ not found.
[WARNING STA-1648] ./results/nangate45_3D/bp_fe/HBT/6_final.spef line 136950, instance icache_1/lce/_19039_ not found.
[WARNING STA-1648] ./results/nangate45_3D/bp_fe/HBT/6_final.spef line 136951, instance icache_1/data_mem_banks_5__data_mem_bank/macro_mem/mem not found.
[WARNING STA-1648] ./results/nangate45_3D/bp_fe/HBT/6_final.spef line 136952, instance icache_1/lce/_19363_ not found.
[WARNING STA-1648] ./results/nangate45_3D/bp_fe/HBT/6_final.spef line 136953, instance icache_1/lce/_19014_ not found.
[WARNING STA-1648] ./results/nangate45_3D/bp_fe/HBT/6_final.spef line 136954, instance icache_1/lce/_19299_ not found.
[WARNING STA-1648] ./results/nangate45_3D/bp_fe/HBT/6_final.spef line 136955, instance icache_1/lce/_19171_ not found.
[WARNING STA-1648] ./results/nangate45_3D/bp_fe/HBT/6_final.spef line 136956, instance icache_1/lce/_19124_ not found.
[WARNING STA-1648] ./results/nangate45_3D/bp_fe/HBT/6_final.spef line 136957, instance icache_1/lce/_19060_ not found.
[WARNING STA-1648] ./results/nangate45_3D/bp_fe/HBT/6_final.spef line 136958, instance icache_1/lce/_18964_ not found.
[WARNING STA-1648] ./results/nangate45_3D/bp_fe/HBT/6_final.spef line 136959, instance icache_1/lce/_19220_ not found.
[WARNING STA-1648] ./results/nangate45_3D/bp_fe/HBT/6_final.spef line 136960, instance icache_1/lce/_19351_ not found.
[WARNING STA-1648] ./results/nangate45_3D/bp_fe/HBT/6_final.spef line 136961, instance icache_1/_22037_ not found.
[WARNING STA-1648] ./results/nangate45_3D/bp_fe/HBT/6_final.spef line 136962, instance icache_1/lce/_19092_ not found.
[WARNING STA-1648] ./results/nangate45_3D/bp_fe/HBT/6_final.spef line 136963, instance icache_1/lce/_19095_ not found.
[WARNING STA-1648] ./results/nangate45_3D/bp_fe/HBT/6_final.spef line 136964, instance icache_1/_22034_ not found.
[WARNING STA-1648] ./results/nangate45_3D/bp_fe/HBT/6_final.spef line 136965, instance icache_1/_22290_ not found.
[WARNING STA-1648] ./results/nangate45_3D/bp_fe/HBT/6_final.spef line 136966, instance icache_1/_22418_ not found.
[WARNING STA-1648] ./results/nangate45_3D/bp_fe/HBT/6_final.spef line 136967, instance icache_1/lce/_19348_ not found.
[WARNING STA-1648] ./results/nangate45_3D/bp_fe/HBT/6_final.spef line 136968, instance icache_1/lce/_19449_ not found.
[WARNING STA-1648] ./results/nangate45_3D/bp_fe/HBT/6_final.spef line 136969, instance icache_1/_22162_ not found.
[WARNING STA-1648] ./results/nangate45_3D/bp_fe/HBT/6_final.spef line 136970, instance icache_1/lce/_19187_ not found.
[WARNING STA-1648] ./results/nangate45_3D/bp_fe/HBT/6_final.spef line 136971, instance icache_1/lce/_19307_ not found.
[WARNING STA-1648] ./results/nangate45_3D/bp_fe/HBT/6_final.spef line 136972, instance icache_1/lce/_18956_ not found.
[WARNING STA-1648] ./results/nangate45_3D/bp_fe/HBT/6_final.spef line 136973, instance icache_1/_22053_ not found.
[WARNING STA-1648] ./results/nangate45_3D/bp_fe/HBT/6_final.spef line 136974, instance icache_1/lce/_19287_ not found.
[WARNING STA-1648] ./results/nangate45_3D/bp_fe/HBT/6_final.spef line 136975, instance icache_1/lce/_19223_ not found.
[WARNING STA-1648] ./results/nangate45_3D/bp_fe/HBT/6_final.spef line 136976, instance icache_1/lce/_18967_ not found.
[WARNING STA-1648] ./results/nangate45_3D/bp_fe/HBT/6_final.spef line 136977, instance icache_1/lce/_19081_ not found.
[WARNING STA-1648] ./results/nangate45_3D/bp_fe/HBT/6_final.spef line 136978, instance icache_1/lce/_19031_ not found.
[WARNING STA-1648] ./results/nangate45_3D/bp_fe/HBT/6_final.spef line 136979, instance icache_1/_22407_ not found.
[WARNING STA-1648] ./results/nangate45_3D/bp_fe/HBT/6_final.spef line 136980, instance icache_1/_22279_ not found.
[WARNING STA-1648] ./results/nangate45_3D/bp_fe/HBT/6_final.spef line 136981, instance icache_1/_22151_ not found.
[WARNING STA-1648] ./results/nangate45_3D/bp_fe/HBT/6_final.spef line 136982, instance icache_1/lce/_19276_ not found.
[WARNING STA-1648] ./results/nangate45_3D/bp_fe/HBT/6_final.spef line 136983, instance icache_1/_22282_ not found.
[WARNING STA-1648] ./results/nangate45_3D/bp_fe/HBT/6_final.spef line 136984, instance icache_1/_22410_ not found.
[WARNING STA-1648] ./results/nangate45_3D/bp_fe/HBT/6_final.spef line 136985, instance icache_1/lce/_19051_ not found.
[WARNING STA-1648] ./results/nangate45_3D/bp_fe/HBT/6_final.spef line 136986, instance icache_1/_22154_ not found.
[WARNING STA-1648] ./results/nangate45_3D/bp_fe/HBT/6_final.spef line 136987, instance icache_1/lce/_19115_ not found.
[WARNING STA-1648] ./results/nangate45_3D/bp_fe/HBT/6_final.spef line 136988, instance icache_1/_22437_ not found.
[WARNING STA-1648] ./results/nangate45_3D/bp_fe/HBT/6_final.spef line 136989, instance icache_1/lce/_19179_ not found.
[WARNING STA-1648] ./results/nangate45_3D/bp_fe/HBT/6_final.spef line 136990, instance icache_1/_22031_ not found.
[WARNING STA-1648] ./results/nangate45_3D/bp_fe/HBT/6_final.spef line 136991, instance icache_1/lce/_19084_ not found.
[WARNING STA-1648] ./results/nangate45_3D/bp_fe/HBT/6_final.spef line 136992, instance icache_1/lce/_19345_ not found.
[WARNING STA-1648] ./results/nangate45_3D/bp_fe/HBT/6_final.spef line 136993, instance icache_1/lce/_18961_ not found.
[WARNING STA-1648] ./results/nangate45_3D/bp_fe/HBT/6_final.spef line 136994, instance icache_1/_22361_ not found.
[WARNING STA-1648] ./results/nangate45_3D/bp_fe/HBT/6_final.spef line 136995, instance icache_1/_22425_ not found.
[WARNING STA-1648] ./results/nangate45_3D/bp_fe/HBT/6_final.spef line 136996, instance icache_1/_22321_ not found.
[WARNING STA-1648] ./results/nangate45_3D/bp_fe/HBT/6_final.spef line 136997, instance icache_1/_22449_ not found.
[WARNING STA-1648] ./results/nangate45_3D/bp_fe/HBT/6_final.spef line 136998, instance icache_1/_22169_ not found.
[WARNING STA-1648] ./results/nangate45_3D/bp_fe/HBT/6_final.spef line 136999, instance icache_1/lce/_19163_ not found.
[WARNING STA-1648] ./results/nangate45_3D/bp_fe/HBT/6_final.spef line 137000, instance icache_1/_22367_ not found.
[WARNING STA-1648] ./results/nangate45_3D/bp_fe/HBT/6_final.spef line 137001, instance icache_1/_22297_ not found.
[WARNING STA-1648] ./results/nangate45_3D/bp_fe/HBT/6_final.spef line 137002, instance icache_1/lce/_19443_ not found.
[WARNING STA-1648] ./results/nangate45_3D/bp_fe/HBT/6_final.spef line 137003, instance icache_1/_21977_ not found.
[WARNING STA-1648] ./results/nangate45_3D/bp_fe/HBT/6_final.spef line 137004, instance icache_1/_22373_ not found.
[WARNING STA-1648] ./results/nangate45_3D/bp_fe/HBT/6_final.spef line 137005, instance icache_1/lce/_19204_ not found.
[WARNING STA-1648] ./results/nangate45_3D/bp_fe/HBT/6_final.spef line 137006, instance icache_1/lce/_19012_ not found.
[WARNING STA-1648] ./results/nangate45_3D/bp_fe/HBT/6_final.spef line 137007, instance icache_1/lce/_19076_ not found.
[WARNING STA-1648] ./results/nangate45_3D/bp_fe/HBT/6_final.spef line 137008, instance icache_1/lce/_19123_ not found.
[WARNING STA-1648] ./results/nangate45_3D/bp_fe/HBT/6_final.spef line 137009, instance icache_1/_22338_ not found.
[WARNING STA-1648] ./results/nangate45_3D/bp_fe/HBT/6_final.spef line 137010, instance icache_1/lce/_19078_ not found.
[WARNING STA-1648] ./results/nangate45_3D/bp_fe/HBT/6_final.spef line 137011, instance icache_1/_22322_ not found.
[WARNING STA-1648] ./results/nangate45_3D/bp_fe/HBT/6_final.spef line 137012, instance icache_1/lce/_19284_ not found.
[WARNING STA-1648] ./results/nangate45_3D/bp_fe/HBT/6_final.spef line 137013, instance icache_1/_22354_ not found.
[WARNING STA-1648] ./results/nangate45_3D/bp_fe/HBT/6_final.spef line 137014, instance icache_1/_22098_ not found.
[WARNING STA-1648] ./results/nangate45_3D/bp_fe/HBT/6_final.spef line 137015, instance icache_1/lce/_19065_ not found.
[WARNING STA-1648] ./results/nangate45_3D/bp_fe/HBT/6_final.spef line 137016, instance icache_1/_22194_ not found.
[WARNING STA-1648] ./results/nangate45_3D/bp_fe/HBT/6_final.spef line 137017, instance icache_1/_22066_ not found.
[WARNING STA-1648] ./results/nangate45_3D/bp_fe/HBT/6_final.spef line 137018, instance icache_1/_22450_ not found.
[WARNING STA-1648] ./results/nangate45_3D/bp_fe/HBT/6_final.spef line 137019, instance icache_1/_22002_ not found.
[WARNING STA-1648] ./results/nangate45_3D/bp_fe/HBT/6_final.spef line 137020, instance icache_1/_22258_ not found.
[WARNING STA-1648] ./results/nangate45_3D/bp_fe/HBT/6_final.spef line 137021, instance icache_1/_22226_ not found.
[WARNING STA-1648] ./results/nangate45_3D/bp_fe/HBT/6_final.spef line 137022, instance icache_1/_22229_ not found.
[WARNING STA-1648] ./results/nangate45_3D/bp_fe/HBT/6_final.spef line 137023, instance icache_1/lce/_19107_ not found.
[WARNING STA-1648] ./results/nangate45_3D/bp_fe/HBT/6_final.spef line 137024, instance icache_1/lce/_19167_ not found.
[WARNING STA-1648] ./results/nangate45_3D/bp_fe/HBT/6_final.spef line 137025, instance icache_1/lce/_19427_ not found.
[WARNING STA-1648] ./results/nangate45_3D/bp_fe/HBT/6_final.spef line 137026, instance icache_1/lce/_18975_ not found.
[WARNING STA-1648] ./results/nangate45_3D/bp_fe/HBT/6_final.spef line 137027, instance icache_1/lce/_18980_ not found.
[WARNING STA-1648] ./results/nangate45_3D/bp_fe/HBT/6_final.spef line 137028, instance icache_1/lce/_19043_ not found.
[WARNING STA-1648] ./results/nangate45_3D/bp_fe/HBT/6_final.spef line 137029, instance icache_1/_22049_ not found.
[WARNING STA-1648] ./results/nangate45_3D/bp_fe/HBT/6_final.spef line 137030, instance icache_1/_22305_ not found.
[WARNING STA-1648] ./results/nangate45_3D/bp_fe/HBT/6_final.spef line 137031, instance icache_1/_21985_ not found.
[WARNING STA-1648] ./results/nangate45_3D/bp_fe/HBT/6_final.spef line 137032, instance icache_1/lce/_19191_ not found.
[WARNING STA-1648] ./results/nangate45_3D/bp_fe/HBT/6_final.spef line 137033, instance icache_1/lce/_19447_ not found.
[WARNING STA-1648] ./results/nangate45_3D/bp_fe/HBT/6_final.spef line 137034, instance icache_1/_22369_ not found.
[WARNING STA-1648] ./results/nangate45_3D/bp_fe/HBT/6_final.spef line 137035, instance icache_1/_22177_ not found.
[WARNING STA-1648] ./results/nangate45_3D/bp_fe/HBT/6_final.spef line 137036, instance icache_1/_22433_ not found.
[WARNING STA-1648] ./results/nangate45_3D/bp_fe/HBT/6_final.spef line 137037, instance icache_1/lce/_19235_ not found.
[WARNING STA-1648] ./results/nangate45_3D/bp_fe/HBT/6_final.spef line 137038, instance icache_1/lce/_18979_ not found.
[WARNING STA-1648] ./results/nangate45_3D/bp_fe/HBT/6_final.spef line 137039, instance icache_1/lce/_19380_ not found.
[WARNING STA-1648] ./results/nangate45_3D/bp_fe/HBT/6_final.spef line 137040, instance icache_1/lce/_19316_ not found.
[WARNING STA-1648] ./results/nangate45_3D/bp_fe/HBT/6_final.spef line 137041, instance icache_1/lce/_19412_ not found.
[WARNING STA-1648] ./results/nangate45_3D/bp_fe/HBT/6_final.spef line 137042, instance icache_1/_22357_ not found.
[WARNING STA-1648] ./results/nangate45_3D/bp_fe/HBT/6_final.spef line 137043, instance icache_1/_22386_ not found.
[WARNING STA-1648] ./results/nangate45_3D/bp_fe/HBT/6_final.spef line 137044, instance icache_1/_21912_ not found.
[WARNING STA-1648] ./results/nangate45_3D/bp_fe/HBT/6_final.spef line 137045, instance icache_1/_22071_ not found.
[WARNING STA-1648] ./results/nangate45_3D/bp_fe/HBT/6_final.spef line 137046, instance icache_1/_22327_ not found.
[WARNING STA-1648] ./results/nangate45_3D/bp_fe/HBT/6_final.spef line 137047, instance icache_1/lce/_19385_ not found.
[WARNING STA-1648] ./results/nangate45_3D/bp_fe/HBT/6_final.spef line 137048, instance icache_1/lce/_19321_ not found.
[WARNING STA-1648] ./results/nangate45_3D/bp_fe/HBT/6_final.spef line 137049, instance icache_1/lce/_19379_ not found.
[WARNING STA-1648] ./results/nangate45_3D/bp_fe/HBT/6_final.spef line 137050, instance icache_1/_22402_ not found.
[WARNING STA-1648] ./results/nangate45_3D/bp_fe/HBT/6_final.spef line 137051, instance icache_1/_22146_ not found.
[WARNING STA-1648] ./results/nangate45_3D/bp_fe/HBT/6_final.spef line 137052, instance icache_1/_22457_ not found.
[WARNING STA-1648] ./results/nangate45_3D/bp_fe/HBT/6_final.spef line 137053, instance icache_1/lce/_19067_ not found.
[WARNING STA-1648] ./results/nangate45_3D/bp_fe/HBT/6_final.spef line 137054, instance icache_1/_22137_ not found.
[WARNING STA-1648] ./results/nangate45_3D/bp_fe/HBT/6_final.spef line 137055, instance icache_1/lce/_19003_ not found.
[WARNING STA-1648] ./results/nangate45_3D/bp_fe/HBT/6_final.spef line 137056, instance icache_1/lce/_18955_ not found.
[WARNING STA-1648] ./results/nangate45_3D/bp_fe/HBT/6_final.spef line 137057, instance icache_1/lce/_19195_ not found.
[WARNING STA-1648] ./results/nangate45_3D/bp_fe/HBT/6_final.spef line 137058, instance icache_1/lce/_19259_ not found.
[WARNING STA-1648] ./results/nangate45_3D/bp_fe/HBT/6_final.spef line 137059, instance icache_1/lce/_19059_ not found.
[WARNING STA-1648] ./results/nangate45_3D/bp_fe/HBT/6_final.spef line 137060, instance icache_1/lce/_19315_ not found.
[WARNING STA-1648] ./results/nangate45_3D/bp_fe/HBT/6_final.spef line 137061, instance icache_1/lce/_18995_ not found.
[WARNING STA-1648] ./results/nangate45_3D/bp_fe/HBT/6_final.spef line 137062, instance icache_1/lce/_19323_ not found.
[WARNING STA-1648] ./results/nangate45_3D/bp_fe/HBT/6_final.spef line 137063, instance icache_1/_22117_ not found.
[WARNING STA-1648] ./results/nangate45_3D/bp_fe/HBT/6_final.spef line 137064, instance icache_1/lce/_19151_ not found.
[WARNING STA-1648] ./results/nangate45_3D/bp_fe/HBT/6_final.spef line 137065, instance icache_1/lce/_19387_ not found.
[WARNING STA-1648] ./results/nangate45_3D/bp_fe/HBT/6_final.spef line 137066, instance icache_1/_21907_ not found.
[WARNING STA-1648] ./results/nangate45_3D/bp_fe/HBT/6_final.spef line 137067, instance icache_1/lce/_19087_ not found.
[WARNING STA-1648] ./results/nangate45_3D/bp_fe/HBT/6_final.spef line 137068, instance icache_1/_22413_ not found.
[WARNING STA-1648] ./results/nangate45_3D/bp_fe/HBT/6_final.spef line 137069, instance icache_1/_22157_ not found.
[WARNING STA-1648] ./results/nangate45_3D/bp_fe/HBT/6_final.spef line 137070, instance icache_1/_22349_ not found.
[WARNING STA-1648] ./results/nangate45_3D/bp_fe/HBT/6_final.spef line 137071, instance icache_1/_21989_ not found.
[WARNING STA-1648] ./results/nangate45_3D/bp_fe/HBT/6_final.spef line 137072, instance icache_1/lce/_19211_ not found.
[WARNING STA-1648] ./results/nangate45_3D/bp_fe/HBT/6_final.spef line 137073, instance icache_1/_22147_ not found.
[WARNING STA-1648] ./results/nangate45_3D/bp_fe/HBT/6_final.spef line 137074, instance icache_1/lce/_19083_ not found.
[WARNING STA-1648] ./results/nangate45_3D/bp_fe/HBT/6_final.spef line 137075, instance icache_1/lce/_19019_ not found.
[WARNING STA-1648] ./results/nangate45_3D/bp_fe/HBT/6_final.spef line 137076, instance icache_1/_21897_ not found.
[WARNING STA-1648] ./results/nangate45_3D/bp_fe/HBT/6_final.spef line 137077, instance icache_1/lce/_19242_ not found.
[WARNING STA-1648] ./results/nangate45_3D/bp_fe/HBT/6_final.spef line 137078, instance icache_1/_22211_ not found.
[WARNING STA-1648] ./results/nangate45_3D/bp_fe/HBT/6_final.spef line 137079, instance icache_1/_22376_ not found.
[WARNING STA-1648] ./results/nangate45_3D/bp_fe/HBT/6_final.spef line 137080, instance icache_1/_22248_ not found.
[WARNING STA-1648] ./results/nangate45_3D/bp_fe/HBT/6_final.spef line 137081, instance icache_1/_22120_ not found.
[WARNING STA-1648] ./results/nangate45_3D/bp_fe/HBT/6_final.spef line 137082, instance icache_1/_22184_ not found.
[WARNING STA-1648] ./results/nangate45_3D/bp_fe/HBT/6_final.spef line 137083, instance icache_1/_22088_ not found.
[WARNING STA-1648] ./results/nangate45_3D/bp_fe/HBT/6_final.spef line 137084, instance icache_1/_22091_ not found.
[WARNING STA-1648] ./results/nangate45_3D/bp_fe/HBT/6_final.spef line 137085, instance icache_1/lce/_19184_ not found.
[WARNING STA-1648] ./results/nangate45_3D/bp_fe/HBT/6_final.spef line 137086, instance icache_1/_22232_ not found.
[WARNING STA-1648] ./results/nangate45_3D/bp_fe/HBT/6_final.spef line 137087, instance icache_1/_22104_ not found.
[WARNING STA-1648] ./results/nangate45_3D/bp_fe/HBT/6_final.spef line 137088, instance icache_1/_22454_ not found.
[WARNING STA-1648] ./results/nangate45_3D/bp_fe/HBT/6_final.spef line 137089, instance icache_1/lce/_18985_ not found.
[WARNING STA-1648] ./results/nangate45_3D/bp_fe/HBT/6_final.spef line 137090, instance icache_1/lce/_19135_ not found.
[WARNING STA-1648] ./results/nangate45_3D/bp_fe/HBT/6_final.spef line 137091, instance icache_1/lce/_19158_ not found.
[WARNING STA-1648] ./results/nangate45_3D/bp_fe/HBT/6_final.spef line 137092, instance icache_1/lce/_19391_ not found.
[WARNING STA-1648] ./results/nangate45_3D/bp_fe/HBT/6_final.spef line 137093, instance icache_1/_22195_ not found.
[WARNING STA-1648] ./results/nangate45_3D/bp_fe/HBT/6_final.spef line 137094, instance icache_1/lce/_18992_ not found.
[WARNING STA-1648] ./results/nangate45_3D/bp_fe/HBT/6_final.spef line 137095, instance icache_1/_22012_ not found.
[WARNING STA-1648] ./results/nangate45_3D/bp_fe/HBT/6_final.spef line 137096, instance icache_1/_22230_ not found.
[WARNING STA-1648] ./results/nangate45_3D/bp_fe/HBT/6_final.spef line 137097, instance icache_1/_22102_ not found.
[WARNING STA-1648] ./results/nangate45_3D/bp_fe/HBT/6_final.spef line 137098, instance icache_1/_22292_ not found.
[WARNING STA-1648] ./results/nangate45_3D/bp_fe/HBT/6_final.spef line 137099, instance icache_1/_22132_ not found.
[WARNING STA-1648] ./results/nangate45_3D/bp_fe/HBT/6_final.spef line 137100, instance icache_1/_22462_ not found.
[WARNING STA-1648] ./results/nangate45_3D/bp_fe/HBT/6_final.spef line 137101, instance icache_1/_22310_ not found.
[WARNING STA-1648] ./results/nangate45_3D/bp_fe/HBT/6_final.spef line 137102, instance icache_1/_22438_ not found.
[WARNING STA-1648] ./results/nangate45_3D/bp_fe/HBT/6_final.spef line 137103, instance icache_1/_22200_ not found.
[WARNING STA-1648] ./results/nangate45_3D/bp_fe/HBT/6_final.spef line 137104, instance icache_1/_22374_ not found.
[WARNING STA-1648] ./results/nangate45_3D/bp_fe/HBT/6_final.spef line 137105, instance icache_1/_22334_ not found.
[WARNING STA-1648] ./results/nangate45_3D/bp_fe/HBT/6_final.spef line 137106, instance icache_1/_22182_ not found.
[WARNING STA-1648] ./results/nangate45_3D/bp_fe/HBT/6_final.spef line 137107, instance icache_1/lce/_19072_ not found.
[WARNING STA-1648] ./results/nangate45_3D/bp_fe/HBT/6_final.spef line 137108, instance icache_1/_22118_ not found.
[WARNING STA-1648] ./results/nangate45_3D/bp_fe/HBT/6_final.spef line 137109, instance icache_1/_22246_ not found.
[WARNING STA-1648] ./results/nangate45_3D/bp_fe/HBT/6_final.spef line 137110, instance icache_1/_21972_ not found.
[WARNING STA-1648] ./results/nangate45_3D/bp_fe/HBT/6_final.spef line 137111, instance icache_1/lce/_19008_ not found.
[WARNING STA-1648] ./results/nangate45_3D/bp_fe/HBT/6_final.spef line 137112, instance icache_1/lce/_19264_ not found.
[WARNING STA-1648] ./results/nangate45_3D/bp_fe/HBT/6_final.spef line 137113, instance icache_1/lce/_19328_ not found.
[WARNING STA-1648] ./results/nangate45_3D/bp_fe/HBT/6_final.spef line 137114, instance icache_1/_22356_ not found.
[WARNING STA-1648] ./results/nangate45_3D/bp_fe/HBT/6_final.spef line 137115, instance icache_1/_21990_ not found.
[WARNING STA-1648] ./results/nangate45_3D/bp_fe/HBT/6_final.spef line 137116, instance icache_1/_22244_ not found.
[WARNING STA-1648] ./results/nangate45_3D/bp_fe/HBT/6_final.spef line 137117, instance icache_1/_22372_ not found.
[WARNING STA-1648] ./results/nangate45_3D/bp_fe/HBT/6_final.spef line 137118, instance icache_1/_22052_ not found.
[WARNING STA-1648] ./results/nangate45_3D/bp_fe/HBT/6_final.spef line 137119, instance icache_1/_22196_ not found.
[WARNING STA-1648] ./results/nangate45_3D/bp_fe/HBT/6_final.spef line 137120, instance icache_1/_22004_ not found.
[WARNING STA-1648] ./results/nangate45_3D/bp_fe/HBT/6_final.spef line 137121, instance icache_1/_22420_ not found.
[WARNING STA-1648] ./results/nangate45_3D/bp_fe/HBT/6_final.spef line 137122, instance icache_1/_22260_ not found.
[WARNING STA-1648] ./results/nangate45_3D/bp_fe/HBT/6_final.spef line 137123, instance icache_1/_22459_ not found.
[WARNING STA-1648] ./results/nangate45_3D/bp_fe/HBT/6_final.spef line 137124, instance icache_1/_22267_ not found.
[WARNING STA-1648] ./results/nangate45_3D/bp_fe/HBT/6_final.spef line 137125, instance icache_1/_22363_ not found.
[WARNING STA-1648] ./results/nangate45_3D/bp_fe/HBT/6_final.spef line 137126, instance icache_1/lce/_19438_ not found.
[WARNING STA-1648] ./results/nangate45_3D/bp_fe/HBT/6_final.spef line 137127, instance icache_1/_22107_ not found.
[WARNING STA-1648] ./results/nangate45_3D/bp_fe/HBT/6_final.spef line 137128, instance icache_1/_22299_ not found.
[WARNING STA-1648] ./results/nangate45_3D/bp_fe/HBT/6_final.spef line 137129, instance icache_1/lce/_19366_ not found.
[WARNING STA-1648] ./results/nangate45_3D/bp_fe/HBT/6_final.spef line 137130, instance icache_1/_22235_ not found.
[WARNING STA-1648] ./results/nangate45_3D/bp_fe/HBT/6_final.spef line 137131, instance icache_1/lce/_18973_ not found.
[WARNING STA-1648] ./results/nangate45_3D/bp_fe/HBT/6_final.spef line 137132, instance icache_1/lce/_19110_ not found.
[WARNING STA-1648] ./results/nangate45_3D/bp_fe/HBT/6_final.spef line 137133, instance icache_1/_22075_ not found.
[WARNING STA-1648] ./results/nangate45_3D/bp_fe/HBT/6_final.spef line 137134, instance icache_1/_22331_ not found.
[WARNING STA-1648] ./results/nangate45_3D/bp_fe/HBT/6_final.spef line 137135, instance icache_1/_22011_ not found.
[WARNING STA-1648] ./results/nangate45_3D/bp_fe/HBT/6_final.spef line 137136, instance icache_1/_22203_ not found.
[WARNING STA-1648] ./results/nangate45_3D/bp_fe/HBT/6_final.spef line 137137, instance icache_1/lce/_19046_ not found.
[WARNING STA-1648] ./results/nangate45_3D/bp_fe/HBT/6_final.spef line 137138, instance icache_1/_21988_ not found.
[WARNING STA-1648] ./results/nangate45_3D/bp_fe/HBT/6_final.spef line 137139, instance icache_1/lce/_19254_ not found.
[WARNING STA-1648] ./results/nangate45_3D/bp_fe/HBT/6_final.spef line 137140, instance icache_1/lce/_18998_ not found.
[WARNING STA-1648] ./results/nangate45_3D/bp_fe/HBT/6_final.spef line 137141, instance icache_1/lce/_19062_ not found.
[WARNING STA-1648] ./results/nangate45_3D/bp_fe/HBT/6_final.spef line 137142, instance icache_1/lce/_19318_ not found.
[WARNING STA-1648] ./results/nangate45_3D/bp_fe/HBT/6_final.spef line 137143, instance icache_1/lce/_18982_ not found.
[WARNING STA-1648] ./results/nangate45_3D/bp_fe/HBT/6_final.spef line 137144, instance icache_1/lce/_19302_ not found.
[WARNING STA-1648] ./results/nangate45_3D/bp_fe/HBT/6_final.spef line 137145, instance icache_1/_22395_ not found.
[WARNING STA-1648] ./results/nangate45_3D/bp_fe/HBT/6_final.spef line 137146, instance icache_1/_22139_ not found.
[WARNING STA-1648] ./results/nangate45_3D/bp_fe/HBT/6_final.spef line 137147, instance icache_1/lce/_19197_ not found.
[WARNING STA-1648] ./results/nangate45_3D/bp_fe/HBT/6_final.spef line 137148, instance icache_1/lce/_19453_ not found.
[WARNING STA-1648] ./results/nangate45_3D/bp_fe/HBT/6_final.spef line 137149, instance icache_1/lce/_19261_ not found.
[WARNING STA-1648] ./results/nangate45_3D/bp_fe/HBT/6_final.spef line 137150, instance icache_1/lce/_19005_ not found.
[WARNING STA-1648] ./results/nangate45_3D/bp_fe/HBT/6_final.spef line 137151, instance icache_1/lce/_19389_ not found.
[WARNING STA-1648] ./results/nangate45_3D/bp_fe/HBT/6_final.spef line 137152, instance icache_1/lce/_19229_ not found.
[WARNING STA-1648] ./results/nangate45_3D/bp_fe/HBT/6_final.spef line 137153, instance icache_1/_22043_ not found.
[WARNING STA-1648] ./results/nangate45_3D/bp_fe/HBT/6_final.spef line 137154, instance icache_1/lce/_19421_ not found.
[WARNING STA-1648] ./results/nangate45_3D/bp_fe/HBT/6_final.spef line 137155, instance icache_1/lce/_19310_ not found.
[WARNING STA-1648] ./results/nangate45_3D/bp_fe/HBT/6_final.spef line 137156, instance icache_1/lce/_19182_ not found.
[WARNING STA-1648] ./results/nangate45_3D/bp_fe/HBT/6_final.spef line 137157, instance icache_1/_22427_ not found.
[WARNING STA-1648] ./results/nangate45_3D/bp_fe/HBT/6_final.spef line 137158, instance icache_1/_22436_ not found.
[WARNING STA-1648] ./results/nangate45_3D/bp_fe/HBT/6_final.spef line 137159, instance icache_1/_22180_ not found.
[WARNING STA-1648] ./results/nangate45_3D/bp_fe/HBT/6_final.spef line 137160, instance icache_1/_21979_ not found.
[WARNING STA-1648] ./results/nangate45_3D/bp_fe/HBT/6_final.spef line 137161, instance icache_1/lce/_19430_ not found.
[WARNING STA-1648] ./results/nangate45_3D/bp_fe/HBT/6_final.spef line 137162, instance icache_1/_22171_ not found.
[WARNING STA-1648] ./results/nangate45_3D/bp_fe/HBT/6_final.spef line 137163, instance icache_1/_22084_ not found.
[WARNING STA-1648] ./results/nangate45_3D/bp_fe/HBT/6_final.spef line 137164, instance icache_1/_22148_ not found.
[WARNING STA-1648] ./results/nangate45_3D/bp_fe/HBT/6_final.spef line 137165, instance icache_1/_22164_ not found.
[WARNING STA-1648] ./results/nangate45_3D/bp_fe/HBT/6_final.spef line 137166, instance icache_1/_22452_ not found.
[WARNING STA-1648] ./results/nangate45_3D/bp_fe/HBT/6_final.spef line 137167, instance icache_1/lce/_18966_ not found.
[WARNING STA-1648] ./results/nangate45_3D/bp_fe/HBT/6_final.spef line 137168, instance icache_1/lce/_19222_ not found.
[WARNING STA-1648] ./results/nangate45_3D/bp_fe/HBT/6_final.spef line 137169, instance icache_1/lce/_20032_ not found.
[WARNING STA-1648] ./results/nangate45_3D/bp_fe/HBT/6_final.spef line 137170, instance icache_1/lce/_20236_ not found.
[WARNING STA-1648] ./results/nangate45_3D/bp_fe/HBT/6_final.spef line 137171, instance icache_1/lce/_19715_ not found.
[WARNING STA-1648] ./results/nangate45_3D/bp_fe/HBT/6_final.spef line 137172, instance icache_1/lce/_20966_ not found.
[WARNING STA-1648] ./results/nangate45_3D/bp_fe/HBT/6_final.spef line 137173, instance icache_1/lce/_19896_ not found.
[WARNING STA-1648] ./results/nangate45_3D/bp_fe/HBT/6_final.spef line 137174, instance icache_1/lce/_20626_ not found.
[WARNING STA-1648] ./results/nangate45_3D/bp_fe/HBT/6_final.spef line 137175, instance icache_1/lce/_21147_ not found.
[WARNING STA-1648] ./results/nangate45_3D/bp_fe/HBT/6_final.spef line 137176, instance icache_1/lce/_19390_ not found.
[WARNING STA-1648] ./results/nangate45_3D/bp_fe/HBT/6_final.spef line 137177, instance icache_1/lce/_19541_ not found.
[WARNING STA-1648] ./results/nangate45_3D/bp_fe/HBT/6_final.spef line 137178, instance icache_1/_22396_ not found.
[WARNING STA-1648] ./results/nangate45_3D/bp_fe/HBT/6_final.spef line 137179, instance icache_1/_22204_ not found.
[WARNING STA-1648] ./results/nangate45_3D/bp_fe/HBT/6_final.spef line 137180, instance icache_1/_22430_ not found.
[WARNING STA-1648] ./results/nangate45_3D/bp_fe/HBT/6_final.spef line 137181, instance icache_1/_22174_ not found.
[WARNING STA-1648] ./results/nangate45_3D/bp_fe/HBT/6_final.spef line 137182, instance icache_1/_22302_ not found.
[WARNING STA-1648] ./results/nangate45_3D/bp_fe/HBT/6_final.spef line 137183, instance icache_1/_22110_ not found.
[WARNING STA-1648] ./results/nangate45_3D/bp_fe/HBT/6_final.spef line 137184, instance icache_1/lce/_18976_ not found.
[WARNING STA-1648] ./results/nangate45_3D/bp_fe/HBT/6_final.spef line 137185, instance icache_1/lce/_19094_ not found.
[WARNING STA-1648] ./results/nangate45_3D/bp_fe/HBT/6_final.spef line 137186, instance icache_1/_22140_ not found.
[WARNING STA-1648] ./results/nangate45_3D/bp_fe/HBT/6_final.spef line 137187, instance icache_1/lce/_19350_ not found.
[WARNING STA-1648] ./results/nangate45_3D/bp_fe/HBT/6_final.spef line 137188, instance icache_1/_22388_ not found.
[WARNING STA-1648] ./results/nangate45_3D/bp_fe/HBT/6_final.spef line 137189, instance icache_1/_22068_ not found.
[WARNING STA-1648] ./results/nangate45_3D/bp_fe/HBT/6_final.spef line 137190, instance icache_1/lce/_19326_ not found.
[WARNING STA-1648] ./results/nangate45_3D/bp_fe/HBT/6_final.spef line 137191, instance icache_1/lce/_19232_ not found.
[WARNING STA-1648] ./results/nangate45_3D/bp_fe/HBT/6_final.spef line 137192, instance icache_1/lce/_19296_ not found.
[WARNING STA-1648] ./results/nangate45_3D/bp_fe/HBT/6_final.spef line 137193, instance icache_1/lce/_20185_ not found.
[WARNING STA-1648] ./results/nangate45_3D/bp_fe/HBT/6_final.spef line 137194, instance icache_1/lce/_19664_ not found.
[WARNING STA-1648] ./results/nangate45_3D/bp_fe/HBT/6_final.spef line 137195, instance icache_1/lce/_19620_ not found.
[WARNING STA-1648] ./results/nangate45_3D/bp_fe/HBT/6_final.spef line 137196, instance icache_1/lce/_19454_ not found.
[WARNING STA-1648] ./results/nangate45_3D/bp_fe/HBT/6_final.spef line 137197, instance icache_1/lce/_20417_ not found.
[WARNING STA-1648] ./results/nangate45_3D/bp_fe/HBT/6_final.spef line 137198, instance icache_1/lce/_19198_ not found.
[WARNING STA-1648] ./results/nangate45_3D/bp_fe/HBT/6_final.spef line 137199, instance icache_1/lce/_19863_ not found.
[WARNING STA-1648] ./results/nangate45_3D/bp_fe/HBT/6_final.spef line 137200, instance icache_1/lce/_20429_ not found.
[WARNING STA-1648] ./results/nangate45_3D/bp_fe/HBT/6_final.spef line 137201, instance icache_1/lce/_19908_ not found.
[WARNING STA-1648] ./results/nangate45_3D/bp_fe/HBT/6_final.spef line 137202, instance icache_1/lce/_21390_ not found.
[WARNING STA-1648] ./results/nangate45_3D/bp_fe/HBT/6_final.spef line 137203, instance icache_1/lce/_20869_ not found.
[WARNING STA-1648] ./results/nangate45_3D/bp_fe/HBT/6_final.spef line 137204, instance icache_1/lce/_20114_ not found.
[WARNING STA-1648] ./results/nangate45_3D/bp_fe/HBT/6_final.spef line 137205, instance icache_1/lce/_19965_ not found.
[WARNING STA-1648] ./results/nangate45_3D/bp_fe/HBT/6_final.spef line 137206, instance icache_1/lce/_20599_ not found.
[WARNING STA-1648] ./results/nangate45_3D/bp_fe/HBT/6_final.spef line 137207, instance icache_1/lce/_21545_ not found.
[WARNING STA-1648] ./results/nangate45_3D/bp_fe/HBT/6_final.spef line 137208, instance icache_1/lce/_20971_ not found.
[WARNING STA-1648] ./results/nangate45_3D/bp_fe/HBT/6_final.spef line 137209, instance icache_1/lce/_21492_ not found.
[WARNING STA-1648] ./results/nangate45_3D/bp_fe/HBT/6_final.spef line 137210, instance icache_1/lce/_20482_ not found.
[WARNING STA-1648] ./results/nangate45_3D/bp_fe/HBT/6_final.spef line 137211, instance icache_1/lce/_19976_ not found.
[WARNING STA-1648] ./results/nangate45_3D/bp_fe/HBT/6_final.spef line 137212, instance icache_1/lce/_20981_ not found.
[WARNING STA-1648] ./results/nangate45_3D/bp_fe/HBT/6_final.spef line 137213, instance icache_1/lce/_21151_ not found.
[WARNING STA-1648] ./results/nangate45_3D/bp_fe/HBT/6_final.spef line 137214, instance icache_1/lce/_20029_ not found.
[WARNING STA-1648] ./results/nangate45_3D/bp_fe/HBT/6_final.spef line 137215, instance icache_1/lce/_19508_ not found.
[WARNING STA-1648] ./results/nangate45_3D/bp_fe/HBT/6_final.spef line 137216, instance icache_1/lce/_20967_ not found.
[WARNING STA-1648] ./results/nangate45_3D/bp_fe/HBT/6_final.spef line 137217, instance icache_1/lce/_21034_ not found.
[WARNING STA-1648] ./results/nangate45_3D/bp_fe/HBT/6_final.spef line 137218, instance icache_1/lce/_21226_ not found.
[WARNING STA-1648] ./results/nangate45_3D/bp_fe/HBT/6_final.spef line 137219, instance icache_1/lce/_18865_ not found.
[WARNING STA-1648] ./results/nangate45_3D/bp_fe/HBT/6_final.spef line 137220, instance icache_1/lce/_20197_ not found.
[WARNING STA-1648] ./results/nangate45_3D/bp_fe/HBT/6_final.spef line 137221, instance icache_1/lce/_19676_ not found.
[WARNING STA-1648] ./results/nangate45_3D/bp_fe/HBT/6_final.spef line 137222, instance icache_1/lce/_19504_ not found.
[WARNING STA-1648] ./results/nangate45_3D/bp_fe/HBT/6_final.spef line 137223, instance icache_1/lce/_20991_ not found.
[WARNING STA-1648] ./results/nangate45_3D/bp_fe/HBT/6_final.spef line 137224, instance icache_1/lce/_18875_ not found.
[WARNING STA-1648] ./results/nangate45_3D/bp_fe/HBT/6_final.spef line 137225, instance icache_1/lce/_20705_ not found.
[WARNING STA-1648] ./results/nangate45_3D/bp_fe/HBT/6_final.spef line 137226, instance icache_1/lce/_20220_ not found.
[WARNING STA-1648] ./results/nangate45_3D/bp_fe/HBT/6_final.spef line 137227, instance icache_1/lce/_21555_ not found.
[WARNING STA-1648] ./results/nangate45_3D/bp_fe/HBT/6_final.spef line 137228, instance icache_1/lce/_19986_ not found.
[WARNING STA-1648] ./results/nangate45_3D/bp_fe/HBT/6_final.spef line 137229, instance icache_1/lce/_19624_ not found.
[WARNING STA-1648] ./results/nangate45_3D/bp_fe/HBT/6_final.spef line 137230, instance icache_1/lce/_20630_ not found.
[WARNING STA-1648] ./results/nangate45_3D/bp_fe/HBT/6_final.spef line 137231, instance icache_1/lce/_20513_ not found.
[WARNING STA-1648] ./results/nangate45_3D/bp_fe/HBT/6_final.spef line 137232, instance icache_1/lce/_19961_ not found.
[WARNING STA-1648] ./results/nangate45_3D/bp_fe/HBT/6_final.spef line 137233, instance icache_1/lce/_20836_ not found.
[WARNING STA-1648] ./results/nangate45_3D/bp_fe/HBT/6_final.spef line 137234, instance icache_1/lce/_21435_ not found.
[WARNING STA-1648] ./results/nangate45_3D/bp_fe/HBT/6_final.spef line 137235, instance icache_1/lce/_20212_ not found.
[WARNING STA-1648] ./results/nangate45_3D/bp_fe/HBT/6_final.spef line 137236, instance icache_1/lce/_20693_ not found.
[WARNING STA-1648] ./results/nangate45_3D/bp_fe/HBT/6_final.spef line 137237, instance icache_1/lce/_21214_ not found.
[WARNING STA-1648] ./results/nangate45_3D/bp_fe/HBT/6_final.spef line 137238, instance icache_1/lce/_19687_ not found.
[WARNING STA-1648] ./results/nangate45_3D/bp_fe/HBT/6_final.spef line 137239, instance icache_1/lce/_20366_ not found.
[WARNING STA-1648] ./results/nangate45_3D/bp_fe/HBT/6_final.spef line 137240, instance icache_1/lce/_20347_ not found.
[WARNING STA-1648] ./results/nangate45_3D/bp_fe/HBT/6_final.spef line 137241, instance icache_1/lce/_20493_ not found.
[WARNING STA-1648] ./results/nangate45_3D/bp_fe/HBT/6_final.spef line 137242, instance icache_1/lce/_20978_ not found.
[WARNING STA-1648] ./results/nangate45_3D/bp_fe/HBT/6_final.spef line 137243, instance icache_1/lce/_21184_ not found.
[WARNING STA-1648] ./results/nangate45_3D/bp_fe/HBT/6_final.spef line 137244, instance icache_1/lce/_20663_ not found.
[WARNING STA-1648] ./results/nangate45_3D/bp_fe/HBT/6_final.spef line 137245, instance icache_1/lce/_21499_ not found.
[WARNING STA-1648] ./results/nangate45_3D/bp_fe/HBT/6_final.spef line 137246, instance icache_1/lce/_20384_ not found.
[WARNING STA-1648] ./results/nangate45_3D/bp_fe/HBT/6_final.spef line 137247, instance icache_1/lce/_19691_ not found.
[WARNING STA-1648] ./results/nangate45_3D/bp_fe/HBT/6_final.spef line 137248, instance icache_1/lce/_19972_ not found.
[WARNING STA-1648] ./results/nangate45_3D/bp_fe/HBT/6_final.spef line 137249, instance icache_1/lce/_19826_ not found.
[WARNING STA-1648] ./results/nangate45_3D/bp_fe/HBT/6_final.spef line 137250, instance icache_1/lce/_21372_ not found.
[WARNING STA-1648] ./results/nangate45_3D/bp_fe/HBT/6_final.spef line 137251, instance icache_1/lce/_21308_ not found.
[WARNING STA-1648] ./results/nangate45_3D/bp_fe/HBT/6_final.spef line 137252, instance icache_1/lce/_21353_ not found.
[WARNING STA-1648] ./results/nangate45_3D/bp_fe/HBT/6_final.spef line 137253, instance icache_1/lce/_20832_ not found.
[WARNING STA-1648] ./results/nangate45_3D/bp_fe/HBT/6_final.spef line 137254, instance icache_1/lce/_19781_ not found.
[WARNING STA-1648] ./results/nangate45_3D/bp_fe/HBT/6_final.spef line 137255, instance icache_1/lce/_20302_ not found.
[WARNING STA-1648] ./results/nangate45_3D/bp_fe/HBT/6_final.spef line 137256, instance icache_1/lce/_19845_ not found.
[WARNING STA-1648] ./results/nangate45_3D/bp_fe/HBT/6_final.spef line 137257, instance icache_1/lce/_20231_ not found.
[WARNING STA-1648] ./results/nangate45_3D/bp_fe/HBT/6_final.spef line 137258, instance icache_1/lce/_19710_ not found.
[WARNING STA-1648] ./results/nangate45_3D/bp_fe/HBT/6_final.spef line 137259, instance icache_1/lce/_20716_ not found.
[WARNING STA-1648] ./results/nangate45_3D/bp_fe/HBT/6_final.spef line 137260, instance icache_1/lce/_21237_ not found.
[WARNING STA-1648] ./results/nangate45_3D/bp_fe/HBT/6_final.spef line 137261, instance icache_1/lce/_20798_ not found.
[WARNING STA-1648] ./results/nangate45_3D/bp_fe/HBT/6_final.spef line 137262, instance icache_1/lce/_20055_ not found.
[WARNING STA-1648] ./results/nangate45_3D/bp_fe/HBT/6_final.spef line 137263, instance icache_1/lce/_19534_ not found.
[WARNING STA-1648] ./results/nangate45_3D/bp_fe/HBT/6_final.spef line 137264, instance icache_1/lce/_20377_ not found.
[WARNING STA-1648] ./results/nangate45_3D/bp_fe/HBT/6_final.spef line 137265, instance icache_1/lce/_21301_ not found.
[WARNING STA-1648] ./results/nangate45_3D/bp_fe/HBT/6_final.spef line 137266, instance icache_1/lce/_21383_ not found.
[WARNING STA-1648] ./results/nangate45_3D/bp_fe/HBT/6_final.spef line 137267, instance icache_1/lce/_20862_ not found.
[WARNING STA-1648] ./results/nangate45_3D/bp_fe/HBT/6_final.spef line 137268, instance icache_1/lce/_21433_ not found.
[WARNING STA-1648] ./results/nangate45_3D/bp_fe/HBT/6_final.spef line 137269, instance icache_1/lce/_20427_ not found.
[WARNING STA-1648] ./results/nangate45_3D/bp_fe/HBT/6_final.spef line 137270, instance icache_1/lce/_21362_ not found.
[WARNING STA-1648] ./results/nangate45_3D/bp_fe/HBT/6_final.spef line 137271, instance icache_1/lce/_20841_ not found.
[WARNING STA-1648] ./results/nangate45_3D/bp_fe/HBT/6_final.spef line 137272, instance icache_1/lce/_20912_ not found.
[WARNING STA-1648] ./results/nangate45_3D/bp_fe/HBT/6_final.spef line 137273, instance icache_1/lce/_20243_ not found.
[WARNING STA-1648] ./results/nangate45_3D/bp_fe/HBT/6_final.spef line 137274, instance icache_1/lce/_21249_ not found.
[WARNING STA-1648] ./results/nangate45_3D/bp_fe/HBT/6_final.spef line 137275, instance icache_1/lce/_20728_ not found.
[WARNING STA-1648] ./results/nangate45_3D/bp_fe/HBT/6_final.spef line 137276, instance icache_1/lce/_19764_ not found.
[WARNING STA-1648] ./results/nangate45_3D/bp_fe/HBT/6_final.spef line 137277, instance icache_1/lce/_19722_ not found.
[WARNING STA-1648] ./results/nangate45_3D/bp_fe/HBT/6_final.spef line 137278, instance icache_1/lce/_21063_ not found.
[WARNING STA-1648] ./results/nangate45_3D/bp_fe/HBT/6_final.spef line 137279, instance icache_1/lce/_20542_ not found.
[WARNING STA-1648] ./results/nangate45_3D/bp_fe/HBT/6_final.spef line 137280, instance icache_1/lce/_20160_ not found.
[WARNING STA-1648] ./results/nangate45_3D/bp_fe/HBT/6_final.spef line 137281, instance icache_1/lce/_19639_ not found.
[WARNING STA-1648] ./results/nangate45_3D/bp_fe/HBT/6_final.spef line 137282, instance icache_1/lce/_21232_ not found.
[WARNING STA-1648] ./results/nangate45_3D/bp_fe/HBT/6_final.spef line 137283, instance icache_1/lce/_20711_ not found.
[WARNING STA-1648] ./results/nangate45_3D/bp_fe/HBT/6_final.spef line 137284, instance icache_1/lce/_21291_ not found.
[WARNING STA-1648] ./results/nangate45_3D/bp_fe/HBT/6_final.spef line 137285, instance icache_1/lce/_20645_ not found.
[WARNING STA-1648] ./results/nangate45_3D/bp_fe/HBT/6_final.spef line 137286, instance icache_1/lce/_19911_ not found.
[WARNING STA-1648] ./results/nangate45_3D/bp_fe/HBT/6_final.spef line 137287, instance icache_1/lce/_19705_ not found.
[WARNING STA-1648] ./results/nangate45_3D/bp_fe/HBT/6_final.spef line 137288, instance icache_1/lce/_21438_ not found.
[WARNING STA-1648] ./results/nangate45_3D/bp_fe/HBT/6_final.spef line 137289, instance icache_1/lce/_20917_ not found.
[WARNING STA-1648] ./results/nangate45_3D/bp_fe/HBT/6_final.spef line 137290, instance icache_1/lce/_21161_ not found.
[WARNING STA-1648] ./results/nangate45_3D/bp_fe/HBT/6_final.spef line 137291, instance icache_1/lce/_19840_ not found.
[WARNING STA-1648] ./results/nangate45_3D/bp_fe/HBT/6_final.spef line 137292, instance icache_1/lce/_20361_ not found.
[WARNING STA-1648] ./results/nangate45_3D/bp_fe/HBT/6_final.spef line 137293, instance icache_1/lce/_20039_ not found.
[WARNING STA-1648] ./results/nangate45_3D/bp_fe/HBT/6_final.spef line 137294, instance icache_1/lce/_21367_ not found.
[WARNING STA-1648] ./results/nangate45_3D/bp_fe/HBT/6_final.spef line 137295, instance icache_1/lce/_20846_ not found.
[WARNING STA-1648] ./results/nangate45_3D/bp_fe/HBT/6_final.spef line 137296, instance icache_1/lce/_19518_ not found.
[WARNING STA-1648] ./results/nangate45_3D/bp_fe/HBT/6_final.spef line 137297, instance icache_1/lce/_21427_ not found.
[WARNING STA-1648] ./results/nangate45_3D/bp_fe/HBT/6_final.spef line 137298, instance icache_1/lce/_20426_ not found.
[WARNING STA-1648] ./results/nangate45_3D/bp_fe/HBT/6_final.spef line 137299, instance icache_1/lce/_19905_ not found.
[WARNING STA-1648] ./results/nangate45_3D/bp_fe/HBT/6_final.spef line 137300, instance icache_1/lce/_19475_ not found.
[WARNING STA-1648] ./results/nangate45_3D/bp_fe/HBT/6_final.spef line 137301, instance icache_1/lce/_19480_ not found.
[WARNING STA-1648] ./results/nangate45_3D/bp_fe/HBT/6_final.spef line 137302, instance icache_1/lce/_21521_ not found.
[WARNING STA-1648] ./results/nangate45_3D/bp_fe/HBT/6_final.spef line 137303, instance icache_1/lce/_21526_ not found.
[WARNING STA-1648] ./results/nangate45_3D/bp_fe/HBT/6_final.spef line 137304, instance icache_1/lce/_18915_ not found.
[WARNING STA-1648] ./results/nangate45_3D/bp_fe/HBT/6_final.spef line 137305, instance icache_1/lce/_18919_ not found.
[WARNING STA-1648] ./results/nangate45_3D/bp_fe/HBT/6_final.spef line 137306, instance icache_1/lce/_21530_ not found.
[WARNING STA-1648] ./results/nangate45_3D/bp_fe/HBT/6_final.spef line 137307, instance icache_1/lce/_21532_ not found.
[WARNING STA-1648] ./results/nangate45_3D/bp_fe/HBT/6_final.spef line 137308, instance icache_1/lce/_19486_ not found.
[WARNING STA-1648] ./results/nangate45_3D/bp_fe/HBT/6_final.spef line 137309, instance icache_1/lce/_19481_ not found.
[WARNING STA-1648] ./results/nangate45_3D/bp_fe/HBT/6_final.spef line 137310, instance icache_1/lce/_21527_ not found.
[WARNING STA-1648] ./results/nangate45_3D/bp_fe/HBT/6_final.spef line 137311, instance icache_1/lce/_19461_ not found.
[WARNING STA-1648] ./results/nangate45_3D/bp_fe/HBT/6_final.spef line 137312, instance icache_1/lce/_18925_ not found.
[WARNING STA-1648] ./results/nangate45_3D/bp_fe/HBT/6_final.spef line 137313, instance icache_1/lce/_18922_ not found.
[WARNING STA-1648] ./results/nangate45_3D/bp_fe/HBT/6_final.spef line 137314, instance icache_1/lce/_19487_ not found.
[WARNING STA-1648] ./results/nangate45_3D/bp_fe/HBT/6_final.spef line 137315, instance icache_1/lce/_21529_ not found.
[WARNING STA-1648] ./results/nangate45_3D/bp_fe/HBT/6_final.spef line 137316, instance icache_1/lce/_19483_ not found.
[WARNING STA-1648] ./results/nangate45_3D/bp_fe/HBT/6_final.spef line 137317, instance icache_1/lce/_21533_ not found.
[WARNING STA-1648] ./results/nangate45_3D/bp_fe/HBT/6_final.spef line 137318, instance icache_1/lce/_18920_ not found.
[WARNING STA-1648] ./results/nangate45_3D/bp_fe/HBT/6_final.spef line 137319, instance icache_1/lce/_18918_ not found.
[WARNING STA-1648] ./results/nangate45_3D/bp_fe/HBT/6_final.spef line 137320, instance icache_1/lce/_18924_ not found.
[WARNING STA-1648] ./results/nangate45_3D/bp_fe/HBT/6_final.spef line 137321, instance icache_1/lce/_19464_ not found.
[WARNING STA-1648] ./results/nangate45_3D/bp_fe/HBT/6_final.spef line 137322, instance icache_1/lce/_19489_ not found.
[WARNING STA-1648] ./results/nangate45_3D/bp_fe/HBT/6_final.spef line 137323, instance icache_1/lce/_21535_ not found.
[WARNING STA-1648] ./results/nangate45_3D/bp_fe/HBT/6_final.spef line 137324, instance icache_1/lce/_21510_ not found.
[WARNING STA-1648] ./results/nangate45_3D/bp_fe/HBT/6_final.spef line 137325, instance icache_1/lce/_21511_ not found.
[WARNING STA-1648] ./results/nangate45_3D/bp_fe/HBT/6_final.spef line 137326, instance icache_1/lce/_18923_ not found.
[WARNING STA-1648] ./results/nangate45_3D/bp_fe/HBT/6_final.spef line 137327, instance icache_1/lce/_18916_ not found.
[WARNING STA-1648] ./results/nangate45_3D/bp_fe/HBT/6_final.spef line 137328, instance icache_1/lce/_21536_ not found.
[WARNING STA-1648] ./results/nangate45_3D/bp_fe/HBT/6_final.spef line 137329, instance icache_1/lce/_21534_ not found.
[WARNING STA-1648] ./results/nangate45_3D/bp_fe/HBT/6_final.spef line 137330, instance icache_1/lce/_21507_ not found.
[WARNING STA-1648] ./results/nangate45_3D/bp_fe/HBT/6_final.spef line 137331, instance icache_1/lce/_19490_ not found.
[WARNING STA-1648] ./results/nangate45_3D/bp_fe/HBT/6_final.spef line 137332, instance icache_1/lce/_19488_ not found.
[WARNING STA-1648] ./results/nangate45_3D/bp_fe/HBT/6_final.spef line 137333, instance icache_1/lce/_19460_ not found.
[WARNING STA-1648] ./results/nangate45_3D/bp_fe/HBT/6_final.spef line 137334, instance icache_1/lce/_21506_ not found.
[WARNING STA-1648] ./results/nangate45_3D/bp_fe/HBT/6_final.spef line 137335, instance icache_1/lce/_18914_ not found.
[WARNING STA-1648] ./results/nangate45_3D/bp_fe/HBT/6_final.spef line 137336, instance icache_1/lce/_18917_ not found.
[WARNING STA-1648] ./results/nangate45_3D/bp_fe/HBT/6_final.spef line 137337, instance icache_1/lce/_18933_ not found.
[WARNING STA-1648] ./results/nangate45_3D/bp_fe/HBT/6_final.spef line 137338, instance icache_1/lce/_21537_ not found.
[WARNING STA-1648] ./results/nangate45_3D/bp_fe/HBT/6_final.spef line 137339, instance icache_1/lce/_19491_ not found.
[WARNING STA-1648] ./results/nangate45_3D/bp_fe/HBT/6_final.spef line 137340, instance icache_1/lce/_21539_ not found.
[WARNING STA-1648] ./results/nangate45_3D/bp_fe/HBT/6_final.spef line 137341, instance icache_1/lce/_19493_ not found.
[WARNING STA-1648] ./results/nangate45_3D/bp_fe/HBT/6_final.spef line 137342, instance icache_1/lce/_21538_ not found.
[WARNING STA-1648] ./results/nangate45_3D/bp_fe/HBT/6_final.spef line 137343, instance icache_1/lce/_19492_ not found.
[WARNING STA-1648] ./results/nangate45_3D/bp_fe/HBT/6_final.spef line 137344, instance icache_1/lce/_21528_ not found.
[WARNING STA-1648] ./results/nangate45_3D/bp_fe/HBT/6_final.spef line 137345, instance icache_1/lce/_19482_ not found.
[WARNING STA-1648] ./results/nangate45_3D/bp_fe/HBT/6_final.spef line 137346, instance icache_1/lce/_19484_ not found.
[WARNING STA-1648] ./results/nangate45_3D/bp_fe/HBT/6_final.spef line 137347, instance icache_1/lce/_19463_ not found.
[WARNING STA-1648] ./results/nangate45_3D/bp_fe/HBT/6_final.spef line 137348, instance icache_1/lce/_21509_ not found.
[WARNING STA-1648] ./results/nangate45_3D/bp_fe/HBT/6_final.spef line 137349, instance icache_1/lce/_20911_ not found.
[WARNING STA-1648] ./results/nangate45_3D/bp_fe/HBT/6_final.spef line 137350, instance icache_1/lce/_21432_ not found.
[WARNING STA-1648] ./results/nangate45_3D/bp_fe/HBT/6_final.spef line 137351, instance icache_1/lce/_21044_ not found.
[WARNING STA-1648] ./results/nangate45_3D/bp_fe/HBT/6_final.spef line 137352, instance icache_1/lce/_20421_ not found.
[WARNING STA-1648] ./results/nangate45_3D/bp_fe/HBT/6_final.spef line 137353, instance icache_1/lce/_19900_ not found.
[WARNING STA-1648] ./results/nangate45_3D/bp_fe/HBT/6_final.spef line 137354, instance icache_1/lce/_20906_ not found.
[WARNING STA-1648] ./results/nangate45_3D/bp_fe/HBT/6_final.spef line 137355, instance icache_1/lce/_20434_ not found.
[WARNING STA-1648] ./results/nangate45_3D/bp_fe/HBT/6_final.spef line 137356, instance icache_1/lce/_21296_ not found.
[WARNING STA-1648] ./results/nangate45_3D/bp_fe/HBT/6_final.spef line 137357, instance icache_1/lce/_20934_ not found.
[WARNING STA-1648] ./results/nangate45_3D/bp_fe/HBT/6_final.spef line 137358, instance icache_1/lce/_19769_ not found.
[WARNING STA-1648] ./results/nangate45_3D/bp_fe/HBT/6_final.spef line 137359, instance icache_1/lce/_20285_ not found.
[WARNING STA-1648] ./results/nangate45_3D/bp_fe/HBT/6_final.spef line 137360, instance icache_1/lce/_20770_ not found.
[WARNING STA-1648] ./results/nangate45_3D/bp_fe/HBT/6_final.spef line 137361, instance icache_1/lce/_20290_ not found.
[WARNING STA-1648] ./results/nangate45_3D/bp_fe/HBT/6_final.spef line 137362, instance icache_1/lce/_20674_ not found.
[WARNING STA-1648] ./results/nangate45_3D/bp_fe/HBT/6_final.spef line 137363, instance icache_1/lce/_19668_ not found.
[WARNING STA-1648] ./results/nangate45_3D/bp_fe/HBT/6_final.spef line 137364, instance icache_1/lce/_20994_ not found.
[WARNING STA-1648] ./results/nangate45_3D/bp_fe/HBT/6_final.spef line 137365, instance icache_1/lce/_21078_ not found.
[WARNING STA-1648] ./results/nangate45_3D/bp_fe/HBT/6_final.spef line 137366, instance icache_1/lce/_21572_ not found.
[WARNING STA-1648] ./results/nangate45_3D/bp_fe/HBT/6_final.spef line 137367, instance icache_1/lce/_21008_ not found.
[WARNING STA-1648] ./results/nangate45_3D/bp_fe/HBT/6_final.spef line 137368, instance icache_1/lce/_19552_ not found.
[WARNING STA-1648] ./results/nangate45_3D/bp_fe/HBT/6_final.spef line 137369, instance icache_1/lce/_20557_ not found.
[WARNING STA-1648] ./results/nangate45_3D/bp_fe/HBT/6_final.spef line 137370, instance icache_1/lce/_19936_ not found.
[WARNING STA-1648] ./results/nangate45_3D/bp_fe/HBT/6_final.spef line 137371, instance icache_1/lce/_21096_ not found.
[WARNING STA-1648] ./results/nangate45_3D/bp_fe/HBT/6_final.spef line 137372, instance icache_1/lce/_20575_ not found.
[WARNING STA-1648] ./results/nangate45_3D/bp_fe/HBT/6_final.spef line 137373, instance icache_1/lce/_20942_ not found.
[WARNING STA-1648] ./results/nangate45_3D/bp_fe/HBT/6_final.spef line 137374, instance icache_1/lce/_20091_ not found.
[WARNING STA-1648] ./results/nangate45_3D/bp_fe/HBT/6_final.spef line 137375, instance icache_1/lce/_21094_ not found.
[WARNING STA-1648] ./results/nangate45_3D/bp_fe/HBT/6_final.spef line 137376, instance icache_1/lce/_20088_ not found.
[WARNING STA-1648] ./results/nangate45_3D/bp_fe/HBT/6_final.spef line 137377, instance icache_1/lce/_19567_ not found.
[WARNING STA-1648] ./results/nangate45_3D/bp_fe/HBT/6_final.spef line 137378, instance icache_1/lce/_21093_ not found.
[WARNING STA-1648] ./results/nangate45_3D/bp_fe/HBT/6_final.spef line 137379, instance icache_1/lce/_20572_ not found.
[WARNING STA-1648] ./results/nangate45_3D/bp_fe/HBT/6_final.spef line 137380, instance icache_1/lce/_20573_ not found.
[WARNING STA-1648] ./results/nangate45_3D/bp_fe/HBT/6_final.spef line 137381, instance icache_1/lce/_20457_ not found.
[WARNING STA-1648] ./results/nangate45_3D/bp_fe/HBT/6_final.spef line 137382, instance icache_1/lce/_20003_ not found.
[WARNING STA-1648] ./results/nangate45_3D/bp_fe/HBT/6_final.spef line 137383, instance icache_1/lce/_18892_ not found.
[WARNING STA-1648] ./results/nangate45_3D/bp_fe/HBT/6_final.spef line 137384, instance icache_1/lce/_19928_ not found.
[WARNING STA-1648] ./results/nangate45_3D/bp_fe/HBT/6_final.spef line 137385, instance icache_1/lce/_20449_ not found.
[WARNING STA-1648] ./results/nangate45_3D/bp_fe/HBT/6_final.spef line 137386, instance icache_1/lce/_20349_ not found.
[WARNING STA-1648] ./results/nangate45_3D/bp_fe/HBT/6_final.spef line 137387, instance icache_1/lce/_21455_ not found.
[WARNING STA-1648] ./results/nangate45_3D/bp_fe/HBT/6_final.spef line 137388, instance icache_1/lce/_20834_ not found.
[WARNING STA-1648] ./results/nangate45_3D/bp_fe/HBT/6_final.spef line 137389, instance icache_1/lce/_21355_ not found.
[WARNING STA-1648] ./results/nangate45_3D/bp_fe/HBT/6_final.spef line 137390, instance icache_1/lce/_20775_ not found.
[WARNING STA-1648] ./results/nangate45_3D/bp_fe/HBT/6_final.spef line 137391, instance icache_1/lce/_20155_ not found.
[WARNING STA-1648] ./results/nangate45_3D/bp_fe/HBT/6_final.spef line 137392, instance icache_1/lce/_19634_ not found.
[WARNING STA-1648] ./results/nangate45_3D/bp_fe/HBT/6_final.spef line 137393, instance icache_1/lce/_21440_ not found.
[WARNING STA-1648] ./results/nangate45_3D/bp_fe/HBT/6_final.spef line 137394, instance icache_1/lce/_21463_ not found.
[WARNING STA-1648] ./results/nangate45_3D/bp_fe/HBT/6_final.spef line 137395, instance icache_1/lce/_20089_ not found.
[WARNING STA-1648] ./results/nangate45_3D/bp_fe/HBT/6_final.spef line 137396, instance icache_1/lce/_20919_ not found.
[WARNING STA-1648] ./results/nangate45_3D/bp_fe/HBT/6_final.spef line 137397, instance icache_1/lce/_19913_ not found.
[WARNING STA-1648] ./results/nangate45_3D/bp_fe/HBT/6_final.spef line 137398, instance icache_1/lce/_20523_ not found.
[WARNING STA-1648] ./results/nangate45_3D/bp_fe/HBT/6_final.spef line 137399, instance icache_1/lce/_20640_ not found.
[WARNING STA-1648] ./results/nangate45_3D/bp_fe/HBT/6_final.spef line 137400, instance icache_1/lce/_20432_ not found.
[WARNING STA-1648] ./results/nangate45_3D/bp_fe/HBT/6_final.spef line 137401, instance icache_1/lce/_20226_ not found.
[WARNING STA-1648] ./results/nangate45_3D/bp_fe/HBT/6_final.spef line 137402, instance icache_1/lce/_21166_ not found.
[WARNING STA-1648] ./results/nangate45_3D/bp_fe/HBT/6_final.spef line 137403, instance icache_1/lce/_19537_ not found.
[WARNING STA-1648] ./results/nangate45_3D/bp_fe/HBT/6_final.spef line 137404, instance icache_1/lce/_20390_ not found.
[WARNING STA-1648] ./results/nangate45_3D/bp_fe/HBT/6_final.spef line 137405, instance icache_1/lce/_19629_ not found.
[WARNING STA-1648] ./results/nangate45_3D/bp_fe/HBT/6_final.spef line 137406, instance icache_1/lce/_21060_ not found.
[WARNING STA-1648] ./results/nangate45_3D/bp_fe/HBT/6_final.spef line 137407, instance icache_1/lce/_21156_ not found.
[WARNING STA-1648] ./results/nangate45_3D/bp_fe/HBT/6_final.spef line 137408, instance icache_1/lce/_19835_ not found.
[WARNING STA-1648] ./results/nangate45_3D/bp_fe/HBT/6_final.spef line 137409, instance icache_1/lce/_18869_ not found.
[WARNING STA-1648] ./results/nangate45_3D/bp_fe/HBT/6_final.spef line 137410, instance icache_1/lce/_20985_ not found.
[WARNING STA-1648] ./results/nangate45_3D/bp_fe/HBT/6_final.spef line 137411, instance icache_1/lce/_20150_ not found.
[WARNING STA-1648] ./results/nangate45_3D/bp_fe/HBT/6_final.spef line 137412, instance icache_1/lce/_20635_ not found.
[WARNING STA-1648] ./results/nangate45_3D/bp_fe/HBT/6_final.spef line 137413, instance icache_1/lce/_20875_ not found.
[WARNING STA-1648] ./results/nangate45_3D/bp_fe/HBT/6_final.spef line 137414, instance icache_1/lce/_19906_ not found.
[WARNING STA-1648] ./results/nangate45_3D/bp_fe/HBT/6_final.spef line 137415, instance icache_1/lce/_21396_ not found.
[WARNING STA-1648] ./results/nangate45_3D/bp_fe/HBT/6_final.spef line 137416, instance icache_1/lce/_20058_ not found.
[WARNING STA-1648] ./results/nangate45_3D/bp_fe/HBT/6_final.spef line 137417, instance icache_1/lce/_19869_ not found.
[WARNING STA-1648] ./results/nangate45_3D/bp_fe/HBT/6_final.spef line 137418, instance icache_1/lce/_19774_ not found.
[WARNING STA-1648] ./results/nangate45_3D/bp_fe/HBT/6_final.spef line 137419, instance icache_1/lce/_20295_ not found.
[WARNING STA-1648] ./results/nangate45_3D/bp_fe/HBT/6_final.spef line 137420, instance icache_1/lce/_20780_ not found.
[WARNING STA-1648] ./results/nangate45_3D/bp_fe/HBT/6_final.spef line 137421, instance icache_1/lce/_20025_ not found.
[WARNING STA-1648] ./results/nangate45_3D/bp_fe/HBT/6_final.spef line 137422, instance icache_1/lce/_19980_ not found.
[WARNING STA-1648] ./results/nangate45_3D/bp_fe/HBT/6_final.spef line 137423, instance icache_1/lce/_19856_ not found.
[WARNING STA-1648] ./results/nangate45_3D/bp_fe/HBT/6_final.spef line 137424, instance icache_1/lce/_21549_ not found.
[WARNING STA-1648] ./results/nangate45_3D/bp_fe/HBT/6_final.spef line 137425, instance icache_1/lce/_20787_ not found.
[WARNING STA-1648] ./results/nangate45_3D/bp_fe/HBT/6_final.spef line 137426, instance icache_1/lce/_20851_ not found.
[WARNING STA-1648] ./results/nangate45_3D/bp_fe/HBT/6_final.spef line 137427, instance icache_1/lce/_21218_ not found.
[WARNING STA-1648] ./results/nangate45_3D/bp_fe/HBT/6_final.spef line 137428, instance icache_1/lce/_20697_ not found.
[WARNING STA-1648] ./results/nangate45_3D/bp_fe/HBT/6_final.spef line 137429, instance icache_1/lce/_20914_ not found.
[WARNING STA-1648] ./results/nangate45_3D/bp_fe/HBT/6_final.spef line 137430, instance icache_1/lce/_20486_ not found.
[WARNING STA-1648] ./results/nangate45_3D/bp_fe/HBT/6_final.spef line 137431, instance icache_1/lce/_19593_ not found.
[WARNING STA-1648] ./results/nangate45_3D/bp_fe/HBT/6_final.spef line 137432, instance icache_1/lce/_20902_ not found.
[WARNING STA-1648] ./results/nangate45_3D/bp_fe/HBT/6_final.spef line 137433, instance icache_1/lce/_19134_ not found.
[WARNING STA-1648] ./results/nangate45_3D/bp_fe/HBT/6_final.spef line 137434, instance icache_1/lce/_21423_ not found.
[WARNING STA-1648] ./results/nangate45_3D/bp_fe/HBT/6_final.spef line 137435, instance icache_1/lce/_19960_ not found.
[WARNING STA-1648] ./results/nangate45_3D/bp_fe/HBT/6_final.spef line 137436, instance icache_1/lce/_20481_ not found.
[WARNING STA-1648] ./results/nangate45_3D/bp_fe/HBT/6_final.spef line 137437, instance icache_1/lce/_21120_ not found.
[WARNING STA-1648] ./results/nangate45_3D/bp_fe/HBT/6_final.spef line 137438, instance icache_1/lce/_21488_ not found.
[WARNING STA-1648] ./results/nangate45_3D/bp_fe/HBT/6_final.spef line 137439, instance icache_1/lce/_21357_ not found.
[WARNING STA-1648] ./results/nangate45_3D/bp_fe/HBT/6_final.spef line 137440, instance icache_1/lce/_21487_ not found.
[WARNING STA-1648] ./results/nangate45_3D/bp_fe/HBT/6_final.spef line 137441, instance icache_1/lce/_20351_ not found.
[WARNING STA-1648] ./results/nangate45_3D/bp_fe/HBT/6_final.spef line 137442, instance icache_1/lce/_19262_ not found.
[WARNING STA-1648] ./results/nangate45_3D/bp_fe/HBT/6_final.spef line 137443, instance icache_1/lce/_21037_ not found.
[WARNING STA-1648] ./results/nangate45_3D/bp_fe/HBT/6_final.spef line 137444, instance icache_1/lce/_21242_ not found.
[WARNING STA-1648] ./results/nangate45_3D/bp_fe/HBT/6_final.spef line 137445, instance icache_1/lce/_19825_ not found.
[WARNING STA-1648] ./results/nangate45_3D/bp_fe/HBT/6_final.spef line 137446, instance icache_1/lce/_21352_ not found.
[WARNING STA-1648] ./results/nangate45_3D/bp_fe/HBT/6_final.spef line 137447, instance icache_1/lce/_20346_ not found.
[WARNING STA-1648] ./results/nangate45_3D/bp_fe/HBT/6_final.spef line 137448, instance icache_1/lce/_20831_ not found.
[WARNING STA-1648] ./results/nangate45_3D/bp_fe/HBT/6_final.spef line 137449, instance icache_1/lce/_20721_ not found.
[WARNING STA-1648] ./results/nangate45_3D/bp_fe/HBT/6_final.spef line 137450, instance icache_1/lce/_19830_ not found.
[WARNING STA-1648] ./results/nangate45_3D/bp_fe/HBT/6_final.spef line 137451, instance icache_1/lce/_19728_ not found.
[WARNING STA-1648] ./results/nangate45_3D/bp_fe/HBT/6_final.spef line 137452, instance icache_1/lce/_20734_ not found.
[WARNING STA-1648] ./results/nangate45_3D/bp_fe/HBT/6_final.spef line 137453, instance icache_1/lce/_20249_ not found.
[WARNING STA-1648] ./results/nangate45_3D/bp_fe/HBT/6_final.spef line 137454, instance icache_1/lce/_19190_ not found.
[WARNING STA-1648] ./results/nangate45_3D/bp_fe/HBT/6_final.spef line 137455, instance icache_1/lce/_21255_ not found.
[WARNING STA-1648] ./results/nangate45_3D/bp_fe/HBT/6_final.spef line 137456, instance icache_1/lce/_20516_ not found.
[WARNING STA-1648] ./results/nangate45_3D/bp_fe/HBT/6_final.spef line 137457, instance icache_1/lce/_19446_ not found.
[WARNING STA-1648] ./results/nangate45_3D/bp_fe/HBT/6_final.spef line 137458, instance icache_1/lce/_19511_ not found.
[WARNING STA-1648] ./results/nangate45_3D/bp_fe/HBT/6_final.spef line 137459, instance icache_1/lce/_19006_ not found.
[WARNING STA-1648] ./results/nangate45_3D/bp_fe/HBT/6_final.spef line 137460, instance icache_1/lce/_19126_ not found.
[WARNING STA-1648] ./results/nangate45_3D/bp_fe/HBT/6_final.spef line 137461, instance icache_1/lce/_19070_ not found.
[WARNING STA-1648] ./results/nangate45_3D/bp_fe/HBT/6_final.spef line 137462, instance icache_1/lce/_19030_ not found.
[WARNING STA-1648] ./results/nangate45_3D/bp_fe/HBT/6_final.spef line 137463, instance icache_1/lce/_19382_ not found.
[WARNING STA-1648] ./results/nangate45_3D/bp_fe/HBT/6_final.spef line 137464, instance icache_1/lce/_19238_ not found.
[WARNING STA-1648] ./results/nangate45_3D/bp_fe/HBT/6_final.spef line 137465, instance icache_1/lce/_19174_ not found.
[WARNING STA-1648] ./results/nangate45_3D/bp_fe/HBT/6_final.spef line 137466, instance icache_1/lce/_19286_ not found.
[WARNING STA-1648] ./results/nangate45_3D/bp_fe/HBT/6_final.spef line 137467, instance icache_1/_22036_ not found.
[WARNING STA-1648] ./results/nangate45_3D/bp_fe/HBT/6_final.spef line 137468, instance icache_1/_22308_ not found.
[WARNING STA-1648] ./results/nangate45_3D/bp_fe/HBT/6_final.spef line 137469, instance icache_1/_22324_ not found.
[WARNING STA-1648] ./results/nangate45_3D/bp_fe/HBT/6_final.spef line 137470, instance icache_1/_22116_ not found.
[WARNING STA-1648] ./results/nangate45_3D/bp_fe/HBT/6_final.spef line 137471, instance icache_1/_22100_ not found.
[WARNING STA-1648] ./results/nangate45_3D/bp_fe/HBT/6_final.spef line 137472, instance icache_1/_22228_ not found.
[WARNING STA-1648] ./results/nangate45_3D/bp_fe/HBT/6_final.spef line 137473, instance icache_1/_22460_ not found.
[WARNING STA-1648] ./results/nangate45_3D/bp_fe/HBT/6_final.spef line 137474, instance icache_1/_22268_ not found.
[WARNING STA-1648] ./results/nangate45_3D/bp_fe/HBT/6_final.spef line 137475, instance icache_1/_21980_ not found.
[WARNING STA-1648] ./results/nangate45_3D/bp_fe/HBT/6_final.spef line 137476, instance icache_1/_22236_ not found.
[WARNING STA-1648] ./results/nangate45_3D/bp_fe/HBT/6_final.spef line 137477, instance icache_1/_22358_ not found.
[WARNING STA-1648] ./results/nangate45_3D/bp_fe/HBT/6_final.spef line 137478, instance icache_1/lce/_19241_ not found.
[WARNING STA-1648] ./results/nangate45_3D/bp_fe/HBT/6_final.spef line 137479, instance icache_1/lce/_19248_ not found.
[WARNING STA-1648] ./results/nangate45_3D/bp_fe/HBT/6_final.spef line 137480, instance icache_1/lce/_19056_ not found.
[WARNING STA-1648] ./results/nangate45_3D/bp_fe/HBT/6_final.spef line 137481, instance icache_1/_21974_ not found.
[WARNING STA-1648] ./results/nangate45_3D/bp_fe/HBT/6_final.spef line 137482, instance icache_1/lce/_19312_ not found.
[WARNING STA-1648] ./results/nangate45_3D/bp_fe/HBT/6_final.spef line 137483, instance icache_1/_22262_ not found.
[WARNING STA-1648] ./results/nangate45_3D/bp_fe/HBT/6_final.spef line 137484, instance icache_1/_21900_ not found.
[WARNING STA-1648] ./results/nangate45_3D/bp_fe/HBT/6_final.spef line 137485, instance icache_1/lce/_19368_ not found.
[WARNING STA-1648] ./results/nangate45_3D/bp_fe/HBT/6_final.spef line 137486, instance icache_1/lce/_19112_ not found.
[WARNING STA-1648] ./results/nangate45_3D/bp_fe/HBT/6_final.spef line 137487, instance icache_1/lce/_18984_ not found.
[WARNING STA-1648] ./results/nangate45_3D/bp_fe/HBT/6_final.spef line 137488, instance icache_1/lce/_19436_ not found.
[WARNING STA-1648] ./results/nangate45_3D/bp_fe/HBT/6_final.spef line 137489, instance icache_1/_21901_ not found.
[WARNING STA-1648] ./results/nangate45_3D/bp_fe/HBT/6_final.spef line 137490, instance icache_1/lce/_19180_ not found.
[WARNING STA-1648] ./results/nangate45_3D/bp_fe/HBT/6_final.spef line 137491, instance icache_1/lce/_19304_ not found.
[WARNING STA-1648] ./results/nangate45_3D/bp_fe/HBT/6_final.spef line 137492, instance icache_1/_22114_ not found.
[WARNING STA-1648] ./results/nangate45_3D/bp_fe/HBT/6_final.spef line 137493, instance icache_1/lce/_19176_ not found.
[WARNING STA-1648] ./results/nangate45_3D/bp_fe/HBT/6_final.spef line 137494, instance icache_1/lce/_19048_ not found.
[WARNING STA-1648] ./results/nangate45_3D/bp_fe/HBT/6_final.spef line 137495, instance icache_1/_22360_ not found.
[WARNING STA-1648] ./results/nangate45_3D/bp_fe/HBT/6_final.spef line 137496, instance icache_1/_21976_ not found.
[WARNING STA-1648] ./results/nangate45_3D/bp_fe/HBT/6_final.spef line 137497, instance icache_1/_22264_ not found.
[WARNING STA-1648] ./results/nangate45_3D/bp_fe/HBT/6_final.spef line 137498, instance icache_1/lce/_19440_ not found.
[WARNING STA-1648] ./results/nangate45_3D/bp_fe/HBT/6_final.spef line 137499, instance icache_1/_22456_ not found.
[WARNING STA-1648] ./results/nangate45_3D/bp_fe/HBT/6_final.spef line 137500, instance icache_1/_21991_ not found.
[WARNING STA-1648] ./results/nangate45_3D/bp_fe/HBT/6_final.spef line 137501, instance icache_1/_22055_ not found.
[WARNING STA-1648] ./results/nangate45_3D/bp_fe/HBT/6_final.spef line 137502, instance icache_1/_21986_ not found.
[WARNING STA-1648] ./results/nangate45_3D/bp_fe/HBT/6_final.spef line 137503, instance icache_1/_22311_ not found.
[WARNING STA-1648] ./results/nangate45_3D/bp_fe/HBT/6_final.spef line 137504, instance icache_1/lce/_19339_ not found.
[WARNING STA-1648] ./results/nangate45_3D/bp_fe/HBT/6_final.spef line 137505, instance icache_1/_22082_ not found.
[WARNING STA-1648] ./results/nangate45_3D/bp_fe/HBT/6_final.spef line 137506, instance icache_1/_22210_ not found.
[WARNING STA-1648] ./results/nangate45_3D/bp_fe/HBT/6_final.spef line 137507, instance icache_1/lce/_19147_ not found.
[WARNING STA-1648] ./results/nangate45_3D/bp_fe/HBT/6_final.spef line 137508, instance icache_1/_22446_ not found.
[WARNING STA-1648] ./results/nangate45_3D/bp_fe/HBT/6_final.spef line 137509, instance icache_1/_22318_ not found.
[WARNING STA-1648] ./results/nangate45_3D/bp_fe/HBT/6_final.spef line 137510, instance icache_1/_22136_ not found.
[WARNING STA-1648] ./results/nangate45_3D/bp_fe/HBT/6_final.spef line 137511, instance icache_1/_22150_ not found.
[WARNING STA-1648] ./results/nangate45_3D/bp_fe/HBT/6_final.spef line 137512, instance icache_1/_22370_ not found.
[WARNING STA-1648] ./results/nangate45_3D/bp_fe/HBT/6_final.spef line 137513, instance icache_1/_22217_ not found.
[WARNING STA-1648] ./results/nangate45_3D/bp_fe/HBT/6_final.spef line 137514, instance icache_1/lce/_19403_ not found.
[WARNING STA-1648] ./results/nangate45_3D/bp_fe/HBT/6_final.spef line 137515, instance icache_1/_22342_ not found.
[WARNING STA-1648] ./results/nangate45_3D/bp_fe/HBT/6_final.spef line 137516, instance icache_1/_22333_ not found.
[WARNING STA-1648] ./results/nangate45_3D/bp_fe/HBT/6_final.spef line 137517, instance icache_1/_22141_ not found.
[WARNING STA-1648] ./results/nangate45_3D/bp_fe/HBT/6_final.spef line 137518, instance icache_1/_21998_ not found.
[WARNING STA-1648] ./results/nangate45_3D/bp_fe/HBT/6_final.spef line 137519, instance icache_1/lce/_19455_ not found.
[WARNING STA-1648] ./results/nangate45_3D/bp_fe/HBT/6_final.spef line 137520, instance icache_1/_22126_ not found.
[WARNING STA-1648] ./results/nangate45_3D/bp_fe/HBT/6_final.spef line 137521, instance icache_1/lce/_19413_ not found.
[WARNING STA-1648] ./results/nangate45_3D/bp_fe/HBT/6_final.spef line 137522, instance icache_1/lce/_20812_ not found.
[WARNING STA-1648] ./results/nangate45_3D/bp_fe/HBT/6_final.spef line 137523, instance icache_1/lce/_19029_ not found.
[WARNING STA-1648] ./results/nangate45_3D/bp_fe/HBT/6_final.spef line 137524, instance icache_1/lce/_19285_ not found.
[WARNING STA-1648] ./results/nangate45_3D/bp_fe/HBT/6_final.spef line 137525, instance icache_1/lce/_21468_ not found.
[WARNING STA-1648] ./results/nangate45_3D/bp_fe/HBT/6_final.spef line 137526, instance icache_1/lce/_20947_ not found.
[WARNING STA-1648] ./results/nangate45_3D/bp_fe/HBT/6_final.spef line 137527, instance icache_1/lce/_21333_ not found.
[WARNING STA-1648] ./results/nangate45_3D/bp_fe/HBT/6_final.spef line 137528, instance icache_1/lce/_18965_ not found.
[WARNING STA-1648] ./results/nangate45_3D/bp_fe/HBT/6_final.spef line 137529, instance icache_1/lce/_20053_ not found.
[WARNING STA-1648] ./results/nangate45_3D/bp_fe/HBT/6_final.spef line 137530, instance icache_1/lce/_19532_ not found.
[WARNING STA-1648] ./results/nangate45_3D/bp_fe/HBT/6_final.spef line 137531, instance icache_1/lce/_20462_ not found.
[WARNING STA-1648] ./results/nangate45_3D/bp_fe/HBT/6_final.spef line 137532, instance icache_1/lce/_19735_ not found.
[WARNING STA-1648] ./results/nangate45_3D/bp_fe/HBT/6_final.spef line 137533, instance icache_1/lce/_20398_ not found.
[WARNING STA-1648] ./results/nangate45_3D/bp_fe/HBT/6_final.spef line 137534, instance icache_1/lce/_19877_ not found.
[WARNING STA-1648] ./results/nangate45_3D/bp_fe/HBT/6_final.spef line 137535, instance icache_1/lce/_20883_ not found.
[WARNING STA-1648] ./results/nangate45_3D/bp_fe/HBT/6_final.spef line 137536, instance icache_1/lce/_19202_ not found.
[WARNING STA-1648] ./results/nangate45_3D/bp_fe/HBT/6_final.spef line 137537, instance icache_1/lce/_20792_ not found.
[WARNING STA-1648] ./results/nangate45_3D/bp_fe/HBT/6_final.spef line 137538, instance icache_1/lce/_21313_ not found.
[WARNING STA-1648] ./results/nangate45_3D/bp_fe/HBT/6_final.spef line 137539, instance icache_1/lce/_21404_ not found.
[WARNING STA-1648] ./results/nangate45_3D/bp_fe/HBT/6_final.spef line 137540, instance icache_1/lce/_20256_ not found.
[WARNING STA-1648] ./results/nangate45_3D/bp_fe/HBT/6_final.spef line 137541, instance icache_1/lce/_19138_ not found.
[WARNING STA-1648] ./results/nangate45_3D/bp_fe/HBT/6_final.spef line 137542, instance icache_1/lce/_19125_ not found.
[WARNING STA-1648] ./results/nangate45_3D/bp_fe/HBT/6_final.spef line 137543, instance icache_1/lce/_19317_ not found.
[WARNING STA-1648] ./results/nangate45_3D/bp_fe/HBT/6_final.spef line 137544, instance icache_1/lce/_19458_ not found.
[WARNING STA-1648] ./results/nangate45_3D/bp_fe/HBT/6_final.spef line 137545, instance icache_1/lce/_19394_ not found.
[WARNING STA-1648] ./results/nangate45_3D/bp_fe/HBT/6_final.spef line 137546, instance icache_1/lce/_20741_ not found.
[WARNING STA-1648] ./results/nangate45_3D/bp_fe/HBT/6_final.spef line 137547, instance icache_1/lce/_21262_ not found.
[WARNING STA-1648] ./results/nangate45_3D/bp_fe/HBT/6_final.spef line 137548, instance icache_1/lce/_19061_ not found.
[WARNING STA-1648] ./results/nangate45_3D/bp_fe/HBT/6_final.spef line 137549, instance icache_1/lce/_19189_ not found.
[WARNING STA-1648] ./results/nangate45_3D/bp_fe/HBT/6_final.spef line 137550, instance icache_1/lce/_19377_ not found.
[WARNING STA-1648] ./results/nangate45_3D/bp_fe/HBT/6_final.spef line 137551, instance icache_1/lce/_19313_ not found.
[WARNING STA-1648] ./results/nangate45_3D/bp_fe/HBT/6_final.spef line 137552, instance icache_1/_22465_ not found.
[WARNING STA-1648] ./results/nangate45_3D/bp_fe/HBT/6_final.spef line 137553, instance icache_1/lce/_19319_ not found.
[WARNING STA-1648] ./results/nangate45_3D/bp_fe/HBT/6_final.spef line 137554, instance icache_1/lce/_19127_ not found.
[WARNING STA-1648] ./results/nangate45_3D/bp_fe/HBT/6_final.spef line 137555, instance icache_1/_22072_ not found.
[WARNING STA-1648] ./results/nangate45_3D/bp_fe/HBT/6_final.spef line 137556, instance icache_1/data_mem_banks_7__data_mem_bank/macro_mem/mem not found.
[WARNING STA-1648] ./results/nangate45_3D/bp_fe/HBT/6_final.spef line 137557, instance icache_1/_22109_ not found.
[WARNING STA-1648] ./results/nangate45_3D/bp_fe/HBT/6_final.spef line 137558, instance icache_1/_22237_ not found.
[WARNING STA-1648] ./results/nangate45_3D/bp_fe/HBT/6_final.spef line 137559, instance icache_1/_22271_ not found.
[WARNING STA-1648] ./results/nangate45_3D/bp_fe/HBT/6_final.spef line 137560, instance icache_1/_22097_ not found.
[WARNING STA-1648] ./results/nangate45_3D/bp_fe/HBT/6_final.spef line 137561, instance icache_1/_22225_ not found.
[WARNING STA-1648] ./results/nangate45_3D/bp_fe/HBT/6_final.spef line 137562, instance icache_1/_22257_ not found.
[WARNING STA-1648] ./results/nangate45_3D/bp_fe/HBT/6_final.spef line 137563, instance icache_1/_22111_ not found.
[WARNING STA-1648] ./results/nangate45_3D/bp_fe/HBT/6_final.spef line 137564, instance icache_1/_22015_ not found.
[WARNING STA-1648] ./results/nangate45_3D/bp_fe/HBT/6_final.spef line 137565, instance icache_1/_22001_ not found.
[WARNING STA-1648] ./results/nangate45_3D/bp_fe/HBT/6_final.spef line 137566, instance icache_1/_22399_ not found.
[WARNING STA-1648] ./results/nangate45_3D/bp_fe/HBT/6_final.spef line 137567, instance icache_1/_22143_ not found.
[WARNING STA-1648] ./results/nangate45_3D/bp_fe/HBT/6_final.spef line 137568, instance icache_1/lce/_20105_ not found.
[WARNING STA-1648] ./results/nangate45_3D/bp_fe/HBT/6_final.spef line 137569, instance icache_1/_22239_ not found.
[WARNING STA-1648] ./results/nangate45_3D/bp_fe/HBT/6_final.spef line 137570, instance icache_1/lce/_21111_ not found.
[WARNING STA-1648] ./results/nangate45_3D/bp_fe/HBT/6_final.spef line 137571, instance icache_1/lce/_19002_ not found.
[WARNING STA-1648] ./results/nangate45_3D/bp_fe/HBT/6_final.spef line 137572, instance icache_1/_22081_ not found.
[WARNING STA-1648] ./results/nangate45_3D/bp_fe/HBT/6_final.spef line 137573, instance icache_1/lce/_19584_ not found.
[WARNING STA-1648] ./results/nangate45_3D/bp_fe/HBT/6_final.spef line 137574, instance icache_1/lce/_19258_ not found.
[WARNING STA-1648] ./results/nangate45_3D/bp_fe/HBT/6_final.spef line 137575, instance icache_1/lce/_19386_ not found.
[WARNING STA-1648] ./results/nangate45_3D/bp_fe/HBT/6_final.spef line 137576, instance icache_1/_22129_ not found.
[WARNING STA-1648] ./results/nangate45_3D/bp_fe/HBT/6_final.spef line 137577, instance icache_1/_22161_ not found.
[WARNING STA-1648] ./results/nangate45_3D/bp_fe/HBT/6_final.spef line 137578, instance icache_1/_22417_ not found.
[WARNING STA-1648] ./results/nangate45_3D/bp_fe/HBT/6_final.spef line 137579, instance icache_1/_22429_ not found.
[WARNING STA-1648] ./results/nangate45_3D/bp_fe/HBT/6_final.spef line 137580, instance icache_1/_22463_ not found.
[WARNING STA-1648] ./results/nangate45_3D/bp_fe/HBT/6_final.spef line 137581, instance icache_1/lce/_19265_ not found.
[WARNING STA-1648] ./results/nangate45_3D/bp_fe/HBT/6_final.spef line 137582, instance icache_1/lce/_19393_ not found.
[WARNING STA-1648] ./results/nangate45_3D/bp_fe/HBT/6_final.spef line 137583, instance icache_1/lce/_19231_ not found.
[WARNING STA-1648] ./results/nangate45_3D/bp_fe/HBT/6_final.spef line 137584, instance icache_1/_22045_ not found.
[WARNING STA-1648] ./results/nangate45_3D/bp_fe/HBT/6_final.spef line 137585, instance icache_1/_22335_ not found.
[WARNING STA-1648] ./results/nangate45_3D/bp_fe/HBT/6_final.spef line 137586, instance icache_1/lce/_19514_ not found.
[WARNING STA-1648] ./results/nangate45_3D/bp_fe/HBT/6_final.spef line 137587, instance icache_1/_22301_ not found.
[WARNING STA-1648] ./results/nangate45_3D/bp_fe/HBT/6_final.spef line 137588, instance icache_1/lce/_21040_ not found.
[WARNING STA-1648] ./results/nangate45_3D/bp_fe/HBT/6_final.spef line 137589, instance icache_1/lce/_20519_ not found.
[WARNING STA-1648] ./results/nangate45_3D/bp_fe/HBT/6_final.spef line 137590, instance icache_1/lce/_19201_ not found.
[WARNING STA-1648] ./results/nangate45_3D/bp_fe/HBT/6_final.spef line 137591, instance icache_1/_22079_ not found.
[WARNING STA-1648] ./results/nangate45_3D/bp_fe/HBT/6_final.spef line 137592, instance icache_1/_22207_ not found.
[WARNING STA-1648] ./results/nangate45_3D/bp_fe/HBT/6_final.spef line 137593, instance icache_1/_22365_ not found.
[WARNING STA-1648] ./results/nangate45_3D/bp_fe/HBT/6_final.spef line 137594, instance icache_1/_22173_ not found.
[WARNING STA-1648] ./results/nangate45_3D/bp_fe/HBT/6_final.spef line 137595, instance icache_1/lce/_19347_ not found.
[WARNING STA-1648] ./results/nangate45_3D/bp_fe/HBT/6_final.spef line 137596, instance icache_1/lce/_19009_ not found.
[WARNING STA-1648] ./results/nangate45_3D/bp_fe/HBT/6_final.spef line 137597, instance icache_1/lce/_21548_ not found.
[WARNING STA-1648] ./results/nangate45_3D/bp_fe/HBT/6_final.spef line 137598, instance icache_1/lce/_20283_ not found.
[WARNING STA-1648] ./results/nangate45_3D/bp_fe/HBT/6_final.spef line 137599, instance icache_1/lce/_19762_ not found.
[WARNING STA-1648] ./results/nangate45_3D/bp_fe/HBT/6_final.spef line 137600, instance icache_1/lce/_19843_ not found.
[WARNING STA-1648] ./results/nangate45_3D/bp_fe/HBT/6_final.spef line 137601, instance icache_1/lce/_20492_ not found.
[WARNING STA-1648] ./results/nangate45_3D/bp_fe/HBT/6_final.spef line 137602, instance icache_1/lce/_21154_ not found.
[WARNING STA-1648] ./results/nangate45_3D/bp_fe/HBT/6_final.spef line 137603, instance icache_1/lce/_20633_ not found.
[WARNING STA-1648] ./results/nangate45_3D/bp_fe/HBT/6_final.spef line 137604, instance icache_1/lce/_20526_ not found.
[WARNING STA-1648] ./results/nangate45_3D/bp_fe/HBT/6_final.spef line 137605, instance icache_1/lce/_19627_ not found.
[WARNING STA-1648] ./results/nangate45_3D/bp_fe/HBT/6_final.spef line 137606, instance icache_1/lce/_20148_ not found.
[WARNING STA-1648] ./results/nangate45_3D/bp_fe/HBT/6_final.spef line 137607, instance icache_1/lce/_21047_ not found.
[WARNING STA-1648] ./results/nangate45_3D/bp_fe/HBT/6_final.spef line 137608, instance icache_1/lce/_20042_ not found.
[WARNING STA-1648] ./results/nangate45_3D/bp_fe/HBT/6_final.spef line 137609, instance icache_1/lce/_19521_ not found.
[WARNING STA-1648] ./results/nangate45_3D/bp_fe/HBT/6_final.spef line 137610, instance icache_1/lce/_20364_ not found.
[WARNING STA-1648] ./results/nangate45_3D/bp_fe/HBT/6_final.spef line 137611, instance icache_1/lce/_19971_ not found.
[WARNING STA-1648] ./results/nangate45_3D/bp_fe/HBT/6_final.spef line 137612, instance icache_1/lce/_21498_ not found.
[WARNING STA-1648] ./results/nangate45_3D/bp_fe/HBT/6_final.spef line 137613, instance icache_1/lce/_20977_ not found.
[WARNING STA-1648] ./results/nangate45_3D/bp_fe/HBT/6_final.spef line 137614, instance icache_1/lce/_21289_ not found.
[WARNING STA-1648] ./results/nangate45_3D/bp_fe/HBT/6_final.spef line 137615, instance icache_1/lce/_20768_ not found.
[WARNING STA-1648] ./results/nangate45_3D/bp_fe/HBT/6_final.spef line 137616, instance icache_1/lce/_19979_ not found.
[WARNING STA-1648] ./results/nangate45_3D/bp_fe/HBT/6_final.spef line 137617, instance icache_1/lce/_18868_ not found.
[WARNING STA-1648] ./results/nangate45_3D/bp_fe/HBT/6_final.spef line 137618, instance icache_1/lce/_21465_ not found.
[WARNING STA-1648] ./results/nangate45_3D/bp_fe/HBT/6_final.spef line 137619, instance icache_1/lce/_20984_ not found.
[WARNING STA-1648] ./results/nangate45_3D/bp_fe/HBT/6_final.spef line 137620, instance icache_1/lce/_21398_ not found.
[WARNING STA-1648] ./results/nangate45_3D/bp_fe/HBT/6_final.spef line 137621, instance icache_1/lce/_19878_ not found.
[WARNING STA-1648] ./results/nangate45_3D/bp_fe/HBT/6_final.spef line 137622, instance icache_1/lce/_20877_ not found.
[WARNING STA-1648] ./results/nangate45_3D/bp_fe/HBT/6_final.spef line 137623, instance icache_1/lce/_21405_ not found.
[WARNING STA-1648] ./results/nangate45_3D/bp_fe/HBT/6_final.spef line 137624, instance icache_1/lce/_20399_ not found.
[WARNING STA-1648] ./results/nangate45_3D/bp_fe/HBT/6_final.spef line 137625, instance icache_1/lce/_20884_ not found.
[WARNING STA-1648] ./results/nangate45_3D/bp_fe/HBT/6_final.spef line 137626, instance icache_1/lce/_19871_ not found.
[WARNING STA-1648] ./results/nangate45_3D/bp_fe/HBT/6_final.spef line 137627, instance icache_1/lce/_20392_ not found.
[WARNING STA-1648] ./results/nangate45_3D/bp_fe/HBT/6_final.spef line 137628, instance icache_1/lce/_19329_ not found.
[WARNING STA-1648] ./results/nangate45_3D/bp_fe/HBT/6_final.spef line 137629, instance icache_1/lce/_20463_ not found.
[WARNING STA-1648] ./results/nangate45_3D/bp_fe/HBT/6_final.spef line 137630, instance icache_1/lce/_19942_ not found.
[WARNING STA-1648] ./results/nangate45_3D/bp_fe/HBT/6_final.spef line 137631, instance icache_1/lce/_21469_ not found.
[WARNING STA-1648] ./results/nangate45_3D/bp_fe/HBT/6_final.spef line 137632, instance icache_1/lce/_20948_ not found.
[WARNING STA-1648] ./results/nangate45_3D/bp_fe/HBT/6_final.spef line 137633, instance icache_1/lce/_19137_ not found.
[WARNING STA-1648] ./results/nangate45_3D/bp_fe/HBT/6_final.spef line 137634, instance icache_1/lce/_19073_ not found.
[WARNING STA-1648] ./results/nangate45_3D/bp_fe/HBT/6_final.spef line 137635, instance icache_1/lce/_18963_ not found.
[WARNING STA-1648] ./results/nangate45_3D/bp_fe/HBT/6_final.spef line 137636, instance icache_1/lce/_19411_ not found.
[WARNING STA-1648] ./results/nangate45_3D/bp_fe/HBT/6_final.spef line 137637, instance icache_1/lce/_19091_ not found.
[WARNING STA-1648] ./results/nangate45_3D/bp_fe/HBT/6_final.spef line 137638, instance icache_1/lce/_19219_ not found.
[WARNING STA-1648] ./results/nangate45_3D/bp_fe/HBT/6_final.spef line 137639, instance icache_1/lce/_19203_ not found.
[WARNING STA-1648] ./results/nangate45_3D/bp_fe/HBT/6_final.spef line 137640, instance icache_1/lce/_19027_ not found.
[WARNING STA-1648] ./results/nangate45_3D/bp_fe/HBT/6_final.spef line 137641, instance icache_1/lce/_19255_ not found.
[WARNING STA-1648] ./results/nangate45_3D/bp_fe/HBT/6_final.spef line 137642, instance icache_1/lce/_19063_ not found.
[WARNING STA-1648] ./results/nangate45_3D/bp_fe/HBT/6_final.spef line 137643, instance icache_1/lce/_19057_ not found.
[WARNING STA-1648] ./results/nangate45_3D/bp_fe/HBT/6_final.spef line 137644, instance icache_1/lce/_19459_ not found.
[WARNING STA-1648] ./results/nangate45_3D/bp_fe/HBT/6_final.spef line 137645, instance icache_1/lce/_19139_ not found.
[WARNING STA-1648] ./results/nangate45_3D/bp_fe/HBT/6_final.spef line 137646, instance icache_1/lce/_20311_ not found.
[WARNING STA-1648] ./results/nangate45_3D/bp_fe/HBT/6_final.spef line 137647, instance icache_1/lce/_19790_ not found.
[WARNING STA-1648] ./results/nangate45_3D/bp_fe/HBT/6_final.spef line 137648, instance icache_1/lce/_21317_ not found.
[WARNING STA-1648] ./results/nangate45_3D/bp_fe/HBT/6_final.spef line 137649, instance icache_1/lce/_19457_ not found.
[WARNING STA-1648] ./results/nangate45_3D/bp_fe/HBT/6_final.spef line 137650, instance icache_1/lce/_20796_ not found.
[WARNING STA-1648] ./results/nangate45_3D/bp_fe/HBT/6_final.spef line 137651, instance icache_1/lce/_19155_ not found.
[WARNING STA-1648] ./results/nangate45_3D/bp_fe/HBT/6_final.spef line 137652, instance icache_1/lce/_19283_ not found.
[WARNING STA-1648] ./results/nangate45_3D/bp_fe/HBT/6_final.spef line 137653, instance icache_1/lce/_19103_ not found.
[WARNING STA-1648] ./results/nangate45_3D/bp_fe/HBT/6_final.spef line 137654, instance icache_1/_22033_ not found.
[WARNING STA-1648] ./results/nangate45_3D/bp_fe/HBT/6_final.spef line 137655, instance icache_1/_21981_ not found.
[WARNING STA-1648] ./results/nangate45_3D/bp_fe/HBT/6_final.spef line 137656, instance icache_1/_22289_ not found.
[WARNING STA-1648] ./results/nangate45_3D/bp_fe/HBT/6_final.spef line 137657, instance icache_1/_21911_ not found.
[WARNING STA-1648] ./results/nangate45_3D/bp_fe/HBT/6_final.spef line 137658, instance icache_1/_22353_ not found.
[WARNING STA-1648] ./results/nangate45_3D/bp_fe/HBT/6_final.spef line 137659, instance icache_1/lce/_18999_ not found.
[WARNING STA-1648] ./results/nangate45_3D/bp_fe/HBT/6_final.spef line 137660, instance icache_1/_22385_ not found.
[WARNING STA-1648] ./results/nangate45_3D/bp_fe/HBT/6_final.spef line 137661, instance icache_1/_22113_ not found.
[WARNING STA-1648] ./results/nangate45_3D/bp_fe/HBT/6_final.spef line 137662, instance icache_1/_22241_ not found.
[WARNING STA-1648] ./results/nangate45_3D/bp_fe/HBT/6_final.spef line 137663, instance icache_1/_22340_ not found.
[WARNING STA-1648] ./results/nangate45_3D/bp_fe/HBT/6_final.spef line 137664, instance icache_1/lce/_19130_ not found.
[WARNING STA-1648] ./results/nangate45_3D/bp_fe/HBT/6_final.spef line 137665, instance icache_1/_22133_ not found.
[WARNING STA-1648] ./results/nangate45_3D/bp_fe/HBT/6_final.spef line 137666, instance icache_1/_22005_ not found.
[WARNING STA-1648] ./results/nangate45_3D/bp_fe/HBT/6_final.spef line 137667, instance icache_1/lce/_18950_ not found.
[WARNING STA-1648] ./results/nangate45_3D/bp_fe/HBT/6_final.spef line 137668, instance icache_1/lce/_19000_ not found.
[WARNING STA-1648] ./results/nangate45_3D/bp_fe/HBT/6_final.spef line 137669, instance icache_1/_21898_ not found.
[WARNING STA-1648] ./results/nangate45_3D/bp_fe/HBT/6_final.spef line 137670, instance icache_1/lce/_19064_ not found.
[WARNING STA-1648] ./results/nangate45_3D/bp_fe/HBT/6_final.spef line 137671, instance icache_1/_22212_ not found.
[WARNING STA-1648] ./results/nangate45_3D/bp_fe/HBT/6_final.spef line 137672, instance icache_1/_22328_ not found.
[WARNING STA-1648] ./results/nangate45_3D/bp_fe/HBT/6_final.spef line 137673, instance icache_1/_22020_ not found.
[WARNING STA-1648] ./results/nangate45_3D/bp_fe/HBT/6_final.spef line 137674, instance icache_1/_22261_ not found.
[WARNING STA-1648] ./results/nangate45_3D/bp_fe/HBT/6_final.spef line 137675, instance icache_1/lce/_19383_ not found.
[WARNING STA-1648] ./results/nangate45_3D/bp_fe/HBT/6_final.spef line 137676, instance icache_1/lce/_19206_ not found.
[WARNING STA-1648] ./results/nangate45_3D/bp_fe/HBT/6_final.spef line 137677, instance icache_1/_21973_ not found.
[WARNING STA-1648] ./results/nangate45_3D/bp_fe/HBT/6_final.spef line 137678, instance icache_1/_22101_ not found.
[WARNING STA-1648] ./results/nangate45_3D/bp_fe/HBT/6_final.spef line 137679, instance icache_1/_22069_ not found.
[WARNING STA-1648] ./results/nangate45_3D/bp_fe/HBT/6_final.spef line 137680, instance icache_1/_22389_ not found.
[WARNING STA-1648] ./results/nangate45_3D/bp_fe/HBT/6_final.spef line 137681, instance icache_1/_22404_ not found.
[WARNING STA-1648] ./results/nangate45_3D/bp_fe/HBT/6_final.spef line 137682, instance icache_1/_22197_ not found.
[WARNING STA-1648] ./results/nangate45_3D/bp_fe/HBT/6_final.spef line 137683, instance icache_1/_22441_ not found.
[WARNING STA-1648] ./results/nangate45_3D/bp_fe/HBT/6_final.spef line 137684, instance icache_1/_21993_ not found.
[WARNING STA-1648] ./results/nangate45_3D/bp_fe/HBT/6_final.spef line 137685, instance icache_1/_22377_ not found.
[WARNING STA-1648] ./results/nangate45_3D/bp_fe/HBT/6_final.spef line 137686, instance icache_1/_22351_ not found.
[WARNING STA-1648] ./results/nangate45_3D/bp_fe/HBT/6_final.spef line 137687, instance icache_1/_22095_ not found.
[WARNING STA-1648] ./results/nangate45_3D/bp_fe/HBT/6_final.spef line 137688, instance icache_1/_22383_ not found.
[WARNING STA-1648] ./results/nangate45_3D/bp_fe/HBT/6_final.spef line 137689, instance icache_1/lce/_19441_ not found.
[WARNING STA-1648] ./results/nangate45_3D/bp_fe/HBT/6_final.spef line 137690, instance icache_1/lce/_19185_ not found.
[WARNING STA-1648] ./results/nangate45_3D/bp_fe/HBT/6_final.spef line 137691, instance icache_1/_22064_ not found.
[WARNING STA-1648] ./results/nangate45_3D/bp_fe/HBT/6_final.spef line 137692, instance icache_1/_22076_ not found.
[WARNING STA-1648] ./results/nangate45_3D/bp_fe/HBT/6_final.spef line 137693, instance icache_1/_22332_ not found.
[WARNING STA-1648] ./results/nangate45_3D/bp_fe/HBT/6_final.spef line 137694, instance icache_1/_22355_ not found.
[WARNING STA-1648] ./results/nangate45_3D/bp_fe/HBT/6_final.spef line 137695, instance icache_1/_22035_ not found.
[WARNING STA-1648] ./results/nangate45_3D/bp_fe/HBT/6_final.spef line 137696, instance icache_1/lce/_19122_ not found.
[WARNING STA-1648] ./results/nangate45_3D/bp_fe/HBT/6_final.spef line 137697, instance icache_1/_22006_ not found.
[WARNING STA-1648] ./results/nangate45_3D/bp_fe/HBT/6_final.spef line 137698, instance icache_1/_22127_ not found.
[WARNING STA-1648] ./results/nangate45_3D/bp_fe/HBT/6_final.spef line 137699, instance icache_1/_22000_ not found.
[WARNING STA-1648] ./results/nangate45_3D/bp_fe/HBT/6_final.spef line 137700, instance icache_1/_22192_ not found.
[WARNING STA-1648] ./results/nangate45_3D/bp_fe/HBT/6_final.spef line 137701, instance icache_1/_22128_ not found.
[WARNING STA-1648] ./results/nangate45_3D/bp_fe/HBT/6_final.spef line 137702, instance icache_1/lce/_19442_ not found.
[WARNING STA-1648] ./results/nangate45_3D/bp_fe/HBT/6_final.spef line 137703, instance icache_1/_22214_ not found.
[WARNING STA-1648] ./results/nangate45_3D/bp_fe/HBT/6_final.spef line 137704, instance icache_1/_22224_ not found.
[WARNING STA-1648] ./results/nangate45_3D/bp_fe/HBT/6_final.spef line 137705, instance icache_1/_21910_ not found.
[WARNING STA-1648] ./results/nangate45_3D/bp_fe/HBT/6_final.spef line 137706, instance icache_1/_22448_ not found.
[WARNING STA-1648] ./results/nangate45_3D/bp_fe/HBT/6_final.spef line 137707, instance icache_1/_22352_ not found.
[WARNING STA-1648] ./results/nangate45_3D/bp_fe/HBT/6_final.spef line 137708, instance icache_1/_22215_ not found.
[WARNING STA-1648] ./results/nangate45_3D/bp_fe/HBT/6_final.spef line 137709, instance icache_1/_22242_ not found.
[WARNING STA-1648] ./results/nangate45_3D/bp_fe/HBT/6_final.spef line 137710, instance icache_1/_22384_ not found.
[WARNING STA-1648] ./results/nangate45_3D/bp_fe/HBT/6_final.spef line 137711, instance icache_1/_22096_ not found.
[WARNING STA-1648] ./results/nangate45_3D/bp_fe/HBT/6_final.spef line 137712, instance icache_1/_22320_ not found.
[WARNING STA-1648] ./results/nangate45_3D/bp_fe/HBT/6_final.spef line 137713, instance icache_1/lce/_19186_ not found.
[WARNING STA-1648] ./results/nangate45_3D/bp_fe/HBT/6_final.spef line 137714, instance icache_1/lce/_19548_ not found.
[WARNING STA-1648] ./results/nangate45_3D/bp_fe/HBT/6_final.spef line 137715, instance icache_1/lce/_19445_ not found.
[WARNING STA-1648] ./results/nangate45_3D/bp_fe/HBT/6_final.spef line 137716, instance icache_1/lce/_19121_ not found.
[WARNING STA-1648] ./results/nangate45_3D/bp_fe/HBT/6_final.spef line 137717, instance icache_1/lce/_21074_ not found.
[WARNING STA-1648] ./results/nangate45_3D/bp_fe/HBT/6_final.spef line 137718, instance icache_1/lce/_20069_ not found.
[WARNING STA-1648] ./results/nangate45_3D/bp_fe/HBT/6_final.spef line 137719, instance icache_1/lce/_19314_ not found.
[WARNING STA-1648] ./results/nangate45_3D/bp_fe/HBT/6_final.spef line 137720, instance icache_1/_21971_ not found.
[WARNING STA-1648] ./results/nangate45_3D/bp_fe/HBT/6_final.spef line 137721, instance icache_1/_22451_ not found.
[WARNING STA-1648] ./results/nangate45_3D/bp_fe/HBT/6_final.spef line 137722, instance icache_1/_21903_ not found.
[WARNING STA-1648] ./results/nangate45_3D/bp_fe/HBT/6_final.spef line 137723, instance icache_1/_22323_ not found.
[WARNING STA-1648] ./results/nangate45_3D/bp_fe/HBT/6_final.spef line 137724, instance icache_1/lce/_19058_ not found.
[WARNING STA-1648] ./results/nangate45_3D/bp_fe/HBT/6_final.spef line 137725, instance icache_1/_22259_ not found.
[WARNING STA-1648] ./results/nangate45_3D/bp_fe/HBT/6_final.spef line 137726, instance icache_1/lce/_19199_ not found.
[WARNING STA-1648] ./results/nangate45_3D/bp_fe/HBT/6_final.spef line 137727, instance icache_1/lce/_19376_ not found.
[WARNING STA-1648] ./results/nangate45_3D/bp_fe/HBT/6_final.spef line 137728, instance icache_1/lce/_19007_ not found.
[WARNING STA-1648] ./results/nangate45_3D/bp_fe/HBT/6_final.spef line 137729, instance icache_1/_22003_ not found.
[WARNING STA-1648] ./results/nangate45_3D/bp_fe/HBT/6_final.spef line 137730, instance icache_1/lce/_19120_ not found.
[WARNING STA-1648] ./results/nangate45_3D/bp_fe/HBT/6_final.spef line 137731, instance icache_1/lce/_19456_ not found.
[WARNING STA-1648] ./results/nangate45_3D/bp_fe/HBT/6_final.spef line 137732, instance icache_1/_22336_ not found.
[WARNING STA-1648] ./results/nangate45_3D/bp_fe/HBT/6_final.spef line 137733, instance icache_1/lce/_19200_ not found.
[WARNING STA-1648] ./results/nangate45_3D/bp_fe/HBT/6_final.spef line 137734, instance icache_1/_22054_ not found.
[WARNING STA-1648] ./results/nangate45_3D/bp_fe/HBT/6_final.spef line 137735, instance icache_1/lce/_19378_ not found.
[WARNING STA-1648] ./results/nangate45_3D/bp_fe/HBT/6_final.spef line 137736, instance icache_1/lce/_19250_ not found.
[WARNING STA-1648] ./results/nangate45_3D/bp_fe/HBT/6_final.spef line 137737, instance icache_1/lce/_19432_ not found.
[WARNING STA-1648] ./results/nangate45_3D/bp_fe/HBT/6_final.spef line 137738, instance icache_1/_22016_ not found.
[WARNING STA-1648] ./results/nangate45_3D/bp_fe/HBT/6_final.spef line 137739, instance icache_1/lce/_19392_ not found.
[WARNING STA-1648] ./results/nangate45_3D/bp_fe/HBT/6_final.spef line 137740, instance icache_1/_22048_ not found.
[WARNING STA-1648] ./results/nangate45_3D/bp_fe/HBT/6_final.spef line 137741, instance icache_1/lce/_20024_ not found.
[WARNING STA-1648] ./results/nangate45_3D/bp_fe/HBT/6_final.spef line 137742, instance icache_1/lce/_20843_ not found.
[WARNING STA-1648] ./results/nangate45_3D/bp_fe/HBT/6_final.spef line 137743, instance icache_1/lce/_21364_ not found.
[WARNING STA-1648] ./results/nangate45_3D/bp_fe/HBT/6_final.spef line 137744, instance icache_1/lce/_19702_ not found.
[WARNING STA-1648] ./results/nangate45_3D/bp_fe/HBT/6_final.spef line 137745, instance icache_1/lce/_19837_ not found.
[WARNING STA-1648] ./results/nangate45_3D/bp_fe/HBT/6_final.spef line 137746, instance icache_1/lce/_20520_ not found.
[WARNING STA-1648] ./results/nangate45_3D/bp_fe/HBT/6_final.spef line 137747, instance icache_1/lce/_21041_ not found.
[WARNING STA-1648] ./results/nangate45_3D/bp_fe/HBT/6_final.spef line 137748, instance icache_1/lce/_20223_ not found.
[WARNING STA-1648] ./results/nangate45_3D/bp_fe/HBT/6_final.spef line 137749, instance icache_1/lce/_21229_ not found.
[WARNING STA-1648] ./results/nangate45_3D/bp_fe/HBT/6_final.spef line 137750, instance icache_1/lce/_20772_ not found.
[WARNING STA-1648] ./results/nangate45_3D/bp_fe/HBT/6_final.spef line 137751, instance icache_1/lce/_21552_ not found.
[WARNING STA-1648] ./results/nangate45_3D/bp_fe/HBT/6_final.spef line 137752, instance icache_1/lce/_18872_ not found.
[WARNING STA-1648] ./results/nangate45_3D/bp_fe/HBT/6_final.spef line 137753, instance icache_1/lce/_19983_ not found.
[WARNING STA-1648] ./results/nangate45_3D/bp_fe/HBT/6_final.spef line 137754, instance icache_1/lce/_20988_ not found.
[WARNING STA-1648] ./results/nangate45_3D/bp_fe/HBT/6_final.spef line 137755, instance icache_1/lce/_20708_ not found.
[WARNING STA-1648] ./results/nangate45_3D/bp_fe/HBT/6_final.spef line 137756, instance icache_1/_22080_ not found.
[WARNING STA-1648] ./results/nangate45_3D/bp_fe/HBT/6_final.spef line 137757, instance icache_1/lce/_19266_ not found.
[WARNING STA-1648] ./results/nangate45_3D/bp_fe/HBT/6_final.spef line 137758, instance icache_1/lce/_19010_ not found.
[WARNING STA-1648] ./results/nangate45_3D/bp_fe/HBT/6_final.spef line 137759, instance icache_1/lce/_19503_ not found.
[WARNING STA-1648] ./results/nangate45_3D/bp_fe/HBT/6_final.spef line 137760, instance icache_1/lce/_21029_ not found.
[WARNING STA-1648] ./results/nangate45_3D/bp_fe/HBT/6_final.spef line 137761, instance icache_1/lce/_20508_ not found.
[WARNING STA-1648] ./results/nangate45_3D/bp_fe/HBT/6_final.spef line 137762, instance icache_1/lce/_21191_ not found.
[WARNING STA-1648] ./results/nangate45_3D/bp_fe/HBT/6_final.spef line 137763, instance icache_1/lce/_20670_ not found.
[WARNING STA-1648] ./results/nangate45_3D/bp_fe/HBT/6_final.spef line 137764, instance icache_1/lce/_21067_ not found.
[WARNING STA-1648] ./results/nangate45_3D/bp_fe/HBT/6_final.spef line 137765, instance icache_1/lce/_20546_ not found.
[WARNING STA-1648] ./results/nangate45_3D/bp_fe/HBT/6_final.spef line 137766, instance icache_1/lce/_20062_ not found.
[WARNING STA-1648] ./results/nangate45_3D/bp_fe/HBT/6_final.spef line 137767, instance icache_1/_22400_ not found.
[WARNING STA-1648] ./results/nangate45_3D/bp_fe/HBT/6_final.spef line 137768, instance icache_1/_22464_ not found.
[WARNING STA-1648] ./results/nangate45_3D/bp_fe/HBT/6_final.spef line 137769, instance icache_1/lce/_18997_ not found.
[WARNING STA-1648] ./results/nangate45_3D/bp_fe/HBT/6_final.spef line 137770, instance icache_1/lce/_19253_ not found.
[WARNING STA-1648] ./results/nangate45_3D/bp_fe/HBT/6_final.spef line 137771, instance icache_1/_22398_ not found.
[WARNING STA-1648] ./results/nangate45_3D/bp_fe/HBT/6_final.spef line 137772, instance icache_1/_21984_ not found.
[WARNING STA-1648] ./results/nangate45_3D/bp_fe/HBT/6_final.spef line 137773, instance icache_1/lce/_19074_ not found.
[WARNING STA-1648] ./results/nangate45_3D/bp_fe/HBT/6_final.spef line 137774, instance icache_1/_21982_ not found.
[WARNING STA-1648] ./results/nangate45_3D/bp_fe/HBT/6_final.spef line 137775, instance icache_1/_22144_ not found.
[WARNING STA-1648] ./results/nangate45_3D/bp_fe/HBT/6_final.spef line 137776, instance icache_1/_22272_ not found.
[WARNING STA-1648] ./results/nangate45_3D/bp_fe/HBT/6_final.spef line 137777, instance icache_1/_22238_ not found.
[WARNING STA-1648] ./results/nangate45_3D/bp_fe/HBT/6_final.spef line 137778, instance icache_1/_22270_ not found.
[WARNING STA-1648] ./results/nangate45_3D/bp_fe/HBT/6_final.spef line 137779, instance icache_1/_22142_ not found.
[WARNING STA-1648] ./results/nangate45_3D/bp_fe/HBT/6_final.spef line 137780, instance icache_1/_22014_ not found.
[WARNING STA-1648] ./results/nangate45_3D/bp_fe/HBT/6_final.spef line 137781, instance icache_1/_22240_ not found.
[WARNING STA-1648] ./results/nangate45_3D/bp_fe/HBT/6_final.spef line 137782, instance icache_1/_22131_ not found.
[WARNING STA-1648] ./results/nangate45_3D/bp_fe/HBT/6_final.spef line 137783, instance icache_1/lce/_19263_ not found.
[WARNING STA-1648] ./results/nangate45_3D/bp_fe/HBT/6_final.spef line 137784, instance icache_1/_22304_ not found.
[WARNING STA-1648] ./results/nangate45_3D/bp_fe/HBT/6_final.spef line 137785, instance icache_1/lce/_19414_ not found.
[WARNING STA-1648] ./results/nangate45_3D/bp_fe/HBT/6_final.spef line 137786, instance icache_1/lce/_19136_ not found.
[WARNING STA-1648] ./results/nangate45_3D/bp_fe/HBT/6_final.spef line 137787, instance icache_1/_22078_ not found.
[WARNING STA-1648] ./results/nangate45_3D/bp_fe/HBT/6_final.spef line 137788, instance icache_1/_22206_ not found.
[WARNING STA-1648] ./results/nangate45_3D/bp_fe/HBT/6_final.spef line 137789, instance icache_1/_22067_ not found.
[WARNING STA-1648] ./results/nangate45_3D/bp_fe/HBT/6_final.spef line 137790, instance icache_1/_22387_ not found.
[WARNING STA-1648] ./results/nangate45_3D/bp_fe/HBT/6_final.spef line 137791, instance icache_1/lce/_18994_ not found.
[WARNING STA-1648] ./results/nangate45_3D/bp_fe/HBT/6_final.spef line 137792, instance icache_1/_22319_ not found.
[WARNING STA-1648] ./results/nangate45_3D/bp_fe/HBT/6_final.spef line 137793, instance icache_1/_21999_ not found.
[WARNING STA-1648] ./results/nangate45_3D/bp_fe/HBT/6_final.spef line 137794, instance icache_1/_22326_ not found.
[WARNING STA-1648] ./results/nangate45_3D/bp_fe/HBT/6_final.spef line 137795, instance icache_1/_22185_ not found.
[WARNING STA-1648] ./results/nangate45_3D/bp_fe/HBT/6_final.spef line 137796, instance icache_1/_22223_ not found.
[WARNING STA-1648] ./results/nangate45_3D/bp_fe/HBT/6_final.spef line 137797, instance icache_1/_22201_ not found.
[WARNING STA-1648] ./results/nangate45_3D/bp_fe/HBT/6_final.spef line 137798, instance icache_1/_22447_ not found.
[WARNING STA-1648] ./results/nangate45_3D/bp_fe/HBT/6_final.spef line 137799, instance icache_1/_21909_ not found.
[WARNING STA-1648] ./results/nangate45_3D/bp_fe/HBT/6_final.spef line 137800, instance icache_1/_22255_ not found.
[WARNING STA-1648] ./results/nangate45_3D/bp_fe/HBT/6_final.spef line 137801, instance icache_1/_22278_ not found.
[WARNING STA-1648] ./results/nangate45_3D/bp_fe/HBT/6_final.spef line 137802, instance icache_1/_22058_ not found.
[WARNING STA-1648] ./results/nangate45_3D/bp_fe/HBT/6_final.spef line 137803, instance icache_1/_21994_ not found.
[WARNING STA-1648] ./results/nangate45_3D/bp_fe/HBT/6_final.spef line 137804, instance icache_1/_21904_ not found.
[WARNING STA-1648] ./results/nangate45_3D/bp_fe/HBT/6_final.spef line 137805, instance icache_1/_22186_ not found.
[WARNING STA-1648] ./results/nangate45_3D/bp_fe/HBT/6_final.spef line 137806, instance icache_1/_22256_ not found.
[WARNING STA-1648] ./results/nangate45_3D/bp_fe/HBT/6_final.spef line 137807, instance icache_1/_21975_ not found.
[WARNING STA-1648] ./results/nangate45_3D/bp_fe/HBT/6_final.spef line 137808, instance icache_1/_22231_ not found.
[WARNING STA-1648] ./results/nangate45_3D/bp_fe/HBT/6_final.spef line 137809, instance icache_1/_22087_ not found.
[WARNING STA-1648] ./results/nangate45_3D/bp_fe/HBT/6_final.spef line 137810, instance icache_1/_22250_ not found.
[WARNING STA-1648] ./results/nangate45_3D/bp_fe/HBT/6_final.spef line 137811, instance icache_1/_22135_ not found.
[WARNING STA-1648] ./results/nangate45_3D/bp_fe/HBT/6_final.spef line 137812, instance icache_1/_22073_ not found.
[WARNING STA-1648] ./results/nangate45_3D/bp_fe/HBT/6_final.spef line 137813, instance icache_1/_22199_ not found.
[WARNING STA-1648] ./results/nangate45_3D/bp_fe/HBT/6_final.spef line 137814, instance icache_1/_22391_ not found.
[WARNING STA-1648] ./results/nangate45_3D/bp_fe/HBT/6_final.spef line 137815, instance icache_1/_22313_ not found.
[WARNING STA-1648] ./results/nangate45_3D/bp_fe/HBT/6_final.spef line 137816, instance icache_1/_22453_ not found.
[WARNING STA-1648] ./results/nangate45_3D/bp_fe/HBT/6_final.spef line 137817, instance icache_1/_22130_ not found.
[WARNING STA-1648] ./results/nangate45_3D/bp_fe/HBT/6_final.spef line 137818, instance icache_1/_22165_ not found.
[WARNING STA-1648] ./results/nangate45_3D/bp_fe/HBT/6_final.spef line 137819, instance icache_1/_22325_ not found.
[WARNING STA-1648] ./results/nangate45_3D/bp_fe/HBT/6_final.spef line 137820, instance icache_1/_22057_ not found.
[WARNING STA-1648] ./results/nangate45_3D/bp_fe/HBT/6_final.spef line 137821, instance icache_1/lce/_19001_ not found.
[WARNING STA-1648] ./results/nangate45_3D/bp_fe/HBT/6_final.spef line 137822, instance icache_1/_22249_ not found.
[WARNING STA-1648] ./results/nangate45_3D/bp_fe/HBT/6_final.spef line 137823, instance icache_1/_22007_ not found.
[WARNING STA-1648] ./results/nangate45_3D/bp_fe/HBT/6_final.spef line 137824, instance icache_1/lce/_19257_ not found.
[WARNING STA-1648] ./results/nangate45_3D/bp_fe/HBT/6_final.spef line 137825, instance icache_1/_22018_ not found.
[WARNING STA-1648] ./results/nangate45_3D/bp_fe/HBT/6_final.spef line 137826, instance icache_1/_21896_ not found.
[WARNING STA-1648] ./results/nangate45_3D/bp_fe/HBT/6_final.spef line 137827, instance icache_1/_22274_ not found.
[WARNING STA-1648] ./results/nangate45_3D/bp_fe/HBT/6_final.spef line 137828, instance icache_1/lce/_18987_ not found.
[WARNING STA-1648] ./results/nangate45_3D/bp_fe/HBT/6_final.spef line 137829, instance icache_1/lce/_19435_ not found.
[WARNING STA-1648] ./results/nangate45_3D/bp_fe/HBT/6_final.spef line 137830, instance icache_1/_22329_ not found.
[WARNING STA-1648] ./results/nangate45_3D/bp_fe/HBT/6_final.spef line 137831, instance icache_1/_22346_ not found.
[WARNING STA-1648] ./results/nangate45_3D/bp_fe/HBT/6_final.spef line 137832, instance icache_1/_22090_ not found.
[WARNING STA-1648] ./results/nangate45_3D/bp_fe/HBT/6_final.spef line 137833, instance icache_1/_22442_ not found.
[WARNING STA-1648] ./results/nangate45_3D/bp_fe/HBT/6_final.spef line 137834, instance icache_1/_22455_ not found.
[WARNING STA-1648] ./results/nangate45_3D/bp_fe/HBT/6_final.spef line 137835, instance icache_1/_22314_ not found.
[WARNING STA-1648] ./results/nangate45_3D/bp_fe/HBT/6_final.spef line 137836, instance icache_1/lce/_19144_ not found.
[WARNING STA-1648] ./results/nangate45_3D/bp_fe/HBT/6_final.spef line 137837, instance icache_1/lce/_18952_ not found.
[WARNING STA-1648] ./results/nangate45_3D/bp_fe/HBT/6_final.spef line 137838, instance icache_1/_22218_ not found.
[WARNING STA-1648] ./results/nangate45_3D/bp_fe/HBT/6_final.spef line 137839, instance icache_1/lce/_18988_ not found.
[WARNING STA-1648] ./results/nangate45_3D/bp_fe/HBT/6_final.spef line 137840, instance icache_1/_22122_ not found.
[WARNING STA-1648] ./results/nangate45_3D/bp_fe/HBT/6_final.spef line 137841, instance icache_1/lce/_19400_ not found.
[WARNING STA-1648] ./results/nangate45_3D/bp_fe/HBT/6_final.spef line 137842, instance icache_1/lce/_19336_ not found.
[WARNING STA-1648] ./results/nangate45_3D/bp_fe/HBT/6_final.spef line 137843, instance icache_1/lce/_19353_ not found.
[WARNING STA-1648] ./results/nangate45_3D/bp_fe/HBT/6_final.spef line 137844, instance icache_1/lce/_19080_ not found.
[WARNING STA-1648] ./results/nangate45_3D/bp_fe/HBT/6_final.spef line 137845, instance icache_1/lce/_19409_ not found.
[WARNING STA-1648] ./results/nangate45_3D/bp_fe/HBT/6_final.spef line 137846, instance icache_1/_22032_ not found.
[WARNING STA-1648] ./results/nangate45_3D/bp_fe/HBT/6_final.spef line 137847, instance icache_1/_22159_ not found.
[WARNING STA-1648] ./results/nangate45_3D/bp_fe/HBT/6_final.spef line 137848, instance icache_1/_22287_ not found.
[WARNING STA-1648] ./results/nangate45_3D/bp_fe/HBT/6_final.spef line 137849, instance icache_1/_22415_ not found.
[WARNING STA-1648] ./results/nangate45_3D/bp_fe/HBT/6_final.spef line 137850, instance icache_1/_22288_ not found.
[WARNING STA-1648] ./results/nangate45_3D/bp_fe/HBT/6_final.spef line 137851, instance icache_1/lce/_19089_ not found.
[WARNING STA-1648] ./results/nangate45_3D/bp_fe/HBT/6_final.spef line 137852, instance icache_1/lce/_19410_ not found.
[WARNING STA-1648] ./results/nangate45_3D/bp_fe/HBT/6_final.spef line 137853, instance icache_1/_22416_ not found.
[WARNING STA-1648] ./results/nangate45_3D/bp_fe/HBT/6_final.spef line 137854, instance icache_1/_22160_ not found.
[WARNING STA-1648] ./results/nangate45_3D/bp_fe/HBT/6_final.spef line 137855, instance icache_1/lce/_19371_ not found.
[WARNING STA-1648] ./results/nangate45_3D/bp_fe/HBT/6_final.spef line 137856, instance icache_1/lce/_19208_ not found.
[WARNING STA-1648] ./results/nangate45_3D/bp_fe/HBT/6_final.spef line 137857, instance icache_1/lce/_19272_ not found.
[WARNING STA-1648] ./results/nangate45_3D/bp_fe/HBT/6_final.spef line 137858, instance icache_1/lce/_19016_ not found.
[WARNING STA-1648] ./results/nangate45_3D/bp_fe/HBT/6_final.spef line 137859, instance icache_1/_22295_ not found.
[WARNING STA-1648] ./results/nangate45_3D/bp_fe/HBT/6_final.spef line 137860, instance icache_1/lce/_19090_ not found.
[WARNING STA-1648] ./results/nangate45_3D/bp_fe/HBT/6_final.spef line 137861, instance icache_1/_22423_ not found.
[WARNING STA-1648] ./results/nangate45_3D/bp_fe/HBT/6_final.spef line 137862, instance icache_1/_22039_ not found.
[WARNING STA-1648] ./results/nangate45_3D/bp_fe/HBT/6_final.spef line 137863, instance icache_1/_22167_ not found.
[WARNING STA-1648] ./results/nangate45_3D/bp_fe/HBT/6_final.spef line 137864, instance icache_1/lce/_19097_ not found.
[WARNING STA-1648] ./results/nangate45_3D/bp_fe/HBT/6_final.spef line 137865, instance icache_1/lce/_19244_ not found.
[WARNING STA-1648] ./results/nangate45_3D/bp_fe/HBT/6_final.spef line 137866, instance icache_1/lce/_19308_ not found.
[WARNING STA-1648] ./results/nangate45_3D/bp_fe/HBT/6_final.spef line 137867, instance icache_1/_22263_ not found.
[WARNING STA-1648] ./results/nangate45_3D/bp_fe/HBT/6_final.spef line 137868, instance icache_1/_22378_ not found.
[WARNING STA-1648] ./results/nangate45_3D/bp_fe/HBT/6_final.spef line 137869, instance icache_1/_22103_ not found.
[WARNING STA-1648] ./results/nangate45_3D/bp_fe/HBT/6_final.spef line 137870, instance icache_1/_22359_ not found.
[WARNING STA-1648] ./results/nangate45_3D/bp_fe/HBT/6_final.spef line 137871, instance icache_1/_22343_ not found.
[WARNING STA-1648] ./results/nangate45_3D/bp_fe/HBT/6_final.spef line 137872, instance icache_1/_22191_ not found.
[WARNING STA-1648] ./results/nangate45_3D/bp_fe/HBT/6_final.spef line 137873, instance icache_1/_22022_ not found.
[WARNING STA-1648] ./results/nangate45_3D/bp_fe/HBT/6_final.spef line 137874, instance icache_1/_22121_ not found.
[WARNING STA-1648] ./results/nangate45_3D/bp_fe/HBT/6_final.spef line 137875, instance icache_1/_22276_ not found.
[WARNING STA-1648] ./results/nangate45_3D/bp_fe/HBT/6_final.spef line 137876, instance icache_1/_22070_ not found.
[WARNING STA-1648] ./results/nangate45_3D/bp_fe/HBT/6_final.spef line 137877, instance icache_1/_22145_ not found.
[WARNING STA-1648] ./results/nangate45_3D/bp_fe/HBT/6_final.spef line 137878, instance icache_1/lce/_19256_ not found.
[WARNING STA-1648] ./results/nangate45_3D/bp_fe/HBT/6_final.spef line 137879, instance icache_1/_22063_ not found.
[WARNING STA-1648] ./results/nangate45_3D/bp_fe/HBT/6_final.spef line 137880, instance icache_1/_22273_ not found.
[WARNING STA-1648] ./results/nangate45_3D/bp_fe/HBT/6_final.spef line 137881, instance icache_1/_22008_ not found.
[WARNING STA-1648] ./results/nangate45_3D/bp_fe/HBT/6_final.spef line 137882, instance icache_1/lce/_19423_ not found.
[WARNING STA-1648] ./results/nangate45_3D/bp_fe/HBT/6_final.spef line 137883, instance icache_1/_22337_ not found.
[WARNING STA-1648] ./results/nangate45_3D/bp_fe/HBT/6_final.spef line 137884, instance icache_1/lce/_19249_ not found.
[WARNING STA-1648] ./results/nangate45_3D/bp_fe/HBT/6_final.spef line 137885, instance icache_1/lce/_18993_ not found.
[WARNING STA-1648] ./results/nangate45_3D/bp_fe/HBT/6_final.spef line 137886, instance icache_1/lce/_19941_ not found.
[WARNING STA-1648] ./results/nangate45_3D/bp_fe/HBT/6_final.spef line 137887, instance icache_1/lce/_19806_ not found.
[WARNING STA-1648] ./results/nangate45_3D/bp_fe/HBT/6_final.spef line 137888, instance icache_1/lce/_20327_ not found.
[WARNING STA-1648] ./results/nangate45_3D/bp_fe/HBT/6_final.spef line 137889, instance icache_1/lce/_19267_ not found.
[WARNING STA-1648] ./results/nangate45_3D/bp_fe/HBT/6_final.spef line 137890, instance icache_1/lce/_19331_ not found.
[WARNING STA-1648] ./results/nangate45_3D/bp_fe/HBT/6_final.spef line 137891, instance icache_1/lce/_19011_ not found.
[WARNING STA-1648] ./results/nangate45_3D/bp_fe/HBT/6_final.spef line 137892, instance icache_1/lce/_19381_ not found.
[WARNING STA-1648] ./results/nangate45_3D/bp_fe/HBT/6_final.spef line 137893, instance icache_1/lce/_20553_ not found.
[WARNING STA-1648] ./results/nangate45_3D/bp_fe/HBT/6_final.spef line 137894, instance icache_1/lce/_19665_ not found.
[WARNING STA-1648] message limit (1000) reached. This message will no longer print.

==========================================================================
finish report_tns
--------------------------------------------------------------------------
tns -382.06

==========================================================================
finish report_wns
--------------------------------------------------------------------------
wns -0.89

==========================================================================
finish report_worst_slack
--------------------------------------------------------------------------
worst slack -0.89

==========================================================================
finish report_check_types -max_slew -max_cap -max_fanout -violators
--------------------------------------------------------------------------
max capacitance

Pin                                    Limit     Cap   Slack
------------------------------------------------------------
HBT_BOTIN_32178/TOP                   121.15  801.64 -680.48 (VIOLATED)
HBT_BOTIN_11413/TOP                   121.15  223.19 -102.03 (VIOLATED)
HBT_BOTIN_33814/TOP                   121.15  184.36  -63.21 (VIOLATED)
HBT_TOPIN_33737/BOT                   121.15  172.08  -50.92 (VIOLATED)
HBT_BOTIN_33821/TOP                   121.15  161.26  -40.10 (VIOLATED)
HBT_BOTIN_33716/TOP                   121.15  156.45  -35.30 (VIOLATED)
HBT_TOPIN_1896/BOT                    121.15  155.25  -34.09 (VIOLATED)
HBT_BOTIN_33687/TOP                   121.15  153.66  -32.51 (VIOLATED)
HBT_BOTIN_33774/TOP                   121.15  151.00  -29.84 (VIOLATED)
HBT_BOTIN_33818/TOP                   121.15  145.14  -23.99 (VIOLATED)
HBT_BOTIN_33767/TOP                   121.15  143.38  -22.22 (VIOLATED)
HBT_TOPIN_33815/BOT                   121.15  141.48  -20.32 (VIOLATED)
HBT_BOTIN_22675/TOP                   121.15  140.85  -19.70 (VIOLATED)
output1213/Z                           60.65   79.31  -18.66 (VIOLATED)
HBT_BOTIN_33627/TOP                   121.15  139.28  -18.13 (VIOLATED)
output1215/Z                           60.65   76.40  -15.75 (VIOLATED)
output1206/Z                           60.65   74.92  -14.27 (VIOLATED)
HBT_BOTIN_33776/TOP                   121.15  135.35  -14.20 (VIOLATED)
output1802/Z                           60.65   73.51  -12.86 (VIOLATED)
output1838/Z                           60.65   73.32  -12.66 (VIOLATED)
output1230/Z                           60.65   72.62  -11.97 (VIOLATED)
output1817/Z                           60.65   72.62  -11.96 (VIOLATED)
HBT_BOTIN_33734/TOP                   121.15  132.92  -11.77 (VIOLATED)
output1261/Z                           60.65   72.10  -11.45 (VIOLATED)
output1727/Z                           60.65   71.82  -11.16 (VIOLATED)
output1412/Z                           60.65   71.75  -11.10 (VIOLATED)
output1755/Z                           60.65   71.64  -10.98 (VIOLATED)
output1468/Z                           60.65   71.00  -10.34 (VIOLATED)
HBT_TOPIN_33786/BOT                   121.15  131.33  -10.17 (VIOLATED)
output1898/Z                           60.65   70.64   -9.99 (VIOLATED)
output1216/Z                           60.65   70.55   -9.90 (VIOLATED)
output1594/Z                           60.65   70.36   -9.70 (VIOLATED)
output1659/Z                           60.65   70.21   -9.56 (VIOLATED)
output1524/Z                           60.65   69.68   -9.03 (VIOLATED)
output1286/Z                           60.65   69.65   -8.99 (VIOLATED)
HBT_BOTIN_13549/TOP                   121.15  130.01   -8.86 (VIOLATED)
output1719/Z                           60.65   69.30   -8.65 (VIOLATED)
output1235/Z                           60.65   69.19   -8.54 (VIOLATED)
output1746/Z                           60.65   69.04   -8.39 (VIOLATED)
HBT_TOPIN_33713/BOT                   121.15  129.50   -8.35 (VIOLATED)
output1197/Z                           60.65   68.95   -8.29 (VIOLATED)
HBT_BOTIN_33730/TOP                   121.15  129.17   -8.01 (VIOLATED)
output1878/Z                           60.65   68.42   -7.77 (VIOLATED)
output1640/Z                           60.65   68.00   -7.35 (VIOLATED)
output1492/Z                           60.65   67.90   -7.25 (VIOLATED)
output1343/Z                           60.65   67.76   -7.11 (VIOLATED)
output1860/Z                           60.65   67.22   -6.56 (VIOLATED)
HBT_BOTIN_8480/TOP                    121.15  127.58   -6.43 (VIOLATED)
output1660/Z                           60.65   67.04   -6.38 (VIOLATED)
output1239/Z                           60.65   67.03   -6.38 (VIOLATED)
output1694/Z                           60.65   66.86   -6.20 (VIOLATED)
output1274/Z                           60.65   66.82   -6.17 (VIOLATED)
HBT_BOTIN_33915/TOP                   121.15  127.29   -6.14 (VIOLATED)
output1337/Z                           60.65   66.65   -5.99 (VIOLATED)
output1459/Z                           60.65   66.46   -5.81 (VIOLATED)
HBT_BOTIN_33676/TOP                   121.15  126.91   -5.76 (VIOLATED)
output1467/Z                           60.65   66.25   -5.59 (VIOLATED)
HBT_TOPIN_33729/BOT                   121.15  126.63   -5.48 (VIOLATED)
output1608/Z                           60.65   65.82   -5.16 (VIOLATED)
HBT_BOTIN_33725/TOP                   121.15  126.31   -5.16 (VIOLATED)
output1584/Z                           60.65   65.79   -5.14 (VIOLATED)
output1577/Z                           60.65   65.39   -4.74 (VIOLATED)
output1377/Z                           60.65   65.35   -4.69 (VIOLATED)
output1779/Z                           60.65   65.31   -4.66 (VIOLATED)
output1893/Z                           60.65   65.31   -4.66 (VIOLATED)
output1400/Z                           60.65   65.27   -4.62 (VIOLATED)
output1481/Z                           60.65   65.12   -4.47 (VIOLATED)
output1306/Z                           60.65   65.06   -4.40 (VIOLATED)
output1518/Z                           60.65   65.04   -4.38 (VIOLATED)
output1324/Z                           60.65   65.03   -4.38 (VIOLATED)
HBT_TOPIN_34005/BOT                   121.15  125.31   -4.16 (VIOLATED)
output1387/Z                           60.65   64.70   -4.05 (VIOLATED)
output1411/Z                           60.65   64.68   -4.03 (VIOLATED)
output1397/Z                           60.65   64.51   -3.86 (VIOLATED)
output1297/Z                           60.65   64.38   -3.73 (VIOLATED)
HBT_BOTIN_13555/TOP                   121.15  124.65   -3.49 (VIOLATED)
output1485/Z                           60.65   64.14   -3.48 (VIOLATED)
output1532/Z                           60.65   64.07   -3.41 (VIOLATED)
output1729/Z                           60.65   64.07   -3.41 (VIOLATED)
output1346/Z                           60.65   63.90   -3.24 (VIOLATED)
output1273/Z                           60.65   63.86   -3.20 (VIOLATED)
HBT_BOTIN_33616/TOP                   121.15  124.08   -2.93 (VIOLATED)
output1375/Z                           60.65   63.43   -2.78 (VIOLATED)
output1280/Z                           60.65   63.38   -2.73 (VIOLATED)
output1707/Z                           60.65   63.28   -2.63 (VIOLATED)
HBT_BOTIN_33919/TOP                   121.15  123.74   -2.59 (VIOLATED)
output1347/Z                           60.65   62.90   -2.25 (VIOLATED)
output1244/Z                           60.65   62.66   -2.01 (VIOLATED)
output1610/Z                           60.65   62.53   -1.88 (VIOLATED)
output1260/Z                           60.65   62.52   -1.87 (VIOLATED)
output1340/Z                           60.65   62.48   -1.82 (VIOLATED)
output1850/Z                           60.65   62.47   -1.82 (VIOLATED)
output1361/Z                           60.65   62.02   -1.37 (VIOLATED)
HBT_BOTIN_33402/TOP                   121.15  122.37   -1.22 (VIOLATED)
output1606/Z                           60.65   61.77   -1.12 (VIOLATED)
output1742/Z                           60.65   61.49   -0.84 (VIOLATED)
output1621/Z                           60.65   61.47   -0.82 (VIOLATED)
output1674/Z                           60.65   61.46   -0.81 (VIOLATED)
output1395/Z                           60.65   61.44   -0.79 (VIOLATED)
output1740/Z                           60.65   61.42   -0.77 (VIOLATED)
output1364/Z                           60.65   61.21   -0.55 (VIOLATED)
output1299/Z                           60.65   61.04   -0.39 (VIOLATED)
output1709/Z                           60.65   60.91   -0.26 (VIOLATED)
output1523/Z                           60.65   60.81   -0.16 (VIOLATED)


==========================================================================
finish max_slew_check_slack
--------------------------------------------------------------------------
0.03244766965508461

==========================================================================
finish max_slew_check_limit
--------------------------------------------------------------------------
0.1985349953174591

==========================================================================
finish max_slew_check_slack_limit
--------------------------------------------------------------------------
0.1634

==========================================================================
finish max_fanout_check_slack
--------------------------------------------------------------------------
1.0000000150474662e+30

==========================================================================
finish max_fanout_check_limit
--------------------------------------------------------------------------
1.0000000150474662e+30

==========================================================================
finish max_capacitance_check_slack
--------------------------------------------------------------------------
-680.481201171875

==========================================================================
finish max_capacitance_check_limit
--------------------------------------------------------------------------
121.15499877929688

==========================================================================
finish max_capacitance_check_slack_limit
--------------------------------------------------------------------------
-5.6166

==========================================================================
finish max_slew_violation_count
--------------------------------------------------------------------------
max slew violation count 0

==========================================================================
finish max_fanout_violation_count
--------------------------------------------------------------------------
max fanout violation count 0

==========================================================================
finish max_cap_violation_count
--------------------------------------------------------------------------
max cap violation count 104

==========================================================================
finish setup_violation_count
--------------------------------------------------------------------------
setup violation count 1490

==========================================================================
finish hold_violation_count
--------------------------------------------------------------------------
hold violation count 0
+_+_+_+_+_+_+_+_+_+_+_+_+_+_+_+_+-
Startpoint: icache_1/_21925_ (rising edge-triggered flip-flop clocked by CLK)
Endpoint: bp_fe_pc_gen_1/_4091_ (rising edge-triggered flip-flop clocked by CLK)
Path Group: CLK
Path Type: max

  Delay    Time   Description
---------------------------------------------------------
   0.00    0.00   clock CLK (rise edge)
   0.00    0.00   clock network delay (ideal)
   0.00    0.00 ^ icache_1/_21925_/CK (DFF_X2_upper)
   0.14    0.14 ^ icache_1/_21925_/Q (DFF_X2_upper)
   0.02    0.17 v icache_1/_11182_/Z (XOR2_X1_upper)
   0.12    0.29 v icache_1/_11183_/ZN (OR4_X1_upper)
   0.11    0.40 ^ icache_1/_11226_/ZN (OAI33_X1_upper)
   0.04    0.44 ^ max_cap2597/Z (BUF_X2_upper)
   0.03    0.47 ^ icache_1/_11227_/ZN (OR3_X4_upper)
   0.02    0.49 v icache_1/_11229_/ZN (AOI21_X4_upper)
   0.08    0.57 ^ icache_1/_11236_/ZN (NOR2_X4_upper)
   0.03    0.60 ^ max_cap2352/Z (BUF_X16_upper)
   0.11    0.71 ^ max_cap2351/Z (BUF_X16_upper)
   0.01    0.72 ^ HBT_TOPIN_33464/BOT (HBT_TOPIN)
   0.04    0.76 ^ max_cap2350/Z (BUF_X16_bottom)
   0.02    0.78 ^ HBT_BOTIN_33463/TOP (HBT_BOTIN)
   0.06    0.83 v icache_1/_11450_/Z (MUX2_X1_upper)
   0.04    0.87 ^ icache_1/_11451_/ZN (OAI221_X2_upper)
   0.02    0.89 v icache_1/_11452_/ZN (NAND2_X4_upper)
   0.05    0.94 ^ icache_1/_11453_/ZN (AOI221_X2_upper)
   0.03    0.97 ^ wire2015/Z (BUF_X4_upper)
   0.04    1.01 ^ bp_fe_pc_gen_1/_2299_/ZN (AND2_X1_upper)
   0.03    1.04 v bp_fe_pc_gen_1/_2300_/ZN (NAND4_X4_upper)
   0.00    1.04 v HBT_TOPIN_466/BOT (HBT_TOPIN)
   0.04    1.07 ^ bp_fe_pc_gen_1/_2327_/ZN (NOR2_X2_bottom)
   0.04    1.11 ^ bp_fe_pc_gen_1/_2627_/ZN (AND2_X1_bottom)
   0.01    1.13 v bp_fe_pc_gen_1/_2629_/ZN (AOI211_X2_bottom)
   0.03    1.16 ^ bp_fe_pc_gen_1/_2631_/ZN (AOI21_X2_bottom)
   0.00    1.16 ^ HBT_BOTIN_2012/TOP (HBT_BOTIN)
   0.09    1.25 ^ bp_fe_pc_gen_1/_3975_/S (HA_X1_upper)
   0.04    1.29 v bp_fe_pc_gen_1/_2339_/ZN (NAND4_X2_upper)
   0.05    1.35 ^ bp_fe_pc_gen_1/_2343_/ZN (AOI21_X2_upper)
   0.01    1.36 v bp_fe_pc_gen_1/_2344_/ZN (AOI21_X4_upper)
   0.00    1.36 v HBT_TOPIN_1870/BOT (HBT_TOPIN)
   0.03    1.40 ^ bp_fe_pc_gen_1/_2408_/ZN (OAI21_X4_bottom)
   0.03    1.43 v bp_fe_pc_gen_1/_2450_/ZN (NAND4_X1_bottom)
   0.02    1.45 ^ bp_fe_pc_gen_1/_2451_/ZN (NAND2_X1_bottom)
   0.02    1.47 v bp_fe_pc_gen_1/_2470_/ZN (INV_X1_bottom)
   0.04    1.51 ^ bp_fe_pc_gen_1/_2488_/ZN (OAI21_X2_bottom)
   0.02    1.52 v bp_fe_pc_gen_1/_2502_/ZN (INV_X1_bottom)
   0.11    1.63 ^ bp_fe_pc_gen_1/_3948_/S (FA_X1_bottom)
   0.01    1.64 v bp_fe_pc_gen_1/_3111_/ZN (INV_X1_bottom)
   0.05    1.69 v bp_fe_pc_gen_1/_3112_/Z (MUX2_X1_bottom)
   0.06    1.75 v bp_fe_pc_gen_1/_3113_/Z (MUX2_X1_bottom)
   0.05    1.80 ^ bp_fe_pc_gen_1/_3114_/ZN (AOI22_X1_bottom)
   0.02    1.81 v bp_fe_pc_gen_1/_3115_/ZN (NAND2_X1_bottom)
   0.02    1.84 ^ bp_fe_pc_gen_1/_3116_/ZN (OAI211_X1_bottom)
   0.01    1.85 v bp_fe_pc_gen_1/_3118_/ZN (NAND2_X1_bottom)
   0.00    1.85 v bp_fe_pc_gen_1/_4091_/D (DFF_X2_bottom)
           1.85   data arrival time

   1.00    1.00   clock CLK (rise edge)
   0.00    1.00   clock network delay (ideal)
   0.00    1.00   clock reconvergence pessimism
           1.00 ^ bp_fe_pc_gen_1/_4091_/CK (DFF_X2_bottom)
  -0.04    0.96   library setup time
           0.96   data required time
---------------------------------------------------------
           0.96   data required time
          -1.85   data arrival time
---------------------------------------------------------
          -0.89   slack (VIOLATED)


Startpoint: icache_1/_21925_ (rising edge-triggered flip-flop clocked by CLK)
Endpoint: bp_fe_pc_gen_1/_4107_ (rising edge-triggered flip-flop clocked by CLK)
Path Group: CLK
Path Type: max

  Delay    Time   Description
---------------------------------------------------------
   0.00    0.00   clock CLK (rise edge)
   0.00    0.00   clock network delay (ideal)
   0.00    0.00 ^ icache_1/_21925_/CK (DFF_X2_upper)
   0.14    0.14 ^ icache_1/_21925_/Q (DFF_X2_upper)
   0.02    0.17 v icache_1/_11182_/Z (XOR2_X1_upper)
   0.12    0.29 v icache_1/_11183_/ZN (OR4_X1_upper)
   0.11    0.40 ^ icache_1/_11226_/ZN (OAI33_X1_upper)
   0.04    0.44 ^ max_cap2597/Z (BUF_X2_upper)
   0.03    0.47 ^ icache_1/_11227_/ZN (OR3_X4_upper)
   0.02    0.49 v icache_1/_11229_/ZN (AOI21_X4_upper)
   0.08    0.57 ^ icache_1/_11236_/ZN (NOR2_X4_upper)
   0.03    0.60 ^ max_cap2352/Z (BUF_X16_upper)
   0.11    0.71 ^ max_cap2351/Z (BUF_X16_upper)
   0.01    0.72 ^ HBT_TOPIN_33464/BOT (HBT_TOPIN)
   0.04    0.76 ^ max_cap2350/Z (BUF_X16_bottom)
   0.02    0.78 ^ HBT_BOTIN_33463/TOP (HBT_BOTIN)
   0.06    0.83 v icache_1/_11450_/Z (MUX2_X1_upper)
   0.04    0.87 ^ icache_1/_11451_/ZN (OAI221_X2_upper)
   0.02    0.89 v icache_1/_11452_/ZN (NAND2_X4_upper)
   0.05    0.94 ^ icache_1/_11453_/ZN (AOI221_X2_upper)
   0.03    0.97 ^ wire2015/Z (BUF_X4_upper)
   0.04    1.01 ^ bp_fe_pc_gen_1/_2299_/ZN (AND2_X1_upper)
   0.03    1.04 v bp_fe_pc_gen_1/_2300_/ZN (NAND4_X4_upper)
   0.00    1.04 v HBT_TOPIN_466/BOT (HBT_TOPIN)
   0.05    1.09 ^ bp_fe_pc_gen_1/_2614_/ZN (NOR3_X4_bottom)
   0.07    1.17 v bp_fe_pc_gen_1/_2615_/Z (MUX2_X2_bottom)
   0.03    1.20 v bp_fe_pc_gen_1/_2616_/ZN (AND2_X1_bottom)
   0.08    1.28 v bp_fe_pc_gen_1/_3928_/CO (FA_X1_bottom)
   0.03    1.31 ^ bp_fe_pc_gen_1/_2296_/ZN (AOI21_X2_bottom)
   0.00    1.31 ^ HBT_BOTIN_463/TOP (HBT_BOTIN)
   0.02    1.33 v bp_fe_pc_gen_1/_2310_/ZN (OAI211_X4_upper)
   0.03    1.36 ^ bp_fe_pc_gen_1/_2344_/ZN (AOI21_X4_upper)
   0.00    1.36 ^ HBT_TOPIN_1870/BOT (HBT_TOPIN)
   0.01    1.38 v bp_fe_pc_gen_1/_2408_/ZN (OAI21_X4_bottom)
   0.04    1.42 ^ bp_fe_pc_gen_1/_2527_/ZN (AOI21_X4_bottom)
   0.02    1.43 v bp_fe_pc_gen_1/_2546_/ZN (AOI21_X4_bottom)
   0.02    1.45 ^ bp_fe_pc_gen_1/_2547_/ZN (INV_X1_bottom)
   0.02    1.47 v bp_fe_pc_gen_1/_2566_/ZN (OAI21_X1_bottom)
   0.11    1.59 ^ bp_fe_pc_gen_1/_3956_/S (FA_X1_bottom)
   0.01    1.59 v bp_fe_pc_gen_1/_3264_/ZN (INV_X1_bottom)
   0.05    1.64 v bp_fe_pc_gen_1/_3265_/Z (MUX2_X1_bottom)
   0.06    1.70 v bp_fe_pc_gen_1/_3266_/Z (MUX2_X1_bottom)
   0.05    1.75 ^ bp_fe_pc_gen_1/_3267_/ZN (AOI22_X1_bottom)
   0.02    1.76 v bp_fe_pc_gen_1/_3268_/ZN (NAND2_X1_bottom)
   0.02    1.79 ^ bp_fe_pc_gen_1/_3269_/ZN (OAI211_X1_bottom)
   0.01    1.80 v bp_fe_pc_gen_1/_3271_/ZN (NAND2_X1_bottom)
   0.00    1.80 v bp_fe_pc_gen_1/_4107_/D (DFF_X2_bottom)
           1.80   data arrival time

   1.00    1.00   clock CLK (rise edge)
   0.00    1.00   clock network delay (ideal)
   0.00    1.00   clock reconvergence pessimism
           1.00 ^ bp_fe_pc_gen_1/_4107_/CK (DFF_X2_bottom)
  -0.04    0.96   library setup time
           0.96   data required time
---------------------------------------------------------
           0.96   data required time
          -1.80   data arrival time
---------------------------------------------------------
          -0.84   slack (VIOLATED)


Startpoint: icache_1/_21925_ (rising edge-triggered flip-flop clocked by CLK)
Endpoint: bp_fe_pc_gen_1/_4083_ (rising edge-triggered flip-flop clocked by CLK)
Path Group: CLK
Path Type: max

  Delay    Time   Description
---------------------------------------------------------
   0.00    0.00   clock CLK (rise edge)
   0.00    0.00   clock network delay (ideal)
   0.00    0.00 ^ icache_1/_21925_/CK (DFF_X2_upper)
   0.14    0.14 ^ icache_1/_21925_/Q (DFF_X2_upper)
   0.02    0.17 v icache_1/_11182_/Z (XOR2_X1_upper)
   0.12    0.29 v icache_1/_11183_/ZN (OR4_X1_upper)
   0.11    0.40 ^ icache_1/_11226_/ZN (OAI33_X1_upper)
   0.04    0.44 ^ max_cap2597/Z (BUF_X2_upper)
   0.03    0.47 ^ icache_1/_11227_/ZN (OR3_X4_upper)
   0.02    0.49 v icache_1/_11229_/ZN (AOI21_X4_upper)
   0.08    0.57 ^ icache_1/_11236_/ZN (NOR2_X4_upper)
   0.03    0.60 ^ max_cap2352/Z (BUF_X16_upper)
   0.11    0.71 ^ max_cap2351/Z (BUF_X16_upper)
   0.01    0.72 ^ HBT_TOPIN_33464/BOT (HBT_TOPIN)
   0.04    0.76 ^ max_cap2350/Z (BUF_X16_bottom)
   0.02    0.78 ^ HBT_BOTIN_33463/TOP (HBT_BOTIN)
   0.06    0.83 v icache_1/_11450_/Z (MUX2_X1_upper)
   0.04    0.87 ^ icache_1/_11451_/ZN (OAI221_X2_upper)
   0.02    0.89 v icache_1/_11452_/ZN (NAND2_X4_upper)
   0.05    0.94 ^ icache_1/_11453_/ZN (AOI221_X2_upper)
   0.03    0.97 ^ wire2015/Z (BUF_X4_upper)
   0.04    1.01 ^ bp_fe_pc_gen_1/_2299_/ZN (AND2_X1_upper)
   0.03    1.04 v bp_fe_pc_gen_1/_2300_/ZN (NAND4_X4_upper)
   0.00    1.04 v HBT_TOPIN_466/BOT (HBT_TOPIN)
   0.04    1.07 ^ bp_fe_pc_gen_1/_2327_/ZN (NOR2_X2_bottom)
   0.04    1.11 ^ bp_fe_pc_gen_1/_2627_/ZN (AND2_X1_bottom)
   0.01    1.13 v bp_fe_pc_gen_1/_2629_/ZN (AOI211_X2_bottom)
   0.03    1.16 ^ bp_fe_pc_gen_1/_2631_/ZN (AOI21_X2_bottom)
   0.00    1.16 ^ HBT_BOTIN_2012/TOP (HBT_BOTIN)
   0.09    1.25 ^ bp_fe_pc_gen_1/_3975_/S (HA_X1_upper)
   0.04    1.29 v bp_fe_pc_gen_1/_2339_/ZN (NAND4_X2_upper)
   0.05    1.35 ^ bp_fe_pc_gen_1/_2343_/ZN (AOI21_X2_upper)
   0.01    1.36 v bp_fe_pc_gen_1/_2344_/ZN (AOI21_X4_upper)
   0.00    1.36 v HBT_TOPIN_1870/BOT (HBT_TOPIN)
   0.03    1.40 ^ bp_fe_pc_gen_1/_2408_/ZN (OAI21_X4_bottom)
   0.03    1.43 v bp_fe_pc_gen_1/_2450_/ZN (NAND4_X1_bottom)
   0.02    1.45 ^ bp_fe_pc_gen_1/_2451_/ZN (NAND2_X1_bottom)
   0.02    1.47 v bp_fe_pc_gen_1/_2470_/ZN (INV_X1_bottom)
   0.11    1.58 ^ bp_fe_pc_gen_1/_3944_/S (FA_X1_bottom)
   0.01    1.59 v bp_fe_pc_gen_1/_3027_/ZN (INV_X1_bottom)
   0.05    1.64 v bp_fe_pc_gen_1/_3028_/Z (MUX2_X1_bottom)
   0.06    1.70 v bp_fe_pc_gen_1/_3029_/Z (MUX2_X1_bottom)
   0.05    1.74 ^ bp_fe_pc_gen_1/_3030_/ZN (AOI22_X1_bottom)
   0.02    1.76 v bp_fe_pc_gen_1/_3031_/ZN (NAND2_X1_bottom)
   0.02    1.78 ^ bp_fe_pc_gen_1/_3032_/ZN (OAI211_X1_bottom)
   0.01    1.79 v bp_fe_pc_gen_1/_3034_/ZN (NAND2_X1_bottom)
   0.00    1.79 v bp_fe_pc_gen_1/_4083_/D (DFF_X2_bottom)
           1.79   data arrival time

   1.00    1.00   clock CLK (rise edge)
   0.00    1.00   clock network delay (ideal)
   0.00    1.00   clock reconvergence pessimism
           1.00 ^ bp_fe_pc_gen_1/_4083_/CK (DFF_X2_bottom)
  -0.04    0.96   library setup time
           0.96   data required time
---------------------------------------------------------
           0.96   data required time
          -1.79   data arrival time
---------------------------------------------------------
          -0.84   slack (VIOLATED)


Startpoint: icache_1/_21925_ (rising edge-triggered flip-flop clocked by CLK)
Endpoint: bp_fe_pc_gen_1/_4098_ (rising edge-triggered flip-flop clocked by CLK)
Path Group: CLK
Path Type: max

  Delay    Time   Description
---------------------------------------------------------
   0.00    0.00   clock CLK (rise edge)
   0.00    0.00   clock network delay (ideal)
   0.00    0.00 ^ icache_1/_21925_/CK (DFF_X2_upper)
   0.14    0.14 ^ icache_1/_21925_/Q (DFF_X2_upper)
   0.02    0.17 v icache_1/_11182_/Z (XOR2_X1_upper)
   0.12    0.29 v icache_1/_11183_/ZN (OR4_X1_upper)
   0.11    0.40 ^ icache_1/_11226_/ZN (OAI33_X1_upper)
   0.04    0.44 ^ max_cap2597/Z (BUF_X2_upper)
   0.03    0.47 ^ icache_1/_11227_/ZN (OR3_X4_upper)
   0.02    0.49 v icache_1/_11229_/ZN (AOI21_X4_upper)
   0.08    0.57 ^ icache_1/_11236_/ZN (NOR2_X4_upper)
   0.03    0.60 ^ max_cap2352/Z (BUF_X16_upper)
   0.11    0.71 ^ max_cap2351/Z (BUF_X16_upper)
   0.01    0.72 ^ HBT_TOPIN_33464/BOT (HBT_TOPIN)
   0.04    0.76 ^ max_cap2350/Z (BUF_X16_bottom)
   0.02    0.78 ^ HBT_BOTIN_33463/TOP (HBT_BOTIN)
   0.06    0.83 v icache_1/_11450_/Z (MUX2_X1_upper)
   0.04    0.87 ^ icache_1/_11451_/ZN (OAI221_X2_upper)
   0.02    0.89 v icache_1/_11452_/ZN (NAND2_X4_upper)
   0.05    0.94 ^ icache_1/_11453_/ZN (AOI221_X2_upper)
   0.03    0.97 ^ wire2015/Z (BUF_X4_upper)
   0.04    1.01 ^ bp_fe_pc_gen_1/_2299_/ZN (AND2_X1_upper)
   0.03    1.04 v bp_fe_pc_gen_1/_2300_/ZN (NAND4_X4_upper)
   0.00    1.04 v HBT_TOPIN_466/BOT (HBT_TOPIN)
   0.04    1.07 ^ bp_fe_pc_gen_1/_2327_/ZN (NOR2_X2_bottom)
   0.04    1.11 ^ bp_fe_pc_gen_1/_2627_/ZN (AND2_X1_bottom)
   0.01    1.13 v bp_fe_pc_gen_1/_2629_/ZN (AOI211_X2_bottom)
   0.03    1.16 ^ bp_fe_pc_gen_1/_2631_/ZN (AOI21_X2_bottom)
   0.00    1.16 ^ HBT_BOTIN_2012/TOP (HBT_BOTIN)
   0.09    1.25 ^ bp_fe_pc_gen_1/_3975_/S (HA_X1_upper)
   0.04    1.29 v bp_fe_pc_gen_1/_2339_/ZN (NAND4_X2_upper)
   0.05    1.35 ^ bp_fe_pc_gen_1/_2343_/ZN (AOI21_X2_upper)
   0.01    1.36 v bp_fe_pc_gen_1/_2344_/ZN (AOI21_X4_upper)
   0.00    1.36 v HBT_TOPIN_1870/BOT (HBT_TOPIN)
   0.03    1.40 ^ bp_fe_pc_gen_1/_2408_/ZN (OAI21_X4_bottom)
   0.03    1.43 v bp_fe_pc_gen_1/_2450_/ZN (NAND4_X1_bottom)
   0.02    1.45 ^ bp_fe_pc_gen_1/_2451_/ZN (NAND2_X1_bottom)
   0.02    1.47 v bp_fe_pc_gen_1/_2470_/ZN (INV_X1_bottom)
   0.04    1.51 ^ bp_fe_pc_gen_1/_2488_/ZN (OAI21_X2_bottom)
   0.02    1.52 v bp_fe_pc_gen_1/_2502_/ZN (INV_X1_bottom)
   0.04    1.56 ^ bp_fe_pc_gen_1/_2503_/ZN (OAI21_X2_bottom)
   0.02    1.58 v bp_fe_pc_gen_1/_2509_/ZN (AOI221_X2_bottom)
   0.07    1.65 v bp_fe_pc_gen_1/_3951_/CO (FA_X1_bottom)
   0.04    1.69 ^ bp_fe_pc_gen_1/_3182_/Z (XOR2_X1_bottom)
   0.02    1.71 v bp_fe_pc_gen_1/_3183_/ZN (AOI211_X2_bottom)
   0.06    1.77 ^ bp_fe_pc_gen_1/_3186_/ZN (AOI211_X2_bottom)
   0.02    1.79 v bp_fe_pc_gen_1/_3187_/ZN (OAI21_X1_bottom)
   0.00    1.79 v bp_fe_pc_gen_1/_4098_/D (DFF_X2_bottom)
           1.79   data arrival time

   1.00    1.00   clock CLK (rise edge)
   0.00    1.00   clock network delay (ideal)
   0.00    1.00   clock reconvergence pessimism
           1.00 ^ bp_fe_pc_gen_1/_4098_/CK (DFF_X2_bottom)
  -0.04    0.96   library setup time
           0.96   data required time
---------------------------------------------------------
           0.96   data required time
          -1.79   data arrival time
---------------------------------------------------------
          -0.83   slack (VIOLATED)


Startpoint: icache_1/_21925_ (rising edge-triggered flip-flop clocked by CLK)
Endpoint: bp_fe_pc_gen_1/_4114_ (rising edge-triggered flip-flop clocked by CLK)
Path Group: CLK
Path Type: max

  Delay    Time   Description
---------------------------------------------------------
   0.00    0.00   clock CLK (rise edge)
   0.00    0.00   clock network delay (ideal)
   0.00    0.00 ^ icache_1/_21925_/CK (DFF_X2_upper)
   0.14    0.14 ^ icache_1/_21925_/Q (DFF_X2_upper)
   0.02    0.17 v icache_1/_11182_/Z (XOR2_X1_upper)
   0.12    0.29 v icache_1/_11183_/ZN (OR4_X1_upper)
   0.11    0.40 ^ icache_1/_11226_/ZN (OAI33_X1_upper)
   0.04    0.44 ^ max_cap2597/Z (BUF_X2_upper)
   0.03    0.47 ^ icache_1/_11227_/ZN (OR3_X4_upper)
   0.02    0.49 v icache_1/_11229_/ZN (AOI21_X4_upper)
   0.08    0.57 ^ icache_1/_11236_/ZN (NOR2_X4_upper)
   0.03    0.60 ^ max_cap2352/Z (BUF_X16_upper)
   0.11    0.71 ^ max_cap2351/Z (BUF_X16_upper)
   0.01    0.72 ^ HBT_TOPIN_33464/BOT (HBT_TOPIN)
   0.04    0.76 ^ max_cap2350/Z (BUF_X16_bottom)
   0.02    0.78 ^ HBT_BOTIN_33463/TOP (HBT_BOTIN)
   0.06    0.83 v icache_1/_11450_/Z (MUX2_X1_upper)
   0.04    0.87 ^ icache_1/_11451_/ZN (OAI221_X2_upper)
   0.02    0.89 v icache_1/_11452_/ZN (NAND2_X4_upper)
   0.05    0.94 ^ icache_1/_11453_/ZN (AOI221_X2_upper)
   0.03    0.97 ^ wire2015/Z (BUF_X4_upper)
   0.04    1.01 ^ bp_fe_pc_gen_1/_2299_/ZN (AND2_X1_upper)
   0.03    1.04 v bp_fe_pc_gen_1/_2300_/ZN (NAND4_X4_upper)
   0.00    1.04 v HBT_TOPIN_466/BOT (HBT_TOPIN)
   0.04    1.07 ^ bp_fe_pc_gen_1/_2327_/ZN (NOR2_X2_bottom)
   0.04    1.11 ^ bp_fe_pc_gen_1/_2627_/ZN (AND2_X1_bottom)
   0.01    1.13 v bp_fe_pc_gen_1/_2629_/ZN (AOI211_X2_bottom)
   0.03    1.16 ^ bp_fe_pc_gen_1/_2631_/ZN (AOI21_X2_bottom)
   0.00    1.16 ^ HBT_BOTIN_2012/TOP (HBT_BOTIN)
   0.09    1.25 ^ bp_fe_pc_gen_1/_3975_/S (HA_X1_upper)
   0.04    1.29 v bp_fe_pc_gen_1/_2339_/ZN (NAND4_X2_upper)
   0.05    1.35 ^ bp_fe_pc_gen_1/_2343_/ZN (AOI21_X2_upper)
   0.01    1.36 v bp_fe_pc_gen_1/_2344_/ZN (AOI21_X4_upper)
   0.00    1.36 v HBT_TOPIN_1870/BOT (HBT_TOPIN)
   0.03    1.40 ^ bp_fe_pc_gen_1/_2408_/ZN (OAI21_X4_bottom)
   0.02    1.41 v bp_fe_pc_gen_1/_2527_/ZN (AOI21_X4_bottom)
   0.04    1.45 ^ bp_fe_pc_gen_1/_2546_/ZN (AOI21_X4_bottom)
   0.02    1.47 v bp_fe_pc_gen_1/_2575_/ZN (AOI21_X2_bottom)
   0.05    1.52 ^ bp_fe_pc_gen_1/_2582_/ZN (OAI21_X1_bottom)
   0.03    1.55 v bp_fe_pc_gen_1/_2586_/ZN (AOI221_X2_bottom)
   0.07    1.62 v bp_fe_pc_gen_1/_3959_/CO (FA_X1_bottom)
   0.04    1.66 v bp_fe_pc_gen_1/_3335_/ZN (XNOR2_X1_bottom)
   0.04    1.70 v bp_fe_pc_gen_1/_3336_/ZN (XNOR2_X1_bottom)
   0.07    1.77 ^ bp_fe_pc_gen_1/_3338_/ZN (AOI221_X2_bottom)
   0.02    1.78 v bp_fe_pc_gen_1/_3339_/ZN (OAI21_X1_bottom)
   0.00    1.78 v bp_fe_pc_gen_1/_4114_/D (DFF_X2_bottom)
           1.78   data arrival time

   1.00    1.00   clock CLK (rise edge)
   0.00    1.00   clock network delay (ideal)
   0.00    1.00   clock reconvergence pessimism
           1.00 ^ bp_fe_pc_gen_1/_4114_/CK (DFF_X2_bottom)
  -0.04    0.96   library setup time
           0.96   data required time
---------------------------------------------------------
           0.96   data required time
          -1.78   data arrival time
---------------------------------------------------------
          -0.83   slack (VIOLATED)


+_+_+_+_+_+_+_+_+_+_+_+_+_+_+_+_+-

==========================================================================
finish critical path delay
--------------------------------------------------------------------------
1.8485

==========================================================================
finish critical path slack
--------------------------------------------------------------------------
-0.8905

==========================================================================
finish slack div critical path delay
--------------------------------------------------------------------------
-48.174195

==========================================================================
finish report_power
--------------------------------------------------------------------------
Group                  Internal  Switching    Leakage      Total
                          Power      Power      Power      Power (Watts)
----------------------------------------------------------------
Sequential             3.24e-02   2.90e-03   3.49e-04   3.56e-02  15.2%
Combinational          3.58e-02   3.14e-02   1.24e-03   6.84e-02  29.1%
Clock                  0.00e+00   0.00e+00   0.00e+00   0.00e+00   0.0%
Macro                  1.23e-01   0.00e+00   7.60e-03   1.31e-01  55.7%
Pad                    0.00e+00   0.00e+00   0.00e+00   0.00e+00   0.0%
----------------------------------------------------------------
Total                  1.92e-01   3.43e-02   9.19e-03   2.35e-01 100.0%
                          81.5%      14.6%       3.9%

==========================================================================
finish report_design_area
--------------------------------------------------------------------------
Design area 228628 u^2 104% utilization.

[WARNING GUI-0076] QStandardPaths: XDG_RUNTIME_DIR not set, defaulting to '/tmp/runtime-root'
[WARNING GUI-0076] This plugin does not support propagateSizeHints()
[WARNING GUI-0076] This plugin does not support propagateSizeHints()
[WARNING GUI-0076] This plugin does not support propagateSizeHints()
[WARNING GUI-0010] File path does not end with a valid extension, new path is: ./reports/nangate45_3D/bp_fe/HBT/final_routing.webp.png
[WARNING GUI-0010] File path does not end with a valid extension, new path is: ./reports/nangate45_3D/bp_fe/HBT/final_placement.webp.png
[WARNING GUI-0010] File path does not end with a valid extension, new path is: ./reports/nangate45_3D/bp_fe/HBT/final_ir_drop.webp.png
[WARNING GUI-0066] Heat map "IR Drop" has not been populated with data.
[WARNING GUI-0010] File path does not end with a valid extension, new path is: ./reports/nangate45_3D/bp_fe/HBT/final_clocks.webp.png
[WARNING GUI-0010] File path does not end with a valid extension, new path is: ./reports/nangate45_3D/bp_fe/HBT/final_congestion.webp.png
[WARNING GUI-0010] File path does not end with a valid extension, new path is: ./reports/nangate45_3D/bp_fe/HBT/final_resizer.webp.png
[WARNING GUI-0010] File path does not end with a valid extension, new path is: ./reports/nangate45_3D/bp_fe/HBT/cts_CLK.webp.png
Elapsed time: 0:41.65[h:]min:sec. CPU time: user 40.59 sys 1.23 (100%). Peak memory: 780392KB.
