OpenROAD v2.0-17198-g8396d0866 
Features included (+) or not (-): +Charts +GPU +GUI +Python : None
This program is licensed under the BSD-3 license. See the LICENSE file for details.
Components of this program may be licensed under more restrictive licenses which must be honored.
[WARNING STA-0441] set_input_delay relative to a clock defined on the same port/pin not allowed.
[INFO ORD-0030] Using 104 thread(s).
detailed_route arguments: -droute_end_iter 5
[INFO DRT-0149] Reading tech and libs.

Units:                2000
Number of layers:     41
Number of macros:     275
Number of vias:       55
Number of viarulegen: 39

[INFO DRT-0150] Reading design.
[WARNING DRT-0120] Large net clk_i has 21542 pins which may impact routing performance. Consider optimization.
[WARNING DRT-0120] Large net N118496_BOT has 171 pins which may impact routing performance. Consider optimization.
[WARNING DRT-0120] Large net N150796_BOT has 110 pins which may impact routing performance. Consider optimization.
[WARNING DRT-0120] Large net N151457_BOT has 122 pins which may impact routing performance. Consider optimization.
[WARNING DRT-0120] Large net N152242_BOT has 131 pins which may impact routing performance. Consider optimization.
[WARNING DRT-0120] Large net N152728_BOT has 122 pins which may impact routing performance. Consider optimization.
[WARNING DRT-0120] Large net N153547_BOT has 131 pins which may impact routing performance. Consider optimization.
[WARNING DRT-0120] Large net N153945_BOT has 122 pins which may impact routing performance. Consider optimization.
[WARNING DRT-0120] Large net N155028_BOT has 122 pins which may impact routing performance. Consider optimization.
[WARNING DRT-0120] Large net N156070_BOT has 122 pins which may impact routing performance. Consider optimization.
[WARNING DRT-0120] Large net N156934_TOP has 130 pins which may impact routing performance. Consider optimization.
[WARNING DRT-0120] Large net N157264_BOT has 122 pins which may impact routing performance. Consider optimization.
[WARNING DRT-0120] Large net N157974_BOT has 127 pins which may impact routing performance. Consider optimization.
[WARNING DRT-0120] Large net N158504_BOT has 122 pins which may impact routing performance. Consider optimization.
[WARNING DRT-0120] Large net N159386_TOP has 130 pins which may impact routing performance. Consider optimization.
[WARNING DRT-0120] Large net N159777_BOT has 105 pins which may impact routing performance. Consider optimization.
[WARNING DRT-0120] Large net N159778_BOT has 122 pins which may impact routing performance. Consider optimization.
[WARNING DRT-0120] Large net N163751_BOT has 102 pins which may impact routing performance. Consider optimization.
[WARNING DRT-0120] Large net N185605_BOT has 112 pins which may impact routing performance. Consider optimization.
[WARNING DRT-0120] Large net N185607_BOT has 108 pins which may impact routing performance. Consider optimization.
[WARNING DRT-0120] Large net N185608_BOT has 118 pins which may impact routing performance. Consider optimization.
[WARNING DRT-0120] Large net N185609_BOT has 111 pins which may impact routing performance. Consider optimization.
[WARNING DRT-0120] Large net N185613_TOP has 120 pins which may impact routing performance. Consider optimization.
[WARNING DRT-0120] Large net N185615_TOP has 110 pins which may impact routing performance. Consider optimization.
[WARNING DRT-0120] Large net N185617_TOP has 109 pins which may impact routing performance. Consider optimization.
[WARNING DRT-0120] Large net N185618_TOP has 102 pins which may impact routing performance. Consider optimization.
[WARNING DRT-0120] Large net N185622_TOP has 120 pins which may impact routing performance. Consider optimization.
[WARNING DRT-0120] Large net N185629_TOP has 107 pins which may impact routing performance. Consider optimization.
[WARNING DRT-0120] Large net N185633_BOT has 111 pins which may impact routing performance. Consider optimization.
[WARNING DRT-0120] Large net N185640_TOP has 113 pins which may impact routing performance. Consider optimization.
[WARNING DRT-0120] Large net N185642_TOP has 103 pins which may impact routing performance. Consider optimization.
[WARNING DRT-0120] Large net N185643_TOP has 115 pins which may impact routing performance. Consider optimization.
[WARNING DRT-0120] Large net N185648_BOT has 103 pins which may impact routing performance. Consider optimization.
[WARNING DRT-0120] Large net N185662_BOT has 103 pins which may impact routing performance. Consider optimization.
[WARNING DRT-0120] Large net N185672_TOP has 120 pins which may impact routing performance. Consider optimization.
[WARNING DRT-0120] Large net N185673_TOP has 115 pins which may impact routing performance. Consider optimization.
[WARNING DRT-0120] Large net N185681_TOP has 114 pins which may impact routing performance. Consider optimization.
[WARNING DRT-0120] Large net N185682_TOP has 119 pins which may impact routing performance. Consider optimization.
[WARNING DRT-0120] Large net N185683_TOP has 105 pins which may impact routing performance. Consider optimization.
[WARNING DRT-0120] Large net N185687_TOP has 121 pins which may impact routing performance. Consider optimization.
[WARNING DRT-0120] Large net N185688_TOP has 113 pins which may impact routing performance. Consider optimization.
[WARNING DRT-0120] Large net N185689_TOP has 116 pins which may impact routing performance. Consider optimization.
[WARNING DRT-0120] Large net N185690_TOP has 117 pins which may impact routing performance. Consider optimization.
[WARNING DRT-0120] Large net N185704_TOP has 112 pins which may impact routing performance. Consider optimization.
[WARNING DRT-0120] Large net N185708_BOT has 111 pins which may impact routing performance. Consider optimization.
[WARNING DRT-0120] Large net N185715_TOP has 105 pins which may impact routing performance. Consider optimization.
[WARNING DRT-0120] Large net N185726_TOP has 101 pins which may impact routing performance. Consider optimization.
[WARNING DRT-0120] Large net N185744_BOT has 105 pins which may impact routing performance. Consider optimization.
[WARNING DRT-0120] Large net N185745_BOT has 109 pins which may impact routing performance. Consider optimization.
[WARNING DRT-0120] Large net N185750_BOT has 116 pins which may impact routing performance. Consider optimization.
[WARNING DRT-0120] Large net N185757_BOT has 101 pins which may impact routing performance. Consider optimization.
[WARNING DRT-0120] Large net N185761_TOP has 104 pins which may impact routing performance. Consider optimization.
[WARNING DRT-0120] Large net N185763_TOP has 106 pins which may impact routing performance. Consider optimization.
[WARNING DRT-0120] Large net N185764_TOP has 101 pins which may impact routing performance. Consider optimization.
[WARNING DRT-0120] Large net N185768_BOT has 116 pins which may impact routing performance. Consider optimization.
[WARNING DRT-0120] Large net N185773_TOP has 116 pins which may impact routing performance. Consider optimization.
[WARNING DRT-0120] Large net N185774_TOP has 109 pins which may impact routing performance. Consider optimization.
[WARNING DRT-0120] Large net N185775_TOP has 110 pins which may impact routing performance. Consider optimization.
[WARNING DRT-0120] Large net N185790_TOP has 115 pins which may impact routing performance. Consider optimization.
[WARNING DRT-0120] Large net N185796_BOT has 103 pins which may impact routing performance. Consider optimization.
[WARNING DRT-0120] Large net N185797_BOT has 105 pins which may impact routing performance. Consider optimization.
[WARNING DRT-0120] Large net N185800_TOP has 103 pins which may impact routing performance. Consider optimization.
[WARNING DRT-0120] Large net N185812_BOT has 113 pins which may impact routing performance. Consider optimization.
[WARNING DRT-0120] Large net N185816_BOT has 113 pins which may impact routing performance. Consider optimization.
[WARNING DRT-0120] Large net N185817_BOT has 106 pins which may impact routing performance. Consider optimization.
[WARNING DRT-0120] Large net N185826_BOT has 105 pins which may impact routing performance. Consider optimization.
[WARNING DRT-0120] Large net N185828_BOT has 104 pins which may impact routing performance. Consider optimization.
[WARNING DRT-0120] Large net N185836_TOP has 106 pins which may impact routing performance. Consider optimization.
[WARNING DRT-0120] Large net N185837_TOP has 110 pins which may impact routing performance. Consider optimization.
[WARNING DRT-0120] Large net N40613_BOT has 111 pins which may impact routing performance. Consider optimization.
[WARNING DRT-0120] Large net N40932_BOT has 144 pins which may impact routing performance. Consider optimization.
[WARNING DRT-0120] Large net N43621_BOT has 104 pins which may impact routing performance. Consider optimization.
[WARNING DRT-0120] Large net csr_regfile_i/_05798_ has 122 pins which may impact routing performance. Consider optimization.
[WARNING DRT-0120] Large net i_cache_subsystem/i_nbdcache/i_miss_handler/_06406_ has 125 pins which may impact routing performance. Consider optimization.
[WARNING DRT-0120] Large net i_frontend/_05324_ has 121 pins which may impact routing performance. Consider optimization.
[WARNING DRT-0120] Large net issue_stage_i/i_scoreboard/_07779_ has 130 pins which may impact routing performance. Consider optimization.
[WARNING DRT-0120] Large net issue_stage_i/i_scoreboard/_10464_ has 130 pins which may impact routing performance. Consider optimization.
[WARNING DRT-0120] Large net issue_stage_i/i_scoreboard/_11987_ has 130 pins which may impact routing performance. Consider optimization.
[WARNING DRT-0120] Large net issue_stage_i/i_scoreboard/_17197_ has 130 pins which may impact routing performance. Consider optimization.
[WARNING DRT-0120] Large net net5406 has 119 pins which may impact routing performance. Consider optimization.
[WARNING DRT-0120] Large net net6969 has 102 pins which may impact routing performance. Consider optimization.
[WARNING DRT-0120] Large net net6981 has 109 pins which may impact routing performance. Consider optimization.
[WARNING DRT-0120] Large net net6982 has 103 pins which may impact routing performance. Consider optimization.
[WARNING DRT-0120] Large net net6984 has 107 pins which may impact routing performance. Consider optimization.
[WARNING DRT-0120] Large net net6988 has 121 pins which may impact routing performance. Consider optimization.
[WARNING DRT-0120] Large net net6991 has 117 pins which may impact routing performance. Consider optimization.
[WARNING DRT-0120] Large net net6996 has 115 pins which may impact routing performance. Consider optimization.
[WARNING DRT-0120] Large net net7010 has 102 pins which may impact routing performance. Consider optimization.
[WARNING DRT-0120] Large net net7070 has 109 pins which may impact routing performance. Consider optimization.
[WARNING DRT-0120] Large net net7086 has 104 pins which may impact routing performance. Consider optimization.
[WARNING DRT-0120] Large net net7106 has 105 pins which may impact routing performance. Consider optimization.
[WARNING DRT-0120] Large net net7111 has 104 pins which may impact routing performance. Consider optimization.
[WARNING DRT-0120] Large net net7113 has 114 pins which may impact routing performance. Consider optimization.
[WARNING DRT-0120] Large net net7171 has 107 pins which may impact routing performance. Consider optimization.
[WARNING DRT-0120] Large net net7174 has 107 pins which may impact routing performance. Consider optimization.
[WARNING DRT-0120] Large net net7175 has 105 pins which may impact routing performance. Consider optimization.

Design:                   ariane
Die area:                 ( 0 0 ) ( 2000000 2000000 )
Number of track patterns: 80
Number of DEF vias:       0
Number of components:     163090
Number of terminals:      495
Number of snets:          0
Number of nets:           193929

[WARNING DRT-0419] No routing tracks pass through the center of Term i_cache_subsystem/i_icache/sram_block_0__data_sram/genblk1_0__i_ram/macro_mem_0/w_mask_in[0]
[WARNING DRT-0419] No routing tracks pass through the center of Term i_cache_subsystem/i_icache/sram_block_0__data_sram/genblk1_0__i_ram/macro_mem_0/w_mask_in[1]
[WARNING DRT-0419] No routing tracks pass through the center of Term i_cache_subsystem/i_icache/sram_block_0__data_sram/genblk1_0__i_ram/macro_mem_0/w_mask_in[2]
[WARNING DRT-0419] No routing tracks pass through the center of Term i_cache_subsystem/i_icache/sram_block_0__data_sram/genblk1_0__i_ram/macro_mem_0/w_mask_in[3]
[WARNING DRT-0419] No routing tracks pass through the center of Term i_cache_subsystem/i_icache/sram_block_0__data_sram/genblk1_0__i_ram/macro_mem_0/w_mask_in[4]
[WARNING DRT-0419] No routing tracks pass through the center of Term i_cache_subsystem/i_icache/sram_block_0__data_sram/genblk1_0__i_ram/macro_mem_0/w_mask_in[5]
[WARNING DRT-0419] No routing tracks pass through the center of Term i_cache_subsystem/i_icache/sram_block_0__data_sram/genblk1_0__i_ram/macro_mem_0/w_mask_in[6]
[WARNING DRT-0419] No routing tracks pass through the center of Term i_cache_subsystem/i_icache/sram_block_0__data_sram/genblk1_0__i_ram/macro_mem_0/w_mask_in[7]
[WARNING DRT-0419] No routing tracks pass through the center of Term i_cache_subsystem/i_icache/sram_block_0__data_sram/genblk1_0__i_ram/macro_mem_0/w_mask_in[8]
[WARNING DRT-0419] No routing tracks pass through the center of Term i_cache_subsystem/i_icache/sram_block_0__data_sram/genblk1_0__i_ram/macro_mem_0/w_mask_in[9]
[WARNING DRT-0419] No routing tracks pass through the center of Term i_cache_subsystem/i_icache/sram_block_0__data_sram/genblk1_0__i_ram/macro_mem_0/w_mask_in[10]
[WARNING DRT-0419] No routing tracks pass through the center of Term i_cache_subsystem/i_icache/sram_block_0__data_sram/genblk1_0__i_ram/macro_mem_0/w_mask_in[11]
[WARNING DRT-0419] No routing tracks pass through the center of Term i_cache_subsystem/i_icache/sram_block_0__data_sram/genblk1_0__i_ram/macro_mem_0/w_mask_in[12]
[WARNING DRT-0419] No routing tracks pass through the center of Term i_cache_subsystem/i_icache/sram_block_0__data_sram/genblk1_0__i_ram/macro_mem_0/w_mask_in[13]
[WARNING DRT-0419] No routing tracks pass through the center of Term i_cache_subsystem/i_icache/sram_block_0__data_sram/genblk1_0__i_ram/macro_mem_0/w_mask_in[14]
[WARNING DRT-0419] No routing tracks pass through the center of Term i_cache_subsystem/i_icache/sram_block_0__data_sram/genblk1_0__i_ram/macro_mem_0/w_mask_in[15]
[WARNING DRT-0419] No routing tracks pass through the center of Term i_cache_subsystem/i_icache/sram_block_0__data_sram/genblk1_0__i_ram/macro_mem_0/rd_out[0]
[WARNING DRT-0419] No routing tracks pass through the center of Term i_cache_subsystem/i_icache/sram_block_0__data_sram/genblk1_0__i_ram/macro_mem_0/rd_out[1]
[WARNING DRT-0419] No routing tracks pass through the center of Term i_cache_subsystem/i_icache/sram_block_0__data_sram/genblk1_0__i_ram/macro_mem_0/rd_out[2]
[WARNING DRT-0419] No routing tracks pass through the center of Term i_cache_subsystem/i_icache/sram_block_0__data_sram/genblk1_0__i_ram/macro_mem_0/rd_out[3]
[WARNING DRT-0419] No routing tracks pass through the center of Term i_cache_subsystem/i_icache/sram_block_0__data_sram/genblk1_0__i_ram/macro_mem_0/rd_out[4]
[WARNING DRT-0419] No routing tracks pass through the center of Term i_cache_subsystem/i_icache/sram_block_0__data_sram/genblk1_0__i_ram/macro_mem_0/rd_out[5]
[WARNING DRT-0419] No routing tracks pass through the center of Term i_cache_subsystem/i_icache/sram_block_0__data_sram/genblk1_0__i_ram/macro_mem_0/rd_out[6]
[WARNING DRT-0419] No routing tracks pass through the center of Term i_cache_subsystem/i_icache/sram_block_0__data_sram/genblk1_0__i_ram/macro_mem_0/rd_out[7]
[WARNING DRT-0419] No routing tracks pass through the center of Term i_cache_subsystem/i_icache/sram_block_0__data_sram/genblk1_0__i_ram/macro_mem_0/rd_out[8]
[WARNING DRT-0419] No routing tracks pass through the center of Term i_cache_subsystem/i_icache/sram_block_0__data_sram/genblk1_0__i_ram/macro_mem_0/rd_out[9]
[WARNING DRT-0419] No routing tracks pass through the center of Term i_cache_subsystem/i_icache/sram_block_0__data_sram/genblk1_0__i_ram/macro_mem_0/rd_out[10]
[WARNING DRT-0419] No routing tracks pass through the center of Term i_cache_subsystem/i_icache/sram_block_0__data_sram/genblk1_0__i_ram/macro_mem_0/rd_out[11]
[WARNING DRT-0419] No routing tracks pass through the center of Term i_cache_subsystem/i_icache/sram_block_0__data_sram/genblk1_0__i_ram/macro_mem_0/rd_out[12]
[WARNING DRT-0419] No routing tracks pass through the center of Term i_cache_subsystem/i_icache/sram_block_0__data_sram/genblk1_0__i_ram/macro_mem_0/rd_out[13]
[WARNING DRT-0419] No routing tracks pass through the center of Term i_cache_subsystem/i_icache/sram_block_0__data_sram/genblk1_0__i_ram/macro_mem_0/rd_out[14]
[WARNING DRT-0419] No routing tracks pass through the center of Term i_cache_subsystem/i_icache/sram_block_0__data_sram/genblk1_0__i_ram/macro_mem_0/rd_out[15]
[WARNING DRT-0419] No routing tracks pass through the center of Term i_cache_subsystem/i_icache/sram_block_0__data_sram/genblk1_0__i_ram/macro_mem_0/wd_in[0]
[WARNING DRT-0419] No routing tracks pass through the center of Term i_cache_subsystem/i_icache/sram_block_0__data_sram/genblk1_0__i_ram/macro_mem_0/wd_in[1]
[WARNING DRT-0419] No routing tracks pass through the center of Term i_cache_subsystem/i_icache/sram_block_0__data_sram/genblk1_0__i_ram/macro_mem_0/wd_in[2]
[WARNING DRT-0419] No routing tracks pass through the center of Term i_cache_subsystem/i_icache/sram_block_0__data_sram/genblk1_0__i_ram/macro_mem_0/wd_in[3]
[WARNING DRT-0419] No routing tracks pass through the center of Term i_cache_subsystem/i_icache/sram_block_0__data_sram/genblk1_0__i_ram/macro_mem_0/wd_in[4]
[WARNING DRT-0419] No routing tracks pass through the center of Term i_cache_subsystem/i_icache/sram_block_0__data_sram/genblk1_0__i_ram/macro_mem_0/wd_in[5]
[WARNING DRT-0419] No routing tracks pass through the center of Term i_cache_subsystem/i_icache/sram_block_0__data_sram/genblk1_0__i_ram/macro_mem_0/wd_in[6]
[WARNING DRT-0419] No routing tracks pass through the center of Term i_cache_subsystem/i_icache/sram_block_0__data_sram/genblk1_0__i_ram/macro_mem_0/wd_in[7]
[WARNING DRT-0419] No routing tracks pass through the center of Term i_cache_subsystem/i_icache/sram_block_0__data_sram/genblk1_0__i_ram/macro_mem_0/wd_in[8]
[WARNING DRT-0419] No routing tracks pass through the center of Term i_cache_subsystem/i_icache/sram_block_0__data_sram/genblk1_0__i_ram/macro_mem_0/wd_in[9]
[WARNING DRT-0419] No routing tracks pass through the center of Term i_cache_subsystem/i_icache/sram_block_0__data_sram/genblk1_0__i_ram/macro_mem_0/wd_in[10]
[WARNING DRT-0419] No routing tracks pass through the center of Term i_cache_subsystem/i_icache/sram_block_0__data_sram/genblk1_0__i_ram/macro_mem_0/wd_in[11]
[WARNING DRT-0419] No routing tracks pass through the center of Term i_cache_subsystem/i_icache/sram_block_0__data_sram/genblk1_0__i_ram/macro_mem_0/wd_in[12]
[WARNING DRT-0419] No routing tracks pass through the center of Term i_cache_subsystem/i_icache/sram_block_0__data_sram/genblk1_0__i_ram/macro_mem_0/wd_in[13]
[WARNING DRT-0419] No routing tracks pass through the center of Term i_cache_subsystem/i_icache/sram_block_0__data_sram/genblk1_0__i_ram/macro_mem_0/wd_in[14]
[WARNING DRT-0419] No routing tracks pass through the center of Term i_cache_subsystem/i_icache/sram_block_0__data_sram/genblk1_0__i_ram/macro_mem_0/wd_in[15]
[WARNING DRT-0419] No routing tracks pass through the center of Term i_cache_subsystem/i_icache/sram_block_0__data_sram/genblk1_0__i_ram/macro_mem_0/addr_in[0]
[WARNING DRT-0419] No routing tracks pass through the center of Term i_cache_subsystem/i_icache/sram_block_0__data_sram/genblk1_0__i_ram/macro_mem_0/addr_in[1]
[WARNING DRT-0419] No routing tracks pass through the center of Term i_cache_subsystem/i_icache/sram_block_0__data_sram/genblk1_0__i_ram/macro_mem_0/addr_in[2]
[WARNING DRT-0419] No routing tracks pass through the center of Term i_cache_subsystem/i_icache/sram_block_0__data_sram/genblk1_0__i_ram/macro_mem_0/addr_in[3]
[WARNING DRT-0419] No routing tracks pass through the center of Term i_cache_subsystem/i_icache/sram_block_0__data_sram/genblk1_0__i_ram/macro_mem_0/addr_in[4]
[WARNING DRT-0419] No routing tracks pass through the center of Term i_cache_subsystem/i_icache/sram_block_0__data_sram/genblk1_0__i_ram/macro_mem_0/addr_in[5]
[WARNING DRT-0419] No routing tracks pass through the center of Term i_cache_subsystem/i_icache/sram_block_0__data_sram/genblk1_0__i_ram/macro_mem_0/addr_in[6]
[WARNING DRT-0419] No routing tracks pass through the center of Term i_cache_subsystem/i_icache/sram_block_0__data_sram/genblk1_0__i_ram/macro_mem_0/addr_in[7]
[WARNING DRT-0419] No routing tracks pass through the center of Term i_cache_subsystem/i_icache/sram_block_0__data_sram/genblk1_0__i_ram/macro_mem_0/we_in
[WARNING DRT-0419] No routing tracks pass through the center of Term i_cache_subsystem/i_icache/sram_block_0__data_sram/genblk1_0__i_ram/macro_mem_0/ce_in
[WARNING DRT-0419] No routing tracks pass through the center of Term i_cache_subsystem/i_icache/sram_block_0__data_sram/genblk1_0__i_ram/macro_mem_0/clk
[WARNING DRT-0419] No routing tracks pass through the center of Term i_cache_subsystem/i_icache/sram_block_0__data_sram/genblk1_0__i_ram/macro_mem_1/w_mask_in[0]
[WARNING DRT-0419] No routing tracks pass through the center of Term i_cache_subsystem/i_icache/sram_block_0__data_sram/genblk1_0__i_ram/macro_mem_1/w_mask_in[1]
[WARNING DRT-0419] No routing tracks pass through the center of Term i_cache_subsystem/i_icache/sram_block_0__data_sram/genblk1_0__i_ram/macro_mem_1/w_mask_in[2]
[WARNING DRT-0419] No routing tracks pass through the center of Term i_cache_subsystem/i_icache/sram_block_0__data_sram/genblk1_0__i_ram/macro_mem_1/w_mask_in[3]
[WARNING DRT-0419] No routing tracks pass through the center of Term i_cache_subsystem/i_icache/sram_block_0__data_sram/genblk1_0__i_ram/macro_mem_1/w_mask_in[4]
[WARNING DRT-0419] No routing tracks pass through the center of Term i_cache_subsystem/i_icache/sram_block_0__data_sram/genblk1_0__i_ram/macro_mem_1/w_mask_in[5]
[WARNING DRT-0419] No routing tracks pass through the center of Term i_cache_subsystem/i_icache/sram_block_0__data_sram/genblk1_0__i_ram/macro_mem_1/w_mask_in[6]
[WARNING DRT-0419] No routing tracks pass through the center of Term i_cache_subsystem/i_icache/sram_block_0__data_sram/genblk1_0__i_ram/macro_mem_1/w_mask_in[7]
[WARNING DRT-0419] No routing tracks pass through the center of Term i_cache_subsystem/i_icache/sram_block_0__data_sram/genblk1_0__i_ram/macro_mem_1/w_mask_in[8]
[WARNING DRT-0419] No routing tracks pass through the center of Term i_cache_subsystem/i_icache/sram_block_0__data_sram/genblk1_0__i_ram/macro_mem_1/w_mask_in[9]
[WARNING DRT-0419] No routing tracks pass through the center of Term i_cache_subsystem/i_icache/sram_block_0__data_sram/genblk1_0__i_ram/macro_mem_1/w_mask_in[10]
[WARNING DRT-0419] No routing tracks pass through the center of Term i_cache_subsystem/i_icache/sram_block_0__data_sram/genblk1_0__i_ram/macro_mem_1/w_mask_in[11]
[WARNING DRT-0419] No routing tracks pass through the center of Term i_cache_subsystem/i_icache/sram_block_0__data_sram/genblk1_0__i_ram/macro_mem_1/w_mask_in[12]
[WARNING DRT-0419] No routing tracks pass through the center of Term i_cache_subsystem/i_icache/sram_block_0__data_sram/genblk1_0__i_ram/macro_mem_1/w_mask_in[13]
[WARNING DRT-0419] No routing tracks pass through the center of Term i_cache_subsystem/i_icache/sram_block_0__data_sram/genblk1_0__i_ram/macro_mem_1/w_mask_in[14]
[WARNING DRT-0419] No routing tracks pass through the center of Term i_cache_subsystem/i_icache/sram_block_0__data_sram/genblk1_0__i_ram/macro_mem_1/w_mask_in[15]
[WARNING DRT-0419] No routing tracks pass through the center of Term i_cache_subsystem/i_icache/sram_block_0__data_sram/genblk1_0__i_ram/macro_mem_1/rd_out[0]
[WARNING DRT-0419] No routing tracks pass through the center of Term i_cache_subsystem/i_icache/sram_block_0__data_sram/genblk1_0__i_ram/macro_mem_1/rd_out[1]
[WARNING DRT-0419] No routing tracks pass through the center of Term i_cache_subsystem/i_icache/sram_block_0__data_sram/genblk1_0__i_ram/macro_mem_1/rd_out[2]
[WARNING DRT-0419] No routing tracks pass through the center of Term i_cache_subsystem/i_icache/sram_block_0__data_sram/genblk1_0__i_ram/macro_mem_1/rd_out[3]
[WARNING DRT-0419] No routing tracks pass through the center of Term i_cache_subsystem/i_icache/sram_block_0__data_sram/genblk1_0__i_ram/macro_mem_1/rd_out[4]
[WARNING DRT-0419] No routing tracks pass through the center of Term i_cache_subsystem/i_icache/sram_block_0__data_sram/genblk1_0__i_ram/macro_mem_1/rd_out[5]
[WARNING DRT-0419] No routing tracks pass through the center of Term i_cache_subsystem/i_icache/sram_block_0__data_sram/genblk1_0__i_ram/macro_mem_1/rd_out[6]
[WARNING DRT-0419] No routing tracks pass through the center of Term i_cache_subsystem/i_icache/sram_block_0__data_sram/genblk1_0__i_ram/macro_mem_1/rd_out[7]
[WARNING DRT-0419] No routing tracks pass through the center of Term i_cache_subsystem/i_icache/sram_block_0__data_sram/genblk1_0__i_ram/macro_mem_1/rd_out[8]
[WARNING DRT-0419] No routing tracks pass through the center of Term i_cache_subsystem/i_icache/sram_block_0__data_sram/genblk1_0__i_ram/macro_mem_1/rd_out[9]
[WARNING DRT-0419] No routing tracks pass through the center of Term i_cache_subsystem/i_icache/sram_block_0__data_sram/genblk1_0__i_ram/macro_mem_1/rd_out[10]
[WARNING DRT-0419] No routing tracks pass through the center of Term i_cache_subsystem/i_icache/sram_block_0__data_sram/genblk1_0__i_ram/macro_mem_1/rd_out[11]
[WARNING DRT-0419] No routing tracks pass through the center of Term i_cache_subsystem/i_icache/sram_block_0__data_sram/genblk1_0__i_ram/macro_mem_1/rd_out[12]
[WARNING DRT-0419] No routing tracks pass through the center of Term i_cache_subsystem/i_icache/sram_block_0__data_sram/genblk1_0__i_ram/macro_mem_1/rd_out[13]
[WARNING DRT-0419] No routing tracks pass through the center of Term i_cache_subsystem/i_icache/sram_block_0__data_sram/genblk1_0__i_ram/macro_mem_1/rd_out[14]
[WARNING DRT-0419] No routing tracks pass through the center of Term i_cache_subsystem/i_icache/sram_block_0__data_sram/genblk1_0__i_ram/macro_mem_1/rd_out[15]
[WARNING DRT-0419] No routing tracks pass through the center of Term i_cache_subsystem/i_icache/sram_block_0__data_sram/genblk1_0__i_ram/macro_mem_1/wd_in[0]
[WARNING DRT-0419] No routing tracks pass through the center of Term i_cache_subsystem/i_icache/sram_block_0__data_sram/genblk1_0__i_ram/macro_mem_1/wd_in[1]
[WARNING DRT-0419] No routing tracks pass through the center of Term i_cache_subsystem/i_icache/sram_block_0__data_sram/genblk1_0__i_ram/macro_mem_1/wd_in[2]
[WARNING DRT-0419] No routing tracks pass through the center of Term i_cache_subsystem/i_icache/sram_block_0__data_sram/genblk1_0__i_ram/macro_mem_1/wd_in[3]
[WARNING DRT-0419] No routing tracks pass through the center of Term i_cache_subsystem/i_icache/sram_block_0__data_sram/genblk1_0__i_ram/macro_mem_1/wd_in[4]
[WARNING DRT-0419] No routing tracks pass through the center of Term i_cache_subsystem/i_icache/sram_block_0__data_sram/genblk1_0__i_ram/macro_mem_1/wd_in[5]
[WARNING DRT-0419] No routing tracks pass through the center of Term i_cache_subsystem/i_icache/sram_block_0__data_sram/genblk1_0__i_ram/macro_mem_1/wd_in[6]
[WARNING DRT-0419] No routing tracks pass through the center of Term i_cache_subsystem/i_icache/sram_block_0__data_sram/genblk1_0__i_ram/macro_mem_1/wd_in[7]
[WARNING DRT-0419] No routing tracks pass through the center of Term i_cache_subsystem/i_icache/sram_block_0__data_sram/genblk1_0__i_ram/macro_mem_1/wd_in[8]
[WARNING DRT-0419] No routing tracks pass through the center of Term i_cache_subsystem/i_icache/sram_block_0__data_sram/genblk1_0__i_ram/macro_mem_1/wd_in[9]
[WARNING DRT-0419] No routing tracks pass through the center of Term i_cache_subsystem/i_icache/sram_block_0__data_sram/genblk1_0__i_ram/macro_mem_1/wd_in[10]
[WARNING DRT-0419] No routing tracks pass through the center of Term i_cache_subsystem/i_icache/sram_block_0__data_sram/genblk1_0__i_ram/macro_mem_1/wd_in[11]
[WARNING DRT-0419] No routing tracks pass through the center of Term i_cache_subsystem/i_icache/sram_block_0__data_sram/genblk1_0__i_ram/macro_mem_1/wd_in[12]
[WARNING DRT-0419] No routing tracks pass through the center of Term i_cache_subsystem/i_icache/sram_block_0__data_sram/genblk1_0__i_ram/macro_mem_1/wd_in[13]
[WARNING DRT-0419] No routing tracks pass through the center of Term i_cache_subsystem/i_icache/sram_block_0__data_sram/genblk1_0__i_ram/macro_mem_1/wd_in[14]
[WARNING DRT-0419] No routing tracks pass through the center of Term i_cache_subsystem/i_icache/sram_block_0__data_sram/genblk1_0__i_ram/macro_mem_1/wd_in[15]
[WARNING DRT-0419] No routing tracks pass through the center of Term i_cache_subsystem/i_icache/sram_block_0__data_sram/genblk1_0__i_ram/macro_mem_1/addr_in[0]
[WARNING DRT-0419] No routing tracks pass through the center of Term i_cache_subsystem/i_icache/sram_block_0__data_sram/genblk1_0__i_ram/macro_mem_1/addr_in[1]
[WARNING DRT-0419] No routing tracks pass through the center of Term i_cache_subsystem/i_icache/sram_block_0__data_sram/genblk1_0__i_ram/macro_mem_1/addr_in[2]
[WARNING DRT-0419] No routing tracks pass through the center of Term i_cache_subsystem/i_icache/sram_block_0__data_sram/genblk1_0__i_ram/macro_mem_1/addr_in[3]
[WARNING DRT-0419] No routing tracks pass through the center of Term i_cache_subsystem/i_icache/sram_block_0__data_sram/genblk1_0__i_ram/macro_mem_1/addr_in[4]
[WARNING DRT-0419] No routing tracks pass through the center of Term i_cache_subsystem/i_icache/sram_block_0__data_sram/genblk1_0__i_ram/macro_mem_1/addr_in[5]
[WARNING DRT-0419] No routing tracks pass through the center of Term i_cache_subsystem/i_icache/sram_block_0__data_sram/genblk1_0__i_ram/macro_mem_1/addr_in[6]
[WARNING DRT-0419] No routing tracks pass through the center of Term i_cache_subsystem/i_icache/sram_block_0__data_sram/genblk1_0__i_ram/macro_mem_1/addr_in[7]
[WARNING DRT-0419] No routing tracks pass through the center of Term i_cache_subsystem/i_icache/sram_block_0__data_sram/genblk1_0__i_ram/macro_mem_1/we_in
[WARNING DRT-0419] No routing tracks pass through the center of Term i_cache_subsystem/i_icache/sram_block_0__data_sram/genblk1_0__i_ram/macro_mem_1/ce_in
[WARNING DRT-0419] No routing tracks pass through the center of Term i_cache_subsystem/i_icache/sram_block_0__data_sram/genblk1_0__i_ram/macro_mem_1/clk
[WARNING DRT-0419] No routing tracks pass through the center of Term i_cache_subsystem/i_icache/sram_block_0__data_sram/genblk1_0__i_ram/macro_mem_2/w_mask_in[0]
[WARNING DRT-0419] No routing tracks pass through the center of Term i_cache_subsystem/i_icache/sram_block_0__data_sram/genblk1_0__i_ram/macro_mem_2/w_mask_in[1]
[WARNING DRT-0419] No routing tracks pass through the center of Term i_cache_subsystem/i_icache/sram_block_0__data_sram/genblk1_0__i_ram/macro_mem_2/w_mask_in[2]
[WARNING DRT-0419] No routing tracks pass through the center of Term i_cache_subsystem/i_icache/sram_block_0__data_sram/genblk1_0__i_ram/macro_mem_2/w_mask_in[3]
[WARNING DRT-0419] No routing tracks pass through the center of Term i_cache_subsystem/i_icache/sram_block_0__data_sram/genblk1_0__i_ram/macro_mem_2/w_mask_in[4]
[WARNING DRT-0419] No routing tracks pass through the center of Term i_cache_subsystem/i_icache/sram_block_0__data_sram/genblk1_0__i_ram/macro_mem_2/w_mask_in[5]
[WARNING DRT-0419] No routing tracks pass through the center of Term i_cache_subsystem/i_icache/sram_block_0__data_sram/genblk1_0__i_ram/macro_mem_2/w_mask_in[6]
[WARNING DRT-0419] No routing tracks pass through the center of Term i_cache_subsystem/i_icache/sram_block_0__data_sram/genblk1_0__i_ram/macro_mem_2/w_mask_in[7]
[WARNING DRT-0419] No routing tracks pass through the center of Term i_cache_subsystem/i_icache/sram_block_0__data_sram/genblk1_0__i_ram/macro_mem_2/w_mask_in[8]
[WARNING DRT-0419] No routing tracks pass through the center of Term i_cache_subsystem/i_icache/sram_block_0__data_sram/genblk1_0__i_ram/macro_mem_2/w_mask_in[9]
[WARNING DRT-0419] No routing tracks pass through the center of Term i_cache_subsystem/i_icache/sram_block_0__data_sram/genblk1_0__i_ram/macro_mem_2/w_mask_in[10]
[WARNING DRT-0419] No routing tracks pass through the center of Term i_cache_subsystem/i_icache/sram_block_0__data_sram/genblk1_0__i_ram/macro_mem_2/w_mask_in[11]
[WARNING DRT-0419] No routing tracks pass through the center of Term i_cache_subsystem/i_icache/sram_block_0__data_sram/genblk1_0__i_ram/macro_mem_2/w_mask_in[12]
[WARNING DRT-0419] No routing tracks pass through the center of Term i_cache_subsystem/i_icache/sram_block_0__data_sram/genblk1_0__i_ram/macro_mem_2/w_mask_in[13]
[WARNING DRT-0419] No routing tracks pass through the center of Term i_cache_subsystem/i_icache/sram_block_0__data_sram/genblk1_0__i_ram/macro_mem_2/w_mask_in[14]
[WARNING DRT-0419] No routing tracks pass through the center of Term i_cache_subsystem/i_icache/sram_block_0__data_sram/genblk1_0__i_ram/macro_mem_2/w_mask_in[15]
[WARNING DRT-0419] No routing tracks pass through the center of Term i_cache_subsystem/i_icache/sram_block_0__data_sram/genblk1_0__i_ram/macro_mem_2/rd_out[0]
[WARNING DRT-0419] No routing tracks pass through the center of Term i_cache_subsystem/i_icache/sram_block_0__data_sram/genblk1_0__i_ram/macro_mem_2/rd_out[1]
[WARNING DRT-0419] No routing tracks pass through the center of Term i_cache_subsystem/i_icache/sram_block_0__data_sram/genblk1_0__i_ram/macro_mem_2/rd_out[2]
[WARNING DRT-0419] No routing tracks pass through the center of Term i_cache_subsystem/i_icache/sram_block_0__data_sram/genblk1_0__i_ram/macro_mem_2/rd_out[3]
[WARNING DRT-0419] No routing tracks pass through the center of Term i_cache_subsystem/i_icache/sram_block_0__data_sram/genblk1_0__i_ram/macro_mem_2/rd_out[4]
[WARNING DRT-0419] No routing tracks pass through the center of Term i_cache_subsystem/i_icache/sram_block_0__data_sram/genblk1_0__i_ram/macro_mem_2/rd_out[5]
[WARNING DRT-0419] No routing tracks pass through the center of Term i_cache_subsystem/i_icache/sram_block_0__data_sram/genblk1_0__i_ram/macro_mem_2/rd_out[6]
[WARNING DRT-0419] No routing tracks pass through the center of Term i_cache_subsystem/i_icache/sram_block_0__data_sram/genblk1_0__i_ram/macro_mem_2/rd_out[7]
[WARNING DRT-0419] No routing tracks pass through the center of Term i_cache_subsystem/i_icache/sram_block_0__data_sram/genblk1_0__i_ram/macro_mem_2/rd_out[8]
[WARNING DRT-0419] No routing tracks pass through the center of Term i_cache_subsystem/i_icache/sram_block_0__data_sram/genblk1_0__i_ram/macro_mem_2/rd_out[9]
[WARNING DRT-0419] No routing tracks pass through the center of Term i_cache_subsystem/i_icache/sram_block_0__data_sram/genblk1_0__i_ram/macro_mem_2/rd_out[10]
[WARNING DRT-0419] No routing tracks pass through the center of Term i_cache_subsystem/i_icache/sram_block_0__data_sram/genblk1_0__i_ram/macro_mem_2/rd_out[11]
[WARNING DRT-0419] No routing tracks pass through the center of Term i_cache_subsystem/i_icache/sram_block_0__data_sram/genblk1_0__i_ram/macro_mem_2/rd_out[12]
[WARNING DRT-0419] No routing tracks pass through the center of Term i_cache_subsystem/i_icache/sram_block_0__data_sram/genblk1_0__i_ram/macro_mem_2/rd_out[13]
[WARNING DRT-0419] No routing tracks pass through the center of Term i_cache_subsystem/i_icache/sram_block_0__data_sram/genblk1_0__i_ram/macro_mem_2/rd_out[14]
[WARNING DRT-0419] No routing tracks pass through the center of Term i_cache_subsystem/i_icache/sram_block_0__data_sram/genblk1_0__i_ram/macro_mem_2/rd_out[15]
[WARNING DRT-0419] No routing tracks pass through the center of Term i_cache_subsystem/i_icache/sram_block_0__data_sram/genblk1_0__i_ram/macro_mem_2/wd_in[0]
[WARNING DRT-0419] No routing tracks pass through the center of Term i_cache_subsystem/i_icache/sram_block_0__data_sram/genblk1_0__i_ram/macro_mem_2/wd_in[1]
[WARNING DRT-0419] No routing tracks pass through the center of Term i_cache_subsystem/i_icache/sram_block_0__data_sram/genblk1_0__i_ram/macro_mem_2/wd_in[2]
[WARNING DRT-0419] No routing tracks pass through the center of Term i_cache_subsystem/i_icache/sram_block_0__data_sram/genblk1_0__i_ram/macro_mem_2/wd_in[3]
[WARNING DRT-0419] No routing tracks pass through the center of Term i_cache_subsystem/i_icache/sram_block_0__data_sram/genblk1_0__i_ram/macro_mem_2/wd_in[4]
[WARNING DRT-0419] No routing tracks pass through the center of Term i_cache_subsystem/i_icache/sram_block_0__data_sram/genblk1_0__i_ram/macro_mem_2/wd_in[5]
[WARNING DRT-0419] No routing tracks pass through the center of Term i_cache_subsystem/i_icache/sram_block_0__data_sram/genblk1_0__i_ram/macro_mem_2/wd_in[6]
[WARNING DRT-0419] No routing tracks pass through the center of Term i_cache_subsystem/i_icache/sram_block_0__data_sram/genblk1_0__i_ram/macro_mem_2/wd_in[7]
[WARNING DRT-0419] No routing tracks pass through the center of Term i_cache_subsystem/i_icache/sram_block_0__data_sram/genblk1_0__i_ram/macro_mem_2/wd_in[8]
[WARNING DRT-0419] No routing tracks pass through the center of Term i_cache_subsystem/i_icache/sram_block_0__data_sram/genblk1_0__i_ram/macro_mem_2/wd_in[9]
[WARNING DRT-0419] No routing tracks pass through the center of Term i_cache_subsystem/i_icache/sram_block_0__data_sram/genblk1_0__i_ram/macro_mem_2/wd_in[10]
[WARNING DRT-0419] No routing tracks pass through the center of Term i_cache_subsystem/i_icache/sram_block_0__data_sram/genblk1_0__i_ram/macro_mem_2/wd_in[11]
[WARNING DRT-0419] No routing tracks pass through the center of Term i_cache_subsystem/i_icache/sram_block_0__data_sram/genblk1_0__i_ram/macro_mem_2/wd_in[12]
[WARNING DRT-0419] No routing tracks pass through the center of Term i_cache_subsystem/i_icache/sram_block_0__data_sram/genblk1_0__i_ram/macro_mem_2/wd_in[13]
[WARNING DRT-0419] No routing tracks pass through the center of Term i_cache_subsystem/i_icache/sram_block_0__data_sram/genblk1_0__i_ram/macro_mem_2/wd_in[14]
[WARNING DRT-0419] No routing tracks pass through the center of Term i_cache_subsystem/i_icache/sram_block_0__data_sram/genblk1_0__i_ram/macro_mem_2/wd_in[15]
[WARNING DRT-0419] No routing tracks pass through the center of Term i_cache_subsystem/i_icache/sram_block_0__data_sram/genblk1_0__i_ram/macro_mem_2/addr_in[0]
[WARNING DRT-0419] No routing tracks pass through the center of Term i_cache_subsystem/i_icache/sram_block_0__data_sram/genblk1_0__i_ram/macro_mem_2/addr_in[1]
[WARNING DRT-0419] No routing tracks pass through the center of Term i_cache_subsystem/i_icache/sram_block_0__data_sram/genblk1_0__i_ram/macro_mem_2/addr_in[2]
[WARNING DRT-0419] No routing tracks pass through the center of Term i_cache_subsystem/i_icache/sram_block_0__data_sram/genblk1_0__i_ram/macro_mem_2/addr_in[3]
[WARNING DRT-0419] No routing tracks pass through the center of Term i_cache_subsystem/i_icache/sram_block_0__data_sram/genblk1_0__i_ram/macro_mem_2/addr_in[4]
[WARNING DRT-0419] No routing tracks pass through the center of Term i_cache_subsystem/i_icache/sram_block_0__data_sram/genblk1_0__i_ram/macro_mem_2/addr_in[5]
[WARNING DRT-0419] No routing tracks pass through the center of Term i_cache_subsystem/i_icache/sram_block_0__data_sram/genblk1_0__i_ram/macro_mem_2/addr_in[6]
[WARNING DRT-0419] No routing tracks pass through the center of Term i_cache_subsystem/i_icache/sram_block_0__data_sram/genblk1_0__i_ram/macro_mem_2/addr_in[7]
[WARNING DRT-0419] No routing tracks pass through the center of Term i_cache_subsystem/i_icache/sram_block_0__data_sram/genblk1_0__i_ram/macro_mem_2/we_in
[WARNING DRT-0419] No routing tracks pass through the center of Term i_cache_subsystem/i_icache/sram_block_0__data_sram/genblk1_0__i_ram/macro_mem_2/ce_in
[WARNING DRT-0419] No routing tracks pass through the center of Term i_cache_subsystem/i_icache/sram_block_0__data_sram/genblk1_0__i_ram/macro_mem_2/clk
[WARNING DRT-0419] No routing tracks pass through the center of Term i_cache_subsystem/i_icache/sram_block_0__data_sram/genblk1_0__i_ram/macro_mem_3/w_mask_in[0]
[WARNING DRT-0419] No routing tracks pass through the center of Term i_cache_subsystem/i_icache/sram_block_0__data_sram/genblk1_0__i_ram/macro_mem_3/w_mask_in[1]
[WARNING DRT-0419] No routing tracks pass through the center of Term i_cache_subsystem/i_icache/sram_block_0__data_sram/genblk1_0__i_ram/macro_mem_3/w_mask_in[2]
[WARNING DRT-0419] No routing tracks pass through the center of Term i_cache_subsystem/i_icache/sram_block_0__data_sram/genblk1_0__i_ram/macro_mem_3/w_mask_in[3]
[WARNING DRT-0419] No routing tracks pass through the center of Term i_cache_subsystem/i_icache/sram_block_0__data_sram/genblk1_0__i_ram/macro_mem_3/w_mask_in[4]
[WARNING DRT-0419] No routing tracks pass through the center of Term i_cache_subsystem/i_icache/sram_block_0__data_sram/genblk1_0__i_ram/macro_mem_3/w_mask_in[5]
[WARNING DRT-0419] No routing tracks pass through the center of Term i_cache_subsystem/i_icache/sram_block_0__data_sram/genblk1_0__i_ram/macro_mem_3/w_mask_in[6]
[WARNING DRT-0419] No routing tracks pass through the center of Term i_cache_subsystem/i_icache/sram_block_0__data_sram/genblk1_0__i_ram/macro_mem_3/w_mask_in[7]
[WARNING DRT-0419] No routing tracks pass through the center of Term i_cache_subsystem/i_icache/sram_block_0__data_sram/genblk1_0__i_ram/macro_mem_3/w_mask_in[8]
[WARNING DRT-0419] No routing tracks pass through the center of Term i_cache_subsystem/i_icache/sram_block_0__data_sram/genblk1_0__i_ram/macro_mem_3/w_mask_in[9]
[WARNING DRT-0419] No routing tracks pass through the center of Term i_cache_subsystem/i_icache/sram_block_0__data_sram/genblk1_0__i_ram/macro_mem_3/w_mask_in[10]
[WARNING DRT-0419] No routing tracks pass through the center of Term i_cache_subsystem/i_icache/sram_block_0__data_sram/genblk1_0__i_ram/macro_mem_3/w_mask_in[11]
[WARNING DRT-0419] No routing tracks pass through the center of Term i_cache_subsystem/i_icache/sram_block_0__data_sram/genblk1_0__i_ram/macro_mem_3/w_mask_in[12]
[WARNING DRT-0419] No routing tracks pass through the center of Term i_cache_subsystem/i_icache/sram_block_0__data_sram/genblk1_0__i_ram/macro_mem_3/w_mask_in[13]
[WARNING DRT-0419] No routing tracks pass through the center of Term i_cache_subsystem/i_icache/sram_block_0__data_sram/genblk1_0__i_ram/macro_mem_3/w_mask_in[14]
[WARNING DRT-0419] No routing tracks pass through the center of Term i_cache_subsystem/i_icache/sram_block_0__data_sram/genblk1_0__i_ram/macro_mem_3/w_mask_in[15]
[WARNING DRT-0419] No routing tracks pass through the center of Term i_cache_subsystem/i_icache/sram_block_0__data_sram/genblk1_0__i_ram/macro_mem_3/rd_out[0]
[WARNING DRT-0419] No routing tracks pass through the center of Term i_cache_subsystem/i_icache/sram_block_0__data_sram/genblk1_0__i_ram/macro_mem_3/rd_out[1]
[WARNING DRT-0419] No routing tracks pass through the center of Term i_cache_subsystem/i_icache/sram_block_0__data_sram/genblk1_0__i_ram/macro_mem_3/rd_out[2]
[WARNING DRT-0419] No routing tracks pass through the center of Term i_cache_subsystem/i_icache/sram_block_0__data_sram/genblk1_0__i_ram/macro_mem_3/rd_out[3]
[WARNING DRT-0419] No routing tracks pass through the center of Term i_cache_subsystem/i_icache/sram_block_0__data_sram/genblk1_0__i_ram/macro_mem_3/rd_out[4]
[WARNING DRT-0419] No routing tracks pass through the center of Term i_cache_subsystem/i_icache/sram_block_0__data_sram/genblk1_0__i_ram/macro_mem_3/rd_out[5]
[WARNING DRT-0419] No routing tracks pass through the center of Term i_cache_subsystem/i_icache/sram_block_0__data_sram/genblk1_0__i_ram/macro_mem_3/rd_out[6]
[WARNING DRT-0419] No routing tracks pass through the center of Term i_cache_subsystem/i_icache/sram_block_0__data_sram/genblk1_0__i_ram/macro_mem_3/rd_out[7]
[WARNING DRT-0419] No routing tracks pass through the center of Term i_cache_subsystem/i_icache/sram_block_0__data_sram/genblk1_0__i_ram/macro_mem_3/rd_out[8]
[WARNING DRT-0419] No routing tracks pass through the center of Term i_cache_subsystem/i_icache/sram_block_0__data_sram/genblk1_0__i_ram/macro_mem_3/rd_out[9]
[WARNING DRT-0419] No routing tracks pass through the center of Term i_cache_subsystem/i_icache/sram_block_0__data_sram/genblk1_0__i_ram/macro_mem_3/rd_out[10]
[WARNING DRT-0419] No routing tracks pass through the center of Term i_cache_subsystem/i_icache/sram_block_0__data_sram/genblk1_0__i_ram/macro_mem_3/rd_out[11]
[WARNING DRT-0419] No routing tracks pass through the center of Term i_cache_subsystem/i_icache/sram_block_0__data_sram/genblk1_0__i_ram/macro_mem_3/rd_out[12]
[WARNING DRT-0419] No routing tracks pass through the center of Term i_cache_subsystem/i_icache/sram_block_0__data_sram/genblk1_0__i_ram/macro_mem_3/rd_out[13]
[WARNING DRT-0419] No routing tracks pass through the center of Term i_cache_subsystem/i_icache/sram_block_0__data_sram/genblk1_0__i_ram/macro_mem_3/rd_out[14]
[WARNING DRT-0419] No routing tracks pass through the center of Term i_cache_subsystem/i_icache/sram_block_0__data_sram/genblk1_0__i_ram/macro_mem_3/rd_out[15]
[WARNING DRT-0419] No routing tracks pass through the center of Term i_cache_subsystem/i_icache/sram_block_0__data_sram/genblk1_0__i_ram/macro_mem_3/wd_in[0]
[WARNING DRT-0419] No routing tracks pass through the center of Term i_cache_subsystem/i_icache/sram_block_0__data_sram/genblk1_0__i_ram/macro_mem_3/wd_in[1]
[WARNING DRT-0419] No routing tracks pass through the center of Term i_cache_subsystem/i_icache/sram_block_0__data_sram/genblk1_0__i_ram/macro_mem_3/wd_in[2]
[WARNING DRT-0419] No routing tracks pass through the center of Term i_cache_subsystem/i_icache/sram_block_0__data_sram/genblk1_0__i_ram/macro_mem_3/wd_in[3]
[WARNING DRT-0419] No routing tracks pass through the center of Term i_cache_subsystem/i_icache/sram_block_0__data_sram/genblk1_0__i_ram/macro_mem_3/wd_in[4]
[WARNING DRT-0419] No routing tracks pass through the center of Term i_cache_subsystem/i_icache/sram_block_0__data_sram/genblk1_0__i_ram/macro_mem_3/wd_in[5]
[WARNING DRT-0419] No routing tracks pass through the center of Term i_cache_subsystem/i_icache/sram_block_0__data_sram/genblk1_0__i_ram/macro_mem_3/wd_in[6]
[WARNING DRT-0419] No routing tracks pass through the center of Term i_cache_subsystem/i_icache/sram_block_0__data_sram/genblk1_0__i_ram/macro_mem_3/wd_in[7]
[WARNING DRT-0419] No routing tracks pass through the center of Term i_cache_subsystem/i_icache/sram_block_0__data_sram/genblk1_0__i_ram/macro_mem_3/wd_in[8]
[WARNING DRT-0419] No routing tracks pass through the center of Term i_cache_subsystem/i_icache/sram_block_0__data_sram/genblk1_0__i_ram/macro_mem_3/wd_in[9]
[WARNING DRT-0419] No routing tracks pass through the center of Term i_cache_subsystem/i_icache/sram_block_0__data_sram/genblk1_0__i_ram/macro_mem_3/wd_in[10]
[WARNING DRT-0419] No routing tracks pass through the center of Term i_cache_subsystem/i_icache/sram_block_0__data_sram/genblk1_0__i_ram/macro_mem_3/wd_in[11]
[WARNING DRT-0419] No routing tracks pass through the center of Term i_cache_subsystem/i_icache/sram_block_0__data_sram/genblk1_0__i_ram/macro_mem_3/wd_in[12]
[WARNING DRT-0419] No routing tracks pass through the center of Term i_cache_subsystem/i_icache/sram_block_0__data_sram/genblk1_0__i_ram/macro_mem_3/wd_in[13]
[WARNING DRT-0419] No routing tracks pass through the center of Term i_cache_subsystem/i_icache/sram_block_0__data_sram/genblk1_0__i_ram/macro_mem_3/wd_in[14]
[WARNING DRT-0419] No routing tracks pass through the center of Term i_cache_subsystem/i_icache/sram_block_0__data_sram/genblk1_0__i_ram/macro_mem_3/wd_in[15]
[WARNING DRT-0419] No routing tracks pass through the center of Term i_cache_subsystem/i_icache/sram_block_0__data_sram/genblk1_0__i_ram/macro_mem_3/addr_in[0]
[WARNING DRT-0419] No routing tracks pass through the center of Term i_cache_subsystem/i_icache/sram_block_0__data_sram/genblk1_0__i_ram/macro_mem_3/addr_in[1]
[WARNING DRT-0419] No routing tracks pass through the center of Term i_cache_subsystem/i_icache/sram_block_0__data_sram/genblk1_0__i_ram/macro_mem_3/addr_in[2]
[WARNING DRT-0419] No routing tracks pass through the center of Term i_cache_subsystem/i_icache/sram_block_0__data_sram/genblk1_0__i_ram/macro_mem_3/addr_in[3]
[WARNING DRT-0419] No routing tracks pass through the center of Term i_cache_subsystem/i_icache/sram_block_0__data_sram/genblk1_0__i_ram/macro_mem_3/addr_in[4]
[WARNING DRT-0419] No routing tracks pass through the center of Term i_cache_subsystem/i_icache/sram_block_0__data_sram/genblk1_0__i_ram/macro_mem_3/addr_in[5]
[WARNING DRT-0419] No routing tracks pass through the center of Term i_cache_subsystem/i_icache/sram_block_0__data_sram/genblk1_0__i_ram/macro_mem_3/addr_in[6]
[WARNING DRT-0419] No routing tracks pass through the center of Term i_cache_subsystem/i_icache/sram_block_0__data_sram/genblk1_0__i_ram/macro_mem_3/addr_in[7]
[WARNING DRT-0419] No routing tracks pass through the center of Term i_cache_subsystem/i_icache/sram_block_0__data_sram/genblk1_0__i_ram/macro_mem_3/we_in
[WARNING DRT-0419] No routing tracks pass through the center of Term i_cache_subsystem/i_icache/sram_block_0__data_sram/genblk1_0__i_ram/macro_mem_3/ce_in
[WARNING DRT-0419] No routing tracks pass through the center of Term i_cache_subsystem/i_icache/sram_block_0__data_sram/genblk1_0__i_ram/macro_mem_3/clk
[WARNING DRT-0419] No routing tracks pass through the center of Term i_cache_subsystem/i_icache/sram_block_0__data_sram/genblk1_1__i_ram/macro_mem_1/w_mask_in[0]
[WARNING DRT-0419] No routing tracks pass through the center of Term i_cache_subsystem/i_icache/sram_block_0__data_sram/genblk1_1__i_ram/macro_mem_1/w_mask_in[1]
[WARNING DRT-0419] No routing tracks pass through the center of Term i_cache_subsystem/i_icache/sram_block_0__data_sram/genblk1_1__i_ram/macro_mem_1/w_mask_in[2]
[WARNING DRT-0419] No routing tracks pass through the center of Term i_cache_subsystem/i_icache/sram_block_0__data_sram/genblk1_1__i_ram/macro_mem_1/w_mask_in[3]
[WARNING DRT-0419] No routing tracks pass through the center of Term i_cache_subsystem/i_icache/sram_block_0__data_sram/genblk1_1__i_ram/macro_mem_1/w_mask_in[4]
[WARNING DRT-0419] No routing tracks pass through the center of Term i_cache_subsystem/i_icache/sram_block_0__data_sram/genblk1_1__i_ram/macro_mem_1/w_mask_in[5]
[WARNING DRT-0419] No routing tracks pass through the center of Term i_cache_subsystem/i_icache/sram_block_0__data_sram/genblk1_1__i_ram/macro_mem_1/w_mask_in[6]
[WARNING DRT-0419] No routing tracks pass through the center of Term i_cache_subsystem/i_icache/sram_block_0__data_sram/genblk1_1__i_ram/macro_mem_1/w_mask_in[7]
[WARNING DRT-0419] No routing tracks pass through the center of Term i_cache_subsystem/i_icache/sram_block_0__data_sram/genblk1_1__i_ram/macro_mem_1/w_mask_in[8]
[WARNING DRT-0419] No routing tracks pass through the center of Term i_cache_subsystem/i_icache/sram_block_0__data_sram/genblk1_1__i_ram/macro_mem_1/w_mask_in[9]
[WARNING DRT-0419] No routing tracks pass through the center of Term i_cache_subsystem/i_icache/sram_block_0__data_sram/genblk1_1__i_ram/macro_mem_1/w_mask_in[10]
[WARNING DRT-0419] No routing tracks pass through the center of Term i_cache_subsystem/i_icache/sram_block_0__data_sram/genblk1_1__i_ram/macro_mem_1/w_mask_in[11]
[WARNING DRT-0419] No routing tracks pass through the center of Term i_cache_subsystem/i_icache/sram_block_0__data_sram/genblk1_1__i_ram/macro_mem_1/w_mask_in[12]
[WARNING DRT-0419] No routing tracks pass through the center of Term i_cache_subsystem/i_icache/sram_block_0__data_sram/genblk1_1__i_ram/macro_mem_1/w_mask_in[13]
[WARNING DRT-0419] No routing tracks pass through the center of Term i_cache_subsystem/i_icache/sram_block_0__data_sram/genblk1_1__i_ram/macro_mem_1/w_mask_in[14]
[WARNING DRT-0419] No routing tracks pass through the center of Term i_cache_subsystem/i_icache/sram_block_0__data_sram/genblk1_1__i_ram/macro_mem_1/w_mask_in[15]
[WARNING DRT-0419] No routing tracks pass through the center of Term i_cache_subsystem/i_icache/sram_block_0__data_sram/genblk1_1__i_ram/macro_mem_1/rd_out[0]
[WARNING DRT-0419] No routing tracks pass through the center of Term i_cache_subsystem/i_icache/sram_block_0__data_sram/genblk1_1__i_ram/macro_mem_1/rd_out[1]
[WARNING DRT-0419] No routing tracks pass through the center of Term i_cache_subsystem/i_icache/sram_block_0__data_sram/genblk1_1__i_ram/macro_mem_1/rd_out[2]
[WARNING DRT-0419] No routing tracks pass through the center of Term i_cache_subsystem/i_icache/sram_block_0__data_sram/genblk1_1__i_ram/macro_mem_1/rd_out[3]
[WARNING DRT-0419] No routing tracks pass through the center of Term i_cache_subsystem/i_icache/sram_block_0__data_sram/genblk1_1__i_ram/macro_mem_1/rd_out[4]
[WARNING DRT-0419] No routing tracks pass through the center of Term i_cache_subsystem/i_icache/sram_block_0__data_sram/genblk1_1__i_ram/macro_mem_1/rd_out[5]
[WARNING DRT-0419] No routing tracks pass through the center of Term i_cache_subsystem/i_icache/sram_block_0__data_sram/genblk1_1__i_ram/macro_mem_1/rd_out[6]
[WARNING DRT-0419] No routing tracks pass through the center of Term i_cache_subsystem/i_icache/sram_block_0__data_sram/genblk1_1__i_ram/macro_mem_1/rd_out[7]
[WARNING DRT-0419] No routing tracks pass through the center of Term i_cache_subsystem/i_icache/sram_block_0__data_sram/genblk1_1__i_ram/macro_mem_1/rd_out[8]
[WARNING DRT-0419] No routing tracks pass through the center of Term i_cache_subsystem/i_icache/sram_block_0__data_sram/genblk1_1__i_ram/macro_mem_1/rd_out[9]
[WARNING DRT-0419] No routing tracks pass through the center of Term i_cache_subsystem/i_icache/sram_block_0__data_sram/genblk1_1__i_ram/macro_mem_1/rd_out[10]
[WARNING DRT-0419] No routing tracks pass through the center of Term i_cache_subsystem/i_icache/sram_block_0__data_sram/genblk1_1__i_ram/macro_mem_1/rd_out[11]
[WARNING DRT-0419] No routing tracks pass through the center of Term i_cache_subsystem/i_icache/sram_block_0__data_sram/genblk1_1__i_ram/macro_mem_1/rd_out[12]
[WARNING DRT-0419] No routing tracks pass through the center of Term i_cache_subsystem/i_icache/sram_block_0__data_sram/genblk1_1__i_ram/macro_mem_1/rd_out[13]
[WARNING DRT-0419] No routing tracks pass through the center of Term i_cache_subsystem/i_icache/sram_block_0__data_sram/genblk1_1__i_ram/macro_mem_1/rd_out[14]
[WARNING DRT-0419] No routing tracks pass through the center of Term i_cache_subsystem/i_icache/sram_block_0__data_sram/genblk1_1__i_ram/macro_mem_1/rd_out[15]
[WARNING DRT-0419] No routing tracks pass through the center of Term i_cache_subsystem/i_icache/sram_block_0__data_sram/genblk1_1__i_ram/macro_mem_1/wd_in[0]
[WARNING DRT-0419] No routing tracks pass through the center of Term i_cache_subsystem/i_icache/sram_block_0__data_sram/genblk1_1__i_ram/macro_mem_1/wd_in[1]
[WARNING DRT-0419] No routing tracks pass through the center of Term i_cache_subsystem/i_icache/sram_block_0__data_sram/genblk1_1__i_ram/macro_mem_1/wd_in[2]
[WARNING DRT-0419] No routing tracks pass through the center of Term i_cache_subsystem/i_icache/sram_block_0__data_sram/genblk1_1__i_ram/macro_mem_1/wd_in[3]
[WARNING DRT-0419] No routing tracks pass through the center of Term i_cache_subsystem/i_icache/sram_block_0__data_sram/genblk1_1__i_ram/macro_mem_1/wd_in[4]
[WARNING DRT-0419] No routing tracks pass through the center of Term i_cache_subsystem/i_icache/sram_block_0__data_sram/genblk1_1__i_ram/macro_mem_1/wd_in[5]
[WARNING DRT-0419] No routing tracks pass through the center of Term i_cache_subsystem/i_icache/sram_block_0__data_sram/genblk1_1__i_ram/macro_mem_1/wd_in[6]
[WARNING DRT-0419] No routing tracks pass through the center of Term i_cache_subsystem/i_icache/sram_block_0__data_sram/genblk1_1__i_ram/macro_mem_1/wd_in[7]
[WARNING DRT-0419] No routing tracks pass through the center of Term i_cache_subsystem/i_icache/sram_block_0__data_sram/genblk1_1__i_ram/macro_mem_1/wd_in[8]
[WARNING DRT-0419] No routing tracks pass through the center of Term i_cache_subsystem/i_icache/sram_block_0__data_sram/genblk1_1__i_ram/macro_mem_1/wd_in[9]
[WARNING DRT-0419] No routing tracks pass through the center of Term i_cache_subsystem/i_icache/sram_block_0__data_sram/genblk1_1__i_ram/macro_mem_1/wd_in[10]
[WARNING DRT-0419] No routing tracks pass through the center of Term i_cache_subsystem/i_icache/sram_block_0__data_sram/genblk1_1__i_ram/macro_mem_1/wd_in[11]
[WARNING DRT-0419] No routing tracks pass through the center of Term i_cache_subsystem/i_icache/sram_block_0__data_sram/genblk1_1__i_ram/macro_mem_1/wd_in[12]
[WARNING DRT-0419] No routing tracks pass through the center of Term i_cache_subsystem/i_icache/sram_block_0__data_sram/genblk1_1__i_ram/macro_mem_1/wd_in[13]
[WARNING DRT-0419] No routing tracks pass through the center of Term i_cache_subsystem/i_icache/sram_block_0__data_sram/genblk1_1__i_ram/macro_mem_1/wd_in[14]
[WARNING DRT-0419] No routing tracks pass through the center of Term i_cache_subsystem/i_icache/sram_block_0__data_sram/genblk1_1__i_ram/macro_mem_1/wd_in[15]
[WARNING DRT-0419] No routing tracks pass through the center of Term i_cache_subsystem/i_icache/sram_block_0__data_sram/genblk1_1__i_ram/macro_mem_1/addr_in[0]
[WARNING DRT-0419] No routing tracks pass through the center of Term i_cache_subsystem/i_icache/sram_block_0__data_sram/genblk1_1__i_ram/macro_mem_1/addr_in[1]
[WARNING DRT-0419] No routing tracks pass through the center of Term i_cache_subsystem/i_icache/sram_block_0__data_sram/genblk1_1__i_ram/macro_mem_1/addr_in[2]
[WARNING DRT-0419] No routing tracks pass through the center of Term i_cache_subsystem/i_icache/sram_block_0__data_sram/genblk1_1__i_ram/macro_mem_1/addr_in[3]
[WARNING DRT-0419] No routing tracks pass through the center of Term i_cache_subsystem/i_icache/sram_block_0__data_sram/genblk1_1__i_ram/macro_mem_1/addr_in[4]
[WARNING DRT-0419] No routing tracks pass through the center of Term i_cache_subsystem/i_icache/sram_block_0__data_sram/genblk1_1__i_ram/macro_mem_1/addr_in[5]
[WARNING DRT-0419] No routing tracks pass through the center of Term i_cache_subsystem/i_icache/sram_block_0__data_sram/genblk1_1__i_ram/macro_mem_1/addr_in[6]
[WARNING DRT-0419] No routing tracks pass through the center of Term i_cache_subsystem/i_icache/sram_block_0__data_sram/genblk1_1__i_ram/macro_mem_1/addr_in[7]
[WARNING DRT-0419] No routing tracks pass through the center of Term i_cache_subsystem/i_icache/sram_block_0__data_sram/genblk1_1__i_ram/macro_mem_1/we_in
[WARNING DRT-0419] No routing tracks pass through the center of Term i_cache_subsystem/i_icache/sram_block_0__data_sram/genblk1_1__i_ram/macro_mem_1/ce_in
[WARNING DRT-0419] No routing tracks pass through the center of Term i_cache_subsystem/i_icache/sram_block_0__data_sram/genblk1_1__i_ram/macro_mem_1/clk
[WARNING DRT-0419] No routing tracks pass through the center of Term i_cache_subsystem/i_icache/sram_block_0__data_sram/genblk1_1__i_ram/macro_mem_2/w_mask_in[0]
[WARNING DRT-0419] No routing tracks pass through the center of Term i_cache_subsystem/i_icache/sram_block_0__data_sram/genblk1_1__i_ram/macro_mem_2/w_mask_in[1]
[WARNING DRT-0419] No routing tracks pass through the center of Term i_cache_subsystem/i_icache/sram_block_0__data_sram/genblk1_1__i_ram/macro_mem_2/w_mask_in[2]
[WARNING DRT-0419] No routing tracks pass through the center of Term i_cache_subsystem/i_icache/sram_block_0__data_sram/genblk1_1__i_ram/macro_mem_2/w_mask_in[3]
[WARNING DRT-0419] No routing tracks pass through the center of Term i_cache_subsystem/i_icache/sram_block_0__data_sram/genblk1_1__i_ram/macro_mem_2/w_mask_in[4]
[WARNING DRT-0419] No routing tracks pass through the center of Term i_cache_subsystem/i_icache/sram_block_0__data_sram/genblk1_1__i_ram/macro_mem_2/w_mask_in[5]
[WARNING DRT-0419] No routing tracks pass through the center of Term i_cache_subsystem/i_icache/sram_block_0__data_sram/genblk1_1__i_ram/macro_mem_2/w_mask_in[6]
[WARNING DRT-0419] No routing tracks pass through the center of Term i_cache_subsystem/i_icache/sram_block_0__data_sram/genblk1_1__i_ram/macro_mem_2/w_mask_in[7]
[WARNING DRT-0419] No routing tracks pass through the center of Term i_cache_subsystem/i_icache/sram_block_0__data_sram/genblk1_1__i_ram/macro_mem_2/w_mask_in[8]
[WARNING DRT-0419] No routing tracks pass through the center of Term i_cache_subsystem/i_icache/sram_block_0__data_sram/genblk1_1__i_ram/macro_mem_2/w_mask_in[9]
[WARNING DRT-0419] No routing tracks pass through the center of Term i_cache_subsystem/i_icache/sram_block_0__data_sram/genblk1_1__i_ram/macro_mem_2/w_mask_in[10]
[WARNING DRT-0419] No routing tracks pass through the center of Term i_cache_subsystem/i_icache/sram_block_0__data_sram/genblk1_1__i_ram/macro_mem_2/w_mask_in[11]
[WARNING DRT-0419] No routing tracks pass through the center of Term i_cache_subsystem/i_icache/sram_block_0__data_sram/genblk1_1__i_ram/macro_mem_2/w_mask_in[12]
[WARNING DRT-0419] No routing tracks pass through the center of Term i_cache_subsystem/i_icache/sram_block_0__data_sram/genblk1_1__i_ram/macro_mem_2/w_mask_in[13]
[WARNING DRT-0419] No routing tracks pass through the center of Term i_cache_subsystem/i_icache/sram_block_0__data_sram/genblk1_1__i_ram/macro_mem_2/w_mask_in[14]
[WARNING DRT-0419] No routing tracks pass through the center of Term i_cache_subsystem/i_icache/sram_block_0__data_sram/genblk1_1__i_ram/macro_mem_2/w_mask_in[15]
[WARNING DRT-0419] No routing tracks pass through the center of Term i_cache_subsystem/i_icache/sram_block_0__data_sram/genblk1_1__i_ram/macro_mem_2/rd_out[0]
[WARNING DRT-0419] No routing tracks pass through the center of Term i_cache_subsystem/i_icache/sram_block_0__data_sram/genblk1_1__i_ram/macro_mem_2/rd_out[1]
[WARNING DRT-0419] No routing tracks pass through the center of Term i_cache_subsystem/i_icache/sram_block_0__data_sram/genblk1_1__i_ram/macro_mem_2/rd_out[2]
[WARNING DRT-0419] No routing tracks pass through the center of Term i_cache_subsystem/i_icache/sram_block_0__data_sram/genblk1_1__i_ram/macro_mem_2/rd_out[3]
[WARNING DRT-0419] No routing tracks pass through the center of Term i_cache_subsystem/i_icache/sram_block_0__data_sram/genblk1_1__i_ram/macro_mem_2/rd_out[4]
[WARNING DRT-0419] No routing tracks pass through the center of Term i_cache_subsystem/i_icache/sram_block_0__data_sram/genblk1_1__i_ram/macro_mem_2/rd_out[5]
[WARNING DRT-0419] No routing tracks pass through the center of Term i_cache_subsystem/i_icache/sram_block_0__data_sram/genblk1_1__i_ram/macro_mem_2/rd_out[6]
[WARNING DRT-0419] No routing tracks pass through the center of Term i_cache_subsystem/i_icache/sram_block_0__data_sram/genblk1_1__i_ram/macro_mem_2/rd_out[7]
[WARNING DRT-0419] No routing tracks pass through the center of Term i_cache_subsystem/i_icache/sram_block_0__data_sram/genblk1_1__i_ram/macro_mem_2/rd_out[8]
[WARNING DRT-0419] No routing tracks pass through the center of Term i_cache_subsystem/i_icache/sram_block_0__data_sram/genblk1_1__i_ram/macro_mem_2/rd_out[9]
[WARNING DRT-0419] No routing tracks pass through the center of Term i_cache_subsystem/i_icache/sram_block_0__data_sram/genblk1_1__i_ram/macro_mem_2/rd_out[10]
[WARNING DRT-0419] No routing tracks pass through the center of Term i_cache_subsystem/i_icache/sram_block_0__data_sram/genblk1_1__i_ram/macro_mem_2/rd_out[11]
[WARNING DRT-0419] No routing tracks pass through the center of Term i_cache_subsystem/i_icache/sram_block_0__data_sram/genblk1_1__i_ram/macro_mem_2/rd_out[12]
[WARNING DRT-0419] No routing tracks pass through the center of Term i_cache_subsystem/i_icache/sram_block_0__data_sram/genblk1_1__i_ram/macro_mem_2/rd_out[13]
[WARNING DRT-0419] No routing tracks pass through the center of Term i_cache_subsystem/i_icache/sram_block_0__data_sram/genblk1_1__i_ram/macro_mem_2/rd_out[14]
[WARNING DRT-0419] No routing tracks pass through the center of Term i_cache_subsystem/i_icache/sram_block_0__data_sram/genblk1_1__i_ram/macro_mem_2/rd_out[15]
[WARNING DRT-0419] No routing tracks pass through the center of Term i_cache_subsystem/i_icache/sram_block_0__data_sram/genblk1_1__i_ram/macro_mem_2/wd_in[0]
[WARNING DRT-0419] No routing tracks pass through the center of Term i_cache_subsystem/i_icache/sram_block_0__data_sram/genblk1_1__i_ram/macro_mem_2/wd_in[1]
[WARNING DRT-0419] No routing tracks pass through the center of Term i_cache_subsystem/i_icache/sram_block_0__data_sram/genblk1_1__i_ram/macro_mem_2/wd_in[2]
[WARNING DRT-0419] No routing tracks pass through the center of Term i_cache_subsystem/i_icache/sram_block_0__data_sram/genblk1_1__i_ram/macro_mem_2/wd_in[3]
[WARNING DRT-0419] No routing tracks pass through the center of Term i_cache_subsystem/i_icache/sram_block_0__data_sram/genblk1_1__i_ram/macro_mem_2/wd_in[4]
[WARNING DRT-0419] No routing tracks pass through the center of Term i_cache_subsystem/i_icache/sram_block_0__data_sram/genblk1_1__i_ram/macro_mem_2/wd_in[5]
[WARNING DRT-0419] No routing tracks pass through the center of Term i_cache_subsystem/i_icache/sram_block_0__data_sram/genblk1_1__i_ram/macro_mem_2/wd_in[6]
[WARNING DRT-0419] No routing tracks pass through the center of Term i_cache_subsystem/i_icache/sram_block_0__data_sram/genblk1_1__i_ram/macro_mem_2/wd_in[7]
[WARNING DRT-0419] No routing tracks pass through the center of Term i_cache_subsystem/i_icache/sram_block_0__data_sram/genblk1_1__i_ram/macro_mem_2/wd_in[8]
[WARNING DRT-0419] No routing tracks pass through the center of Term i_cache_subsystem/i_icache/sram_block_0__data_sram/genblk1_1__i_ram/macro_mem_2/wd_in[9]
[WARNING DRT-0419] No routing tracks pass through the center of Term i_cache_subsystem/i_icache/sram_block_0__data_sram/genblk1_1__i_ram/macro_mem_2/wd_in[10]
[WARNING DRT-0419] No routing tracks pass through the center of Term i_cache_subsystem/i_icache/sram_block_0__data_sram/genblk1_1__i_ram/macro_mem_2/wd_in[11]
[WARNING DRT-0419] No routing tracks pass through the center of Term i_cache_subsystem/i_icache/sram_block_0__data_sram/genblk1_1__i_ram/macro_mem_2/wd_in[12]
[WARNING DRT-0419] No routing tracks pass through the center of Term i_cache_subsystem/i_icache/sram_block_0__data_sram/genblk1_1__i_ram/macro_mem_2/wd_in[13]
[WARNING DRT-0419] No routing tracks pass through the center of Term i_cache_subsystem/i_icache/sram_block_0__data_sram/genblk1_1__i_ram/macro_mem_2/wd_in[14]
[WARNING DRT-0419] No routing tracks pass through the center of Term i_cache_subsystem/i_icache/sram_block_0__data_sram/genblk1_1__i_ram/macro_mem_2/wd_in[15]
[WARNING DRT-0419] No routing tracks pass through the center of Term i_cache_subsystem/i_icache/sram_block_0__data_sram/genblk1_1__i_ram/macro_mem_2/addr_in[0]
[WARNING DRT-0419] No routing tracks pass through the center of Term i_cache_subsystem/i_icache/sram_block_0__data_sram/genblk1_1__i_ram/macro_mem_2/addr_in[1]
[WARNING DRT-0419] No routing tracks pass through the center of Term i_cache_subsystem/i_icache/sram_block_0__data_sram/genblk1_1__i_ram/macro_mem_2/addr_in[2]
[WARNING DRT-0419] No routing tracks pass through the center of Term i_cache_subsystem/i_icache/sram_block_0__data_sram/genblk1_1__i_ram/macro_mem_2/addr_in[3]
[WARNING DRT-0419] No routing tracks pass through the center of Term i_cache_subsystem/i_icache/sram_block_0__data_sram/genblk1_1__i_ram/macro_mem_2/addr_in[4]
[WARNING DRT-0419] No routing tracks pass through the center of Term i_cache_subsystem/i_icache/sram_block_0__data_sram/genblk1_1__i_ram/macro_mem_2/addr_in[5]
[WARNING DRT-0419] No routing tracks pass through the center of Term i_cache_subsystem/i_icache/sram_block_0__data_sram/genblk1_1__i_ram/macro_mem_2/addr_in[6]
[WARNING DRT-0419] No routing tracks pass through the center of Term i_cache_subsystem/i_icache/sram_block_0__data_sram/genblk1_1__i_ram/macro_mem_2/addr_in[7]
[WARNING DRT-0419] No routing tracks pass through the center of Term i_cache_subsystem/i_icache/sram_block_0__data_sram/genblk1_1__i_ram/macro_mem_2/we_in
[WARNING DRT-0419] No routing tracks pass through the center of Term i_cache_subsystem/i_icache/sram_block_0__data_sram/genblk1_1__i_ram/macro_mem_2/ce_in
[WARNING DRT-0419] No routing tracks pass through the center of Term i_cache_subsystem/i_icache/sram_block_0__data_sram/genblk1_1__i_ram/macro_mem_2/clk
[WARNING DRT-0419] No routing tracks pass through the center of Term i_cache_subsystem/i_icache/sram_block_0__data_sram/genblk1_1__i_ram/macro_mem_3/w_mask_in[0]
[WARNING DRT-0419] No routing tracks pass through the center of Term i_cache_subsystem/i_icache/sram_block_0__data_sram/genblk1_1__i_ram/macro_mem_3/w_mask_in[1]
[WARNING DRT-0419] No routing tracks pass through the center of Term i_cache_subsystem/i_icache/sram_block_0__data_sram/genblk1_1__i_ram/macro_mem_3/w_mask_in[2]
[WARNING DRT-0419] No routing tracks pass through the center of Term i_cache_subsystem/i_icache/sram_block_0__data_sram/genblk1_1__i_ram/macro_mem_3/w_mask_in[3]
[WARNING DRT-0419] No routing tracks pass through the center of Term i_cache_subsystem/i_icache/sram_block_0__data_sram/genblk1_1__i_ram/macro_mem_3/w_mask_in[4]
[WARNING DRT-0419] No routing tracks pass through the center of Term i_cache_subsystem/i_icache/sram_block_0__data_sram/genblk1_1__i_ram/macro_mem_3/w_mask_in[5]
[WARNING DRT-0419] No routing tracks pass through the center of Term i_cache_subsystem/i_icache/sram_block_0__data_sram/genblk1_1__i_ram/macro_mem_3/w_mask_in[6]
[WARNING DRT-0419] No routing tracks pass through the center of Term i_cache_subsystem/i_icache/sram_block_0__data_sram/genblk1_1__i_ram/macro_mem_3/w_mask_in[7]
[WARNING DRT-0419] No routing tracks pass through the center of Term i_cache_subsystem/i_icache/sram_block_0__data_sram/genblk1_1__i_ram/macro_mem_3/w_mask_in[8]
[WARNING DRT-0419] No routing tracks pass through the center of Term i_cache_subsystem/i_icache/sram_block_0__data_sram/genblk1_1__i_ram/macro_mem_3/w_mask_in[9]
[WARNING DRT-0419] No routing tracks pass through the center of Term i_cache_subsystem/i_icache/sram_block_0__data_sram/genblk1_1__i_ram/macro_mem_3/w_mask_in[10]
[WARNING DRT-0419] No routing tracks pass through the center of Term i_cache_subsystem/i_icache/sram_block_0__data_sram/genblk1_1__i_ram/macro_mem_3/w_mask_in[11]
[WARNING DRT-0419] No routing tracks pass through the center of Term i_cache_subsystem/i_icache/sram_block_0__data_sram/genblk1_1__i_ram/macro_mem_3/w_mask_in[12]
[WARNING DRT-0419] No routing tracks pass through the center of Term i_cache_subsystem/i_icache/sram_block_0__data_sram/genblk1_1__i_ram/macro_mem_3/w_mask_in[13]
[WARNING DRT-0419] No routing tracks pass through the center of Term i_cache_subsystem/i_icache/sram_block_0__data_sram/genblk1_1__i_ram/macro_mem_3/w_mask_in[14]
[WARNING DRT-0419] No routing tracks pass through the center of Term i_cache_subsystem/i_icache/sram_block_0__data_sram/genblk1_1__i_ram/macro_mem_3/w_mask_in[15]
[WARNING DRT-0419] No routing tracks pass through the center of Term i_cache_subsystem/i_icache/sram_block_0__data_sram/genblk1_1__i_ram/macro_mem_3/rd_out[0]
[WARNING DRT-0419] No routing tracks pass through the center of Term i_cache_subsystem/i_icache/sram_block_0__data_sram/genblk1_1__i_ram/macro_mem_3/rd_out[1]
[WARNING DRT-0419] No routing tracks pass through the center of Term i_cache_subsystem/i_icache/sram_block_0__data_sram/genblk1_1__i_ram/macro_mem_3/rd_out[2]
[WARNING DRT-0419] No routing tracks pass through the center of Term i_cache_subsystem/i_icache/sram_block_0__data_sram/genblk1_1__i_ram/macro_mem_3/rd_out[3]
[WARNING DRT-0419] No routing tracks pass through the center of Term i_cache_subsystem/i_icache/sram_block_0__data_sram/genblk1_1__i_ram/macro_mem_3/rd_out[4]
[WARNING DRT-0419] No routing tracks pass through the center of Term i_cache_subsystem/i_icache/sram_block_0__data_sram/genblk1_1__i_ram/macro_mem_3/rd_out[5]
[WARNING DRT-0419] No routing tracks pass through the center of Term i_cache_subsystem/i_icache/sram_block_0__data_sram/genblk1_1__i_ram/macro_mem_3/rd_out[6]
[WARNING DRT-0419] No routing tracks pass through the center of Term i_cache_subsystem/i_icache/sram_block_0__data_sram/genblk1_1__i_ram/macro_mem_3/rd_out[7]
[WARNING DRT-0419] No routing tracks pass through the center of Term i_cache_subsystem/i_icache/sram_block_0__data_sram/genblk1_1__i_ram/macro_mem_3/rd_out[8]
[WARNING DRT-0419] No routing tracks pass through the center of Term i_cache_subsystem/i_icache/sram_block_0__data_sram/genblk1_1__i_ram/macro_mem_3/rd_out[9]
[WARNING DRT-0419] No routing tracks pass through the center of Term i_cache_subsystem/i_icache/sram_block_0__data_sram/genblk1_1__i_ram/macro_mem_3/rd_out[10]
[WARNING DRT-0419] No routing tracks pass through the center of Term i_cache_subsystem/i_icache/sram_block_0__data_sram/genblk1_1__i_ram/macro_mem_3/rd_out[11]
[WARNING DRT-0419] No routing tracks pass through the center of Term i_cache_subsystem/i_icache/sram_block_0__data_sram/genblk1_1__i_ram/macro_mem_3/rd_out[12]
[WARNING DRT-0419] No routing tracks pass through the center of Term i_cache_subsystem/i_icache/sram_block_0__data_sram/genblk1_1__i_ram/macro_mem_3/rd_out[13]
[WARNING DRT-0419] No routing tracks pass through the center of Term i_cache_subsystem/i_icache/sram_block_0__data_sram/genblk1_1__i_ram/macro_mem_3/rd_out[14]
[WARNING DRT-0419] No routing tracks pass through the center of Term i_cache_subsystem/i_icache/sram_block_0__data_sram/genblk1_1__i_ram/macro_mem_3/rd_out[15]
[WARNING DRT-0419] No routing tracks pass through the center of Term i_cache_subsystem/i_icache/sram_block_0__data_sram/genblk1_1__i_ram/macro_mem_3/wd_in[0]
[WARNING DRT-0419] No routing tracks pass through the center of Term i_cache_subsystem/i_icache/sram_block_0__data_sram/genblk1_1__i_ram/macro_mem_3/wd_in[1]
[WARNING DRT-0419] No routing tracks pass through the center of Term i_cache_subsystem/i_icache/sram_block_0__data_sram/genblk1_1__i_ram/macro_mem_3/wd_in[2]
[WARNING DRT-0419] No routing tracks pass through the center of Term i_cache_subsystem/i_icache/sram_block_0__data_sram/genblk1_1__i_ram/macro_mem_3/wd_in[3]
[WARNING DRT-0419] No routing tracks pass through the center of Term i_cache_subsystem/i_icache/sram_block_0__data_sram/genblk1_1__i_ram/macro_mem_3/wd_in[4]
[WARNING DRT-0419] No routing tracks pass through the center of Term i_cache_subsystem/i_icache/sram_block_0__data_sram/genblk1_1__i_ram/macro_mem_3/wd_in[5]
[WARNING DRT-0419] No routing tracks pass through the center of Term i_cache_subsystem/i_icache/sram_block_0__data_sram/genblk1_1__i_ram/macro_mem_3/wd_in[6]
[WARNING DRT-0419] No routing tracks pass through the center of Term i_cache_subsystem/i_icache/sram_block_0__data_sram/genblk1_1__i_ram/macro_mem_3/wd_in[7]
[WARNING DRT-0419] No routing tracks pass through the center of Term i_cache_subsystem/i_icache/sram_block_0__data_sram/genblk1_1__i_ram/macro_mem_3/wd_in[8]
[WARNING DRT-0419] No routing tracks pass through the center of Term i_cache_subsystem/i_icache/sram_block_0__data_sram/genblk1_1__i_ram/macro_mem_3/wd_in[9]
[WARNING DRT-0419] No routing tracks pass through the center of Term i_cache_subsystem/i_icache/sram_block_0__data_sram/genblk1_1__i_ram/macro_mem_3/wd_in[10]
[WARNING DRT-0419] No routing tracks pass through the center of Term i_cache_subsystem/i_icache/sram_block_0__data_sram/genblk1_1__i_ram/macro_mem_3/wd_in[11]
[WARNING DRT-0419] No routing tracks pass through the center of Term i_cache_subsystem/i_icache/sram_block_0__data_sram/genblk1_1__i_ram/macro_mem_3/wd_in[12]
[WARNING DRT-0419] No routing tracks pass through the center of Term i_cache_subsystem/i_icache/sram_block_0__data_sram/genblk1_1__i_ram/macro_mem_3/wd_in[13]
[WARNING DRT-0419] No routing tracks pass through the center of Term i_cache_subsystem/i_icache/sram_block_0__data_sram/genblk1_1__i_ram/macro_mem_3/wd_in[14]
[WARNING DRT-0419] No routing tracks pass through the center of Term i_cache_subsystem/i_icache/sram_block_0__data_sram/genblk1_1__i_ram/macro_mem_3/wd_in[15]
[WARNING DRT-0419] No routing tracks pass through the center of Term i_cache_subsystem/i_icache/sram_block_0__data_sram/genblk1_1__i_ram/macro_mem_3/addr_in[0]
[WARNING DRT-0419] No routing tracks pass through the center of Term i_cache_subsystem/i_icache/sram_block_0__data_sram/genblk1_1__i_ram/macro_mem_3/addr_in[1]
[WARNING DRT-0419] No routing tracks pass through the center of Term i_cache_subsystem/i_icache/sram_block_0__data_sram/genblk1_1__i_ram/macro_mem_3/addr_in[2]
[WARNING DRT-0419] No routing tracks pass through the center of Term i_cache_subsystem/i_icache/sram_block_0__data_sram/genblk1_1__i_ram/macro_mem_3/addr_in[3]
[WARNING DRT-0419] No routing tracks pass through the center of Term i_cache_subsystem/i_icache/sram_block_0__data_sram/genblk1_1__i_ram/macro_mem_3/addr_in[4]
[WARNING DRT-0419] No routing tracks pass through the center of Term i_cache_subsystem/i_icache/sram_block_0__data_sram/genblk1_1__i_ram/macro_mem_3/addr_in[5]
[WARNING DRT-0419] No routing tracks pass through the center of Term i_cache_subsystem/i_icache/sram_block_0__data_sram/genblk1_1__i_ram/macro_mem_3/addr_in[6]
[WARNING DRT-0419] No routing tracks pass through the center of Term i_cache_subsystem/i_icache/sram_block_0__data_sram/genblk1_1__i_ram/macro_mem_3/addr_in[7]
[WARNING DRT-0419] No routing tracks pass through the center of Term i_cache_subsystem/i_icache/sram_block_0__data_sram/genblk1_1__i_ram/macro_mem_3/we_in
[WARNING DRT-0419] No routing tracks pass through the center of Term i_cache_subsystem/i_icache/sram_block_0__data_sram/genblk1_1__i_ram/macro_mem_3/ce_in
[WARNING DRT-0419] No routing tracks pass through the center of Term i_cache_subsystem/i_icache/sram_block_0__data_sram/genblk1_1__i_ram/macro_mem_3/clk
[WARNING DRT-0418] Term i_cache_subsystem/i_icache/sram_block_0__tag_sram.genblk1_0__i_ram.macro_mem_0/w_mask_in[0] has no pins on routing grid
[WARNING DRT-0418] Term i_cache_subsystem/i_icache/sram_block_0__tag_sram.genblk1_0__i_ram.macro_mem_0/w_mask_in[1] has no pins on routing grid
[WARNING DRT-0418] Term i_cache_subsystem/i_icache/sram_block_0__tag_sram.genblk1_0__i_ram.macro_mem_0/w_mask_in[2] has no pins on routing grid
[WARNING DRT-0419] No routing tracks pass through the center of Term i_cache_subsystem/i_icache/sram_block_0__tag_sram.genblk1_0__i_ram.macro_mem_0/w_mask_in[3]
[WARNING DRT-0419] No routing tracks pass through the center of Term i_cache_subsystem/i_icache/sram_block_0__tag_sram.genblk1_0__i_ram.macro_mem_0/w_mask_in[4]
[WARNING DRT-0419] No routing tracks pass through the center of Term i_cache_subsystem/i_icache/sram_block_0__tag_sram.genblk1_0__i_ram.macro_mem_0/w_mask_in[5]
[WARNING DRT-0419] No routing tracks pass through the center of Term i_cache_subsystem/i_icache/sram_block_0__tag_sram.genblk1_0__i_ram.macro_mem_0/w_mask_in[7]
[WARNING DRT-0419] No routing tracks pass through the center of Term i_cache_subsystem/i_icache/sram_block_0__tag_sram.genblk1_0__i_ram.macro_mem_0/w_mask_in[8]
[WARNING DRT-0419] No routing tracks pass through the center of Term i_cache_subsystem/i_icache/sram_block_0__tag_sram.genblk1_0__i_ram.macro_mem_0/w_mask_in[9]
[WARNING DRT-0418] Term i_cache_subsystem/i_icache/sram_block_0__tag_sram.genblk1_0__i_ram.macro_mem_0/w_mask_in[10] has no pins on routing grid
[WARNING DRT-0418] Term i_cache_subsystem/i_icache/sram_block_0__tag_sram.genblk1_0__i_ram.macro_mem_0/w_mask_in[11] has no pins on routing grid
[WARNING DRT-0418] Term i_cache_subsystem/i_icache/sram_block_0__tag_sram.genblk1_0__i_ram.macro_mem_0/w_mask_in[12] has no pins on routing grid
[WARNING DRT-0418] Term i_cache_subsystem/i_icache/sram_block_0__tag_sram.genblk1_0__i_ram.macro_mem_0/w_mask_in[13] has no pins on routing grid
[WARNING DRT-0418] Term i_cache_subsystem/i_icache/sram_block_0__tag_sram.genblk1_0__i_ram.macro_mem_0/w_mask_in[14] has no pins on routing grid
[WARNING DRT-0418] Term i_cache_subsystem/i_icache/sram_block_0__tag_sram.genblk1_0__i_ram.macro_mem_0/w_mask_in[15] has no pins on routing grid
[WARNING DRT-0419] No routing tracks pass through the center of Term i_cache_subsystem/i_icache/sram_block_0__tag_sram.genblk1_0__i_ram.macro_mem_0/rd_out[1]
[WARNING DRT-0419] No routing tracks pass through the center of Term i_cache_subsystem/i_icache/sram_block_0__tag_sram.genblk1_0__i_ram.macro_mem_0/rd_out[2]
[WARNING DRT-0419] No routing tracks pass through the center of Term i_cache_subsystem/i_icache/sram_block_0__tag_sram.genblk1_0__i_ram.macro_mem_0/rd_out[3]
[WARNING DRT-0418] Term i_cache_subsystem/i_icache/sram_block_0__tag_sram.genblk1_0__i_ram.macro_mem_0/rd_out[4] has no pins on routing grid
[WARNING DRT-0418] Term i_cache_subsystem/i_icache/sram_block_0__tag_sram.genblk1_0__i_ram.macro_mem_0/rd_out[5] has no pins on routing grid
[WARNING DRT-0418] Term i_cache_subsystem/i_icache/sram_block_0__tag_sram.genblk1_0__i_ram.macro_mem_0/rd_out[6] has no pins on routing grid
[WARNING DRT-0418] Term i_cache_subsystem/i_icache/sram_block_0__tag_sram.genblk1_0__i_ram.macro_mem_0/rd_out[7] has no pins on routing grid
[WARNING DRT-0418] Term i_cache_subsystem/i_icache/sram_block_0__tag_sram.genblk1_0__i_ram.macro_mem_0/rd_out[8] has no pins on routing grid
[WARNING DRT-0418] Term i_cache_subsystem/i_icache/sram_block_0__tag_sram.genblk1_0__i_ram.macro_mem_0/rd_out[9] has no pins on routing grid
[WARNING DRT-0418] Term i_cache_subsystem/i_icache/sram_block_0__tag_sram.genblk1_0__i_ram.macro_mem_0/rd_out[10] has no pins on routing grid
[WARNING DRT-0418] Term i_cache_subsystem/i_icache/sram_block_0__tag_sram.genblk1_0__i_ram.macro_mem_0/rd_out[11] has no pins on routing grid
[WARNING DRT-0418] Term i_cache_subsystem/i_icache/sram_block_0__tag_sram.genblk1_0__i_ram.macro_mem_0/rd_out[12] has no pins on routing grid
[WARNING DRT-0418] Term i_cache_subsystem/i_icache/sram_block_0__tag_sram.genblk1_0__i_ram.macro_mem_0/rd_out[13] has no pins on routing grid
[WARNING DRT-0418] Term i_cache_subsystem/i_icache/sram_block_0__tag_sram.genblk1_0__i_ram.macro_mem_0/rd_out[14] has no pins on routing grid
[WARNING DRT-0418] Term i_cache_subsystem/i_icache/sram_block_0__tag_sram.genblk1_0__i_ram.macro_mem_0/rd_out[15] has no pins on routing grid
[WARNING DRT-0418] Term i_cache_subsystem/i_icache/sram_block_0__tag_sram.genblk1_0__i_ram.macro_mem_0/wd_in[0] has no pins on routing grid
[WARNING DRT-0418] Term i_cache_subsystem/i_icache/sram_block_0__tag_sram.genblk1_0__i_ram.macro_mem_0/wd_in[1] has no pins on routing grid
[WARNING DRT-0418] Term i_cache_subsystem/i_icache/sram_block_0__tag_sram.genblk1_0__i_ram.macro_mem_0/wd_in[2] has no pins on routing grid
[WARNING DRT-0418] Term i_cache_subsystem/i_icache/sram_block_0__tag_sram.genblk1_0__i_ram.macro_mem_0/wd_in[3] has no pins on routing grid
[WARNING DRT-0418] Term i_cache_subsystem/i_icache/sram_block_0__tag_sram.genblk1_0__i_ram.macro_mem_0/wd_in[4] has no pins on routing grid
[WARNING DRT-0418] Term i_cache_subsystem/i_icache/sram_block_0__tag_sram.genblk1_0__i_ram.macro_mem_0/wd_in[5] has no pins on routing grid
[WARNING DRT-0418] Term i_cache_subsystem/i_icache/sram_block_0__tag_sram.genblk1_0__i_ram.macro_mem_0/wd_in[6] has no pins on routing grid
[WARNING DRT-0418] Term i_cache_subsystem/i_icache/sram_block_0__tag_sram.genblk1_0__i_ram.macro_mem_0/wd_in[7] has no pins on routing grid
[WARNING DRT-0418] Term i_cache_subsystem/i_icache/sram_block_0__tag_sram.genblk1_0__i_ram.macro_mem_0/wd_in[8] has no pins on routing grid
[WARNING DRT-0418] Term i_cache_subsystem/i_icache/sram_block_0__tag_sram.genblk1_0__i_ram.macro_mem_0/wd_in[9] has no pins on routing grid
[WARNING DRT-0419] No routing tracks pass through the center of Term i_cache_subsystem/i_icache/sram_block_0__tag_sram.genblk1_0__i_ram.macro_mem_0/wd_in[10]
[WARNING DRT-0419] No routing tracks pass through the center of Term i_cache_subsystem/i_icache/sram_block_0__tag_sram.genblk1_0__i_ram.macro_mem_0/wd_in[11]
[WARNING DRT-0419] No routing tracks pass through the center of Term i_cache_subsystem/i_icache/sram_block_0__tag_sram.genblk1_0__i_ram.macro_mem_0/wd_in[12]
[WARNING DRT-0419] No routing tracks pass through the center of Term i_cache_subsystem/i_icache/sram_block_0__tag_sram.genblk1_0__i_ram.macro_mem_0/wd_in[14]
[WARNING DRT-0419] No routing tracks pass through the center of Term i_cache_subsystem/i_icache/sram_block_0__tag_sram.genblk1_0__i_ram.macro_mem_0/wd_in[15]
[WARNING DRT-0418] Term i_cache_subsystem/i_icache/sram_block_0__tag_sram.genblk1_0__i_ram.macro_mem_0/addr_in[0] has no pins on routing grid
[WARNING DRT-0418] Term i_cache_subsystem/i_icache/sram_block_0__tag_sram.genblk1_0__i_ram.macro_mem_0/addr_in[1] has no pins on routing grid
[WARNING DRT-0418] Term i_cache_subsystem/i_icache/sram_block_0__tag_sram.genblk1_0__i_ram.macro_mem_0/addr_in[2] has no pins on routing grid
[WARNING DRT-0418] Term i_cache_subsystem/i_icache/sram_block_0__tag_sram.genblk1_0__i_ram.macro_mem_0/addr_in[3] has no pins on routing grid
[WARNING DRT-0419] No routing tracks pass through the center of Term i_cache_subsystem/i_icache/sram_block_0__tag_sram.genblk1_0__i_ram.macro_mem_0/addr_in[4]
[WARNING DRT-0419] No routing tracks pass through the center of Term i_cache_subsystem/i_icache/sram_block_0__tag_sram.genblk1_0__i_ram.macro_mem_0/addr_in[5]
[WARNING DRT-0419] No routing tracks pass through the center of Term i_cache_subsystem/i_icache/sram_block_0__tag_sram.genblk1_0__i_ram.macro_mem_0/addr_in[6]
[WARNING DRT-0418] Term i_cache_subsystem/i_icache/sram_block_0__tag_sram.genblk1_0__i_ram.macro_mem_0/we_in has no pins on routing grid
[WARNING DRT-0418] Term i_cache_subsystem/i_icache/sram_block_0__tag_sram.genblk1_0__i_ram.macro_mem_0/ce_in has no pins on routing grid
[WARNING DRT-0418] Term i_cache_subsystem/i_icache/sram_block_0__tag_sram.genblk1_0__i_ram.macro_mem_0/clk has no pins on routing grid
[WARNING DRT-0419] No routing tracks pass through the center of Term i_cache_subsystem/i_icache/sram_block_0__tag_sram.genblk1_0__i_ram.macro_mem_1/w_mask_in[0]
[WARNING DRT-0419] No routing tracks pass through the center of Term i_cache_subsystem/i_icache/sram_block_0__tag_sram.genblk1_0__i_ram.macro_mem_1/w_mask_in[1]
[WARNING DRT-0419] No routing tracks pass through the center of Term i_cache_subsystem/i_icache/sram_block_0__tag_sram.genblk1_0__i_ram.macro_mem_1/w_mask_in[2]
[WARNING DRT-0419] No routing tracks pass through the center of Term i_cache_subsystem/i_icache/sram_block_0__tag_sram.genblk1_0__i_ram.macro_mem_1/w_mask_in[3]
[WARNING DRT-0419] No routing tracks pass through the center of Term i_cache_subsystem/i_icache/sram_block_0__tag_sram.genblk1_0__i_ram.macro_mem_1/w_mask_in[4]
[WARNING DRT-0419] No routing tracks pass through the center of Term i_cache_subsystem/i_icache/sram_block_0__tag_sram.genblk1_0__i_ram.macro_mem_1/w_mask_in[5]
[WARNING DRT-0419] No routing tracks pass through the center of Term i_cache_subsystem/i_icache/sram_block_0__tag_sram.genblk1_0__i_ram.macro_mem_1/w_mask_in[6]
[WARNING DRT-0419] No routing tracks pass through the center of Term i_cache_subsystem/i_icache/sram_block_0__tag_sram.genblk1_0__i_ram.macro_mem_1/w_mask_in[7]
[WARNING DRT-0419] No routing tracks pass through the center of Term i_cache_subsystem/i_icache/sram_block_0__tag_sram.genblk1_0__i_ram.macro_mem_1/w_mask_in[8]
[WARNING DRT-0419] No routing tracks pass through the center of Term i_cache_subsystem/i_icache/sram_block_0__tag_sram.genblk1_0__i_ram.macro_mem_1/w_mask_in[9]
[WARNING DRT-0419] No routing tracks pass through the center of Term i_cache_subsystem/i_icache/sram_block_0__tag_sram.genblk1_0__i_ram.macro_mem_1/w_mask_in[10]
[WARNING DRT-0419] No routing tracks pass through the center of Term i_cache_subsystem/i_icache/sram_block_0__tag_sram.genblk1_0__i_ram.macro_mem_1/w_mask_in[11]
[WARNING DRT-0419] No routing tracks pass through the center of Term i_cache_subsystem/i_icache/sram_block_0__tag_sram.genblk1_0__i_ram.macro_mem_1/w_mask_in[12]
[WARNING DRT-0419] No routing tracks pass through the center of Term i_cache_subsystem/i_icache/sram_block_0__tag_sram.genblk1_0__i_ram.macro_mem_1/w_mask_in[13]
[WARNING DRT-0419] No routing tracks pass through the center of Term i_cache_subsystem/i_icache/sram_block_0__tag_sram.genblk1_0__i_ram.macro_mem_1/w_mask_in[14]
[WARNING DRT-0419] No routing tracks pass through the center of Term i_cache_subsystem/i_icache/sram_block_0__tag_sram.genblk1_0__i_ram.macro_mem_1/w_mask_in[15]
[WARNING DRT-0419] No routing tracks pass through the center of Term i_cache_subsystem/i_icache/sram_block_0__tag_sram.genblk1_0__i_ram.macro_mem_1/rd_out[0]
[WARNING DRT-0419] No routing tracks pass through the center of Term i_cache_subsystem/i_icache/sram_block_0__tag_sram.genblk1_0__i_ram.macro_mem_1/rd_out[1]
[WARNING DRT-0419] No routing tracks pass through the center of Term i_cache_subsystem/i_icache/sram_block_0__tag_sram.genblk1_0__i_ram.macro_mem_1/rd_out[2]
[WARNING DRT-0419] No routing tracks pass through the center of Term i_cache_subsystem/i_icache/sram_block_0__tag_sram.genblk1_0__i_ram.macro_mem_1/rd_out[3]
[WARNING DRT-0419] No routing tracks pass through the center of Term i_cache_subsystem/i_icache/sram_block_0__tag_sram.genblk1_0__i_ram.macro_mem_1/rd_out[4]
[WARNING DRT-0419] No routing tracks pass through the center of Term i_cache_subsystem/i_icache/sram_block_0__tag_sram.genblk1_0__i_ram.macro_mem_1/rd_out[5]
[WARNING DRT-0419] No routing tracks pass through the center of Term i_cache_subsystem/i_icache/sram_block_0__tag_sram.genblk1_0__i_ram.macro_mem_1/rd_out[6]
[WARNING DRT-0419] No routing tracks pass through the center of Term i_cache_subsystem/i_icache/sram_block_0__tag_sram.genblk1_0__i_ram.macro_mem_1/rd_out[7]
[WARNING DRT-0419] No routing tracks pass through the center of Term i_cache_subsystem/i_icache/sram_block_0__tag_sram.genblk1_0__i_ram.macro_mem_1/rd_out[8]
[WARNING DRT-0419] No routing tracks pass through the center of Term i_cache_subsystem/i_icache/sram_block_0__tag_sram.genblk1_0__i_ram.macro_mem_1/rd_out[9]
[WARNING DRT-0419] No routing tracks pass through the center of Term i_cache_subsystem/i_icache/sram_block_0__tag_sram.genblk1_0__i_ram.macro_mem_1/rd_out[10]
[WARNING DRT-0419] No routing tracks pass through the center of Term i_cache_subsystem/i_icache/sram_block_0__tag_sram.genblk1_0__i_ram.macro_mem_1/rd_out[11]
[WARNING DRT-0419] No routing tracks pass through the center of Term i_cache_subsystem/i_icache/sram_block_0__tag_sram.genblk1_0__i_ram.macro_mem_1/rd_out[12]
[WARNING DRT-0419] No routing tracks pass through the center of Term i_cache_subsystem/i_icache/sram_block_0__tag_sram.genblk1_0__i_ram.macro_mem_1/rd_out[13]
[WARNING DRT-0419] No routing tracks pass through the center of Term i_cache_subsystem/i_icache/sram_block_0__tag_sram.genblk1_0__i_ram.macro_mem_1/rd_out[14]
[WARNING DRT-0419] No routing tracks pass through the center of Term i_cache_subsystem/i_icache/sram_block_0__tag_sram.genblk1_0__i_ram.macro_mem_1/rd_out[15]
[WARNING DRT-0419] No routing tracks pass through the center of Term i_cache_subsystem/i_icache/sram_block_0__tag_sram.genblk1_0__i_ram.macro_mem_1/wd_in[0]
[WARNING DRT-0419] No routing tracks pass through the center of Term i_cache_subsystem/i_icache/sram_block_0__tag_sram.genblk1_0__i_ram.macro_mem_1/wd_in[1]
[WARNING DRT-0419] No routing tracks pass through the center of Term i_cache_subsystem/i_icache/sram_block_0__tag_sram.genblk1_0__i_ram.macro_mem_1/wd_in[2]
[WARNING DRT-0419] No routing tracks pass through the center of Term i_cache_subsystem/i_icache/sram_block_0__tag_sram.genblk1_0__i_ram.macro_mem_1/wd_in[3]
[WARNING DRT-0419] No routing tracks pass through the center of Term i_cache_subsystem/i_icache/sram_block_0__tag_sram.genblk1_0__i_ram.macro_mem_1/wd_in[4]
[WARNING DRT-0419] No routing tracks pass through the center of Term i_cache_subsystem/i_icache/sram_block_0__tag_sram.genblk1_0__i_ram.macro_mem_1/wd_in[5]
[WARNING DRT-0419] No routing tracks pass through the center of Term i_cache_subsystem/i_icache/sram_block_0__tag_sram.genblk1_0__i_ram.macro_mem_1/wd_in[6]
[WARNING DRT-0419] No routing tracks pass through the center of Term i_cache_subsystem/i_icache/sram_block_0__tag_sram.genblk1_0__i_ram.macro_mem_1/wd_in[7]
[WARNING DRT-0419] No routing tracks pass through the center of Term i_cache_subsystem/i_icache/sram_block_0__tag_sram.genblk1_0__i_ram.macro_mem_1/wd_in[8]
[WARNING DRT-0419] No routing tracks pass through the center of Term i_cache_subsystem/i_icache/sram_block_0__tag_sram.genblk1_0__i_ram.macro_mem_1/wd_in[9]
[WARNING DRT-0419] No routing tracks pass through the center of Term i_cache_subsystem/i_icache/sram_block_0__tag_sram.genblk1_0__i_ram.macro_mem_1/wd_in[10]
[WARNING DRT-0419] No routing tracks pass through the center of Term i_cache_subsystem/i_icache/sram_block_0__tag_sram.genblk1_0__i_ram.macro_mem_1/wd_in[11]
[WARNING DRT-0419] No routing tracks pass through the center of Term i_cache_subsystem/i_icache/sram_block_0__tag_sram.genblk1_0__i_ram.macro_mem_1/wd_in[12]
[WARNING DRT-0419] No routing tracks pass through the center of Term i_cache_subsystem/i_icache/sram_block_0__tag_sram.genblk1_0__i_ram.macro_mem_1/wd_in[13]
[WARNING DRT-0419] No routing tracks pass through the center of Term i_cache_subsystem/i_icache/sram_block_0__tag_sram.genblk1_0__i_ram.macro_mem_1/wd_in[14]
[WARNING DRT-0419] No routing tracks pass through the center of Term i_cache_subsystem/i_icache/sram_block_0__tag_sram.genblk1_0__i_ram.macro_mem_1/wd_in[15]
[WARNING DRT-0419] No routing tracks pass through the center of Term i_cache_subsystem/i_icache/sram_block_0__tag_sram.genblk1_0__i_ram.macro_mem_1/addr_in[0]
[WARNING DRT-0419] No routing tracks pass through the center of Term i_cache_subsystem/i_icache/sram_block_0__tag_sram.genblk1_0__i_ram.macro_mem_1/addr_in[1]
[WARNING DRT-0419] No routing tracks pass through the center of Term i_cache_subsystem/i_icache/sram_block_0__tag_sram.genblk1_0__i_ram.macro_mem_1/addr_in[2]
[WARNING DRT-0419] No routing tracks pass through the center of Term i_cache_subsystem/i_icache/sram_block_0__tag_sram.genblk1_0__i_ram.macro_mem_1/addr_in[3]
[WARNING DRT-0419] No routing tracks pass through the center of Term i_cache_subsystem/i_icache/sram_block_0__tag_sram.genblk1_0__i_ram.macro_mem_1/addr_in[4]
[WARNING DRT-0419] No routing tracks pass through the center of Term i_cache_subsystem/i_icache/sram_block_0__tag_sram.genblk1_0__i_ram.macro_mem_1/addr_in[5]
[WARNING DRT-0419] No routing tracks pass through the center of Term i_cache_subsystem/i_icache/sram_block_0__tag_sram.genblk1_0__i_ram.macro_mem_1/addr_in[6]
[WARNING DRT-0419] No routing tracks pass through the center of Term i_cache_subsystem/i_icache/sram_block_0__tag_sram.genblk1_0__i_ram.macro_mem_1/addr_in[7]
[WARNING DRT-0419] No routing tracks pass through the center of Term i_cache_subsystem/i_icache/sram_block_0__tag_sram.genblk1_0__i_ram.macro_mem_1/we_in
[WARNING DRT-0419] No routing tracks pass through the center of Term i_cache_subsystem/i_icache/sram_block_0__tag_sram.genblk1_0__i_ram.macro_mem_1/ce_in
[WARNING DRT-0419] No routing tracks pass through the center of Term i_cache_subsystem/i_icache/sram_block_0__tag_sram.genblk1_0__i_ram.macro_mem_1/clk
[WARNING DRT-0419] No routing tracks pass through the center of Term i_cache_subsystem/i_icache/sram_block_0__tag_sram.genblk1_0__i_ram.macro_mem_2/w_mask_in[0]
[WARNING DRT-0419] No routing tracks pass through the center of Term i_cache_subsystem/i_icache/sram_block_0__tag_sram.genblk1_0__i_ram.macro_mem_2/w_mask_in[1]
[WARNING DRT-0419] No routing tracks pass through the center of Term i_cache_subsystem/i_icache/sram_block_0__tag_sram.genblk1_0__i_ram.macro_mem_2/w_mask_in[2]
[WARNING DRT-0419] No routing tracks pass through the center of Term i_cache_subsystem/i_icache/sram_block_0__tag_sram.genblk1_0__i_ram.macro_mem_2/w_mask_in[3]
[WARNING DRT-0419] No routing tracks pass through the center of Term i_cache_subsystem/i_icache/sram_block_0__tag_sram.genblk1_0__i_ram.macro_mem_2/w_mask_in[4]
[WARNING DRT-0419] No routing tracks pass through the center of Term i_cache_subsystem/i_icache/sram_block_0__tag_sram.genblk1_0__i_ram.macro_mem_2/w_mask_in[5]
[WARNING DRT-0419] No routing tracks pass through the center of Term i_cache_subsystem/i_icache/sram_block_0__tag_sram.genblk1_0__i_ram.macro_mem_2/w_mask_in[6]
[WARNING DRT-0419] No routing tracks pass through the center of Term i_cache_subsystem/i_icache/sram_block_0__tag_sram.genblk1_0__i_ram.macro_mem_2/w_mask_in[7]
[WARNING DRT-0419] No routing tracks pass through the center of Term i_cache_subsystem/i_icache/sram_block_0__tag_sram.genblk1_0__i_ram.macro_mem_2/w_mask_in[8]
[WARNING DRT-0419] No routing tracks pass through the center of Term i_cache_subsystem/i_icache/sram_block_0__tag_sram.genblk1_0__i_ram.macro_mem_2/w_mask_in[9]
[WARNING DRT-0419] No routing tracks pass through the center of Term i_cache_subsystem/i_icache/sram_block_0__tag_sram.genblk1_0__i_ram.macro_mem_2/w_mask_in[10]
[WARNING DRT-0419] No routing tracks pass through the center of Term i_cache_subsystem/i_icache/sram_block_0__tag_sram.genblk1_0__i_ram.macro_mem_2/w_mask_in[11]
[WARNING DRT-0419] No routing tracks pass through the center of Term i_cache_subsystem/i_icache/sram_block_0__tag_sram.genblk1_0__i_ram.macro_mem_2/w_mask_in[12]
[WARNING DRT-0419] No routing tracks pass through the center of Term i_cache_subsystem/i_icache/sram_block_0__tag_sram.genblk1_0__i_ram.macro_mem_2/w_mask_in[13]
[WARNING DRT-0419] No routing tracks pass through the center of Term i_cache_subsystem/i_icache/sram_block_0__tag_sram.genblk1_0__i_ram.macro_mem_2/w_mask_in[14]
[WARNING DRT-0419] No routing tracks pass through the center of Term i_cache_subsystem/i_icache/sram_block_0__tag_sram.genblk1_0__i_ram.macro_mem_2/w_mask_in[15]
[WARNING DRT-0419] No routing tracks pass through the center of Term i_cache_subsystem/i_icache/sram_block_0__tag_sram.genblk1_0__i_ram.macro_mem_2/rd_out[0]
[WARNING DRT-0419] No routing tracks pass through the center of Term i_cache_subsystem/i_icache/sram_block_0__tag_sram.genblk1_0__i_ram.macro_mem_2/rd_out[1]
[WARNING DRT-0419] No routing tracks pass through the center of Term i_cache_subsystem/i_icache/sram_block_0__tag_sram.genblk1_0__i_ram.macro_mem_2/rd_out[2]
[WARNING DRT-0419] No routing tracks pass through the center of Term i_cache_subsystem/i_icache/sram_block_0__tag_sram.genblk1_0__i_ram.macro_mem_2/rd_out[3]
[WARNING DRT-0419] No routing tracks pass through the center of Term i_cache_subsystem/i_icache/sram_block_0__tag_sram.genblk1_0__i_ram.macro_mem_2/rd_out[4]
[WARNING DRT-0419] No routing tracks pass through the center of Term i_cache_subsystem/i_icache/sram_block_0__tag_sram.genblk1_0__i_ram.macro_mem_2/rd_out[5]
[WARNING DRT-0419] No routing tracks pass through the center of Term i_cache_subsystem/i_icache/sram_block_0__tag_sram.genblk1_0__i_ram.macro_mem_2/rd_out[6]
[WARNING DRT-0419] No routing tracks pass through the center of Term i_cache_subsystem/i_icache/sram_block_0__tag_sram.genblk1_0__i_ram.macro_mem_2/rd_out[7]
[WARNING DRT-0419] No routing tracks pass through the center of Term i_cache_subsystem/i_icache/sram_block_0__tag_sram.genblk1_0__i_ram.macro_mem_2/rd_out[8]
[WARNING DRT-0419] No routing tracks pass through the center of Term i_cache_subsystem/i_icache/sram_block_0__tag_sram.genblk1_0__i_ram.macro_mem_2/rd_out[9]
[WARNING DRT-0419] No routing tracks pass through the center of Term i_cache_subsystem/i_icache/sram_block_0__tag_sram.genblk1_0__i_ram.macro_mem_2/rd_out[10]
[WARNING DRT-0419] No routing tracks pass through the center of Term i_cache_subsystem/i_icache/sram_block_0__tag_sram.genblk1_0__i_ram.macro_mem_2/rd_out[11]
[WARNING DRT-0419] No routing tracks pass through the center of Term i_cache_subsystem/i_icache/sram_block_0__tag_sram.genblk1_0__i_ram.macro_mem_2/rd_out[12]
[WARNING DRT-0419] No routing tracks pass through the center of Term i_cache_subsystem/i_icache/sram_block_0__tag_sram.genblk1_0__i_ram.macro_mem_2/rd_out[13]
[WARNING DRT-0419] No routing tracks pass through the center of Term i_cache_subsystem/i_icache/sram_block_0__tag_sram.genblk1_0__i_ram.macro_mem_2/rd_out[14]
[WARNING DRT-0419] No routing tracks pass through the center of Term i_cache_subsystem/i_icache/sram_block_0__tag_sram.genblk1_0__i_ram.macro_mem_2/rd_out[15]
[WARNING DRT-0419] No routing tracks pass through the center of Term i_cache_subsystem/i_icache/sram_block_0__tag_sram.genblk1_0__i_ram.macro_mem_2/wd_in[0]
[WARNING DRT-0419] No routing tracks pass through the center of Term i_cache_subsystem/i_icache/sram_block_0__tag_sram.genblk1_0__i_ram.macro_mem_2/wd_in[1]
[WARNING DRT-0419] No routing tracks pass through the center of Term i_cache_subsystem/i_icache/sram_block_0__tag_sram.genblk1_0__i_ram.macro_mem_2/wd_in[2]
[WARNING DRT-0419] No routing tracks pass through the center of Term i_cache_subsystem/i_icache/sram_block_0__tag_sram.genblk1_0__i_ram.macro_mem_2/wd_in[3]
[WARNING DRT-0419] No routing tracks pass through the center of Term i_cache_subsystem/i_icache/sram_block_0__tag_sram.genblk1_0__i_ram.macro_mem_2/wd_in[4]
[WARNING DRT-0419] No routing tracks pass through the center of Term i_cache_subsystem/i_icache/sram_block_0__tag_sram.genblk1_0__i_ram.macro_mem_2/wd_in[5]
[WARNING DRT-0419] No routing tracks pass through the center of Term i_cache_subsystem/i_icache/sram_block_0__tag_sram.genblk1_0__i_ram.macro_mem_2/wd_in[6]
[WARNING DRT-0419] No routing tracks pass through the center of Term i_cache_subsystem/i_icache/sram_block_0__tag_sram.genblk1_0__i_ram.macro_mem_2/wd_in[7]
[WARNING DRT-0419] No routing tracks pass through the center of Term i_cache_subsystem/i_icache/sram_block_0__tag_sram.genblk1_0__i_ram.macro_mem_2/wd_in[8]
[WARNING DRT-0419] No routing tracks pass through the center of Term i_cache_subsystem/i_icache/sram_block_0__tag_sram.genblk1_0__i_ram.macro_mem_2/wd_in[9]
[WARNING DRT-0419] No routing tracks pass through the center of Term i_cache_subsystem/i_icache/sram_block_0__tag_sram.genblk1_0__i_ram.macro_mem_2/wd_in[10]
[WARNING DRT-0419] No routing tracks pass through the center of Term i_cache_subsystem/i_icache/sram_block_0__tag_sram.genblk1_0__i_ram.macro_mem_2/wd_in[11]
[WARNING DRT-0419] No routing tracks pass through the center of Term i_cache_subsystem/i_icache/sram_block_0__tag_sram.genblk1_0__i_ram.macro_mem_2/wd_in[12]
[WARNING DRT-0419] No routing tracks pass through the center of Term i_cache_subsystem/i_icache/sram_block_0__tag_sram.genblk1_0__i_ram.macro_mem_2/wd_in[13]
[WARNING DRT-0419] No routing tracks pass through the center of Term i_cache_subsystem/i_icache/sram_block_0__tag_sram.genblk1_0__i_ram.macro_mem_2/wd_in[14]
[WARNING DRT-0419] No routing tracks pass through the center of Term i_cache_subsystem/i_icache/sram_block_0__tag_sram.genblk1_0__i_ram.macro_mem_2/wd_in[15]
[WARNING DRT-0419] No routing tracks pass through the center of Term i_cache_subsystem/i_icache/sram_block_0__tag_sram.genblk1_0__i_ram.macro_mem_2/addr_in[0]
[WARNING DRT-0419] No routing tracks pass through the center of Term i_cache_subsystem/i_icache/sram_block_0__tag_sram.genblk1_0__i_ram.macro_mem_2/addr_in[1]
[WARNING DRT-0419] No routing tracks pass through the center of Term i_cache_subsystem/i_icache/sram_block_0__tag_sram.genblk1_0__i_ram.macro_mem_2/addr_in[2]
[WARNING DRT-0419] No routing tracks pass through the center of Term i_cache_subsystem/i_icache/sram_block_0__tag_sram.genblk1_0__i_ram.macro_mem_2/addr_in[3]
[WARNING DRT-0419] No routing tracks pass through the center of Term i_cache_subsystem/i_icache/sram_block_0__tag_sram.genblk1_0__i_ram.macro_mem_2/addr_in[4]
[WARNING DRT-0419] No routing tracks pass through the center of Term i_cache_subsystem/i_icache/sram_block_0__tag_sram.genblk1_0__i_ram.macro_mem_2/addr_in[5]
[WARNING DRT-0419] No routing tracks pass through the center of Term i_cache_subsystem/i_icache/sram_block_0__tag_sram.genblk1_0__i_ram.macro_mem_2/addr_in[6]
[WARNING DRT-0419] No routing tracks pass through the center of Term i_cache_subsystem/i_icache/sram_block_0__tag_sram.genblk1_0__i_ram.macro_mem_2/addr_in[7]
[WARNING DRT-0419] No routing tracks pass through the center of Term i_cache_subsystem/i_icache/sram_block_0__tag_sram.genblk1_0__i_ram.macro_mem_2/we_in
[WARNING DRT-0419] No routing tracks pass through the center of Term i_cache_subsystem/i_icache/sram_block_0__tag_sram.genblk1_0__i_ram.macro_mem_2/ce_in
[WARNING DRT-0419] No routing tracks pass through the center of Term i_cache_subsystem/i_icache/sram_block_0__tag_sram.genblk1_0__i_ram.macro_mem_2/clk
[WARNING DRT-0419] No routing tracks pass through the center of Term i_cache_subsystem/i_icache/sram_block_1__data_sram/genblk1_0__i_ram/macro_mem_0/w_mask_in[0]
[WARNING DRT-0419] No routing tracks pass through the center of Term i_cache_subsystem/i_icache/sram_block_1__data_sram/genblk1_0__i_ram/macro_mem_0/w_mask_in[1]
[WARNING DRT-0419] No routing tracks pass through the center of Term i_cache_subsystem/i_icache/sram_block_1__data_sram/genblk1_0__i_ram/macro_mem_0/w_mask_in[2]
[WARNING DRT-0419] No routing tracks pass through the center of Term i_cache_subsystem/i_icache/sram_block_1__data_sram/genblk1_0__i_ram/macro_mem_0/w_mask_in[3]
[WARNING DRT-0419] No routing tracks pass through the center of Term i_cache_subsystem/i_icache/sram_block_1__data_sram/genblk1_0__i_ram/macro_mem_0/w_mask_in[4]
[WARNING DRT-0419] No routing tracks pass through the center of Term i_cache_subsystem/i_icache/sram_block_1__data_sram/genblk1_0__i_ram/macro_mem_0/w_mask_in[5]
[WARNING DRT-0419] No routing tracks pass through the center of Term i_cache_subsystem/i_icache/sram_block_1__data_sram/genblk1_0__i_ram/macro_mem_0/w_mask_in[6]
[WARNING DRT-0419] No routing tracks pass through the center of Term i_cache_subsystem/i_icache/sram_block_1__data_sram/genblk1_0__i_ram/macro_mem_0/w_mask_in[7]
[WARNING DRT-0419] No routing tracks pass through the center of Term i_cache_subsystem/i_icache/sram_block_1__data_sram/genblk1_0__i_ram/macro_mem_0/w_mask_in[8]
[WARNING DRT-0419] No routing tracks pass through the center of Term i_cache_subsystem/i_icache/sram_block_1__data_sram/genblk1_0__i_ram/macro_mem_0/w_mask_in[9]
[WARNING DRT-0419] No routing tracks pass through the center of Term i_cache_subsystem/i_icache/sram_block_1__data_sram/genblk1_0__i_ram/macro_mem_0/w_mask_in[10]
[WARNING DRT-0419] No routing tracks pass through the center of Term i_cache_subsystem/i_icache/sram_block_1__data_sram/genblk1_0__i_ram/macro_mem_0/w_mask_in[11]
[WARNING DRT-0419] No routing tracks pass through the center of Term i_cache_subsystem/i_icache/sram_block_1__data_sram/genblk1_0__i_ram/macro_mem_0/w_mask_in[12]
[WARNING DRT-0419] No routing tracks pass through the center of Term i_cache_subsystem/i_icache/sram_block_1__data_sram/genblk1_0__i_ram/macro_mem_0/w_mask_in[13]
[WARNING DRT-0419] No routing tracks pass through the center of Term i_cache_subsystem/i_icache/sram_block_1__data_sram/genblk1_0__i_ram/macro_mem_0/w_mask_in[14]
[WARNING DRT-0419] No routing tracks pass through the center of Term i_cache_subsystem/i_icache/sram_block_1__data_sram/genblk1_0__i_ram/macro_mem_0/w_mask_in[15]
[WARNING DRT-0419] No routing tracks pass through the center of Term i_cache_subsystem/i_icache/sram_block_1__data_sram/genblk1_0__i_ram/macro_mem_0/rd_out[0]
[WARNING DRT-0419] No routing tracks pass through the center of Term i_cache_subsystem/i_icache/sram_block_1__data_sram/genblk1_0__i_ram/macro_mem_0/rd_out[1]
[WARNING DRT-0419] No routing tracks pass through the center of Term i_cache_subsystem/i_icache/sram_block_1__data_sram/genblk1_0__i_ram/macro_mem_0/rd_out[2]
[WARNING DRT-0419] No routing tracks pass through the center of Term i_cache_subsystem/i_icache/sram_block_1__data_sram/genblk1_0__i_ram/macro_mem_0/rd_out[3]
[WARNING DRT-0419] No routing tracks pass through the center of Term i_cache_subsystem/i_icache/sram_block_1__data_sram/genblk1_0__i_ram/macro_mem_0/rd_out[4]
[WARNING DRT-0419] No routing tracks pass through the center of Term i_cache_subsystem/i_icache/sram_block_1__data_sram/genblk1_0__i_ram/macro_mem_0/rd_out[5]
[WARNING DRT-0419] No routing tracks pass through the center of Term i_cache_subsystem/i_icache/sram_block_1__data_sram/genblk1_0__i_ram/macro_mem_0/rd_out[6]
[WARNING DRT-0419] No routing tracks pass through the center of Term i_cache_subsystem/i_icache/sram_block_1__data_sram/genblk1_0__i_ram/macro_mem_0/rd_out[7]
[WARNING DRT-0419] No routing tracks pass through the center of Term i_cache_subsystem/i_icache/sram_block_1__data_sram/genblk1_0__i_ram/macro_mem_0/rd_out[8]
[WARNING DRT-0419] No routing tracks pass through the center of Term i_cache_subsystem/i_icache/sram_block_1__data_sram/genblk1_0__i_ram/macro_mem_0/rd_out[9]
[WARNING DRT-0419] No routing tracks pass through the center of Term i_cache_subsystem/i_icache/sram_block_1__data_sram/genblk1_0__i_ram/macro_mem_0/rd_out[10]
[WARNING DRT-0419] No routing tracks pass through the center of Term i_cache_subsystem/i_icache/sram_block_1__data_sram/genblk1_0__i_ram/macro_mem_0/rd_out[11]
[WARNING DRT-0419] No routing tracks pass through the center of Term i_cache_subsystem/i_icache/sram_block_1__data_sram/genblk1_0__i_ram/macro_mem_0/rd_out[12]
[WARNING DRT-0419] No routing tracks pass through the center of Term i_cache_subsystem/i_icache/sram_block_1__data_sram/genblk1_0__i_ram/macro_mem_0/rd_out[13]
[WARNING DRT-0419] No routing tracks pass through the center of Term i_cache_subsystem/i_icache/sram_block_1__data_sram/genblk1_0__i_ram/macro_mem_0/rd_out[14]
[WARNING DRT-0419] No routing tracks pass through the center of Term i_cache_subsystem/i_icache/sram_block_1__data_sram/genblk1_0__i_ram/macro_mem_0/rd_out[15]
[WARNING DRT-0419] No routing tracks pass through the center of Term i_cache_subsystem/i_icache/sram_block_1__data_sram/genblk1_0__i_ram/macro_mem_0/wd_in[0]
[WARNING DRT-0419] No routing tracks pass through the center of Term i_cache_subsystem/i_icache/sram_block_1__data_sram/genblk1_0__i_ram/macro_mem_0/wd_in[1]
[WARNING DRT-0419] No routing tracks pass through the center of Term i_cache_subsystem/i_icache/sram_block_1__data_sram/genblk1_0__i_ram/macro_mem_0/wd_in[2]
[WARNING DRT-0419] No routing tracks pass through the center of Term i_cache_subsystem/i_icache/sram_block_1__data_sram/genblk1_0__i_ram/macro_mem_0/wd_in[3]
[WARNING DRT-0419] No routing tracks pass through the center of Term i_cache_subsystem/i_icache/sram_block_1__data_sram/genblk1_0__i_ram/macro_mem_0/wd_in[4]
[WARNING DRT-0419] No routing tracks pass through the center of Term i_cache_subsystem/i_icache/sram_block_1__data_sram/genblk1_0__i_ram/macro_mem_0/wd_in[5]
[WARNING DRT-0419] No routing tracks pass through the center of Term i_cache_subsystem/i_icache/sram_block_1__data_sram/genblk1_0__i_ram/macro_mem_0/wd_in[6]
[WARNING DRT-0419] No routing tracks pass through the center of Term i_cache_subsystem/i_icache/sram_block_1__data_sram/genblk1_0__i_ram/macro_mem_0/wd_in[7]
[WARNING DRT-0419] No routing tracks pass through the center of Term i_cache_subsystem/i_icache/sram_block_1__data_sram/genblk1_0__i_ram/macro_mem_0/wd_in[8]
[WARNING DRT-0419] No routing tracks pass through the center of Term i_cache_subsystem/i_icache/sram_block_1__data_sram/genblk1_0__i_ram/macro_mem_0/wd_in[9]
[WARNING DRT-0419] No routing tracks pass through the center of Term i_cache_subsystem/i_icache/sram_block_1__data_sram/genblk1_0__i_ram/macro_mem_0/wd_in[10]
[WARNING DRT-0419] No routing tracks pass through the center of Term i_cache_subsystem/i_icache/sram_block_1__data_sram/genblk1_0__i_ram/macro_mem_0/wd_in[11]
[WARNING DRT-0419] No routing tracks pass through the center of Term i_cache_subsystem/i_icache/sram_block_1__data_sram/genblk1_0__i_ram/macro_mem_0/wd_in[12]
[WARNING DRT-0419] No routing tracks pass through the center of Term i_cache_subsystem/i_icache/sram_block_1__data_sram/genblk1_0__i_ram/macro_mem_0/wd_in[13]
[WARNING DRT-0419] No routing tracks pass through the center of Term i_cache_subsystem/i_icache/sram_block_1__data_sram/genblk1_0__i_ram/macro_mem_0/wd_in[14]
[WARNING DRT-0419] No routing tracks pass through the center of Term i_cache_subsystem/i_icache/sram_block_1__data_sram/genblk1_0__i_ram/macro_mem_0/wd_in[15]
[WARNING DRT-0419] No routing tracks pass through the center of Term i_cache_subsystem/i_icache/sram_block_1__data_sram/genblk1_0__i_ram/macro_mem_0/addr_in[0]
[WARNING DRT-0419] No routing tracks pass through the center of Term i_cache_subsystem/i_icache/sram_block_1__data_sram/genblk1_0__i_ram/macro_mem_0/addr_in[1]
[WARNING DRT-0419] No routing tracks pass through the center of Term i_cache_subsystem/i_icache/sram_block_1__data_sram/genblk1_0__i_ram/macro_mem_0/addr_in[2]
[WARNING DRT-0419] No routing tracks pass through the center of Term i_cache_subsystem/i_icache/sram_block_1__data_sram/genblk1_0__i_ram/macro_mem_0/addr_in[3]
[WARNING DRT-0419] No routing tracks pass through the center of Term i_cache_subsystem/i_icache/sram_block_1__data_sram/genblk1_0__i_ram/macro_mem_0/addr_in[4]
[WARNING DRT-0419] No routing tracks pass through the center of Term i_cache_subsystem/i_icache/sram_block_1__data_sram/genblk1_0__i_ram/macro_mem_0/addr_in[5]
[WARNING DRT-0419] No routing tracks pass through the center of Term i_cache_subsystem/i_icache/sram_block_1__data_sram/genblk1_0__i_ram/macro_mem_0/addr_in[6]
[WARNING DRT-0419] No routing tracks pass through the center of Term i_cache_subsystem/i_icache/sram_block_1__data_sram/genblk1_0__i_ram/macro_mem_0/addr_in[7]
[WARNING DRT-0419] No routing tracks pass through the center of Term i_cache_subsystem/i_icache/sram_block_1__data_sram/genblk1_0__i_ram/macro_mem_0/we_in
[WARNING DRT-0419] No routing tracks pass through the center of Term i_cache_subsystem/i_icache/sram_block_1__data_sram/genblk1_0__i_ram/macro_mem_0/ce_in
[WARNING DRT-0419] No routing tracks pass through the center of Term i_cache_subsystem/i_icache/sram_block_1__data_sram/genblk1_0__i_ram/macro_mem_0/clk
[WARNING DRT-0419] No routing tracks pass through the center of Term i_cache_subsystem/i_icache/sram_block_1__data_sram/genblk1_0__i_ram/macro_mem_1/w_mask_in[0]
[WARNING DRT-0419] No routing tracks pass through the center of Term i_cache_subsystem/i_icache/sram_block_1__data_sram/genblk1_0__i_ram/macro_mem_1/w_mask_in[1]
[WARNING DRT-0419] No routing tracks pass through the center of Term i_cache_subsystem/i_icache/sram_block_1__data_sram/genblk1_0__i_ram/macro_mem_1/w_mask_in[2]
[WARNING DRT-0419] No routing tracks pass through the center of Term i_cache_subsystem/i_icache/sram_block_1__data_sram/genblk1_0__i_ram/macro_mem_1/w_mask_in[3]
[WARNING DRT-0419] No routing tracks pass through the center of Term i_cache_subsystem/i_icache/sram_block_1__data_sram/genblk1_0__i_ram/macro_mem_1/w_mask_in[4]
[WARNING DRT-0419] No routing tracks pass through the center of Term i_cache_subsystem/i_icache/sram_block_1__data_sram/genblk1_0__i_ram/macro_mem_1/w_mask_in[5]
[WARNING DRT-0419] No routing tracks pass through the center of Term i_cache_subsystem/i_icache/sram_block_1__data_sram/genblk1_0__i_ram/macro_mem_1/w_mask_in[6]
[WARNING DRT-0419] No routing tracks pass through the center of Term i_cache_subsystem/i_icache/sram_block_1__data_sram/genblk1_0__i_ram/macro_mem_1/w_mask_in[7]
[WARNING DRT-0419] No routing tracks pass through the center of Term i_cache_subsystem/i_icache/sram_block_1__data_sram/genblk1_0__i_ram/macro_mem_1/w_mask_in[8]
[WARNING DRT-0419] No routing tracks pass through the center of Term i_cache_subsystem/i_icache/sram_block_1__data_sram/genblk1_0__i_ram/macro_mem_1/w_mask_in[9]
[WARNING DRT-0419] No routing tracks pass through the center of Term i_cache_subsystem/i_icache/sram_block_1__data_sram/genblk1_0__i_ram/macro_mem_1/w_mask_in[10]
[WARNING DRT-0419] No routing tracks pass through the center of Term i_cache_subsystem/i_icache/sram_block_1__data_sram/genblk1_0__i_ram/macro_mem_1/w_mask_in[11]
[WARNING DRT-0419] No routing tracks pass through the center of Term i_cache_subsystem/i_icache/sram_block_1__data_sram/genblk1_0__i_ram/macro_mem_1/w_mask_in[12]
[WARNING DRT-0419] No routing tracks pass through the center of Term i_cache_subsystem/i_icache/sram_block_1__data_sram/genblk1_0__i_ram/macro_mem_1/w_mask_in[13]
[WARNING DRT-0419] No routing tracks pass through the center of Term i_cache_subsystem/i_icache/sram_block_1__data_sram/genblk1_0__i_ram/macro_mem_1/w_mask_in[14]
[WARNING DRT-0419] No routing tracks pass through the center of Term i_cache_subsystem/i_icache/sram_block_1__data_sram/genblk1_0__i_ram/macro_mem_1/w_mask_in[15]
[WARNING DRT-0419] No routing tracks pass through the center of Term i_cache_subsystem/i_icache/sram_block_1__data_sram/genblk1_0__i_ram/macro_mem_1/rd_out[0]
[WARNING DRT-0419] No routing tracks pass through the center of Term i_cache_subsystem/i_icache/sram_block_1__data_sram/genblk1_0__i_ram/macro_mem_1/rd_out[1]
[WARNING DRT-0419] No routing tracks pass through the center of Term i_cache_subsystem/i_icache/sram_block_1__data_sram/genblk1_0__i_ram/macro_mem_1/rd_out[2]
[WARNING DRT-0419] No routing tracks pass through the center of Term i_cache_subsystem/i_icache/sram_block_1__data_sram/genblk1_0__i_ram/macro_mem_1/rd_out[3]
[WARNING DRT-0419] No routing tracks pass through the center of Term i_cache_subsystem/i_icache/sram_block_1__data_sram/genblk1_0__i_ram/macro_mem_1/rd_out[4]
[WARNING DRT-0419] No routing tracks pass through the center of Term i_cache_subsystem/i_icache/sram_block_1__data_sram/genblk1_0__i_ram/macro_mem_1/rd_out[5]
[WARNING DRT-0419] No routing tracks pass through the center of Term i_cache_subsystem/i_icache/sram_block_1__data_sram/genblk1_0__i_ram/macro_mem_1/rd_out[6]
[WARNING DRT-0419] No routing tracks pass through the center of Term i_cache_subsystem/i_icache/sram_block_1__data_sram/genblk1_0__i_ram/macro_mem_1/rd_out[7]
[WARNING DRT-0419] No routing tracks pass through the center of Term i_cache_subsystem/i_icache/sram_block_1__data_sram/genblk1_0__i_ram/macro_mem_1/rd_out[8]
[WARNING DRT-0419] No routing tracks pass through the center of Term i_cache_subsystem/i_icache/sram_block_1__data_sram/genblk1_0__i_ram/macro_mem_1/rd_out[9]
[WARNING DRT-0419] No routing tracks pass through the center of Term i_cache_subsystem/i_icache/sram_block_1__data_sram/genblk1_0__i_ram/macro_mem_1/rd_out[10]
[WARNING DRT-0419] No routing tracks pass through the center of Term i_cache_subsystem/i_icache/sram_block_1__data_sram/genblk1_0__i_ram/macro_mem_1/rd_out[11]
[WARNING DRT-0419] No routing tracks pass through the center of Term i_cache_subsystem/i_icache/sram_block_1__data_sram/genblk1_0__i_ram/macro_mem_1/rd_out[12]
[WARNING DRT-0419] No routing tracks pass through the center of Term i_cache_subsystem/i_icache/sram_block_1__data_sram/genblk1_0__i_ram/macro_mem_1/rd_out[13]
[WARNING DRT-0419] No routing tracks pass through the center of Term i_cache_subsystem/i_icache/sram_block_1__data_sram/genblk1_0__i_ram/macro_mem_1/rd_out[14]
[WARNING DRT-0419] No routing tracks pass through the center of Term i_cache_subsystem/i_icache/sram_block_1__data_sram/genblk1_0__i_ram/macro_mem_1/rd_out[15]
[WARNING DRT-0419] No routing tracks pass through the center of Term i_cache_subsystem/i_icache/sram_block_1__data_sram/genblk1_0__i_ram/macro_mem_1/wd_in[0]
[WARNING DRT-0419] No routing tracks pass through the center of Term i_cache_subsystem/i_icache/sram_block_1__data_sram/genblk1_0__i_ram/macro_mem_1/wd_in[1]
[WARNING DRT-0419] No routing tracks pass through the center of Term i_cache_subsystem/i_icache/sram_block_1__data_sram/genblk1_0__i_ram/macro_mem_1/wd_in[2]
[WARNING DRT-0419] No routing tracks pass through the center of Term i_cache_subsystem/i_icache/sram_block_1__data_sram/genblk1_0__i_ram/macro_mem_1/wd_in[3]
[WARNING DRT-0419] No routing tracks pass through the center of Term i_cache_subsystem/i_icache/sram_block_1__data_sram/genblk1_0__i_ram/macro_mem_1/wd_in[4]
[WARNING DRT-0419] No routing tracks pass through the center of Term i_cache_subsystem/i_icache/sram_block_1__data_sram/genblk1_0__i_ram/macro_mem_1/wd_in[5]
[WARNING DRT-0419] No routing tracks pass through the center of Term i_cache_subsystem/i_icache/sram_block_1__data_sram/genblk1_0__i_ram/macro_mem_1/wd_in[6]
[WARNING DRT-0419] No routing tracks pass through the center of Term i_cache_subsystem/i_icache/sram_block_1__data_sram/genblk1_0__i_ram/macro_mem_1/wd_in[7]
[WARNING DRT-0419] No routing tracks pass through the center of Term i_cache_subsystem/i_icache/sram_block_1__data_sram/genblk1_0__i_ram/macro_mem_1/wd_in[8]
[WARNING DRT-0419] No routing tracks pass through the center of Term i_cache_subsystem/i_icache/sram_block_1__data_sram/genblk1_0__i_ram/macro_mem_1/wd_in[9]
[WARNING DRT-0419] No routing tracks pass through the center of Term i_cache_subsystem/i_icache/sram_block_1__data_sram/genblk1_0__i_ram/macro_mem_1/wd_in[10]
[WARNING DRT-0419] No routing tracks pass through the center of Term i_cache_subsystem/i_icache/sram_block_1__data_sram/genblk1_0__i_ram/macro_mem_1/wd_in[11]
[WARNING DRT-0419] No routing tracks pass through the center of Term i_cache_subsystem/i_icache/sram_block_1__data_sram/genblk1_0__i_ram/macro_mem_1/wd_in[12]
[WARNING DRT-0419] No routing tracks pass through the center of Term i_cache_subsystem/i_icache/sram_block_1__data_sram/genblk1_0__i_ram/macro_mem_1/wd_in[13]
[WARNING DRT-0419] No routing tracks pass through the center of Term i_cache_subsystem/i_icache/sram_block_1__data_sram/genblk1_0__i_ram/macro_mem_1/wd_in[14]
[WARNING DRT-0419] No routing tracks pass through the center of Term i_cache_subsystem/i_icache/sram_block_1__data_sram/genblk1_0__i_ram/macro_mem_1/wd_in[15]
[WARNING DRT-0419] No routing tracks pass through the center of Term i_cache_subsystem/i_icache/sram_block_1__data_sram/genblk1_0__i_ram/macro_mem_1/addr_in[0]
[WARNING DRT-0419] No routing tracks pass through the center of Term i_cache_subsystem/i_icache/sram_block_1__data_sram/genblk1_0__i_ram/macro_mem_1/addr_in[1]
[WARNING DRT-0419] No routing tracks pass through the center of Term i_cache_subsystem/i_icache/sram_block_1__data_sram/genblk1_0__i_ram/macro_mem_1/addr_in[2]
[WARNING DRT-0419] No routing tracks pass through the center of Term i_cache_subsystem/i_icache/sram_block_1__data_sram/genblk1_0__i_ram/macro_mem_1/addr_in[3]
[WARNING DRT-0419] No routing tracks pass through the center of Term i_cache_subsystem/i_icache/sram_block_1__data_sram/genblk1_0__i_ram/macro_mem_1/addr_in[4]
[WARNING DRT-0419] No routing tracks pass through the center of Term i_cache_subsystem/i_icache/sram_block_1__data_sram/genblk1_0__i_ram/macro_mem_1/addr_in[5]
[WARNING DRT-0419] No routing tracks pass through the center of Term i_cache_subsystem/i_icache/sram_block_1__data_sram/genblk1_0__i_ram/macro_mem_1/addr_in[6]
[WARNING DRT-0419] No routing tracks pass through the center of Term i_cache_subsystem/i_icache/sram_block_1__data_sram/genblk1_0__i_ram/macro_mem_1/addr_in[7]
[WARNING DRT-0419] No routing tracks pass through the center of Term i_cache_subsystem/i_icache/sram_block_1__data_sram/genblk1_0__i_ram/macro_mem_1/we_in
[WARNING DRT-0419] No routing tracks pass through the center of Term i_cache_subsystem/i_icache/sram_block_1__data_sram/genblk1_0__i_ram/macro_mem_1/ce_in
[WARNING DRT-0419] No routing tracks pass through the center of Term i_cache_subsystem/i_icache/sram_block_1__data_sram/genblk1_0__i_ram/macro_mem_1/clk
[WARNING DRT-0419] No routing tracks pass through the center of Term i_cache_subsystem/i_icache/sram_block_1__data_sram/genblk1_0__i_ram/macro_mem_2/w_mask_in[0]
[WARNING DRT-0419] No routing tracks pass through the center of Term i_cache_subsystem/i_icache/sram_block_1__data_sram/genblk1_0__i_ram/macro_mem_2/w_mask_in[1]
[WARNING DRT-0419] No routing tracks pass through the center of Term i_cache_subsystem/i_icache/sram_block_1__data_sram/genblk1_0__i_ram/macro_mem_2/w_mask_in[2]
[WARNING DRT-0419] No routing tracks pass through the center of Term i_cache_subsystem/i_icache/sram_block_1__data_sram/genblk1_0__i_ram/macro_mem_2/w_mask_in[3]
[WARNING DRT-0419] No routing tracks pass through the center of Term i_cache_subsystem/i_icache/sram_block_1__data_sram/genblk1_0__i_ram/macro_mem_2/w_mask_in[4]
[WARNING DRT-0419] No routing tracks pass through the center of Term i_cache_subsystem/i_icache/sram_block_1__data_sram/genblk1_0__i_ram/macro_mem_2/w_mask_in[5]
[WARNING DRT-0419] No routing tracks pass through the center of Term i_cache_subsystem/i_icache/sram_block_1__data_sram/genblk1_0__i_ram/macro_mem_2/w_mask_in[6]
[WARNING DRT-0419] No routing tracks pass through the center of Term i_cache_subsystem/i_icache/sram_block_1__data_sram/genblk1_0__i_ram/macro_mem_2/w_mask_in[7]
[WARNING DRT-0419] No routing tracks pass through the center of Term i_cache_subsystem/i_icache/sram_block_1__data_sram/genblk1_0__i_ram/macro_mem_2/w_mask_in[8]
[WARNING DRT-0419] No routing tracks pass through the center of Term i_cache_subsystem/i_icache/sram_block_1__data_sram/genblk1_0__i_ram/macro_mem_2/w_mask_in[9]
[WARNING DRT-0419] No routing tracks pass through the center of Term i_cache_subsystem/i_icache/sram_block_1__data_sram/genblk1_0__i_ram/macro_mem_2/w_mask_in[10]
[WARNING DRT-0419] No routing tracks pass through the center of Term i_cache_subsystem/i_icache/sram_block_1__data_sram/genblk1_0__i_ram/macro_mem_2/w_mask_in[11]
[WARNING DRT-0419] No routing tracks pass through the center of Term i_cache_subsystem/i_icache/sram_block_1__data_sram/genblk1_0__i_ram/macro_mem_2/w_mask_in[12]
[WARNING DRT-0419] No routing tracks pass through the center of Term i_cache_subsystem/i_icache/sram_block_1__data_sram/genblk1_0__i_ram/macro_mem_2/w_mask_in[13]
[WARNING DRT-0419] No routing tracks pass through the center of Term i_cache_subsystem/i_icache/sram_block_1__data_sram/genblk1_0__i_ram/macro_mem_2/w_mask_in[14]
[WARNING DRT-0419] No routing tracks pass through the center of Term i_cache_subsystem/i_icache/sram_block_1__data_sram/genblk1_0__i_ram/macro_mem_2/w_mask_in[15]
[WARNING DRT-0419] No routing tracks pass through the center of Term i_cache_subsystem/i_icache/sram_block_1__data_sram/genblk1_0__i_ram/macro_mem_2/rd_out[0]
[WARNING DRT-0419] No routing tracks pass through the center of Term i_cache_subsystem/i_icache/sram_block_1__data_sram/genblk1_0__i_ram/macro_mem_2/rd_out[1]
[WARNING DRT-0419] No routing tracks pass through the center of Term i_cache_subsystem/i_icache/sram_block_1__data_sram/genblk1_0__i_ram/macro_mem_2/rd_out[2]
[WARNING DRT-0419] No routing tracks pass through the center of Term i_cache_subsystem/i_icache/sram_block_1__data_sram/genblk1_0__i_ram/macro_mem_2/rd_out[3]
[WARNING DRT-0419] No routing tracks pass through the center of Term i_cache_subsystem/i_icache/sram_block_1__data_sram/genblk1_0__i_ram/macro_mem_2/rd_out[4]
[WARNING DRT-0419] No routing tracks pass through the center of Term i_cache_subsystem/i_icache/sram_block_1__data_sram/genblk1_0__i_ram/macro_mem_2/rd_out[5]
[WARNING DRT-0419] No routing tracks pass through the center of Term i_cache_subsystem/i_icache/sram_block_1__data_sram/genblk1_0__i_ram/macro_mem_2/rd_out[6]
[WARNING DRT-0419] No routing tracks pass through the center of Term i_cache_subsystem/i_icache/sram_block_1__data_sram/genblk1_0__i_ram/macro_mem_2/rd_out[7]
[WARNING DRT-0419] No routing tracks pass through the center of Term i_cache_subsystem/i_icache/sram_block_1__data_sram/genblk1_0__i_ram/macro_mem_2/rd_out[8]
[WARNING DRT-0419] No routing tracks pass through the center of Term i_cache_subsystem/i_icache/sram_block_1__data_sram/genblk1_0__i_ram/macro_mem_2/rd_out[9]
[WARNING DRT-0419] No routing tracks pass through the center of Term i_cache_subsystem/i_icache/sram_block_1__data_sram/genblk1_0__i_ram/macro_mem_2/rd_out[10]
[WARNING DRT-0419] No routing tracks pass through the center of Term i_cache_subsystem/i_icache/sram_block_1__data_sram/genblk1_0__i_ram/macro_mem_2/rd_out[11]
[WARNING DRT-0419] No routing tracks pass through the center of Term i_cache_subsystem/i_icache/sram_block_1__data_sram/genblk1_0__i_ram/macro_mem_2/rd_out[12]
[WARNING DRT-0419] No routing tracks pass through the center of Term i_cache_subsystem/i_icache/sram_block_1__data_sram/genblk1_0__i_ram/macro_mem_2/rd_out[13]
[WARNING DRT-0419] No routing tracks pass through the center of Term i_cache_subsystem/i_icache/sram_block_1__data_sram/genblk1_0__i_ram/macro_mem_2/rd_out[14]
[WARNING DRT-0419] No routing tracks pass through the center of Term i_cache_subsystem/i_icache/sram_block_1__data_sram/genblk1_0__i_ram/macro_mem_2/rd_out[15]
[WARNING DRT-0419] No routing tracks pass through the center of Term i_cache_subsystem/i_icache/sram_block_1__data_sram/genblk1_0__i_ram/macro_mem_2/wd_in[0]
[WARNING DRT-0419] No routing tracks pass through the center of Term i_cache_subsystem/i_icache/sram_block_1__data_sram/genblk1_0__i_ram/macro_mem_2/wd_in[1]
[WARNING DRT-0419] No routing tracks pass through the center of Term i_cache_subsystem/i_icache/sram_block_1__data_sram/genblk1_0__i_ram/macro_mem_2/wd_in[2]
[WARNING DRT-0419] No routing tracks pass through the center of Term i_cache_subsystem/i_icache/sram_block_1__data_sram/genblk1_0__i_ram/macro_mem_2/wd_in[3]
[WARNING DRT-0419] No routing tracks pass through the center of Term i_cache_subsystem/i_icache/sram_block_1__data_sram/genblk1_0__i_ram/macro_mem_2/wd_in[4]
[WARNING DRT-0419] No routing tracks pass through the center of Term i_cache_subsystem/i_icache/sram_block_1__data_sram/genblk1_0__i_ram/macro_mem_2/wd_in[5]
[WARNING DRT-0419] No routing tracks pass through the center of Term i_cache_subsystem/i_icache/sram_block_1__data_sram/genblk1_0__i_ram/macro_mem_2/wd_in[6]
[WARNING DRT-0419] No routing tracks pass through the center of Term i_cache_subsystem/i_icache/sram_block_1__data_sram/genblk1_0__i_ram/macro_mem_2/wd_in[7]
[WARNING DRT-0419] No routing tracks pass through the center of Term i_cache_subsystem/i_icache/sram_block_1__data_sram/genblk1_0__i_ram/macro_mem_2/wd_in[8]
[WARNING DRT-0419] No routing tracks pass through the center of Term i_cache_subsystem/i_icache/sram_block_1__data_sram/genblk1_0__i_ram/macro_mem_2/wd_in[9]
[WARNING DRT-0419] No routing tracks pass through the center of Term i_cache_subsystem/i_icache/sram_block_1__data_sram/genblk1_0__i_ram/macro_mem_2/wd_in[10]
[WARNING DRT-0419] No routing tracks pass through the center of Term i_cache_subsystem/i_icache/sram_block_1__data_sram/genblk1_0__i_ram/macro_mem_2/wd_in[11]
[WARNING DRT-0419] No routing tracks pass through the center of Term i_cache_subsystem/i_icache/sram_block_1__data_sram/genblk1_0__i_ram/macro_mem_2/wd_in[12]
[WARNING DRT-0419] No routing tracks pass through the center of Term i_cache_subsystem/i_icache/sram_block_1__data_sram/genblk1_0__i_ram/macro_mem_2/wd_in[13]
[WARNING DRT-0419] No routing tracks pass through the center of Term i_cache_subsystem/i_icache/sram_block_1__data_sram/genblk1_0__i_ram/macro_mem_2/wd_in[14]
[WARNING DRT-0419] No routing tracks pass through the center of Term i_cache_subsystem/i_icache/sram_block_1__data_sram/genblk1_0__i_ram/macro_mem_2/wd_in[15]
[WARNING DRT-0419] No routing tracks pass through the center of Term i_cache_subsystem/i_icache/sram_block_1__data_sram/genblk1_0__i_ram/macro_mem_2/addr_in[0]
[WARNING DRT-0419] No routing tracks pass through the center of Term i_cache_subsystem/i_icache/sram_block_1__data_sram/genblk1_0__i_ram/macro_mem_2/addr_in[1]
[WARNING DRT-0419] No routing tracks pass through the center of Term i_cache_subsystem/i_icache/sram_block_1__data_sram/genblk1_0__i_ram/macro_mem_2/addr_in[2]
[WARNING DRT-0419] No routing tracks pass through the center of Term i_cache_subsystem/i_icache/sram_block_1__data_sram/genblk1_0__i_ram/macro_mem_2/addr_in[3]
[WARNING DRT-0419] No routing tracks pass through the center of Term i_cache_subsystem/i_icache/sram_block_1__data_sram/genblk1_0__i_ram/macro_mem_2/addr_in[4]
[WARNING DRT-0419] No routing tracks pass through the center of Term i_cache_subsystem/i_icache/sram_block_1__data_sram/genblk1_0__i_ram/macro_mem_2/addr_in[5]
[WARNING DRT-0419] No routing tracks pass through the center of Term i_cache_subsystem/i_icache/sram_block_1__data_sram/genblk1_0__i_ram/macro_mem_2/addr_in[6]
[WARNING DRT-0419] No routing tracks pass through the center of Term i_cache_subsystem/i_icache/sram_block_1__data_sram/genblk1_0__i_ram/macro_mem_2/addr_in[7]
[WARNING DRT-0419] No routing tracks pass through the center of Term i_cache_subsystem/i_icache/sram_block_1__data_sram/genblk1_0__i_ram/macro_mem_2/we_in
[WARNING DRT-0419] No routing tracks pass through the center of Term i_cache_subsystem/i_icache/sram_block_1__data_sram/genblk1_0__i_ram/macro_mem_2/ce_in
[WARNING DRT-0419] No routing tracks pass through the center of Term i_cache_subsystem/i_icache/sram_block_1__data_sram/genblk1_0__i_ram/macro_mem_2/clk
[WARNING DRT-0419] No routing tracks pass through the center of Term i_cache_subsystem/i_icache/sram_block_1__data_sram/genblk1_0__i_ram/macro_mem_3/w_mask_in[0]
[WARNING DRT-0419] No routing tracks pass through the center of Term i_cache_subsystem/i_icache/sram_block_1__data_sram/genblk1_0__i_ram/macro_mem_3/w_mask_in[1]
[WARNING DRT-0419] No routing tracks pass through the center of Term i_cache_subsystem/i_icache/sram_block_1__data_sram/genblk1_0__i_ram/macro_mem_3/w_mask_in[2]
[WARNING DRT-0419] No routing tracks pass through the center of Term i_cache_subsystem/i_icache/sram_block_1__data_sram/genblk1_0__i_ram/macro_mem_3/w_mask_in[3]
[WARNING DRT-0419] No routing tracks pass through the center of Term i_cache_subsystem/i_icache/sram_block_1__data_sram/genblk1_0__i_ram/macro_mem_3/w_mask_in[4]
[WARNING DRT-0419] No routing tracks pass through the center of Term i_cache_subsystem/i_icache/sram_block_1__data_sram/genblk1_0__i_ram/macro_mem_3/w_mask_in[5]
[WARNING DRT-0419] No routing tracks pass through the center of Term i_cache_subsystem/i_icache/sram_block_1__data_sram/genblk1_0__i_ram/macro_mem_3/w_mask_in[6]
[WARNING DRT-0419] No routing tracks pass through the center of Term i_cache_subsystem/i_icache/sram_block_1__data_sram/genblk1_0__i_ram/macro_mem_3/w_mask_in[7]
[WARNING DRT-0419] No routing tracks pass through the center of Term i_cache_subsystem/i_icache/sram_block_1__data_sram/genblk1_0__i_ram/macro_mem_3/w_mask_in[8]
[WARNING DRT-0419] No routing tracks pass through the center of Term i_cache_subsystem/i_icache/sram_block_1__data_sram/genblk1_0__i_ram/macro_mem_3/w_mask_in[9]
[WARNING DRT-0419] No routing tracks pass through the center of Term i_cache_subsystem/i_icache/sram_block_1__data_sram/genblk1_0__i_ram/macro_mem_3/w_mask_in[10]
[WARNING DRT-0419] No routing tracks pass through the center of Term i_cache_subsystem/i_icache/sram_block_1__data_sram/genblk1_0__i_ram/macro_mem_3/w_mask_in[11]
[WARNING DRT-0419] No routing tracks pass through the center of Term i_cache_subsystem/i_icache/sram_block_1__data_sram/genblk1_0__i_ram/macro_mem_3/w_mask_in[12]
[WARNING DRT-0419] No routing tracks pass through the center of Term i_cache_subsystem/i_icache/sram_block_1__data_sram/genblk1_0__i_ram/macro_mem_3/w_mask_in[13]
[WARNING DRT-0419] No routing tracks pass through the center of Term i_cache_subsystem/i_icache/sram_block_1__data_sram/genblk1_0__i_ram/macro_mem_3/w_mask_in[14]
[WARNING DRT-0419] No routing tracks pass through the center of Term i_cache_subsystem/i_icache/sram_block_1__data_sram/genblk1_0__i_ram/macro_mem_3/w_mask_in[15]
[WARNING DRT-0419] No routing tracks pass through the center of Term i_cache_subsystem/i_icache/sram_block_1__data_sram/genblk1_0__i_ram/macro_mem_3/rd_out[0]
[WARNING DRT-0419] No routing tracks pass through the center of Term i_cache_subsystem/i_icache/sram_block_1__data_sram/genblk1_0__i_ram/macro_mem_3/rd_out[1]
[WARNING DRT-0419] No routing tracks pass through the center of Term i_cache_subsystem/i_icache/sram_block_1__data_sram/genblk1_0__i_ram/macro_mem_3/rd_out[2]
[WARNING DRT-0419] No routing tracks pass through the center of Term i_cache_subsystem/i_icache/sram_block_1__data_sram/genblk1_0__i_ram/macro_mem_3/rd_out[3]
[WARNING DRT-0419] No routing tracks pass through the center of Term i_cache_subsystem/i_icache/sram_block_1__data_sram/genblk1_0__i_ram/macro_mem_3/rd_out[4]
[WARNING DRT-0419] No routing tracks pass through the center of Term i_cache_subsystem/i_icache/sram_block_1__data_sram/genblk1_0__i_ram/macro_mem_3/rd_out[5]
[WARNING DRT-0419] No routing tracks pass through the center of Term i_cache_subsystem/i_icache/sram_block_1__data_sram/genblk1_0__i_ram/macro_mem_3/rd_out[6]
[WARNING DRT-0419] No routing tracks pass through the center of Term i_cache_subsystem/i_icache/sram_block_1__data_sram/genblk1_0__i_ram/macro_mem_3/rd_out[7]
[WARNING DRT-0419] No routing tracks pass through the center of Term i_cache_subsystem/i_icache/sram_block_1__data_sram/genblk1_0__i_ram/macro_mem_3/rd_out[8]
[WARNING DRT-0419] No routing tracks pass through the center of Term i_cache_subsystem/i_icache/sram_block_1__data_sram/genblk1_0__i_ram/macro_mem_3/rd_out[9]
[WARNING DRT-0419] No routing tracks pass through the center of Term i_cache_subsystem/i_icache/sram_block_1__data_sram/genblk1_0__i_ram/macro_mem_3/rd_out[10]
[WARNING DRT-0419] No routing tracks pass through the center of Term i_cache_subsystem/i_icache/sram_block_1__data_sram/genblk1_0__i_ram/macro_mem_3/rd_out[11]
[WARNING DRT-0419] No routing tracks pass through the center of Term i_cache_subsystem/i_icache/sram_block_1__data_sram/genblk1_0__i_ram/macro_mem_3/rd_out[12]
[WARNING DRT-0419] No routing tracks pass through the center of Term i_cache_subsystem/i_icache/sram_block_1__data_sram/genblk1_0__i_ram/macro_mem_3/rd_out[13]
[WARNING DRT-0419] No routing tracks pass through the center of Term i_cache_subsystem/i_icache/sram_block_1__data_sram/genblk1_0__i_ram/macro_mem_3/rd_out[14]
[WARNING DRT-0419] No routing tracks pass through the center of Term i_cache_subsystem/i_icache/sram_block_1__data_sram/genblk1_0__i_ram/macro_mem_3/rd_out[15]
[WARNING DRT-0419] No routing tracks pass through the center of Term i_cache_subsystem/i_icache/sram_block_1__data_sram/genblk1_0__i_ram/macro_mem_3/wd_in[0]
[WARNING DRT-0419] No routing tracks pass through the center of Term i_cache_subsystem/i_icache/sram_block_1__data_sram/genblk1_0__i_ram/macro_mem_3/wd_in[1]
[WARNING DRT-0419] No routing tracks pass through the center of Term i_cache_subsystem/i_icache/sram_block_1__data_sram/genblk1_0__i_ram/macro_mem_3/wd_in[2]
[WARNING DRT-0419] No routing tracks pass through the center of Term i_cache_subsystem/i_icache/sram_block_1__data_sram/genblk1_0__i_ram/macro_mem_3/wd_in[3]
[WARNING DRT-0419] No routing tracks pass through the center of Term i_cache_subsystem/i_icache/sram_block_1__data_sram/genblk1_0__i_ram/macro_mem_3/wd_in[4]
[WARNING DRT-0419] No routing tracks pass through the center of Term i_cache_subsystem/i_icache/sram_block_1__data_sram/genblk1_0__i_ram/macro_mem_3/wd_in[5]
[WARNING DRT-0419] No routing tracks pass through the center of Term i_cache_subsystem/i_icache/sram_block_1__data_sram/genblk1_0__i_ram/macro_mem_3/wd_in[6]
[WARNING DRT-0419] No routing tracks pass through the center of Term i_cache_subsystem/i_icache/sram_block_1__data_sram/genblk1_0__i_ram/macro_mem_3/wd_in[7]
[WARNING DRT-0419] No routing tracks pass through the center of Term i_cache_subsystem/i_icache/sram_block_1__data_sram/genblk1_0__i_ram/macro_mem_3/wd_in[8]
[WARNING DRT-0419] No routing tracks pass through the center of Term i_cache_subsystem/i_icache/sram_block_1__data_sram/genblk1_0__i_ram/macro_mem_3/wd_in[9]
[WARNING DRT-0419] No routing tracks pass through the center of Term i_cache_subsystem/i_icache/sram_block_1__data_sram/genblk1_0__i_ram/macro_mem_3/wd_in[10]
[WARNING DRT-0419] No routing tracks pass through the center of Term i_cache_subsystem/i_icache/sram_block_1__data_sram/genblk1_0__i_ram/macro_mem_3/wd_in[11]
[WARNING DRT-0419] No routing tracks pass through the center of Term i_cache_subsystem/i_icache/sram_block_1__data_sram/genblk1_0__i_ram/macro_mem_3/wd_in[12]
[WARNING DRT-0419] No routing tracks pass through the center of Term i_cache_subsystem/i_icache/sram_block_1__data_sram/genblk1_0__i_ram/macro_mem_3/wd_in[13]
[WARNING DRT-0419] No routing tracks pass through the center of Term i_cache_subsystem/i_icache/sram_block_1__data_sram/genblk1_0__i_ram/macro_mem_3/wd_in[14]
[WARNING DRT-0419] No routing tracks pass through the center of Term i_cache_subsystem/i_icache/sram_block_1__data_sram/genblk1_0__i_ram/macro_mem_3/wd_in[15]
[WARNING DRT-0419] No routing tracks pass through the center of Term i_cache_subsystem/i_icache/sram_block_1__data_sram/genblk1_0__i_ram/macro_mem_3/addr_in[0]
[WARNING DRT-0419] No routing tracks pass through the center of Term i_cache_subsystem/i_icache/sram_block_1__data_sram/genblk1_0__i_ram/macro_mem_3/addr_in[1]
[WARNING DRT-0419] No routing tracks pass through the center of Term i_cache_subsystem/i_icache/sram_block_1__data_sram/genblk1_0__i_ram/macro_mem_3/addr_in[2]
[WARNING DRT-0419] No routing tracks pass through the center of Term i_cache_subsystem/i_icache/sram_block_1__data_sram/genblk1_0__i_ram/macro_mem_3/addr_in[3]
[WARNING DRT-0419] No routing tracks pass through the center of Term i_cache_subsystem/i_icache/sram_block_1__data_sram/genblk1_0__i_ram/macro_mem_3/addr_in[4]
[WARNING DRT-0419] No routing tracks pass through the center of Term i_cache_subsystem/i_icache/sram_block_1__data_sram/genblk1_0__i_ram/macro_mem_3/addr_in[5]
[WARNING DRT-0419] No routing tracks pass through the center of Term i_cache_subsystem/i_icache/sram_block_1__data_sram/genblk1_0__i_ram/macro_mem_3/addr_in[6]
[WARNING DRT-0419] No routing tracks pass through the center of Term i_cache_subsystem/i_icache/sram_block_1__data_sram/genblk1_0__i_ram/macro_mem_3/addr_in[7]
[WARNING DRT-0419] No routing tracks pass through the center of Term i_cache_subsystem/i_icache/sram_block_1__data_sram/genblk1_0__i_ram/macro_mem_3/we_in
[WARNING DRT-0419] No routing tracks pass through the center of Term i_cache_subsystem/i_icache/sram_block_1__data_sram/genblk1_0__i_ram/macro_mem_3/ce_in
[WARNING DRT-0419] No routing tracks pass through the center of Term i_cache_subsystem/i_icache/sram_block_1__data_sram/genblk1_0__i_ram/macro_mem_3/clk
[WARNING DRT-0419] No routing tracks pass through the center of Term i_cache_subsystem/i_icache/sram_block_1__data_sram/genblk1_1__i_ram/macro_mem_1/w_mask_in[0]
[WARNING DRT-0419] No routing tracks pass through the center of Term i_cache_subsystem/i_icache/sram_block_1__data_sram/genblk1_1__i_ram/macro_mem_1/w_mask_in[1]
[WARNING DRT-0419] No routing tracks pass through the center of Term i_cache_subsystem/i_icache/sram_block_1__data_sram/genblk1_1__i_ram/macro_mem_1/w_mask_in[2]
[WARNING DRT-0419] No routing tracks pass through the center of Term i_cache_subsystem/i_icache/sram_block_1__data_sram/genblk1_1__i_ram/macro_mem_1/w_mask_in[3]
[WARNING DRT-0419] No routing tracks pass through the center of Term i_cache_subsystem/i_icache/sram_block_1__data_sram/genblk1_1__i_ram/macro_mem_1/w_mask_in[4]
[WARNING DRT-0419] No routing tracks pass through the center of Term i_cache_subsystem/i_icache/sram_block_1__data_sram/genblk1_1__i_ram/macro_mem_1/w_mask_in[5]
[WARNING DRT-0419] No routing tracks pass through the center of Term i_cache_subsystem/i_icache/sram_block_1__data_sram/genblk1_1__i_ram/macro_mem_1/w_mask_in[6]
[WARNING DRT-0419] No routing tracks pass through the center of Term i_cache_subsystem/i_icache/sram_block_1__data_sram/genblk1_1__i_ram/macro_mem_1/w_mask_in[7]
[WARNING DRT-0419] No routing tracks pass through the center of Term i_cache_subsystem/i_icache/sram_block_1__data_sram/genblk1_1__i_ram/macro_mem_1/w_mask_in[8]
[WARNING DRT-0419] No routing tracks pass through the center of Term i_cache_subsystem/i_icache/sram_block_1__data_sram/genblk1_1__i_ram/macro_mem_1/w_mask_in[9]
[WARNING DRT-0419] No routing tracks pass through the center of Term i_cache_subsystem/i_icache/sram_block_1__data_sram/genblk1_1__i_ram/macro_mem_1/w_mask_in[10]
[WARNING DRT-0419] No routing tracks pass through the center of Term i_cache_subsystem/i_icache/sram_block_1__data_sram/genblk1_1__i_ram/macro_mem_1/w_mask_in[11]
[WARNING DRT-0419] No routing tracks pass through the center of Term i_cache_subsystem/i_icache/sram_block_1__data_sram/genblk1_1__i_ram/macro_mem_1/w_mask_in[12]
[WARNING DRT-0419] No routing tracks pass through the center of Term i_cache_subsystem/i_icache/sram_block_1__data_sram/genblk1_1__i_ram/macro_mem_1/w_mask_in[13]
[WARNING DRT-0419] No routing tracks pass through the center of Term i_cache_subsystem/i_icache/sram_block_1__data_sram/genblk1_1__i_ram/macro_mem_1/w_mask_in[14]
[WARNING DRT-0419] No routing tracks pass through the center of Term i_cache_subsystem/i_icache/sram_block_1__data_sram/genblk1_1__i_ram/macro_mem_1/w_mask_in[15]
[WARNING DRT-0419] No routing tracks pass through the center of Term i_cache_subsystem/i_icache/sram_block_1__data_sram/genblk1_1__i_ram/macro_mem_1/rd_out[0]
[WARNING DRT-0419] No routing tracks pass through the center of Term i_cache_subsystem/i_icache/sram_block_1__data_sram/genblk1_1__i_ram/macro_mem_1/rd_out[1]
[WARNING DRT-0419] No routing tracks pass through the center of Term i_cache_subsystem/i_icache/sram_block_1__data_sram/genblk1_1__i_ram/macro_mem_1/rd_out[2]
[WARNING DRT-0419] No routing tracks pass through the center of Term i_cache_subsystem/i_icache/sram_block_1__data_sram/genblk1_1__i_ram/macro_mem_1/rd_out[3]
[WARNING DRT-0419] No routing tracks pass through the center of Term i_cache_subsystem/i_icache/sram_block_1__data_sram/genblk1_1__i_ram/macro_mem_1/rd_out[4]
[WARNING DRT-0419] No routing tracks pass through the center of Term i_cache_subsystem/i_icache/sram_block_1__data_sram/genblk1_1__i_ram/macro_mem_1/rd_out[5]
[WARNING DRT-0419] No routing tracks pass through the center of Term i_cache_subsystem/i_icache/sram_block_1__data_sram/genblk1_1__i_ram/macro_mem_1/rd_out[6]
[WARNING DRT-0419] No routing tracks pass through the center of Term i_cache_subsystem/i_icache/sram_block_1__data_sram/genblk1_1__i_ram/macro_mem_1/rd_out[7]
[WARNING DRT-0419] No routing tracks pass through the center of Term i_cache_subsystem/i_icache/sram_block_1__data_sram/genblk1_1__i_ram/macro_mem_1/rd_out[8]
[WARNING DRT-0419] No routing tracks pass through the center of Term i_cache_subsystem/i_icache/sram_block_1__data_sram/genblk1_1__i_ram/macro_mem_1/rd_out[9]
[WARNING DRT-0419] No routing tracks pass through the center of Term i_cache_subsystem/i_icache/sram_block_1__data_sram/genblk1_1__i_ram/macro_mem_1/rd_out[10]
[WARNING DRT-0419] No routing tracks pass through the center of Term i_cache_subsystem/i_icache/sram_block_1__data_sram/genblk1_1__i_ram/macro_mem_1/rd_out[11]
[WARNING DRT-0419] No routing tracks pass through the center of Term i_cache_subsystem/i_icache/sram_block_1__data_sram/genblk1_1__i_ram/macro_mem_1/rd_out[12]
[WARNING DRT-0419] No routing tracks pass through the center of Term i_cache_subsystem/i_icache/sram_block_1__data_sram/genblk1_1__i_ram/macro_mem_1/rd_out[13]
[WARNING DRT-0419] No routing tracks pass through the center of Term i_cache_subsystem/i_icache/sram_block_1__data_sram/genblk1_1__i_ram/macro_mem_1/rd_out[14]
[WARNING DRT-0419] No routing tracks pass through the center of Term i_cache_subsystem/i_icache/sram_block_1__data_sram/genblk1_1__i_ram/macro_mem_1/rd_out[15]
[WARNING DRT-0419] No routing tracks pass through the center of Term i_cache_subsystem/i_icache/sram_block_1__data_sram/genblk1_1__i_ram/macro_mem_1/wd_in[0]
[WARNING DRT-0419] No routing tracks pass through the center of Term i_cache_subsystem/i_icache/sram_block_1__data_sram/genblk1_1__i_ram/macro_mem_1/wd_in[1]
[WARNING DRT-0419] No routing tracks pass through the center of Term i_cache_subsystem/i_icache/sram_block_1__data_sram/genblk1_1__i_ram/macro_mem_1/wd_in[2]
[WARNING DRT-0419] No routing tracks pass through the center of Term i_cache_subsystem/i_icache/sram_block_1__data_sram/genblk1_1__i_ram/macro_mem_1/wd_in[3]
[WARNING DRT-0419] No routing tracks pass through the center of Term i_cache_subsystem/i_icache/sram_block_1__data_sram/genblk1_1__i_ram/macro_mem_1/wd_in[4]
[WARNING DRT-0419] No routing tracks pass through the center of Term i_cache_subsystem/i_icache/sram_block_1__data_sram/genblk1_1__i_ram/macro_mem_1/wd_in[5]
[WARNING DRT-0419] No routing tracks pass through the center of Term i_cache_subsystem/i_icache/sram_block_1__data_sram/genblk1_1__i_ram/macro_mem_1/wd_in[6]
[WARNING DRT-0419] No routing tracks pass through the center of Term i_cache_subsystem/i_icache/sram_block_1__data_sram/genblk1_1__i_ram/macro_mem_1/wd_in[7]
[WARNING DRT-0419] No routing tracks pass through the center of Term i_cache_subsystem/i_icache/sram_block_1__data_sram/genblk1_1__i_ram/macro_mem_1/wd_in[8]
[WARNING DRT-0419] No routing tracks pass through the center of Term i_cache_subsystem/i_icache/sram_block_1__data_sram/genblk1_1__i_ram/macro_mem_1/wd_in[9]
[WARNING DRT-0419] No routing tracks pass through the center of Term i_cache_subsystem/i_icache/sram_block_1__data_sram/genblk1_1__i_ram/macro_mem_1/wd_in[10]
[WARNING DRT-0419] No routing tracks pass through the center of Term i_cache_subsystem/i_icache/sram_block_1__data_sram/genblk1_1__i_ram/macro_mem_1/wd_in[11]
[WARNING DRT-0419] No routing tracks pass through the center of Term i_cache_subsystem/i_icache/sram_block_1__data_sram/genblk1_1__i_ram/macro_mem_1/wd_in[12]
[WARNING DRT-0419] No routing tracks pass through the center of Term i_cache_subsystem/i_icache/sram_block_1__data_sram/genblk1_1__i_ram/macro_mem_1/wd_in[13]
[WARNING DRT-0419] No routing tracks pass through the center of Term i_cache_subsystem/i_icache/sram_block_1__data_sram/genblk1_1__i_ram/macro_mem_1/wd_in[14]
[WARNING DRT-0419] No routing tracks pass through the center of Term i_cache_subsystem/i_icache/sram_block_1__data_sram/genblk1_1__i_ram/macro_mem_1/wd_in[15]
[WARNING DRT-0419] No routing tracks pass through the center of Term i_cache_subsystem/i_icache/sram_block_1__data_sram/genblk1_1__i_ram/macro_mem_1/addr_in[0]
[WARNING DRT-0419] No routing tracks pass through the center of Term i_cache_subsystem/i_icache/sram_block_1__data_sram/genblk1_1__i_ram/macro_mem_1/addr_in[1]
[WARNING DRT-0419] No routing tracks pass through the center of Term i_cache_subsystem/i_icache/sram_block_1__data_sram/genblk1_1__i_ram/macro_mem_1/addr_in[2]
[WARNING DRT-0419] No routing tracks pass through the center of Term i_cache_subsystem/i_icache/sram_block_1__data_sram/genblk1_1__i_ram/macro_mem_1/addr_in[3]
[WARNING DRT-0419] No routing tracks pass through the center of Term i_cache_subsystem/i_icache/sram_block_1__data_sram/genblk1_1__i_ram/macro_mem_1/addr_in[4]
[WARNING DRT-0419] No routing tracks pass through the center of Term i_cache_subsystem/i_icache/sram_block_1__data_sram/genblk1_1__i_ram/macro_mem_1/addr_in[5]
[WARNING DRT-0419] No routing tracks pass through the center of Term i_cache_subsystem/i_icache/sram_block_1__data_sram/genblk1_1__i_ram/macro_mem_1/addr_in[6]
[WARNING DRT-0419] No routing tracks pass through the center of Term i_cache_subsystem/i_icache/sram_block_1__data_sram/genblk1_1__i_ram/macro_mem_1/addr_in[7]
[WARNING DRT-0419] No routing tracks pass through the center of Term i_cache_subsystem/i_icache/sram_block_1__data_sram/genblk1_1__i_ram/macro_mem_1/we_in
[WARNING DRT-0419] No routing tracks pass through the center of Term i_cache_subsystem/i_icache/sram_block_1__data_sram/genblk1_1__i_ram/macro_mem_1/ce_in
[WARNING DRT-0419] No routing tracks pass through the center of Term i_cache_subsystem/i_icache/sram_block_1__data_sram/genblk1_1__i_ram/macro_mem_1/clk
[WARNING DRT-0419] No routing tracks pass through the center of Term i_cache_subsystem/i_icache/sram_block_1__data_sram/genblk1_1__i_ram/macro_mem_2/w_mask_in[0]
[WARNING DRT-0419] No routing tracks pass through the center of Term i_cache_subsystem/i_icache/sram_block_1__data_sram/genblk1_1__i_ram/macro_mem_2/w_mask_in[1]
[WARNING DRT-0419] No routing tracks pass through the center of Term i_cache_subsystem/i_icache/sram_block_1__data_sram/genblk1_1__i_ram/macro_mem_2/w_mask_in[2]
[WARNING DRT-0419] No routing tracks pass through the center of Term i_cache_subsystem/i_icache/sram_block_1__data_sram/genblk1_1__i_ram/macro_mem_2/w_mask_in[3]
[WARNING DRT-0419] No routing tracks pass through the center of Term i_cache_subsystem/i_icache/sram_block_1__data_sram/genblk1_1__i_ram/macro_mem_2/w_mask_in[4]
[WARNING DRT-0419] No routing tracks pass through the center of Term i_cache_subsystem/i_icache/sram_block_1__data_sram/genblk1_1__i_ram/macro_mem_2/w_mask_in[5]
[WARNING DRT-0419] No routing tracks pass through the center of Term i_cache_subsystem/i_icache/sram_block_1__data_sram/genblk1_1__i_ram/macro_mem_2/w_mask_in[6]
[WARNING DRT-0419] No routing tracks pass through the center of Term i_cache_subsystem/i_icache/sram_block_1__data_sram/genblk1_1__i_ram/macro_mem_2/w_mask_in[7]
[WARNING DRT-0419] No routing tracks pass through the center of Term i_cache_subsystem/i_icache/sram_block_1__data_sram/genblk1_1__i_ram/macro_mem_2/w_mask_in[8]
[WARNING DRT-0419] No routing tracks pass through the center of Term i_cache_subsystem/i_icache/sram_block_1__data_sram/genblk1_1__i_ram/macro_mem_2/w_mask_in[9]
[WARNING DRT-0419] No routing tracks pass through the center of Term i_cache_subsystem/i_icache/sram_block_1__data_sram/genblk1_1__i_ram/macro_mem_2/w_mask_in[10]
[WARNING DRT-0419] No routing tracks pass through the center of Term i_cache_subsystem/i_icache/sram_block_1__data_sram/genblk1_1__i_ram/macro_mem_2/w_mask_in[11]
[WARNING DRT-0419] No routing tracks pass through the center of Term i_cache_subsystem/i_icache/sram_block_1__data_sram/genblk1_1__i_ram/macro_mem_2/w_mask_in[12]
[WARNING DRT-0419] No routing tracks pass through the center of Term i_cache_subsystem/i_icache/sram_block_1__data_sram/genblk1_1__i_ram/macro_mem_2/w_mask_in[13]
[WARNING DRT-0419] No routing tracks pass through the center of Term i_cache_subsystem/i_icache/sram_block_1__data_sram/genblk1_1__i_ram/macro_mem_2/w_mask_in[14]
[WARNING DRT-0419] No routing tracks pass through the center of Term i_cache_subsystem/i_icache/sram_block_1__data_sram/genblk1_1__i_ram/macro_mem_2/w_mask_in[15]
[WARNING DRT-0419] No routing tracks pass through the center of Term i_cache_subsystem/i_icache/sram_block_1__data_sram/genblk1_1__i_ram/macro_mem_2/rd_out[0]
[WARNING DRT-0419] No routing tracks pass through the center of Term i_cache_subsystem/i_icache/sram_block_1__data_sram/genblk1_1__i_ram/macro_mem_2/rd_out[1]
[WARNING DRT-0419] No routing tracks pass through the center of Term i_cache_subsystem/i_icache/sram_block_1__data_sram/genblk1_1__i_ram/macro_mem_2/rd_out[2]
[WARNING DRT-0419] No routing tracks pass through the center of Term i_cache_subsystem/i_icache/sram_block_1__data_sram/genblk1_1__i_ram/macro_mem_2/rd_out[3]
[WARNING DRT-0419] No routing tracks pass through the center of Term i_cache_subsystem/i_icache/sram_block_1__data_sram/genblk1_1__i_ram/macro_mem_2/rd_out[4]
[WARNING DRT-0419] No routing tracks pass through the center of Term i_cache_subsystem/i_icache/sram_block_1__data_sram/genblk1_1__i_ram/macro_mem_2/rd_out[5]
[WARNING DRT-0419] No routing tracks pass through the center of Term i_cache_subsystem/i_icache/sram_block_1__data_sram/genblk1_1__i_ram/macro_mem_2/rd_out[6]
[WARNING DRT-0419] No routing tracks pass through the center of Term i_cache_subsystem/i_icache/sram_block_1__data_sram/genblk1_1__i_ram/macro_mem_2/rd_out[7]
[WARNING DRT-0419] No routing tracks pass through the center of Term i_cache_subsystem/i_icache/sram_block_1__data_sram/genblk1_1__i_ram/macro_mem_2/rd_out[8]
[WARNING DRT-0419] No routing tracks pass through the center of Term i_cache_subsystem/i_icache/sram_block_1__data_sram/genblk1_1__i_ram/macro_mem_2/rd_out[9]
[WARNING DRT-0419] No routing tracks pass through the center of Term i_cache_subsystem/i_icache/sram_block_1__data_sram/genblk1_1__i_ram/macro_mem_2/rd_out[10]
[WARNING DRT-0419] No routing tracks pass through the center of Term i_cache_subsystem/i_icache/sram_block_1__data_sram/genblk1_1__i_ram/macro_mem_2/rd_out[11]
[WARNING DRT-0419] No routing tracks pass through the center of Term i_cache_subsystem/i_icache/sram_block_1__data_sram/genblk1_1__i_ram/macro_mem_2/rd_out[12]
[WARNING DRT-0419] No routing tracks pass through the center of Term i_cache_subsystem/i_icache/sram_block_1__data_sram/genblk1_1__i_ram/macro_mem_2/rd_out[13]
[WARNING DRT-0419] No routing tracks pass through the center of Term i_cache_subsystem/i_icache/sram_block_1__data_sram/genblk1_1__i_ram/macro_mem_2/rd_out[14]
[WARNING DRT-0419] No routing tracks pass through the center of Term i_cache_subsystem/i_icache/sram_block_1__data_sram/genblk1_1__i_ram/macro_mem_2/rd_out[15]
[WARNING DRT-0419] No routing tracks pass through the center of Term i_cache_subsystem/i_icache/sram_block_1__data_sram/genblk1_1__i_ram/macro_mem_2/wd_in[0]
[WARNING DRT-0419] No routing tracks pass through the center of Term i_cache_subsystem/i_icache/sram_block_1__data_sram/genblk1_1__i_ram/macro_mem_2/wd_in[1]
[WARNING DRT-0419] No routing tracks pass through the center of Term i_cache_subsystem/i_icache/sram_block_1__data_sram/genblk1_1__i_ram/macro_mem_2/wd_in[2]
[WARNING DRT-0419] No routing tracks pass through the center of Term i_cache_subsystem/i_icache/sram_block_1__data_sram/genblk1_1__i_ram/macro_mem_2/wd_in[3]
[WARNING DRT-0419] No routing tracks pass through the center of Term i_cache_subsystem/i_icache/sram_block_1__data_sram/genblk1_1__i_ram/macro_mem_2/wd_in[4]
[WARNING DRT-0419] No routing tracks pass through the center of Term i_cache_subsystem/i_icache/sram_block_1__data_sram/genblk1_1__i_ram/macro_mem_2/wd_in[5]
[WARNING DRT-0419] No routing tracks pass through the center of Term i_cache_subsystem/i_icache/sram_block_1__data_sram/genblk1_1__i_ram/macro_mem_2/wd_in[6]
[WARNING DRT-0419] No routing tracks pass through the center of Term i_cache_subsystem/i_icache/sram_block_1__data_sram/genblk1_1__i_ram/macro_mem_2/wd_in[7]
[WARNING DRT-0419] No routing tracks pass through the center of Term i_cache_subsystem/i_icache/sram_block_1__data_sram/genblk1_1__i_ram/macro_mem_2/wd_in[8]
[WARNING DRT-0419] No routing tracks pass through the center of Term i_cache_subsystem/i_icache/sram_block_1__data_sram/genblk1_1__i_ram/macro_mem_2/wd_in[9]
[WARNING DRT-0419] No routing tracks pass through the center of Term i_cache_subsystem/i_icache/sram_block_1__data_sram/genblk1_1__i_ram/macro_mem_2/wd_in[10]
[WARNING DRT-0419] No routing tracks pass through the center of Term i_cache_subsystem/i_icache/sram_block_1__data_sram/genblk1_1__i_ram/macro_mem_2/wd_in[11]
[WARNING DRT-0419] No routing tracks pass through the center of Term i_cache_subsystem/i_icache/sram_block_1__data_sram/genblk1_1__i_ram/macro_mem_2/wd_in[12]
[WARNING DRT-0419] No routing tracks pass through the center of Term i_cache_subsystem/i_icache/sram_block_1__data_sram/genblk1_1__i_ram/macro_mem_2/wd_in[13]
[WARNING DRT-0419] No routing tracks pass through the center of Term i_cache_subsystem/i_icache/sram_block_1__data_sram/genblk1_1__i_ram/macro_mem_2/wd_in[14]
[WARNING DRT-0419] No routing tracks pass through the center of Term i_cache_subsystem/i_icache/sram_block_1__data_sram/genblk1_1__i_ram/macro_mem_2/wd_in[15]
[WARNING DRT-0419] No routing tracks pass through the center of Term i_cache_subsystem/i_icache/sram_block_1__data_sram/genblk1_1__i_ram/macro_mem_2/addr_in[0]
[WARNING DRT-0419] No routing tracks pass through the center of Term i_cache_subsystem/i_icache/sram_block_1__data_sram/genblk1_1__i_ram/macro_mem_2/addr_in[1]
[WARNING DRT-0419] No routing tracks pass through the center of Term i_cache_subsystem/i_icache/sram_block_1__data_sram/genblk1_1__i_ram/macro_mem_2/addr_in[2]
[WARNING DRT-0419] No routing tracks pass through the center of Term i_cache_subsystem/i_icache/sram_block_1__data_sram/genblk1_1__i_ram/macro_mem_2/addr_in[3]
[WARNING DRT-0419] No routing tracks pass through the center of Term i_cache_subsystem/i_icache/sram_block_1__data_sram/genblk1_1__i_ram/macro_mem_2/addr_in[4]
[WARNING DRT-0419] No routing tracks pass through the center of Term i_cache_subsystem/i_icache/sram_block_1__data_sram/genblk1_1__i_ram/macro_mem_2/addr_in[5]
[WARNING DRT-0419] No routing tracks pass through the center of Term i_cache_subsystem/i_icache/sram_block_1__data_sram/genblk1_1__i_ram/macro_mem_2/addr_in[6]
[WARNING DRT-0419] No routing tracks pass through the center of Term i_cache_subsystem/i_icache/sram_block_1__data_sram/genblk1_1__i_ram/macro_mem_2/addr_in[7]
[WARNING DRT-0419] No routing tracks pass through the center of Term i_cache_subsystem/i_icache/sram_block_1__data_sram/genblk1_1__i_ram/macro_mem_2/we_in
[WARNING DRT-0419] No routing tracks pass through the center of Term i_cache_subsystem/i_icache/sram_block_1__data_sram/genblk1_1__i_ram/macro_mem_2/ce_in
[WARNING DRT-0419] No routing tracks pass through the center of Term i_cache_subsystem/i_icache/sram_block_1__data_sram/genblk1_1__i_ram/macro_mem_2/clk
[WARNING DRT-0419] No routing tracks pass through the center of Term i_cache_subsystem/i_icache/sram_block_1__data_sram/genblk1_1__i_ram/macro_mem_3/w_mask_in[0]
[WARNING DRT-0419] No routing tracks pass through the center of Term i_cache_subsystem/i_icache/sram_block_1__data_sram/genblk1_1__i_ram/macro_mem_3/w_mask_in[1]
[WARNING DRT-0419] No routing tracks pass through the center of Term i_cache_subsystem/i_icache/sram_block_1__data_sram/genblk1_1__i_ram/macro_mem_3/w_mask_in[2]
[WARNING DRT-0419] No routing tracks pass through the center of Term i_cache_subsystem/i_icache/sram_block_1__data_sram/genblk1_1__i_ram/macro_mem_3/w_mask_in[3]
[WARNING DRT-0419] No routing tracks pass through the center of Term i_cache_subsystem/i_icache/sram_block_1__data_sram/genblk1_1__i_ram/macro_mem_3/w_mask_in[4]
[WARNING DRT-0419] No routing tracks pass through the center of Term i_cache_subsystem/i_icache/sram_block_1__data_sram/genblk1_1__i_ram/macro_mem_3/w_mask_in[5]
[WARNING DRT-0419] No routing tracks pass through the center of Term i_cache_subsystem/i_icache/sram_block_1__data_sram/genblk1_1__i_ram/macro_mem_3/w_mask_in[6]
[WARNING DRT-0419] No routing tracks pass through the center of Term i_cache_subsystem/i_icache/sram_block_1__data_sram/genblk1_1__i_ram/macro_mem_3/w_mask_in[7]
[WARNING DRT-0419] No routing tracks pass through the center of Term i_cache_subsystem/i_icache/sram_block_1__data_sram/genblk1_1__i_ram/macro_mem_3/w_mask_in[8]
[WARNING DRT-0419] No routing tracks pass through the center of Term i_cache_subsystem/i_icache/sram_block_1__data_sram/genblk1_1__i_ram/macro_mem_3/w_mask_in[9]
[WARNING DRT-0419] No routing tracks pass through the center of Term i_cache_subsystem/i_icache/sram_block_1__data_sram/genblk1_1__i_ram/macro_mem_3/w_mask_in[10]
[WARNING DRT-0419] No routing tracks pass through the center of Term i_cache_subsystem/i_icache/sram_block_1__data_sram/genblk1_1__i_ram/macro_mem_3/w_mask_in[11]
[WARNING DRT-0419] No routing tracks pass through the center of Term i_cache_subsystem/i_icache/sram_block_1__data_sram/genblk1_1__i_ram/macro_mem_3/w_mask_in[12]
[WARNING DRT-0419] No routing tracks pass through the center of Term i_cache_subsystem/i_icache/sram_block_1__data_sram/genblk1_1__i_ram/macro_mem_3/w_mask_in[13]
[WARNING DRT-0419] No routing tracks pass through the center of Term i_cache_subsystem/i_icache/sram_block_1__data_sram/genblk1_1__i_ram/macro_mem_3/w_mask_in[14]
[WARNING DRT-0419] No routing tracks pass through the center of Term i_cache_subsystem/i_icache/sram_block_1__data_sram/genblk1_1__i_ram/macro_mem_3/w_mask_in[15]
[WARNING DRT-0419] No routing tracks pass through the center of Term i_cache_subsystem/i_icache/sram_block_1__data_sram/genblk1_1__i_ram/macro_mem_3/rd_out[0]
[WARNING DRT-0419] No routing tracks pass through the center of Term i_cache_subsystem/i_icache/sram_block_1__data_sram/genblk1_1__i_ram/macro_mem_3/rd_out[1]
[WARNING DRT-0419] No routing tracks pass through the center of Term i_cache_subsystem/i_icache/sram_block_1__data_sram/genblk1_1__i_ram/macro_mem_3/rd_out[2]
[WARNING DRT-0419] No routing tracks pass through the center of Term i_cache_subsystem/i_icache/sram_block_1__data_sram/genblk1_1__i_ram/macro_mem_3/rd_out[3]
[WARNING DRT-0419] No routing tracks pass through the center of Term i_cache_subsystem/i_icache/sram_block_1__data_sram/genblk1_1__i_ram/macro_mem_3/rd_out[4]
[WARNING DRT-0419] No routing tracks pass through the center of Term i_cache_subsystem/i_icache/sram_block_1__data_sram/genblk1_1__i_ram/macro_mem_3/rd_out[5]
[WARNING DRT-0419] No routing tracks pass through the center of Term i_cache_subsystem/i_icache/sram_block_1__data_sram/genblk1_1__i_ram/macro_mem_3/rd_out[6]
[WARNING DRT-0419] No routing tracks pass through the center of Term i_cache_subsystem/i_icache/sram_block_1__data_sram/genblk1_1__i_ram/macro_mem_3/rd_out[7]
[WARNING DRT-0419] No routing tracks pass through the center of Term i_cache_subsystem/i_icache/sram_block_1__data_sram/genblk1_1__i_ram/macro_mem_3/rd_out[8]
[WARNING DRT-0419] No routing tracks pass through the center of Term i_cache_subsystem/i_icache/sram_block_1__data_sram/genblk1_1__i_ram/macro_mem_3/rd_out[9]
[WARNING DRT-0419] No routing tracks pass through the center of Term i_cache_subsystem/i_icache/sram_block_1__data_sram/genblk1_1__i_ram/macro_mem_3/rd_out[10]
[WARNING DRT-0419] No routing tracks pass through the center of Term i_cache_subsystem/i_icache/sram_block_1__data_sram/genblk1_1__i_ram/macro_mem_3/rd_out[11]
[WARNING DRT-0419] No routing tracks pass through the center of Term i_cache_subsystem/i_icache/sram_block_1__data_sram/genblk1_1__i_ram/macro_mem_3/rd_out[12]
[WARNING DRT-0419] No routing tracks pass through the center of Term i_cache_subsystem/i_icache/sram_block_1__data_sram/genblk1_1__i_ram/macro_mem_3/rd_out[13]
[WARNING DRT-0419] No routing tracks pass through the center of Term i_cache_subsystem/i_icache/sram_block_1__data_sram/genblk1_1__i_ram/macro_mem_3/rd_out[14]
[WARNING DRT-0419] No routing tracks pass through the center of Term i_cache_subsystem/i_icache/sram_block_1__data_sram/genblk1_1__i_ram/macro_mem_3/rd_out[15]
[WARNING DRT-0419] No routing tracks pass through the center of Term i_cache_subsystem/i_icache/sram_block_1__data_sram/genblk1_1__i_ram/macro_mem_3/wd_in[0]
[WARNING DRT-0419] No routing tracks pass through the center of Term i_cache_subsystem/i_icache/sram_block_1__data_sram/genblk1_1__i_ram/macro_mem_3/wd_in[1]
[WARNING DRT-0419] No routing tracks pass through the center of Term i_cache_subsystem/i_icache/sram_block_1__data_sram/genblk1_1__i_ram/macro_mem_3/wd_in[2]
[WARNING DRT-0419] No routing tracks pass through the center of Term i_cache_subsystem/i_icache/sram_block_1__data_sram/genblk1_1__i_ram/macro_mem_3/wd_in[3]
[WARNING DRT-0419] No routing tracks pass through the center of Term i_cache_subsystem/i_icache/sram_block_1__data_sram/genblk1_1__i_ram/macro_mem_3/wd_in[4]
[WARNING DRT-0419] No routing tracks pass through the center of Term i_cache_subsystem/i_icache/sram_block_1__data_sram/genblk1_1__i_ram/macro_mem_3/wd_in[5]
[WARNING DRT-0419] No routing tracks pass through the center of Term i_cache_subsystem/i_icache/sram_block_1__data_sram/genblk1_1__i_ram/macro_mem_3/wd_in[6]
[WARNING DRT-0419] No routing tracks pass through the center of Term i_cache_subsystem/i_icache/sram_block_1__data_sram/genblk1_1__i_ram/macro_mem_3/wd_in[7]
[WARNING DRT-0419] No routing tracks pass through the center of Term i_cache_subsystem/i_icache/sram_block_1__data_sram/genblk1_1__i_ram/macro_mem_3/wd_in[8]
[WARNING DRT-0419] No routing tracks pass through the center of Term i_cache_subsystem/i_icache/sram_block_1__data_sram/genblk1_1__i_ram/macro_mem_3/wd_in[9]
[WARNING DRT-0419] No routing tracks pass through the center of Term i_cache_subsystem/i_icache/sram_block_1__data_sram/genblk1_1__i_ram/macro_mem_3/wd_in[10]
[WARNING DRT-0419] No routing tracks pass through the center of Term i_cache_subsystem/i_icache/sram_block_1__data_sram/genblk1_1__i_ram/macro_mem_3/wd_in[11]
[WARNING DRT-0419] No routing tracks pass through the center of Term i_cache_subsystem/i_icache/sram_block_1__data_sram/genblk1_1__i_ram/macro_mem_3/wd_in[12]
[WARNING DRT-0419] No routing tracks pass through the center of Term i_cache_subsystem/i_icache/sram_block_1__data_sram/genblk1_1__i_ram/macro_mem_3/wd_in[13]
[WARNING DRT-0419] No routing tracks pass through the center of Term i_cache_subsystem/i_icache/sram_block_1__data_sram/genblk1_1__i_ram/macro_mem_3/wd_in[14]
[WARNING DRT-0419] No routing tracks pass through the center of Term i_cache_subsystem/i_icache/sram_block_1__data_sram/genblk1_1__i_ram/macro_mem_3/wd_in[15]
[WARNING DRT-0419] No routing tracks pass through the center of Term i_cache_subsystem/i_icache/sram_block_1__data_sram/genblk1_1__i_ram/macro_mem_3/addr_in[0]
[WARNING DRT-0419] No routing tracks pass through the center of Term i_cache_subsystem/i_icache/sram_block_1__data_sram/genblk1_1__i_ram/macro_mem_3/addr_in[1]
[WARNING DRT-0419] No routing tracks pass through the center of Term i_cache_subsystem/i_icache/sram_block_1__data_sram/genblk1_1__i_ram/macro_mem_3/addr_in[2]
[WARNING DRT-0419] No routing tracks pass through the center of Term i_cache_subsystem/i_icache/sram_block_1__data_sram/genblk1_1__i_ram/macro_mem_3/addr_in[3]
[WARNING DRT-0419] No routing tracks pass through the center of Term i_cache_subsystem/i_icache/sram_block_1__data_sram/genblk1_1__i_ram/macro_mem_3/addr_in[4]
[WARNING DRT-0419] No routing tracks pass through the center of Term i_cache_subsystem/i_icache/sram_block_1__data_sram/genblk1_1__i_ram/macro_mem_3/addr_in[5]
[WARNING DRT-0419] No routing tracks pass through the center of Term i_cache_subsystem/i_icache/sram_block_1__data_sram/genblk1_1__i_ram/macro_mem_3/addr_in[6]
[WARNING DRT-0419] No routing tracks pass through the center of Term i_cache_subsystem/i_icache/sram_block_1__data_sram/genblk1_1__i_ram/macro_mem_3/addr_in[7]
[WARNING DRT-0419] No routing tracks pass through the center of Term i_cache_subsystem/i_icache/sram_block_1__data_sram/genblk1_1__i_ram/macro_mem_3/we_in
[WARNING DRT-0419] No routing tracks pass through the center of Term i_cache_subsystem/i_icache/sram_block_1__data_sram/genblk1_1__i_ram/macro_mem_3/ce_in
[WARNING DRT-0419] No routing tracks pass through the center of Term i_cache_subsystem/i_icache/sram_block_1__data_sram/genblk1_1__i_ram/macro_mem_3/clk
[WARNING DRT-0419] No routing tracks pass through the center of Term i_cache_subsystem/i_icache/sram_block_1__tag_sram.genblk1_0__i_ram.macro_mem_0/w_mask_in[0]
[WARNING DRT-0419] No routing tracks pass through the center of Term i_cache_subsystem/i_icache/sram_block_1__tag_sram.genblk1_0__i_ram.macro_mem_0/w_mask_in[1]
[WARNING DRT-0419] No routing tracks pass through the center of Term i_cache_subsystem/i_icache/sram_block_1__tag_sram.genblk1_0__i_ram.macro_mem_0/w_mask_in[2]
[WARNING DRT-0419] No routing tracks pass through the center of Term i_cache_subsystem/i_icache/sram_block_1__tag_sram.genblk1_0__i_ram.macro_mem_0/w_mask_in[3]
[WARNING DRT-0419] No routing tracks pass through the center of Term i_cache_subsystem/i_icache/sram_block_1__tag_sram.genblk1_0__i_ram.macro_mem_0/w_mask_in[4]
[WARNING DRT-0419] No routing tracks pass through the center of Term i_cache_subsystem/i_icache/sram_block_1__tag_sram.genblk1_0__i_ram.macro_mem_0/w_mask_in[5]
[WARNING DRT-0419] No routing tracks pass through the center of Term i_cache_subsystem/i_icache/sram_block_1__tag_sram.genblk1_0__i_ram.macro_mem_0/w_mask_in[6]
[WARNING DRT-0419] No routing tracks pass through the center of Term i_cache_subsystem/i_icache/sram_block_1__tag_sram.genblk1_0__i_ram.macro_mem_0/w_mask_in[7]
[WARNING DRT-0419] No routing tracks pass through the center of Term i_cache_subsystem/i_icache/sram_block_1__tag_sram.genblk1_0__i_ram.macro_mem_0/w_mask_in[8]
[WARNING DRT-0419] No routing tracks pass through the center of Term i_cache_subsystem/i_icache/sram_block_1__tag_sram.genblk1_0__i_ram.macro_mem_0/w_mask_in[9]
[WARNING DRT-0419] No routing tracks pass through the center of Term i_cache_subsystem/i_icache/sram_block_1__tag_sram.genblk1_0__i_ram.macro_mem_0/w_mask_in[10]
[WARNING DRT-0419] No routing tracks pass through the center of Term i_cache_subsystem/i_icache/sram_block_1__tag_sram.genblk1_0__i_ram.macro_mem_0/w_mask_in[11]
[WARNING DRT-0419] No routing tracks pass through the center of Term i_cache_subsystem/i_icache/sram_block_1__tag_sram.genblk1_0__i_ram.macro_mem_0/w_mask_in[12]
[WARNING DRT-0419] No routing tracks pass through the center of Term i_cache_subsystem/i_icache/sram_block_1__tag_sram.genblk1_0__i_ram.macro_mem_0/w_mask_in[13]
[WARNING DRT-0419] No routing tracks pass through the center of Term i_cache_subsystem/i_icache/sram_block_1__tag_sram.genblk1_0__i_ram.macro_mem_0/w_mask_in[14]
[WARNING DRT-0419] No routing tracks pass through the center of Term i_cache_subsystem/i_icache/sram_block_1__tag_sram.genblk1_0__i_ram.macro_mem_0/w_mask_in[15]
[WARNING DRT-0419] No routing tracks pass through the center of Term i_cache_subsystem/i_icache/sram_block_1__tag_sram.genblk1_0__i_ram.macro_mem_0/rd_out[0]
[WARNING DRT-0419] No routing tracks pass through the center of Term i_cache_subsystem/i_icache/sram_block_1__tag_sram.genblk1_0__i_ram.macro_mem_0/rd_out[1]
[WARNING DRT-0419] No routing tracks pass through the center of Term i_cache_subsystem/i_icache/sram_block_1__tag_sram.genblk1_0__i_ram.macro_mem_0/rd_out[2]
[WARNING DRT-0419] No routing tracks pass through the center of Term i_cache_subsystem/i_icache/sram_block_1__tag_sram.genblk1_0__i_ram.macro_mem_0/rd_out[3]
[WARNING DRT-0419] No routing tracks pass through the center of Term i_cache_subsystem/i_icache/sram_block_1__tag_sram.genblk1_0__i_ram.macro_mem_0/rd_out[4]
[WARNING DRT-0419] No routing tracks pass through the center of Term i_cache_subsystem/i_icache/sram_block_1__tag_sram.genblk1_0__i_ram.macro_mem_0/rd_out[5]
[WARNING DRT-0419] No routing tracks pass through the center of Term i_cache_subsystem/i_icache/sram_block_1__tag_sram.genblk1_0__i_ram.macro_mem_0/rd_out[6]
[WARNING DRT-0419] No routing tracks pass through the center of Term i_cache_subsystem/i_icache/sram_block_1__tag_sram.genblk1_0__i_ram.macro_mem_0/rd_out[7]
[WARNING DRT-0419] No routing tracks pass through the center of Term i_cache_subsystem/i_icache/sram_block_1__tag_sram.genblk1_0__i_ram.macro_mem_0/rd_out[8]
[WARNING DRT-0419] No routing tracks pass through the center of Term i_cache_subsystem/i_icache/sram_block_1__tag_sram.genblk1_0__i_ram.macro_mem_0/rd_out[9]
[WARNING DRT-0419] No routing tracks pass through the center of Term i_cache_subsystem/i_icache/sram_block_1__tag_sram.genblk1_0__i_ram.macro_mem_0/rd_out[10]
[WARNING DRT-0419] No routing tracks pass through the center of Term i_cache_subsystem/i_icache/sram_block_1__tag_sram.genblk1_0__i_ram.macro_mem_0/rd_out[11]
[WARNING DRT-0419] No routing tracks pass through the center of Term i_cache_subsystem/i_icache/sram_block_1__tag_sram.genblk1_0__i_ram.macro_mem_0/rd_out[12]
[WARNING DRT-0419] No routing tracks pass through the center of Term i_cache_subsystem/i_icache/sram_block_1__tag_sram.genblk1_0__i_ram.macro_mem_0/rd_out[13]
[WARNING DRT-0419] No routing tracks pass through the center of Term i_cache_subsystem/i_icache/sram_block_1__tag_sram.genblk1_0__i_ram.macro_mem_0/rd_out[14]
[WARNING DRT-0419] No routing tracks pass through the center of Term i_cache_subsystem/i_icache/sram_block_1__tag_sram.genblk1_0__i_ram.macro_mem_0/rd_out[15]
[WARNING DRT-0419] No routing tracks pass through the center of Term i_cache_subsystem/i_icache/sram_block_1__tag_sram.genblk1_0__i_ram.macro_mem_0/wd_in[0]
[WARNING DRT-0419] No routing tracks pass through the center of Term i_cache_subsystem/i_icache/sram_block_1__tag_sram.genblk1_0__i_ram.macro_mem_0/wd_in[1]
[WARNING DRT-0419] No routing tracks pass through the center of Term i_cache_subsystem/i_icache/sram_block_1__tag_sram.genblk1_0__i_ram.macro_mem_0/wd_in[2]
[WARNING DRT-0419] No routing tracks pass through the center of Term i_cache_subsystem/i_icache/sram_block_1__tag_sram.genblk1_0__i_ram.macro_mem_0/wd_in[3]
[WARNING DRT-0419] No routing tracks pass through the center of Term i_cache_subsystem/i_icache/sram_block_1__tag_sram.genblk1_0__i_ram.macro_mem_0/wd_in[4]
[WARNING DRT-0419] No routing tracks pass through the center of Term i_cache_subsystem/i_icache/sram_block_1__tag_sram.genblk1_0__i_ram.macro_mem_0/wd_in[5]
[WARNING DRT-0419] No routing tracks pass through the center of Term i_cache_subsystem/i_icache/sram_block_1__tag_sram.genblk1_0__i_ram.macro_mem_0/wd_in[6]
[WARNING DRT-0419] message limit (1000) reached. This message will no longer print.
[WARNING DRT-0418] Term i_cache_subsystem/i_nbdcache/sram_block_2__tag_sram.genblk1_0__i_ram.macro_mem_0/w_mask_in[1] has no pins on routing grid
[WARNING DRT-0418] Term i_cache_subsystem/i_nbdcache/sram_block_2__tag_sram.genblk1_0__i_ram.macro_mem_0/w_mask_in[2] has no pins on routing grid
[WARNING DRT-0418] Term i_cache_subsystem/i_nbdcache/sram_block_2__tag_sram.genblk1_0__i_ram.macro_mem_0/w_mask_in[3] has no pins on routing grid
[WARNING DRT-0418] Term i_cache_subsystem/i_nbdcache/sram_block_2__tag_sram.genblk1_0__i_ram.macro_mem_0/w_mask_in[4] has no pins on routing grid
[WARNING DRT-0418] Term i_cache_subsystem/i_nbdcache/sram_block_2__tag_sram.genblk1_0__i_ram.macro_mem_0/w_mask_in[5] has no pins on routing grid
[WARNING DRT-0418] Term i_cache_subsystem/i_nbdcache/sram_block_2__tag_sram.genblk1_0__i_ram.macro_mem_0/w_mask_in[6] has no pins on routing grid
[WARNING DRT-0418] Term i_cache_subsystem/i_nbdcache/sram_block_2__tag_sram.genblk1_0__i_ram.macro_mem_0/w_mask_in[7] has no pins on routing grid
[WARNING DRT-0418] Term i_cache_subsystem/i_nbdcache/sram_block_2__tag_sram.genblk1_0__i_ram.macro_mem_0/w_mask_in[8] has no pins on routing grid
[WARNING DRT-0418] Term i_cache_subsystem/i_nbdcache/sram_block_2__tag_sram.genblk1_0__i_ram.macro_mem_0/w_mask_in[9] has no pins on routing grid
[WARNING DRT-0418] Term i_cache_subsystem/i_nbdcache/sram_block_2__tag_sram.genblk1_0__i_ram.macro_mem_0/w_mask_in[10] has no pins on routing grid
[WARNING DRT-0418] Term i_cache_subsystem/i_nbdcache/sram_block_2__tag_sram.genblk1_0__i_ram.macro_mem_0/w_mask_in[11] has no pins on routing grid
[WARNING DRT-0418] Term i_cache_subsystem/i_nbdcache/sram_block_2__tag_sram.genblk1_0__i_ram.macro_mem_0/w_mask_in[12] has no pins on routing grid
[WARNING DRT-0418] Term i_cache_subsystem/i_nbdcache/sram_block_2__tag_sram.genblk1_0__i_ram.macro_mem_0/rd_out[0] has no pins on routing grid
[WARNING DRT-0418] Term i_cache_subsystem/i_nbdcache/sram_block_2__tag_sram.genblk1_0__i_ram.macro_mem_0/rd_out[1] has no pins on routing grid
[WARNING DRT-0418] Term i_cache_subsystem/i_nbdcache/sram_block_2__tag_sram.genblk1_0__i_ram.macro_mem_0/rd_out[2] has no pins on routing grid
[WARNING DRT-0418] Term i_cache_subsystem/i_nbdcache/sram_block_2__tag_sram.genblk1_0__i_ram.macro_mem_0/rd_out[3] has no pins on routing grid
[WARNING DRT-0418] Term i_cache_subsystem/i_nbdcache/sram_block_2__tag_sram.genblk1_0__i_ram.macro_mem_0/rd_out[4] has no pins on routing grid
[WARNING DRT-0418] Term i_cache_subsystem/i_nbdcache/sram_block_2__tag_sram.genblk1_0__i_ram.macro_mem_0/rd_out[5] has no pins on routing grid
[WARNING DRT-0418] Term i_cache_subsystem/i_nbdcache/sram_block_2__tag_sram.genblk1_0__i_ram.macro_mem_0/rd_out[6] has no pins on routing grid
[WARNING DRT-0418] Term i_cache_subsystem/i_nbdcache/sram_block_2__tag_sram.genblk1_0__i_ram.macro_mem_0/rd_out[14] has no pins on routing grid
[WARNING DRT-0418] Term i_cache_subsystem/i_nbdcache/sram_block_2__tag_sram.genblk1_0__i_ram.macro_mem_0/rd_out[15] has no pins on routing grid
[WARNING DRT-0418] Term i_cache_subsystem/i_nbdcache/sram_block_2__tag_sram.genblk1_0__i_ram.macro_mem_0/wd_in[0] has no pins on routing grid
[WARNING DRT-0418] Term i_cache_subsystem/i_nbdcache/sram_block_2__tag_sram.genblk1_0__i_ram.macro_mem_0/wd_in[8] has no pins on routing grid
[WARNING DRT-0418] Term i_cache_subsystem/i_nbdcache/sram_block_2__tag_sram.genblk1_0__i_ram.macro_mem_0/wd_in[9] has no pins on routing grid
[WARNING DRT-0418] Term i_cache_subsystem/i_nbdcache/sram_block_2__tag_sram.genblk1_0__i_ram.macro_mem_0/wd_in[10] has no pins on routing grid
[WARNING DRT-0418] Term i_cache_subsystem/i_nbdcache/sram_block_2__tag_sram.genblk1_0__i_ram.macro_mem_0/wd_in[11] has no pins on routing grid
[WARNING DRT-0418] Term i_cache_subsystem/i_nbdcache/sram_block_2__tag_sram.genblk1_0__i_ram.macro_mem_0/wd_in[12] has no pins on routing grid
[WARNING DRT-0418] Term i_cache_subsystem/i_nbdcache/sram_block_2__tag_sram.genblk1_0__i_ram.macro_mem_0/wd_in[13] has no pins on routing grid
[WARNING DRT-0418] Term i_cache_subsystem/i_nbdcache/sram_block_2__tag_sram.genblk1_0__i_ram.macro_mem_0/wd_in[14] has no pins on routing grid
[WARNING DRT-0418] Term i_cache_subsystem/i_nbdcache/sram_block_2__tag_sram.genblk1_0__i_ram.macro_mem_0/wd_in[15] has no pins on routing grid
[WARNING DRT-0418] Term i_cache_subsystem/i_nbdcache/sram_block_2__tag_sram.genblk1_0__i_ram.macro_mem_0/addr_in[2] has no pins on routing grid
[WARNING DRT-0418] Term i_cache_subsystem/i_nbdcache/sram_block_2__tag_sram.genblk1_0__i_ram.macro_mem_0/addr_in[3] has no pins on routing grid
[WARNING DRT-0418] Term i_cache_subsystem/i_nbdcache/sram_block_2__tag_sram.genblk1_0__i_ram.macro_mem_0/addr_in[4] has no pins on routing grid
[WARNING DRT-0418] Term i_cache_subsystem/i_nbdcache/sram_block_2__tag_sram.genblk1_0__i_ram.macro_mem_0/addr_in[5] has no pins on routing grid
[WARNING DRT-0418] Term i_cache_subsystem/i_nbdcache/sram_block_2__tag_sram.genblk1_0__i_ram.macro_mem_0/addr_in[6] has no pins on routing grid
[WARNING DRT-0418] Term i_cache_subsystem/i_nbdcache/sram_block_2__tag_sram.genblk1_0__i_ram.macro_mem_0/addr_in[7] has no pins on routing grid
[INFO DRT-0167] List of default vias:
  Layer via1
    default via: via1_7
  Layer via2
    default via: via2_5
  Layer via3
    default via: via3_2
  Layer via4
    default via: via4_0
  Layer via5
    default via: via5_0
  Layer via6
    default via: via6_0
  Layer via7
    default via: via7_0
  Layer via8
    default via: via8_0
  Layer via9
    default via: via9_0
  Layer hb_layer
    default via: hb_layer_0
  Layer via11
    default via: via11_0
  Layer via12
    default via: via12_0
  Layer via13
    default via: via13_0
  Layer via14
    default via: via14_0
  Layer via15
    default via: via15_0
  Layer via16
    default via: via16_0
  Layer via17
    default via: via17_2
  Layer via18
    default via: via18_5
  Layer via19
    default via: via19_7
[INFO DRT-0162] Library cell analysis.
[INFO DRT-0163] Instance analysis.
  Complete 100000 instances.
[INFO DRT-0164] Number of unique instances = 876.
[INFO DRT-0168] Init region query.
[INFO DRT-0018]   Complete 100000 insts.
[INFO DRT-0024]   Complete active.
[INFO DRT-0024]   Complete Fr_VIA.
[INFO DRT-0024]   Complete metal1.
[INFO DRT-0024]   Complete via1.
[INFO DRT-0024]   Complete metal2.
[INFO DRT-0024]   Complete via2.
[INFO DRT-0024]   Complete metal3.
[INFO DRT-0024]   Complete via3.
[INFO DRT-0024]   Complete metal4.
[INFO DRT-0024]   Complete via4.
[INFO DRT-0024]   Complete metal5.
[INFO DRT-0024]   Complete via5.
[INFO DRT-0024]   Complete metal6.
[INFO DRT-0024]   Complete via6.
[INFO DRT-0024]   Complete metal7.
[INFO DRT-0024]   Complete via7.
[INFO DRT-0024]   Complete metal8.
[INFO DRT-0024]   Complete via8.
[INFO DRT-0024]   Complete metal9.
[INFO DRT-0024]   Complete via9.
[INFO DRT-0024]   Complete metal10.
[INFO DRT-0024]   Complete hb_layer.
[INFO DRT-0024]   Complete metal11.
[INFO DRT-0024]   Complete via11.
[INFO DRT-0024]   Complete metal12.
[INFO DRT-0024]   Complete via12.
[INFO DRT-0024]   Complete metal13.
[INFO DRT-0024]   Complete via13.
[INFO DRT-0024]   Complete metal14.
[INFO DRT-0024]   Complete via14.
[INFO DRT-0024]   Complete metal15.
[INFO DRT-0024]   Complete via15.
[INFO DRT-0024]   Complete metal16.
[INFO DRT-0024]   Complete via16.
[INFO DRT-0024]   Complete metal17.
[INFO DRT-0024]   Complete via17.
[INFO DRT-0024]   Complete metal18.
[INFO DRT-0024]   Complete via18.
[INFO DRT-0024]   Complete metal19.
[INFO DRT-0024]   Complete via19.
[INFO DRT-0024]   Complete metal20.
[INFO DRT-0033] active shape region query size = 0.
[INFO DRT-0033] FR_VIA shape region query size = 0.
[INFO DRT-0033] metal1 shape region query size = 2301090.
[INFO DRT-0033] via1 shape region query size = 0.
[INFO DRT-0033] metal2 shape region query size = 63.
[INFO DRT-0033] via2 shape region query size = 0.
[INFO DRT-0033] metal3 shape region query size = 7560.
[INFO DRT-0033] via3 shape region query size = 0.
[INFO DRT-0033] metal4 shape region query size = 4347.
[INFO DRT-0033] via4 shape region query size = 0.
[INFO DRT-0033] metal5 shape region query size = 247.
[INFO DRT-0033] via5 shape region query size = 0.
[INFO DRT-0033] metal6 shape region query size = 248.
[INFO DRT-0033] via6 shape region query size = 0.
[INFO DRT-0033] metal7 shape region query size = 0.
[INFO DRT-0033] via7 shape region query size = 0.
[INFO DRT-0033] metal8 shape region query size = 0.
[INFO DRT-0033] via8 shape region query size = 0.
[INFO DRT-0033] metal9 shape region query size = 0.
[INFO DRT-0033] via9 shape region query size = 0.
[INFO DRT-0033] metal10 shape region query size = 4793.
[INFO DRT-0033] hb_layer shape region query size = 0.
[INFO DRT-0033] metal11 shape region query size = 4793.
[INFO DRT-0033] via11 shape region query size = 0.
[INFO DRT-0033] metal12 shape region query size = 0.
[INFO DRT-0033] via12 shape region query size = 0.
[INFO DRT-0033] metal13 shape region query size = 0.
[INFO DRT-0033] via13 shape region query size = 0.
[INFO DRT-0033] metal14 shape region query size = 0.
[INFO DRT-0033] via14 shape region query size = 0.
[INFO DRT-0033] metal15 shape region query size = 0.
[INFO DRT-0033] via15 shape region query size = 0.
[INFO DRT-0033] metal16 shape region query size = 0.
[INFO DRT-0033] via16 shape region query size = 0.
[INFO DRT-0033] metal17 shape region query size = 5037.
[INFO DRT-0033] via17 shape region query size = 0.
[INFO DRT-0033] metal18 shape region query size = 8760.
[INFO DRT-0033] via18 shape region query size = 0.
[INFO DRT-0033] metal19 shape region query size = 1640724.
[INFO DRT-0033] via19 shape region query size = 0.
[INFO DRT-0033] metal20 shape region query size = 73.
[INFO DRT-0165] Start pin access.
[INFO DRT-0076]   Complete 1000 pins.
[INFO DRT-0076]   Complete 2000 pins.
[INFO DRT-0076]   Complete 3000 pins.
[INFO DRT-0076]   Complete 4000 pins.
[INFO DRT-0076]   Complete 5000 pins.
[INFO DRT-0078]   Complete 5522 pins.
[INFO DRT-0079]   Complete 100 unique inst patterns.
[INFO DRT-0079]   Complete 200 unique inst patterns.
[INFO DRT-0079]   Complete 300 unique inst patterns.
[INFO DRT-0079]   Complete 400 unique inst patterns.
[INFO DRT-0079]   Complete 500 unique inst patterns.
[INFO DRT-0079]   Complete 600 unique inst patterns.
[INFO DRT-0079]   Complete 700 unique inst patterns.
[INFO DRT-0079]   Complete 800 unique inst patterns.
[INFO DRT-0081]   Complete 825 unique inst patterns.
[INFO DRT-0082]   Complete 10000 groups.
[INFO DRT-0082]   Complete 20000 groups.
[INFO DRT-0082]   Complete 30000 groups.
[INFO DRT-0082]   Complete 40000 groups.
[INFO DRT-0082]   Complete 50000 groups.
[INFO DRT-0084]   Complete 50221 groups.
#scanned instances     = 163090
#unique  instances     = 876
#stdCellGenAp          = 26981
#stdCellValidPlanarAp  = 20093
#stdCellValidViaAp     = 13431
#stdCellPinNoAp        = 0
#stdCellPinCnt         = 619829
#instTermValidViaApCnt = 0
#macroGenAp            = 4777
#macroValidPlanarAp    = 4602
#macroValidViaAp       = 0
#macroNoAp             = 0
[INFO DRT-0166] Complete pin access.
[INFO DRT-0267] cpu time = 02:22:21, elapsed time = 00:01:26, memory = 982.19 (MB), peak = 1031.89 (MB)
[INFO DRT-0156] guideIn read 100000 guides.
[INFO DRT-0156] guideIn read 200000 guides.
[INFO DRT-0156] guideIn read 300000 guides.
[INFO DRT-0156] guideIn read 400000 guides.
[INFO DRT-0156] guideIn read 500000 guides.
[INFO DRT-0156] guideIn read 600000 guides.
[INFO DRT-0156] guideIn read 700000 guides.
[INFO DRT-0156] guideIn read 800000 guides.
[INFO DRT-0156] guideIn read 900000 guides.
[INFO DRT-0156] guideIn read 1000000 guides.

[INFO DRT-0157] Number of guides:     1926898

[INFO DRT-0169] Post process guides.
[INFO DRT-0176] GCELLGRID X 0 DO 476 STEP 4200 ;
[INFO DRT-0177] GCELLGRID Y 0 DO 476 STEP 4200 ;
[INFO DRT-0026]   Complete 100000 origin guides.
[INFO DRT-0026]   Complete 200000 origin guides.
[INFO DRT-0026]   Complete 300000 origin guides.
[INFO DRT-0026]   Complete 400000 origin guides.
[INFO DRT-0026]   Complete 500000 origin guides.
[INFO DRT-0026]   Complete 600000 origin guides.
[INFO DRT-0026]   Complete 700000 origin guides.
[INFO DRT-0026]   Complete 800000 origin guides.
[INFO DRT-0026]   Complete 900000 origin guides.
[INFO DRT-0027]   Complete 1000000 origin guides.
[INFO DRT-0028]   Complete active.
[INFO DRT-0028]   Complete Fr_VIA.
[INFO DRT-0028]   Complete metal1.
[INFO DRT-0028]   Complete via1.
[INFO DRT-0028]   Complete metal2.
[INFO DRT-0028]   Complete via2.
[INFO DRT-0028]   Complete metal3.
[INFO DRT-0028]   Complete via3.
[INFO DRT-0028]   Complete metal4.
[INFO DRT-0028]   Complete via4.
[INFO DRT-0028]   Complete metal5.
[INFO DRT-0028]   Complete via5.
[INFO DRT-0028]   Complete metal6.
[INFO DRT-0028]   Complete via6.
[INFO DRT-0028]   Complete metal7.
[INFO DRT-0028]   Complete via7.
[INFO DRT-0028]   Complete metal8.
[INFO DRT-0028]   Complete via8.
[INFO DRT-0028]   Complete metal9.
[INFO DRT-0028]   Complete via9.
[INFO DRT-0028]   Complete metal10.
[INFO DRT-0028]   Complete hb_layer.
[INFO DRT-0028]   Complete metal11.
[INFO DRT-0028]   Complete via11.
[INFO DRT-0028]   Complete metal12.
[INFO DRT-0028]   Complete via12.
[INFO DRT-0028]   Complete metal13.
[INFO DRT-0028]   Complete via13.
[INFO DRT-0028]   Complete metal14.
[INFO DRT-0028]   Complete via14.
[INFO DRT-0028]   Complete metal15.
[INFO DRT-0028]   Complete via15.
[INFO DRT-0028]   Complete metal16.
[INFO DRT-0028]   Complete via16.
[INFO DRT-0028]   Complete metal17.
[INFO DRT-0028]   Complete via17.
[INFO DRT-0028]   Complete metal18.
[INFO DRT-0028]   Complete via18.
[INFO DRT-0028]   Complete metal19.
[INFO DRT-0028]   Complete via19.
[INFO DRT-0028]   Complete metal20.
  complete 100000 nets.
[INFO DRT-0178] Init guide query.
[INFO DRT-0029]   Complete 100000 nets (guide).
[INFO DRT-0035]   Complete active (guide).
[INFO DRT-0035]   Complete Fr_VIA (guide).
[INFO DRT-0035]   Complete metal1 (guide).
[INFO DRT-0035]   Complete via1 (guide).
[INFO DRT-0035]   Complete metal2 (guide).
[INFO DRT-0035]   Complete via2 (guide).
[INFO DRT-0035]   Complete metal3 (guide).
[INFO DRT-0035]   Complete via3 (guide).
[INFO DRT-0035]   Complete metal4 (guide).
[INFO DRT-0035]   Complete via4 (guide).
[INFO DRT-0035]   Complete metal5 (guide).
[INFO DRT-0035]   Complete via5 (guide).
[INFO DRT-0035]   Complete metal6 (guide).
[INFO DRT-0035]   Complete via6 (guide).
[INFO DRT-0035]   Complete metal7 (guide).
[INFO DRT-0035]   Complete via7 (guide).
[INFO DRT-0035]   Complete metal8 (guide).
[INFO DRT-0035]   Complete via8 (guide).
[INFO DRT-0035]   Complete metal9 (guide).
[INFO DRT-0035]   Complete via9 (guide).
[INFO DRT-0035]   Complete metal10 (guide).
[INFO DRT-0035]   Complete hb_layer (guide).
[INFO DRT-0035]   Complete metal11 (guide).
[INFO DRT-0035]   Complete via11 (guide).
[INFO DRT-0035]   Complete metal12 (guide).
[INFO DRT-0035]   Complete via12 (guide).
[INFO DRT-0035]   Complete metal13 (guide).
[INFO DRT-0035]   Complete via13 (guide).
[INFO DRT-0035]   Complete metal14 (guide).
[INFO DRT-0035]   Complete via14 (guide).
[INFO DRT-0035]   Complete metal15 (guide).
[INFO DRT-0035]   Complete via15 (guide).
[INFO DRT-0035]   Complete metal16 (guide).
[INFO DRT-0035]   Complete via16 (guide).
[INFO DRT-0035]   Complete metal17 (guide).
[INFO DRT-0035]   Complete via17 (guide).
[INFO DRT-0035]   Complete metal18 (guide).
[INFO DRT-0035]   Complete via18 (guide).
[INFO DRT-0035]   Complete metal19 (guide).
[INFO DRT-0035]   Complete via19 (guide).
[INFO DRT-0035]   Complete metal20 (guide).
[INFO DRT-0036] active guide region query size = 0.
[INFO DRT-0036] FR_VIA guide region query size = 0.
[INFO DRT-0036] metal1 guide region query size = 313366.
[INFO DRT-0036] via1 guide region query size = 0.
[INFO DRT-0036] metal2 guide region query size = 230943.
[INFO DRT-0036] via2 guide region query size = 0.
[INFO DRT-0036] metal3 guide region query size = 112380.
[INFO DRT-0036] via3 guide region query size = 0.
[INFO DRT-0036] metal4 guide region query size = 18810.
[INFO DRT-0036] via4 guide region query size = 0.
[INFO DRT-0036] metal5 guide region query size = 14103.
[INFO DRT-0036] via5 guide region query size = 0.
[INFO DRT-0036] metal6 guide region query size = 11164.
[INFO DRT-0036] via6 guide region query size = 0.
[INFO DRT-0036] metal7 guide region query size = 9459.
[INFO DRT-0036] via7 guide region query size = 0.
[INFO DRT-0036] metal8 guide region query size = 9324.
[INFO DRT-0036] via8 guide region query size = 0.
[INFO DRT-0036] metal9 guide region query size = 9229.
[INFO DRT-0036] via9 guide region query size = 0.
[INFO DRT-0036] metal10 guide region query size = 9283.
[INFO DRT-0036] hb_layer guide region query size = 0.
[INFO DRT-0036] metal11 guide region query size = 9352.
[INFO DRT-0036] via11 guide region query size = 0.
[INFO DRT-0036] metal12 guide region query size = 9381.
[INFO DRT-0036] via12 guide region query size = 0.
[INFO DRT-0036] metal13 guide region query size = 9649.
[INFO DRT-0036] via13 guide region query size = 0.
[INFO DRT-0036] metal14 guide region query size = 10081.
[INFO DRT-0036] via14 guide region query size = 0.
[INFO DRT-0036] metal15 guide region query size = 13079.
[INFO DRT-0036] via15 guide region query size = 0.
[INFO DRT-0036] metal16 guide region query size = 16368.
[INFO DRT-0036] via16 guide region query size = 0.
[INFO DRT-0036] metal17 guide region query size = 26713.
[INFO DRT-0036] via17 guide region query size = 0.
[INFO DRT-0036] metal18 guide region query size = 49974.
[INFO DRT-0036] via18 guide region query size = 0.
[INFO DRT-0036] metal19 guide region query size = 181388.
[INFO DRT-0036] via19 guide region query size = 0.
[INFO DRT-0036] metal20 guide region query size = 35595.
[INFO DRT-0179] Init gr pin query.
[INFO DRT-0267] cpu time = 00:07:00, elapsed time = 00:06:19, memory = 1581.00 (MB), peak = 1581.00 (MB)
[INFO DRT-0245] skipped writing guide updates to database.
[INFO DRT-0185] Post process initialize RPin region query.
[INFO DRT-0181] Start track assignment.
[INFO DRT-0184] Done with 400923 vertical wires in 10 frboxes and 698718 horizontal wires in 10 frboxes.
[INFO DRT-0186] Done with 177914 vertical wires in 10 frboxes and 224651 horizontal wires in 10 frboxes.
[INFO DRT-0182] Complete track assignment.
[INFO DRT-0267] cpu time = 00:02:41, elapsed time = 00:00:43, memory = 4401.28 (MB), peak = 4432.05 (MB)
[INFO DRT-0187] Start routing data preparation.
[INFO DRT-0267] cpu time = 00:00:01, elapsed time = 00:00:01, memory = 4532.90 (MB), peak = 4532.90 (MB)
[INFO DRT-0194] Start detail routing.
[INFO DRT-0195] Start 0th optimization iteration.
    Completing 10% with 0 violations.
    elapsed time = 00:00:44, memory = 11597.52 (MB).
    Completing 20% with 0 violations.
    elapsed time = 00:01:47, memory = 13081.66 (MB).
    Completing 30% with 115863 violations.
    elapsed time = 00:02:48, memory = 11939.59 (MB).
    Completing 40% with 115863 violations.
    elapsed time = 00:04:18, memory = 15782.23 (MB).
    Completing 50% with 215429 violations.
    elapsed time = 00:05:57, memory = 12511.95 (MB).
    Completing 60% with 215433 violations.
    elapsed time = 00:06:47, memory = 17293.89 (MB).
    Completing 70% with 215433 violations.
    elapsed time = 00:07:51, memory = 16842.26 (MB).
    Completing 80% with 324690 violations.
    elapsed time = 00:09:29, memory = 14207.25 (MB).
    Completing 90% with 324690 violations.
    elapsed time = 00:11:06, memory = 18974.90 (MB).
    Completing 100% with 420504 violations.
    elapsed time = 00:12:41, memory = 13721.57 (MB).
[INFO DRT-0199]   Number of violations = 462423.
Viol/Layer      metal1   via1 metal2   via2 metal3   via3 metal4   via4 metal5   via5 metal6 metal7   via7 metal8   via8 metal9   via9 me..10 me..11  via11 me..12  via12 me..13  via13 me..14  via14 me..15  via15 me..16  via16 me..17  via17 me..18  via18 me..19  via19 me..20
Cut Spacing          0     29      0    376      0      1      0    155      0     43      0      0     21      0     13      0    544      0      0    334      0      2      0      9      0      1      0      5      0    199      0     10      0    462      0    670      0
Metal Spacing     1959      0   6645      0   1021      0     32      0      2      0      2      5      0     12      0     24      0   1985    436      0     76      0    462      0     12      0    236      0     35      0    915      0   4020      0  86031      0   4291
Min Width            0      0      0      0      0      0      0      0      0      0      0      0      0      0      0      0      0      0      0      0      0      0      0      0      0      0      0      0      0      0      1      0      0      0      0      0      0
NS Metal             5      0      2      0      3      0      0      0      0      0      0      0      0      0      0      0      0      4      0      0      9      0      1      0      0      0      0      0      0      0      5      0     90      0     78      0     17
Recheck           1299      0   7566      0   4223      0   1168      0    747      0   1171   1165      0    708      0    729      0    716    682      0    757      0    773      0   1172      0   1198      0    960      0   3309      0   4288      0   6321      0   2967
Short             2852    161  72678     48  19117      0    461      8    151      0    144     38      0     52      0     28      3    148     66      0     33      0     61      0     20      0     91      0    532     11   2649     12   9489    443 129026    685  70207
[INFO DRT-0267] cpu time = 14:36:53, elapsed time = 00:16:37, memory = 13943.69 (MB), peak = 19434.76 (MB)
Total wire length = 4163681 um.
Total wire length on LAYER metal1 = 3544 um.
Total wire length on LAYER metal2 = 745720 um.
Total wire length on LAYER metal3 = 891701 um.
Total wire length on LAYER metal4 = 225724 um.
Total wire length on LAYER metal5 = 217202 um.
Total wire length on LAYER metal6 = 211042 um.
Total wire length on LAYER metal7 = 59831 um.
Total wire length on LAYER metal8 = 41389 um.
Total wire length on LAYER metal9 = 24005 um.
Total wire length on LAYER metal10 = 20482 um.
Total wire length on LAYER metal11 = 11563 um.
Total wire length on LAYER metal12 = 26592 um.
Total wire length on LAYER metal13 = 48519 um.
Total wire length on LAYER metal14 = 58615 um.
Total wire length on LAYER metal15 = 181387 um.
Total wire length on LAYER metal16 = 173192 um.
Total wire length on LAYER metal17 = 335540 um.
Total wire length on LAYER metal18 = 352850 um.
Total wire length on LAYER metal19 = 112459 um.
Total wire length on LAYER metal20 = 422313 um.
Total number of vias = 1489950.
Up-via summary (total 1489950):

-------------------
  active          0
  metal1     370002
  metal2     413547
  metal3      43572
  metal4      16145
  metal5      11637
  metal6       7194
  metal7       7007
  metal8       6794
  metal9       6761
 metal10       2041
 metal11       6849
 metal12       7076
 metal13       7623
 metal14       8067
 metal15      18865
 metal16      19881
 metal17     129338
 metal18     121795
 metal19     285756
-------------------
            1489950


[INFO DRT-0195] Start 1st optimization iteration.
    Completing 10% with 462423 violations.
    elapsed time = 00:00:30, memory = 20730.30 (MB).
    Completing 20% with 462423 violations.
    elapsed time = 00:01:26, memory = 19020.95 (MB).
    Completing 30% with 410188 violations.
    elapsed time = 00:02:36, memory = 14721.57 (MB).
    Completing 40% with 410188 violations.
    elapsed time = 00:03:39, memory = 21076.00 (MB).
    Completing 50% with 352793 violations.
    elapsed time = 00:04:55, memory = 14915.89 (MB).
    Completing 60% with 352792 violations.
    elapsed time = 00:05:23, memory = 21646.11 (MB).
    Completing 70% with 352792 violations.
    elapsed time = 00:06:16, memory = 20600.71 (MB).
    Completing 80% with 298417 violations.
    elapsed time = 00:07:24, memory = 15463.33 (MB).
    Completing 90% with 298417 violations.
    elapsed time = 00:08:33, memory = 21333.54 (MB).
    Completing 100% with 236627 violations.
    elapsed time = 00:09:59, memory = 15244.77 (MB).
[INFO DRT-0199]   Number of violations = 236670.
Viol/Layer      metal1   via1 metal2   via2 metal3   via3 metal4   via4 metal5   via5 metal6 metal7   via7 metal8   via8 metal9   via9 me..10 me..11  via11 me..12 me..13  via13 me..14 me..15  via15 me..16  via16 me..17  via17 me..18  via18 me..19  via19 me..20
Cut Spacing          0     40      0    169      0      5      0     59      0     13      0      0      9      0      3      0    158      0      0     96      0      0      2      0      0      1      0     95      0     10      0    126      0    162      0
Metal Spacing       94      0   8021      0    841      0     86      0      1      0      1      2      0      2      0      1      0   1438    198      0     24    127      0      6    150      0      5      0    362      0   1522      0  39425      0   6514
NS Metal             0      0      2      0      2      0      0      0      0      0      0      0      0      0      0      0      0      7      0      0      7      0      0      0      0      0      0      0      0      0      3      0     25      0      0
Recheck              0      0      5      0      0      0      0      0      0      0      0      0      0      0      0      0      0      0      0      0      0      0      0      0      0      0      0      0      0      0      0      0     33      0      7
Short              137      0  46336      7  10904      2    277      5     66      0     10      0      0      6      0      8      1     28      4      0     14     18      0      1     96      0    113      1    535      1   5267     16  39931     30  72997
[INFO DRT-0267] cpu time = 10:39:50, elapsed time = 00:13:01, memory = 14868.12 (MB), peak = 22354.75 (MB)
Total wire length = 4139475 um.
Total wire length on LAYER metal1 = 2691 um.
Total wire length on LAYER metal2 = 724649 um.
Total wire length on LAYER metal3 = 885364 um.
Total wire length on LAYER metal4 = 236664 um.
Total wire length on LAYER metal5 = 218734 um.
Total wire length on LAYER metal6 = 212191 um.
Total wire length on LAYER metal7 = 59810 um.
Total wire length on LAYER metal8 = 41263 um.
Total wire length on LAYER metal9 = 23851 um.
Total wire length on LAYER metal10 = 20227 um.
Total wire length on LAYER metal11 = 10426 um.
Total wire length on LAYER metal12 = 25823 um.
Total wire length on LAYER metal13 = 47735 um.
Total wire length on LAYER metal14 = 59218 um.
Total wire length on LAYER metal15 = 186152 um.
Total wire length on LAYER metal16 = 175699 um.
Total wire length on LAYER metal17 = 345574 um.
Total wire length on LAYER metal18 = 353386 um.
Total wire length on LAYER metal19 = 95726 um.
Total wire length on LAYER metal20 = 414281 um.
Total number of vias = 1466907.
Up-via summary (total 1466907):

-------------------
  active          0
  metal1     368471
  metal2     407338
  metal3      46763
  metal4      17134
  metal5      12092
  metal6       7085
  metal7       6926
  metal8       6671
  metal9       6637
 metal10       1938
 metal11       6739
 metal12       6926
 metal13       7425
 metal14       7990
 metal15      20091
 metal16      21108
 metal17     124588
 metal18     111037
 metal19     279948
-------------------
            1466907


[INFO DRT-0195] Start 2nd optimization iteration.
    Completing 10% with 236670 violations.
    elapsed time = 00:00:24, memory = 21412.84 (MB).
    Completing 20% with 236670 violations.
    elapsed time = 00:01:17, memory = 19413.70 (MB).
    Completing 30% with 233044 violations.
    elapsed time = 00:02:15, memory = 15004.63 (MB).
    Completing 40% with 233044 violations.
    elapsed time = 00:03:14, memory = 21935.39 (MB).
    Completing 50% with 226704 violations.
    elapsed time = 00:04:26, memory = 15128.57 (MB).
    Completing 60% with 226704 violations.
    elapsed time = 00:04:47, memory = 21556.75 (MB).
    Completing 70% with 226704 violations.
    elapsed time = 00:05:42, memory = 20763.58 (MB).
    Completing 80% with 220406 violations.
    elapsed time = 00:06:42, memory = 15244.95 (MB).
    Completing 90% with 220406 violations.
    elapsed time = 00:07:50, memory = 21696.96 (MB).
    Completing 100% with 215589 violations.
    elapsed time = 00:08:56, memory = 15411.26 (MB).
[INFO DRT-0199]   Number of violations = 215595.
Viol/Layer      metal1   via1 metal2   via2 metal3   via3 metal4   via4 metal5   via5 metal6   via7 metal8   via8 metal9   via9 me..10 me..11  via11 me..12 me..13  via13 me..14 me..15  via15 me..16  via16 me..17  via17 me..18  via18 me..19  via19 me..20
Cut Spacing          0     38      0    168      0      1      0     47      0     21      0      6      0      1      0    120      0      0     57      0      0      3      0      0      3      0    109      0      3      0    100      0    145      0
Metal Spacing       92      0   7207      0    842      0    100      0      0      0      3      0      0      0     12      0   1259     88      0     16    116      0      2    160      0      5      0    319      0   1422      0  36590      0   6041
NS Metal             0      0      0      0      3      0      0      0      0      0      0      0      0      0      0      0      7      0      0      0      0      0      0      0      0      0      0      1      0      0      0     57      0      1
Recheck              0      0      0      0      3      0      0      0      0      0      0      0      0      0      0      0      0      0      0      0      0      0      0      0      0      0      0      0      0      3      0      0      0      0
Short              133      0  42166      9  10495      0    260      0     51      0     18      0      3      0     13      0      3      1      0      8      8      0      2     81      0    114      1    439      2   4852     24  35837     10  65894
[INFO DRT-0267] cpu time = 10:08:04, elapsed time = 00:12:01, memory = 15265.62 (MB), peak = 22431.88 (MB)
Total wire length = 4128796 um.
Total wire length on LAYER metal1 = 2571 um.
Total wire length on LAYER metal2 = 719732 um.
Total wire length on LAYER metal3 = 884091 um.
Total wire length on LAYER metal4 = 237900 um.
Total wire length on LAYER metal5 = 219119 um.
Total wire length on LAYER metal6 = 212906 um.
Total wire length on LAYER metal7 = 59621 um.
Total wire length on LAYER metal8 = 40986 um.
Total wire length on LAYER metal9 = 23517 um.
Total wire length on LAYER metal10 = 20017 um.
Total wire length on LAYER metal11 = 9848 um.
Total wire length on LAYER metal12 = 25054 um.
Total wire length on LAYER metal13 = 47085 um.
Total wire length on LAYER metal14 = 59231 um.
Total wire length on LAYER metal15 = 187500 um.
Total wire length on LAYER metal16 = 176916 um.
Total wire length on LAYER metal17 = 344641 um.
Total wire length on LAYER metal18 = 352791 um.
Total wire length on LAYER metal19 = 94214 um.
Total wire length on LAYER metal20 = 411047 um.
Total number of vias = 1461175.
Up-via summary (total 1461175):

-------------------
  active          0
  metal1     368211
  metal2     405081
  metal3      46947
  metal4      17221
  metal5      12219
  metal6       7050
  metal7       6847
  metal8       6587
  metal9       6563
 metal10       1845
 metal11       6652
 metal12       6797
 metal13       7301
 metal14       7865
 metal15      20316
 metal16      21498
 metal17     122396
 metal18     109799
 metal19     279980
-------------------
            1461175


[INFO DRT-0195] Start 3rd optimization iteration.
    Completing 10% with 215595 violations.
    elapsed time = 00:00:22, memory = 21925.58 (MB).
    Completing 20% with 215595 violations.
    elapsed time = 00:01:03, memory = 21698.15 (MB).
    Completing 30% with 180498 violations.
    elapsed time = 00:02:21, memory = 15498.39 (MB).
    Completing 40% with 180498 violations.
    elapsed time = 00:03:12, memory = 21803.40 (MB).
    Completing 50% with 143532 violations.
    elapsed time = 00:04:42, memory = 15696.63 (MB).
    Completing 60% with 143532 violations.
    elapsed time = 00:05:06, memory = 22456.12 (MB).
    Completing 70% with 143532 violations.
    elapsed time = 00:05:41, memory = 22168.32 (MB).
    Completing 80% with 110752 violations.
    elapsed time = 00:07:27, memory = 15778.61 (MB).
    Completing 90% with 110752 violations.
    elapsed time = 00:08:15, memory = 22305.01 (MB).
    Completing 100% with 75323 violations.
    elapsed time = 00:10:09, memory = 15940.91 (MB).
[INFO DRT-0199]   Number of violations = 75349.
Viol/Layer      metal1   via1 metal2   via2 metal3   via3 metal4   via4 metal5   via5 metal6   via7 metal9   via9 me..10 me..11  via11 me..12 me..13 me..15 me..16  via16 me..17  via17 me..18  via18 me..19  via19 me..20
Cut Spacing          0      9      0     41      0      1      0     24      0      1      0      1      0     31      0      0      3      0      0      0      0     31      0      3      0     54      0     67      0
Metal Spacing       16      0   1498      0    323      0     59      0      2      0      0      0      6      0    440     30      0      4     15     46      5      0     98      0    737      0  12211      0   4994
NS Metal             0      0      1      0      5      0      0      0      0      0      0      0      0      0      8      0      0      2      0      0      0      0      0      0      1      0     20      0      2
Recheck              0      0      0      0      0      0      0      0      0      0      0      0      0      0      0      0      0      0      0      0      0      0      0      0      0      0     25      0      1
Short               28      0   6807      7   2323      0    134      0     11      0      1      0      0      0      2      2      0      0      0     37     82      0    108      1   1694     13   7406     12  35866
[INFO DRT-0267] cpu time = 08:49:32, elapsed time = 00:13:38, memory = 15890.08 (MB), peak = 23003.17 (MB)
Total wire length = 4148265 um.
Total wire length on LAYER metal1 = 2178 um.
Total wire length on LAYER metal2 = 660310 um.
Total wire length on LAYER metal3 = 877138 um.
Total wire length on LAYER metal4 = 285040 um.
Total wire length on LAYER metal5 = 228766 um.
Total wire length on LAYER metal6 = 220027 um.
Total wire length on LAYER metal7 = 60584 um.
Total wire length on LAYER metal8 = 40778 um.
Total wire length on LAYER metal9 = 22181 um.
Total wire length on LAYER metal10 = 20065 um.
Total wire length on LAYER metal11 = 9775 um.
Total wire length on LAYER metal12 = 24818 um.
Total wire length on LAYER metal13 = 46786 um.
Total wire length on LAYER metal14 = 59601 um.
Total wire length on LAYER metal15 = 192891 um.
Total wire length on LAYER metal16 = 190076 um.
Total wire length on LAYER metal17 = 358237 um.
Total wire length on LAYER metal18 = 372372 um.
Total wire length on LAYER metal19 = 89909 um.
Total wire length on LAYER metal20 = 386724 um.
Total number of vias = 1544516.
Up-via summary (total 1544516):

-------------------
  active          0
  metal1     367253
  metal2     413653
  metal3      62384
  metal4      21059
  metal5      13731
  metal6       7063
  metal7       6853
  metal8       6588
  metal9       6552
 metal10       1838
 metal11       6646
 metal12       6793
 metal13       7299
 metal14       7876
 metal15      21493
 metal16      24587
 metal17     135505
 metal18     123439
 metal19     303904
-------------------
            1544516


[INFO DRT-0195] Start 4th optimization iteration.
    Completing 10% with 75349 violations.
    elapsed time = 00:00:10, memory = 22097.61 (MB).
    Completing 20% with 75349 violations.
    elapsed time = 00:00:36, memory = 20373.16 (MB).
    Completing 30% with 68417 violations.
    elapsed time = 00:01:46, memory = 15903.27 (MB).
    Completing 40% with 68417 violations.
    elapsed time = 00:02:14, memory = 22437.07 (MB).
    Completing 50% with 61010 violations.
    elapsed time = 00:03:34, memory = 15907.69 (MB).
    Completing 60% with 61010 violations.
    elapsed time = 00:03:43, memory = 22051.86 (MB).
    Completing 70% with 61010 violations.
    elapsed time = 00:04:05, memory = 22066.07 (MB).
    Completing 80% with 53014 violations.
    elapsed time = 00:05:34, memory = 15943.61 (MB).
    Completing 90% with 53014 violations.
    elapsed time = 00:06:04, memory = 22738.50 (MB).
    Completing 100% with 44141 violations.
    elapsed time = 00:07:25, memory = 16026.94 (MB).
[INFO DRT-0199]   Number of violations = 44153.
Viol/Layer      metal1   via1 metal2   via2 metal3   via3 metal4   via4 metal5 metal6   via7 metal9   via9 me..10 me..11  via11 me..12 me..13 me..15 me..16  via16 me..17  via17 me..18  via18 me..19  via19 me..20
Cut Spacing          0      4      0     15      0      2      0     20      0      0      2      0     16      0      0      2      0      0      0      0     17      0      1      0     22      0     49      0
Metal Spacing       20      0    481      0    173      0     58      0      0      1      0      2      0    180      7      0      2      2     19      0      0     75      0    397      0   8085      0   3303
NS Metal             1      0      0      0      1      0      0      0      0      0      0      0      0      4      0      0      0      0      0      0      0      0      0      0      0     32      0      1
Recheck              0      0      0      0      0      0      0      0      0      0      0      0      0      0      0      0      0      0      0      0      0      0      0      0      0     10      0      2
Short               15      0   1939      0    967      0    137      0      2      2      0      0      0      1      0      0      0      0     18     28      0     77      1    873      9   4102      4  22972
[INFO DRT-0267] cpu time = 05:03:06, elapsed time = 00:10:53, memory = 15965.98 (MB), peak = 23075.39 (MB)
Total wire length = 4151063 um.
Total wire length on LAYER metal1 = 2202 um.
Total wire length on LAYER metal2 = 656553 um.
Total wire length on LAYER metal3 = 875866 um.
Total wire length on LAYER metal4 = 286959 um.
Total wire length on LAYER metal5 = 230207 um.
Total wire length on LAYER metal6 = 221615 um.
Total wire length on LAYER metal7 = 60741 um.
Total wire length on LAYER metal8 = 40851 um.
Total wire length on LAYER metal9 = 22056 um.
Total wire length on LAYER metal10 = 20034 um.
Total wire length on LAYER metal11 = 9703 um.
Total wire length on LAYER metal12 = 24804 um.
Total wire length on LAYER metal13 = 46731 um.
Total wire length on LAYER metal14 = 59799 um.
Total wire length on LAYER metal15 = 194224 um.
Total wire length on LAYER metal16 = 194094 um.
Total wire length on LAYER metal17 = 359893 um.
Total wire length on LAYER metal18 = 376592 um.
Total wire length on LAYER metal19 = 89379 um.
Total wire length on LAYER metal20 = 378749 um.
Total number of vias = 1552186.
Up-via summary (total 1552186):

-------------------
  active          0
  metal1     367268
  metal2     414095
  metal3      63051
  metal4      21512
  metal5      14061
  metal6       7063
  metal7       6842
  metal8       6588
  metal9       6549
 metal10       1825
 metal11       6646
 metal12       6787
 metal13       7312
 metal14       7905
 metal15      21716
 metal16      25232
 metal17     137417
 metal18     124755
 metal19     305562
-------------------
            1552186


[INFO DRT-0195] Start 5th optimization iteration.
    Completing 10% with 44153 violations.
    elapsed time = 00:00:06, memory = 22571.66 (MB).
    Completing 20% with 44153 violations.
    elapsed time = 00:00:30, memory = 20692.68 (MB).
    Completing 30% with 40978 violations.
    elapsed time = 00:01:41, memory = 15934.21 (MB).
    Completing 40% with 40978 violations.
    elapsed time = 00:02:01, memory = 22031.10 (MB).
    Completing 50% with 37764 violations.
    elapsed time = 00:03:04, memory = 15943.34 (MB).
    Completing 60% with 37764 violations.
    elapsed time = 00:03:09, memory = 22378.00 (MB).
    Completing 70% with 37764 violations.
    elapsed time = 00:03:27, memory = 22389.97 (MB).
    Completing 80% with 34496 violations.
    elapsed time = 00:04:47, memory = 15981.63 (MB).
    Completing 90% with 34496 violations.
    elapsed time = 00:05:06, memory = 22523.77 (MB).
    Completing 100% with 30586 violations.
    elapsed time = 00:06:03, memory = 16018.46 (MB).
[INFO DRT-0199]   Number of violations = 30605.
Viol/Layer      metal1   via1 metal2   via2 metal3 metal4   via4   via7 metal9   via9 me..10 me..11  via11 me..13 me..15 me..16  via16 me..17  via17 me..18  via18 me..19  via19 me..20
Cut Spacing          0      3      0      3      0      0     10      1      0      8      0      0      1      0      0      0      6      0      1      0     20      0     26      0
Metal Spacing        9      0    185      0     97     39      0      0      1      0    106      4      0      1     11      0      0     57      0    252      0   6126      0   2281
NS Metal             0      0      1      0      1      0      0      0      0      0      4      0      0      0      0      0      0      0      0      0      0     14      0      1
Recheck              0      0      0      0      0      0      0      0      0      0      0      0      0      0      0      0      0      0      0      0      0     14      0      5
Short                3      0    638      0    413     93      0      0      0      0      1      0      0      0      4     12      0     58      0    581      3   2970      5  16536
[INFO DRT-0267] cpu time = 03:51:30, elapsed time = 00:09:26, memory = 15933.23 (MB), peak = 23331.86 (MB)
Total wire length = 4151290 um.
Total wire length on LAYER metal1 = 2201 um.
Total wire length on LAYER metal2 = 655446 um.
Total wire length on LAYER metal3 = 875380 um.
Total wire length on LAYER metal4 = 287205 um.
Total wire length on LAYER metal5 = 230642 um.
Total wire length on LAYER metal6 = 222375 um.
Total wire length on LAYER metal7 = 60825 um.
Total wire length on LAYER metal8 = 40810 um.
Total wire length on LAYER metal9 = 21995 um.
Total wire length on LAYER metal10 = 20021 um.
Total wire length on LAYER metal11 = 9698 um.
Total wire length on LAYER metal12 = 24794 um.
Total wire length on LAYER metal13 = 46751 um.
Total wire length on LAYER metal14 = 59824 um.
Total wire length on LAYER metal15 = 194934 um.
Total wire length on LAYER metal16 = 196634 um.
Total wire length on LAYER metal17 = 360371 um.
Total wire length on LAYER metal18 = 378300 um.
Total wire length on LAYER metal19 = 89101 um.
Total wire length on LAYER metal20 = 373974 um.
Total number of vias = 1554912.
Up-via summary (total 1554912):

-------------------
  active          0
  metal1     367276
  metal2     414183
  metal3      63124
  metal4      21662
  metal5      14195
  metal6       7067
  metal7       6838
  metal8       6582
  metal9       6543
 metal10       1819
 metal11       6640
 metal12       6784
 metal13       7314
 metal14       7903
 metal15      21878
 metal16      25562
 metal17     138184
 metal18     125335
 metal19     306023
-------------------
            1554912


[INFO DRT-0198] Complete detail routing.
Total wire length = 4151290 um.
Total wire length on LAYER metal1 = 2201 um.
Total wire length on LAYER metal2 = 655446 um.
Total wire length on LAYER metal3 = 875380 um.
Total wire length on LAYER metal4 = 287205 um.
Total wire length on LAYER metal5 = 230642 um.
Total wire length on LAYER metal6 = 222375 um.
Total wire length on LAYER metal7 = 60825 um.
Total wire length on LAYER metal8 = 40810 um.
Total wire length on LAYER metal9 = 21995 um.
Total wire length on LAYER metal10 = 20021 um.
Total wire length on LAYER metal11 = 9698 um.
Total wire length on LAYER metal12 = 24794 um.
Total wire length on LAYER metal13 = 46751 um.
Total wire length on LAYER metal14 = 59824 um.
Total wire length on LAYER metal15 = 194934 um.
Total wire length on LAYER metal16 = 196634 um.
Total wire length on LAYER metal17 = 360371 um.
Total wire length on LAYER metal18 = 378300 um.
Total wire length on LAYER metal19 = 89101 um.
Total wire length on LAYER metal20 = 373974 um.
Total number of vias = 1554912.
Up-via summary (total 1554912):

-------------------
  active          0
  metal1     367276
  metal2     414183
  metal3      63124
  metal4      21662
  metal5      14195
  metal6       7067
  metal7       6838
  metal8       6582
  metal9       6543
 metal10       1819
 metal11       6640
 metal12       6784
 metal13       7314
 metal14       7903
 metal15      21878
 metal16      25562
 metal17     138184
 metal18     125335
 metal19     306023
-------------------
            1554912


[INFO DRT-0267] cpu time = 53:09:03, elapsed time = 01:15:43, memory = 15933.23 (MB), peak = 23331.86 (MB)

[INFO DRT-0180] Post processing.
Elapsed time: 1:24:30[h:]min:sec. CPU time: user 200117.88 sys 366.57 (3953%). Peak memory: 23891828KB.
