OpenROAD v2.0-17198-g8396d0866 
Features included (+) or not (-): +Charts +GPU +GUI +Python : None
This program is licensed under the BSD-3 license. See the LICENSE file for details.
Components of this program may be licensed under more restrictive licenses which must be honored.
[WARNING STA-0366] port 'mem_cmd_yumi_i[0]' not found.
[WARNING STA-0366] port 'mem_cmd_yumi_i[0]' not found.
[WARNING STA-0366] port 'mem_data_cmd_yumi_i[0]' not found.
[WARNING STA-0366] port 'mem_data_cmd_yumi_i[0]' not found.
[WARNING STA-0366] port 'mem_resp_v_i[0]' not found.
[WARNING STA-0366] port 'mem_resp_v_i[0]' not found.
[WARNING STA-0366] port 'mem_data_resp_v_i[0]' not found.
[WARNING STA-0366] port 'mem_data_resp_v_i[0]' not found.
[WARNING STA-0366] port 'mem_cmd_v_o[0]' not found.
[WARNING STA-0366] port 'mem_cmd_v_o[0]' not found.
[WARNING STA-0366] port 'mem_data_cmd_v_o[0]' not found.
[WARNING STA-0366] port 'mem_data_cmd_v_o[0]' not found.
[WARNING STA-0366] port 'mem_resp_ready_o[0]' not found.
[WARNING STA-0366] port 'mem_resp_ready_o[0]' not found.
[WARNING STA-0366] port 'mem_data_resp_ready_o[0]' not found.
[WARNING STA-0366] port 'mem_data_resp_ready_o[0]' not found.
[INFO ORD-0030] Using 104 thread(s).
detailed_route arguments: -droute_end_iter 5
[INFO DRT-0149] Reading tech and libs.

Units:                2000
Number of layers:     41
Number of macros:     283
Number of vias:       55
Number of viarulegen: 39

[INFO DRT-0150] Reading design.
[WARNING DRT-0120] Large net clk_i has 38502 pins which may impact routing performance. Consider optimization.
[WARNING DRT-0120] Large net N109115_BOT has 107 pins which may impact routing performance. Consider optimization.
[WARNING DRT-0120] Large net N109115_TOP has 436 pins which may impact routing performance. Consider optimization.
[WARNING DRT-0120] Large net N109144_BOT has 139 pins which may impact routing performance. Consider optimization.
[WARNING DRT-0120] Large net N109144_TOP has 404 pins which may impact routing performance. Consider optimization.
[WARNING DRT-0120] Large net N109159_BOT has 136 pins which may impact routing performance. Consider optimization.
[WARNING DRT-0120] Large net N109159_TOP has 407 pins which may impact routing performance. Consider optimization.
[WARNING DRT-0120] Large net N109162_BOT has 136 pins which may impact routing performance. Consider optimization.
[WARNING DRT-0120] Large net N109162_TOP has 408 pins which may impact routing performance. Consider optimization.
[WARNING DRT-0120] Large net N109188_BOT has 137 pins which may impact routing performance. Consider optimization.
[WARNING DRT-0120] Large net N109188_TOP has 406 pins which may impact routing performance. Consider optimization.
[WARNING DRT-0120] Large net N129648_TOP has 473 pins which may impact routing performance. Consider optimization.
[WARNING DRT-0120] Large net N129660_TOP has 471 pins which may impact routing performance. Consider optimization.
[WARNING DRT-0120] Large net N129662_TOP has 471 pins which may impact routing performance. Consider optimization.
[WARNING DRT-0120] Large net N129669_TOP has 471 pins which may impact routing performance. Consider optimization.
[WARNING DRT-0120] Large net N147553_BOT has 283 pins which may impact routing performance. Consider optimization.
[WARNING DRT-0120] Large net N147553_TOP has 261 pins which may impact routing performance. Consider optimization.
[WARNING DRT-0120] Large net N147954_BOT has 290 pins which may impact routing performance. Consider optimization.
[WARNING DRT-0120] Large net N147954_TOP has 254 pins which may impact routing performance. Consider optimization.
[WARNING DRT-0120] Large net N158552_BOT has 293 pins which may impact routing performance. Consider optimization.
[WARNING DRT-0120] Large net N158552_TOP has 252 pins which may impact routing performance. Consider optimization.
[WARNING DRT-0120] Large net N158579_BOT has 290 pins which may impact routing performance. Consider optimization.
[WARNING DRT-0120] Large net N158579_TOP has 255 pins which may impact routing performance. Consider optimization.
[WARNING DRT-0120] Large net N158594_BOT has 291 pins which may impact routing performance. Consider optimization.
[WARNING DRT-0120] Large net N158594_TOP has 254 pins which may impact routing performance. Consider optimization.
[WARNING DRT-0120] Large net N158597_BOT has 291 pins which may impact routing performance. Consider optimization.
[WARNING DRT-0120] Large net N158597_TOP has 255 pins which may impact routing performance. Consider optimization.
[WARNING DRT-0120] Large net N158629_BOT has 294 pins which may impact routing performance. Consider optimization.
[WARNING DRT-0120] Large net N158629_TOP has 250 pins which may impact routing performance. Consider optimization.
[WARNING DRT-0120] Large net N174860_BOT has 212 pins which may impact routing performance. Consider optimization.
[WARNING DRT-0120] Large net N174860_TOP has 332 pins which may impact routing performance. Consider optimization.
[WARNING DRT-0120] Large net N175661_BOT has 204 pins which may impact routing performance. Consider optimization.
[WARNING DRT-0120] Large net N175661_TOP has 340 pins which may impact routing performance. Consider optimization.
[WARNING DRT-0120] Large net N186140_BOT has 189 pins which may impact routing performance. Consider optimization.
[WARNING DRT-0120] Large net N186140_TOP has 356 pins which may impact routing performance. Consider optimization.
[WARNING DRT-0120] Large net N186190_BOT has 188 pins which may impact routing performance. Consider optimization.
[WARNING DRT-0120] Large net N186190_TOP has 357 pins which may impact routing performance. Consider optimization.
[WARNING DRT-0120] Large net N186201_BOT has 188 pins which may impact routing performance. Consider optimization.
[WARNING DRT-0120] Large net N186201_TOP has 357 pins which may impact routing performance. Consider optimization.
[WARNING DRT-0120] Large net N186224_BOT has 187 pins which may impact routing performance. Consider optimization.
[WARNING DRT-0120] Large net N186224_TOP has 358 pins which may impact routing performance. Consider optimization.
[WARNING DRT-0120] Large net N203251_TOP has 115 pins which may impact routing performance. Consider optimization.
[WARNING DRT-0120] Large net N203311_TOP has 135 pins which may impact routing performance. Consider optimization.
[WARNING DRT-0120] Large net N223125_TOP has 103 pins which may impact routing performance. Consider optimization.
[WARNING DRT-0120] Large net N223130_TOP has 111 pins which may impact routing performance. Consider optimization.
[WARNING DRT-0120] Large net N223137_TOP has 105 pins which may impact routing performance. Consider optimization.
[WARNING DRT-0120] Large net N227741_TOP has 107 pins which may impact routing performance. Consider optimization.
[WARNING DRT-0120] Large net N241085_TOP has 129 pins which may impact routing performance. Consider optimization.
[WARNING DRT-0120] Large net N244238_TOP has 130 pins which may impact routing performance. Consider optimization.
[WARNING DRT-0120] Large net N274255_BOT has 103 pins which may impact routing performance. Consider optimization.
[WARNING DRT-0120] Large net N316404_TOP has 113 pins which may impact routing performance. Consider optimization.
[WARNING DRT-0120] Large net N317449_TOP has 123 pins which may impact routing performance. Consider optimization.
[WARNING DRT-0120] Large net N317460_TOP has 106 pins which may impact routing performance. Consider optimization.
[WARNING DRT-0120] Large net N317471_TOP has 104 pins which may impact routing performance. Consider optimization.
[WARNING DRT-0120] Large net N317504_TOP has 105 pins which may impact routing performance. Consider optimization.
[WARNING DRT-0120] Large net N318403_TOP has 107 pins which may impact routing performance. Consider optimization.
[WARNING DRT-0120] Large net N322649_TOP has 104 pins which may impact routing performance. Consider optimization.
[WARNING DRT-0120] Large net N322651_TOP has 102 pins which may impact routing performance. Consider optimization.
[WARNING DRT-0120] Large net N323041_TOP has 103 pins which may impact routing performance. Consider optimization.
[WARNING DRT-0120] Large net N324361_BOT has 104 pins which may impact routing performance. Consider optimization.
[WARNING DRT-0120] Large net N324413_TOP has 105 pins which may impact routing performance. Consider optimization.
[WARNING DRT-0120] Large net N324805_TOP has 101 pins which may impact routing performance. Consider optimization.
[WARNING DRT-0120] Large net N324917_BOT has 113 pins which may impact routing performance. Consider optimization.
[WARNING DRT-0120] Large net N325725_TOP has 101 pins which may impact routing performance. Consider optimization.
[WARNING DRT-0120] Large net N325923_TOP has 123 pins which may impact routing performance. Consider optimization.
[WARNING DRT-0120] Large net N325935_TOP has 121 pins which may impact routing performance. Consider optimization.
[WARNING DRT-0120] Large net N325936_TOP has 112 pins which may impact routing performance. Consider optimization.
[WARNING DRT-0120] Large net N328030_BOT has 101 pins which may impact routing performance. Consider optimization.
[WARNING DRT-0120] Large net N328031_BOT has 101 pins which may impact routing performance. Consider optimization.
[WARNING DRT-0120] Large net N48885_BOT has 392 pins which may impact routing performance. Consider optimization.
[WARNING DRT-0120] Large net N48885_TOP has 153 pins which may impact routing performance. Consider optimization.
[WARNING DRT-0120] Large net N52359_BOT has 395 pins which may impact routing performance. Consider optimization.
[WARNING DRT-0120] Large net N52359_TOP has 150 pins which may impact routing performance. Consider optimization.
[WARNING DRT-0120] Large net N60112_BOT has 350 pins which may impact routing performance. Consider optimization.
[WARNING DRT-0120] Large net N60112_TOP has 197 pins which may impact routing performance. Consider optimization.
[WARNING DRT-0120] Large net N60136_BOT has 367 pins which may impact routing performance. Consider optimization.
[WARNING DRT-0120] Large net N60136_TOP has 179 pins which may impact routing performance. Consider optimization.
[WARNING DRT-0120] Large net N60153_BOT has 350 pins which may impact routing performance. Consider optimization.
[WARNING DRT-0120] Large net N60153_TOP has 196 pins which may impact routing performance. Consider optimization.
[WARNING DRT-0120] Large net N60156_BOT has 351 pins which may impact routing performance. Consider optimization.
[WARNING DRT-0120] Large net N60156_TOP has 196 pins which may impact routing performance. Consider optimization.
[WARNING DRT-0120] Large net N60183_BOT has 349 pins which may impact routing performance. Consider optimization.
[WARNING DRT-0120] Large net N60183_TOP has 196 pins which may impact routing performance. Consider optimization.
[WARNING DRT-0120] Large net N72035_BOT has 230 pins which may impact routing performance. Consider optimization.
[WARNING DRT-0120] Large net N72035_TOP has 315 pins which may impact routing performance. Consider optimization.
[WARNING DRT-0120] Large net N72920_BOT has 233 pins which may impact routing performance. Consider optimization.
[WARNING DRT-0120] Large net N72920_TOP has 312 pins which may impact routing performance. Consider optimization.
[WARNING DRT-0120] Large net N80725_BOT has 251 pins which may impact routing performance. Consider optimization.
[WARNING DRT-0120] Large net N80725_TOP has 296 pins which may impact routing performance. Consider optimization.
[WARNING DRT-0120] Large net N80749_BOT has 261 pins which may impact routing performance. Consider optimization.
[WARNING DRT-0120] Large net N80749_TOP has 285 pins which may impact routing performance. Consider optimization.
[WARNING DRT-0120] Large net N81295_BOT has 263 pins which may impact routing performance. Consider optimization.
[WARNING DRT-0120] Large net N81295_TOP has 284 pins which may impact routing performance. Consider optimization.
[WARNING DRT-0120] Large net N97904_BOT has 252 pins which may impact routing performance. Consider optimization.
[WARNING DRT-0120] Large net N97904_TOP has 290 pins which may impact routing performance. Consider optimization.
[WARNING DRT-0120] Large net N98305_BOT has 249 pins which may impact routing performance. Consider optimization.
[WARNING DRT-0120] Large net N98305_TOP has 293 pins which may impact routing performance. Consider optimization.
[WARNING DRT-0120] Large net multi_top/rof1_0__core/_00911_ has 219 pins which may impact routing performance. Consider optimization.
[WARNING DRT-0120] Large net multi_top/rof1_0__core/_00939_ has 219 pins which may impact routing performance. Consider optimization.
[WARNING DRT-0120] Large net multi_top/rof1_0__core/_00943_ has 110 pins which may impact routing performance. Consider optimization.
[WARNING DRT-0120] Large net multi_top/rof1_0__core/be/_0180_ has 109 pins which may impact routing performance. Consider optimization.
[WARNING DRT-0120] Large net multi_top/rof1_0__core/be/be_calculator/_02018_ has 176 pins which may impact routing performance. Consider optimization.
[WARNING DRT-0120] Large net multi_top/rof1_0__core/be/be_calculator/_02571_ has 165 pins which may impact routing performance. Consider optimization.
[WARNING DRT-0120] Large net multi_top/rof1_0__core/fe/icache_1/_07841_ has 120 pins which may impact routing performance. Consider optimization.
[WARNING DRT-0120] Large net multi_top/rof1_0__core/fe/icache_1/_09039_ has 410 pins which may impact routing performance. Consider optimization.
[WARNING DRT-0120] Large net multi_top/rof1_0__core/fe_queue_fifo/fifo_mem/synth/_02434_ has 135 pins which may impact routing performance. Consider optimization.
[WARNING DRT-0120] Large net multi_top/rof1_0__core/fe_queue_fifo/fifo_mem/synth/_02479_ has 114 pins which may impact routing performance. Consider optimization.
[WARNING DRT-0120] Large net multi_top/rof1_0__core/fe_queue_fifo/fifo_mem/synth/_02485_ has 114 pins which may impact routing performance. Consider optimization.
[WARNING DRT-0120] Large net multi_top/rof1_0__core/fe_queue_fifo/fifo_mem/synth/_02500_ has 135 pins which may impact routing performance. Consider optimization.
[WARNING DRT-0120] Large net multi_top/rof1_0__core/fe_queue_fifo/fifo_mem/synth/_02548_ has 129 pins which may impact routing performance. Consider optimization.
[WARNING DRT-0120] Large net multi_top/rof1_0__core/fe_queue_fifo/fifo_mem/synth/_02554_ has 129 pins which may impact routing performance. Consider optimization.
[WARNING DRT-0120] Large net net3007 has 102 pins which may impact routing performance. Consider optimization.
[WARNING DRT-0120] Large net net3279 has 103 pins which may impact routing performance. Consider optimization.
[WARNING DRT-0120] Large net net3530 has 101 pins which may impact routing performance. Consider optimization.
[WARNING DRT-0120] Large net net3531 has 103 pins which may impact routing performance. Consider optimization.
[WARNING DRT-0120] Large net net4023 has 121 pins which may impact routing performance. Consider optimization.
[WARNING DRT-0120] Large net net4031 has 111 pins which may impact routing performance. Consider optimization.
[WARNING DRT-0120] Large net net4557 has 101 pins which may impact routing performance. Consider optimization.
[WARNING DRT-0120] Large net net4558 has 121 pins which may impact routing performance. Consider optimization.
[WARNING DRT-0120] Large net net4876 has 111 pins which may impact routing performance. Consider optimization.
[WARNING DRT-0120] Large net net4925 has 103 pins which may impact routing performance. Consider optimization.
[WARNING DRT-0120] Large net net6822 has 120 pins which may impact routing performance. Consider optimization.
[WARNING DRT-0120] Large net net6823 has 120 pins which may impact routing performance. Consider optimization.

Design:                   black_parrot
Die area:                 ( 0 0 ) ( 1800000 1800000 )
Number of track patterns: 80
Number of DEF vias:       0
Number of components:     299407
Number of terminals:      1198
Number of snets:          0
Number of nets:           340865

[WARNING DRT-0419] No routing tracks pass through the center of Term multi_top/me/genblk1_0__bp_cce_top/bp_cce/directory/wg_ram.macro_mem0.mem/w_mask_in[0]
[WARNING DRT-0419] No routing tracks pass through the center of Term multi_top/me/genblk1_0__bp_cce_top/bp_cce/directory/wg_ram.macro_mem0.mem/w_mask_in[1]
[WARNING DRT-0419] No routing tracks pass through the center of Term multi_top/me/genblk1_0__bp_cce_top/bp_cce/directory/wg_ram.macro_mem0.mem/w_mask_in[2]
[WARNING DRT-0419] No routing tracks pass through the center of Term multi_top/me/genblk1_0__bp_cce_top/bp_cce/directory/wg_ram.macro_mem0.mem/w_mask_in[3]
[WARNING DRT-0419] No routing tracks pass through the center of Term multi_top/me/genblk1_0__bp_cce_top/bp_cce/directory/wg_ram.macro_mem0.mem/w_mask_in[4]
[WARNING DRT-0419] No routing tracks pass through the center of Term multi_top/me/genblk1_0__bp_cce_top/bp_cce/directory/wg_ram.macro_mem0.mem/w_mask_in[5]
[WARNING DRT-0419] No routing tracks pass through the center of Term multi_top/me/genblk1_0__bp_cce_top/bp_cce/directory/wg_ram.macro_mem0.mem/w_mask_in[6]
[WARNING DRT-0419] No routing tracks pass through the center of Term multi_top/me/genblk1_0__bp_cce_top/bp_cce/directory/wg_ram.macro_mem0.mem/w_mask_in[7]
[WARNING DRT-0419] No routing tracks pass through the center of Term multi_top/me/genblk1_0__bp_cce_top/bp_cce/directory/wg_ram.macro_mem0.mem/w_mask_in[8]
[WARNING DRT-0419] No routing tracks pass through the center of Term multi_top/me/genblk1_0__bp_cce_top/bp_cce/directory/wg_ram.macro_mem0.mem/w_mask_in[9]
[WARNING DRT-0419] No routing tracks pass through the center of Term multi_top/me/genblk1_0__bp_cce_top/bp_cce/directory/wg_ram.macro_mem0.mem/w_mask_in[10]
[WARNING DRT-0419] No routing tracks pass through the center of Term multi_top/me/genblk1_0__bp_cce_top/bp_cce/directory/wg_ram.macro_mem0.mem/w_mask_in[11]
[WARNING DRT-0419] No routing tracks pass through the center of Term multi_top/me/genblk1_0__bp_cce_top/bp_cce/directory/wg_ram.macro_mem0.mem/w_mask_in[12]
[WARNING DRT-0419] No routing tracks pass through the center of Term multi_top/me/genblk1_0__bp_cce_top/bp_cce/directory/wg_ram.macro_mem0.mem/w_mask_in[13]
[WARNING DRT-0419] No routing tracks pass through the center of Term multi_top/me/genblk1_0__bp_cce_top/bp_cce/directory/wg_ram.macro_mem0.mem/w_mask_in[14]
[WARNING DRT-0419] No routing tracks pass through the center of Term multi_top/me/genblk1_0__bp_cce_top/bp_cce/directory/wg_ram.macro_mem0.mem/w_mask_in[15]
[WARNING DRT-0419] No routing tracks pass through the center of Term multi_top/me/genblk1_0__bp_cce_top/bp_cce/directory/wg_ram.macro_mem0.mem/w_mask_in[16]
[WARNING DRT-0419] No routing tracks pass through the center of Term multi_top/me/genblk1_0__bp_cce_top/bp_cce/directory/wg_ram.macro_mem0.mem/w_mask_in[17]
[WARNING DRT-0419] No routing tracks pass through the center of Term multi_top/me/genblk1_0__bp_cce_top/bp_cce/directory/wg_ram.macro_mem0.mem/w_mask_in[18]
[WARNING DRT-0419] No routing tracks pass through the center of Term multi_top/me/genblk1_0__bp_cce_top/bp_cce/directory/wg_ram.macro_mem0.mem/w_mask_in[19]
[WARNING DRT-0419] No routing tracks pass through the center of Term multi_top/me/genblk1_0__bp_cce_top/bp_cce/directory/wg_ram.macro_mem0.mem/w_mask_in[20]
[WARNING DRT-0419] No routing tracks pass through the center of Term multi_top/me/genblk1_0__bp_cce_top/bp_cce/directory/wg_ram.macro_mem0.mem/w_mask_in[21]
[WARNING DRT-0419] No routing tracks pass through the center of Term multi_top/me/genblk1_0__bp_cce_top/bp_cce/directory/wg_ram.macro_mem0.mem/w_mask_in[22]
[WARNING DRT-0419] No routing tracks pass through the center of Term multi_top/me/genblk1_0__bp_cce_top/bp_cce/directory/wg_ram.macro_mem0.mem/w_mask_in[23]
[WARNING DRT-0419] No routing tracks pass through the center of Term multi_top/me/genblk1_0__bp_cce_top/bp_cce/directory/wg_ram.macro_mem0.mem/w_mask_in[24]
[WARNING DRT-0419] No routing tracks pass through the center of Term multi_top/me/genblk1_0__bp_cce_top/bp_cce/directory/wg_ram.macro_mem0.mem/w_mask_in[25]
[WARNING DRT-0419] No routing tracks pass through the center of Term multi_top/me/genblk1_0__bp_cce_top/bp_cce/directory/wg_ram.macro_mem0.mem/w_mask_in[26]
[WARNING DRT-0419] No routing tracks pass through the center of Term multi_top/me/genblk1_0__bp_cce_top/bp_cce/directory/wg_ram.macro_mem0.mem/w_mask_in[27]
[WARNING DRT-0419] No routing tracks pass through the center of Term multi_top/me/genblk1_0__bp_cce_top/bp_cce/directory/wg_ram.macro_mem0.mem/w_mask_in[28]
[WARNING DRT-0419] No routing tracks pass through the center of Term multi_top/me/genblk1_0__bp_cce_top/bp_cce/directory/wg_ram.macro_mem0.mem/w_mask_in[29]
[WARNING DRT-0419] No routing tracks pass through the center of Term multi_top/me/genblk1_0__bp_cce_top/bp_cce/directory/wg_ram.macro_mem0.mem/w_mask_in[30]
[WARNING DRT-0419] No routing tracks pass through the center of Term multi_top/me/genblk1_0__bp_cce_top/bp_cce/directory/wg_ram.macro_mem0.mem/w_mask_in[31]
[WARNING DRT-0419] No routing tracks pass through the center of Term multi_top/me/genblk1_0__bp_cce_top/bp_cce/directory/wg_ram.macro_mem0.mem/w_mask_in[32]
[WARNING DRT-0419] No routing tracks pass through the center of Term multi_top/me/genblk1_0__bp_cce_top/bp_cce/directory/wg_ram.macro_mem0.mem/w_mask_in[33]
[WARNING DRT-0419] No routing tracks pass through the center of Term multi_top/me/genblk1_0__bp_cce_top/bp_cce/directory/wg_ram.macro_mem0.mem/w_mask_in[34]
[WARNING DRT-0419] No routing tracks pass through the center of Term multi_top/me/genblk1_0__bp_cce_top/bp_cce/directory/wg_ram.macro_mem0.mem/w_mask_in[35]
[WARNING DRT-0419] No routing tracks pass through the center of Term multi_top/me/genblk1_0__bp_cce_top/bp_cce/directory/wg_ram.macro_mem0.mem/w_mask_in[36]
[WARNING DRT-0419] No routing tracks pass through the center of Term multi_top/me/genblk1_0__bp_cce_top/bp_cce/directory/wg_ram.macro_mem0.mem/w_mask_in[37]
[WARNING DRT-0419] No routing tracks pass through the center of Term multi_top/me/genblk1_0__bp_cce_top/bp_cce/directory/wg_ram.macro_mem0.mem/w_mask_in[38]
[WARNING DRT-0419] No routing tracks pass through the center of Term multi_top/me/genblk1_0__bp_cce_top/bp_cce/directory/wg_ram.macro_mem0.mem/w_mask_in[39]
[WARNING DRT-0419] No routing tracks pass through the center of Term multi_top/me/genblk1_0__bp_cce_top/bp_cce/directory/wg_ram.macro_mem0.mem/w_mask_in[40]
[WARNING DRT-0419] No routing tracks pass through the center of Term multi_top/me/genblk1_0__bp_cce_top/bp_cce/directory/wg_ram.macro_mem0.mem/w_mask_in[41]
[WARNING DRT-0419] No routing tracks pass through the center of Term multi_top/me/genblk1_0__bp_cce_top/bp_cce/directory/wg_ram.macro_mem0.mem/w_mask_in[42]
[WARNING DRT-0419] No routing tracks pass through the center of Term multi_top/me/genblk1_0__bp_cce_top/bp_cce/directory/wg_ram.macro_mem0.mem/w_mask_in[43]
[WARNING DRT-0419] No routing tracks pass through the center of Term multi_top/me/genblk1_0__bp_cce_top/bp_cce/directory/wg_ram.macro_mem0.mem/w_mask_in[44]
[WARNING DRT-0419] No routing tracks pass through the center of Term multi_top/me/genblk1_0__bp_cce_top/bp_cce/directory/wg_ram.macro_mem0.mem/w_mask_in[45]
[WARNING DRT-0419] No routing tracks pass through the center of Term multi_top/me/genblk1_0__bp_cce_top/bp_cce/directory/wg_ram.macro_mem0.mem/w_mask_in[46]
[WARNING DRT-0419] No routing tracks pass through the center of Term multi_top/me/genblk1_0__bp_cce_top/bp_cce/directory/wg_ram.macro_mem0.mem/w_mask_in[47]
[WARNING DRT-0419] No routing tracks pass through the center of Term multi_top/me/genblk1_0__bp_cce_top/bp_cce/directory/wg_ram.macro_mem0.mem/w_mask_in[48]
[WARNING DRT-0419] No routing tracks pass through the center of Term multi_top/me/genblk1_0__bp_cce_top/bp_cce/directory/wg_ram.macro_mem0.mem/w_mask_in[49]
[WARNING DRT-0419] No routing tracks pass through the center of Term multi_top/me/genblk1_0__bp_cce_top/bp_cce/directory/wg_ram.macro_mem0.mem/w_mask_in[50]
[WARNING DRT-0419] No routing tracks pass through the center of Term multi_top/me/genblk1_0__bp_cce_top/bp_cce/directory/wg_ram.macro_mem0.mem/w_mask_in[51]
[WARNING DRT-0419] No routing tracks pass through the center of Term multi_top/me/genblk1_0__bp_cce_top/bp_cce/directory/wg_ram.macro_mem0.mem/w_mask_in[52]
[WARNING DRT-0419] No routing tracks pass through the center of Term multi_top/me/genblk1_0__bp_cce_top/bp_cce/directory/wg_ram.macro_mem0.mem/w_mask_in[53]
[WARNING DRT-0419] No routing tracks pass through the center of Term multi_top/me/genblk1_0__bp_cce_top/bp_cce/directory/wg_ram.macro_mem0.mem/w_mask_in[54]
[WARNING DRT-0419] No routing tracks pass through the center of Term multi_top/me/genblk1_0__bp_cce_top/bp_cce/directory/wg_ram.macro_mem0.mem/w_mask_in[55]
[WARNING DRT-0419] No routing tracks pass through the center of Term multi_top/me/genblk1_0__bp_cce_top/bp_cce/directory/wg_ram.macro_mem0.mem/w_mask_in[56]
[WARNING DRT-0419] No routing tracks pass through the center of Term multi_top/me/genblk1_0__bp_cce_top/bp_cce/directory/wg_ram.macro_mem0.mem/w_mask_in[57]
[WARNING DRT-0419] No routing tracks pass through the center of Term multi_top/me/genblk1_0__bp_cce_top/bp_cce/directory/wg_ram.macro_mem0.mem/w_mask_in[58]
[WARNING DRT-0419] No routing tracks pass through the center of Term multi_top/me/genblk1_0__bp_cce_top/bp_cce/directory/wg_ram.macro_mem0.mem/w_mask_in[59]
[WARNING DRT-0419] No routing tracks pass through the center of Term multi_top/me/genblk1_0__bp_cce_top/bp_cce/directory/wg_ram.macro_mem0.mem/w_mask_in[60]
[WARNING DRT-0419] No routing tracks pass through the center of Term multi_top/me/genblk1_0__bp_cce_top/bp_cce/directory/wg_ram.macro_mem0.mem/w_mask_in[61]
[WARNING DRT-0419] No routing tracks pass through the center of Term multi_top/me/genblk1_0__bp_cce_top/bp_cce/directory/wg_ram.macro_mem0.mem/w_mask_in[62]
[WARNING DRT-0419] No routing tracks pass through the center of Term multi_top/me/genblk1_0__bp_cce_top/bp_cce/directory/wg_ram.macro_mem0.mem/w_mask_in[63]
[WARNING DRT-0419] No routing tracks pass through the center of Term multi_top/me/genblk1_0__bp_cce_top/bp_cce/directory/wg_ram.macro_mem0.mem/w_mask_in[64]
[WARNING DRT-0419] No routing tracks pass through the center of Term multi_top/me/genblk1_0__bp_cce_top/bp_cce/directory/wg_ram.macro_mem0.mem/w_mask_in[65]
[WARNING DRT-0419] No routing tracks pass through the center of Term multi_top/me/genblk1_0__bp_cce_top/bp_cce/directory/wg_ram.macro_mem0.mem/w_mask_in[66]
[WARNING DRT-0419] No routing tracks pass through the center of Term multi_top/me/genblk1_0__bp_cce_top/bp_cce/directory/wg_ram.macro_mem0.mem/w_mask_in[67]
[WARNING DRT-0419] No routing tracks pass through the center of Term multi_top/me/genblk1_0__bp_cce_top/bp_cce/directory/wg_ram.macro_mem0.mem/w_mask_in[68]
[WARNING DRT-0419] No routing tracks pass through the center of Term multi_top/me/genblk1_0__bp_cce_top/bp_cce/directory/wg_ram.macro_mem0.mem/w_mask_in[69]
[WARNING DRT-0419] No routing tracks pass through the center of Term multi_top/me/genblk1_0__bp_cce_top/bp_cce/directory/wg_ram.macro_mem0.mem/w_mask_in[70]
[WARNING DRT-0419] No routing tracks pass through the center of Term multi_top/me/genblk1_0__bp_cce_top/bp_cce/directory/wg_ram.macro_mem0.mem/w_mask_in[71]
[WARNING DRT-0419] No routing tracks pass through the center of Term multi_top/me/genblk1_0__bp_cce_top/bp_cce/directory/wg_ram.macro_mem0.mem/w_mask_in[72]
[WARNING DRT-0419] No routing tracks pass through the center of Term multi_top/me/genblk1_0__bp_cce_top/bp_cce/directory/wg_ram.macro_mem0.mem/w_mask_in[73]
[WARNING DRT-0419] No routing tracks pass through the center of Term multi_top/me/genblk1_0__bp_cce_top/bp_cce/directory/wg_ram.macro_mem0.mem/w_mask_in[74]
[WARNING DRT-0419] No routing tracks pass through the center of Term multi_top/me/genblk1_0__bp_cce_top/bp_cce/directory/wg_ram.macro_mem0.mem/w_mask_in[75]
[WARNING DRT-0419] No routing tracks pass through the center of Term multi_top/me/genblk1_0__bp_cce_top/bp_cce/directory/wg_ram.macro_mem0.mem/w_mask_in[76]
[WARNING DRT-0419] No routing tracks pass through the center of Term multi_top/me/genblk1_0__bp_cce_top/bp_cce/directory/wg_ram.macro_mem0.mem/w_mask_in[77]
[WARNING DRT-0419] No routing tracks pass through the center of Term multi_top/me/genblk1_0__bp_cce_top/bp_cce/directory/wg_ram.macro_mem0.mem/w_mask_in[78]
[WARNING DRT-0419] No routing tracks pass through the center of Term multi_top/me/genblk1_0__bp_cce_top/bp_cce/directory/wg_ram.macro_mem0.mem/w_mask_in[79]
[WARNING DRT-0419] No routing tracks pass through the center of Term multi_top/me/genblk1_0__bp_cce_top/bp_cce/directory/wg_ram.macro_mem0.mem/w_mask_in[80]
[WARNING DRT-0419] No routing tracks pass through the center of Term multi_top/me/genblk1_0__bp_cce_top/bp_cce/directory/wg_ram.macro_mem0.mem/w_mask_in[81]
[WARNING DRT-0419] No routing tracks pass through the center of Term multi_top/me/genblk1_0__bp_cce_top/bp_cce/directory/wg_ram.macro_mem0.mem/w_mask_in[82]
[WARNING DRT-0419] No routing tracks pass through the center of Term multi_top/me/genblk1_0__bp_cce_top/bp_cce/directory/wg_ram.macro_mem0.mem/w_mask_in[83]
[WARNING DRT-0419] No routing tracks pass through the center of Term multi_top/me/genblk1_0__bp_cce_top/bp_cce/directory/wg_ram.macro_mem0.mem/w_mask_in[84]
[WARNING DRT-0419] No routing tracks pass through the center of Term multi_top/me/genblk1_0__bp_cce_top/bp_cce/directory/wg_ram.macro_mem0.mem/w_mask_in[85]
[WARNING DRT-0419] No routing tracks pass through the center of Term multi_top/me/genblk1_0__bp_cce_top/bp_cce/directory/wg_ram.macro_mem0.mem/w_mask_in[86]
[WARNING DRT-0419] No routing tracks pass through the center of Term multi_top/me/genblk1_0__bp_cce_top/bp_cce/directory/wg_ram.macro_mem0.mem/w_mask_in[87]
[WARNING DRT-0419] No routing tracks pass through the center of Term multi_top/me/genblk1_0__bp_cce_top/bp_cce/directory/wg_ram.macro_mem0.mem/w_mask_in[88]
[WARNING DRT-0419] No routing tracks pass through the center of Term multi_top/me/genblk1_0__bp_cce_top/bp_cce/directory/wg_ram.macro_mem0.mem/w_mask_in[89]
[WARNING DRT-0419] No routing tracks pass through the center of Term multi_top/me/genblk1_0__bp_cce_top/bp_cce/directory/wg_ram.macro_mem0.mem/w_mask_in[90]
[WARNING DRT-0419] No routing tracks pass through the center of Term multi_top/me/genblk1_0__bp_cce_top/bp_cce/directory/wg_ram.macro_mem0.mem/w_mask_in[91]
[WARNING DRT-0419] No routing tracks pass through the center of Term multi_top/me/genblk1_0__bp_cce_top/bp_cce/directory/wg_ram.macro_mem0.mem/w_mask_in[92]
[WARNING DRT-0419] No routing tracks pass through the center of Term multi_top/me/genblk1_0__bp_cce_top/bp_cce/directory/wg_ram.macro_mem0.mem/w_mask_in[93]
[WARNING DRT-0419] No routing tracks pass through the center of Term multi_top/me/genblk1_0__bp_cce_top/bp_cce/directory/wg_ram.macro_mem0.mem/w_mask_in[94]
[WARNING DRT-0419] No routing tracks pass through the center of Term multi_top/me/genblk1_0__bp_cce_top/bp_cce/directory/wg_ram.macro_mem0.mem/w_mask_in[95]
[WARNING DRT-0419] No routing tracks pass through the center of Term multi_top/me/genblk1_0__bp_cce_top/bp_cce/directory/wg_ram.macro_mem0.mem/rd_out[0]
[WARNING DRT-0419] No routing tracks pass through the center of Term multi_top/me/genblk1_0__bp_cce_top/bp_cce/directory/wg_ram.macro_mem0.mem/rd_out[1]
[WARNING DRT-0419] No routing tracks pass through the center of Term multi_top/me/genblk1_0__bp_cce_top/bp_cce/directory/wg_ram.macro_mem0.mem/rd_out[2]
[WARNING DRT-0419] No routing tracks pass through the center of Term multi_top/me/genblk1_0__bp_cce_top/bp_cce/directory/wg_ram.macro_mem0.mem/rd_out[3]
[WARNING DRT-0419] No routing tracks pass through the center of Term multi_top/me/genblk1_0__bp_cce_top/bp_cce/directory/wg_ram.macro_mem0.mem/rd_out[4]
[WARNING DRT-0419] No routing tracks pass through the center of Term multi_top/me/genblk1_0__bp_cce_top/bp_cce/directory/wg_ram.macro_mem0.mem/rd_out[5]
[WARNING DRT-0419] No routing tracks pass through the center of Term multi_top/me/genblk1_0__bp_cce_top/bp_cce/directory/wg_ram.macro_mem0.mem/rd_out[6]
[WARNING DRT-0419] No routing tracks pass through the center of Term multi_top/me/genblk1_0__bp_cce_top/bp_cce/directory/wg_ram.macro_mem0.mem/rd_out[7]
[WARNING DRT-0419] No routing tracks pass through the center of Term multi_top/me/genblk1_0__bp_cce_top/bp_cce/directory/wg_ram.macro_mem0.mem/rd_out[8]
[WARNING DRT-0419] No routing tracks pass through the center of Term multi_top/me/genblk1_0__bp_cce_top/bp_cce/directory/wg_ram.macro_mem0.mem/rd_out[9]
[WARNING DRT-0419] No routing tracks pass through the center of Term multi_top/me/genblk1_0__bp_cce_top/bp_cce/directory/wg_ram.macro_mem0.mem/rd_out[10]
[WARNING DRT-0419] No routing tracks pass through the center of Term multi_top/me/genblk1_0__bp_cce_top/bp_cce/directory/wg_ram.macro_mem0.mem/rd_out[11]
[WARNING DRT-0419] No routing tracks pass through the center of Term multi_top/me/genblk1_0__bp_cce_top/bp_cce/directory/wg_ram.macro_mem0.mem/rd_out[12]
[WARNING DRT-0419] No routing tracks pass through the center of Term multi_top/me/genblk1_0__bp_cce_top/bp_cce/directory/wg_ram.macro_mem0.mem/rd_out[13]
[WARNING DRT-0419] No routing tracks pass through the center of Term multi_top/me/genblk1_0__bp_cce_top/bp_cce/directory/wg_ram.macro_mem0.mem/rd_out[14]
[WARNING DRT-0419] No routing tracks pass through the center of Term multi_top/me/genblk1_0__bp_cce_top/bp_cce/directory/wg_ram.macro_mem0.mem/rd_out[15]
[WARNING DRT-0419] No routing tracks pass through the center of Term multi_top/me/genblk1_0__bp_cce_top/bp_cce/directory/wg_ram.macro_mem0.mem/rd_out[16]
[WARNING DRT-0419] No routing tracks pass through the center of Term multi_top/me/genblk1_0__bp_cce_top/bp_cce/directory/wg_ram.macro_mem0.mem/rd_out[17]
[WARNING DRT-0419] No routing tracks pass through the center of Term multi_top/me/genblk1_0__bp_cce_top/bp_cce/directory/wg_ram.macro_mem0.mem/rd_out[18]
[WARNING DRT-0419] No routing tracks pass through the center of Term multi_top/me/genblk1_0__bp_cce_top/bp_cce/directory/wg_ram.macro_mem0.mem/rd_out[19]
[WARNING DRT-0419] No routing tracks pass through the center of Term multi_top/me/genblk1_0__bp_cce_top/bp_cce/directory/wg_ram.macro_mem0.mem/rd_out[20]
[WARNING DRT-0419] No routing tracks pass through the center of Term multi_top/me/genblk1_0__bp_cce_top/bp_cce/directory/wg_ram.macro_mem0.mem/rd_out[21]
[WARNING DRT-0419] No routing tracks pass through the center of Term multi_top/me/genblk1_0__bp_cce_top/bp_cce/directory/wg_ram.macro_mem0.mem/rd_out[22]
[WARNING DRT-0419] No routing tracks pass through the center of Term multi_top/me/genblk1_0__bp_cce_top/bp_cce/directory/wg_ram.macro_mem0.mem/rd_out[23]
[WARNING DRT-0419] No routing tracks pass through the center of Term multi_top/me/genblk1_0__bp_cce_top/bp_cce/directory/wg_ram.macro_mem0.mem/rd_out[24]
[WARNING DRT-0419] No routing tracks pass through the center of Term multi_top/me/genblk1_0__bp_cce_top/bp_cce/directory/wg_ram.macro_mem0.mem/rd_out[25]
[WARNING DRT-0419] No routing tracks pass through the center of Term multi_top/me/genblk1_0__bp_cce_top/bp_cce/directory/wg_ram.macro_mem0.mem/rd_out[26]
[WARNING DRT-0419] No routing tracks pass through the center of Term multi_top/me/genblk1_0__bp_cce_top/bp_cce/directory/wg_ram.macro_mem0.mem/rd_out[27]
[WARNING DRT-0419] No routing tracks pass through the center of Term multi_top/me/genblk1_0__bp_cce_top/bp_cce/directory/wg_ram.macro_mem0.mem/rd_out[28]
[WARNING DRT-0419] No routing tracks pass through the center of Term multi_top/me/genblk1_0__bp_cce_top/bp_cce/directory/wg_ram.macro_mem0.mem/rd_out[29]
[WARNING DRT-0419] No routing tracks pass through the center of Term multi_top/me/genblk1_0__bp_cce_top/bp_cce/directory/wg_ram.macro_mem0.mem/rd_out[30]
[WARNING DRT-0419] No routing tracks pass through the center of Term multi_top/me/genblk1_0__bp_cce_top/bp_cce/directory/wg_ram.macro_mem0.mem/rd_out[31]
[WARNING DRT-0419] No routing tracks pass through the center of Term multi_top/me/genblk1_0__bp_cce_top/bp_cce/directory/wg_ram.macro_mem0.mem/rd_out[32]
[WARNING DRT-0419] No routing tracks pass through the center of Term multi_top/me/genblk1_0__bp_cce_top/bp_cce/directory/wg_ram.macro_mem0.mem/rd_out[33]
[WARNING DRT-0419] No routing tracks pass through the center of Term multi_top/me/genblk1_0__bp_cce_top/bp_cce/directory/wg_ram.macro_mem0.mem/rd_out[34]
[WARNING DRT-0419] No routing tracks pass through the center of Term multi_top/me/genblk1_0__bp_cce_top/bp_cce/directory/wg_ram.macro_mem0.mem/rd_out[35]
[WARNING DRT-0419] No routing tracks pass through the center of Term multi_top/me/genblk1_0__bp_cce_top/bp_cce/directory/wg_ram.macro_mem0.mem/rd_out[36]
[WARNING DRT-0419] No routing tracks pass through the center of Term multi_top/me/genblk1_0__bp_cce_top/bp_cce/directory/wg_ram.macro_mem0.mem/rd_out[37]
[WARNING DRT-0419] No routing tracks pass through the center of Term multi_top/me/genblk1_0__bp_cce_top/bp_cce/directory/wg_ram.macro_mem0.mem/rd_out[38]
[WARNING DRT-0419] No routing tracks pass through the center of Term multi_top/me/genblk1_0__bp_cce_top/bp_cce/directory/wg_ram.macro_mem0.mem/rd_out[39]
[WARNING DRT-0419] No routing tracks pass through the center of Term multi_top/me/genblk1_0__bp_cce_top/bp_cce/directory/wg_ram.macro_mem0.mem/rd_out[40]
[WARNING DRT-0419] No routing tracks pass through the center of Term multi_top/me/genblk1_0__bp_cce_top/bp_cce/directory/wg_ram.macro_mem0.mem/rd_out[41]
[WARNING DRT-0419] No routing tracks pass through the center of Term multi_top/me/genblk1_0__bp_cce_top/bp_cce/directory/wg_ram.macro_mem0.mem/rd_out[42]
[WARNING DRT-0419] No routing tracks pass through the center of Term multi_top/me/genblk1_0__bp_cce_top/bp_cce/directory/wg_ram.macro_mem0.mem/rd_out[43]
[WARNING DRT-0419] No routing tracks pass through the center of Term multi_top/me/genblk1_0__bp_cce_top/bp_cce/directory/wg_ram.macro_mem0.mem/rd_out[44]
[WARNING DRT-0419] No routing tracks pass through the center of Term multi_top/me/genblk1_0__bp_cce_top/bp_cce/directory/wg_ram.macro_mem0.mem/rd_out[45]
[WARNING DRT-0419] No routing tracks pass through the center of Term multi_top/me/genblk1_0__bp_cce_top/bp_cce/directory/wg_ram.macro_mem0.mem/rd_out[46]
[WARNING DRT-0419] No routing tracks pass through the center of Term multi_top/me/genblk1_0__bp_cce_top/bp_cce/directory/wg_ram.macro_mem0.mem/rd_out[47]
[WARNING DRT-0419] No routing tracks pass through the center of Term multi_top/me/genblk1_0__bp_cce_top/bp_cce/directory/wg_ram.macro_mem0.mem/rd_out[48]
[WARNING DRT-0419] No routing tracks pass through the center of Term multi_top/me/genblk1_0__bp_cce_top/bp_cce/directory/wg_ram.macro_mem0.mem/rd_out[49]
[WARNING DRT-0419] No routing tracks pass through the center of Term multi_top/me/genblk1_0__bp_cce_top/bp_cce/directory/wg_ram.macro_mem0.mem/rd_out[50]
[WARNING DRT-0419] No routing tracks pass through the center of Term multi_top/me/genblk1_0__bp_cce_top/bp_cce/directory/wg_ram.macro_mem0.mem/rd_out[51]
[WARNING DRT-0419] No routing tracks pass through the center of Term multi_top/me/genblk1_0__bp_cce_top/bp_cce/directory/wg_ram.macro_mem0.mem/rd_out[52]
[WARNING DRT-0419] No routing tracks pass through the center of Term multi_top/me/genblk1_0__bp_cce_top/bp_cce/directory/wg_ram.macro_mem0.mem/rd_out[53]
[WARNING DRT-0419] No routing tracks pass through the center of Term multi_top/me/genblk1_0__bp_cce_top/bp_cce/directory/wg_ram.macro_mem0.mem/rd_out[54]
[WARNING DRT-0419] No routing tracks pass through the center of Term multi_top/me/genblk1_0__bp_cce_top/bp_cce/directory/wg_ram.macro_mem0.mem/rd_out[55]
[WARNING DRT-0419] No routing tracks pass through the center of Term multi_top/me/genblk1_0__bp_cce_top/bp_cce/directory/wg_ram.macro_mem0.mem/rd_out[56]
[WARNING DRT-0419] No routing tracks pass through the center of Term multi_top/me/genblk1_0__bp_cce_top/bp_cce/directory/wg_ram.macro_mem0.mem/rd_out[57]
[WARNING DRT-0419] No routing tracks pass through the center of Term multi_top/me/genblk1_0__bp_cce_top/bp_cce/directory/wg_ram.macro_mem0.mem/rd_out[58]
[WARNING DRT-0419] No routing tracks pass through the center of Term multi_top/me/genblk1_0__bp_cce_top/bp_cce/directory/wg_ram.macro_mem0.mem/rd_out[59]
[WARNING DRT-0419] No routing tracks pass through the center of Term multi_top/me/genblk1_0__bp_cce_top/bp_cce/directory/wg_ram.macro_mem0.mem/rd_out[60]
[WARNING DRT-0419] No routing tracks pass through the center of Term multi_top/me/genblk1_0__bp_cce_top/bp_cce/directory/wg_ram.macro_mem0.mem/rd_out[61]
[WARNING DRT-0419] No routing tracks pass through the center of Term multi_top/me/genblk1_0__bp_cce_top/bp_cce/directory/wg_ram.macro_mem0.mem/rd_out[62]
[WARNING DRT-0419] No routing tracks pass through the center of Term multi_top/me/genblk1_0__bp_cce_top/bp_cce/directory/wg_ram.macro_mem0.mem/rd_out[63]
[WARNING DRT-0419] No routing tracks pass through the center of Term multi_top/me/genblk1_0__bp_cce_top/bp_cce/directory/wg_ram.macro_mem0.mem/rd_out[64]
[WARNING DRT-0419] No routing tracks pass through the center of Term multi_top/me/genblk1_0__bp_cce_top/bp_cce/directory/wg_ram.macro_mem0.mem/rd_out[65]
[WARNING DRT-0419] No routing tracks pass through the center of Term multi_top/me/genblk1_0__bp_cce_top/bp_cce/directory/wg_ram.macro_mem0.mem/rd_out[66]
[WARNING DRT-0419] No routing tracks pass through the center of Term multi_top/me/genblk1_0__bp_cce_top/bp_cce/directory/wg_ram.macro_mem0.mem/rd_out[67]
[WARNING DRT-0419] No routing tracks pass through the center of Term multi_top/me/genblk1_0__bp_cce_top/bp_cce/directory/wg_ram.macro_mem0.mem/rd_out[68]
[WARNING DRT-0419] No routing tracks pass through the center of Term multi_top/me/genblk1_0__bp_cce_top/bp_cce/directory/wg_ram.macro_mem0.mem/rd_out[69]
[WARNING DRT-0419] No routing tracks pass through the center of Term multi_top/me/genblk1_0__bp_cce_top/bp_cce/directory/wg_ram.macro_mem0.mem/rd_out[70]
[WARNING DRT-0419] No routing tracks pass through the center of Term multi_top/me/genblk1_0__bp_cce_top/bp_cce/directory/wg_ram.macro_mem0.mem/rd_out[71]
[WARNING DRT-0419] No routing tracks pass through the center of Term multi_top/me/genblk1_0__bp_cce_top/bp_cce/directory/wg_ram.macro_mem0.mem/rd_out[72]
[WARNING DRT-0419] No routing tracks pass through the center of Term multi_top/me/genblk1_0__bp_cce_top/bp_cce/directory/wg_ram.macro_mem0.mem/rd_out[73]
[WARNING DRT-0419] No routing tracks pass through the center of Term multi_top/me/genblk1_0__bp_cce_top/bp_cce/directory/wg_ram.macro_mem0.mem/rd_out[74]
[WARNING DRT-0419] No routing tracks pass through the center of Term multi_top/me/genblk1_0__bp_cce_top/bp_cce/directory/wg_ram.macro_mem0.mem/rd_out[75]
[WARNING DRT-0419] No routing tracks pass through the center of Term multi_top/me/genblk1_0__bp_cce_top/bp_cce/directory/wg_ram.macro_mem0.mem/rd_out[76]
[WARNING DRT-0419] No routing tracks pass through the center of Term multi_top/me/genblk1_0__bp_cce_top/bp_cce/directory/wg_ram.macro_mem0.mem/rd_out[77]
[WARNING DRT-0419] No routing tracks pass through the center of Term multi_top/me/genblk1_0__bp_cce_top/bp_cce/directory/wg_ram.macro_mem0.mem/rd_out[78]
[WARNING DRT-0419] No routing tracks pass through the center of Term multi_top/me/genblk1_0__bp_cce_top/bp_cce/directory/wg_ram.macro_mem0.mem/rd_out[79]
[WARNING DRT-0419] No routing tracks pass through the center of Term multi_top/me/genblk1_0__bp_cce_top/bp_cce/directory/wg_ram.macro_mem0.mem/rd_out[80]
[WARNING DRT-0419] No routing tracks pass through the center of Term multi_top/me/genblk1_0__bp_cce_top/bp_cce/directory/wg_ram.macro_mem0.mem/rd_out[81]
[WARNING DRT-0419] No routing tracks pass through the center of Term multi_top/me/genblk1_0__bp_cce_top/bp_cce/directory/wg_ram.macro_mem0.mem/rd_out[82]
[WARNING DRT-0419] No routing tracks pass through the center of Term multi_top/me/genblk1_0__bp_cce_top/bp_cce/directory/wg_ram.macro_mem0.mem/rd_out[83]
[WARNING DRT-0419] No routing tracks pass through the center of Term multi_top/me/genblk1_0__bp_cce_top/bp_cce/directory/wg_ram.macro_mem0.mem/rd_out[84]
[WARNING DRT-0419] No routing tracks pass through the center of Term multi_top/me/genblk1_0__bp_cce_top/bp_cce/directory/wg_ram.macro_mem0.mem/rd_out[85]
[WARNING DRT-0419] No routing tracks pass through the center of Term multi_top/me/genblk1_0__bp_cce_top/bp_cce/directory/wg_ram.macro_mem0.mem/rd_out[86]
[WARNING DRT-0419] No routing tracks pass through the center of Term multi_top/me/genblk1_0__bp_cce_top/bp_cce/directory/wg_ram.macro_mem0.mem/rd_out[87]
[WARNING DRT-0419] No routing tracks pass through the center of Term multi_top/me/genblk1_0__bp_cce_top/bp_cce/directory/wg_ram.macro_mem0.mem/rd_out[88]
[WARNING DRT-0419] No routing tracks pass through the center of Term multi_top/me/genblk1_0__bp_cce_top/bp_cce/directory/wg_ram.macro_mem0.mem/rd_out[89]
[WARNING DRT-0419] No routing tracks pass through the center of Term multi_top/me/genblk1_0__bp_cce_top/bp_cce/directory/wg_ram.macro_mem0.mem/rd_out[90]
[WARNING DRT-0419] No routing tracks pass through the center of Term multi_top/me/genblk1_0__bp_cce_top/bp_cce/directory/wg_ram.macro_mem0.mem/rd_out[91]
[WARNING DRT-0419] No routing tracks pass through the center of Term multi_top/me/genblk1_0__bp_cce_top/bp_cce/directory/wg_ram.macro_mem0.mem/rd_out[92]
[WARNING DRT-0419] No routing tracks pass through the center of Term multi_top/me/genblk1_0__bp_cce_top/bp_cce/directory/wg_ram.macro_mem0.mem/rd_out[93]
[WARNING DRT-0419] No routing tracks pass through the center of Term multi_top/me/genblk1_0__bp_cce_top/bp_cce/directory/wg_ram.macro_mem0.mem/rd_out[94]
[WARNING DRT-0419] No routing tracks pass through the center of Term multi_top/me/genblk1_0__bp_cce_top/bp_cce/directory/wg_ram.macro_mem0.mem/rd_out[95]
[WARNING DRT-0419] No routing tracks pass through the center of Term multi_top/me/genblk1_0__bp_cce_top/bp_cce/directory/wg_ram.macro_mem0.mem/wd_in[0]
[WARNING DRT-0419] No routing tracks pass through the center of Term multi_top/me/genblk1_0__bp_cce_top/bp_cce/directory/wg_ram.macro_mem0.mem/wd_in[1]
[WARNING DRT-0419] No routing tracks pass through the center of Term multi_top/me/genblk1_0__bp_cce_top/bp_cce/directory/wg_ram.macro_mem0.mem/wd_in[2]
[WARNING DRT-0419] No routing tracks pass through the center of Term multi_top/me/genblk1_0__bp_cce_top/bp_cce/directory/wg_ram.macro_mem0.mem/wd_in[3]
[WARNING DRT-0419] No routing tracks pass through the center of Term multi_top/me/genblk1_0__bp_cce_top/bp_cce/directory/wg_ram.macro_mem0.mem/wd_in[4]
[WARNING DRT-0419] No routing tracks pass through the center of Term multi_top/me/genblk1_0__bp_cce_top/bp_cce/directory/wg_ram.macro_mem0.mem/wd_in[5]
[WARNING DRT-0419] No routing tracks pass through the center of Term multi_top/me/genblk1_0__bp_cce_top/bp_cce/directory/wg_ram.macro_mem0.mem/wd_in[6]
[WARNING DRT-0419] No routing tracks pass through the center of Term multi_top/me/genblk1_0__bp_cce_top/bp_cce/directory/wg_ram.macro_mem0.mem/wd_in[7]
[WARNING DRT-0419] No routing tracks pass through the center of Term multi_top/me/genblk1_0__bp_cce_top/bp_cce/directory/wg_ram.macro_mem0.mem/wd_in[8]
[WARNING DRT-0419] No routing tracks pass through the center of Term multi_top/me/genblk1_0__bp_cce_top/bp_cce/directory/wg_ram.macro_mem0.mem/wd_in[9]
[WARNING DRT-0419] No routing tracks pass through the center of Term multi_top/me/genblk1_0__bp_cce_top/bp_cce/directory/wg_ram.macro_mem0.mem/wd_in[10]
[WARNING DRT-0419] No routing tracks pass through the center of Term multi_top/me/genblk1_0__bp_cce_top/bp_cce/directory/wg_ram.macro_mem0.mem/wd_in[11]
[WARNING DRT-0419] No routing tracks pass through the center of Term multi_top/me/genblk1_0__bp_cce_top/bp_cce/directory/wg_ram.macro_mem0.mem/wd_in[12]
[WARNING DRT-0419] No routing tracks pass through the center of Term multi_top/me/genblk1_0__bp_cce_top/bp_cce/directory/wg_ram.macro_mem0.mem/wd_in[13]
[WARNING DRT-0419] No routing tracks pass through the center of Term multi_top/me/genblk1_0__bp_cce_top/bp_cce/directory/wg_ram.macro_mem0.mem/wd_in[14]
[WARNING DRT-0419] No routing tracks pass through the center of Term multi_top/me/genblk1_0__bp_cce_top/bp_cce/directory/wg_ram.macro_mem0.mem/wd_in[15]
[WARNING DRT-0419] No routing tracks pass through the center of Term multi_top/me/genblk1_0__bp_cce_top/bp_cce/directory/wg_ram.macro_mem0.mem/wd_in[16]
[WARNING DRT-0419] No routing tracks pass through the center of Term multi_top/me/genblk1_0__bp_cce_top/bp_cce/directory/wg_ram.macro_mem0.mem/wd_in[17]
[WARNING DRT-0419] No routing tracks pass through the center of Term multi_top/me/genblk1_0__bp_cce_top/bp_cce/directory/wg_ram.macro_mem0.mem/wd_in[18]
[WARNING DRT-0419] No routing tracks pass through the center of Term multi_top/me/genblk1_0__bp_cce_top/bp_cce/directory/wg_ram.macro_mem0.mem/wd_in[19]
[WARNING DRT-0419] No routing tracks pass through the center of Term multi_top/me/genblk1_0__bp_cce_top/bp_cce/directory/wg_ram.macro_mem0.mem/wd_in[20]
[WARNING DRT-0419] No routing tracks pass through the center of Term multi_top/me/genblk1_0__bp_cce_top/bp_cce/directory/wg_ram.macro_mem0.mem/wd_in[21]
[WARNING DRT-0419] No routing tracks pass through the center of Term multi_top/me/genblk1_0__bp_cce_top/bp_cce/directory/wg_ram.macro_mem0.mem/wd_in[22]
[WARNING DRT-0419] No routing tracks pass through the center of Term multi_top/me/genblk1_0__bp_cce_top/bp_cce/directory/wg_ram.macro_mem0.mem/wd_in[23]
[WARNING DRT-0419] No routing tracks pass through the center of Term multi_top/me/genblk1_0__bp_cce_top/bp_cce/directory/wg_ram.macro_mem0.mem/wd_in[24]
[WARNING DRT-0419] No routing tracks pass through the center of Term multi_top/me/genblk1_0__bp_cce_top/bp_cce/directory/wg_ram.macro_mem0.mem/wd_in[25]
[WARNING DRT-0419] No routing tracks pass through the center of Term multi_top/me/genblk1_0__bp_cce_top/bp_cce/directory/wg_ram.macro_mem0.mem/wd_in[26]
[WARNING DRT-0419] No routing tracks pass through the center of Term multi_top/me/genblk1_0__bp_cce_top/bp_cce/directory/wg_ram.macro_mem0.mem/wd_in[27]
[WARNING DRT-0419] No routing tracks pass through the center of Term multi_top/me/genblk1_0__bp_cce_top/bp_cce/directory/wg_ram.macro_mem0.mem/wd_in[28]
[WARNING DRT-0419] No routing tracks pass through the center of Term multi_top/me/genblk1_0__bp_cce_top/bp_cce/directory/wg_ram.macro_mem0.mem/wd_in[29]
[WARNING DRT-0419] No routing tracks pass through the center of Term multi_top/me/genblk1_0__bp_cce_top/bp_cce/directory/wg_ram.macro_mem0.mem/wd_in[30]
[WARNING DRT-0419] No routing tracks pass through the center of Term multi_top/me/genblk1_0__bp_cce_top/bp_cce/directory/wg_ram.macro_mem0.mem/wd_in[31]
[WARNING DRT-0419] No routing tracks pass through the center of Term multi_top/me/genblk1_0__bp_cce_top/bp_cce/directory/wg_ram.macro_mem0.mem/wd_in[32]
[WARNING DRT-0419] No routing tracks pass through the center of Term multi_top/me/genblk1_0__bp_cce_top/bp_cce/directory/wg_ram.macro_mem0.mem/wd_in[33]
[WARNING DRT-0419] No routing tracks pass through the center of Term multi_top/me/genblk1_0__bp_cce_top/bp_cce/directory/wg_ram.macro_mem0.mem/wd_in[34]
[WARNING DRT-0419] No routing tracks pass through the center of Term multi_top/me/genblk1_0__bp_cce_top/bp_cce/directory/wg_ram.macro_mem0.mem/wd_in[35]
[WARNING DRT-0419] No routing tracks pass through the center of Term multi_top/me/genblk1_0__bp_cce_top/bp_cce/directory/wg_ram.macro_mem0.mem/wd_in[36]
[WARNING DRT-0419] No routing tracks pass through the center of Term multi_top/me/genblk1_0__bp_cce_top/bp_cce/directory/wg_ram.macro_mem0.mem/wd_in[37]
[WARNING DRT-0419] No routing tracks pass through the center of Term multi_top/me/genblk1_0__bp_cce_top/bp_cce/directory/wg_ram.macro_mem0.mem/wd_in[38]
[WARNING DRT-0419] No routing tracks pass through the center of Term multi_top/me/genblk1_0__bp_cce_top/bp_cce/directory/wg_ram.macro_mem0.mem/wd_in[39]
[WARNING DRT-0419] No routing tracks pass through the center of Term multi_top/me/genblk1_0__bp_cce_top/bp_cce/directory/wg_ram.macro_mem0.mem/wd_in[40]
[WARNING DRT-0419] No routing tracks pass through the center of Term multi_top/me/genblk1_0__bp_cce_top/bp_cce/directory/wg_ram.macro_mem0.mem/wd_in[41]
[WARNING DRT-0419] No routing tracks pass through the center of Term multi_top/me/genblk1_0__bp_cce_top/bp_cce/directory/wg_ram.macro_mem0.mem/wd_in[42]
[WARNING DRT-0419] No routing tracks pass through the center of Term multi_top/me/genblk1_0__bp_cce_top/bp_cce/directory/wg_ram.macro_mem0.mem/wd_in[43]
[WARNING DRT-0419] No routing tracks pass through the center of Term multi_top/me/genblk1_0__bp_cce_top/bp_cce/directory/wg_ram.macro_mem0.mem/wd_in[44]
[WARNING DRT-0419] No routing tracks pass through the center of Term multi_top/me/genblk1_0__bp_cce_top/bp_cce/directory/wg_ram.macro_mem0.mem/wd_in[45]
[WARNING DRT-0419] No routing tracks pass through the center of Term multi_top/me/genblk1_0__bp_cce_top/bp_cce/directory/wg_ram.macro_mem0.mem/wd_in[46]
[WARNING DRT-0419] No routing tracks pass through the center of Term multi_top/me/genblk1_0__bp_cce_top/bp_cce/directory/wg_ram.macro_mem0.mem/wd_in[47]
[WARNING DRT-0419] No routing tracks pass through the center of Term multi_top/me/genblk1_0__bp_cce_top/bp_cce/directory/wg_ram.macro_mem0.mem/wd_in[48]
[WARNING DRT-0419] No routing tracks pass through the center of Term multi_top/me/genblk1_0__bp_cce_top/bp_cce/directory/wg_ram.macro_mem0.mem/wd_in[49]
[WARNING DRT-0419] No routing tracks pass through the center of Term multi_top/me/genblk1_0__bp_cce_top/bp_cce/directory/wg_ram.macro_mem0.mem/wd_in[50]
[WARNING DRT-0419] No routing tracks pass through the center of Term multi_top/me/genblk1_0__bp_cce_top/bp_cce/directory/wg_ram.macro_mem0.mem/wd_in[51]
[WARNING DRT-0419] No routing tracks pass through the center of Term multi_top/me/genblk1_0__bp_cce_top/bp_cce/directory/wg_ram.macro_mem0.mem/wd_in[52]
[WARNING DRT-0419] No routing tracks pass through the center of Term multi_top/me/genblk1_0__bp_cce_top/bp_cce/directory/wg_ram.macro_mem0.mem/wd_in[53]
[WARNING DRT-0419] No routing tracks pass through the center of Term multi_top/me/genblk1_0__bp_cce_top/bp_cce/directory/wg_ram.macro_mem0.mem/wd_in[54]
[WARNING DRT-0419] No routing tracks pass through the center of Term multi_top/me/genblk1_0__bp_cce_top/bp_cce/directory/wg_ram.macro_mem0.mem/wd_in[55]
[WARNING DRT-0419] No routing tracks pass through the center of Term multi_top/me/genblk1_0__bp_cce_top/bp_cce/directory/wg_ram.macro_mem0.mem/wd_in[56]
[WARNING DRT-0419] No routing tracks pass through the center of Term multi_top/me/genblk1_0__bp_cce_top/bp_cce/directory/wg_ram.macro_mem0.mem/wd_in[57]
[WARNING DRT-0419] No routing tracks pass through the center of Term multi_top/me/genblk1_0__bp_cce_top/bp_cce/directory/wg_ram.macro_mem0.mem/wd_in[58]
[WARNING DRT-0419] No routing tracks pass through the center of Term multi_top/me/genblk1_0__bp_cce_top/bp_cce/directory/wg_ram.macro_mem0.mem/wd_in[59]
[WARNING DRT-0419] No routing tracks pass through the center of Term multi_top/me/genblk1_0__bp_cce_top/bp_cce/directory/wg_ram.macro_mem0.mem/wd_in[60]
[WARNING DRT-0419] No routing tracks pass through the center of Term multi_top/me/genblk1_0__bp_cce_top/bp_cce/directory/wg_ram.macro_mem0.mem/wd_in[61]
[WARNING DRT-0419] No routing tracks pass through the center of Term multi_top/me/genblk1_0__bp_cce_top/bp_cce/directory/wg_ram.macro_mem0.mem/wd_in[62]
[WARNING DRT-0419] No routing tracks pass through the center of Term multi_top/me/genblk1_0__bp_cce_top/bp_cce/directory/wg_ram.macro_mem0.mem/wd_in[63]
[WARNING DRT-0419] No routing tracks pass through the center of Term multi_top/me/genblk1_0__bp_cce_top/bp_cce/directory/wg_ram.macro_mem0.mem/wd_in[64]
[WARNING DRT-0419] No routing tracks pass through the center of Term multi_top/me/genblk1_0__bp_cce_top/bp_cce/directory/wg_ram.macro_mem0.mem/wd_in[65]
[WARNING DRT-0419] No routing tracks pass through the center of Term multi_top/me/genblk1_0__bp_cce_top/bp_cce/directory/wg_ram.macro_mem0.mem/wd_in[66]
[WARNING DRT-0419] No routing tracks pass through the center of Term multi_top/me/genblk1_0__bp_cce_top/bp_cce/directory/wg_ram.macro_mem0.mem/wd_in[67]
[WARNING DRT-0419] No routing tracks pass through the center of Term multi_top/me/genblk1_0__bp_cce_top/bp_cce/directory/wg_ram.macro_mem0.mem/wd_in[68]
[WARNING DRT-0419] No routing tracks pass through the center of Term multi_top/me/genblk1_0__bp_cce_top/bp_cce/directory/wg_ram.macro_mem0.mem/wd_in[69]
[WARNING DRT-0419] No routing tracks pass through the center of Term multi_top/me/genblk1_0__bp_cce_top/bp_cce/directory/wg_ram.macro_mem0.mem/wd_in[70]
[WARNING DRT-0419] No routing tracks pass through the center of Term multi_top/me/genblk1_0__bp_cce_top/bp_cce/directory/wg_ram.macro_mem0.mem/wd_in[71]
[WARNING DRT-0419] No routing tracks pass through the center of Term multi_top/me/genblk1_0__bp_cce_top/bp_cce/directory/wg_ram.macro_mem0.mem/wd_in[72]
[WARNING DRT-0419] No routing tracks pass through the center of Term multi_top/me/genblk1_0__bp_cce_top/bp_cce/directory/wg_ram.macro_mem0.mem/wd_in[73]
[WARNING DRT-0419] No routing tracks pass through the center of Term multi_top/me/genblk1_0__bp_cce_top/bp_cce/directory/wg_ram.macro_mem0.mem/wd_in[74]
[WARNING DRT-0419] No routing tracks pass through the center of Term multi_top/me/genblk1_0__bp_cce_top/bp_cce/directory/wg_ram.macro_mem0.mem/wd_in[75]
[WARNING DRT-0419] No routing tracks pass through the center of Term multi_top/me/genblk1_0__bp_cce_top/bp_cce/directory/wg_ram.macro_mem0.mem/wd_in[76]
[WARNING DRT-0419] No routing tracks pass through the center of Term multi_top/me/genblk1_0__bp_cce_top/bp_cce/directory/wg_ram.macro_mem0.mem/wd_in[77]
[WARNING DRT-0419] No routing tracks pass through the center of Term multi_top/me/genblk1_0__bp_cce_top/bp_cce/directory/wg_ram.macro_mem0.mem/wd_in[78]
[WARNING DRT-0419] No routing tracks pass through the center of Term multi_top/me/genblk1_0__bp_cce_top/bp_cce/directory/wg_ram.macro_mem0.mem/wd_in[79]
[WARNING DRT-0419] No routing tracks pass through the center of Term multi_top/me/genblk1_0__bp_cce_top/bp_cce/directory/wg_ram.macro_mem0.mem/wd_in[80]
[WARNING DRT-0419] No routing tracks pass through the center of Term multi_top/me/genblk1_0__bp_cce_top/bp_cce/directory/wg_ram.macro_mem0.mem/wd_in[81]
[WARNING DRT-0419] No routing tracks pass through the center of Term multi_top/me/genblk1_0__bp_cce_top/bp_cce/directory/wg_ram.macro_mem0.mem/wd_in[82]
[WARNING DRT-0419] No routing tracks pass through the center of Term multi_top/me/genblk1_0__bp_cce_top/bp_cce/directory/wg_ram.macro_mem0.mem/wd_in[83]
[WARNING DRT-0419] No routing tracks pass through the center of Term multi_top/me/genblk1_0__bp_cce_top/bp_cce/directory/wg_ram.macro_mem0.mem/wd_in[84]
[WARNING DRT-0419] No routing tracks pass through the center of Term multi_top/me/genblk1_0__bp_cce_top/bp_cce/directory/wg_ram.macro_mem0.mem/wd_in[85]
[WARNING DRT-0419] No routing tracks pass through the center of Term multi_top/me/genblk1_0__bp_cce_top/bp_cce/directory/wg_ram.macro_mem0.mem/wd_in[86]
[WARNING DRT-0419] No routing tracks pass through the center of Term multi_top/me/genblk1_0__bp_cce_top/bp_cce/directory/wg_ram.macro_mem0.mem/wd_in[87]
[WARNING DRT-0419] No routing tracks pass through the center of Term multi_top/me/genblk1_0__bp_cce_top/bp_cce/directory/wg_ram.macro_mem0.mem/wd_in[88]
[WARNING DRT-0419] No routing tracks pass through the center of Term multi_top/me/genblk1_0__bp_cce_top/bp_cce/directory/wg_ram.macro_mem0.mem/wd_in[89]
[WARNING DRT-0419] No routing tracks pass through the center of Term multi_top/me/genblk1_0__bp_cce_top/bp_cce/directory/wg_ram.macro_mem0.mem/wd_in[90]
[WARNING DRT-0419] No routing tracks pass through the center of Term multi_top/me/genblk1_0__bp_cce_top/bp_cce/directory/wg_ram.macro_mem0.mem/wd_in[91]
[WARNING DRT-0419] No routing tracks pass through the center of Term multi_top/me/genblk1_0__bp_cce_top/bp_cce/directory/wg_ram.macro_mem0.mem/wd_in[92]
[WARNING DRT-0419] No routing tracks pass through the center of Term multi_top/me/genblk1_0__bp_cce_top/bp_cce/directory/wg_ram.macro_mem0.mem/wd_in[93]
[WARNING DRT-0419] No routing tracks pass through the center of Term multi_top/me/genblk1_0__bp_cce_top/bp_cce/directory/wg_ram.macro_mem0.mem/wd_in[94]
[WARNING DRT-0419] No routing tracks pass through the center of Term multi_top/me/genblk1_0__bp_cce_top/bp_cce/directory/wg_ram.macro_mem0.mem/wd_in[95]
[WARNING DRT-0419] No routing tracks pass through the center of Term multi_top/me/genblk1_0__bp_cce_top/bp_cce/directory/wg_ram.macro_mem0.mem/addr_in[0]
[WARNING DRT-0419] No routing tracks pass through the center of Term multi_top/me/genblk1_0__bp_cce_top/bp_cce/directory/wg_ram.macro_mem0.mem/addr_in[1]
[WARNING DRT-0419] No routing tracks pass through the center of Term multi_top/me/genblk1_0__bp_cce_top/bp_cce/directory/wg_ram.macro_mem0.mem/addr_in[2]
[WARNING DRT-0419] No routing tracks pass through the center of Term multi_top/me/genblk1_0__bp_cce_top/bp_cce/directory/wg_ram.macro_mem0.mem/addr_in[3]
[WARNING DRT-0419] No routing tracks pass through the center of Term multi_top/me/genblk1_0__bp_cce_top/bp_cce/directory/wg_ram.macro_mem0.mem/addr_in[4]
[WARNING DRT-0419] No routing tracks pass through the center of Term multi_top/me/genblk1_0__bp_cce_top/bp_cce/directory/wg_ram.macro_mem0.mem/addr_in[5]
[WARNING DRT-0419] No routing tracks pass through the center of Term multi_top/me/genblk1_0__bp_cce_top/bp_cce/directory/wg_ram.macro_mem0.mem/we_in
[WARNING DRT-0419] No routing tracks pass through the center of Term multi_top/me/genblk1_0__bp_cce_top/bp_cce/directory/wg_ram.macro_mem0.mem/ce_in
[WARNING DRT-0419] No routing tracks pass through the center of Term multi_top/me/genblk1_0__bp_cce_top/bp_cce/directory/wg_ram.macro_mem0.mem/clk
[WARNING DRT-0419] No routing tracks pass through the center of Term multi_top/me/genblk1_0__bp_cce_top/bp_cce/directory/wg_ram.macro_mem1.mem/w_mask_in[0]
[WARNING DRT-0419] No routing tracks pass through the center of Term multi_top/me/genblk1_0__bp_cce_top/bp_cce/directory/wg_ram.macro_mem1.mem/w_mask_in[1]
[WARNING DRT-0419] No routing tracks pass through the center of Term multi_top/me/genblk1_0__bp_cce_top/bp_cce/directory/wg_ram.macro_mem1.mem/w_mask_in[2]
[WARNING DRT-0419] No routing tracks pass through the center of Term multi_top/me/genblk1_0__bp_cce_top/bp_cce/directory/wg_ram.macro_mem1.mem/w_mask_in[3]
[WARNING DRT-0419] No routing tracks pass through the center of Term multi_top/me/genblk1_0__bp_cce_top/bp_cce/directory/wg_ram.macro_mem1.mem/w_mask_in[4]
[WARNING DRT-0419] No routing tracks pass through the center of Term multi_top/me/genblk1_0__bp_cce_top/bp_cce/directory/wg_ram.macro_mem1.mem/w_mask_in[5]
[WARNING DRT-0419] No routing tracks pass through the center of Term multi_top/me/genblk1_0__bp_cce_top/bp_cce/directory/wg_ram.macro_mem1.mem/w_mask_in[6]
[WARNING DRT-0419] No routing tracks pass through the center of Term multi_top/me/genblk1_0__bp_cce_top/bp_cce/directory/wg_ram.macro_mem1.mem/w_mask_in[7]
[WARNING DRT-0419] No routing tracks pass through the center of Term multi_top/me/genblk1_0__bp_cce_top/bp_cce/directory/wg_ram.macro_mem1.mem/w_mask_in[8]
[WARNING DRT-0419] No routing tracks pass through the center of Term multi_top/me/genblk1_0__bp_cce_top/bp_cce/directory/wg_ram.macro_mem1.mem/w_mask_in[9]
[WARNING DRT-0419] No routing tracks pass through the center of Term multi_top/me/genblk1_0__bp_cce_top/bp_cce/directory/wg_ram.macro_mem1.mem/w_mask_in[10]
[WARNING DRT-0419] No routing tracks pass through the center of Term multi_top/me/genblk1_0__bp_cce_top/bp_cce/directory/wg_ram.macro_mem1.mem/w_mask_in[11]
[WARNING DRT-0419] No routing tracks pass through the center of Term multi_top/me/genblk1_0__bp_cce_top/bp_cce/directory/wg_ram.macro_mem1.mem/w_mask_in[12]
[WARNING DRT-0419] No routing tracks pass through the center of Term multi_top/me/genblk1_0__bp_cce_top/bp_cce/directory/wg_ram.macro_mem1.mem/w_mask_in[13]
[WARNING DRT-0419] No routing tracks pass through the center of Term multi_top/me/genblk1_0__bp_cce_top/bp_cce/directory/wg_ram.macro_mem1.mem/w_mask_in[14]
[WARNING DRT-0419] No routing tracks pass through the center of Term multi_top/me/genblk1_0__bp_cce_top/bp_cce/directory/wg_ram.macro_mem1.mem/w_mask_in[15]
[WARNING DRT-0419] No routing tracks pass through the center of Term multi_top/me/genblk1_0__bp_cce_top/bp_cce/directory/wg_ram.macro_mem1.mem/w_mask_in[16]
[WARNING DRT-0419] No routing tracks pass through the center of Term multi_top/me/genblk1_0__bp_cce_top/bp_cce/directory/wg_ram.macro_mem1.mem/w_mask_in[17]
[WARNING DRT-0419] No routing tracks pass through the center of Term multi_top/me/genblk1_0__bp_cce_top/bp_cce/directory/wg_ram.macro_mem1.mem/w_mask_in[18]
[WARNING DRT-0419] No routing tracks pass through the center of Term multi_top/me/genblk1_0__bp_cce_top/bp_cce/directory/wg_ram.macro_mem1.mem/w_mask_in[19]
[WARNING DRT-0419] No routing tracks pass through the center of Term multi_top/me/genblk1_0__bp_cce_top/bp_cce/directory/wg_ram.macro_mem1.mem/w_mask_in[20]
[WARNING DRT-0419] No routing tracks pass through the center of Term multi_top/me/genblk1_0__bp_cce_top/bp_cce/directory/wg_ram.macro_mem1.mem/w_mask_in[21]
[WARNING DRT-0419] No routing tracks pass through the center of Term multi_top/me/genblk1_0__bp_cce_top/bp_cce/directory/wg_ram.macro_mem1.mem/w_mask_in[22]
[WARNING DRT-0419] No routing tracks pass through the center of Term multi_top/me/genblk1_0__bp_cce_top/bp_cce/directory/wg_ram.macro_mem1.mem/w_mask_in[23]
[WARNING DRT-0419] No routing tracks pass through the center of Term multi_top/me/genblk1_0__bp_cce_top/bp_cce/directory/wg_ram.macro_mem1.mem/w_mask_in[24]
[WARNING DRT-0419] No routing tracks pass through the center of Term multi_top/me/genblk1_0__bp_cce_top/bp_cce/directory/wg_ram.macro_mem1.mem/w_mask_in[25]
[WARNING DRT-0419] No routing tracks pass through the center of Term multi_top/me/genblk1_0__bp_cce_top/bp_cce/directory/wg_ram.macro_mem1.mem/w_mask_in[26]
[WARNING DRT-0419] No routing tracks pass through the center of Term multi_top/me/genblk1_0__bp_cce_top/bp_cce/directory/wg_ram.macro_mem1.mem/w_mask_in[27]
[WARNING DRT-0419] No routing tracks pass through the center of Term multi_top/me/genblk1_0__bp_cce_top/bp_cce/directory/wg_ram.macro_mem1.mem/w_mask_in[28]
[WARNING DRT-0419] No routing tracks pass through the center of Term multi_top/me/genblk1_0__bp_cce_top/bp_cce/directory/wg_ram.macro_mem1.mem/w_mask_in[29]
[WARNING DRT-0419] No routing tracks pass through the center of Term multi_top/me/genblk1_0__bp_cce_top/bp_cce/directory/wg_ram.macro_mem1.mem/w_mask_in[30]
[WARNING DRT-0419] No routing tracks pass through the center of Term multi_top/me/genblk1_0__bp_cce_top/bp_cce/directory/wg_ram.macro_mem1.mem/w_mask_in[31]
[WARNING DRT-0419] No routing tracks pass through the center of Term multi_top/me/genblk1_0__bp_cce_top/bp_cce/directory/wg_ram.macro_mem1.mem/w_mask_in[32]
[WARNING DRT-0419] No routing tracks pass through the center of Term multi_top/me/genblk1_0__bp_cce_top/bp_cce/directory/wg_ram.macro_mem1.mem/w_mask_in[33]
[WARNING DRT-0419] No routing tracks pass through the center of Term multi_top/me/genblk1_0__bp_cce_top/bp_cce/directory/wg_ram.macro_mem1.mem/w_mask_in[34]
[WARNING DRT-0419] No routing tracks pass through the center of Term multi_top/me/genblk1_0__bp_cce_top/bp_cce/directory/wg_ram.macro_mem1.mem/w_mask_in[35]
[WARNING DRT-0419] No routing tracks pass through the center of Term multi_top/me/genblk1_0__bp_cce_top/bp_cce/directory/wg_ram.macro_mem1.mem/w_mask_in[36]
[WARNING DRT-0419] No routing tracks pass through the center of Term multi_top/me/genblk1_0__bp_cce_top/bp_cce/directory/wg_ram.macro_mem1.mem/w_mask_in[37]
[WARNING DRT-0419] No routing tracks pass through the center of Term multi_top/me/genblk1_0__bp_cce_top/bp_cce/directory/wg_ram.macro_mem1.mem/w_mask_in[38]
[WARNING DRT-0419] No routing tracks pass through the center of Term multi_top/me/genblk1_0__bp_cce_top/bp_cce/directory/wg_ram.macro_mem1.mem/w_mask_in[39]
[WARNING DRT-0419] No routing tracks pass through the center of Term multi_top/me/genblk1_0__bp_cce_top/bp_cce/directory/wg_ram.macro_mem1.mem/w_mask_in[40]
[WARNING DRT-0419] No routing tracks pass through the center of Term multi_top/me/genblk1_0__bp_cce_top/bp_cce/directory/wg_ram.macro_mem1.mem/w_mask_in[41]
[WARNING DRT-0419] No routing tracks pass through the center of Term multi_top/me/genblk1_0__bp_cce_top/bp_cce/directory/wg_ram.macro_mem1.mem/w_mask_in[42]
[WARNING DRT-0419] No routing tracks pass through the center of Term multi_top/me/genblk1_0__bp_cce_top/bp_cce/directory/wg_ram.macro_mem1.mem/w_mask_in[43]
[WARNING DRT-0419] No routing tracks pass through the center of Term multi_top/me/genblk1_0__bp_cce_top/bp_cce/directory/wg_ram.macro_mem1.mem/w_mask_in[44]
[WARNING DRT-0419] No routing tracks pass through the center of Term multi_top/me/genblk1_0__bp_cce_top/bp_cce/directory/wg_ram.macro_mem1.mem/w_mask_in[45]
[WARNING DRT-0419] No routing tracks pass through the center of Term multi_top/me/genblk1_0__bp_cce_top/bp_cce/directory/wg_ram.macro_mem1.mem/w_mask_in[46]
[WARNING DRT-0419] No routing tracks pass through the center of Term multi_top/me/genblk1_0__bp_cce_top/bp_cce/directory/wg_ram.macro_mem1.mem/w_mask_in[47]
[WARNING DRT-0419] No routing tracks pass through the center of Term multi_top/me/genblk1_0__bp_cce_top/bp_cce/directory/wg_ram.macro_mem1.mem/w_mask_in[48]
[WARNING DRT-0419] No routing tracks pass through the center of Term multi_top/me/genblk1_0__bp_cce_top/bp_cce/directory/wg_ram.macro_mem1.mem/w_mask_in[49]
[WARNING DRT-0419] No routing tracks pass through the center of Term multi_top/me/genblk1_0__bp_cce_top/bp_cce/directory/wg_ram.macro_mem1.mem/w_mask_in[50]
[WARNING DRT-0419] No routing tracks pass through the center of Term multi_top/me/genblk1_0__bp_cce_top/bp_cce/directory/wg_ram.macro_mem1.mem/w_mask_in[51]
[WARNING DRT-0419] No routing tracks pass through the center of Term multi_top/me/genblk1_0__bp_cce_top/bp_cce/directory/wg_ram.macro_mem1.mem/w_mask_in[52]
[WARNING DRT-0419] No routing tracks pass through the center of Term multi_top/me/genblk1_0__bp_cce_top/bp_cce/directory/wg_ram.macro_mem1.mem/w_mask_in[53]
[WARNING DRT-0419] No routing tracks pass through the center of Term multi_top/me/genblk1_0__bp_cce_top/bp_cce/directory/wg_ram.macro_mem1.mem/w_mask_in[54]
[WARNING DRT-0419] No routing tracks pass through the center of Term multi_top/me/genblk1_0__bp_cce_top/bp_cce/directory/wg_ram.macro_mem1.mem/w_mask_in[55]
[WARNING DRT-0419] No routing tracks pass through the center of Term multi_top/me/genblk1_0__bp_cce_top/bp_cce/directory/wg_ram.macro_mem1.mem/w_mask_in[56]
[WARNING DRT-0419] No routing tracks pass through the center of Term multi_top/me/genblk1_0__bp_cce_top/bp_cce/directory/wg_ram.macro_mem1.mem/w_mask_in[57]
[WARNING DRT-0419] No routing tracks pass through the center of Term multi_top/me/genblk1_0__bp_cce_top/bp_cce/directory/wg_ram.macro_mem1.mem/w_mask_in[58]
[WARNING DRT-0419] No routing tracks pass through the center of Term multi_top/me/genblk1_0__bp_cce_top/bp_cce/directory/wg_ram.macro_mem1.mem/w_mask_in[59]
[WARNING DRT-0419] No routing tracks pass through the center of Term multi_top/me/genblk1_0__bp_cce_top/bp_cce/directory/wg_ram.macro_mem1.mem/w_mask_in[60]
[WARNING DRT-0419] No routing tracks pass through the center of Term multi_top/me/genblk1_0__bp_cce_top/bp_cce/directory/wg_ram.macro_mem1.mem/w_mask_in[61]
[WARNING DRT-0419] No routing tracks pass through the center of Term multi_top/me/genblk1_0__bp_cce_top/bp_cce/directory/wg_ram.macro_mem1.mem/w_mask_in[62]
[WARNING DRT-0419] No routing tracks pass through the center of Term multi_top/me/genblk1_0__bp_cce_top/bp_cce/directory/wg_ram.macro_mem1.mem/w_mask_in[63]
[WARNING DRT-0419] No routing tracks pass through the center of Term multi_top/me/genblk1_0__bp_cce_top/bp_cce/directory/wg_ram.macro_mem1.mem/w_mask_in[64]
[WARNING DRT-0419] No routing tracks pass through the center of Term multi_top/me/genblk1_0__bp_cce_top/bp_cce/directory/wg_ram.macro_mem1.mem/w_mask_in[65]
[WARNING DRT-0419] No routing tracks pass through the center of Term multi_top/me/genblk1_0__bp_cce_top/bp_cce/directory/wg_ram.macro_mem1.mem/w_mask_in[66]
[WARNING DRT-0419] No routing tracks pass through the center of Term multi_top/me/genblk1_0__bp_cce_top/bp_cce/directory/wg_ram.macro_mem1.mem/w_mask_in[67]
[WARNING DRT-0419] No routing tracks pass through the center of Term multi_top/me/genblk1_0__bp_cce_top/bp_cce/directory/wg_ram.macro_mem1.mem/w_mask_in[68]
[WARNING DRT-0419] No routing tracks pass through the center of Term multi_top/me/genblk1_0__bp_cce_top/bp_cce/directory/wg_ram.macro_mem1.mem/w_mask_in[69]
[WARNING DRT-0419] No routing tracks pass through the center of Term multi_top/me/genblk1_0__bp_cce_top/bp_cce/directory/wg_ram.macro_mem1.mem/w_mask_in[70]
[WARNING DRT-0419] No routing tracks pass through the center of Term multi_top/me/genblk1_0__bp_cce_top/bp_cce/directory/wg_ram.macro_mem1.mem/w_mask_in[71]
[WARNING DRT-0419] No routing tracks pass through the center of Term multi_top/me/genblk1_0__bp_cce_top/bp_cce/directory/wg_ram.macro_mem1.mem/w_mask_in[72]
[WARNING DRT-0419] No routing tracks pass through the center of Term multi_top/me/genblk1_0__bp_cce_top/bp_cce/directory/wg_ram.macro_mem1.mem/w_mask_in[73]
[WARNING DRT-0419] No routing tracks pass through the center of Term multi_top/me/genblk1_0__bp_cce_top/bp_cce/directory/wg_ram.macro_mem1.mem/w_mask_in[74]
[WARNING DRT-0419] No routing tracks pass through the center of Term multi_top/me/genblk1_0__bp_cce_top/bp_cce/directory/wg_ram.macro_mem1.mem/w_mask_in[75]
[WARNING DRT-0419] No routing tracks pass through the center of Term multi_top/me/genblk1_0__bp_cce_top/bp_cce/directory/wg_ram.macro_mem1.mem/w_mask_in[76]
[WARNING DRT-0419] No routing tracks pass through the center of Term multi_top/me/genblk1_0__bp_cce_top/bp_cce/directory/wg_ram.macro_mem1.mem/w_mask_in[77]
[WARNING DRT-0419] No routing tracks pass through the center of Term multi_top/me/genblk1_0__bp_cce_top/bp_cce/directory/wg_ram.macro_mem1.mem/w_mask_in[78]
[WARNING DRT-0419] No routing tracks pass through the center of Term multi_top/me/genblk1_0__bp_cce_top/bp_cce/directory/wg_ram.macro_mem1.mem/w_mask_in[79]
[WARNING DRT-0419] No routing tracks pass through the center of Term multi_top/me/genblk1_0__bp_cce_top/bp_cce/directory/wg_ram.macro_mem1.mem/w_mask_in[80]
[WARNING DRT-0419] No routing tracks pass through the center of Term multi_top/me/genblk1_0__bp_cce_top/bp_cce/directory/wg_ram.macro_mem1.mem/w_mask_in[81]
[WARNING DRT-0419] No routing tracks pass through the center of Term multi_top/me/genblk1_0__bp_cce_top/bp_cce/directory/wg_ram.macro_mem1.mem/w_mask_in[82]
[WARNING DRT-0419] No routing tracks pass through the center of Term multi_top/me/genblk1_0__bp_cce_top/bp_cce/directory/wg_ram.macro_mem1.mem/w_mask_in[83]
[WARNING DRT-0419] No routing tracks pass through the center of Term multi_top/me/genblk1_0__bp_cce_top/bp_cce/directory/wg_ram.macro_mem1.mem/w_mask_in[84]
[WARNING DRT-0419] No routing tracks pass through the center of Term multi_top/me/genblk1_0__bp_cce_top/bp_cce/directory/wg_ram.macro_mem1.mem/w_mask_in[85]
[WARNING DRT-0419] No routing tracks pass through the center of Term multi_top/me/genblk1_0__bp_cce_top/bp_cce/directory/wg_ram.macro_mem1.mem/w_mask_in[86]
[WARNING DRT-0419] No routing tracks pass through the center of Term multi_top/me/genblk1_0__bp_cce_top/bp_cce/directory/wg_ram.macro_mem1.mem/w_mask_in[87]
[WARNING DRT-0419] No routing tracks pass through the center of Term multi_top/me/genblk1_0__bp_cce_top/bp_cce/directory/wg_ram.macro_mem1.mem/w_mask_in[88]
[WARNING DRT-0419] No routing tracks pass through the center of Term multi_top/me/genblk1_0__bp_cce_top/bp_cce/directory/wg_ram.macro_mem1.mem/w_mask_in[89]
[WARNING DRT-0419] No routing tracks pass through the center of Term multi_top/me/genblk1_0__bp_cce_top/bp_cce/directory/wg_ram.macro_mem1.mem/w_mask_in[90]
[WARNING DRT-0419] No routing tracks pass through the center of Term multi_top/me/genblk1_0__bp_cce_top/bp_cce/directory/wg_ram.macro_mem1.mem/w_mask_in[91]
[WARNING DRT-0419] No routing tracks pass through the center of Term multi_top/me/genblk1_0__bp_cce_top/bp_cce/directory/wg_ram.macro_mem1.mem/w_mask_in[92]
[WARNING DRT-0419] No routing tracks pass through the center of Term multi_top/me/genblk1_0__bp_cce_top/bp_cce/directory/wg_ram.macro_mem1.mem/w_mask_in[93]
[WARNING DRT-0419] No routing tracks pass through the center of Term multi_top/me/genblk1_0__bp_cce_top/bp_cce/directory/wg_ram.macro_mem1.mem/w_mask_in[94]
[WARNING DRT-0419] No routing tracks pass through the center of Term multi_top/me/genblk1_0__bp_cce_top/bp_cce/directory/wg_ram.macro_mem1.mem/w_mask_in[95]
[WARNING DRT-0419] No routing tracks pass through the center of Term multi_top/me/genblk1_0__bp_cce_top/bp_cce/directory/wg_ram.macro_mem1.mem/rd_out[0]
[WARNING DRT-0419] No routing tracks pass through the center of Term multi_top/me/genblk1_0__bp_cce_top/bp_cce/directory/wg_ram.macro_mem1.mem/rd_out[1]
[WARNING DRT-0419] No routing tracks pass through the center of Term multi_top/me/genblk1_0__bp_cce_top/bp_cce/directory/wg_ram.macro_mem1.mem/rd_out[2]
[WARNING DRT-0419] No routing tracks pass through the center of Term multi_top/me/genblk1_0__bp_cce_top/bp_cce/directory/wg_ram.macro_mem1.mem/rd_out[3]
[WARNING DRT-0419] No routing tracks pass through the center of Term multi_top/me/genblk1_0__bp_cce_top/bp_cce/directory/wg_ram.macro_mem1.mem/rd_out[4]
[WARNING DRT-0419] No routing tracks pass through the center of Term multi_top/me/genblk1_0__bp_cce_top/bp_cce/directory/wg_ram.macro_mem1.mem/rd_out[5]
[WARNING DRT-0419] No routing tracks pass through the center of Term multi_top/me/genblk1_0__bp_cce_top/bp_cce/directory/wg_ram.macro_mem1.mem/rd_out[6]
[WARNING DRT-0419] No routing tracks pass through the center of Term multi_top/me/genblk1_0__bp_cce_top/bp_cce/directory/wg_ram.macro_mem1.mem/rd_out[7]
[WARNING DRT-0419] No routing tracks pass through the center of Term multi_top/me/genblk1_0__bp_cce_top/bp_cce/directory/wg_ram.macro_mem1.mem/rd_out[8]
[WARNING DRT-0419] No routing tracks pass through the center of Term multi_top/me/genblk1_0__bp_cce_top/bp_cce/directory/wg_ram.macro_mem1.mem/rd_out[9]
[WARNING DRT-0419] No routing tracks pass through the center of Term multi_top/me/genblk1_0__bp_cce_top/bp_cce/directory/wg_ram.macro_mem1.mem/rd_out[10]
[WARNING DRT-0419] No routing tracks pass through the center of Term multi_top/me/genblk1_0__bp_cce_top/bp_cce/directory/wg_ram.macro_mem1.mem/rd_out[11]
[WARNING DRT-0419] No routing tracks pass through the center of Term multi_top/me/genblk1_0__bp_cce_top/bp_cce/directory/wg_ram.macro_mem1.mem/rd_out[12]
[WARNING DRT-0419] No routing tracks pass through the center of Term multi_top/me/genblk1_0__bp_cce_top/bp_cce/directory/wg_ram.macro_mem1.mem/rd_out[13]
[WARNING DRT-0419] No routing tracks pass through the center of Term multi_top/me/genblk1_0__bp_cce_top/bp_cce/directory/wg_ram.macro_mem1.mem/rd_out[14]
[WARNING DRT-0419] No routing tracks pass through the center of Term multi_top/me/genblk1_0__bp_cce_top/bp_cce/directory/wg_ram.macro_mem1.mem/rd_out[15]
[WARNING DRT-0419] No routing tracks pass through the center of Term multi_top/me/genblk1_0__bp_cce_top/bp_cce/directory/wg_ram.macro_mem1.mem/rd_out[16]
[WARNING DRT-0419] No routing tracks pass through the center of Term multi_top/me/genblk1_0__bp_cce_top/bp_cce/directory/wg_ram.macro_mem1.mem/rd_out[17]
[WARNING DRT-0419] No routing tracks pass through the center of Term multi_top/me/genblk1_0__bp_cce_top/bp_cce/directory/wg_ram.macro_mem1.mem/rd_out[18]
[WARNING DRT-0419] No routing tracks pass through the center of Term multi_top/me/genblk1_0__bp_cce_top/bp_cce/directory/wg_ram.macro_mem1.mem/rd_out[19]
[WARNING DRT-0419] No routing tracks pass through the center of Term multi_top/me/genblk1_0__bp_cce_top/bp_cce/directory/wg_ram.macro_mem1.mem/rd_out[20]
[WARNING DRT-0419] No routing tracks pass through the center of Term multi_top/me/genblk1_0__bp_cce_top/bp_cce/directory/wg_ram.macro_mem1.mem/rd_out[21]
[WARNING DRT-0419] No routing tracks pass through the center of Term multi_top/me/genblk1_0__bp_cce_top/bp_cce/directory/wg_ram.macro_mem1.mem/rd_out[22]
[WARNING DRT-0419] No routing tracks pass through the center of Term multi_top/me/genblk1_0__bp_cce_top/bp_cce/directory/wg_ram.macro_mem1.mem/rd_out[23]
[WARNING DRT-0419] No routing tracks pass through the center of Term multi_top/me/genblk1_0__bp_cce_top/bp_cce/directory/wg_ram.macro_mem1.mem/rd_out[24]
[WARNING DRT-0419] No routing tracks pass through the center of Term multi_top/me/genblk1_0__bp_cce_top/bp_cce/directory/wg_ram.macro_mem1.mem/rd_out[25]
[WARNING DRT-0419] No routing tracks pass through the center of Term multi_top/me/genblk1_0__bp_cce_top/bp_cce/directory/wg_ram.macro_mem1.mem/rd_out[26]
[WARNING DRT-0419] No routing tracks pass through the center of Term multi_top/me/genblk1_0__bp_cce_top/bp_cce/directory/wg_ram.macro_mem1.mem/rd_out[27]
[WARNING DRT-0419] No routing tracks pass through the center of Term multi_top/me/genblk1_0__bp_cce_top/bp_cce/directory/wg_ram.macro_mem1.mem/rd_out[28]
[WARNING DRT-0419] No routing tracks pass through the center of Term multi_top/me/genblk1_0__bp_cce_top/bp_cce/directory/wg_ram.macro_mem1.mem/rd_out[29]
[WARNING DRT-0419] No routing tracks pass through the center of Term multi_top/me/genblk1_0__bp_cce_top/bp_cce/directory/wg_ram.macro_mem1.mem/rd_out[30]
[WARNING DRT-0419] No routing tracks pass through the center of Term multi_top/me/genblk1_0__bp_cce_top/bp_cce/directory/wg_ram.macro_mem1.mem/rd_out[31]
[WARNING DRT-0419] No routing tracks pass through the center of Term multi_top/me/genblk1_0__bp_cce_top/bp_cce/directory/wg_ram.macro_mem1.mem/rd_out[32]
[WARNING DRT-0419] No routing tracks pass through the center of Term multi_top/me/genblk1_0__bp_cce_top/bp_cce/directory/wg_ram.macro_mem1.mem/rd_out[33]
[WARNING DRT-0419] No routing tracks pass through the center of Term multi_top/me/genblk1_0__bp_cce_top/bp_cce/directory/wg_ram.macro_mem1.mem/rd_out[34]
[WARNING DRT-0419] No routing tracks pass through the center of Term multi_top/me/genblk1_0__bp_cce_top/bp_cce/directory/wg_ram.macro_mem1.mem/rd_out[35]
[WARNING DRT-0419] No routing tracks pass through the center of Term multi_top/me/genblk1_0__bp_cce_top/bp_cce/directory/wg_ram.macro_mem1.mem/rd_out[36]
[WARNING DRT-0419] No routing tracks pass through the center of Term multi_top/me/genblk1_0__bp_cce_top/bp_cce/directory/wg_ram.macro_mem1.mem/rd_out[37]
[WARNING DRT-0419] No routing tracks pass through the center of Term multi_top/me/genblk1_0__bp_cce_top/bp_cce/directory/wg_ram.macro_mem1.mem/rd_out[38]
[WARNING DRT-0419] No routing tracks pass through the center of Term multi_top/me/genblk1_0__bp_cce_top/bp_cce/directory/wg_ram.macro_mem1.mem/rd_out[39]
[WARNING DRT-0419] No routing tracks pass through the center of Term multi_top/me/genblk1_0__bp_cce_top/bp_cce/directory/wg_ram.macro_mem1.mem/rd_out[40]
[WARNING DRT-0419] No routing tracks pass through the center of Term multi_top/me/genblk1_0__bp_cce_top/bp_cce/directory/wg_ram.macro_mem1.mem/rd_out[41]
[WARNING DRT-0419] No routing tracks pass through the center of Term multi_top/me/genblk1_0__bp_cce_top/bp_cce/directory/wg_ram.macro_mem1.mem/rd_out[42]
[WARNING DRT-0419] No routing tracks pass through the center of Term multi_top/me/genblk1_0__bp_cce_top/bp_cce/directory/wg_ram.macro_mem1.mem/rd_out[43]
[WARNING DRT-0419] No routing tracks pass through the center of Term multi_top/me/genblk1_0__bp_cce_top/bp_cce/directory/wg_ram.macro_mem1.mem/rd_out[44]
[WARNING DRT-0419] No routing tracks pass through the center of Term multi_top/me/genblk1_0__bp_cce_top/bp_cce/directory/wg_ram.macro_mem1.mem/rd_out[45]
[WARNING DRT-0419] No routing tracks pass through the center of Term multi_top/me/genblk1_0__bp_cce_top/bp_cce/directory/wg_ram.macro_mem1.mem/rd_out[46]
[WARNING DRT-0419] No routing tracks pass through the center of Term multi_top/me/genblk1_0__bp_cce_top/bp_cce/directory/wg_ram.macro_mem1.mem/rd_out[47]
[WARNING DRT-0419] No routing tracks pass through the center of Term multi_top/me/genblk1_0__bp_cce_top/bp_cce/directory/wg_ram.macro_mem1.mem/rd_out[48]
[WARNING DRT-0419] No routing tracks pass through the center of Term multi_top/me/genblk1_0__bp_cce_top/bp_cce/directory/wg_ram.macro_mem1.mem/rd_out[49]
[WARNING DRT-0419] No routing tracks pass through the center of Term multi_top/me/genblk1_0__bp_cce_top/bp_cce/directory/wg_ram.macro_mem1.mem/rd_out[50]
[WARNING DRT-0419] No routing tracks pass through the center of Term multi_top/me/genblk1_0__bp_cce_top/bp_cce/directory/wg_ram.macro_mem1.mem/rd_out[51]
[WARNING DRT-0419] No routing tracks pass through the center of Term multi_top/me/genblk1_0__bp_cce_top/bp_cce/directory/wg_ram.macro_mem1.mem/rd_out[52]
[WARNING DRT-0419] No routing tracks pass through the center of Term multi_top/me/genblk1_0__bp_cce_top/bp_cce/directory/wg_ram.macro_mem1.mem/rd_out[53]
[WARNING DRT-0419] No routing tracks pass through the center of Term multi_top/me/genblk1_0__bp_cce_top/bp_cce/directory/wg_ram.macro_mem1.mem/rd_out[54]
[WARNING DRT-0419] No routing tracks pass through the center of Term multi_top/me/genblk1_0__bp_cce_top/bp_cce/directory/wg_ram.macro_mem1.mem/rd_out[55]
[WARNING DRT-0419] No routing tracks pass through the center of Term multi_top/me/genblk1_0__bp_cce_top/bp_cce/directory/wg_ram.macro_mem1.mem/rd_out[56]
[WARNING DRT-0419] No routing tracks pass through the center of Term multi_top/me/genblk1_0__bp_cce_top/bp_cce/directory/wg_ram.macro_mem1.mem/rd_out[57]
[WARNING DRT-0419] No routing tracks pass through the center of Term multi_top/me/genblk1_0__bp_cce_top/bp_cce/directory/wg_ram.macro_mem1.mem/rd_out[58]
[WARNING DRT-0419] No routing tracks pass through the center of Term multi_top/me/genblk1_0__bp_cce_top/bp_cce/directory/wg_ram.macro_mem1.mem/rd_out[59]
[WARNING DRT-0419] No routing tracks pass through the center of Term multi_top/me/genblk1_0__bp_cce_top/bp_cce/directory/wg_ram.macro_mem1.mem/rd_out[60]
[WARNING DRT-0419] No routing tracks pass through the center of Term multi_top/me/genblk1_0__bp_cce_top/bp_cce/directory/wg_ram.macro_mem1.mem/rd_out[61]
[WARNING DRT-0419] No routing tracks pass through the center of Term multi_top/me/genblk1_0__bp_cce_top/bp_cce/directory/wg_ram.macro_mem1.mem/rd_out[62]
[WARNING DRT-0419] No routing tracks pass through the center of Term multi_top/me/genblk1_0__bp_cce_top/bp_cce/directory/wg_ram.macro_mem1.mem/rd_out[63]
[WARNING DRT-0419] No routing tracks pass through the center of Term multi_top/me/genblk1_0__bp_cce_top/bp_cce/directory/wg_ram.macro_mem1.mem/rd_out[64]
[WARNING DRT-0419] No routing tracks pass through the center of Term multi_top/me/genblk1_0__bp_cce_top/bp_cce/directory/wg_ram.macro_mem1.mem/rd_out[65]
[WARNING DRT-0419] No routing tracks pass through the center of Term multi_top/me/genblk1_0__bp_cce_top/bp_cce/directory/wg_ram.macro_mem1.mem/rd_out[66]
[WARNING DRT-0419] No routing tracks pass through the center of Term multi_top/me/genblk1_0__bp_cce_top/bp_cce/directory/wg_ram.macro_mem1.mem/rd_out[67]
[WARNING DRT-0419] No routing tracks pass through the center of Term multi_top/me/genblk1_0__bp_cce_top/bp_cce/directory/wg_ram.macro_mem1.mem/rd_out[68]
[WARNING DRT-0419] No routing tracks pass through the center of Term multi_top/me/genblk1_0__bp_cce_top/bp_cce/directory/wg_ram.macro_mem1.mem/rd_out[69]
[WARNING DRT-0419] No routing tracks pass through the center of Term multi_top/me/genblk1_0__bp_cce_top/bp_cce/directory/wg_ram.macro_mem1.mem/rd_out[70]
[WARNING DRT-0419] No routing tracks pass through the center of Term multi_top/me/genblk1_0__bp_cce_top/bp_cce/directory/wg_ram.macro_mem1.mem/rd_out[71]
[WARNING DRT-0419] No routing tracks pass through the center of Term multi_top/me/genblk1_0__bp_cce_top/bp_cce/directory/wg_ram.macro_mem1.mem/rd_out[72]
[WARNING DRT-0419] No routing tracks pass through the center of Term multi_top/me/genblk1_0__bp_cce_top/bp_cce/directory/wg_ram.macro_mem1.mem/rd_out[73]
[WARNING DRT-0419] No routing tracks pass through the center of Term multi_top/me/genblk1_0__bp_cce_top/bp_cce/directory/wg_ram.macro_mem1.mem/rd_out[74]
[WARNING DRT-0419] No routing tracks pass through the center of Term multi_top/me/genblk1_0__bp_cce_top/bp_cce/directory/wg_ram.macro_mem1.mem/rd_out[75]
[WARNING DRT-0419] No routing tracks pass through the center of Term multi_top/me/genblk1_0__bp_cce_top/bp_cce/directory/wg_ram.macro_mem1.mem/rd_out[76]
[WARNING DRT-0419] No routing tracks pass through the center of Term multi_top/me/genblk1_0__bp_cce_top/bp_cce/directory/wg_ram.macro_mem1.mem/rd_out[77]
[WARNING DRT-0419] No routing tracks pass through the center of Term multi_top/me/genblk1_0__bp_cce_top/bp_cce/directory/wg_ram.macro_mem1.mem/rd_out[78]
[WARNING DRT-0419] No routing tracks pass through the center of Term multi_top/me/genblk1_0__bp_cce_top/bp_cce/directory/wg_ram.macro_mem1.mem/rd_out[79]
[WARNING DRT-0419] No routing tracks pass through the center of Term multi_top/me/genblk1_0__bp_cce_top/bp_cce/directory/wg_ram.macro_mem1.mem/rd_out[80]
[WARNING DRT-0419] No routing tracks pass through the center of Term multi_top/me/genblk1_0__bp_cce_top/bp_cce/directory/wg_ram.macro_mem1.mem/rd_out[81]
[WARNING DRT-0419] No routing tracks pass through the center of Term multi_top/me/genblk1_0__bp_cce_top/bp_cce/directory/wg_ram.macro_mem1.mem/rd_out[82]
[WARNING DRT-0419] No routing tracks pass through the center of Term multi_top/me/genblk1_0__bp_cce_top/bp_cce/directory/wg_ram.macro_mem1.mem/rd_out[83]
[WARNING DRT-0419] No routing tracks pass through the center of Term multi_top/me/genblk1_0__bp_cce_top/bp_cce/directory/wg_ram.macro_mem1.mem/rd_out[84]
[WARNING DRT-0419] No routing tracks pass through the center of Term multi_top/me/genblk1_0__bp_cce_top/bp_cce/directory/wg_ram.macro_mem1.mem/rd_out[85]
[WARNING DRT-0419] No routing tracks pass through the center of Term multi_top/me/genblk1_0__bp_cce_top/bp_cce/directory/wg_ram.macro_mem1.mem/rd_out[86]
[WARNING DRT-0419] No routing tracks pass through the center of Term multi_top/me/genblk1_0__bp_cce_top/bp_cce/directory/wg_ram.macro_mem1.mem/rd_out[87]
[WARNING DRT-0419] No routing tracks pass through the center of Term multi_top/me/genblk1_0__bp_cce_top/bp_cce/directory/wg_ram.macro_mem1.mem/rd_out[88]
[WARNING DRT-0419] No routing tracks pass through the center of Term multi_top/me/genblk1_0__bp_cce_top/bp_cce/directory/wg_ram.macro_mem1.mem/rd_out[89]
[WARNING DRT-0419] No routing tracks pass through the center of Term multi_top/me/genblk1_0__bp_cce_top/bp_cce/directory/wg_ram.macro_mem1.mem/rd_out[90]
[WARNING DRT-0419] No routing tracks pass through the center of Term multi_top/me/genblk1_0__bp_cce_top/bp_cce/directory/wg_ram.macro_mem1.mem/rd_out[91]
[WARNING DRT-0419] No routing tracks pass through the center of Term multi_top/me/genblk1_0__bp_cce_top/bp_cce/directory/wg_ram.macro_mem1.mem/rd_out[92]
[WARNING DRT-0419] No routing tracks pass through the center of Term multi_top/me/genblk1_0__bp_cce_top/bp_cce/directory/wg_ram.macro_mem1.mem/rd_out[93]
[WARNING DRT-0419] No routing tracks pass through the center of Term multi_top/me/genblk1_0__bp_cce_top/bp_cce/directory/wg_ram.macro_mem1.mem/rd_out[94]
[WARNING DRT-0419] No routing tracks pass through the center of Term multi_top/me/genblk1_0__bp_cce_top/bp_cce/directory/wg_ram.macro_mem1.mem/rd_out[95]
[WARNING DRT-0419] No routing tracks pass through the center of Term multi_top/me/genblk1_0__bp_cce_top/bp_cce/directory/wg_ram.macro_mem1.mem/wd_in[0]
[WARNING DRT-0419] No routing tracks pass through the center of Term multi_top/me/genblk1_0__bp_cce_top/bp_cce/directory/wg_ram.macro_mem1.mem/wd_in[1]
[WARNING DRT-0419] No routing tracks pass through the center of Term multi_top/me/genblk1_0__bp_cce_top/bp_cce/directory/wg_ram.macro_mem1.mem/wd_in[2]
[WARNING DRT-0419] No routing tracks pass through the center of Term multi_top/me/genblk1_0__bp_cce_top/bp_cce/directory/wg_ram.macro_mem1.mem/wd_in[3]
[WARNING DRT-0419] No routing tracks pass through the center of Term multi_top/me/genblk1_0__bp_cce_top/bp_cce/directory/wg_ram.macro_mem1.mem/wd_in[4]
[WARNING DRT-0419] No routing tracks pass through the center of Term multi_top/me/genblk1_0__bp_cce_top/bp_cce/directory/wg_ram.macro_mem1.mem/wd_in[5]
[WARNING DRT-0419] No routing tracks pass through the center of Term multi_top/me/genblk1_0__bp_cce_top/bp_cce/directory/wg_ram.macro_mem1.mem/wd_in[6]
[WARNING DRT-0419] No routing tracks pass through the center of Term multi_top/me/genblk1_0__bp_cce_top/bp_cce/directory/wg_ram.macro_mem1.mem/wd_in[7]
[WARNING DRT-0419] No routing tracks pass through the center of Term multi_top/me/genblk1_0__bp_cce_top/bp_cce/directory/wg_ram.macro_mem1.mem/wd_in[8]
[WARNING DRT-0419] No routing tracks pass through the center of Term multi_top/me/genblk1_0__bp_cce_top/bp_cce/directory/wg_ram.macro_mem1.mem/wd_in[9]
[WARNING DRT-0419] No routing tracks pass through the center of Term multi_top/me/genblk1_0__bp_cce_top/bp_cce/directory/wg_ram.macro_mem1.mem/wd_in[10]
[WARNING DRT-0419] No routing tracks pass through the center of Term multi_top/me/genblk1_0__bp_cce_top/bp_cce/directory/wg_ram.macro_mem1.mem/wd_in[11]
[WARNING DRT-0419] No routing tracks pass through the center of Term multi_top/me/genblk1_0__bp_cce_top/bp_cce/directory/wg_ram.macro_mem1.mem/wd_in[12]
[WARNING DRT-0419] No routing tracks pass through the center of Term multi_top/me/genblk1_0__bp_cce_top/bp_cce/directory/wg_ram.macro_mem1.mem/wd_in[13]
[WARNING DRT-0419] No routing tracks pass through the center of Term multi_top/me/genblk1_0__bp_cce_top/bp_cce/directory/wg_ram.macro_mem1.mem/wd_in[14]
[WARNING DRT-0419] No routing tracks pass through the center of Term multi_top/me/genblk1_0__bp_cce_top/bp_cce/directory/wg_ram.macro_mem1.mem/wd_in[15]
[WARNING DRT-0419] No routing tracks pass through the center of Term multi_top/me/genblk1_0__bp_cce_top/bp_cce/directory/wg_ram.macro_mem1.mem/wd_in[16]
[WARNING DRT-0419] No routing tracks pass through the center of Term multi_top/me/genblk1_0__bp_cce_top/bp_cce/directory/wg_ram.macro_mem1.mem/wd_in[17]
[WARNING DRT-0419] No routing tracks pass through the center of Term multi_top/me/genblk1_0__bp_cce_top/bp_cce/directory/wg_ram.macro_mem1.mem/wd_in[18]
[WARNING DRT-0419] No routing tracks pass through the center of Term multi_top/me/genblk1_0__bp_cce_top/bp_cce/directory/wg_ram.macro_mem1.mem/wd_in[19]
[WARNING DRT-0419] No routing tracks pass through the center of Term multi_top/me/genblk1_0__bp_cce_top/bp_cce/directory/wg_ram.macro_mem1.mem/wd_in[20]
[WARNING DRT-0419] No routing tracks pass through the center of Term multi_top/me/genblk1_0__bp_cce_top/bp_cce/directory/wg_ram.macro_mem1.mem/wd_in[21]
[WARNING DRT-0419] No routing tracks pass through the center of Term multi_top/me/genblk1_0__bp_cce_top/bp_cce/directory/wg_ram.macro_mem1.mem/wd_in[22]
[WARNING DRT-0419] No routing tracks pass through the center of Term multi_top/me/genblk1_0__bp_cce_top/bp_cce/directory/wg_ram.macro_mem1.mem/wd_in[23]
[WARNING DRT-0419] No routing tracks pass through the center of Term multi_top/me/genblk1_0__bp_cce_top/bp_cce/directory/wg_ram.macro_mem1.mem/wd_in[24]
[WARNING DRT-0419] No routing tracks pass through the center of Term multi_top/me/genblk1_0__bp_cce_top/bp_cce/directory/wg_ram.macro_mem1.mem/wd_in[25]
[WARNING DRT-0419] No routing tracks pass through the center of Term multi_top/me/genblk1_0__bp_cce_top/bp_cce/directory/wg_ram.macro_mem1.mem/wd_in[26]
[WARNING DRT-0419] No routing tracks pass through the center of Term multi_top/me/genblk1_0__bp_cce_top/bp_cce/directory/wg_ram.macro_mem1.mem/wd_in[27]
[WARNING DRT-0419] No routing tracks pass through the center of Term multi_top/me/genblk1_0__bp_cce_top/bp_cce/directory/wg_ram.macro_mem1.mem/wd_in[28]
[WARNING DRT-0419] No routing tracks pass through the center of Term multi_top/me/genblk1_0__bp_cce_top/bp_cce/directory/wg_ram.macro_mem1.mem/wd_in[29]
[WARNING DRT-0419] No routing tracks pass through the center of Term multi_top/me/genblk1_0__bp_cce_top/bp_cce/directory/wg_ram.macro_mem1.mem/wd_in[30]
[WARNING DRT-0419] No routing tracks pass through the center of Term multi_top/me/genblk1_0__bp_cce_top/bp_cce/directory/wg_ram.macro_mem1.mem/wd_in[31]
[WARNING DRT-0419] No routing tracks pass through the center of Term multi_top/me/genblk1_0__bp_cce_top/bp_cce/directory/wg_ram.macro_mem1.mem/wd_in[32]
[WARNING DRT-0419] No routing tracks pass through the center of Term multi_top/me/genblk1_0__bp_cce_top/bp_cce/directory/wg_ram.macro_mem1.mem/wd_in[33]
[WARNING DRT-0419] No routing tracks pass through the center of Term multi_top/me/genblk1_0__bp_cce_top/bp_cce/directory/wg_ram.macro_mem1.mem/wd_in[34]
[WARNING DRT-0419] No routing tracks pass through the center of Term multi_top/me/genblk1_0__bp_cce_top/bp_cce/directory/wg_ram.macro_mem1.mem/wd_in[35]
[WARNING DRT-0419] No routing tracks pass through the center of Term multi_top/me/genblk1_0__bp_cce_top/bp_cce/directory/wg_ram.macro_mem1.mem/wd_in[36]
[WARNING DRT-0419] No routing tracks pass through the center of Term multi_top/me/genblk1_0__bp_cce_top/bp_cce/directory/wg_ram.macro_mem1.mem/wd_in[37]
[WARNING DRT-0419] No routing tracks pass through the center of Term multi_top/me/genblk1_0__bp_cce_top/bp_cce/directory/wg_ram.macro_mem1.mem/wd_in[38]
[WARNING DRT-0419] No routing tracks pass through the center of Term multi_top/me/genblk1_0__bp_cce_top/bp_cce/directory/wg_ram.macro_mem1.mem/wd_in[39]
[WARNING DRT-0419] No routing tracks pass through the center of Term multi_top/me/genblk1_0__bp_cce_top/bp_cce/directory/wg_ram.macro_mem1.mem/wd_in[40]
[WARNING DRT-0419] No routing tracks pass through the center of Term multi_top/me/genblk1_0__bp_cce_top/bp_cce/directory/wg_ram.macro_mem1.mem/wd_in[41]
[WARNING DRT-0419] No routing tracks pass through the center of Term multi_top/me/genblk1_0__bp_cce_top/bp_cce/directory/wg_ram.macro_mem1.mem/wd_in[42]
[WARNING DRT-0419] No routing tracks pass through the center of Term multi_top/me/genblk1_0__bp_cce_top/bp_cce/directory/wg_ram.macro_mem1.mem/wd_in[43]
[WARNING DRT-0419] No routing tracks pass through the center of Term multi_top/me/genblk1_0__bp_cce_top/bp_cce/directory/wg_ram.macro_mem1.mem/wd_in[44]
[WARNING DRT-0419] No routing tracks pass through the center of Term multi_top/me/genblk1_0__bp_cce_top/bp_cce/directory/wg_ram.macro_mem1.mem/wd_in[45]
[WARNING DRT-0419] No routing tracks pass through the center of Term multi_top/me/genblk1_0__bp_cce_top/bp_cce/directory/wg_ram.macro_mem1.mem/wd_in[46]
[WARNING DRT-0419] No routing tracks pass through the center of Term multi_top/me/genblk1_0__bp_cce_top/bp_cce/directory/wg_ram.macro_mem1.mem/wd_in[47]
[WARNING DRT-0419] No routing tracks pass through the center of Term multi_top/me/genblk1_0__bp_cce_top/bp_cce/directory/wg_ram.macro_mem1.mem/wd_in[48]
[WARNING DRT-0419] No routing tracks pass through the center of Term multi_top/me/genblk1_0__bp_cce_top/bp_cce/directory/wg_ram.macro_mem1.mem/wd_in[49]
[WARNING DRT-0419] No routing tracks pass through the center of Term multi_top/me/genblk1_0__bp_cce_top/bp_cce/directory/wg_ram.macro_mem1.mem/wd_in[50]
[WARNING DRT-0419] No routing tracks pass through the center of Term multi_top/me/genblk1_0__bp_cce_top/bp_cce/directory/wg_ram.macro_mem1.mem/wd_in[51]
[WARNING DRT-0419] No routing tracks pass through the center of Term multi_top/me/genblk1_0__bp_cce_top/bp_cce/directory/wg_ram.macro_mem1.mem/wd_in[52]
[WARNING DRT-0419] No routing tracks pass through the center of Term multi_top/me/genblk1_0__bp_cce_top/bp_cce/directory/wg_ram.macro_mem1.mem/wd_in[53]
[WARNING DRT-0419] No routing tracks pass through the center of Term multi_top/me/genblk1_0__bp_cce_top/bp_cce/directory/wg_ram.macro_mem1.mem/wd_in[54]
[WARNING DRT-0419] No routing tracks pass through the center of Term multi_top/me/genblk1_0__bp_cce_top/bp_cce/directory/wg_ram.macro_mem1.mem/wd_in[55]
[WARNING DRT-0419] No routing tracks pass through the center of Term multi_top/me/genblk1_0__bp_cce_top/bp_cce/directory/wg_ram.macro_mem1.mem/wd_in[56]
[WARNING DRT-0419] No routing tracks pass through the center of Term multi_top/me/genblk1_0__bp_cce_top/bp_cce/directory/wg_ram.macro_mem1.mem/wd_in[57]
[WARNING DRT-0419] No routing tracks pass through the center of Term multi_top/me/genblk1_0__bp_cce_top/bp_cce/directory/wg_ram.macro_mem1.mem/wd_in[58]
[WARNING DRT-0419] No routing tracks pass through the center of Term multi_top/me/genblk1_0__bp_cce_top/bp_cce/directory/wg_ram.macro_mem1.mem/wd_in[59]
[WARNING DRT-0419] No routing tracks pass through the center of Term multi_top/me/genblk1_0__bp_cce_top/bp_cce/directory/wg_ram.macro_mem1.mem/wd_in[60]
[WARNING DRT-0419] No routing tracks pass through the center of Term multi_top/me/genblk1_0__bp_cce_top/bp_cce/directory/wg_ram.macro_mem1.mem/wd_in[61]
[WARNING DRT-0419] No routing tracks pass through the center of Term multi_top/me/genblk1_0__bp_cce_top/bp_cce/directory/wg_ram.macro_mem1.mem/wd_in[62]
[WARNING DRT-0419] No routing tracks pass through the center of Term multi_top/me/genblk1_0__bp_cce_top/bp_cce/directory/wg_ram.macro_mem1.mem/wd_in[63]
[WARNING DRT-0419] No routing tracks pass through the center of Term multi_top/me/genblk1_0__bp_cce_top/bp_cce/directory/wg_ram.macro_mem1.mem/wd_in[64]
[WARNING DRT-0419] No routing tracks pass through the center of Term multi_top/me/genblk1_0__bp_cce_top/bp_cce/directory/wg_ram.macro_mem1.mem/wd_in[65]
[WARNING DRT-0419] No routing tracks pass through the center of Term multi_top/me/genblk1_0__bp_cce_top/bp_cce/directory/wg_ram.macro_mem1.mem/wd_in[66]
[WARNING DRT-0419] No routing tracks pass through the center of Term multi_top/me/genblk1_0__bp_cce_top/bp_cce/directory/wg_ram.macro_mem1.mem/wd_in[67]
[WARNING DRT-0419] No routing tracks pass through the center of Term multi_top/me/genblk1_0__bp_cce_top/bp_cce/directory/wg_ram.macro_mem1.mem/wd_in[68]
[WARNING DRT-0419] No routing tracks pass through the center of Term multi_top/me/genblk1_0__bp_cce_top/bp_cce/directory/wg_ram.macro_mem1.mem/wd_in[69]
[WARNING DRT-0419] No routing tracks pass through the center of Term multi_top/me/genblk1_0__bp_cce_top/bp_cce/directory/wg_ram.macro_mem1.mem/wd_in[70]
[WARNING DRT-0419] No routing tracks pass through the center of Term multi_top/me/genblk1_0__bp_cce_top/bp_cce/directory/wg_ram.macro_mem1.mem/wd_in[71]
[WARNING DRT-0419] No routing tracks pass through the center of Term multi_top/me/genblk1_0__bp_cce_top/bp_cce/directory/wg_ram.macro_mem1.mem/wd_in[72]
[WARNING DRT-0419] No routing tracks pass through the center of Term multi_top/me/genblk1_0__bp_cce_top/bp_cce/directory/wg_ram.macro_mem1.mem/wd_in[73]
[WARNING DRT-0419] No routing tracks pass through the center of Term multi_top/me/genblk1_0__bp_cce_top/bp_cce/directory/wg_ram.macro_mem1.mem/wd_in[74]
[WARNING DRT-0419] No routing tracks pass through the center of Term multi_top/me/genblk1_0__bp_cce_top/bp_cce/directory/wg_ram.macro_mem1.mem/wd_in[75]
[WARNING DRT-0419] No routing tracks pass through the center of Term multi_top/me/genblk1_0__bp_cce_top/bp_cce/directory/wg_ram.macro_mem1.mem/wd_in[76]
[WARNING DRT-0419] No routing tracks pass through the center of Term multi_top/me/genblk1_0__bp_cce_top/bp_cce/directory/wg_ram.macro_mem1.mem/wd_in[77]
[WARNING DRT-0419] No routing tracks pass through the center of Term multi_top/me/genblk1_0__bp_cce_top/bp_cce/directory/wg_ram.macro_mem1.mem/wd_in[78]
[WARNING DRT-0419] No routing tracks pass through the center of Term multi_top/me/genblk1_0__bp_cce_top/bp_cce/directory/wg_ram.macro_mem1.mem/wd_in[79]
[WARNING DRT-0419] No routing tracks pass through the center of Term multi_top/me/genblk1_0__bp_cce_top/bp_cce/directory/wg_ram.macro_mem1.mem/wd_in[80]
[WARNING DRT-0419] No routing tracks pass through the center of Term multi_top/me/genblk1_0__bp_cce_top/bp_cce/directory/wg_ram.macro_mem1.mem/wd_in[81]
[WARNING DRT-0419] No routing tracks pass through the center of Term multi_top/me/genblk1_0__bp_cce_top/bp_cce/directory/wg_ram.macro_mem1.mem/wd_in[82]
[WARNING DRT-0419] No routing tracks pass through the center of Term multi_top/me/genblk1_0__bp_cce_top/bp_cce/directory/wg_ram.macro_mem1.mem/wd_in[83]
[WARNING DRT-0419] No routing tracks pass through the center of Term multi_top/me/genblk1_0__bp_cce_top/bp_cce/directory/wg_ram.macro_mem1.mem/wd_in[84]
[WARNING DRT-0419] No routing tracks pass through the center of Term multi_top/me/genblk1_0__bp_cce_top/bp_cce/directory/wg_ram.macro_mem1.mem/wd_in[85]
[WARNING DRT-0419] No routing tracks pass through the center of Term multi_top/me/genblk1_0__bp_cce_top/bp_cce/directory/wg_ram.macro_mem1.mem/wd_in[86]
[WARNING DRT-0419] No routing tracks pass through the center of Term multi_top/me/genblk1_0__bp_cce_top/bp_cce/directory/wg_ram.macro_mem1.mem/wd_in[87]
[WARNING DRT-0419] No routing tracks pass through the center of Term multi_top/me/genblk1_0__bp_cce_top/bp_cce/directory/wg_ram.macro_mem1.mem/wd_in[88]
[WARNING DRT-0419] No routing tracks pass through the center of Term multi_top/me/genblk1_0__bp_cce_top/bp_cce/directory/wg_ram.macro_mem1.mem/wd_in[89]
[WARNING DRT-0419] No routing tracks pass through the center of Term multi_top/me/genblk1_0__bp_cce_top/bp_cce/directory/wg_ram.macro_mem1.mem/wd_in[90]
[WARNING DRT-0419] No routing tracks pass through the center of Term multi_top/me/genblk1_0__bp_cce_top/bp_cce/directory/wg_ram.macro_mem1.mem/wd_in[91]
[WARNING DRT-0419] No routing tracks pass through the center of Term multi_top/me/genblk1_0__bp_cce_top/bp_cce/directory/wg_ram.macro_mem1.mem/wd_in[92]
[WARNING DRT-0419] No routing tracks pass through the center of Term multi_top/me/genblk1_0__bp_cce_top/bp_cce/directory/wg_ram.macro_mem1.mem/wd_in[93]
[WARNING DRT-0419] No routing tracks pass through the center of Term multi_top/me/genblk1_0__bp_cce_top/bp_cce/directory/wg_ram.macro_mem1.mem/wd_in[94]
[WARNING DRT-0419] No routing tracks pass through the center of Term multi_top/me/genblk1_0__bp_cce_top/bp_cce/directory/wg_ram.macro_mem1.mem/wd_in[95]
[WARNING DRT-0419] No routing tracks pass through the center of Term multi_top/me/genblk1_0__bp_cce_top/bp_cce/directory/wg_ram.macro_mem1.mem/addr_in[0]
[WARNING DRT-0419] No routing tracks pass through the center of Term multi_top/me/genblk1_0__bp_cce_top/bp_cce/directory/wg_ram.macro_mem1.mem/addr_in[1]
[WARNING DRT-0419] No routing tracks pass through the center of Term multi_top/me/genblk1_0__bp_cce_top/bp_cce/directory/wg_ram.macro_mem1.mem/addr_in[2]
[WARNING DRT-0419] No routing tracks pass through the center of Term multi_top/me/genblk1_0__bp_cce_top/bp_cce/directory/wg_ram.macro_mem1.mem/addr_in[3]
[WARNING DRT-0419] No routing tracks pass through the center of Term multi_top/me/genblk1_0__bp_cce_top/bp_cce/directory/wg_ram.macro_mem1.mem/addr_in[4]
[WARNING DRT-0419] No routing tracks pass through the center of Term multi_top/me/genblk1_0__bp_cce_top/bp_cce/directory/wg_ram.macro_mem1.mem/addr_in[5]
[WARNING DRT-0419] No routing tracks pass through the center of Term multi_top/me/genblk1_0__bp_cce_top/bp_cce/directory/wg_ram.macro_mem1.mem/we_in
[WARNING DRT-0419] No routing tracks pass through the center of Term multi_top/me/genblk1_0__bp_cce_top/bp_cce/directory/wg_ram.macro_mem1.mem/ce_in
[WARNING DRT-0419] No routing tracks pass through the center of Term multi_top/me/genblk1_0__bp_cce_top/bp_cce/directory/wg_ram.macro_mem1.mem/clk
[WARNING DRT-0419] No routing tracks pass through the center of Term multi_top/me/genblk1_0__bp_cce_top/bp_cce/pc_inst_ram/cce_inst_ram/macro_mem/mem/w_mask_in[0]
[WARNING DRT-0419] No routing tracks pass through the center of Term multi_top/me/genblk1_0__bp_cce_top/bp_cce/pc_inst_ram/cce_inst_ram/macro_mem/mem/w_mask_in[1]
[WARNING DRT-0419] No routing tracks pass through the center of Term multi_top/me/genblk1_0__bp_cce_top/bp_cce/pc_inst_ram/cce_inst_ram/macro_mem/mem/w_mask_in[2]
[WARNING DRT-0419] No routing tracks pass through the center of Term multi_top/me/genblk1_0__bp_cce_top/bp_cce/pc_inst_ram/cce_inst_ram/macro_mem/mem/w_mask_in[3]
[WARNING DRT-0419] No routing tracks pass through the center of Term multi_top/me/genblk1_0__bp_cce_top/bp_cce/pc_inst_ram/cce_inst_ram/macro_mem/mem/w_mask_in[4]
[WARNING DRT-0419] No routing tracks pass through the center of Term multi_top/me/genblk1_0__bp_cce_top/bp_cce/pc_inst_ram/cce_inst_ram/macro_mem/mem/w_mask_in[5]
[WARNING DRT-0419] No routing tracks pass through the center of Term multi_top/me/genblk1_0__bp_cce_top/bp_cce/pc_inst_ram/cce_inst_ram/macro_mem/mem/w_mask_in[6]
[WARNING DRT-0419] No routing tracks pass through the center of Term multi_top/me/genblk1_0__bp_cce_top/bp_cce/pc_inst_ram/cce_inst_ram/macro_mem/mem/w_mask_in[7]
[WARNING DRT-0419] No routing tracks pass through the center of Term multi_top/me/genblk1_0__bp_cce_top/bp_cce/pc_inst_ram/cce_inst_ram/macro_mem/mem/w_mask_in[8]
[WARNING DRT-0419] No routing tracks pass through the center of Term multi_top/me/genblk1_0__bp_cce_top/bp_cce/pc_inst_ram/cce_inst_ram/macro_mem/mem/w_mask_in[9]
[WARNING DRT-0419] No routing tracks pass through the center of Term multi_top/me/genblk1_0__bp_cce_top/bp_cce/pc_inst_ram/cce_inst_ram/macro_mem/mem/w_mask_in[10]
[WARNING DRT-0419] No routing tracks pass through the center of Term multi_top/me/genblk1_0__bp_cce_top/bp_cce/pc_inst_ram/cce_inst_ram/macro_mem/mem/w_mask_in[11]
[WARNING DRT-0419] No routing tracks pass through the center of Term multi_top/me/genblk1_0__bp_cce_top/bp_cce/pc_inst_ram/cce_inst_ram/macro_mem/mem/w_mask_in[12]
[WARNING DRT-0419] No routing tracks pass through the center of Term multi_top/me/genblk1_0__bp_cce_top/bp_cce/pc_inst_ram/cce_inst_ram/macro_mem/mem/w_mask_in[13]
[WARNING DRT-0419] No routing tracks pass through the center of Term multi_top/me/genblk1_0__bp_cce_top/bp_cce/pc_inst_ram/cce_inst_ram/macro_mem/mem/w_mask_in[14]
[WARNING DRT-0419] No routing tracks pass through the center of Term multi_top/me/genblk1_0__bp_cce_top/bp_cce/pc_inst_ram/cce_inst_ram/macro_mem/mem/w_mask_in[15]
[WARNING DRT-0419] No routing tracks pass through the center of Term multi_top/me/genblk1_0__bp_cce_top/bp_cce/pc_inst_ram/cce_inst_ram/macro_mem/mem/w_mask_in[16]
[WARNING DRT-0419] No routing tracks pass through the center of Term multi_top/me/genblk1_0__bp_cce_top/bp_cce/pc_inst_ram/cce_inst_ram/macro_mem/mem/w_mask_in[17]
[WARNING DRT-0419] No routing tracks pass through the center of Term multi_top/me/genblk1_0__bp_cce_top/bp_cce/pc_inst_ram/cce_inst_ram/macro_mem/mem/w_mask_in[18]
[WARNING DRT-0419] No routing tracks pass through the center of Term multi_top/me/genblk1_0__bp_cce_top/bp_cce/pc_inst_ram/cce_inst_ram/macro_mem/mem/w_mask_in[19]
[WARNING DRT-0419] No routing tracks pass through the center of Term multi_top/me/genblk1_0__bp_cce_top/bp_cce/pc_inst_ram/cce_inst_ram/macro_mem/mem/w_mask_in[20]
[WARNING DRT-0419] No routing tracks pass through the center of Term multi_top/me/genblk1_0__bp_cce_top/bp_cce/pc_inst_ram/cce_inst_ram/macro_mem/mem/w_mask_in[21]
[WARNING DRT-0419] No routing tracks pass through the center of Term multi_top/me/genblk1_0__bp_cce_top/bp_cce/pc_inst_ram/cce_inst_ram/macro_mem/mem/w_mask_in[22]
[WARNING DRT-0419] No routing tracks pass through the center of Term multi_top/me/genblk1_0__bp_cce_top/bp_cce/pc_inst_ram/cce_inst_ram/macro_mem/mem/w_mask_in[23]
[WARNING DRT-0419] No routing tracks pass through the center of Term multi_top/me/genblk1_0__bp_cce_top/bp_cce/pc_inst_ram/cce_inst_ram/macro_mem/mem/w_mask_in[24]
[WARNING DRT-0419] No routing tracks pass through the center of Term multi_top/me/genblk1_0__bp_cce_top/bp_cce/pc_inst_ram/cce_inst_ram/macro_mem/mem/w_mask_in[25]
[WARNING DRT-0419] No routing tracks pass through the center of Term multi_top/me/genblk1_0__bp_cce_top/bp_cce/pc_inst_ram/cce_inst_ram/macro_mem/mem/w_mask_in[26]
[WARNING DRT-0419] No routing tracks pass through the center of Term multi_top/me/genblk1_0__bp_cce_top/bp_cce/pc_inst_ram/cce_inst_ram/macro_mem/mem/w_mask_in[27]
[WARNING DRT-0419] No routing tracks pass through the center of Term multi_top/me/genblk1_0__bp_cce_top/bp_cce/pc_inst_ram/cce_inst_ram/macro_mem/mem/w_mask_in[28]
[WARNING DRT-0419] No routing tracks pass through the center of Term multi_top/me/genblk1_0__bp_cce_top/bp_cce/pc_inst_ram/cce_inst_ram/macro_mem/mem/w_mask_in[29]
[WARNING DRT-0419] No routing tracks pass through the center of Term multi_top/me/genblk1_0__bp_cce_top/bp_cce/pc_inst_ram/cce_inst_ram/macro_mem/mem/w_mask_in[30]
[WARNING DRT-0419] No routing tracks pass through the center of Term multi_top/me/genblk1_0__bp_cce_top/bp_cce/pc_inst_ram/cce_inst_ram/macro_mem/mem/w_mask_in[31]
[WARNING DRT-0419] No routing tracks pass through the center of Term multi_top/me/genblk1_0__bp_cce_top/bp_cce/pc_inst_ram/cce_inst_ram/macro_mem/mem/w_mask_in[32]
[WARNING DRT-0419] No routing tracks pass through the center of Term multi_top/me/genblk1_0__bp_cce_top/bp_cce/pc_inst_ram/cce_inst_ram/macro_mem/mem/w_mask_in[33]
[WARNING DRT-0419] No routing tracks pass through the center of Term multi_top/me/genblk1_0__bp_cce_top/bp_cce/pc_inst_ram/cce_inst_ram/macro_mem/mem/w_mask_in[34]
[WARNING DRT-0419] No routing tracks pass through the center of Term multi_top/me/genblk1_0__bp_cce_top/bp_cce/pc_inst_ram/cce_inst_ram/macro_mem/mem/w_mask_in[35]
[WARNING DRT-0419] No routing tracks pass through the center of Term multi_top/me/genblk1_0__bp_cce_top/bp_cce/pc_inst_ram/cce_inst_ram/macro_mem/mem/w_mask_in[36]
[WARNING DRT-0419] No routing tracks pass through the center of Term multi_top/me/genblk1_0__bp_cce_top/bp_cce/pc_inst_ram/cce_inst_ram/macro_mem/mem/w_mask_in[37]
[WARNING DRT-0419] No routing tracks pass through the center of Term multi_top/me/genblk1_0__bp_cce_top/bp_cce/pc_inst_ram/cce_inst_ram/macro_mem/mem/w_mask_in[38]
[WARNING DRT-0419] No routing tracks pass through the center of Term multi_top/me/genblk1_0__bp_cce_top/bp_cce/pc_inst_ram/cce_inst_ram/macro_mem/mem/w_mask_in[39]
[WARNING DRT-0419] No routing tracks pass through the center of Term multi_top/me/genblk1_0__bp_cce_top/bp_cce/pc_inst_ram/cce_inst_ram/macro_mem/mem/w_mask_in[40]
[WARNING DRT-0419] No routing tracks pass through the center of Term multi_top/me/genblk1_0__bp_cce_top/bp_cce/pc_inst_ram/cce_inst_ram/macro_mem/mem/w_mask_in[41]
[WARNING DRT-0419] No routing tracks pass through the center of Term multi_top/me/genblk1_0__bp_cce_top/bp_cce/pc_inst_ram/cce_inst_ram/macro_mem/mem/w_mask_in[42]
[WARNING DRT-0419] No routing tracks pass through the center of Term multi_top/me/genblk1_0__bp_cce_top/bp_cce/pc_inst_ram/cce_inst_ram/macro_mem/mem/w_mask_in[43]
[WARNING DRT-0419] No routing tracks pass through the center of Term multi_top/me/genblk1_0__bp_cce_top/bp_cce/pc_inst_ram/cce_inst_ram/macro_mem/mem/w_mask_in[44]
[WARNING DRT-0419] No routing tracks pass through the center of Term multi_top/me/genblk1_0__bp_cce_top/bp_cce/pc_inst_ram/cce_inst_ram/macro_mem/mem/w_mask_in[45]
[WARNING DRT-0419] No routing tracks pass through the center of Term multi_top/me/genblk1_0__bp_cce_top/bp_cce/pc_inst_ram/cce_inst_ram/macro_mem/mem/w_mask_in[46]
[WARNING DRT-0419] No routing tracks pass through the center of Term multi_top/me/genblk1_0__bp_cce_top/bp_cce/pc_inst_ram/cce_inst_ram/macro_mem/mem/w_mask_in[47]
[WARNING DRT-0419] No routing tracks pass through the center of Term multi_top/me/genblk1_0__bp_cce_top/bp_cce/pc_inst_ram/cce_inst_ram/macro_mem/mem/w_mask_in[48]
[WARNING DRT-0419] No routing tracks pass through the center of Term multi_top/me/genblk1_0__bp_cce_top/bp_cce/pc_inst_ram/cce_inst_ram/macro_mem/mem/w_mask_in[49]
[WARNING DRT-0419] No routing tracks pass through the center of Term multi_top/me/genblk1_0__bp_cce_top/bp_cce/pc_inst_ram/cce_inst_ram/macro_mem/mem/w_mask_in[50]
[WARNING DRT-0419] No routing tracks pass through the center of Term multi_top/me/genblk1_0__bp_cce_top/bp_cce/pc_inst_ram/cce_inst_ram/macro_mem/mem/w_mask_in[51]
[WARNING DRT-0419] No routing tracks pass through the center of Term multi_top/me/genblk1_0__bp_cce_top/bp_cce/pc_inst_ram/cce_inst_ram/macro_mem/mem/w_mask_in[52]
[WARNING DRT-0419] No routing tracks pass through the center of Term multi_top/me/genblk1_0__bp_cce_top/bp_cce/pc_inst_ram/cce_inst_ram/macro_mem/mem/w_mask_in[53]
[WARNING DRT-0419] No routing tracks pass through the center of Term multi_top/me/genblk1_0__bp_cce_top/bp_cce/pc_inst_ram/cce_inst_ram/macro_mem/mem/w_mask_in[54]
[WARNING DRT-0419] No routing tracks pass through the center of Term multi_top/me/genblk1_0__bp_cce_top/bp_cce/pc_inst_ram/cce_inst_ram/macro_mem/mem/w_mask_in[55]
[WARNING DRT-0419] No routing tracks pass through the center of Term multi_top/me/genblk1_0__bp_cce_top/bp_cce/pc_inst_ram/cce_inst_ram/macro_mem/mem/w_mask_in[56]
[WARNING DRT-0419] No routing tracks pass through the center of Term multi_top/me/genblk1_0__bp_cce_top/bp_cce/pc_inst_ram/cce_inst_ram/macro_mem/mem/w_mask_in[57]
[WARNING DRT-0419] No routing tracks pass through the center of Term multi_top/me/genblk1_0__bp_cce_top/bp_cce/pc_inst_ram/cce_inst_ram/macro_mem/mem/w_mask_in[58]
[WARNING DRT-0419] No routing tracks pass through the center of Term multi_top/me/genblk1_0__bp_cce_top/bp_cce/pc_inst_ram/cce_inst_ram/macro_mem/mem/w_mask_in[59]
[WARNING DRT-0419] No routing tracks pass through the center of Term multi_top/me/genblk1_0__bp_cce_top/bp_cce/pc_inst_ram/cce_inst_ram/macro_mem/mem/w_mask_in[60]
[WARNING DRT-0419] No routing tracks pass through the center of Term multi_top/me/genblk1_0__bp_cce_top/bp_cce/pc_inst_ram/cce_inst_ram/macro_mem/mem/w_mask_in[61]
[WARNING DRT-0419] No routing tracks pass through the center of Term multi_top/me/genblk1_0__bp_cce_top/bp_cce/pc_inst_ram/cce_inst_ram/macro_mem/mem/w_mask_in[62]
[WARNING DRT-0419] No routing tracks pass through the center of Term multi_top/me/genblk1_0__bp_cce_top/bp_cce/pc_inst_ram/cce_inst_ram/macro_mem/mem/w_mask_in[63]
[WARNING DRT-0419] No routing tracks pass through the center of Term multi_top/me/genblk1_0__bp_cce_top/bp_cce/pc_inst_ram/cce_inst_ram/macro_mem/mem/w_mask_in[64]
[WARNING DRT-0419] No routing tracks pass through the center of Term multi_top/me/genblk1_0__bp_cce_top/bp_cce/pc_inst_ram/cce_inst_ram/macro_mem/mem/w_mask_in[65]
[WARNING DRT-0419] No routing tracks pass through the center of Term multi_top/me/genblk1_0__bp_cce_top/bp_cce/pc_inst_ram/cce_inst_ram/macro_mem/mem/w_mask_in[66]
[WARNING DRT-0419] No routing tracks pass through the center of Term multi_top/me/genblk1_0__bp_cce_top/bp_cce/pc_inst_ram/cce_inst_ram/macro_mem/mem/w_mask_in[67]
[WARNING DRT-0419] No routing tracks pass through the center of Term multi_top/me/genblk1_0__bp_cce_top/bp_cce/pc_inst_ram/cce_inst_ram/macro_mem/mem/w_mask_in[68]
[WARNING DRT-0419] No routing tracks pass through the center of Term multi_top/me/genblk1_0__bp_cce_top/bp_cce/pc_inst_ram/cce_inst_ram/macro_mem/mem/w_mask_in[69]
[WARNING DRT-0419] No routing tracks pass through the center of Term multi_top/me/genblk1_0__bp_cce_top/bp_cce/pc_inst_ram/cce_inst_ram/macro_mem/mem/w_mask_in[70]
[WARNING DRT-0419] No routing tracks pass through the center of Term multi_top/me/genblk1_0__bp_cce_top/bp_cce/pc_inst_ram/cce_inst_ram/macro_mem/mem/w_mask_in[71]
[WARNING DRT-0419] No routing tracks pass through the center of Term multi_top/me/genblk1_0__bp_cce_top/bp_cce/pc_inst_ram/cce_inst_ram/macro_mem/mem/w_mask_in[72]
[WARNING DRT-0419] No routing tracks pass through the center of Term multi_top/me/genblk1_0__bp_cce_top/bp_cce/pc_inst_ram/cce_inst_ram/macro_mem/mem/w_mask_in[73]
[WARNING DRT-0419] No routing tracks pass through the center of Term multi_top/me/genblk1_0__bp_cce_top/bp_cce/pc_inst_ram/cce_inst_ram/macro_mem/mem/w_mask_in[74]
[WARNING DRT-0419] No routing tracks pass through the center of Term multi_top/me/genblk1_0__bp_cce_top/bp_cce/pc_inst_ram/cce_inst_ram/macro_mem/mem/w_mask_in[75]
[WARNING DRT-0419] No routing tracks pass through the center of Term multi_top/me/genblk1_0__bp_cce_top/bp_cce/pc_inst_ram/cce_inst_ram/macro_mem/mem/w_mask_in[76]
[WARNING DRT-0419] No routing tracks pass through the center of Term multi_top/me/genblk1_0__bp_cce_top/bp_cce/pc_inst_ram/cce_inst_ram/macro_mem/mem/w_mask_in[77]
[WARNING DRT-0419] No routing tracks pass through the center of Term multi_top/me/genblk1_0__bp_cce_top/bp_cce/pc_inst_ram/cce_inst_ram/macro_mem/mem/w_mask_in[78]
[WARNING DRT-0419] No routing tracks pass through the center of Term multi_top/me/genblk1_0__bp_cce_top/bp_cce/pc_inst_ram/cce_inst_ram/macro_mem/mem/w_mask_in[79]
[WARNING DRT-0419] No routing tracks pass through the center of Term multi_top/me/genblk1_0__bp_cce_top/bp_cce/pc_inst_ram/cce_inst_ram/macro_mem/mem/w_mask_in[80]
[WARNING DRT-0419] No routing tracks pass through the center of Term multi_top/me/genblk1_0__bp_cce_top/bp_cce/pc_inst_ram/cce_inst_ram/macro_mem/mem/w_mask_in[81]
[WARNING DRT-0419] No routing tracks pass through the center of Term multi_top/me/genblk1_0__bp_cce_top/bp_cce/pc_inst_ram/cce_inst_ram/macro_mem/mem/w_mask_in[82]
[WARNING DRT-0419] No routing tracks pass through the center of Term multi_top/me/genblk1_0__bp_cce_top/bp_cce/pc_inst_ram/cce_inst_ram/macro_mem/mem/w_mask_in[83]
[WARNING DRT-0419] No routing tracks pass through the center of Term multi_top/me/genblk1_0__bp_cce_top/bp_cce/pc_inst_ram/cce_inst_ram/macro_mem/mem/w_mask_in[84]
[WARNING DRT-0419] No routing tracks pass through the center of Term multi_top/me/genblk1_0__bp_cce_top/bp_cce/pc_inst_ram/cce_inst_ram/macro_mem/mem/w_mask_in[85]
[WARNING DRT-0419] No routing tracks pass through the center of Term multi_top/me/genblk1_0__bp_cce_top/bp_cce/pc_inst_ram/cce_inst_ram/macro_mem/mem/w_mask_in[86]
[WARNING DRT-0419] No routing tracks pass through the center of Term multi_top/me/genblk1_0__bp_cce_top/bp_cce/pc_inst_ram/cce_inst_ram/macro_mem/mem/w_mask_in[87]
[WARNING DRT-0419] No routing tracks pass through the center of Term multi_top/me/genblk1_0__bp_cce_top/bp_cce/pc_inst_ram/cce_inst_ram/macro_mem/mem/w_mask_in[88]
[WARNING DRT-0419] No routing tracks pass through the center of Term multi_top/me/genblk1_0__bp_cce_top/bp_cce/pc_inst_ram/cce_inst_ram/macro_mem/mem/w_mask_in[89]
[WARNING DRT-0419] No routing tracks pass through the center of Term multi_top/me/genblk1_0__bp_cce_top/bp_cce/pc_inst_ram/cce_inst_ram/macro_mem/mem/w_mask_in[90]
[WARNING DRT-0419] No routing tracks pass through the center of Term multi_top/me/genblk1_0__bp_cce_top/bp_cce/pc_inst_ram/cce_inst_ram/macro_mem/mem/w_mask_in[91]
[WARNING DRT-0419] No routing tracks pass through the center of Term multi_top/me/genblk1_0__bp_cce_top/bp_cce/pc_inst_ram/cce_inst_ram/macro_mem/mem/w_mask_in[92]
[WARNING DRT-0419] No routing tracks pass through the center of Term multi_top/me/genblk1_0__bp_cce_top/bp_cce/pc_inst_ram/cce_inst_ram/macro_mem/mem/w_mask_in[93]
[WARNING DRT-0419] No routing tracks pass through the center of Term multi_top/me/genblk1_0__bp_cce_top/bp_cce/pc_inst_ram/cce_inst_ram/macro_mem/mem/w_mask_in[94]
[WARNING DRT-0419] No routing tracks pass through the center of Term multi_top/me/genblk1_0__bp_cce_top/bp_cce/pc_inst_ram/cce_inst_ram/macro_mem/mem/rd_out[0]
[WARNING DRT-0419] No routing tracks pass through the center of Term multi_top/me/genblk1_0__bp_cce_top/bp_cce/pc_inst_ram/cce_inst_ram/macro_mem/mem/rd_out[1]
[WARNING DRT-0419] No routing tracks pass through the center of Term multi_top/me/genblk1_0__bp_cce_top/bp_cce/pc_inst_ram/cce_inst_ram/macro_mem/mem/rd_out[2]
[WARNING DRT-0419] No routing tracks pass through the center of Term multi_top/me/genblk1_0__bp_cce_top/bp_cce/pc_inst_ram/cce_inst_ram/macro_mem/mem/rd_out[3]
[WARNING DRT-0419] No routing tracks pass through the center of Term multi_top/me/genblk1_0__bp_cce_top/bp_cce/pc_inst_ram/cce_inst_ram/macro_mem/mem/rd_out[4]
[WARNING DRT-0419] No routing tracks pass through the center of Term multi_top/me/genblk1_0__bp_cce_top/bp_cce/pc_inst_ram/cce_inst_ram/macro_mem/mem/rd_out[5]
[WARNING DRT-0419] No routing tracks pass through the center of Term multi_top/me/genblk1_0__bp_cce_top/bp_cce/pc_inst_ram/cce_inst_ram/macro_mem/mem/rd_out[6]
[WARNING DRT-0419] No routing tracks pass through the center of Term multi_top/me/genblk1_0__bp_cce_top/bp_cce/pc_inst_ram/cce_inst_ram/macro_mem/mem/rd_out[7]
[WARNING DRT-0419] No routing tracks pass through the center of Term multi_top/me/genblk1_0__bp_cce_top/bp_cce/pc_inst_ram/cce_inst_ram/macro_mem/mem/rd_out[8]
[WARNING DRT-0419] No routing tracks pass through the center of Term multi_top/me/genblk1_0__bp_cce_top/bp_cce/pc_inst_ram/cce_inst_ram/macro_mem/mem/rd_out[9]
[WARNING DRT-0419] No routing tracks pass through the center of Term multi_top/me/genblk1_0__bp_cce_top/bp_cce/pc_inst_ram/cce_inst_ram/macro_mem/mem/rd_out[10]
[WARNING DRT-0419] No routing tracks pass through the center of Term multi_top/me/genblk1_0__bp_cce_top/bp_cce/pc_inst_ram/cce_inst_ram/macro_mem/mem/rd_out[11]
[WARNING DRT-0419] No routing tracks pass through the center of Term multi_top/me/genblk1_0__bp_cce_top/bp_cce/pc_inst_ram/cce_inst_ram/macro_mem/mem/rd_out[12]
[WARNING DRT-0419] No routing tracks pass through the center of Term multi_top/me/genblk1_0__bp_cce_top/bp_cce/pc_inst_ram/cce_inst_ram/macro_mem/mem/rd_out[13]
[WARNING DRT-0419] No routing tracks pass through the center of Term multi_top/me/genblk1_0__bp_cce_top/bp_cce/pc_inst_ram/cce_inst_ram/macro_mem/mem/rd_out[14]
[WARNING DRT-0419] No routing tracks pass through the center of Term multi_top/me/genblk1_0__bp_cce_top/bp_cce/pc_inst_ram/cce_inst_ram/macro_mem/mem/rd_out[15]
[WARNING DRT-0419] No routing tracks pass through the center of Term multi_top/me/genblk1_0__bp_cce_top/bp_cce/pc_inst_ram/cce_inst_ram/macro_mem/mem/rd_out[16]
[WARNING DRT-0419] No routing tracks pass through the center of Term multi_top/me/genblk1_0__bp_cce_top/bp_cce/pc_inst_ram/cce_inst_ram/macro_mem/mem/rd_out[17]
[WARNING DRT-0419] No routing tracks pass through the center of Term multi_top/me/genblk1_0__bp_cce_top/bp_cce/pc_inst_ram/cce_inst_ram/macro_mem/mem/rd_out[18]
[WARNING DRT-0419] No routing tracks pass through the center of Term multi_top/me/genblk1_0__bp_cce_top/bp_cce/pc_inst_ram/cce_inst_ram/macro_mem/mem/rd_out[19]
[WARNING DRT-0419] No routing tracks pass through the center of Term multi_top/me/genblk1_0__bp_cce_top/bp_cce/pc_inst_ram/cce_inst_ram/macro_mem/mem/rd_out[20]
[WARNING DRT-0419] No routing tracks pass through the center of Term multi_top/me/genblk1_0__bp_cce_top/bp_cce/pc_inst_ram/cce_inst_ram/macro_mem/mem/rd_out[21]
[WARNING DRT-0419] No routing tracks pass through the center of Term multi_top/me/genblk1_0__bp_cce_top/bp_cce/pc_inst_ram/cce_inst_ram/macro_mem/mem/rd_out[22]
[WARNING DRT-0419] No routing tracks pass through the center of Term multi_top/me/genblk1_0__bp_cce_top/bp_cce/pc_inst_ram/cce_inst_ram/macro_mem/mem/rd_out[23]
[WARNING DRT-0419] No routing tracks pass through the center of Term multi_top/me/genblk1_0__bp_cce_top/bp_cce/pc_inst_ram/cce_inst_ram/macro_mem/mem/rd_out[24]
[WARNING DRT-0419] No routing tracks pass through the center of Term multi_top/me/genblk1_0__bp_cce_top/bp_cce/pc_inst_ram/cce_inst_ram/macro_mem/mem/rd_out[25]
[WARNING DRT-0419] No routing tracks pass through the center of Term multi_top/me/genblk1_0__bp_cce_top/bp_cce/pc_inst_ram/cce_inst_ram/macro_mem/mem/rd_out[26]
[WARNING DRT-0419] No routing tracks pass through the center of Term multi_top/me/genblk1_0__bp_cce_top/bp_cce/pc_inst_ram/cce_inst_ram/macro_mem/mem/rd_out[27]
[WARNING DRT-0419] No routing tracks pass through the center of Term multi_top/me/genblk1_0__bp_cce_top/bp_cce/pc_inst_ram/cce_inst_ram/macro_mem/mem/rd_out[28]
[WARNING DRT-0419] No routing tracks pass through the center of Term multi_top/me/genblk1_0__bp_cce_top/bp_cce/pc_inst_ram/cce_inst_ram/macro_mem/mem/rd_out[29]
[WARNING DRT-0419] No routing tracks pass through the center of Term multi_top/me/genblk1_0__bp_cce_top/bp_cce/pc_inst_ram/cce_inst_ram/macro_mem/mem/rd_out[30]
[WARNING DRT-0419] No routing tracks pass through the center of Term multi_top/me/genblk1_0__bp_cce_top/bp_cce/pc_inst_ram/cce_inst_ram/macro_mem/mem/rd_out[31]
[WARNING DRT-0419] No routing tracks pass through the center of Term multi_top/me/genblk1_0__bp_cce_top/bp_cce/pc_inst_ram/cce_inst_ram/macro_mem/mem/rd_out[32]
[WARNING DRT-0419] No routing tracks pass through the center of Term multi_top/me/genblk1_0__bp_cce_top/bp_cce/pc_inst_ram/cce_inst_ram/macro_mem/mem/rd_out[33]
[WARNING DRT-0419] No routing tracks pass through the center of Term multi_top/me/genblk1_0__bp_cce_top/bp_cce/pc_inst_ram/cce_inst_ram/macro_mem/mem/rd_out[34]
[WARNING DRT-0419] No routing tracks pass through the center of Term multi_top/me/genblk1_0__bp_cce_top/bp_cce/pc_inst_ram/cce_inst_ram/macro_mem/mem/rd_out[35]
[WARNING DRT-0419] No routing tracks pass through the center of Term multi_top/me/genblk1_0__bp_cce_top/bp_cce/pc_inst_ram/cce_inst_ram/macro_mem/mem/rd_out[36]
[WARNING DRT-0419] No routing tracks pass through the center of Term multi_top/me/genblk1_0__bp_cce_top/bp_cce/pc_inst_ram/cce_inst_ram/macro_mem/mem/rd_out[37]
[WARNING DRT-0419] No routing tracks pass through the center of Term multi_top/me/genblk1_0__bp_cce_top/bp_cce/pc_inst_ram/cce_inst_ram/macro_mem/mem/rd_out[38]
[WARNING DRT-0419] No routing tracks pass through the center of Term multi_top/me/genblk1_0__bp_cce_top/bp_cce/pc_inst_ram/cce_inst_ram/macro_mem/mem/rd_out[39]
[WARNING DRT-0419] No routing tracks pass through the center of Term multi_top/me/genblk1_0__bp_cce_top/bp_cce/pc_inst_ram/cce_inst_ram/macro_mem/mem/rd_out[40]
[WARNING DRT-0419] No routing tracks pass through the center of Term multi_top/me/genblk1_0__bp_cce_top/bp_cce/pc_inst_ram/cce_inst_ram/macro_mem/mem/rd_out[41]
[WARNING DRT-0419] No routing tracks pass through the center of Term multi_top/me/genblk1_0__bp_cce_top/bp_cce/pc_inst_ram/cce_inst_ram/macro_mem/mem/rd_out[42]
[WARNING DRT-0419] No routing tracks pass through the center of Term multi_top/me/genblk1_0__bp_cce_top/bp_cce/pc_inst_ram/cce_inst_ram/macro_mem/mem/rd_out[43]
[WARNING DRT-0419] No routing tracks pass through the center of Term multi_top/me/genblk1_0__bp_cce_top/bp_cce/pc_inst_ram/cce_inst_ram/macro_mem/mem/rd_out[44]
[WARNING DRT-0419] No routing tracks pass through the center of Term multi_top/me/genblk1_0__bp_cce_top/bp_cce/pc_inst_ram/cce_inst_ram/macro_mem/mem/rd_out[45]
[WARNING DRT-0419] No routing tracks pass through the center of Term multi_top/me/genblk1_0__bp_cce_top/bp_cce/pc_inst_ram/cce_inst_ram/macro_mem/mem/rd_out[46]
[WARNING DRT-0419] No routing tracks pass through the center of Term multi_top/me/genblk1_0__bp_cce_top/bp_cce/pc_inst_ram/cce_inst_ram/macro_mem/mem/rd_out[47]
[WARNING DRT-0419] No routing tracks pass through the center of Term multi_top/me/genblk1_0__bp_cce_top/bp_cce/pc_inst_ram/cce_inst_ram/macro_mem/mem/rd_out[48]
[WARNING DRT-0419] No routing tracks pass through the center of Term multi_top/me/genblk1_0__bp_cce_top/bp_cce/pc_inst_ram/cce_inst_ram/macro_mem/mem/rd_out[49]
[WARNING DRT-0419] No routing tracks pass through the center of Term multi_top/me/genblk1_0__bp_cce_top/bp_cce/pc_inst_ram/cce_inst_ram/macro_mem/mem/rd_out[50]
[WARNING DRT-0419] No routing tracks pass through the center of Term multi_top/me/genblk1_0__bp_cce_top/bp_cce/pc_inst_ram/cce_inst_ram/macro_mem/mem/rd_out[51]
[WARNING DRT-0419] No routing tracks pass through the center of Term multi_top/me/genblk1_0__bp_cce_top/bp_cce/pc_inst_ram/cce_inst_ram/macro_mem/mem/rd_out[52]
[WARNING DRT-0419] No routing tracks pass through the center of Term multi_top/me/genblk1_0__bp_cce_top/bp_cce/pc_inst_ram/cce_inst_ram/macro_mem/mem/rd_out[53]
[WARNING DRT-0419] No routing tracks pass through the center of Term multi_top/me/genblk1_0__bp_cce_top/bp_cce/pc_inst_ram/cce_inst_ram/macro_mem/mem/rd_out[54]
[WARNING DRT-0419] No routing tracks pass through the center of Term multi_top/me/genblk1_0__bp_cce_top/bp_cce/pc_inst_ram/cce_inst_ram/macro_mem/mem/rd_out[55]
[WARNING DRT-0419] No routing tracks pass through the center of Term multi_top/me/genblk1_0__bp_cce_top/bp_cce/pc_inst_ram/cce_inst_ram/macro_mem/mem/rd_out[56]
[WARNING DRT-0419] No routing tracks pass through the center of Term multi_top/me/genblk1_0__bp_cce_top/bp_cce/pc_inst_ram/cce_inst_ram/macro_mem/mem/rd_out[57]
[WARNING DRT-0419] No routing tracks pass through the center of Term multi_top/me/genblk1_0__bp_cce_top/bp_cce/pc_inst_ram/cce_inst_ram/macro_mem/mem/rd_out[58]
[WARNING DRT-0419] No routing tracks pass through the center of Term multi_top/me/genblk1_0__bp_cce_top/bp_cce/pc_inst_ram/cce_inst_ram/macro_mem/mem/rd_out[59]
[WARNING DRT-0419] No routing tracks pass through the center of Term multi_top/me/genblk1_0__bp_cce_top/bp_cce/pc_inst_ram/cce_inst_ram/macro_mem/mem/rd_out[60]
[WARNING DRT-0419] No routing tracks pass through the center of Term multi_top/me/genblk1_0__bp_cce_top/bp_cce/pc_inst_ram/cce_inst_ram/macro_mem/mem/rd_out[61]
[WARNING DRT-0419] No routing tracks pass through the center of Term multi_top/me/genblk1_0__bp_cce_top/bp_cce/pc_inst_ram/cce_inst_ram/macro_mem/mem/rd_out[62]
[WARNING DRT-0419] No routing tracks pass through the center of Term multi_top/me/genblk1_0__bp_cce_top/bp_cce/pc_inst_ram/cce_inst_ram/macro_mem/mem/rd_out[63]
[WARNING DRT-0419] No routing tracks pass through the center of Term multi_top/me/genblk1_0__bp_cce_top/bp_cce/pc_inst_ram/cce_inst_ram/macro_mem/mem/rd_out[64]
[WARNING DRT-0419] No routing tracks pass through the center of Term multi_top/me/genblk1_0__bp_cce_top/bp_cce/pc_inst_ram/cce_inst_ram/macro_mem/mem/rd_out[65]
[WARNING DRT-0419] No routing tracks pass through the center of Term multi_top/me/genblk1_0__bp_cce_top/bp_cce/pc_inst_ram/cce_inst_ram/macro_mem/mem/rd_out[66]
[WARNING DRT-0419] No routing tracks pass through the center of Term multi_top/me/genblk1_0__bp_cce_top/bp_cce/pc_inst_ram/cce_inst_ram/macro_mem/mem/rd_out[67]
[WARNING DRT-0419] No routing tracks pass through the center of Term multi_top/me/genblk1_0__bp_cce_top/bp_cce/pc_inst_ram/cce_inst_ram/macro_mem/mem/rd_out[68]
[WARNING DRT-0419] No routing tracks pass through the center of Term multi_top/me/genblk1_0__bp_cce_top/bp_cce/pc_inst_ram/cce_inst_ram/macro_mem/mem/rd_out[69]
[WARNING DRT-0419] No routing tracks pass through the center of Term multi_top/me/genblk1_0__bp_cce_top/bp_cce/pc_inst_ram/cce_inst_ram/macro_mem/mem/rd_out[70]
[WARNING DRT-0419] No routing tracks pass through the center of Term multi_top/me/genblk1_0__bp_cce_top/bp_cce/pc_inst_ram/cce_inst_ram/macro_mem/mem/rd_out[71]
[WARNING DRT-0419] No routing tracks pass through the center of Term multi_top/me/genblk1_0__bp_cce_top/bp_cce/pc_inst_ram/cce_inst_ram/macro_mem/mem/rd_out[72]
[WARNING DRT-0419] No routing tracks pass through the center of Term multi_top/me/genblk1_0__bp_cce_top/bp_cce/pc_inst_ram/cce_inst_ram/macro_mem/mem/rd_out[73]
[WARNING DRT-0419] No routing tracks pass through the center of Term multi_top/me/genblk1_0__bp_cce_top/bp_cce/pc_inst_ram/cce_inst_ram/macro_mem/mem/rd_out[74]
[WARNING DRT-0419] No routing tracks pass through the center of Term multi_top/me/genblk1_0__bp_cce_top/bp_cce/pc_inst_ram/cce_inst_ram/macro_mem/mem/rd_out[75]
[WARNING DRT-0419] No routing tracks pass through the center of Term multi_top/me/genblk1_0__bp_cce_top/bp_cce/pc_inst_ram/cce_inst_ram/macro_mem/mem/rd_out[76]
[WARNING DRT-0419] No routing tracks pass through the center of Term multi_top/me/genblk1_0__bp_cce_top/bp_cce/pc_inst_ram/cce_inst_ram/macro_mem/mem/rd_out[77]
[WARNING DRT-0419] No routing tracks pass through the center of Term multi_top/me/genblk1_0__bp_cce_top/bp_cce/pc_inst_ram/cce_inst_ram/macro_mem/mem/rd_out[78]
[WARNING DRT-0419] No routing tracks pass through the center of Term multi_top/me/genblk1_0__bp_cce_top/bp_cce/pc_inst_ram/cce_inst_ram/macro_mem/mem/rd_out[79]
[WARNING DRT-0419] No routing tracks pass through the center of Term multi_top/me/genblk1_0__bp_cce_top/bp_cce/pc_inst_ram/cce_inst_ram/macro_mem/mem/rd_out[80]
[WARNING DRT-0419] No routing tracks pass through the center of Term multi_top/me/genblk1_0__bp_cce_top/bp_cce/pc_inst_ram/cce_inst_ram/macro_mem/mem/rd_out[81]
[WARNING DRT-0419] No routing tracks pass through the center of Term multi_top/me/genblk1_0__bp_cce_top/bp_cce/pc_inst_ram/cce_inst_ram/macro_mem/mem/rd_out[82]
[WARNING DRT-0419] No routing tracks pass through the center of Term multi_top/me/genblk1_0__bp_cce_top/bp_cce/pc_inst_ram/cce_inst_ram/macro_mem/mem/rd_out[83]
[WARNING DRT-0419] No routing tracks pass through the center of Term multi_top/me/genblk1_0__bp_cce_top/bp_cce/pc_inst_ram/cce_inst_ram/macro_mem/mem/rd_out[84]
[WARNING DRT-0419] No routing tracks pass through the center of Term multi_top/me/genblk1_0__bp_cce_top/bp_cce/pc_inst_ram/cce_inst_ram/macro_mem/mem/rd_out[85]
[WARNING DRT-0419] No routing tracks pass through the center of Term multi_top/me/genblk1_0__bp_cce_top/bp_cce/pc_inst_ram/cce_inst_ram/macro_mem/mem/rd_out[86]
[WARNING DRT-0419] No routing tracks pass through the center of Term multi_top/me/genblk1_0__bp_cce_top/bp_cce/pc_inst_ram/cce_inst_ram/macro_mem/mem/rd_out[87]
[WARNING DRT-0419] No routing tracks pass through the center of Term multi_top/me/genblk1_0__bp_cce_top/bp_cce/pc_inst_ram/cce_inst_ram/macro_mem/mem/rd_out[88]
[WARNING DRT-0419] No routing tracks pass through the center of Term multi_top/me/genblk1_0__bp_cce_top/bp_cce/pc_inst_ram/cce_inst_ram/macro_mem/mem/rd_out[89]
[WARNING DRT-0419] No routing tracks pass through the center of Term multi_top/me/genblk1_0__bp_cce_top/bp_cce/pc_inst_ram/cce_inst_ram/macro_mem/mem/rd_out[90]
[WARNING DRT-0419] No routing tracks pass through the center of Term multi_top/me/genblk1_0__bp_cce_top/bp_cce/pc_inst_ram/cce_inst_ram/macro_mem/mem/rd_out[91]
[WARNING DRT-0419] No routing tracks pass through the center of Term multi_top/me/genblk1_0__bp_cce_top/bp_cce/pc_inst_ram/cce_inst_ram/macro_mem/mem/rd_out[92]
[WARNING DRT-0419] No routing tracks pass through the center of Term multi_top/me/genblk1_0__bp_cce_top/bp_cce/pc_inst_ram/cce_inst_ram/macro_mem/mem/rd_out[93]
[WARNING DRT-0419] No routing tracks pass through the center of Term multi_top/me/genblk1_0__bp_cce_top/bp_cce/pc_inst_ram/cce_inst_ram/macro_mem/mem/rd_out[94]
[WARNING DRT-0419] No routing tracks pass through the center of Term multi_top/me/genblk1_0__bp_cce_top/bp_cce/pc_inst_ram/cce_inst_ram/macro_mem/mem/wd_in[0]
[WARNING DRT-0419] No routing tracks pass through the center of Term multi_top/me/genblk1_0__bp_cce_top/bp_cce/pc_inst_ram/cce_inst_ram/macro_mem/mem/wd_in[1]
[WARNING DRT-0419] No routing tracks pass through the center of Term multi_top/me/genblk1_0__bp_cce_top/bp_cce/pc_inst_ram/cce_inst_ram/macro_mem/mem/wd_in[2]
[WARNING DRT-0419] No routing tracks pass through the center of Term multi_top/me/genblk1_0__bp_cce_top/bp_cce/pc_inst_ram/cce_inst_ram/macro_mem/mem/wd_in[3]
[WARNING DRT-0419] No routing tracks pass through the center of Term multi_top/me/genblk1_0__bp_cce_top/bp_cce/pc_inst_ram/cce_inst_ram/macro_mem/mem/wd_in[4]
[WARNING DRT-0419] No routing tracks pass through the center of Term multi_top/me/genblk1_0__bp_cce_top/bp_cce/pc_inst_ram/cce_inst_ram/macro_mem/mem/wd_in[5]
[WARNING DRT-0419] No routing tracks pass through the center of Term multi_top/me/genblk1_0__bp_cce_top/bp_cce/pc_inst_ram/cce_inst_ram/macro_mem/mem/wd_in[6]
[WARNING DRT-0419] No routing tracks pass through the center of Term multi_top/me/genblk1_0__bp_cce_top/bp_cce/pc_inst_ram/cce_inst_ram/macro_mem/mem/wd_in[7]
[WARNING DRT-0419] No routing tracks pass through the center of Term multi_top/me/genblk1_0__bp_cce_top/bp_cce/pc_inst_ram/cce_inst_ram/macro_mem/mem/wd_in[8]
[WARNING DRT-0419] No routing tracks pass through the center of Term multi_top/me/genblk1_0__bp_cce_top/bp_cce/pc_inst_ram/cce_inst_ram/macro_mem/mem/wd_in[9]
[WARNING DRT-0419] No routing tracks pass through the center of Term multi_top/me/genblk1_0__bp_cce_top/bp_cce/pc_inst_ram/cce_inst_ram/macro_mem/mem/wd_in[10]
[WARNING DRT-0419] No routing tracks pass through the center of Term multi_top/me/genblk1_0__bp_cce_top/bp_cce/pc_inst_ram/cce_inst_ram/macro_mem/mem/wd_in[11]
[WARNING DRT-0419] No routing tracks pass through the center of Term multi_top/me/genblk1_0__bp_cce_top/bp_cce/pc_inst_ram/cce_inst_ram/macro_mem/mem/wd_in[12]
[WARNING DRT-0419] No routing tracks pass through the center of Term multi_top/me/genblk1_0__bp_cce_top/bp_cce/pc_inst_ram/cce_inst_ram/macro_mem/mem/wd_in[13]
[WARNING DRT-0419] No routing tracks pass through the center of Term multi_top/me/genblk1_0__bp_cce_top/bp_cce/pc_inst_ram/cce_inst_ram/macro_mem/mem/wd_in[14]
[WARNING DRT-0419] No routing tracks pass through the center of Term multi_top/me/genblk1_0__bp_cce_top/bp_cce/pc_inst_ram/cce_inst_ram/macro_mem/mem/wd_in[15]
[WARNING DRT-0419] No routing tracks pass through the center of Term multi_top/me/genblk1_0__bp_cce_top/bp_cce/pc_inst_ram/cce_inst_ram/macro_mem/mem/wd_in[16]
[WARNING DRT-0419] No routing tracks pass through the center of Term multi_top/me/genblk1_0__bp_cce_top/bp_cce/pc_inst_ram/cce_inst_ram/macro_mem/mem/wd_in[17]
[WARNING DRT-0419] No routing tracks pass through the center of Term multi_top/me/genblk1_0__bp_cce_top/bp_cce/pc_inst_ram/cce_inst_ram/macro_mem/mem/wd_in[18]
[WARNING DRT-0419] No routing tracks pass through the center of Term multi_top/me/genblk1_0__bp_cce_top/bp_cce/pc_inst_ram/cce_inst_ram/macro_mem/mem/wd_in[19]
[WARNING DRT-0419] No routing tracks pass through the center of Term multi_top/me/genblk1_0__bp_cce_top/bp_cce/pc_inst_ram/cce_inst_ram/macro_mem/mem/wd_in[20]
[WARNING DRT-0419] No routing tracks pass through the center of Term multi_top/me/genblk1_0__bp_cce_top/bp_cce/pc_inst_ram/cce_inst_ram/macro_mem/mem/wd_in[21]
[WARNING DRT-0419] No routing tracks pass through the center of Term multi_top/me/genblk1_0__bp_cce_top/bp_cce/pc_inst_ram/cce_inst_ram/macro_mem/mem/wd_in[22]
[WARNING DRT-0419] No routing tracks pass through the center of Term multi_top/me/genblk1_0__bp_cce_top/bp_cce/pc_inst_ram/cce_inst_ram/macro_mem/mem/wd_in[23]
[WARNING DRT-0419] No routing tracks pass through the center of Term multi_top/me/genblk1_0__bp_cce_top/bp_cce/pc_inst_ram/cce_inst_ram/macro_mem/mem/wd_in[24]
[WARNING DRT-0419] No routing tracks pass through the center of Term multi_top/me/genblk1_0__bp_cce_top/bp_cce/pc_inst_ram/cce_inst_ram/macro_mem/mem/wd_in[25]
[WARNING DRT-0419] No routing tracks pass through the center of Term multi_top/me/genblk1_0__bp_cce_top/bp_cce/pc_inst_ram/cce_inst_ram/macro_mem/mem/wd_in[26]
[WARNING DRT-0419] No routing tracks pass through the center of Term multi_top/me/genblk1_0__bp_cce_top/bp_cce/pc_inst_ram/cce_inst_ram/macro_mem/mem/wd_in[27]
[WARNING DRT-0419] No routing tracks pass through the center of Term multi_top/me/genblk1_0__bp_cce_top/bp_cce/pc_inst_ram/cce_inst_ram/macro_mem/mem/wd_in[28]
[WARNING DRT-0419] No routing tracks pass through the center of Term multi_top/me/genblk1_0__bp_cce_top/bp_cce/pc_inst_ram/cce_inst_ram/macro_mem/mem/wd_in[29]
[WARNING DRT-0419] No routing tracks pass through the center of Term multi_top/me/genblk1_0__bp_cce_top/bp_cce/pc_inst_ram/cce_inst_ram/macro_mem/mem/wd_in[30]
[WARNING DRT-0419] No routing tracks pass through the center of Term multi_top/me/genblk1_0__bp_cce_top/bp_cce/pc_inst_ram/cce_inst_ram/macro_mem/mem/wd_in[31]
[WARNING DRT-0419] No routing tracks pass through the center of Term multi_top/me/genblk1_0__bp_cce_top/bp_cce/pc_inst_ram/cce_inst_ram/macro_mem/mem/wd_in[32]
[WARNING DRT-0419] No routing tracks pass through the center of Term multi_top/me/genblk1_0__bp_cce_top/bp_cce/pc_inst_ram/cce_inst_ram/macro_mem/mem/wd_in[33]
[WARNING DRT-0419] No routing tracks pass through the center of Term multi_top/me/genblk1_0__bp_cce_top/bp_cce/pc_inst_ram/cce_inst_ram/macro_mem/mem/wd_in[34]
[WARNING DRT-0419] No routing tracks pass through the center of Term multi_top/me/genblk1_0__bp_cce_top/bp_cce/pc_inst_ram/cce_inst_ram/macro_mem/mem/wd_in[35]
[WARNING DRT-0419] No routing tracks pass through the center of Term multi_top/me/genblk1_0__bp_cce_top/bp_cce/pc_inst_ram/cce_inst_ram/macro_mem/mem/wd_in[36]
[WARNING DRT-0419] No routing tracks pass through the center of Term multi_top/me/genblk1_0__bp_cce_top/bp_cce/pc_inst_ram/cce_inst_ram/macro_mem/mem/wd_in[37]
[WARNING DRT-0419] No routing tracks pass through the center of Term multi_top/me/genblk1_0__bp_cce_top/bp_cce/pc_inst_ram/cce_inst_ram/macro_mem/mem/wd_in[38]
[WARNING DRT-0419] No routing tracks pass through the center of Term multi_top/me/genblk1_0__bp_cce_top/bp_cce/pc_inst_ram/cce_inst_ram/macro_mem/mem/wd_in[39]
[WARNING DRT-0419] No routing tracks pass through the center of Term multi_top/me/genblk1_0__bp_cce_top/bp_cce/pc_inst_ram/cce_inst_ram/macro_mem/mem/wd_in[40]
[WARNING DRT-0419] No routing tracks pass through the center of Term multi_top/me/genblk1_0__bp_cce_top/bp_cce/pc_inst_ram/cce_inst_ram/macro_mem/mem/wd_in[41]
[WARNING DRT-0419] No routing tracks pass through the center of Term multi_top/me/genblk1_0__bp_cce_top/bp_cce/pc_inst_ram/cce_inst_ram/macro_mem/mem/wd_in[42]
[WARNING DRT-0419] No routing tracks pass through the center of Term multi_top/me/genblk1_0__bp_cce_top/bp_cce/pc_inst_ram/cce_inst_ram/macro_mem/mem/wd_in[43]
[WARNING DRT-0419] No routing tracks pass through the center of Term multi_top/me/genblk1_0__bp_cce_top/bp_cce/pc_inst_ram/cce_inst_ram/macro_mem/mem/wd_in[44]
[WARNING DRT-0419] No routing tracks pass through the center of Term multi_top/me/genblk1_0__bp_cce_top/bp_cce/pc_inst_ram/cce_inst_ram/macro_mem/mem/wd_in[45]
[WARNING DRT-0419] No routing tracks pass through the center of Term multi_top/me/genblk1_0__bp_cce_top/bp_cce/pc_inst_ram/cce_inst_ram/macro_mem/mem/wd_in[46]
[WARNING DRT-0419] No routing tracks pass through the center of Term multi_top/me/genblk1_0__bp_cce_top/bp_cce/pc_inst_ram/cce_inst_ram/macro_mem/mem/wd_in[47]
[WARNING DRT-0419] No routing tracks pass through the center of Term multi_top/me/genblk1_0__bp_cce_top/bp_cce/pc_inst_ram/cce_inst_ram/macro_mem/mem/wd_in[48]
[WARNING DRT-0419] No routing tracks pass through the center of Term multi_top/me/genblk1_0__bp_cce_top/bp_cce/pc_inst_ram/cce_inst_ram/macro_mem/mem/wd_in[49]
[WARNING DRT-0419] No routing tracks pass through the center of Term multi_top/me/genblk1_0__bp_cce_top/bp_cce/pc_inst_ram/cce_inst_ram/macro_mem/mem/wd_in[50]
[WARNING DRT-0419] No routing tracks pass through the center of Term multi_top/me/genblk1_0__bp_cce_top/bp_cce/pc_inst_ram/cce_inst_ram/macro_mem/mem/wd_in[51]
[WARNING DRT-0419] No routing tracks pass through the center of Term multi_top/me/genblk1_0__bp_cce_top/bp_cce/pc_inst_ram/cce_inst_ram/macro_mem/mem/wd_in[52]
[WARNING DRT-0419] No routing tracks pass through the center of Term multi_top/me/genblk1_0__bp_cce_top/bp_cce/pc_inst_ram/cce_inst_ram/macro_mem/mem/wd_in[53]
[WARNING DRT-0419] No routing tracks pass through the center of Term multi_top/me/genblk1_0__bp_cce_top/bp_cce/pc_inst_ram/cce_inst_ram/macro_mem/mem/wd_in[54]
[WARNING DRT-0419] No routing tracks pass through the center of Term multi_top/me/genblk1_0__bp_cce_top/bp_cce/pc_inst_ram/cce_inst_ram/macro_mem/mem/wd_in[55]
[WARNING DRT-0419] No routing tracks pass through the center of Term multi_top/me/genblk1_0__bp_cce_top/bp_cce/pc_inst_ram/cce_inst_ram/macro_mem/mem/wd_in[56]
[WARNING DRT-0419] No routing tracks pass through the center of Term multi_top/me/genblk1_0__bp_cce_top/bp_cce/pc_inst_ram/cce_inst_ram/macro_mem/mem/wd_in[57]
[WARNING DRT-0419] No routing tracks pass through the center of Term multi_top/me/genblk1_0__bp_cce_top/bp_cce/pc_inst_ram/cce_inst_ram/macro_mem/mem/wd_in[58]
[WARNING DRT-0419] No routing tracks pass through the center of Term multi_top/me/genblk1_0__bp_cce_top/bp_cce/pc_inst_ram/cce_inst_ram/macro_mem/mem/wd_in[59]
[WARNING DRT-0419] No routing tracks pass through the center of Term multi_top/me/genblk1_0__bp_cce_top/bp_cce/pc_inst_ram/cce_inst_ram/macro_mem/mem/wd_in[60]
[WARNING DRT-0419] No routing tracks pass through the center of Term multi_top/me/genblk1_0__bp_cce_top/bp_cce/pc_inst_ram/cce_inst_ram/macro_mem/mem/wd_in[61]
[WARNING DRT-0419] No routing tracks pass through the center of Term multi_top/me/genblk1_0__bp_cce_top/bp_cce/pc_inst_ram/cce_inst_ram/macro_mem/mem/wd_in[62]
[WARNING DRT-0419] No routing tracks pass through the center of Term multi_top/me/genblk1_0__bp_cce_top/bp_cce/pc_inst_ram/cce_inst_ram/macro_mem/mem/wd_in[63]
[WARNING DRT-0419] No routing tracks pass through the center of Term multi_top/me/genblk1_0__bp_cce_top/bp_cce/pc_inst_ram/cce_inst_ram/macro_mem/mem/wd_in[64]
[WARNING DRT-0419] No routing tracks pass through the center of Term multi_top/me/genblk1_0__bp_cce_top/bp_cce/pc_inst_ram/cce_inst_ram/macro_mem/mem/wd_in[65]
[WARNING DRT-0419] No routing tracks pass through the center of Term multi_top/me/genblk1_0__bp_cce_top/bp_cce/pc_inst_ram/cce_inst_ram/macro_mem/mem/wd_in[66]
[WARNING DRT-0419] No routing tracks pass through the center of Term multi_top/me/genblk1_0__bp_cce_top/bp_cce/pc_inst_ram/cce_inst_ram/macro_mem/mem/wd_in[67]
[WARNING DRT-0419] No routing tracks pass through the center of Term multi_top/me/genblk1_0__bp_cce_top/bp_cce/pc_inst_ram/cce_inst_ram/macro_mem/mem/wd_in[68]
[WARNING DRT-0419] No routing tracks pass through the center of Term multi_top/me/genblk1_0__bp_cce_top/bp_cce/pc_inst_ram/cce_inst_ram/macro_mem/mem/wd_in[69]
[WARNING DRT-0419] No routing tracks pass through the center of Term multi_top/me/genblk1_0__bp_cce_top/bp_cce/pc_inst_ram/cce_inst_ram/macro_mem/mem/wd_in[70]
[WARNING DRT-0419] No routing tracks pass through the center of Term multi_top/me/genblk1_0__bp_cce_top/bp_cce/pc_inst_ram/cce_inst_ram/macro_mem/mem/wd_in[71]
[WARNING DRT-0419] No routing tracks pass through the center of Term multi_top/me/genblk1_0__bp_cce_top/bp_cce/pc_inst_ram/cce_inst_ram/macro_mem/mem/wd_in[72]
[WARNING DRT-0419] No routing tracks pass through the center of Term multi_top/me/genblk1_0__bp_cce_top/bp_cce/pc_inst_ram/cce_inst_ram/macro_mem/mem/wd_in[73]
[WARNING DRT-0419] No routing tracks pass through the center of Term multi_top/me/genblk1_0__bp_cce_top/bp_cce/pc_inst_ram/cce_inst_ram/macro_mem/mem/wd_in[74]
[WARNING DRT-0419] No routing tracks pass through the center of Term multi_top/me/genblk1_0__bp_cce_top/bp_cce/pc_inst_ram/cce_inst_ram/macro_mem/mem/wd_in[75]
[WARNING DRT-0419] No routing tracks pass through the center of Term multi_top/me/genblk1_0__bp_cce_top/bp_cce/pc_inst_ram/cce_inst_ram/macro_mem/mem/wd_in[76]
[WARNING DRT-0419] No routing tracks pass through the center of Term multi_top/me/genblk1_0__bp_cce_top/bp_cce/pc_inst_ram/cce_inst_ram/macro_mem/mem/wd_in[77]
[WARNING DRT-0419] No routing tracks pass through the center of Term multi_top/me/genblk1_0__bp_cce_top/bp_cce/pc_inst_ram/cce_inst_ram/macro_mem/mem/wd_in[78]
[WARNING DRT-0419] No routing tracks pass through the center of Term multi_top/me/genblk1_0__bp_cce_top/bp_cce/pc_inst_ram/cce_inst_ram/macro_mem/mem/wd_in[79]
[WARNING DRT-0419] No routing tracks pass through the center of Term multi_top/me/genblk1_0__bp_cce_top/bp_cce/pc_inst_ram/cce_inst_ram/macro_mem/mem/wd_in[80]
[WARNING DRT-0419] No routing tracks pass through the center of Term multi_top/me/genblk1_0__bp_cce_top/bp_cce/pc_inst_ram/cce_inst_ram/macro_mem/mem/wd_in[81]
[WARNING DRT-0419] No routing tracks pass through the center of Term multi_top/me/genblk1_0__bp_cce_top/bp_cce/pc_inst_ram/cce_inst_ram/macro_mem/mem/wd_in[82]
[WARNING DRT-0419] No routing tracks pass through the center of Term multi_top/me/genblk1_0__bp_cce_top/bp_cce/pc_inst_ram/cce_inst_ram/macro_mem/mem/wd_in[83]
[WARNING DRT-0419] No routing tracks pass through the center of Term multi_top/me/genblk1_0__bp_cce_top/bp_cce/pc_inst_ram/cce_inst_ram/macro_mem/mem/wd_in[84]
[WARNING DRT-0419] No routing tracks pass through the center of Term multi_top/me/genblk1_0__bp_cce_top/bp_cce/pc_inst_ram/cce_inst_ram/macro_mem/mem/wd_in[85]
[WARNING DRT-0419] No routing tracks pass through the center of Term multi_top/me/genblk1_0__bp_cce_top/bp_cce/pc_inst_ram/cce_inst_ram/macro_mem/mem/wd_in[86]
[WARNING DRT-0419] No routing tracks pass through the center of Term multi_top/me/genblk1_0__bp_cce_top/bp_cce/pc_inst_ram/cce_inst_ram/macro_mem/mem/wd_in[87]
[WARNING DRT-0419] No routing tracks pass through the center of Term multi_top/me/genblk1_0__bp_cce_top/bp_cce/pc_inst_ram/cce_inst_ram/macro_mem/mem/wd_in[88]
[WARNING DRT-0419] No routing tracks pass through the center of Term multi_top/me/genblk1_0__bp_cce_top/bp_cce/pc_inst_ram/cce_inst_ram/macro_mem/mem/wd_in[89]
[WARNING DRT-0419] No routing tracks pass through the center of Term multi_top/me/genblk1_0__bp_cce_top/bp_cce/pc_inst_ram/cce_inst_ram/macro_mem/mem/wd_in[90]
[WARNING DRT-0419] No routing tracks pass through the center of Term multi_top/me/genblk1_0__bp_cce_top/bp_cce/pc_inst_ram/cce_inst_ram/macro_mem/mem/wd_in[91]
[WARNING DRT-0419] No routing tracks pass through the center of Term multi_top/me/genblk1_0__bp_cce_top/bp_cce/pc_inst_ram/cce_inst_ram/macro_mem/mem/wd_in[92]
[WARNING DRT-0419] No routing tracks pass through the center of Term multi_top/me/genblk1_0__bp_cce_top/bp_cce/pc_inst_ram/cce_inst_ram/macro_mem/mem/wd_in[93]
[WARNING DRT-0419] No routing tracks pass through the center of Term multi_top/me/genblk1_0__bp_cce_top/bp_cce/pc_inst_ram/cce_inst_ram/macro_mem/mem/wd_in[94]
[WARNING DRT-0419] No routing tracks pass through the center of Term multi_top/me/genblk1_0__bp_cce_top/bp_cce/pc_inst_ram/cce_inst_ram/macro_mem/mem/addr_in[0]
[WARNING DRT-0419] No routing tracks pass through the center of Term multi_top/me/genblk1_0__bp_cce_top/bp_cce/pc_inst_ram/cce_inst_ram/macro_mem/mem/addr_in[1]
[WARNING DRT-0419] No routing tracks pass through the center of Term multi_top/me/genblk1_0__bp_cce_top/bp_cce/pc_inst_ram/cce_inst_ram/macro_mem/mem/addr_in[2]
[WARNING DRT-0419] No routing tracks pass through the center of Term multi_top/me/genblk1_0__bp_cce_top/bp_cce/pc_inst_ram/cce_inst_ram/macro_mem/mem/addr_in[3]
[WARNING DRT-0419] No routing tracks pass through the center of Term multi_top/me/genblk1_0__bp_cce_top/bp_cce/pc_inst_ram/cce_inst_ram/macro_mem/mem/addr_in[4]
[WARNING DRT-0419] No routing tracks pass through the center of Term multi_top/me/genblk1_0__bp_cce_top/bp_cce/pc_inst_ram/cce_inst_ram/macro_mem/mem/addr_in[5]
[WARNING DRT-0419] No routing tracks pass through the center of Term multi_top/me/genblk1_0__bp_cce_top/bp_cce/pc_inst_ram/cce_inst_ram/macro_mem/mem/addr_in[6]
[WARNING DRT-0419] No routing tracks pass through the center of Term multi_top/me/genblk1_0__bp_cce_top/bp_cce/pc_inst_ram/cce_inst_ram/macro_mem/mem/addr_in[7]
[WARNING DRT-0419] No routing tracks pass through the center of Term multi_top/me/genblk1_0__bp_cce_top/bp_cce/pc_inst_ram/cce_inst_ram/macro_mem/mem/we_in
[WARNING DRT-0419] No routing tracks pass through the center of Term multi_top/me/genblk1_0__bp_cce_top/bp_cce/pc_inst_ram/cce_inst_ram/macro_mem/mem/ce_in
[WARNING DRT-0419] No routing tracks pass through the center of Term multi_top/me/genblk1_0__bp_cce_top/bp_cce/pc_inst_ram/cce_inst_ram/macro_mem/mem/clk
[WARNING DRT-0419] No routing tracks pass through the center of Term multi_top/rof1_0__core/be/be_mmu/dcache/data_mem_1__data_mem/macro_mem/mem/w_mask_in[0]
[WARNING DRT-0419] No routing tracks pass through the center of Term multi_top/rof1_0__core/be/be_mmu/dcache/data_mem_1__data_mem/macro_mem/mem/w_mask_in[1]
[WARNING DRT-0419] No routing tracks pass through the center of Term multi_top/rof1_0__core/be/be_mmu/dcache/data_mem_1__data_mem/macro_mem/mem/w_mask_in[2]
[WARNING DRT-0419] No routing tracks pass through the center of Term multi_top/rof1_0__core/be/be_mmu/dcache/data_mem_1__data_mem/macro_mem/mem/w_mask_in[3]
[WARNING DRT-0419] No routing tracks pass through the center of Term multi_top/rof1_0__core/be/be_mmu/dcache/data_mem_1__data_mem/macro_mem/mem/w_mask_in[4]
[WARNING DRT-0419] No routing tracks pass through the center of Term multi_top/rof1_0__core/be/be_mmu/dcache/data_mem_1__data_mem/macro_mem/mem/w_mask_in[5]
[WARNING DRT-0419] No routing tracks pass through the center of Term multi_top/rof1_0__core/be/be_mmu/dcache/data_mem_1__data_mem/macro_mem/mem/w_mask_in[6]
[WARNING DRT-0419] No routing tracks pass through the center of Term multi_top/rof1_0__core/be/be_mmu/dcache/data_mem_1__data_mem/macro_mem/mem/w_mask_in[7]
[WARNING DRT-0419] No routing tracks pass through the center of Term multi_top/rof1_0__core/be/be_mmu/dcache/data_mem_1__data_mem/macro_mem/mem/w_mask_in[8]
[WARNING DRT-0419] No routing tracks pass through the center of Term multi_top/rof1_0__core/be/be_mmu/dcache/data_mem_1__data_mem/macro_mem/mem/w_mask_in[9]
[WARNING DRT-0419] No routing tracks pass through the center of Term multi_top/rof1_0__core/be/be_mmu/dcache/data_mem_1__data_mem/macro_mem/mem/w_mask_in[10]
[WARNING DRT-0419] No routing tracks pass through the center of Term multi_top/rof1_0__core/be/be_mmu/dcache/data_mem_1__data_mem/macro_mem/mem/w_mask_in[11]
[WARNING DRT-0419] No routing tracks pass through the center of Term multi_top/rof1_0__core/be/be_mmu/dcache/data_mem_1__data_mem/macro_mem/mem/w_mask_in[12]
[WARNING DRT-0419] No routing tracks pass through the center of Term multi_top/rof1_0__core/be/be_mmu/dcache/data_mem_1__data_mem/macro_mem/mem/w_mask_in[13]
[WARNING DRT-0419] No routing tracks pass through the center of Term multi_top/rof1_0__core/be/be_mmu/dcache/data_mem_1__data_mem/macro_mem/mem/w_mask_in[14]
[WARNING DRT-0419] No routing tracks pass through the center of Term multi_top/rof1_0__core/be/be_mmu/dcache/data_mem_1__data_mem/macro_mem/mem/w_mask_in[15]
[WARNING DRT-0419] No routing tracks pass through the center of Term multi_top/rof1_0__core/be/be_mmu/dcache/data_mem_1__data_mem/macro_mem/mem/w_mask_in[16]
[WARNING DRT-0419] No routing tracks pass through the center of Term multi_top/rof1_0__core/be/be_mmu/dcache/data_mem_1__data_mem/macro_mem/mem/w_mask_in[17]
[WARNING DRT-0419] No routing tracks pass through the center of Term multi_top/rof1_0__core/be/be_mmu/dcache/data_mem_1__data_mem/macro_mem/mem/w_mask_in[18]
[WARNING DRT-0419] No routing tracks pass through the center of Term multi_top/rof1_0__core/be/be_mmu/dcache/data_mem_1__data_mem/macro_mem/mem/w_mask_in[19]
[WARNING DRT-0419] No routing tracks pass through the center of Term multi_top/rof1_0__core/be/be_mmu/dcache/data_mem_1__data_mem/macro_mem/mem/w_mask_in[20]
[WARNING DRT-0419] No routing tracks pass through the center of Term multi_top/rof1_0__core/be/be_mmu/dcache/data_mem_1__data_mem/macro_mem/mem/w_mask_in[21]
[WARNING DRT-0419] No routing tracks pass through the center of Term multi_top/rof1_0__core/be/be_mmu/dcache/data_mem_1__data_mem/macro_mem/mem/w_mask_in[22]
[WARNING DRT-0419] No routing tracks pass through the center of Term multi_top/rof1_0__core/be/be_mmu/dcache/data_mem_1__data_mem/macro_mem/mem/w_mask_in[23]
[WARNING DRT-0419] No routing tracks pass through the center of Term multi_top/rof1_0__core/be/be_mmu/dcache/data_mem_1__data_mem/macro_mem/mem/w_mask_in[24]
[WARNING DRT-0419] No routing tracks pass through the center of Term multi_top/rof1_0__core/be/be_mmu/dcache/data_mem_1__data_mem/macro_mem/mem/w_mask_in[25]
[WARNING DRT-0419] No routing tracks pass through the center of Term multi_top/rof1_0__core/be/be_mmu/dcache/data_mem_1__data_mem/macro_mem/mem/w_mask_in[26]
[WARNING DRT-0419] No routing tracks pass through the center of Term multi_top/rof1_0__core/be/be_mmu/dcache/data_mem_1__data_mem/macro_mem/mem/w_mask_in[27]
[WARNING DRT-0419] No routing tracks pass through the center of Term multi_top/rof1_0__core/be/be_mmu/dcache/data_mem_1__data_mem/macro_mem/mem/w_mask_in[28]
[WARNING DRT-0419] No routing tracks pass through the center of Term multi_top/rof1_0__core/be/be_mmu/dcache/data_mem_1__data_mem/macro_mem/mem/w_mask_in[29]
[WARNING DRT-0419] No routing tracks pass through the center of Term multi_top/rof1_0__core/be/be_mmu/dcache/data_mem_1__data_mem/macro_mem/mem/w_mask_in[30]
[WARNING DRT-0419] No routing tracks pass through the center of Term multi_top/rof1_0__core/be/be_mmu/dcache/data_mem_1__data_mem/macro_mem/mem/w_mask_in[31]
[WARNING DRT-0419] No routing tracks pass through the center of Term multi_top/rof1_0__core/be/be_mmu/dcache/data_mem_1__data_mem/macro_mem/mem/w_mask_in[32]
[WARNING DRT-0419] No routing tracks pass through the center of Term multi_top/rof1_0__core/be/be_mmu/dcache/data_mem_1__data_mem/macro_mem/mem/w_mask_in[33]
[WARNING DRT-0419] No routing tracks pass through the center of Term multi_top/rof1_0__core/be/be_mmu/dcache/data_mem_1__data_mem/macro_mem/mem/w_mask_in[34]
[WARNING DRT-0419] No routing tracks pass through the center of Term multi_top/rof1_0__core/be/be_mmu/dcache/data_mem_1__data_mem/macro_mem/mem/w_mask_in[35]
[WARNING DRT-0419] No routing tracks pass through the center of Term multi_top/rof1_0__core/be/be_mmu/dcache/data_mem_1__data_mem/macro_mem/mem/w_mask_in[36]
[WARNING DRT-0419] No routing tracks pass through the center of Term multi_top/rof1_0__core/be/be_mmu/dcache/data_mem_1__data_mem/macro_mem/mem/w_mask_in[37]
[WARNING DRT-0419] No routing tracks pass through the center of Term multi_top/rof1_0__core/be/be_mmu/dcache/data_mem_1__data_mem/macro_mem/mem/w_mask_in[38]
[WARNING DRT-0419] No routing tracks pass through the center of Term multi_top/rof1_0__core/be/be_mmu/dcache/data_mem_1__data_mem/macro_mem/mem/w_mask_in[39]
[WARNING DRT-0419] No routing tracks pass through the center of Term multi_top/rof1_0__core/be/be_mmu/dcache/data_mem_1__data_mem/macro_mem/mem/w_mask_in[40]
[WARNING DRT-0419] No routing tracks pass through the center of Term multi_top/rof1_0__core/be/be_mmu/dcache/data_mem_1__data_mem/macro_mem/mem/w_mask_in[41]
[WARNING DRT-0419] No routing tracks pass through the center of Term multi_top/rof1_0__core/be/be_mmu/dcache/data_mem_1__data_mem/macro_mem/mem/w_mask_in[42]
[WARNING DRT-0419] No routing tracks pass through the center of Term multi_top/rof1_0__core/be/be_mmu/dcache/data_mem_1__data_mem/macro_mem/mem/w_mask_in[43]
[WARNING DRT-0419] No routing tracks pass through the center of Term multi_top/rof1_0__core/be/be_mmu/dcache/data_mem_1__data_mem/macro_mem/mem/w_mask_in[44]
[WARNING DRT-0419] No routing tracks pass through the center of Term multi_top/rof1_0__core/be/be_mmu/dcache/data_mem_1__data_mem/macro_mem/mem/w_mask_in[45]
[WARNING DRT-0419] No routing tracks pass through the center of Term multi_top/rof1_0__core/be/be_mmu/dcache/data_mem_1__data_mem/macro_mem/mem/w_mask_in[46]
[WARNING DRT-0419] No routing tracks pass through the center of Term multi_top/rof1_0__core/be/be_mmu/dcache/data_mem_1__data_mem/macro_mem/mem/w_mask_in[47]
[WARNING DRT-0419] No routing tracks pass through the center of Term multi_top/rof1_0__core/be/be_mmu/dcache/data_mem_1__data_mem/macro_mem/mem/w_mask_in[48]
[WARNING DRT-0419] No routing tracks pass through the center of Term multi_top/rof1_0__core/be/be_mmu/dcache/data_mem_1__data_mem/macro_mem/mem/w_mask_in[49]
[WARNING DRT-0419] No routing tracks pass through the center of Term multi_top/rof1_0__core/be/be_mmu/dcache/data_mem_1__data_mem/macro_mem/mem/w_mask_in[50]
[WARNING DRT-0419] No routing tracks pass through the center of Term multi_top/rof1_0__core/be/be_mmu/dcache/data_mem_1__data_mem/macro_mem/mem/w_mask_in[51]
[WARNING DRT-0419] No routing tracks pass through the center of Term multi_top/rof1_0__core/be/be_mmu/dcache/data_mem_1__data_mem/macro_mem/mem/w_mask_in[52]
[WARNING DRT-0419] No routing tracks pass through the center of Term multi_top/rof1_0__core/be/be_mmu/dcache/data_mem_1__data_mem/macro_mem/mem/w_mask_in[53]
[WARNING DRT-0419] No routing tracks pass through the center of Term multi_top/rof1_0__core/be/be_mmu/dcache/data_mem_1__data_mem/macro_mem/mem/w_mask_in[54]
[WARNING DRT-0419] No routing tracks pass through the center of Term multi_top/rof1_0__core/be/be_mmu/dcache/data_mem_1__data_mem/macro_mem/mem/w_mask_in[55]
[WARNING DRT-0419] No routing tracks pass through the center of Term multi_top/rof1_0__core/be/be_mmu/dcache/data_mem_1__data_mem/macro_mem/mem/w_mask_in[56]
[WARNING DRT-0419] No routing tracks pass through the center of Term multi_top/rof1_0__core/be/be_mmu/dcache/data_mem_1__data_mem/macro_mem/mem/w_mask_in[57]
[WARNING DRT-0419] No routing tracks pass through the center of Term multi_top/rof1_0__core/be/be_mmu/dcache/data_mem_1__data_mem/macro_mem/mem/w_mask_in[58]
[WARNING DRT-0419] No routing tracks pass through the center of Term multi_top/rof1_0__core/be/be_mmu/dcache/data_mem_1__data_mem/macro_mem/mem/w_mask_in[59]
[WARNING DRT-0419] No routing tracks pass through the center of Term multi_top/rof1_0__core/be/be_mmu/dcache/data_mem_1__data_mem/macro_mem/mem/w_mask_in[60]
[WARNING DRT-0419] No routing tracks pass through the center of Term multi_top/rof1_0__core/be/be_mmu/dcache/data_mem_1__data_mem/macro_mem/mem/w_mask_in[61]
[WARNING DRT-0419] No routing tracks pass through the center of Term multi_top/rof1_0__core/be/be_mmu/dcache/data_mem_1__data_mem/macro_mem/mem/w_mask_in[62]
[WARNING DRT-0419] No routing tracks pass through the center of Term multi_top/rof1_0__core/be/be_mmu/dcache/data_mem_1__data_mem/macro_mem/mem/w_mask_in[63]
[WARNING DRT-0419] No routing tracks pass through the center of Term multi_top/rof1_0__core/be/be_mmu/dcache/data_mem_1__data_mem/macro_mem/mem/rd_out[0]
[WARNING DRT-0419] No routing tracks pass through the center of Term multi_top/rof1_0__core/be/be_mmu/dcache/data_mem_1__data_mem/macro_mem/mem/rd_out[1]
[WARNING DRT-0419] No routing tracks pass through the center of Term multi_top/rof1_0__core/be/be_mmu/dcache/data_mem_1__data_mem/macro_mem/mem/rd_out[2]
[WARNING DRT-0419] No routing tracks pass through the center of Term multi_top/rof1_0__core/be/be_mmu/dcache/data_mem_1__data_mem/macro_mem/mem/rd_out[3]
[WARNING DRT-0419] No routing tracks pass through the center of Term multi_top/rof1_0__core/be/be_mmu/dcache/data_mem_1__data_mem/macro_mem/mem/rd_out[4]
[WARNING DRT-0419] No routing tracks pass through the center of Term multi_top/rof1_0__core/be/be_mmu/dcache/data_mem_1__data_mem/macro_mem/mem/rd_out[5]
[WARNING DRT-0419] No routing tracks pass through the center of Term multi_top/rof1_0__core/be/be_mmu/dcache/data_mem_1__data_mem/macro_mem/mem/rd_out[6]
[WARNING DRT-0419] No routing tracks pass through the center of Term multi_top/rof1_0__core/be/be_mmu/dcache/data_mem_1__data_mem/macro_mem/mem/rd_out[7]
[WARNING DRT-0419] No routing tracks pass through the center of Term multi_top/rof1_0__core/be/be_mmu/dcache/data_mem_1__data_mem/macro_mem/mem/rd_out[8]
[WARNING DRT-0419] No routing tracks pass through the center of Term multi_top/rof1_0__core/be/be_mmu/dcache/data_mem_1__data_mem/macro_mem/mem/rd_out[9]
[WARNING DRT-0419] No routing tracks pass through the center of Term multi_top/rof1_0__core/be/be_mmu/dcache/data_mem_1__data_mem/macro_mem/mem/rd_out[10]
[WARNING DRT-0419] No routing tracks pass through the center of Term multi_top/rof1_0__core/be/be_mmu/dcache/data_mem_1__data_mem/macro_mem/mem/rd_out[11]
[WARNING DRT-0419] No routing tracks pass through the center of Term multi_top/rof1_0__core/be/be_mmu/dcache/data_mem_1__data_mem/macro_mem/mem/rd_out[12]
[WARNING DRT-0419] No routing tracks pass through the center of Term multi_top/rof1_0__core/be/be_mmu/dcache/data_mem_1__data_mem/macro_mem/mem/rd_out[13]
[WARNING DRT-0419] No routing tracks pass through the center of Term multi_top/rof1_0__core/be/be_mmu/dcache/data_mem_1__data_mem/macro_mem/mem/rd_out[14]
[WARNING DRT-0419] No routing tracks pass through the center of Term multi_top/rof1_0__core/be/be_mmu/dcache/data_mem_1__data_mem/macro_mem/mem/rd_out[15]
[WARNING DRT-0419] No routing tracks pass through the center of Term multi_top/rof1_0__core/be/be_mmu/dcache/data_mem_1__data_mem/macro_mem/mem/rd_out[16]
[WARNING DRT-0419] No routing tracks pass through the center of Term multi_top/rof1_0__core/be/be_mmu/dcache/data_mem_1__data_mem/macro_mem/mem/rd_out[17]
[WARNING DRT-0419] No routing tracks pass through the center of Term multi_top/rof1_0__core/be/be_mmu/dcache/data_mem_1__data_mem/macro_mem/mem/rd_out[18]
[WARNING DRT-0419] No routing tracks pass through the center of Term multi_top/rof1_0__core/be/be_mmu/dcache/data_mem_1__data_mem/macro_mem/mem/rd_out[19]
[WARNING DRT-0419] No routing tracks pass through the center of Term multi_top/rof1_0__core/be/be_mmu/dcache/data_mem_1__data_mem/macro_mem/mem/rd_out[20]
[WARNING DRT-0419] No routing tracks pass through the center of Term multi_top/rof1_0__core/be/be_mmu/dcache/data_mem_1__data_mem/macro_mem/mem/rd_out[21]
[WARNING DRT-0419] No routing tracks pass through the center of Term multi_top/rof1_0__core/be/be_mmu/dcache/data_mem_1__data_mem/macro_mem/mem/rd_out[22]
[WARNING DRT-0419] No routing tracks pass through the center of Term multi_top/rof1_0__core/be/be_mmu/dcache/data_mem_1__data_mem/macro_mem/mem/rd_out[23]
[WARNING DRT-0419] No routing tracks pass through the center of Term multi_top/rof1_0__core/be/be_mmu/dcache/data_mem_1__data_mem/macro_mem/mem/rd_out[24]
[WARNING DRT-0419] No routing tracks pass through the center of Term multi_top/rof1_0__core/be/be_mmu/dcache/data_mem_1__data_mem/macro_mem/mem/rd_out[25]
[WARNING DRT-0419] No routing tracks pass through the center of Term multi_top/rof1_0__core/be/be_mmu/dcache/data_mem_1__data_mem/macro_mem/mem/rd_out[26]
[WARNING DRT-0419] No routing tracks pass through the center of Term multi_top/rof1_0__core/be/be_mmu/dcache/data_mem_1__data_mem/macro_mem/mem/rd_out[27]
[WARNING DRT-0419] No routing tracks pass through the center of Term multi_top/rof1_0__core/be/be_mmu/dcache/data_mem_1__data_mem/macro_mem/mem/rd_out[28]
[WARNING DRT-0419] No routing tracks pass through the center of Term multi_top/rof1_0__core/be/be_mmu/dcache/data_mem_1__data_mem/macro_mem/mem/rd_out[29]
[WARNING DRT-0419] No routing tracks pass through the center of Term multi_top/rof1_0__core/be/be_mmu/dcache/data_mem_1__data_mem/macro_mem/mem/rd_out[30]
[WARNING DRT-0419] No routing tracks pass through the center of Term multi_top/rof1_0__core/be/be_mmu/dcache/data_mem_1__data_mem/macro_mem/mem/rd_out[31]
[WARNING DRT-0419] No routing tracks pass through the center of Term multi_top/rof1_0__core/be/be_mmu/dcache/data_mem_1__data_mem/macro_mem/mem/rd_out[32]
[WARNING DRT-0419] No routing tracks pass through the center of Term multi_top/rof1_0__core/be/be_mmu/dcache/data_mem_1__data_mem/macro_mem/mem/rd_out[33]
[WARNING DRT-0419] No routing tracks pass through the center of Term multi_top/rof1_0__core/be/be_mmu/dcache/data_mem_1__data_mem/macro_mem/mem/rd_out[34]
[WARNING DRT-0419] No routing tracks pass through the center of Term multi_top/rof1_0__core/be/be_mmu/dcache/data_mem_1__data_mem/macro_mem/mem/rd_out[35]
[WARNING DRT-0419] No routing tracks pass through the center of Term multi_top/rof1_0__core/be/be_mmu/dcache/data_mem_1__data_mem/macro_mem/mem/rd_out[36]
[WARNING DRT-0419] No routing tracks pass through the center of Term multi_top/rof1_0__core/be/be_mmu/dcache/data_mem_1__data_mem/macro_mem/mem/rd_out[37]
[WARNING DRT-0419] No routing tracks pass through the center of Term multi_top/rof1_0__core/be/be_mmu/dcache/data_mem_1__data_mem/macro_mem/mem/rd_out[38]
[WARNING DRT-0419] No routing tracks pass through the center of Term multi_top/rof1_0__core/be/be_mmu/dcache/data_mem_1__data_mem/macro_mem/mem/rd_out[39]
[WARNING DRT-0419] No routing tracks pass through the center of Term multi_top/rof1_0__core/be/be_mmu/dcache/data_mem_1__data_mem/macro_mem/mem/rd_out[40]
[WARNING DRT-0419] No routing tracks pass through the center of Term multi_top/rof1_0__core/be/be_mmu/dcache/data_mem_1__data_mem/macro_mem/mem/rd_out[41]
[WARNING DRT-0419] No routing tracks pass through the center of Term multi_top/rof1_0__core/be/be_mmu/dcache/data_mem_1__data_mem/macro_mem/mem/rd_out[42]
[WARNING DRT-0419] No routing tracks pass through the center of Term multi_top/rof1_0__core/be/be_mmu/dcache/data_mem_1__data_mem/macro_mem/mem/rd_out[43]
[WARNING DRT-0419] No routing tracks pass through the center of Term multi_top/rof1_0__core/be/be_mmu/dcache/data_mem_1__data_mem/macro_mem/mem/rd_out[44]
[WARNING DRT-0419] No routing tracks pass through the center of Term multi_top/rof1_0__core/be/be_mmu/dcache/data_mem_1__data_mem/macro_mem/mem/rd_out[45]
[WARNING DRT-0419] message limit (1000) reached. This message will no longer print.
[INFO DRT-0167] List of default vias:
  Layer via1
    default via: via1_7
  Layer via2
    default via: via2_5
  Layer via3
    default via: via3_2
  Layer via4
    default via: via4_0
  Layer via5
    default via: via5_0
  Layer via6
    default via: via6_0
  Layer via7
    default via: via7_0
  Layer via8
    default via: via8_0
  Layer via9
    default via: via9_0
  Layer hb_layer
    default via: hb_layer_0
  Layer via11
    default via: via11_0
  Layer via12
    default via: via12_0
  Layer via13
    default via: via13_0
  Layer via14
    default via: via14_0
  Layer via15
    default via: via15_0
  Layer via16
    default via: via16_0
  Layer via17
    default via: via17_2
  Layer via18
    default via: via18_5
  Layer via19
    default via: via19_7
[INFO DRT-0162] Library cell analysis.
[INFO DRT-0163] Instance analysis.
  Complete 100000 instances.
  Complete 200000 instances.
[INFO DRT-0164] Number of unique instances = 821.
[INFO DRT-0168] Init region query.
[INFO DRT-0018]   Complete 100000 insts.
[INFO DRT-0018]   Complete 200000 insts.
[INFO DRT-0024]   Complete active.
[INFO DRT-0024]   Complete Fr_VIA.
[INFO DRT-0024]   Complete metal1.
[INFO DRT-0024]   Complete via1.
[INFO DRT-0024]   Complete metal2.
[INFO DRT-0024]   Complete via2.
[INFO DRT-0024]   Complete metal3.
[INFO DRT-0024]   Complete via3.
[INFO DRT-0024]   Complete metal4.
[INFO DRT-0024]   Complete via4.
[INFO DRT-0024]   Complete metal5.
[INFO DRT-0024]   Complete via5.
[INFO DRT-0024]   Complete metal6.
[INFO DRT-0024]   Complete via6.
[INFO DRT-0024]   Complete metal7.
[INFO DRT-0024]   Complete via7.
[INFO DRT-0024]   Complete metal8.
[INFO DRT-0024]   Complete via8.
[INFO DRT-0024]   Complete metal9.
[INFO DRT-0024]   Complete via9.
[INFO DRT-0024]   Complete metal10.
[INFO DRT-0024]   Complete hb_layer.
[INFO DRT-0024]   Complete metal11.
[INFO DRT-0024]   Complete via11.
[INFO DRT-0024]   Complete metal12.
[INFO DRT-0024]   Complete via12.
[INFO DRT-0024]   Complete metal13.
[INFO DRT-0024]   Complete via13.
[INFO DRT-0024]   Complete metal14.
[INFO DRT-0024]   Complete via14.
[INFO DRT-0024]   Complete metal15.
[INFO DRT-0024]   Complete via15.
[INFO DRT-0024]   Complete metal16.
[INFO DRT-0024]   Complete via16.
[INFO DRT-0024]   Complete metal17.
[INFO DRT-0024]   Complete via17.
[INFO DRT-0024]   Complete metal18.
[INFO DRT-0024]   Complete via18.
[INFO DRT-0024]   Complete metal19.
[INFO DRT-0024]   Complete via19.
[INFO DRT-0024]   Complete metal20.
[INFO DRT-0033] active shape region query size = 0.
[INFO DRT-0033] FR_VIA shape region query size = 0.
[INFO DRT-0033] metal1 shape region query size = 2412649.
[INFO DRT-0033] via1 shape region query size = 0.
[INFO DRT-0033] metal2 shape region query size = 12.
[INFO DRT-0033] via2 shape region query size = 0.
[INFO DRT-0033] metal3 shape region query size = 4942.
[INFO DRT-0033] via3 shape region query size = 0.
[INFO DRT-0033] metal4 shape region query size = 1372.
[INFO DRT-0033] via4 shape region query size = 0.
[INFO DRT-0033] metal5 shape region query size = 598.
[INFO DRT-0033] via5 shape region query size = 0.
[INFO DRT-0033] metal6 shape region query size = 600.
[INFO DRT-0033] via6 shape region query size = 0.
[INFO DRT-0033] metal7 shape region query size = 0.
[INFO DRT-0033] via7 shape region query size = 0.
[INFO DRT-0033] metal8 shape region query size = 0.
[INFO DRT-0033] via8 shape region query size = 0.
[INFO DRT-0033] metal9 shape region query size = 0.
[INFO DRT-0033] via9 shape region query size = 0.
[INFO DRT-0033] metal10 shape region query size = 9321.
[INFO DRT-0033] hb_layer shape region query size = 0.
[INFO DRT-0033] metal11 shape region query size = 9321.
[INFO DRT-0033] via11 shape region query size = 0.
[INFO DRT-0033] metal12 shape region query size = 0.
[INFO DRT-0033] via12 shape region query size = 0.
[INFO DRT-0033] metal13 shape region query size = 0.
[INFO DRT-0033] via13 shape region query size = 0.
[INFO DRT-0033] metal14 shape region query size = 0.
[INFO DRT-0033] via14 shape region query size = 0.
[INFO DRT-0033] metal15 shape region query size = 0.
[INFO DRT-0033] via15 shape region query size = 0.
[INFO DRT-0033] metal16 shape region query size = 0.
[INFO DRT-0033] via16 shape region query size = 0.
[INFO DRT-0033] metal17 shape region query size = 1230.
[INFO DRT-0033] via17 shape region query size = 0.
[INFO DRT-0033] metal18 shape region query size = 5178.
[INFO DRT-0033] via18 shape region query size = 0.
[INFO DRT-0033] metal19 shape region query size = 2669469.
[INFO DRT-0033] via19 shape region query size = 0.
[INFO DRT-0033] metal20 shape region query size = 12.
[INFO DRT-0165] Start pin access.
[INFO DRT-0076]   Complete 1000 pins.
[INFO DRT-0076]   Complete 2000 pins.
[INFO DRT-0076]   Complete 3000 pins.
[INFO DRT-0076]   Complete 4000 pins.
[INFO DRT-0076]   Complete 5000 pins.
[INFO DRT-0076]   Complete 6000 pins.
[INFO DRT-0076]   Complete 7000 pins.
[INFO DRT-0078]   Complete 7058 pins.
[INFO DRT-0079]   Complete 100 unique inst patterns.
[INFO DRT-0079]   Complete 200 unique inst patterns.
[INFO DRT-0079]   Complete 300 unique inst patterns.
[INFO DRT-0079]   Complete 400 unique inst patterns.
[INFO DRT-0079]   Complete 500 unique inst patterns.
[INFO DRT-0079]   Complete 600 unique inst patterns.
[INFO DRT-0079]   Complete 700 unique inst patterns.
[INFO DRT-0081]   Complete 798 unique inst patterns.
[INFO DRT-0082]   Complete 10000 groups.
[INFO DRT-0082]   Complete 20000 groups.
[INFO DRT-0082]   Complete 30000 groups.
[INFO DRT-0082]   Complete 40000 groups.
[INFO DRT-0082]   Complete 50000 groups.
[INFO DRT-0082]   Complete 60000 groups.
[INFO DRT-0082]   Complete 70000 groups.
[INFO DRT-0082]   Complete 80000 groups.
[INFO DRT-0082]   Complete 90000 groups.
[INFO DRT-0082]   Complete 100000 groups.
[INFO DRT-0082]   Complete 200000 groups.
[INFO DRT-0084]   Complete 200781 groups.
#scanned instances     = 299407
#unique  instances     = 821
#stdCellGenAp          = 25189
#stdCellValidPlanarAp  = 20010
#stdCellValidViaAp     = 10249
#stdCellPinNoAp        = 0
#stdCellPinCnt         = 993145
#instTermValidViaApCnt = 0
#macroGenAp            = 7763
#macroValidPlanarAp    = 7763
#macroValidViaAp       = 0
#macroNoAp             = 0
[INFO DRT-0166] Complete pin access.
[INFO DRT-0267] cpu time = 01:19:18, elapsed time = 00:00:50, memory = 1560.01 (MB), peak = 1609.59 (MB)
[INFO DRT-0156] guideIn read 100000 guides.
[INFO DRT-0156] guideIn read 200000 guides.
[INFO DRT-0156] guideIn read 300000 guides.
[INFO DRT-0156] guideIn read 400000 guides.
[INFO DRT-0156] guideIn read 500000 guides.
[INFO DRT-0156] guideIn read 600000 guides.
[INFO DRT-0156] guideIn read 700000 guides.
[INFO DRT-0156] guideIn read 800000 guides.
[INFO DRT-0156] guideIn read 900000 guides.
[INFO DRT-0156] guideIn read 1000000 guides.
[INFO DRT-0156] guideIn read 2000000 guides.
[INFO DRT-0156] guideIn read 3000000 guides.

[INFO DRT-0157] Number of guides:     3034849

[INFO DRT-0169] Post process guides.
[INFO DRT-0176] GCELLGRID X 0 DO 428 STEP 4200 ;
[INFO DRT-0177] GCELLGRID Y 0 DO 428 STEP 4200 ;
[INFO DRT-0026]   Complete 100000 origin guides.
[INFO DRT-0026]   Complete 200000 origin guides.
[INFO DRT-0026]   Complete 300000 origin guides.
[INFO DRT-0026]   Complete 400000 origin guides.
[INFO DRT-0026]   Complete 500000 origin guides.
[INFO DRT-0026]   Complete 600000 origin guides.
[INFO DRT-0026]   Complete 700000 origin guides.
[INFO DRT-0026]   Complete 800000 origin guides.
[INFO DRT-0026]   Complete 900000 origin guides.
[INFO DRT-0027]   Complete 1000000 origin guides.
[INFO DRT-0027]   Complete 2000000 origin guides.
[INFO DRT-0027]   Complete 3000000 origin guides.
[INFO DRT-0028]   Complete active.
[INFO DRT-0028]   Complete Fr_VIA.
[INFO DRT-0028]   Complete metal1.
[INFO DRT-0028]   Complete via1.
[INFO DRT-0028]   Complete metal2.
[INFO DRT-0028]   Complete via2.
[INFO DRT-0028]   Complete metal3.
[INFO DRT-0028]   Complete via3.
[INFO DRT-0028]   Complete metal4.
[INFO DRT-0028]   Complete via4.
[INFO DRT-0028]   Complete metal5.
[INFO DRT-0028]   Complete via5.
[INFO DRT-0028]   Complete metal6.
[INFO DRT-0028]   Complete via6.
[INFO DRT-0028]   Complete metal7.
[INFO DRT-0028]   Complete via7.
[INFO DRT-0028]   Complete metal8.
[INFO DRT-0028]   Complete via8.
[INFO DRT-0028]   Complete metal9.
[INFO DRT-0028]   Complete via9.
[INFO DRT-0028]   Complete metal10.
[INFO DRT-0028]   Complete hb_layer.
[INFO DRT-0028]   Complete metal11.
[INFO DRT-0028]   Complete via11.
[INFO DRT-0028]   Complete metal12.
[INFO DRT-0028]   Complete via12.
[INFO DRT-0028]   Complete metal13.
[INFO DRT-0028]   Complete via13.
[INFO DRT-0028]   Complete metal14.
[INFO DRT-0028]   Complete via14.
[INFO DRT-0028]   Complete metal15.
[INFO DRT-0028]   Complete via15.
[INFO DRT-0028]   Complete metal16.
[INFO DRT-0028]   Complete via16.
[INFO DRT-0028]   Complete metal17.
[INFO DRT-0028]   Complete via17.
[INFO DRT-0028]   Complete metal18.
[INFO DRT-0028]   Complete via18.
[INFO DRT-0028]   Complete metal19.
[INFO DRT-0028]   Complete via19.
[INFO DRT-0028]   Complete metal20.
  complete 100000 nets.
  complete 200000 nets.
[INFO DRT-0178] Init guide query.
[INFO DRT-0029]   Complete 100000 nets (guide).
[INFO DRT-0029]   Complete 200000 nets (guide).
[INFO DRT-0029]   Complete 300000 nets (guide).
[INFO DRT-0035]   Complete active (guide).
[INFO DRT-0035]   Complete Fr_VIA (guide).
[INFO DRT-0035]   Complete metal1 (guide).
[INFO DRT-0035]   Complete via1 (guide).
[INFO DRT-0035]   Complete metal2 (guide).
[INFO DRT-0035]   Complete via2 (guide).
[INFO DRT-0035]   Complete metal3 (guide).
[INFO DRT-0035]   Complete via3 (guide).
[INFO DRT-0035]   Complete metal4 (guide).
[INFO DRT-0035]   Complete via4 (guide).
[INFO DRT-0035]   Complete metal5 (guide).
[INFO DRT-0035]   Complete via5 (guide).
[INFO DRT-0035]   Complete metal6 (guide).
[INFO DRT-0035]   Complete via6 (guide).
[INFO DRT-0035]   Complete metal7 (guide).
[INFO DRT-0035]   Complete via7 (guide).
[INFO DRT-0035]   Complete metal8 (guide).
[INFO DRT-0035]   Complete via8 (guide).
[INFO DRT-0035]   Complete metal9 (guide).
[INFO DRT-0035]   Complete via9 (guide).
[INFO DRT-0035]   Complete metal10 (guide).
[INFO DRT-0035]   Complete hb_layer (guide).
[INFO DRT-0035]   Complete metal11 (guide).
[INFO DRT-0035]   Complete via11 (guide).
[INFO DRT-0035]   Complete metal12 (guide).
[INFO DRT-0035]   Complete via12 (guide).
[INFO DRT-0035]   Complete metal13 (guide).
[INFO DRT-0035]   Complete via13 (guide).
[INFO DRT-0035]   Complete metal14 (guide).
[INFO DRT-0035]   Complete via14 (guide).
[INFO DRT-0035]   Complete metal15 (guide).
[INFO DRT-0035]   Complete via15 (guide).
[INFO DRT-0035]   Complete metal16 (guide).
[INFO DRT-0035]   Complete via16 (guide).
[INFO DRT-0035]   Complete metal17 (guide).
[INFO DRT-0035]   Complete via17 (guide).
[INFO DRT-0035]   Complete metal18 (guide).
[INFO DRT-0035]   Complete via18 (guide).
[INFO DRT-0035]   Complete metal19 (guide).
[INFO DRT-0035]   Complete via19 (guide).
[INFO DRT-0035]   Complete metal20 (guide).
[INFO DRT-0036] active guide region query size = 0.
[INFO DRT-0036] FR_VIA guide region query size = 0.
[INFO DRT-0036] metal1 guide region query size = 377795.
[INFO DRT-0036] via1 guide region query size = 0.
[INFO DRT-0036] metal2 guide region query size = 278189.
[INFO DRT-0036] via2 guide region query size = 0.
[INFO DRT-0036] metal3 guide region query size = 135241.
[INFO DRT-0036] via3 guide region query size = 0.
[INFO DRT-0036] metal4 guide region query size = 22175.
[INFO DRT-0036] via4 guide region query size = 0.
[INFO DRT-0036] metal5 guide region query size = 21590.
[INFO DRT-0036] via5 guide region query size = 0.
[INFO DRT-0036] metal6 guide region query size = 20933.
[INFO DRT-0036] via6 guide region query size = 0.
[INFO DRT-0036] metal7 guide region query size = 20028.
[INFO DRT-0036] via7 guide region query size = 0.
[INFO DRT-0036] metal8 guide region query size = 20000.
[INFO DRT-0036] via8 guide region query size = 0.
[INFO DRT-0036] metal9 guide region query size = 19939.
[INFO DRT-0036] via9 guide region query size = 0.
[INFO DRT-0036] metal10 guide region query size = 19994.
[INFO DRT-0036] hb_layer guide region query size = 0.
[INFO DRT-0036] metal11 guide region query size = 20080.
[INFO DRT-0036] via11 guide region query size = 0.
[INFO DRT-0036] metal12 guide region query size = 20141.
[INFO DRT-0036] via12 guide region query size = 0.
[INFO DRT-0036] metal13 guide region query size = 20274.
[INFO DRT-0036] via13 guide region query size = 0.
[INFO DRT-0036] metal14 guide region query size = 20443.
[INFO DRT-0036] via14 guide region query size = 0.
[INFO DRT-0036] metal15 guide region query size = 21612.
[INFO DRT-0036] via15 guide region query size = 0.
[INFO DRT-0036] metal16 guide region query size = 22926.
[INFO DRT-0036] via16 guide region query size = 0.
[INFO DRT-0036] metal17 guide region query size = 32933.
[INFO DRT-0036] via17 guide region query size = 0.
[INFO DRT-0036] metal18 guide region query size = 68594.
[INFO DRT-0036] via18 guide region query size = 0.
[INFO DRT-0036] metal19 guide region query size = 385934.
[INFO DRT-0036] via19 guide region query size = 0.
[INFO DRT-0036] metal20 guide region query size = 88747.
[INFO DRT-0179] Init gr pin query.
[INFO DRT-0267] cpu time = 00:14:50, elapsed time = 00:13:46, memory = 2502.07 (MB), peak = 2502.07 (MB)
[INFO DRT-0245] skipped writing guide updates to database.
[INFO DRT-0185] Post process initialize RPin region query.
[INFO DRT-0181] Start track assignment.
[INFO DRT-0184] Done with 582142 vertical wires in 9 frboxes and 1055426 horizontal wires in 9 frboxes.
[INFO DRT-0186] Done with 165023 vertical wires in 9 frboxes and 302767 horizontal wires in 9 frboxes.
[INFO DRT-0182] Complete track assignment.
[INFO DRT-0267] cpu time = 00:03:17, elapsed time = 00:00:39, memory = 5543.67 (MB), peak = 5567.67 (MB)
[INFO DRT-0187] Start routing data preparation.
[INFO DRT-0267] cpu time = 00:00:02, elapsed time = 00:00:02, memory = 6044.98 (MB), peak = 6044.98 (MB)
[INFO DRT-0194] Start detail routing.
[INFO DRT-0195] Start 0th optimization iteration.
    Completing 10% with 0 violations.
    elapsed time = 00:00:41, memory = 12024.56 (MB).
    Completing 20% with 0 violations.
    elapsed time = 00:01:23, memory = 15290.05 (MB).
    Completing 30% with 102720 violations.
    elapsed time = 00:02:08, memory = 16460.11 (MB).
    Completing 40% with 102720 violations.
    elapsed time = 00:02:54, memory = 16963.71 (MB).
    Completing 50% with 102720 violations.
    elapsed time = 00:03:25, memory = 17388.74 (MB).
    Completing 60% with 192420 violations.
    elapsed time = 00:04:18, memory = 18370.73 (MB).
    Completing 70% with 192420 violations.
    elapsed time = 00:05:01, memory = 18497.49 (MB).
    Completing 80% with 288514 violations.
    elapsed time = 00:05:48, memory = 19442.45 (MB).
    Completing 90% with 288514 violations.
    elapsed time = 00:06:35, memory = 20139.84 (MB).
    Completing 100% with 372211 violations.
    elapsed time = 00:07:15, memory = 18558.03 (MB).
[INFO DRT-0199]   Number of violations = 432593.
Viol/Layer      metal1   via1 metal2   via2 metal3 metal4   via4 metal5   via5 metal6 metal7   via7 metal8   via8 metal9   via9 me..10 me..11  via11 me..12  via12 me..13  via13 me..14  via14 me..15  via15 me..16  via16 me..17  via17 me..18  via18 me..19  via19 me..20
Cut Spacing          0      3      0     94      0      0    110      0     35      0      0     32      0     22      0    570      0      0    299      0      1      0      5      0      2      0      1      0     86      0      5      0    458      0    313      0
Metal Spacing      888      0   2425      0    149      1      0      3      0      3     11      0      5      0      8      0   2246    565      0    124      0    556      0     20      0    179      0     15      0    505      0   3254      0  78073      0   2133
Min Width            0      0      0      0      0      0      0      0      0      0      0      0      0      0      0      0      0      0      0      0      0      0      0      0      0      0      0      0      0      1      0      0      0      0      0      0
NS Metal             4      0      0      0      0      0      0      0      0      0      0      0      0      0      0      0     14      0      0      4      0      1      0      0      0      0      0      0      0      2      0     52      0     92      0      0
Recheck            627      0   7945      0   4093   1845      0   1591      0   2738   2690      0   1646      0   1714      0   1588   1622      0   1746      0   1748      0   2736      0   2744      0   1778      0   4031      0   4253      0   7722      0   5525
Short             1274     11  31365      7   3179    153      0     52      0     79     29      0     26      0     41      2     64    109      0     47      0     90      1     50      0     43      0    197      0   3334     14   4614    187 184347    277  49250
[INFO DRT-0267] cpu time = 11:04:46, elapsed time = 00:21:22, memory = 18990.28 (MB), peak = 21110.51 (MB)
Total wire length = 7164257 um.
Total wire length on LAYER metal1 = 11601 um.
Total wire length on LAYER metal2 = 1165626 um.
Total wire length on LAYER metal3 = 1172443 um.
Total wire length on LAYER metal4 = 313871 um.
Total wire length on LAYER metal5 = 345264 um.
Total wire length on LAYER metal6 = 221249 um.
Total wire length on LAYER metal7 = 59246 um.
Total wire length on LAYER metal8 = 45660 um.
Total wire length on LAYER metal9 = 37385 um.
Total wire length on LAYER metal10 = 32129 um.
Total wire length on LAYER metal11 = 18128 um.
Total wire length on LAYER metal12 = 44386 um.
Total wire length on LAYER metal13 = 74741 um.
Total wire length on LAYER metal14 = 89248 um.
Total wire length on LAYER metal15 = 243011 um.
Total wire length on LAYER metal16 = 189072 um.
Total wire length on LAYER metal17 = 798480 um.
Total wire length on LAYER metal18 = 719081 um.
Total wire length on LAYER metal19 = 502118 um.
Total wire length on LAYER metal20 = 1081508 um.
Total number of vias = 2189531.
Up-via summary (total 2189531):

-------------------
  active          0
  metal1     452895
  metal2     463480
  metal3      20331
  metal4      14498
  metal5      14379
  metal6      12949
  metal7      12935
  metal8      12869
  metal9      12834
 metal10       3604
 metal11      12977
 metal12      13363
 metal13      13724
 metal14      13738
 metal15      17667
 metal16      18211
 metal17     214827
 metal18     263528
 metal19     600722
-------------------
            2189531


[INFO DRT-0195] Start 1st optimization iteration.
    Completing 10% with 432593 violations.
    elapsed time = 00:00:28, memory = 22615.59 (MB).
    Completing 20% with 432593 violations.
    elapsed time = 00:00:58, memory = 22030.65 (MB).
    Completing 30% with 356452 violations.
    elapsed time = 00:01:32, memory = 21613.69 (MB).
    Completing 40% with 356452 violations.
    elapsed time = 00:02:02, memory = 22535.04 (MB).
    Completing 50% with 356452 violations.
    elapsed time = 00:02:23, memory = 19246.04 (MB).
    Completing 60% with 275549 violations.
    elapsed time = 00:03:02, memory = 23159.92 (MB).
    Completing 70% with 275549 violations.
    elapsed time = 00:03:30, memory = 22045.68 (MB).
    Completing 80% with 198546 violations.
    elapsed time = 00:04:05, memory = 21881.48 (MB).
    Completing 90% with 198546 violations.
    elapsed time = 00:04:36, memory = 22864.03 (MB).
    Completing 100% with 120211 violations.
    elapsed time = 00:05:03, memory = 19366.60 (MB).
[INFO DRT-0199]   Number of violations = 120229.
Viol/Layer      metal1   via1 metal2   via2 metal3 metal4   via4 metal5   via5 metal6   via7 metal8   via8 metal9   via9 me..10 me..11  via11 me..12  via12 me..13  via13 me..14 me..15 me..16  via16 me..17  via17 me..18  via18 me..19  via19 me..20
Cut Spacing          0      7      0     36      0      0     17      0      5      0      5      0      1      0    122      0      0     40      0      1      0      1      0      0      0     40      0      1      0     40      0     37      0
Metal Spacing       45      0   1540      0     92      1      0      0      0      0      0      1      0      3      0   1660    207      0     25      0    189      0      8    101      0      0    171      0   1417      0  18740      0   2151
NS Metal             0      0      0      0      0      0      0      0      0      0      0      0      0      0      0     17      0      0      3      0      1      0      0      0      0      0      0      0      1      0     10      0      0
Recheck              0      0      0      0      0      0      0      0      0      0      0      0      0      0      0      0      0      0      0      0      0      0      0      0      0      0      0      0      1      0      9      0      8
Short               70      0   9958      1   1353      0      0      9      0      4      0      2      0      7      0     12      3      0      4      0      7      0      1     32     13      0    291      0   1445      0  47392     11  32860
[INFO DRT-0267] cpu time = 07:30:01, elapsed time = 00:17:47, memory = 19282.28 (MB), peak = 23369.22 (MB)
Total wire length = 7113438 um.
Total wire length on LAYER metal1 = 9845 um.
Total wire length on LAYER metal2 = 1152909 um.
Total wire length on LAYER metal3 = 1167989 um.
Total wire length on LAYER metal4 = 315262 um.
Total wire length on LAYER metal5 = 345201 um.
Total wire length on LAYER metal6 = 220776 um.
Total wire length on LAYER metal7 = 58887 um.
Total wire length on LAYER metal8 = 45173 um.
Total wire length on LAYER metal9 = 37086 um.
Total wire length on LAYER metal10 = 31940 um.
Total wire length on LAYER metal11 = 16814 um.
Total wire length on LAYER metal12 = 42698 um.
Total wire length on LAYER metal13 = 73677 um.
Total wire length on LAYER metal14 = 89504 um.
Total wire length on LAYER metal15 = 245766 um.
Total wire length on LAYER metal16 = 190088 um.
Total wire length on LAYER metal17 = 861227 um.
Total wire length on LAYER metal18 = 718503 um.
Total wire length on LAYER metal19 = 425591 um.
Total wire length on LAYER metal20 = 1064490 um.
Total number of vias = 2117176.
Up-via summary (total 2117176):

-------------------
  active          0
  metal1     449377
  metal2     456615
  metal3      20448
  metal4      13946
  metal5      13902
  metal6      12445
  metal7      12443
  metal8      12389
  metal9      12356
 metal10       3119
 metal11      12472
 metal12      12785
 metal13      13225
 metal14      13332
 metal15      17935
 metal16      18587
 metal17     201214
 metal18     230755
 metal19     589831
-------------------
            2117176


[INFO DRT-0195] Start 2nd optimization iteration.
    Completing 10% with 120229 violations.
    elapsed time = 00:00:25, memory = 22379.08 (MB).
    Completing 20% with 120229 violations.
    elapsed time = 00:00:52, memory = 22132.84 (MB).
    Completing 30% with 116948 violations.
    elapsed time = 00:01:22, memory = 21614.21 (MB).
    Completing 40% with 116948 violations.
    elapsed time = 00:01:52, memory = 22813.79 (MB).
    Completing 50% with 116948 violations.
    elapsed time = 00:02:14, memory = 19365.99 (MB).
    Completing 60% with 114338 violations.
    elapsed time = 00:02:49, memory = 23031.11 (MB).
    Completing 70% with 114338 violations.
    elapsed time = 00:03:15, memory = 22232.37 (MB).
    Completing 80% with 110968 violations.
    elapsed time = 00:03:46, memory = 21996.30 (MB).
    Completing 90% with 110968 violations.
    elapsed time = 00:04:17, memory = 23029.88 (MB).
    Completing 100% with 108281 violations.
    elapsed time = 00:04:47, memory = 19479.02 (MB).
[INFO DRT-0199]   Number of violations = 108285.
Viol/Layer      metal1   via1 metal2   via2 metal3   via4 metal5   via5 metal6 metal7   via7   via8 metal9   via9 me..10 me..11  via11 me..12 me..13 me..14  via14 me..15  via15 me..16  via16 me..17 me..18  via18 me..19  via19 me..20
Cut Spacing          0     11      0     25      0      6      0      4      0      0      2      1      0    108      0      0     30      0      0      0      1      0      1      0     25      0      0     12      0     29      0
Metal Spacing       53      0   1292      0     99      0      0      0      0      0      0      0      2      0   1555    193      0     16    175      6      0     80      0      0      0    114   1178      0  16825      0   2064
NS Metal             0      0      0      0      0      0      0      0      0      0      0      0      0      0     10      0      0      1      0      0      0      0      0      0      0      0      0      0     52      0      0
Recheck              0      0      0      0      0      0      0      0      0      0      0      0      0      0      0      0      0      0      0      0      0      0      0      0      0      0      4      0      0      0      0
Short               47      0   8647      0   1294      0      7      0      8      1      0      0      3      0      6      1      0      4     15      0      0     21      0     25      0    118   1052      0  43376      1  29685
[INFO DRT-0267] cpu time = 07:02:20, elapsed time = 00:17:04, memory = 19479.55 (MB), peak = 23403.32 (MB)
Total wire length = 7099029 um.
Total wire length on LAYER metal1 = 9613 um.
Total wire length on LAYER metal2 = 1150210 um.
Total wire length on LAYER metal3 = 1167093 um.
Total wire length on LAYER metal4 = 315039 um.
Total wire length on LAYER metal5 = 345158 um.
Total wire length on LAYER metal6 = 220548 um.
Total wire length on LAYER metal7 = 58745 um.
Total wire length on LAYER metal8 = 44954 um.
Total wire length on LAYER metal9 = 36719 um.
Total wire length on LAYER metal10 = 31584 um.
Total wire length on LAYER metal11 = 16091 um.
Total wire length on LAYER metal12 = 41648 um.
Total wire length on LAYER metal13 = 72960 um.
Total wire length on LAYER metal14 = 89577 um.
Total wire length on LAYER metal15 = 246761 um.
Total wire length on LAYER metal16 = 190141 um.
Total wire length on LAYER metal17 = 865639 um.
Total wire length on LAYER metal18 = 718675 um.
Total wire length on LAYER metal19 = 416823 um.
Total wire length on LAYER metal20 = 1061041 um.
Total number of vias = 2101904.
Up-via summary (total 2101904):

-------------------
  active          0
  metal1     449005
  metal2     453771
  metal3      20146
  metal4      13661
  metal5      13614
  metal6      12161
  metal7      12164
  metal8      12100
  metal9      12064
 metal10       2833
 metal11      12179
 metal12      12422
 metal13      12911
 metal14      12976
 metal15      17651
 metal16      18180
 metal17     197257
 metal18     226840
 metal19     589969
-------------------
            2101904


[INFO DRT-0195] Start 3rd optimization iteration.
    Completing 10% with 108285 violations.
    elapsed time = 00:00:12, memory = 22945.14 (MB).
    Completing 20% with 108285 violations.
    elapsed time = 00:00:26, memory = 22752.63 (MB).
    Completing 30% with 84919 violations.
    elapsed time = 00:00:44, memory = 21760.70 (MB).
    Completing 40% with 84919 violations.
    elapsed time = 00:00:58, memory = 23043.26 (MB).
    Completing 50% with 84919 violations.
    elapsed time = 00:01:13, memory = 19613.62 (MB).
    Completing 60% with 61413 violations.
    elapsed time = 00:01:31, memory = 23522.03 (MB).
    Completing 70% with 61413 violations.
    elapsed time = 00:01:45, memory = 22990.20 (MB).
    Completing 80% with 36461 violations.
    elapsed time = 00:02:04, memory = 22070.99 (MB).
    Completing 90% with 36461 violations.
    elapsed time = 00:02:18, memory = 23289.00 (MB).
    Completing 100% with 12414 violations.
    elapsed time = 00:02:35, memory = 19685.45 (MB).
[INFO DRT-0199]   Number of violations = 12441.
Viol/Layer      metal1   via1 metal2   via2 metal3   via4   via5 metal9   via9 me..10 me..11  via11 me..12 me..13 me..15 me..16  via16 me..17 me..18  via18 me..19  via19 me..20
Cut Spacing          0      2      0      9      0      4      1      0     10      0      0      1      0      0      0      0      5      0      0      5      0     25      0
Metal Spacing        1      0     64      0     15      0      0      7      0    127      7      0     12      3      3      2      0     19    130      0   1865      0   1043
NS Metal             0      0      0      0      0      0      0      0      0      3      0      0      0      0      0      0      0      0      0      0      1      0      6
Recheck              0      0      0      0      0      0      0      0      0      0      0      0      0      0      0      0      0      0      0      0     27      0      0
Short                0      0    360      6     89      0      0      1      0      0      0      0      0      0      1      5      0     19    155      2   2806      8   5592
[INFO DRT-0267] cpu time = 03:27:31, elapsed time = 00:15:23, memory = 19618.14 (MB), peak = 23791.41 (MB)
Total wire length = 7112950 um.
Total wire length on LAYER metal1 = 9030 um.
Total wire length on LAYER metal2 = 1127996 um.
Total wire length on LAYER metal3 = 1167661 um.
Total wire length on LAYER metal4 = 334151 um.
Total wire length on LAYER metal5 = 345438 um.
Total wire length on LAYER metal6 = 221647 um.
Total wire length on LAYER metal7 = 59618 um.
Total wire length on LAYER metal8 = 44834 um.
Total wire length on LAYER metal9 = 35724 um.
Total wire length on LAYER metal10 = 31598 um.
Total wire length on LAYER metal11 = 16168 um.
Total wire length on LAYER metal12 = 41459 um.
Total wire length on LAYER metal13 = 72668 um.
Total wire length on LAYER metal14 = 89664 um.
Total wire length on LAYER metal15 = 249044 um.
Total wire length on LAYER metal16 = 195613 um.
Total wire length on LAYER metal17 = 921566 um.
Total wire length on LAYER metal18 = 766394 um.
Total wire length on LAYER metal19 = 370383 um.
Total wire length on LAYER metal20 = 1012286 um.
Total number of vias = 2200880.
Up-via summary (total 2200880):

-------------------
  active          0
  metal1     447726
  metal2     457914
  metal3      26088
  metal4      13878
  metal5      13646
  metal6      12153
  metal7      12156
  metal8      12095
  metal9      12060
 metal10       2842
 metal11      12172
 metal12      12417
 metal13      12927
 metal14      12982
 metal15      18244
 metal16      19911
 metal17     232581
 metal18     265227
 metal19     603861
-------------------
            2200880


[INFO DRT-0195] Start 4th optimization iteration.
    Completing 10% with 12441 violations.
    elapsed time = 00:00:03, memory = 23223.95 (MB).
    Completing 20% with 12441 violations.
    elapsed time = 00:00:07, memory = 22980.83 (MB).
    Completing 30% with 10271 violations.
    elapsed time = 00:00:16, memory = 22100.21 (MB).
    Completing 40% with 10271 violations.
    elapsed time = 00:00:20, memory = 23372.26 (MB).
    Completing 50% with 10271 violations.
    elapsed time = 00:00:29, memory = 19670.64 (MB).
    Completing 60% with 8006 violations.
    elapsed time = 00:00:35, memory = 23202.18 (MB).
    Completing 70% with 8006 violations.
    elapsed time = 00:00:39, memory = 23263.82 (MB).
    Completing 80% with 5079 violations.
    elapsed time = 00:00:50, memory = 22374.88 (MB).
    Completing 90% with 5079 violations.
    elapsed time = 00:00:55, memory = 23672.39 (MB).
    Completing 100% with 2758 violations.
    elapsed time = 00:01:12, memory = 19661.17 (MB).
[INFO DRT-0199]   Number of violations = 2758.
Viol/Layer      metal2   via2 metal9   via9 me..10 me..11 me..16  via16 me..17 me..18  via18 me..19  via19 me..20
Cut Spacing          0      1      0      4      0      0      0      1      0      0      1      0      3      0
Metal Spacing        0      0      1      0     19      1      1      0      4     26      0    567      0    201
NS Metal             0      0      0      0      0      0      0      0      0      0      0      1      0      0
Short                1      0      0      0      0      0      1      0      7     37      0    631      1   1249
[INFO DRT-0267] cpu time = 01:16:23, elapsed time = 00:14:35, memory = 19661.17 (MB), peak = 23791.41 (MB)
Total wire length = 7113574 um.
Total wire length on LAYER metal1 = 9025 um.
Total wire length on LAYER metal2 = 1127545 um.
Total wire length on LAYER metal3 = 1167592 um.
Total wire length on LAYER metal4 = 334509 um.
Total wire length on LAYER metal5 = 345477 um.
Total wire length on LAYER metal6 = 221730 um.
Total wire length on LAYER metal7 = 59662 um.
Total wire length on LAYER metal8 = 44853 um.
Total wire length on LAYER metal9 = 35650 um.
Total wire length on LAYER metal10 = 31579 um.
Total wire length on LAYER metal11 = 16179 um.
Total wire length on LAYER metal12 = 41461 um.
Total wire length on LAYER metal13 = 72669 um.
Total wire length on LAYER metal14 = 89680 um.
Total wire length on LAYER metal15 = 249328 um.
Total wire length on LAYER metal16 = 197320 um.
Total wire length on LAYER metal17 = 923439 um.
Total wire length on LAYER metal18 = 770293 um.
Total wire length on LAYER metal19 = 368953 um.
Total wire length on LAYER metal20 = 1006620 um.
Total number of vias = 2204883.
Up-via summary (total 2204883):

-------------------
  active          0
  metal1     447716
  metal2     457893
  metal3      26142
  metal4      13875
  metal5      13646
  metal6      12151
  metal7      12154
  metal8      12097
  metal9      12060
 metal10       2842
 metal11      12170
 metal12      12413
 metal13      12927
 metal14      12981
 metal15      18329
 metal16      20234
 metal17     233829
 metal18     266632
 metal19     604792
-------------------
            2204883


[INFO DRT-0195] Start 5th optimization iteration.
    Completing 10% with 2758 violations.
    elapsed time = 00:00:00, memory = 19661.17 (MB).
    Completing 20% with 2758 violations.
    elapsed time = 00:00:00, memory = 19661.17 (MB).
    Completing 30% with 2475 violations.
    elapsed time = 00:00:09, memory = 19657.75 (MB).
    Completing 40% with 2475 violations.
    elapsed time = 00:00:09, memory = 19681.31 (MB).
    Completing 50% with 2475 violations.
    elapsed time = 00:00:20, memory = 19662.51 (MB).
    Completing 60% with 2036 violations.
    elapsed time = 00:00:21, memory = 19667.38 (MB).
    Completing 70% with 2036 violations.
    elapsed time = 00:00:23, memory = 23646.42 (MB).
    Completing 80% with 1674 violations.
    elapsed time = 00:00:31, memory = 19662.75 (MB).
    Completing 90% with 1674 violations.
    elapsed time = 00:00:31, memory = 19662.75 (MB).
    Completing 100% with 1093 violations.
    elapsed time = 00:00:44, memory = 19658.01 (MB).
[INFO DRT-0199]   Number of violations = 1097.
Viol/Layer      metal9 me..10 me..11 me..13 me..16 me..17 me..18 me..19 me..20
Metal Spacing        1      5      1      1      0      2      5    307     60
NS Metal             0      0      0      0      0      0      0      1      0
Recheck              0      0      0      0      0      0      0      4      0
Short                0      0      0      0      1      0      7    294    408
[INFO DRT-0267] cpu time = 00:33:24, elapsed time = 00:13:33, memory = 19658.01 (MB), peak = 23791.41 (MB)
Total wire length = 7113713 um.
Total wire length on LAYER metal1 = 9025 um.
Total wire length on LAYER metal2 = 1127539 um.
Total wire length on LAYER metal3 = 1167578 um.
Total wire length on LAYER metal4 = 334508 um.
Total wire length on LAYER metal5 = 345475 um.
Total wire length on LAYER metal6 = 221760 um.
Total wire length on LAYER metal7 = 59670 um.
Total wire length on LAYER metal8 = 44853 um.
Total wire length on LAYER metal9 = 35646 um.
Total wire length on LAYER metal10 = 31574 um.
Total wire length on LAYER metal11 = 16178 um.
Total wire length on LAYER metal12 = 41473 um.
Total wire length on LAYER metal13 = 72683 um.
Total wire length on LAYER metal14 = 89688 um.
Total wire length on LAYER metal15 = 249439 um.
Total wire length on LAYER metal16 = 198012 um.
Total wire length on LAYER metal17 = 923572 um.
Total wire length on LAYER metal18 = 770850 um.
Total wire length on LAYER metal19 = 368804 um.
Total wire length on LAYER metal20 = 1005375 um.
Total number of vias = 2205743.
Up-via summary (total 2205743):

-------------------
  active          0
  metal1     447716
  metal2     457883
  metal3      26138
  metal4      13876
  metal5      13647
  metal6      12151
  metal7      12154
  metal8      12097
  metal9      12060
 metal10       2844
 metal11      12170
 metal12      12413
 metal13      12927
 metal14      12982
 metal15      18367
 metal16      20383
 metal17     233948
 metal18     266835
 metal19     605152
-------------------
            2205743


[INFO DRT-0198] Complete detail routing.
Total wire length = 7113713 um.
Total wire length on LAYER metal1 = 9025 um.
Total wire length on LAYER metal2 = 1127539 um.
Total wire length on LAYER metal3 = 1167578 um.
Total wire length on LAYER metal4 = 334508 um.
Total wire length on LAYER metal5 = 345475 um.
Total wire length on LAYER metal6 = 221760 um.
Total wire length on LAYER metal7 = 59670 um.
Total wire length on LAYER metal8 = 44853 um.
Total wire length on LAYER metal9 = 35646 um.
Total wire length on LAYER metal10 = 31574 um.
Total wire length on LAYER metal11 = 16178 um.
Total wire length on LAYER metal12 = 41473 um.
Total wire length on LAYER metal13 = 72683 um.
Total wire length on LAYER metal14 = 89688 um.
Total wire length on LAYER metal15 = 249439 um.
Total wire length on LAYER metal16 = 198012 um.
Total wire length on LAYER metal17 = 923572 um.
Total wire length on LAYER metal18 = 770850 um.
Total wire length on LAYER metal19 = 368804 um.
Total wire length on LAYER metal20 = 1005375 um.
Total number of vias = 2205743.
Up-via summary (total 2205743):

-------------------
  active          0
  metal1     447716
  metal2     457883
  metal3      26138
  metal4      13876
  metal5      13647
  metal6      12151
  metal7      12154
  metal8      12097
  metal9      12060
 metal10       2844
 metal11      12170
 metal12      12413
 metal13      12927
 metal14      12982
 metal15      18367
 metal16      20383
 metal17     233948
 metal18     266835
 metal19     605152
-------------------
            2205743


[INFO DRT-0267] cpu time = 30:54:36, elapsed time = 01:39:54, memory = 19658.01 (MB), peak = 23791.41 (MB)

[INFO DRT-0180] Post processing.
Elapsed time: 1:55:37[h:]min:sec. CPU time: user 116798.03 sys 351.54 (1688%). Peak memory: 24362408KB.
