OpenROAD v2.0-17198-g8396d0866 
Features included (+) or not (-): +Charts +GPU +GUI +Python : None
This program is licensed under the BSD-3 license. See the LICENSE file for details.
Components of this program may be licensed under more restrictive licenses which must be honored.
[INFO ORD-0030] Using 104 thread(s).
detailed_route arguments: -droute_end_iter 5
[INFO DRT-0149] Reading tech and libs.

Units:                2000
Number of layers:     41
Number of macros:     279
Number of vias:       55
Number of viarulegen: 39

[INFO DRT-0150] Reading design.
[WARNING DRT-0120] Large net clk has 11594 pins which may impact routing performance. Consider optimization.
[WARNING DRT-0120] Large net swerv/ifu/_2182_ has 129 pins which may impact routing performance. Consider optimization.

Design:                   swerv_wrapper
Die area:                 ( 0 0 ) ( 1600000 1400000 )
Number of track patterns: 80
Number of DEF vias:       0
Number of components:     102336
Number of terminals:      1416
Number of snets:          0
Number of nets:           118435

[WARNING DRT-0419] No routing tracks pass through the center of Term mem/Gen_dccm_enable_dccm/mem_bank_0__dccm_bank/mem/w_mask_in[0]
[WARNING DRT-0419] No routing tracks pass through the center of Term mem/Gen_dccm_enable_dccm/mem_bank_0__dccm_bank/mem/w_mask_in[1]
[WARNING DRT-0419] No routing tracks pass through the center of Term mem/Gen_dccm_enable_dccm/mem_bank_0__dccm_bank/mem/w_mask_in[2]
[WARNING DRT-0419] No routing tracks pass through the center of Term mem/Gen_dccm_enable_dccm/mem_bank_0__dccm_bank/mem/w_mask_in[3]
[WARNING DRT-0419] No routing tracks pass through the center of Term mem/Gen_dccm_enable_dccm/mem_bank_0__dccm_bank/mem/w_mask_in[4]
[WARNING DRT-0419] No routing tracks pass through the center of Term mem/Gen_dccm_enable_dccm/mem_bank_0__dccm_bank/mem/w_mask_in[5]
[WARNING DRT-0419] No routing tracks pass through the center of Term mem/Gen_dccm_enable_dccm/mem_bank_0__dccm_bank/mem/w_mask_in[6]
[WARNING DRT-0419] No routing tracks pass through the center of Term mem/Gen_dccm_enable_dccm/mem_bank_0__dccm_bank/mem/w_mask_in[7]
[WARNING DRT-0419] No routing tracks pass through the center of Term mem/Gen_dccm_enable_dccm/mem_bank_0__dccm_bank/mem/w_mask_in[8]
[WARNING DRT-0419] No routing tracks pass through the center of Term mem/Gen_dccm_enable_dccm/mem_bank_0__dccm_bank/mem/w_mask_in[9]
[WARNING DRT-0419] No routing tracks pass through the center of Term mem/Gen_dccm_enable_dccm/mem_bank_0__dccm_bank/mem/w_mask_in[10]
[WARNING DRT-0419] No routing tracks pass through the center of Term mem/Gen_dccm_enable_dccm/mem_bank_0__dccm_bank/mem/w_mask_in[11]
[WARNING DRT-0419] No routing tracks pass through the center of Term mem/Gen_dccm_enable_dccm/mem_bank_0__dccm_bank/mem/w_mask_in[12]
[WARNING DRT-0419] No routing tracks pass through the center of Term mem/Gen_dccm_enable_dccm/mem_bank_0__dccm_bank/mem/w_mask_in[13]
[WARNING DRT-0419] No routing tracks pass through the center of Term mem/Gen_dccm_enable_dccm/mem_bank_0__dccm_bank/mem/w_mask_in[14]
[WARNING DRT-0419] No routing tracks pass through the center of Term mem/Gen_dccm_enable_dccm/mem_bank_0__dccm_bank/mem/w_mask_in[15]
[WARNING DRT-0419] No routing tracks pass through the center of Term mem/Gen_dccm_enable_dccm/mem_bank_0__dccm_bank/mem/w_mask_in[16]
[WARNING DRT-0419] No routing tracks pass through the center of Term mem/Gen_dccm_enable_dccm/mem_bank_0__dccm_bank/mem/w_mask_in[17]
[WARNING DRT-0419] No routing tracks pass through the center of Term mem/Gen_dccm_enable_dccm/mem_bank_0__dccm_bank/mem/w_mask_in[18]
[WARNING DRT-0419] No routing tracks pass through the center of Term mem/Gen_dccm_enable_dccm/mem_bank_0__dccm_bank/mem/w_mask_in[19]
[WARNING DRT-0419] No routing tracks pass through the center of Term mem/Gen_dccm_enable_dccm/mem_bank_0__dccm_bank/mem/w_mask_in[20]
[WARNING DRT-0419] No routing tracks pass through the center of Term mem/Gen_dccm_enable_dccm/mem_bank_0__dccm_bank/mem/w_mask_in[21]
[WARNING DRT-0419] No routing tracks pass through the center of Term mem/Gen_dccm_enable_dccm/mem_bank_0__dccm_bank/mem/w_mask_in[22]
[WARNING DRT-0419] No routing tracks pass through the center of Term mem/Gen_dccm_enable_dccm/mem_bank_0__dccm_bank/mem/w_mask_in[23]
[WARNING DRT-0419] No routing tracks pass through the center of Term mem/Gen_dccm_enable_dccm/mem_bank_0__dccm_bank/mem/w_mask_in[24]
[WARNING DRT-0419] No routing tracks pass through the center of Term mem/Gen_dccm_enable_dccm/mem_bank_0__dccm_bank/mem/w_mask_in[25]
[WARNING DRT-0419] No routing tracks pass through the center of Term mem/Gen_dccm_enable_dccm/mem_bank_0__dccm_bank/mem/w_mask_in[26]
[WARNING DRT-0419] No routing tracks pass through the center of Term mem/Gen_dccm_enable_dccm/mem_bank_0__dccm_bank/mem/w_mask_in[27]
[WARNING DRT-0419] No routing tracks pass through the center of Term mem/Gen_dccm_enable_dccm/mem_bank_0__dccm_bank/mem/w_mask_in[28]
[WARNING DRT-0419] No routing tracks pass through the center of Term mem/Gen_dccm_enable_dccm/mem_bank_0__dccm_bank/mem/w_mask_in[29]
[WARNING DRT-0419] No routing tracks pass through the center of Term mem/Gen_dccm_enable_dccm/mem_bank_0__dccm_bank/mem/w_mask_in[30]
[WARNING DRT-0419] No routing tracks pass through the center of Term mem/Gen_dccm_enable_dccm/mem_bank_0__dccm_bank/mem/w_mask_in[31]
[WARNING DRT-0419] No routing tracks pass through the center of Term mem/Gen_dccm_enable_dccm/mem_bank_0__dccm_bank/mem/w_mask_in[32]
[WARNING DRT-0419] No routing tracks pass through the center of Term mem/Gen_dccm_enable_dccm/mem_bank_0__dccm_bank/mem/w_mask_in[33]
[WARNING DRT-0419] No routing tracks pass through the center of Term mem/Gen_dccm_enable_dccm/mem_bank_0__dccm_bank/mem/w_mask_in[34]
[WARNING DRT-0419] No routing tracks pass through the center of Term mem/Gen_dccm_enable_dccm/mem_bank_0__dccm_bank/mem/w_mask_in[35]
[WARNING DRT-0419] No routing tracks pass through the center of Term mem/Gen_dccm_enable_dccm/mem_bank_0__dccm_bank/mem/w_mask_in[36]
[WARNING DRT-0419] No routing tracks pass through the center of Term mem/Gen_dccm_enable_dccm/mem_bank_0__dccm_bank/mem/w_mask_in[37]
[WARNING DRT-0419] No routing tracks pass through the center of Term mem/Gen_dccm_enable_dccm/mem_bank_0__dccm_bank/mem/w_mask_in[38]
[WARNING DRT-0419] No routing tracks pass through the center of Term mem/Gen_dccm_enable_dccm/mem_bank_0__dccm_bank/mem/rd_out[0]
[WARNING DRT-0419] No routing tracks pass through the center of Term mem/Gen_dccm_enable_dccm/mem_bank_0__dccm_bank/mem/rd_out[1]
[WARNING DRT-0419] No routing tracks pass through the center of Term mem/Gen_dccm_enable_dccm/mem_bank_0__dccm_bank/mem/rd_out[2]
[WARNING DRT-0419] No routing tracks pass through the center of Term mem/Gen_dccm_enable_dccm/mem_bank_0__dccm_bank/mem/rd_out[3]
[WARNING DRT-0419] No routing tracks pass through the center of Term mem/Gen_dccm_enable_dccm/mem_bank_0__dccm_bank/mem/rd_out[4]
[WARNING DRT-0419] No routing tracks pass through the center of Term mem/Gen_dccm_enable_dccm/mem_bank_0__dccm_bank/mem/rd_out[5]
[WARNING DRT-0419] No routing tracks pass through the center of Term mem/Gen_dccm_enable_dccm/mem_bank_0__dccm_bank/mem/rd_out[6]
[WARNING DRT-0419] No routing tracks pass through the center of Term mem/Gen_dccm_enable_dccm/mem_bank_0__dccm_bank/mem/rd_out[7]
[WARNING DRT-0419] No routing tracks pass through the center of Term mem/Gen_dccm_enable_dccm/mem_bank_0__dccm_bank/mem/rd_out[8]
[WARNING DRT-0419] No routing tracks pass through the center of Term mem/Gen_dccm_enable_dccm/mem_bank_0__dccm_bank/mem/rd_out[9]
[WARNING DRT-0419] No routing tracks pass through the center of Term mem/Gen_dccm_enable_dccm/mem_bank_0__dccm_bank/mem/rd_out[10]
[WARNING DRT-0419] No routing tracks pass through the center of Term mem/Gen_dccm_enable_dccm/mem_bank_0__dccm_bank/mem/rd_out[11]
[WARNING DRT-0419] No routing tracks pass through the center of Term mem/Gen_dccm_enable_dccm/mem_bank_0__dccm_bank/mem/rd_out[12]
[WARNING DRT-0419] No routing tracks pass through the center of Term mem/Gen_dccm_enable_dccm/mem_bank_0__dccm_bank/mem/rd_out[13]
[WARNING DRT-0419] No routing tracks pass through the center of Term mem/Gen_dccm_enable_dccm/mem_bank_0__dccm_bank/mem/rd_out[14]
[WARNING DRT-0419] No routing tracks pass through the center of Term mem/Gen_dccm_enable_dccm/mem_bank_0__dccm_bank/mem/rd_out[15]
[WARNING DRT-0419] No routing tracks pass through the center of Term mem/Gen_dccm_enable_dccm/mem_bank_0__dccm_bank/mem/rd_out[16]
[WARNING DRT-0419] No routing tracks pass through the center of Term mem/Gen_dccm_enable_dccm/mem_bank_0__dccm_bank/mem/rd_out[17]
[WARNING DRT-0419] No routing tracks pass through the center of Term mem/Gen_dccm_enable_dccm/mem_bank_0__dccm_bank/mem/rd_out[18]
[WARNING DRT-0419] No routing tracks pass through the center of Term mem/Gen_dccm_enable_dccm/mem_bank_0__dccm_bank/mem/rd_out[19]
[WARNING DRT-0419] No routing tracks pass through the center of Term mem/Gen_dccm_enable_dccm/mem_bank_0__dccm_bank/mem/rd_out[20]
[WARNING DRT-0419] No routing tracks pass through the center of Term mem/Gen_dccm_enable_dccm/mem_bank_0__dccm_bank/mem/rd_out[21]
[WARNING DRT-0419] No routing tracks pass through the center of Term mem/Gen_dccm_enable_dccm/mem_bank_0__dccm_bank/mem/rd_out[22]
[WARNING DRT-0419] No routing tracks pass through the center of Term mem/Gen_dccm_enable_dccm/mem_bank_0__dccm_bank/mem/rd_out[23]
[WARNING DRT-0419] No routing tracks pass through the center of Term mem/Gen_dccm_enable_dccm/mem_bank_0__dccm_bank/mem/rd_out[24]
[WARNING DRT-0419] No routing tracks pass through the center of Term mem/Gen_dccm_enable_dccm/mem_bank_0__dccm_bank/mem/rd_out[25]
[WARNING DRT-0419] No routing tracks pass through the center of Term mem/Gen_dccm_enable_dccm/mem_bank_0__dccm_bank/mem/rd_out[26]
[WARNING DRT-0419] No routing tracks pass through the center of Term mem/Gen_dccm_enable_dccm/mem_bank_0__dccm_bank/mem/rd_out[27]
[WARNING DRT-0419] No routing tracks pass through the center of Term mem/Gen_dccm_enable_dccm/mem_bank_0__dccm_bank/mem/rd_out[28]
[WARNING DRT-0419] No routing tracks pass through the center of Term mem/Gen_dccm_enable_dccm/mem_bank_0__dccm_bank/mem/rd_out[29]
[WARNING DRT-0419] No routing tracks pass through the center of Term mem/Gen_dccm_enable_dccm/mem_bank_0__dccm_bank/mem/rd_out[30]
[WARNING DRT-0419] No routing tracks pass through the center of Term mem/Gen_dccm_enable_dccm/mem_bank_0__dccm_bank/mem/rd_out[31]
[WARNING DRT-0419] No routing tracks pass through the center of Term mem/Gen_dccm_enable_dccm/mem_bank_0__dccm_bank/mem/rd_out[32]
[WARNING DRT-0419] No routing tracks pass through the center of Term mem/Gen_dccm_enable_dccm/mem_bank_0__dccm_bank/mem/rd_out[33]
[WARNING DRT-0419] No routing tracks pass through the center of Term mem/Gen_dccm_enable_dccm/mem_bank_0__dccm_bank/mem/rd_out[34]
[WARNING DRT-0419] No routing tracks pass through the center of Term mem/Gen_dccm_enable_dccm/mem_bank_0__dccm_bank/mem/rd_out[35]
[WARNING DRT-0419] No routing tracks pass through the center of Term mem/Gen_dccm_enable_dccm/mem_bank_0__dccm_bank/mem/rd_out[36]
[WARNING DRT-0419] No routing tracks pass through the center of Term mem/Gen_dccm_enable_dccm/mem_bank_0__dccm_bank/mem/rd_out[37]
[WARNING DRT-0419] No routing tracks pass through the center of Term mem/Gen_dccm_enable_dccm/mem_bank_0__dccm_bank/mem/rd_out[38]
[WARNING DRT-0419] No routing tracks pass through the center of Term mem/Gen_dccm_enable_dccm/mem_bank_0__dccm_bank/mem/wd_in[0]
[WARNING DRT-0419] No routing tracks pass through the center of Term mem/Gen_dccm_enable_dccm/mem_bank_0__dccm_bank/mem/wd_in[1]
[WARNING DRT-0419] No routing tracks pass through the center of Term mem/Gen_dccm_enable_dccm/mem_bank_0__dccm_bank/mem/wd_in[2]
[WARNING DRT-0419] No routing tracks pass through the center of Term mem/Gen_dccm_enable_dccm/mem_bank_0__dccm_bank/mem/wd_in[3]
[WARNING DRT-0419] No routing tracks pass through the center of Term mem/Gen_dccm_enable_dccm/mem_bank_0__dccm_bank/mem/wd_in[4]
[WARNING DRT-0419] No routing tracks pass through the center of Term mem/Gen_dccm_enable_dccm/mem_bank_0__dccm_bank/mem/wd_in[5]
[WARNING DRT-0419] No routing tracks pass through the center of Term mem/Gen_dccm_enable_dccm/mem_bank_0__dccm_bank/mem/wd_in[6]
[WARNING DRT-0419] No routing tracks pass through the center of Term mem/Gen_dccm_enable_dccm/mem_bank_0__dccm_bank/mem/wd_in[7]
[WARNING DRT-0419] No routing tracks pass through the center of Term mem/Gen_dccm_enable_dccm/mem_bank_0__dccm_bank/mem/wd_in[8]
[WARNING DRT-0419] No routing tracks pass through the center of Term mem/Gen_dccm_enable_dccm/mem_bank_0__dccm_bank/mem/wd_in[9]
[WARNING DRT-0419] No routing tracks pass through the center of Term mem/Gen_dccm_enable_dccm/mem_bank_0__dccm_bank/mem/wd_in[10]
[WARNING DRT-0419] No routing tracks pass through the center of Term mem/Gen_dccm_enable_dccm/mem_bank_0__dccm_bank/mem/wd_in[11]
[WARNING DRT-0419] No routing tracks pass through the center of Term mem/Gen_dccm_enable_dccm/mem_bank_0__dccm_bank/mem/wd_in[12]
[WARNING DRT-0419] No routing tracks pass through the center of Term mem/Gen_dccm_enable_dccm/mem_bank_0__dccm_bank/mem/wd_in[13]
[WARNING DRT-0419] No routing tracks pass through the center of Term mem/Gen_dccm_enable_dccm/mem_bank_0__dccm_bank/mem/wd_in[14]
[WARNING DRT-0419] No routing tracks pass through the center of Term mem/Gen_dccm_enable_dccm/mem_bank_0__dccm_bank/mem/wd_in[15]
[WARNING DRT-0419] No routing tracks pass through the center of Term mem/Gen_dccm_enable_dccm/mem_bank_0__dccm_bank/mem/wd_in[16]
[WARNING DRT-0419] No routing tracks pass through the center of Term mem/Gen_dccm_enable_dccm/mem_bank_0__dccm_bank/mem/wd_in[17]
[WARNING DRT-0419] No routing tracks pass through the center of Term mem/Gen_dccm_enable_dccm/mem_bank_0__dccm_bank/mem/wd_in[18]
[WARNING DRT-0419] No routing tracks pass through the center of Term mem/Gen_dccm_enable_dccm/mem_bank_0__dccm_bank/mem/wd_in[19]
[WARNING DRT-0419] No routing tracks pass through the center of Term mem/Gen_dccm_enable_dccm/mem_bank_0__dccm_bank/mem/wd_in[20]
[WARNING DRT-0419] No routing tracks pass through the center of Term mem/Gen_dccm_enable_dccm/mem_bank_0__dccm_bank/mem/wd_in[21]
[WARNING DRT-0419] No routing tracks pass through the center of Term mem/Gen_dccm_enable_dccm/mem_bank_0__dccm_bank/mem/wd_in[22]
[WARNING DRT-0419] No routing tracks pass through the center of Term mem/Gen_dccm_enable_dccm/mem_bank_0__dccm_bank/mem/wd_in[23]
[WARNING DRT-0419] No routing tracks pass through the center of Term mem/Gen_dccm_enable_dccm/mem_bank_0__dccm_bank/mem/wd_in[24]
[WARNING DRT-0419] No routing tracks pass through the center of Term mem/Gen_dccm_enable_dccm/mem_bank_0__dccm_bank/mem/wd_in[25]
[WARNING DRT-0419] No routing tracks pass through the center of Term mem/Gen_dccm_enable_dccm/mem_bank_0__dccm_bank/mem/wd_in[26]
[WARNING DRT-0419] No routing tracks pass through the center of Term mem/Gen_dccm_enable_dccm/mem_bank_0__dccm_bank/mem/wd_in[27]
[WARNING DRT-0419] No routing tracks pass through the center of Term mem/Gen_dccm_enable_dccm/mem_bank_0__dccm_bank/mem/wd_in[28]
[WARNING DRT-0419] No routing tracks pass through the center of Term mem/Gen_dccm_enable_dccm/mem_bank_0__dccm_bank/mem/wd_in[29]
[WARNING DRT-0419] No routing tracks pass through the center of Term mem/Gen_dccm_enable_dccm/mem_bank_0__dccm_bank/mem/wd_in[30]
[WARNING DRT-0419] No routing tracks pass through the center of Term mem/Gen_dccm_enable_dccm/mem_bank_0__dccm_bank/mem/wd_in[31]
[WARNING DRT-0419] No routing tracks pass through the center of Term mem/Gen_dccm_enable_dccm/mem_bank_0__dccm_bank/mem/wd_in[32]
[WARNING DRT-0419] No routing tracks pass through the center of Term mem/Gen_dccm_enable_dccm/mem_bank_0__dccm_bank/mem/wd_in[33]
[WARNING DRT-0419] No routing tracks pass through the center of Term mem/Gen_dccm_enable_dccm/mem_bank_0__dccm_bank/mem/wd_in[34]
[WARNING DRT-0419] No routing tracks pass through the center of Term mem/Gen_dccm_enable_dccm/mem_bank_0__dccm_bank/mem/wd_in[35]
[WARNING DRT-0419] No routing tracks pass through the center of Term mem/Gen_dccm_enable_dccm/mem_bank_0__dccm_bank/mem/wd_in[36]
[WARNING DRT-0419] No routing tracks pass through the center of Term mem/Gen_dccm_enable_dccm/mem_bank_0__dccm_bank/mem/wd_in[37]
[WARNING DRT-0419] No routing tracks pass through the center of Term mem/Gen_dccm_enable_dccm/mem_bank_0__dccm_bank/mem/wd_in[38]
[WARNING DRT-0419] No routing tracks pass through the center of Term mem/Gen_dccm_enable_dccm/mem_bank_0__dccm_bank/mem/addr_in[0]
[WARNING DRT-0419] No routing tracks pass through the center of Term mem/Gen_dccm_enable_dccm/mem_bank_0__dccm_bank/mem/addr_in[1]
[WARNING DRT-0419] No routing tracks pass through the center of Term mem/Gen_dccm_enable_dccm/mem_bank_0__dccm_bank/mem/addr_in[2]
[WARNING DRT-0419] No routing tracks pass through the center of Term mem/Gen_dccm_enable_dccm/mem_bank_0__dccm_bank/mem/addr_in[3]
[WARNING DRT-0419] No routing tracks pass through the center of Term mem/Gen_dccm_enable_dccm/mem_bank_0__dccm_bank/mem/addr_in[4]
[WARNING DRT-0419] No routing tracks pass through the center of Term mem/Gen_dccm_enable_dccm/mem_bank_0__dccm_bank/mem/addr_in[5]
[WARNING DRT-0419] No routing tracks pass through the center of Term mem/Gen_dccm_enable_dccm/mem_bank_0__dccm_bank/mem/addr_in[6]
[WARNING DRT-0419] No routing tracks pass through the center of Term mem/Gen_dccm_enable_dccm/mem_bank_0__dccm_bank/mem/addr_in[7]
[WARNING DRT-0419] No routing tracks pass through the center of Term mem/Gen_dccm_enable_dccm/mem_bank_0__dccm_bank/mem/addr_in[8]
[WARNING DRT-0419] No routing tracks pass through the center of Term mem/Gen_dccm_enable_dccm/mem_bank_0__dccm_bank/mem/addr_in[9]
[WARNING DRT-0419] No routing tracks pass through the center of Term mem/Gen_dccm_enable_dccm/mem_bank_0__dccm_bank/mem/addr_in[10]
[WARNING DRT-0419] No routing tracks pass through the center of Term mem/Gen_dccm_enable_dccm/mem_bank_0__dccm_bank/mem/we_in
[WARNING DRT-0419] No routing tracks pass through the center of Term mem/Gen_dccm_enable_dccm/mem_bank_0__dccm_bank/mem/ce_in
[WARNING DRT-0419] No routing tracks pass through the center of Term mem/Gen_dccm_enable_dccm/mem_bank_0__dccm_bank/mem/clk
[WARNING DRT-0419] No routing tracks pass through the center of Term mem/Gen_dccm_enable_dccm/mem_bank_1__dccm_bank/mem/w_mask_in[0]
[WARNING DRT-0419] No routing tracks pass through the center of Term mem/Gen_dccm_enable_dccm/mem_bank_1__dccm_bank/mem/w_mask_in[1]
[WARNING DRT-0419] No routing tracks pass through the center of Term mem/Gen_dccm_enable_dccm/mem_bank_1__dccm_bank/mem/w_mask_in[2]
[WARNING DRT-0419] No routing tracks pass through the center of Term mem/Gen_dccm_enable_dccm/mem_bank_1__dccm_bank/mem/w_mask_in[3]
[WARNING DRT-0419] No routing tracks pass through the center of Term mem/Gen_dccm_enable_dccm/mem_bank_1__dccm_bank/mem/w_mask_in[4]
[WARNING DRT-0419] No routing tracks pass through the center of Term mem/Gen_dccm_enable_dccm/mem_bank_1__dccm_bank/mem/w_mask_in[5]
[WARNING DRT-0419] No routing tracks pass through the center of Term mem/Gen_dccm_enable_dccm/mem_bank_1__dccm_bank/mem/w_mask_in[6]
[WARNING DRT-0419] No routing tracks pass through the center of Term mem/Gen_dccm_enable_dccm/mem_bank_1__dccm_bank/mem/w_mask_in[7]
[WARNING DRT-0419] No routing tracks pass through the center of Term mem/Gen_dccm_enable_dccm/mem_bank_1__dccm_bank/mem/w_mask_in[8]
[WARNING DRT-0419] No routing tracks pass through the center of Term mem/Gen_dccm_enable_dccm/mem_bank_1__dccm_bank/mem/w_mask_in[9]
[WARNING DRT-0419] No routing tracks pass through the center of Term mem/Gen_dccm_enable_dccm/mem_bank_1__dccm_bank/mem/w_mask_in[10]
[WARNING DRT-0419] No routing tracks pass through the center of Term mem/Gen_dccm_enable_dccm/mem_bank_1__dccm_bank/mem/w_mask_in[11]
[WARNING DRT-0419] No routing tracks pass through the center of Term mem/Gen_dccm_enable_dccm/mem_bank_1__dccm_bank/mem/w_mask_in[12]
[WARNING DRT-0419] No routing tracks pass through the center of Term mem/Gen_dccm_enable_dccm/mem_bank_1__dccm_bank/mem/w_mask_in[13]
[WARNING DRT-0419] No routing tracks pass through the center of Term mem/Gen_dccm_enable_dccm/mem_bank_1__dccm_bank/mem/w_mask_in[14]
[WARNING DRT-0419] No routing tracks pass through the center of Term mem/Gen_dccm_enable_dccm/mem_bank_1__dccm_bank/mem/w_mask_in[15]
[WARNING DRT-0419] No routing tracks pass through the center of Term mem/Gen_dccm_enable_dccm/mem_bank_1__dccm_bank/mem/w_mask_in[16]
[WARNING DRT-0419] No routing tracks pass through the center of Term mem/Gen_dccm_enable_dccm/mem_bank_1__dccm_bank/mem/w_mask_in[17]
[WARNING DRT-0419] No routing tracks pass through the center of Term mem/Gen_dccm_enable_dccm/mem_bank_1__dccm_bank/mem/w_mask_in[18]
[WARNING DRT-0419] No routing tracks pass through the center of Term mem/Gen_dccm_enable_dccm/mem_bank_1__dccm_bank/mem/w_mask_in[19]
[WARNING DRT-0419] No routing tracks pass through the center of Term mem/Gen_dccm_enable_dccm/mem_bank_1__dccm_bank/mem/w_mask_in[20]
[WARNING DRT-0419] No routing tracks pass through the center of Term mem/Gen_dccm_enable_dccm/mem_bank_1__dccm_bank/mem/w_mask_in[21]
[WARNING DRT-0419] No routing tracks pass through the center of Term mem/Gen_dccm_enable_dccm/mem_bank_1__dccm_bank/mem/w_mask_in[22]
[WARNING DRT-0419] No routing tracks pass through the center of Term mem/Gen_dccm_enable_dccm/mem_bank_1__dccm_bank/mem/w_mask_in[23]
[WARNING DRT-0419] No routing tracks pass through the center of Term mem/Gen_dccm_enable_dccm/mem_bank_1__dccm_bank/mem/w_mask_in[24]
[WARNING DRT-0419] No routing tracks pass through the center of Term mem/Gen_dccm_enable_dccm/mem_bank_1__dccm_bank/mem/w_mask_in[25]
[WARNING DRT-0419] No routing tracks pass through the center of Term mem/Gen_dccm_enable_dccm/mem_bank_1__dccm_bank/mem/w_mask_in[26]
[WARNING DRT-0419] No routing tracks pass through the center of Term mem/Gen_dccm_enable_dccm/mem_bank_1__dccm_bank/mem/w_mask_in[27]
[WARNING DRT-0419] No routing tracks pass through the center of Term mem/Gen_dccm_enable_dccm/mem_bank_1__dccm_bank/mem/w_mask_in[28]
[WARNING DRT-0419] No routing tracks pass through the center of Term mem/Gen_dccm_enable_dccm/mem_bank_1__dccm_bank/mem/w_mask_in[29]
[WARNING DRT-0419] No routing tracks pass through the center of Term mem/Gen_dccm_enable_dccm/mem_bank_1__dccm_bank/mem/w_mask_in[30]
[WARNING DRT-0419] No routing tracks pass through the center of Term mem/Gen_dccm_enable_dccm/mem_bank_1__dccm_bank/mem/w_mask_in[31]
[WARNING DRT-0419] No routing tracks pass through the center of Term mem/Gen_dccm_enable_dccm/mem_bank_1__dccm_bank/mem/w_mask_in[32]
[WARNING DRT-0419] No routing tracks pass through the center of Term mem/Gen_dccm_enable_dccm/mem_bank_1__dccm_bank/mem/w_mask_in[33]
[WARNING DRT-0419] No routing tracks pass through the center of Term mem/Gen_dccm_enable_dccm/mem_bank_1__dccm_bank/mem/w_mask_in[34]
[WARNING DRT-0419] No routing tracks pass through the center of Term mem/Gen_dccm_enable_dccm/mem_bank_1__dccm_bank/mem/w_mask_in[35]
[WARNING DRT-0419] No routing tracks pass through the center of Term mem/Gen_dccm_enable_dccm/mem_bank_1__dccm_bank/mem/w_mask_in[36]
[WARNING DRT-0419] No routing tracks pass through the center of Term mem/Gen_dccm_enable_dccm/mem_bank_1__dccm_bank/mem/w_mask_in[37]
[WARNING DRT-0419] No routing tracks pass through the center of Term mem/Gen_dccm_enable_dccm/mem_bank_1__dccm_bank/mem/w_mask_in[38]
[WARNING DRT-0419] No routing tracks pass through the center of Term mem/Gen_dccm_enable_dccm/mem_bank_1__dccm_bank/mem/rd_out[0]
[WARNING DRT-0419] No routing tracks pass through the center of Term mem/Gen_dccm_enable_dccm/mem_bank_1__dccm_bank/mem/rd_out[1]
[WARNING DRT-0419] No routing tracks pass through the center of Term mem/Gen_dccm_enable_dccm/mem_bank_1__dccm_bank/mem/rd_out[2]
[WARNING DRT-0419] No routing tracks pass through the center of Term mem/Gen_dccm_enable_dccm/mem_bank_1__dccm_bank/mem/rd_out[3]
[WARNING DRT-0419] No routing tracks pass through the center of Term mem/Gen_dccm_enable_dccm/mem_bank_1__dccm_bank/mem/rd_out[4]
[WARNING DRT-0419] No routing tracks pass through the center of Term mem/Gen_dccm_enable_dccm/mem_bank_1__dccm_bank/mem/rd_out[5]
[WARNING DRT-0419] No routing tracks pass through the center of Term mem/Gen_dccm_enable_dccm/mem_bank_1__dccm_bank/mem/rd_out[6]
[WARNING DRT-0419] No routing tracks pass through the center of Term mem/Gen_dccm_enable_dccm/mem_bank_1__dccm_bank/mem/rd_out[7]
[WARNING DRT-0419] No routing tracks pass through the center of Term mem/Gen_dccm_enable_dccm/mem_bank_1__dccm_bank/mem/rd_out[8]
[WARNING DRT-0419] No routing tracks pass through the center of Term mem/Gen_dccm_enable_dccm/mem_bank_1__dccm_bank/mem/rd_out[9]
[WARNING DRT-0419] No routing tracks pass through the center of Term mem/Gen_dccm_enable_dccm/mem_bank_1__dccm_bank/mem/rd_out[10]
[WARNING DRT-0419] No routing tracks pass through the center of Term mem/Gen_dccm_enable_dccm/mem_bank_1__dccm_bank/mem/rd_out[11]
[WARNING DRT-0419] No routing tracks pass through the center of Term mem/Gen_dccm_enable_dccm/mem_bank_1__dccm_bank/mem/rd_out[12]
[WARNING DRT-0419] No routing tracks pass through the center of Term mem/Gen_dccm_enable_dccm/mem_bank_1__dccm_bank/mem/rd_out[13]
[WARNING DRT-0419] No routing tracks pass through the center of Term mem/Gen_dccm_enable_dccm/mem_bank_1__dccm_bank/mem/rd_out[14]
[WARNING DRT-0419] No routing tracks pass through the center of Term mem/Gen_dccm_enable_dccm/mem_bank_1__dccm_bank/mem/rd_out[15]
[WARNING DRT-0419] No routing tracks pass through the center of Term mem/Gen_dccm_enable_dccm/mem_bank_1__dccm_bank/mem/rd_out[16]
[WARNING DRT-0419] No routing tracks pass through the center of Term mem/Gen_dccm_enable_dccm/mem_bank_1__dccm_bank/mem/rd_out[17]
[WARNING DRT-0419] No routing tracks pass through the center of Term mem/Gen_dccm_enable_dccm/mem_bank_1__dccm_bank/mem/rd_out[18]
[WARNING DRT-0419] No routing tracks pass through the center of Term mem/Gen_dccm_enable_dccm/mem_bank_1__dccm_bank/mem/rd_out[19]
[WARNING DRT-0419] No routing tracks pass through the center of Term mem/Gen_dccm_enable_dccm/mem_bank_1__dccm_bank/mem/rd_out[20]
[WARNING DRT-0419] No routing tracks pass through the center of Term mem/Gen_dccm_enable_dccm/mem_bank_1__dccm_bank/mem/rd_out[21]
[WARNING DRT-0419] No routing tracks pass through the center of Term mem/Gen_dccm_enable_dccm/mem_bank_1__dccm_bank/mem/rd_out[22]
[WARNING DRT-0419] No routing tracks pass through the center of Term mem/Gen_dccm_enable_dccm/mem_bank_1__dccm_bank/mem/rd_out[23]
[WARNING DRT-0419] No routing tracks pass through the center of Term mem/Gen_dccm_enable_dccm/mem_bank_1__dccm_bank/mem/rd_out[24]
[WARNING DRT-0419] No routing tracks pass through the center of Term mem/Gen_dccm_enable_dccm/mem_bank_1__dccm_bank/mem/rd_out[25]
[WARNING DRT-0419] No routing tracks pass through the center of Term mem/Gen_dccm_enable_dccm/mem_bank_1__dccm_bank/mem/rd_out[26]
[WARNING DRT-0419] No routing tracks pass through the center of Term mem/Gen_dccm_enable_dccm/mem_bank_1__dccm_bank/mem/rd_out[27]
[WARNING DRT-0419] No routing tracks pass through the center of Term mem/Gen_dccm_enable_dccm/mem_bank_1__dccm_bank/mem/rd_out[28]
[WARNING DRT-0419] No routing tracks pass through the center of Term mem/Gen_dccm_enable_dccm/mem_bank_1__dccm_bank/mem/rd_out[29]
[WARNING DRT-0419] No routing tracks pass through the center of Term mem/Gen_dccm_enable_dccm/mem_bank_1__dccm_bank/mem/rd_out[30]
[WARNING DRT-0419] No routing tracks pass through the center of Term mem/Gen_dccm_enable_dccm/mem_bank_1__dccm_bank/mem/rd_out[31]
[WARNING DRT-0419] No routing tracks pass through the center of Term mem/Gen_dccm_enable_dccm/mem_bank_1__dccm_bank/mem/rd_out[32]
[WARNING DRT-0419] No routing tracks pass through the center of Term mem/Gen_dccm_enable_dccm/mem_bank_1__dccm_bank/mem/rd_out[33]
[WARNING DRT-0419] No routing tracks pass through the center of Term mem/Gen_dccm_enable_dccm/mem_bank_1__dccm_bank/mem/rd_out[34]
[WARNING DRT-0419] No routing tracks pass through the center of Term mem/Gen_dccm_enable_dccm/mem_bank_1__dccm_bank/mem/rd_out[35]
[WARNING DRT-0419] No routing tracks pass through the center of Term mem/Gen_dccm_enable_dccm/mem_bank_1__dccm_bank/mem/rd_out[36]
[WARNING DRT-0419] No routing tracks pass through the center of Term mem/Gen_dccm_enable_dccm/mem_bank_1__dccm_bank/mem/rd_out[37]
[WARNING DRT-0419] No routing tracks pass through the center of Term mem/Gen_dccm_enable_dccm/mem_bank_1__dccm_bank/mem/rd_out[38]
[WARNING DRT-0419] No routing tracks pass through the center of Term mem/Gen_dccm_enable_dccm/mem_bank_1__dccm_bank/mem/wd_in[0]
[WARNING DRT-0419] No routing tracks pass through the center of Term mem/Gen_dccm_enable_dccm/mem_bank_1__dccm_bank/mem/wd_in[1]
[WARNING DRT-0419] No routing tracks pass through the center of Term mem/Gen_dccm_enable_dccm/mem_bank_1__dccm_bank/mem/wd_in[2]
[WARNING DRT-0419] No routing tracks pass through the center of Term mem/Gen_dccm_enable_dccm/mem_bank_1__dccm_bank/mem/wd_in[3]
[WARNING DRT-0419] No routing tracks pass through the center of Term mem/Gen_dccm_enable_dccm/mem_bank_1__dccm_bank/mem/wd_in[4]
[WARNING DRT-0419] No routing tracks pass through the center of Term mem/Gen_dccm_enable_dccm/mem_bank_1__dccm_bank/mem/wd_in[5]
[WARNING DRT-0419] No routing tracks pass through the center of Term mem/Gen_dccm_enable_dccm/mem_bank_1__dccm_bank/mem/wd_in[6]
[WARNING DRT-0419] No routing tracks pass through the center of Term mem/Gen_dccm_enable_dccm/mem_bank_1__dccm_bank/mem/wd_in[7]
[WARNING DRT-0419] No routing tracks pass through the center of Term mem/Gen_dccm_enable_dccm/mem_bank_1__dccm_bank/mem/wd_in[8]
[WARNING DRT-0419] No routing tracks pass through the center of Term mem/Gen_dccm_enable_dccm/mem_bank_1__dccm_bank/mem/wd_in[9]
[WARNING DRT-0419] No routing tracks pass through the center of Term mem/Gen_dccm_enable_dccm/mem_bank_1__dccm_bank/mem/wd_in[10]
[WARNING DRT-0419] No routing tracks pass through the center of Term mem/Gen_dccm_enable_dccm/mem_bank_1__dccm_bank/mem/wd_in[11]
[WARNING DRT-0419] No routing tracks pass through the center of Term mem/Gen_dccm_enable_dccm/mem_bank_1__dccm_bank/mem/wd_in[12]
[WARNING DRT-0419] No routing tracks pass through the center of Term mem/Gen_dccm_enable_dccm/mem_bank_1__dccm_bank/mem/wd_in[13]
[WARNING DRT-0419] No routing tracks pass through the center of Term mem/Gen_dccm_enable_dccm/mem_bank_1__dccm_bank/mem/wd_in[14]
[WARNING DRT-0419] No routing tracks pass through the center of Term mem/Gen_dccm_enable_dccm/mem_bank_1__dccm_bank/mem/wd_in[15]
[WARNING DRT-0419] No routing tracks pass through the center of Term mem/Gen_dccm_enable_dccm/mem_bank_1__dccm_bank/mem/wd_in[16]
[WARNING DRT-0419] No routing tracks pass through the center of Term mem/Gen_dccm_enable_dccm/mem_bank_1__dccm_bank/mem/wd_in[17]
[WARNING DRT-0419] No routing tracks pass through the center of Term mem/Gen_dccm_enable_dccm/mem_bank_1__dccm_bank/mem/wd_in[18]
[WARNING DRT-0419] No routing tracks pass through the center of Term mem/Gen_dccm_enable_dccm/mem_bank_1__dccm_bank/mem/wd_in[19]
[WARNING DRT-0419] No routing tracks pass through the center of Term mem/Gen_dccm_enable_dccm/mem_bank_1__dccm_bank/mem/wd_in[20]
[WARNING DRT-0419] No routing tracks pass through the center of Term mem/Gen_dccm_enable_dccm/mem_bank_1__dccm_bank/mem/wd_in[21]
[WARNING DRT-0419] No routing tracks pass through the center of Term mem/Gen_dccm_enable_dccm/mem_bank_1__dccm_bank/mem/wd_in[22]
[WARNING DRT-0419] No routing tracks pass through the center of Term mem/Gen_dccm_enable_dccm/mem_bank_1__dccm_bank/mem/wd_in[23]
[WARNING DRT-0419] No routing tracks pass through the center of Term mem/Gen_dccm_enable_dccm/mem_bank_1__dccm_bank/mem/wd_in[24]
[WARNING DRT-0419] No routing tracks pass through the center of Term mem/Gen_dccm_enable_dccm/mem_bank_1__dccm_bank/mem/wd_in[25]
[WARNING DRT-0419] No routing tracks pass through the center of Term mem/Gen_dccm_enable_dccm/mem_bank_1__dccm_bank/mem/wd_in[26]
[WARNING DRT-0419] No routing tracks pass through the center of Term mem/Gen_dccm_enable_dccm/mem_bank_1__dccm_bank/mem/wd_in[27]
[WARNING DRT-0419] No routing tracks pass through the center of Term mem/Gen_dccm_enable_dccm/mem_bank_1__dccm_bank/mem/wd_in[28]
[WARNING DRT-0419] No routing tracks pass through the center of Term mem/Gen_dccm_enable_dccm/mem_bank_1__dccm_bank/mem/wd_in[29]
[WARNING DRT-0419] No routing tracks pass through the center of Term mem/Gen_dccm_enable_dccm/mem_bank_1__dccm_bank/mem/wd_in[30]
[WARNING DRT-0419] No routing tracks pass through the center of Term mem/Gen_dccm_enable_dccm/mem_bank_1__dccm_bank/mem/wd_in[31]
[WARNING DRT-0419] No routing tracks pass through the center of Term mem/Gen_dccm_enable_dccm/mem_bank_1__dccm_bank/mem/wd_in[32]
[WARNING DRT-0419] No routing tracks pass through the center of Term mem/Gen_dccm_enable_dccm/mem_bank_1__dccm_bank/mem/wd_in[33]
[WARNING DRT-0419] No routing tracks pass through the center of Term mem/Gen_dccm_enable_dccm/mem_bank_1__dccm_bank/mem/wd_in[34]
[WARNING DRT-0419] No routing tracks pass through the center of Term mem/Gen_dccm_enable_dccm/mem_bank_1__dccm_bank/mem/wd_in[35]
[WARNING DRT-0419] No routing tracks pass through the center of Term mem/Gen_dccm_enable_dccm/mem_bank_1__dccm_bank/mem/wd_in[36]
[WARNING DRT-0419] No routing tracks pass through the center of Term mem/Gen_dccm_enable_dccm/mem_bank_1__dccm_bank/mem/wd_in[37]
[WARNING DRT-0419] No routing tracks pass through the center of Term mem/Gen_dccm_enable_dccm/mem_bank_1__dccm_bank/mem/wd_in[38]
[WARNING DRT-0419] No routing tracks pass through the center of Term mem/Gen_dccm_enable_dccm/mem_bank_1__dccm_bank/mem/addr_in[0]
[WARNING DRT-0419] No routing tracks pass through the center of Term mem/Gen_dccm_enable_dccm/mem_bank_1__dccm_bank/mem/addr_in[1]
[WARNING DRT-0419] No routing tracks pass through the center of Term mem/Gen_dccm_enable_dccm/mem_bank_1__dccm_bank/mem/addr_in[2]
[WARNING DRT-0419] No routing tracks pass through the center of Term mem/Gen_dccm_enable_dccm/mem_bank_1__dccm_bank/mem/addr_in[3]
[WARNING DRT-0419] No routing tracks pass through the center of Term mem/Gen_dccm_enable_dccm/mem_bank_1__dccm_bank/mem/addr_in[4]
[WARNING DRT-0419] No routing tracks pass through the center of Term mem/Gen_dccm_enable_dccm/mem_bank_1__dccm_bank/mem/addr_in[5]
[WARNING DRT-0419] No routing tracks pass through the center of Term mem/Gen_dccm_enable_dccm/mem_bank_1__dccm_bank/mem/addr_in[6]
[WARNING DRT-0419] No routing tracks pass through the center of Term mem/Gen_dccm_enable_dccm/mem_bank_1__dccm_bank/mem/addr_in[7]
[WARNING DRT-0419] No routing tracks pass through the center of Term mem/Gen_dccm_enable_dccm/mem_bank_1__dccm_bank/mem/addr_in[8]
[WARNING DRT-0419] No routing tracks pass through the center of Term mem/Gen_dccm_enable_dccm/mem_bank_1__dccm_bank/mem/addr_in[9]
[WARNING DRT-0419] No routing tracks pass through the center of Term mem/Gen_dccm_enable_dccm/mem_bank_1__dccm_bank/mem/addr_in[10]
[WARNING DRT-0419] No routing tracks pass through the center of Term mem/Gen_dccm_enable_dccm/mem_bank_1__dccm_bank/mem/we_in
[WARNING DRT-0419] No routing tracks pass through the center of Term mem/Gen_dccm_enable_dccm/mem_bank_1__dccm_bank/mem/ce_in
[WARNING DRT-0419] No routing tracks pass through the center of Term mem/Gen_dccm_enable_dccm/mem_bank_1__dccm_bank/mem/clk
[WARNING DRT-0419] No routing tracks pass through the center of Term mem/Gen_dccm_enable_dccm/mem_bank_2__dccm_bank/mem/w_mask_in[0]
[WARNING DRT-0419] No routing tracks pass through the center of Term mem/Gen_dccm_enable_dccm/mem_bank_2__dccm_bank/mem/w_mask_in[1]
[WARNING DRT-0419] No routing tracks pass through the center of Term mem/Gen_dccm_enable_dccm/mem_bank_2__dccm_bank/mem/w_mask_in[2]
[WARNING DRT-0419] No routing tracks pass through the center of Term mem/Gen_dccm_enable_dccm/mem_bank_2__dccm_bank/mem/w_mask_in[3]
[WARNING DRT-0419] No routing tracks pass through the center of Term mem/Gen_dccm_enable_dccm/mem_bank_2__dccm_bank/mem/w_mask_in[4]
[WARNING DRT-0419] No routing tracks pass through the center of Term mem/Gen_dccm_enable_dccm/mem_bank_2__dccm_bank/mem/w_mask_in[5]
[WARNING DRT-0419] No routing tracks pass through the center of Term mem/Gen_dccm_enable_dccm/mem_bank_2__dccm_bank/mem/w_mask_in[6]
[WARNING DRT-0419] No routing tracks pass through the center of Term mem/Gen_dccm_enable_dccm/mem_bank_2__dccm_bank/mem/w_mask_in[7]
[WARNING DRT-0419] No routing tracks pass through the center of Term mem/Gen_dccm_enable_dccm/mem_bank_2__dccm_bank/mem/w_mask_in[8]
[WARNING DRT-0419] No routing tracks pass through the center of Term mem/Gen_dccm_enable_dccm/mem_bank_2__dccm_bank/mem/w_mask_in[9]
[WARNING DRT-0419] No routing tracks pass through the center of Term mem/Gen_dccm_enable_dccm/mem_bank_2__dccm_bank/mem/w_mask_in[10]
[WARNING DRT-0419] No routing tracks pass through the center of Term mem/Gen_dccm_enable_dccm/mem_bank_2__dccm_bank/mem/w_mask_in[11]
[WARNING DRT-0419] No routing tracks pass through the center of Term mem/Gen_dccm_enable_dccm/mem_bank_2__dccm_bank/mem/w_mask_in[12]
[WARNING DRT-0419] No routing tracks pass through the center of Term mem/Gen_dccm_enable_dccm/mem_bank_2__dccm_bank/mem/w_mask_in[13]
[WARNING DRT-0419] No routing tracks pass through the center of Term mem/Gen_dccm_enable_dccm/mem_bank_2__dccm_bank/mem/w_mask_in[14]
[WARNING DRT-0419] No routing tracks pass through the center of Term mem/Gen_dccm_enable_dccm/mem_bank_2__dccm_bank/mem/w_mask_in[15]
[WARNING DRT-0419] No routing tracks pass through the center of Term mem/Gen_dccm_enable_dccm/mem_bank_2__dccm_bank/mem/w_mask_in[16]
[WARNING DRT-0419] No routing tracks pass through the center of Term mem/Gen_dccm_enable_dccm/mem_bank_2__dccm_bank/mem/w_mask_in[17]
[WARNING DRT-0419] No routing tracks pass through the center of Term mem/Gen_dccm_enable_dccm/mem_bank_2__dccm_bank/mem/w_mask_in[18]
[WARNING DRT-0419] No routing tracks pass through the center of Term mem/Gen_dccm_enable_dccm/mem_bank_2__dccm_bank/mem/w_mask_in[19]
[WARNING DRT-0419] No routing tracks pass through the center of Term mem/Gen_dccm_enable_dccm/mem_bank_2__dccm_bank/mem/w_mask_in[20]
[WARNING DRT-0419] No routing tracks pass through the center of Term mem/Gen_dccm_enable_dccm/mem_bank_2__dccm_bank/mem/w_mask_in[21]
[WARNING DRT-0419] No routing tracks pass through the center of Term mem/Gen_dccm_enable_dccm/mem_bank_2__dccm_bank/mem/w_mask_in[22]
[WARNING DRT-0419] No routing tracks pass through the center of Term mem/Gen_dccm_enable_dccm/mem_bank_2__dccm_bank/mem/w_mask_in[23]
[WARNING DRT-0419] No routing tracks pass through the center of Term mem/Gen_dccm_enable_dccm/mem_bank_2__dccm_bank/mem/w_mask_in[24]
[WARNING DRT-0419] No routing tracks pass through the center of Term mem/Gen_dccm_enable_dccm/mem_bank_2__dccm_bank/mem/w_mask_in[25]
[WARNING DRT-0419] No routing tracks pass through the center of Term mem/Gen_dccm_enable_dccm/mem_bank_2__dccm_bank/mem/w_mask_in[26]
[WARNING DRT-0419] No routing tracks pass through the center of Term mem/Gen_dccm_enable_dccm/mem_bank_2__dccm_bank/mem/w_mask_in[27]
[WARNING DRT-0419] No routing tracks pass through the center of Term mem/Gen_dccm_enable_dccm/mem_bank_2__dccm_bank/mem/w_mask_in[28]
[WARNING DRT-0419] No routing tracks pass through the center of Term mem/Gen_dccm_enable_dccm/mem_bank_2__dccm_bank/mem/w_mask_in[29]
[WARNING DRT-0419] No routing tracks pass through the center of Term mem/Gen_dccm_enable_dccm/mem_bank_2__dccm_bank/mem/w_mask_in[30]
[WARNING DRT-0419] No routing tracks pass through the center of Term mem/Gen_dccm_enable_dccm/mem_bank_2__dccm_bank/mem/w_mask_in[31]
[WARNING DRT-0419] No routing tracks pass through the center of Term mem/Gen_dccm_enable_dccm/mem_bank_2__dccm_bank/mem/w_mask_in[32]
[WARNING DRT-0419] No routing tracks pass through the center of Term mem/Gen_dccm_enable_dccm/mem_bank_2__dccm_bank/mem/w_mask_in[33]
[WARNING DRT-0419] No routing tracks pass through the center of Term mem/Gen_dccm_enable_dccm/mem_bank_2__dccm_bank/mem/w_mask_in[34]
[WARNING DRT-0419] No routing tracks pass through the center of Term mem/Gen_dccm_enable_dccm/mem_bank_2__dccm_bank/mem/w_mask_in[35]
[WARNING DRT-0419] No routing tracks pass through the center of Term mem/Gen_dccm_enable_dccm/mem_bank_2__dccm_bank/mem/w_mask_in[36]
[WARNING DRT-0419] No routing tracks pass through the center of Term mem/Gen_dccm_enable_dccm/mem_bank_2__dccm_bank/mem/w_mask_in[37]
[WARNING DRT-0419] No routing tracks pass through the center of Term mem/Gen_dccm_enable_dccm/mem_bank_2__dccm_bank/mem/w_mask_in[38]
[WARNING DRT-0419] No routing tracks pass through the center of Term mem/Gen_dccm_enable_dccm/mem_bank_2__dccm_bank/mem/rd_out[0]
[WARNING DRT-0419] No routing tracks pass through the center of Term mem/Gen_dccm_enable_dccm/mem_bank_2__dccm_bank/mem/rd_out[1]
[WARNING DRT-0419] No routing tracks pass through the center of Term mem/Gen_dccm_enable_dccm/mem_bank_2__dccm_bank/mem/rd_out[2]
[WARNING DRT-0419] No routing tracks pass through the center of Term mem/Gen_dccm_enable_dccm/mem_bank_2__dccm_bank/mem/rd_out[3]
[WARNING DRT-0419] No routing tracks pass through the center of Term mem/Gen_dccm_enable_dccm/mem_bank_2__dccm_bank/mem/rd_out[4]
[WARNING DRT-0419] No routing tracks pass through the center of Term mem/Gen_dccm_enable_dccm/mem_bank_2__dccm_bank/mem/rd_out[5]
[WARNING DRT-0419] No routing tracks pass through the center of Term mem/Gen_dccm_enable_dccm/mem_bank_2__dccm_bank/mem/rd_out[6]
[WARNING DRT-0419] No routing tracks pass through the center of Term mem/Gen_dccm_enable_dccm/mem_bank_2__dccm_bank/mem/rd_out[7]
[WARNING DRT-0419] No routing tracks pass through the center of Term mem/Gen_dccm_enable_dccm/mem_bank_2__dccm_bank/mem/rd_out[8]
[WARNING DRT-0419] No routing tracks pass through the center of Term mem/Gen_dccm_enable_dccm/mem_bank_2__dccm_bank/mem/rd_out[9]
[WARNING DRT-0419] No routing tracks pass through the center of Term mem/Gen_dccm_enable_dccm/mem_bank_2__dccm_bank/mem/rd_out[10]
[WARNING DRT-0419] No routing tracks pass through the center of Term mem/Gen_dccm_enable_dccm/mem_bank_2__dccm_bank/mem/rd_out[11]
[WARNING DRT-0419] No routing tracks pass through the center of Term mem/Gen_dccm_enable_dccm/mem_bank_2__dccm_bank/mem/rd_out[12]
[WARNING DRT-0419] No routing tracks pass through the center of Term mem/Gen_dccm_enable_dccm/mem_bank_2__dccm_bank/mem/rd_out[13]
[WARNING DRT-0419] No routing tracks pass through the center of Term mem/Gen_dccm_enable_dccm/mem_bank_2__dccm_bank/mem/rd_out[14]
[WARNING DRT-0419] No routing tracks pass through the center of Term mem/Gen_dccm_enable_dccm/mem_bank_2__dccm_bank/mem/rd_out[15]
[WARNING DRT-0419] No routing tracks pass through the center of Term mem/Gen_dccm_enable_dccm/mem_bank_2__dccm_bank/mem/rd_out[16]
[WARNING DRT-0419] No routing tracks pass through the center of Term mem/Gen_dccm_enable_dccm/mem_bank_2__dccm_bank/mem/rd_out[17]
[WARNING DRT-0419] No routing tracks pass through the center of Term mem/Gen_dccm_enable_dccm/mem_bank_2__dccm_bank/mem/rd_out[18]
[WARNING DRT-0419] No routing tracks pass through the center of Term mem/Gen_dccm_enable_dccm/mem_bank_2__dccm_bank/mem/rd_out[19]
[WARNING DRT-0419] No routing tracks pass through the center of Term mem/Gen_dccm_enable_dccm/mem_bank_2__dccm_bank/mem/rd_out[20]
[WARNING DRT-0419] No routing tracks pass through the center of Term mem/Gen_dccm_enable_dccm/mem_bank_2__dccm_bank/mem/rd_out[21]
[WARNING DRT-0419] No routing tracks pass through the center of Term mem/Gen_dccm_enable_dccm/mem_bank_2__dccm_bank/mem/rd_out[22]
[WARNING DRT-0419] No routing tracks pass through the center of Term mem/Gen_dccm_enable_dccm/mem_bank_2__dccm_bank/mem/rd_out[23]
[WARNING DRT-0419] No routing tracks pass through the center of Term mem/Gen_dccm_enable_dccm/mem_bank_2__dccm_bank/mem/rd_out[24]
[WARNING DRT-0419] No routing tracks pass through the center of Term mem/Gen_dccm_enable_dccm/mem_bank_2__dccm_bank/mem/rd_out[25]
[WARNING DRT-0419] No routing tracks pass through the center of Term mem/Gen_dccm_enable_dccm/mem_bank_2__dccm_bank/mem/rd_out[26]
[WARNING DRT-0419] No routing tracks pass through the center of Term mem/Gen_dccm_enable_dccm/mem_bank_2__dccm_bank/mem/rd_out[27]
[WARNING DRT-0419] No routing tracks pass through the center of Term mem/Gen_dccm_enable_dccm/mem_bank_2__dccm_bank/mem/rd_out[28]
[WARNING DRT-0419] No routing tracks pass through the center of Term mem/Gen_dccm_enable_dccm/mem_bank_2__dccm_bank/mem/rd_out[29]
[WARNING DRT-0419] No routing tracks pass through the center of Term mem/Gen_dccm_enable_dccm/mem_bank_2__dccm_bank/mem/rd_out[30]
[WARNING DRT-0419] No routing tracks pass through the center of Term mem/Gen_dccm_enable_dccm/mem_bank_2__dccm_bank/mem/rd_out[31]
[WARNING DRT-0419] No routing tracks pass through the center of Term mem/Gen_dccm_enable_dccm/mem_bank_2__dccm_bank/mem/rd_out[32]
[WARNING DRT-0419] No routing tracks pass through the center of Term mem/Gen_dccm_enable_dccm/mem_bank_2__dccm_bank/mem/rd_out[33]
[WARNING DRT-0419] No routing tracks pass through the center of Term mem/Gen_dccm_enable_dccm/mem_bank_2__dccm_bank/mem/rd_out[34]
[WARNING DRT-0419] No routing tracks pass through the center of Term mem/Gen_dccm_enable_dccm/mem_bank_2__dccm_bank/mem/rd_out[35]
[WARNING DRT-0419] No routing tracks pass through the center of Term mem/Gen_dccm_enable_dccm/mem_bank_2__dccm_bank/mem/rd_out[36]
[WARNING DRT-0419] No routing tracks pass through the center of Term mem/Gen_dccm_enable_dccm/mem_bank_2__dccm_bank/mem/rd_out[37]
[WARNING DRT-0419] No routing tracks pass through the center of Term mem/Gen_dccm_enable_dccm/mem_bank_2__dccm_bank/mem/rd_out[38]
[WARNING DRT-0419] No routing tracks pass through the center of Term mem/Gen_dccm_enable_dccm/mem_bank_2__dccm_bank/mem/wd_in[0]
[WARNING DRT-0419] No routing tracks pass through the center of Term mem/Gen_dccm_enable_dccm/mem_bank_2__dccm_bank/mem/wd_in[1]
[WARNING DRT-0419] No routing tracks pass through the center of Term mem/Gen_dccm_enable_dccm/mem_bank_2__dccm_bank/mem/wd_in[2]
[WARNING DRT-0419] No routing tracks pass through the center of Term mem/Gen_dccm_enable_dccm/mem_bank_2__dccm_bank/mem/wd_in[3]
[WARNING DRT-0419] No routing tracks pass through the center of Term mem/Gen_dccm_enable_dccm/mem_bank_2__dccm_bank/mem/wd_in[4]
[WARNING DRT-0419] No routing tracks pass through the center of Term mem/Gen_dccm_enable_dccm/mem_bank_2__dccm_bank/mem/wd_in[5]
[WARNING DRT-0419] No routing tracks pass through the center of Term mem/Gen_dccm_enable_dccm/mem_bank_2__dccm_bank/mem/wd_in[6]
[WARNING DRT-0419] No routing tracks pass through the center of Term mem/Gen_dccm_enable_dccm/mem_bank_2__dccm_bank/mem/wd_in[7]
[WARNING DRT-0419] No routing tracks pass through the center of Term mem/Gen_dccm_enable_dccm/mem_bank_2__dccm_bank/mem/wd_in[8]
[WARNING DRT-0419] No routing tracks pass through the center of Term mem/Gen_dccm_enable_dccm/mem_bank_2__dccm_bank/mem/wd_in[9]
[WARNING DRT-0419] No routing tracks pass through the center of Term mem/Gen_dccm_enable_dccm/mem_bank_2__dccm_bank/mem/wd_in[10]
[WARNING DRT-0419] No routing tracks pass through the center of Term mem/Gen_dccm_enable_dccm/mem_bank_2__dccm_bank/mem/wd_in[11]
[WARNING DRT-0419] No routing tracks pass through the center of Term mem/Gen_dccm_enable_dccm/mem_bank_2__dccm_bank/mem/wd_in[12]
[WARNING DRT-0419] No routing tracks pass through the center of Term mem/Gen_dccm_enable_dccm/mem_bank_2__dccm_bank/mem/wd_in[13]
[WARNING DRT-0419] No routing tracks pass through the center of Term mem/Gen_dccm_enable_dccm/mem_bank_2__dccm_bank/mem/wd_in[14]
[WARNING DRT-0419] No routing tracks pass through the center of Term mem/Gen_dccm_enable_dccm/mem_bank_2__dccm_bank/mem/wd_in[15]
[WARNING DRT-0419] No routing tracks pass through the center of Term mem/Gen_dccm_enable_dccm/mem_bank_2__dccm_bank/mem/wd_in[16]
[WARNING DRT-0419] No routing tracks pass through the center of Term mem/Gen_dccm_enable_dccm/mem_bank_2__dccm_bank/mem/wd_in[17]
[WARNING DRT-0419] No routing tracks pass through the center of Term mem/Gen_dccm_enable_dccm/mem_bank_2__dccm_bank/mem/wd_in[18]
[WARNING DRT-0419] No routing tracks pass through the center of Term mem/Gen_dccm_enable_dccm/mem_bank_2__dccm_bank/mem/wd_in[19]
[WARNING DRT-0419] No routing tracks pass through the center of Term mem/Gen_dccm_enable_dccm/mem_bank_2__dccm_bank/mem/wd_in[20]
[WARNING DRT-0419] No routing tracks pass through the center of Term mem/Gen_dccm_enable_dccm/mem_bank_2__dccm_bank/mem/wd_in[21]
[WARNING DRT-0419] No routing tracks pass through the center of Term mem/Gen_dccm_enable_dccm/mem_bank_2__dccm_bank/mem/wd_in[22]
[WARNING DRT-0419] No routing tracks pass through the center of Term mem/Gen_dccm_enable_dccm/mem_bank_2__dccm_bank/mem/wd_in[23]
[WARNING DRT-0419] No routing tracks pass through the center of Term mem/Gen_dccm_enable_dccm/mem_bank_2__dccm_bank/mem/wd_in[24]
[WARNING DRT-0419] No routing tracks pass through the center of Term mem/Gen_dccm_enable_dccm/mem_bank_2__dccm_bank/mem/wd_in[25]
[WARNING DRT-0419] No routing tracks pass through the center of Term mem/Gen_dccm_enable_dccm/mem_bank_2__dccm_bank/mem/wd_in[26]
[WARNING DRT-0419] No routing tracks pass through the center of Term mem/Gen_dccm_enable_dccm/mem_bank_2__dccm_bank/mem/wd_in[27]
[WARNING DRT-0419] No routing tracks pass through the center of Term mem/Gen_dccm_enable_dccm/mem_bank_2__dccm_bank/mem/wd_in[28]
[WARNING DRT-0419] No routing tracks pass through the center of Term mem/Gen_dccm_enable_dccm/mem_bank_2__dccm_bank/mem/wd_in[29]
[WARNING DRT-0419] No routing tracks pass through the center of Term mem/Gen_dccm_enable_dccm/mem_bank_2__dccm_bank/mem/wd_in[30]
[WARNING DRT-0419] No routing tracks pass through the center of Term mem/Gen_dccm_enable_dccm/mem_bank_2__dccm_bank/mem/wd_in[31]
[WARNING DRT-0419] No routing tracks pass through the center of Term mem/Gen_dccm_enable_dccm/mem_bank_2__dccm_bank/mem/wd_in[32]
[WARNING DRT-0419] No routing tracks pass through the center of Term mem/Gen_dccm_enable_dccm/mem_bank_2__dccm_bank/mem/wd_in[33]
[WARNING DRT-0419] No routing tracks pass through the center of Term mem/Gen_dccm_enable_dccm/mem_bank_2__dccm_bank/mem/wd_in[34]
[WARNING DRT-0419] No routing tracks pass through the center of Term mem/Gen_dccm_enable_dccm/mem_bank_2__dccm_bank/mem/wd_in[35]
[WARNING DRT-0419] No routing tracks pass through the center of Term mem/Gen_dccm_enable_dccm/mem_bank_2__dccm_bank/mem/wd_in[36]
[WARNING DRT-0419] No routing tracks pass through the center of Term mem/Gen_dccm_enable_dccm/mem_bank_2__dccm_bank/mem/wd_in[37]
[WARNING DRT-0419] No routing tracks pass through the center of Term mem/Gen_dccm_enable_dccm/mem_bank_2__dccm_bank/mem/wd_in[38]
[WARNING DRT-0419] No routing tracks pass through the center of Term mem/Gen_dccm_enable_dccm/mem_bank_2__dccm_bank/mem/addr_in[0]
[WARNING DRT-0419] No routing tracks pass through the center of Term mem/Gen_dccm_enable_dccm/mem_bank_2__dccm_bank/mem/addr_in[1]
[WARNING DRT-0419] No routing tracks pass through the center of Term mem/Gen_dccm_enable_dccm/mem_bank_2__dccm_bank/mem/addr_in[2]
[WARNING DRT-0419] No routing tracks pass through the center of Term mem/Gen_dccm_enable_dccm/mem_bank_2__dccm_bank/mem/addr_in[3]
[WARNING DRT-0419] No routing tracks pass through the center of Term mem/Gen_dccm_enable_dccm/mem_bank_2__dccm_bank/mem/addr_in[4]
[WARNING DRT-0419] No routing tracks pass through the center of Term mem/Gen_dccm_enable_dccm/mem_bank_2__dccm_bank/mem/addr_in[5]
[WARNING DRT-0419] No routing tracks pass through the center of Term mem/Gen_dccm_enable_dccm/mem_bank_2__dccm_bank/mem/addr_in[6]
[WARNING DRT-0419] No routing tracks pass through the center of Term mem/Gen_dccm_enable_dccm/mem_bank_2__dccm_bank/mem/addr_in[7]
[WARNING DRT-0419] No routing tracks pass through the center of Term mem/Gen_dccm_enable_dccm/mem_bank_2__dccm_bank/mem/addr_in[8]
[WARNING DRT-0419] No routing tracks pass through the center of Term mem/Gen_dccm_enable_dccm/mem_bank_2__dccm_bank/mem/addr_in[9]
[WARNING DRT-0419] No routing tracks pass through the center of Term mem/Gen_dccm_enable_dccm/mem_bank_2__dccm_bank/mem/addr_in[10]
[WARNING DRT-0419] No routing tracks pass through the center of Term mem/Gen_dccm_enable_dccm/mem_bank_2__dccm_bank/mem/we_in
[WARNING DRT-0419] No routing tracks pass through the center of Term mem/Gen_dccm_enable_dccm/mem_bank_2__dccm_bank/mem/ce_in
[WARNING DRT-0419] No routing tracks pass through the center of Term mem/Gen_dccm_enable_dccm/mem_bank_2__dccm_bank/mem/clk
[WARNING DRT-0419] No routing tracks pass through the center of Term mem/Gen_dccm_enable_dccm/mem_bank_3__dccm_bank/mem/w_mask_in[0]
[WARNING DRT-0419] No routing tracks pass through the center of Term mem/Gen_dccm_enable_dccm/mem_bank_3__dccm_bank/mem/w_mask_in[1]
[WARNING DRT-0419] No routing tracks pass through the center of Term mem/Gen_dccm_enable_dccm/mem_bank_3__dccm_bank/mem/w_mask_in[2]
[WARNING DRT-0419] No routing tracks pass through the center of Term mem/Gen_dccm_enable_dccm/mem_bank_3__dccm_bank/mem/w_mask_in[3]
[WARNING DRT-0419] No routing tracks pass through the center of Term mem/Gen_dccm_enable_dccm/mem_bank_3__dccm_bank/mem/w_mask_in[4]
[WARNING DRT-0419] No routing tracks pass through the center of Term mem/Gen_dccm_enable_dccm/mem_bank_3__dccm_bank/mem/w_mask_in[5]
[WARNING DRT-0419] No routing tracks pass through the center of Term mem/Gen_dccm_enable_dccm/mem_bank_3__dccm_bank/mem/w_mask_in[6]
[WARNING DRT-0419] No routing tracks pass through the center of Term mem/Gen_dccm_enable_dccm/mem_bank_3__dccm_bank/mem/w_mask_in[7]
[WARNING DRT-0419] No routing tracks pass through the center of Term mem/Gen_dccm_enable_dccm/mem_bank_3__dccm_bank/mem/w_mask_in[8]
[WARNING DRT-0419] No routing tracks pass through the center of Term mem/Gen_dccm_enable_dccm/mem_bank_3__dccm_bank/mem/w_mask_in[9]
[WARNING DRT-0419] No routing tracks pass through the center of Term mem/Gen_dccm_enable_dccm/mem_bank_3__dccm_bank/mem/w_mask_in[10]
[WARNING DRT-0419] No routing tracks pass through the center of Term mem/Gen_dccm_enable_dccm/mem_bank_3__dccm_bank/mem/w_mask_in[11]
[WARNING DRT-0419] No routing tracks pass through the center of Term mem/Gen_dccm_enable_dccm/mem_bank_3__dccm_bank/mem/w_mask_in[12]
[WARNING DRT-0419] No routing tracks pass through the center of Term mem/Gen_dccm_enable_dccm/mem_bank_3__dccm_bank/mem/w_mask_in[13]
[WARNING DRT-0419] No routing tracks pass through the center of Term mem/Gen_dccm_enable_dccm/mem_bank_3__dccm_bank/mem/w_mask_in[14]
[WARNING DRT-0419] No routing tracks pass through the center of Term mem/Gen_dccm_enable_dccm/mem_bank_3__dccm_bank/mem/w_mask_in[15]
[WARNING DRT-0419] No routing tracks pass through the center of Term mem/Gen_dccm_enable_dccm/mem_bank_3__dccm_bank/mem/w_mask_in[16]
[WARNING DRT-0419] No routing tracks pass through the center of Term mem/Gen_dccm_enable_dccm/mem_bank_3__dccm_bank/mem/w_mask_in[17]
[WARNING DRT-0419] No routing tracks pass through the center of Term mem/Gen_dccm_enable_dccm/mem_bank_3__dccm_bank/mem/w_mask_in[18]
[WARNING DRT-0419] No routing tracks pass through the center of Term mem/Gen_dccm_enable_dccm/mem_bank_3__dccm_bank/mem/w_mask_in[19]
[WARNING DRT-0419] No routing tracks pass through the center of Term mem/Gen_dccm_enable_dccm/mem_bank_3__dccm_bank/mem/w_mask_in[20]
[WARNING DRT-0419] No routing tracks pass through the center of Term mem/Gen_dccm_enable_dccm/mem_bank_3__dccm_bank/mem/w_mask_in[21]
[WARNING DRT-0419] No routing tracks pass through the center of Term mem/Gen_dccm_enable_dccm/mem_bank_3__dccm_bank/mem/w_mask_in[22]
[WARNING DRT-0419] No routing tracks pass through the center of Term mem/Gen_dccm_enable_dccm/mem_bank_3__dccm_bank/mem/w_mask_in[23]
[WARNING DRT-0419] No routing tracks pass through the center of Term mem/Gen_dccm_enable_dccm/mem_bank_3__dccm_bank/mem/w_mask_in[24]
[WARNING DRT-0419] No routing tracks pass through the center of Term mem/Gen_dccm_enable_dccm/mem_bank_3__dccm_bank/mem/w_mask_in[25]
[WARNING DRT-0419] No routing tracks pass through the center of Term mem/Gen_dccm_enable_dccm/mem_bank_3__dccm_bank/mem/w_mask_in[26]
[WARNING DRT-0419] No routing tracks pass through the center of Term mem/Gen_dccm_enable_dccm/mem_bank_3__dccm_bank/mem/w_mask_in[27]
[WARNING DRT-0419] No routing tracks pass through the center of Term mem/Gen_dccm_enable_dccm/mem_bank_3__dccm_bank/mem/w_mask_in[28]
[WARNING DRT-0419] No routing tracks pass through the center of Term mem/Gen_dccm_enable_dccm/mem_bank_3__dccm_bank/mem/w_mask_in[29]
[WARNING DRT-0419] No routing tracks pass through the center of Term mem/Gen_dccm_enable_dccm/mem_bank_3__dccm_bank/mem/w_mask_in[30]
[WARNING DRT-0419] No routing tracks pass through the center of Term mem/Gen_dccm_enable_dccm/mem_bank_3__dccm_bank/mem/w_mask_in[31]
[WARNING DRT-0419] No routing tracks pass through the center of Term mem/Gen_dccm_enable_dccm/mem_bank_3__dccm_bank/mem/w_mask_in[32]
[WARNING DRT-0419] No routing tracks pass through the center of Term mem/Gen_dccm_enable_dccm/mem_bank_3__dccm_bank/mem/w_mask_in[33]
[WARNING DRT-0419] No routing tracks pass through the center of Term mem/Gen_dccm_enable_dccm/mem_bank_3__dccm_bank/mem/w_mask_in[34]
[WARNING DRT-0419] No routing tracks pass through the center of Term mem/Gen_dccm_enable_dccm/mem_bank_3__dccm_bank/mem/w_mask_in[35]
[WARNING DRT-0419] No routing tracks pass through the center of Term mem/Gen_dccm_enable_dccm/mem_bank_3__dccm_bank/mem/w_mask_in[36]
[WARNING DRT-0419] No routing tracks pass through the center of Term mem/Gen_dccm_enable_dccm/mem_bank_3__dccm_bank/mem/w_mask_in[37]
[WARNING DRT-0419] No routing tracks pass through the center of Term mem/Gen_dccm_enable_dccm/mem_bank_3__dccm_bank/mem/w_mask_in[38]
[WARNING DRT-0419] No routing tracks pass through the center of Term mem/Gen_dccm_enable_dccm/mem_bank_3__dccm_bank/mem/rd_out[0]
[WARNING DRT-0419] No routing tracks pass through the center of Term mem/Gen_dccm_enable_dccm/mem_bank_3__dccm_bank/mem/rd_out[1]
[WARNING DRT-0419] No routing tracks pass through the center of Term mem/Gen_dccm_enable_dccm/mem_bank_3__dccm_bank/mem/rd_out[2]
[WARNING DRT-0419] No routing tracks pass through the center of Term mem/Gen_dccm_enable_dccm/mem_bank_3__dccm_bank/mem/rd_out[3]
[WARNING DRT-0419] No routing tracks pass through the center of Term mem/Gen_dccm_enable_dccm/mem_bank_3__dccm_bank/mem/rd_out[4]
[WARNING DRT-0419] No routing tracks pass through the center of Term mem/Gen_dccm_enable_dccm/mem_bank_3__dccm_bank/mem/rd_out[5]
[WARNING DRT-0419] No routing tracks pass through the center of Term mem/Gen_dccm_enable_dccm/mem_bank_3__dccm_bank/mem/rd_out[6]
[WARNING DRT-0419] No routing tracks pass through the center of Term mem/Gen_dccm_enable_dccm/mem_bank_3__dccm_bank/mem/rd_out[7]
[WARNING DRT-0419] No routing tracks pass through the center of Term mem/Gen_dccm_enable_dccm/mem_bank_3__dccm_bank/mem/rd_out[8]
[WARNING DRT-0419] No routing tracks pass through the center of Term mem/Gen_dccm_enable_dccm/mem_bank_3__dccm_bank/mem/rd_out[9]
[WARNING DRT-0419] No routing tracks pass through the center of Term mem/Gen_dccm_enable_dccm/mem_bank_3__dccm_bank/mem/rd_out[10]
[WARNING DRT-0419] No routing tracks pass through the center of Term mem/Gen_dccm_enable_dccm/mem_bank_3__dccm_bank/mem/rd_out[11]
[WARNING DRT-0419] No routing tracks pass through the center of Term mem/Gen_dccm_enable_dccm/mem_bank_3__dccm_bank/mem/rd_out[12]
[WARNING DRT-0419] No routing tracks pass through the center of Term mem/Gen_dccm_enable_dccm/mem_bank_3__dccm_bank/mem/rd_out[13]
[WARNING DRT-0419] No routing tracks pass through the center of Term mem/Gen_dccm_enable_dccm/mem_bank_3__dccm_bank/mem/rd_out[14]
[WARNING DRT-0419] No routing tracks pass through the center of Term mem/Gen_dccm_enable_dccm/mem_bank_3__dccm_bank/mem/rd_out[15]
[WARNING DRT-0419] No routing tracks pass through the center of Term mem/Gen_dccm_enable_dccm/mem_bank_3__dccm_bank/mem/rd_out[16]
[WARNING DRT-0419] No routing tracks pass through the center of Term mem/Gen_dccm_enable_dccm/mem_bank_3__dccm_bank/mem/rd_out[17]
[WARNING DRT-0419] No routing tracks pass through the center of Term mem/Gen_dccm_enable_dccm/mem_bank_3__dccm_bank/mem/rd_out[18]
[WARNING DRT-0419] No routing tracks pass through the center of Term mem/Gen_dccm_enable_dccm/mem_bank_3__dccm_bank/mem/rd_out[19]
[WARNING DRT-0419] No routing tracks pass through the center of Term mem/Gen_dccm_enable_dccm/mem_bank_3__dccm_bank/mem/rd_out[20]
[WARNING DRT-0419] No routing tracks pass through the center of Term mem/Gen_dccm_enable_dccm/mem_bank_3__dccm_bank/mem/rd_out[21]
[WARNING DRT-0419] No routing tracks pass through the center of Term mem/Gen_dccm_enable_dccm/mem_bank_3__dccm_bank/mem/rd_out[22]
[WARNING DRT-0419] No routing tracks pass through the center of Term mem/Gen_dccm_enable_dccm/mem_bank_3__dccm_bank/mem/rd_out[23]
[WARNING DRT-0419] No routing tracks pass through the center of Term mem/Gen_dccm_enable_dccm/mem_bank_3__dccm_bank/mem/rd_out[24]
[WARNING DRT-0419] No routing tracks pass through the center of Term mem/Gen_dccm_enable_dccm/mem_bank_3__dccm_bank/mem/rd_out[25]
[WARNING DRT-0419] No routing tracks pass through the center of Term mem/Gen_dccm_enable_dccm/mem_bank_3__dccm_bank/mem/rd_out[26]
[WARNING DRT-0419] No routing tracks pass through the center of Term mem/Gen_dccm_enable_dccm/mem_bank_3__dccm_bank/mem/rd_out[27]
[WARNING DRT-0419] No routing tracks pass through the center of Term mem/Gen_dccm_enable_dccm/mem_bank_3__dccm_bank/mem/rd_out[28]
[WARNING DRT-0419] No routing tracks pass through the center of Term mem/Gen_dccm_enable_dccm/mem_bank_3__dccm_bank/mem/rd_out[29]
[WARNING DRT-0419] No routing tracks pass through the center of Term mem/Gen_dccm_enable_dccm/mem_bank_3__dccm_bank/mem/rd_out[30]
[WARNING DRT-0419] No routing tracks pass through the center of Term mem/Gen_dccm_enable_dccm/mem_bank_3__dccm_bank/mem/rd_out[31]
[WARNING DRT-0419] No routing tracks pass through the center of Term mem/Gen_dccm_enable_dccm/mem_bank_3__dccm_bank/mem/rd_out[32]
[WARNING DRT-0419] No routing tracks pass through the center of Term mem/Gen_dccm_enable_dccm/mem_bank_3__dccm_bank/mem/rd_out[33]
[WARNING DRT-0419] No routing tracks pass through the center of Term mem/Gen_dccm_enable_dccm/mem_bank_3__dccm_bank/mem/rd_out[34]
[WARNING DRT-0419] No routing tracks pass through the center of Term mem/Gen_dccm_enable_dccm/mem_bank_3__dccm_bank/mem/rd_out[35]
[WARNING DRT-0419] No routing tracks pass through the center of Term mem/Gen_dccm_enable_dccm/mem_bank_3__dccm_bank/mem/rd_out[36]
[WARNING DRT-0419] No routing tracks pass through the center of Term mem/Gen_dccm_enable_dccm/mem_bank_3__dccm_bank/mem/rd_out[37]
[WARNING DRT-0419] No routing tracks pass through the center of Term mem/Gen_dccm_enable_dccm/mem_bank_3__dccm_bank/mem/rd_out[38]
[WARNING DRT-0419] No routing tracks pass through the center of Term mem/Gen_dccm_enable_dccm/mem_bank_3__dccm_bank/mem/wd_in[0]
[WARNING DRT-0419] No routing tracks pass through the center of Term mem/Gen_dccm_enable_dccm/mem_bank_3__dccm_bank/mem/wd_in[1]
[WARNING DRT-0419] No routing tracks pass through the center of Term mem/Gen_dccm_enable_dccm/mem_bank_3__dccm_bank/mem/wd_in[2]
[WARNING DRT-0419] No routing tracks pass through the center of Term mem/Gen_dccm_enable_dccm/mem_bank_3__dccm_bank/mem/wd_in[3]
[WARNING DRT-0419] No routing tracks pass through the center of Term mem/Gen_dccm_enable_dccm/mem_bank_3__dccm_bank/mem/wd_in[4]
[WARNING DRT-0419] No routing tracks pass through the center of Term mem/Gen_dccm_enable_dccm/mem_bank_3__dccm_bank/mem/wd_in[5]
[WARNING DRT-0419] No routing tracks pass through the center of Term mem/Gen_dccm_enable_dccm/mem_bank_3__dccm_bank/mem/wd_in[6]
[WARNING DRT-0419] No routing tracks pass through the center of Term mem/Gen_dccm_enable_dccm/mem_bank_3__dccm_bank/mem/wd_in[7]
[WARNING DRT-0419] No routing tracks pass through the center of Term mem/Gen_dccm_enable_dccm/mem_bank_3__dccm_bank/mem/wd_in[8]
[WARNING DRT-0419] No routing tracks pass through the center of Term mem/Gen_dccm_enable_dccm/mem_bank_3__dccm_bank/mem/wd_in[9]
[WARNING DRT-0419] No routing tracks pass through the center of Term mem/Gen_dccm_enable_dccm/mem_bank_3__dccm_bank/mem/wd_in[10]
[WARNING DRT-0419] No routing tracks pass through the center of Term mem/Gen_dccm_enable_dccm/mem_bank_3__dccm_bank/mem/wd_in[11]
[WARNING DRT-0419] No routing tracks pass through the center of Term mem/Gen_dccm_enable_dccm/mem_bank_3__dccm_bank/mem/wd_in[12]
[WARNING DRT-0419] No routing tracks pass through the center of Term mem/Gen_dccm_enable_dccm/mem_bank_3__dccm_bank/mem/wd_in[13]
[WARNING DRT-0419] No routing tracks pass through the center of Term mem/Gen_dccm_enable_dccm/mem_bank_3__dccm_bank/mem/wd_in[14]
[WARNING DRT-0419] No routing tracks pass through the center of Term mem/Gen_dccm_enable_dccm/mem_bank_3__dccm_bank/mem/wd_in[15]
[WARNING DRT-0419] No routing tracks pass through the center of Term mem/Gen_dccm_enable_dccm/mem_bank_3__dccm_bank/mem/wd_in[16]
[WARNING DRT-0419] No routing tracks pass through the center of Term mem/Gen_dccm_enable_dccm/mem_bank_3__dccm_bank/mem/wd_in[17]
[WARNING DRT-0419] No routing tracks pass through the center of Term mem/Gen_dccm_enable_dccm/mem_bank_3__dccm_bank/mem/wd_in[18]
[WARNING DRT-0419] No routing tracks pass through the center of Term mem/Gen_dccm_enable_dccm/mem_bank_3__dccm_bank/mem/wd_in[19]
[WARNING DRT-0419] No routing tracks pass through the center of Term mem/Gen_dccm_enable_dccm/mem_bank_3__dccm_bank/mem/wd_in[20]
[WARNING DRT-0419] No routing tracks pass through the center of Term mem/Gen_dccm_enable_dccm/mem_bank_3__dccm_bank/mem/wd_in[21]
[WARNING DRT-0419] No routing tracks pass through the center of Term mem/Gen_dccm_enable_dccm/mem_bank_3__dccm_bank/mem/wd_in[22]
[WARNING DRT-0419] No routing tracks pass through the center of Term mem/Gen_dccm_enable_dccm/mem_bank_3__dccm_bank/mem/wd_in[23]
[WARNING DRT-0419] No routing tracks pass through the center of Term mem/Gen_dccm_enable_dccm/mem_bank_3__dccm_bank/mem/wd_in[24]
[WARNING DRT-0419] No routing tracks pass through the center of Term mem/Gen_dccm_enable_dccm/mem_bank_3__dccm_bank/mem/wd_in[25]
[WARNING DRT-0419] No routing tracks pass through the center of Term mem/Gen_dccm_enable_dccm/mem_bank_3__dccm_bank/mem/wd_in[26]
[WARNING DRT-0419] No routing tracks pass through the center of Term mem/Gen_dccm_enable_dccm/mem_bank_3__dccm_bank/mem/wd_in[27]
[WARNING DRT-0419] No routing tracks pass through the center of Term mem/Gen_dccm_enable_dccm/mem_bank_3__dccm_bank/mem/wd_in[28]
[WARNING DRT-0419] No routing tracks pass through the center of Term mem/Gen_dccm_enable_dccm/mem_bank_3__dccm_bank/mem/wd_in[29]
[WARNING DRT-0419] No routing tracks pass through the center of Term mem/Gen_dccm_enable_dccm/mem_bank_3__dccm_bank/mem/wd_in[30]
[WARNING DRT-0419] No routing tracks pass through the center of Term mem/Gen_dccm_enable_dccm/mem_bank_3__dccm_bank/mem/wd_in[31]
[WARNING DRT-0419] No routing tracks pass through the center of Term mem/Gen_dccm_enable_dccm/mem_bank_3__dccm_bank/mem/wd_in[32]
[WARNING DRT-0419] No routing tracks pass through the center of Term mem/Gen_dccm_enable_dccm/mem_bank_3__dccm_bank/mem/wd_in[33]
[WARNING DRT-0419] No routing tracks pass through the center of Term mem/Gen_dccm_enable_dccm/mem_bank_3__dccm_bank/mem/wd_in[34]
[WARNING DRT-0419] No routing tracks pass through the center of Term mem/Gen_dccm_enable_dccm/mem_bank_3__dccm_bank/mem/wd_in[35]
[WARNING DRT-0419] No routing tracks pass through the center of Term mem/Gen_dccm_enable_dccm/mem_bank_3__dccm_bank/mem/wd_in[36]
[WARNING DRT-0419] No routing tracks pass through the center of Term mem/Gen_dccm_enable_dccm/mem_bank_3__dccm_bank/mem/wd_in[37]
[WARNING DRT-0419] No routing tracks pass through the center of Term mem/Gen_dccm_enable_dccm/mem_bank_3__dccm_bank/mem/wd_in[38]
[WARNING DRT-0419] No routing tracks pass through the center of Term mem/Gen_dccm_enable_dccm/mem_bank_3__dccm_bank/mem/addr_in[0]
[WARNING DRT-0419] No routing tracks pass through the center of Term mem/Gen_dccm_enable_dccm/mem_bank_3__dccm_bank/mem/addr_in[1]
[WARNING DRT-0419] No routing tracks pass through the center of Term mem/Gen_dccm_enable_dccm/mem_bank_3__dccm_bank/mem/addr_in[2]
[WARNING DRT-0419] No routing tracks pass through the center of Term mem/Gen_dccm_enable_dccm/mem_bank_3__dccm_bank/mem/addr_in[3]
[WARNING DRT-0419] No routing tracks pass through the center of Term mem/Gen_dccm_enable_dccm/mem_bank_3__dccm_bank/mem/addr_in[4]
[WARNING DRT-0419] No routing tracks pass through the center of Term mem/Gen_dccm_enable_dccm/mem_bank_3__dccm_bank/mem/addr_in[5]
[WARNING DRT-0419] No routing tracks pass through the center of Term mem/Gen_dccm_enable_dccm/mem_bank_3__dccm_bank/mem/addr_in[6]
[WARNING DRT-0419] No routing tracks pass through the center of Term mem/Gen_dccm_enable_dccm/mem_bank_3__dccm_bank/mem/addr_in[7]
[WARNING DRT-0419] No routing tracks pass through the center of Term mem/Gen_dccm_enable_dccm/mem_bank_3__dccm_bank/mem/addr_in[8]
[WARNING DRT-0419] No routing tracks pass through the center of Term mem/Gen_dccm_enable_dccm/mem_bank_3__dccm_bank/mem/addr_in[9]
[WARNING DRT-0419] No routing tracks pass through the center of Term mem/Gen_dccm_enable_dccm/mem_bank_3__dccm_bank/mem/addr_in[10]
[WARNING DRT-0419] No routing tracks pass through the center of Term mem/Gen_dccm_enable_dccm/mem_bank_3__dccm_bank/mem/we_in
[WARNING DRT-0419] No routing tracks pass through the center of Term mem/Gen_dccm_enable_dccm/mem_bank_3__dccm_bank/mem/ce_in
[WARNING DRT-0419] No routing tracks pass through the center of Term mem/Gen_dccm_enable_dccm/mem_bank_3__dccm_bank/mem/clk
[WARNING DRT-0419] No routing tracks pass through the center of Term mem/Gen_dccm_enable_dccm/mem_bank_4__dccm_bank/mem/w_mask_in[0]
[WARNING DRT-0419] No routing tracks pass through the center of Term mem/Gen_dccm_enable_dccm/mem_bank_4__dccm_bank/mem/w_mask_in[1]
[WARNING DRT-0419] No routing tracks pass through the center of Term mem/Gen_dccm_enable_dccm/mem_bank_4__dccm_bank/mem/w_mask_in[2]
[WARNING DRT-0419] No routing tracks pass through the center of Term mem/Gen_dccm_enable_dccm/mem_bank_4__dccm_bank/mem/w_mask_in[3]
[WARNING DRT-0419] No routing tracks pass through the center of Term mem/Gen_dccm_enable_dccm/mem_bank_4__dccm_bank/mem/w_mask_in[4]
[WARNING DRT-0419] No routing tracks pass through the center of Term mem/Gen_dccm_enable_dccm/mem_bank_4__dccm_bank/mem/w_mask_in[5]
[WARNING DRT-0419] No routing tracks pass through the center of Term mem/Gen_dccm_enable_dccm/mem_bank_4__dccm_bank/mem/w_mask_in[6]
[WARNING DRT-0419] No routing tracks pass through the center of Term mem/Gen_dccm_enable_dccm/mem_bank_4__dccm_bank/mem/w_mask_in[7]
[WARNING DRT-0419] No routing tracks pass through the center of Term mem/Gen_dccm_enable_dccm/mem_bank_4__dccm_bank/mem/w_mask_in[8]
[WARNING DRT-0419] No routing tracks pass through the center of Term mem/Gen_dccm_enable_dccm/mem_bank_4__dccm_bank/mem/w_mask_in[9]
[WARNING DRT-0419] No routing tracks pass through the center of Term mem/Gen_dccm_enable_dccm/mem_bank_4__dccm_bank/mem/w_mask_in[10]
[WARNING DRT-0419] No routing tracks pass through the center of Term mem/Gen_dccm_enable_dccm/mem_bank_4__dccm_bank/mem/w_mask_in[11]
[WARNING DRT-0419] No routing tracks pass through the center of Term mem/Gen_dccm_enable_dccm/mem_bank_4__dccm_bank/mem/w_mask_in[12]
[WARNING DRT-0419] No routing tracks pass through the center of Term mem/Gen_dccm_enable_dccm/mem_bank_4__dccm_bank/mem/w_mask_in[13]
[WARNING DRT-0419] No routing tracks pass through the center of Term mem/Gen_dccm_enable_dccm/mem_bank_4__dccm_bank/mem/w_mask_in[14]
[WARNING DRT-0419] No routing tracks pass through the center of Term mem/Gen_dccm_enable_dccm/mem_bank_4__dccm_bank/mem/w_mask_in[15]
[WARNING DRT-0419] No routing tracks pass through the center of Term mem/Gen_dccm_enable_dccm/mem_bank_4__dccm_bank/mem/w_mask_in[16]
[WARNING DRT-0419] No routing tracks pass through the center of Term mem/Gen_dccm_enable_dccm/mem_bank_4__dccm_bank/mem/w_mask_in[17]
[WARNING DRT-0419] No routing tracks pass through the center of Term mem/Gen_dccm_enable_dccm/mem_bank_4__dccm_bank/mem/w_mask_in[18]
[WARNING DRT-0419] No routing tracks pass through the center of Term mem/Gen_dccm_enable_dccm/mem_bank_4__dccm_bank/mem/w_mask_in[19]
[WARNING DRT-0419] No routing tracks pass through the center of Term mem/Gen_dccm_enable_dccm/mem_bank_4__dccm_bank/mem/w_mask_in[20]
[WARNING DRT-0419] No routing tracks pass through the center of Term mem/Gen_dccm_enable_dccm/mem_bank_4__dccm_bank/mem/w_mask_in[21]
[WARNING DRT-0419] No routing tracks pass through the center of Term mem/Gen_dccm_enable_dccm/mem_bank_4__dccm_bank/mem/w_mask_in[22]
[WARNING DRT-0419] No routing tracks pass through the center of Term mem/Gen_dccm_enable_dccm/mem_bank_4__dccm_bank/mem/w_mask_in[23]
[WARNING DRT-0419] No routing tracks pass through the center of Term mem/Gen_dccm_enable_dccm/mem_bank_4__dccm_bank/mem/w_mask_in[24]
[WARNING DRT-0419] No routing tracks pass through the center of Term mem/Gen_dccm_enable_dccm/mem_bank_4__dccm_bank/mem/w_mask_in[25]
[WARNING DRT-0419] No routing tracks pass through the center of Term mem/Gen_dccm_enable_dccm/mem_bank_4__dccm_bank/mem/w_mask_in[26]
[WARNING DRT-0419] No routing tracks pass through the center of Term mem/Gen_dccm_enable_dccm/mem_bank_4__dccm_bank/mem/w_mask_in[27]
[WARNING DRT-0419] No routing tracks pass through the center of Term mem/Gen_dccm_enable_dccm/mem_bank_4__dccm_bank/mem/w_mask_in[28]
[WARNING DRT-0419] No routing tracks pass through the center of Term mem/Gen_dccm_enable_dccm/mem_bank_4__dccm_bank/mem/w_mask_in[29]
[WARNING DRT-0419] No routing tracks pass through the center of Term mem/Gen_dccm_enable_dccm/mem_bank_4__dccm_bank/mem/w_mask_in[30]
[WARNING DRT-0419] No routing tracks pass through the center of Term mem/Gen_dccm_enable_dccm/mem_bank_4__dccm_bank/mem/w_mask_in[31]
[WARNING DRT-0419] No routing tracks pass through the center of Term mem/Gen_dccm_enable_dccm/mem_bank_4__dccm_bank/mem/w_mask_in[32]
[WARNING DRT-0419] No routing tracks pass through the center of Term mem/Gen_dccm_enable_dccm/mem_bank_4__dccm_bank/mem/w_mask_in[33]
[WARNING DRT-0419] No routing tracks pass through the center of Term mem/Gen_dccm_enable_dccm/mem_bank_4__dccm_bank/mem/w_mask_in[34]
[WARNING DRT-0419] No routing tracks pass through the center of Term mem/Gen_dccm_enable_dccm/mem_bank_4__dccm_bank/mem/w_mask_in[35]
[WARNING DRT-0419] No routing tracks pass through the center of Term mem/Gen_dccm_enable_dccm/mem_bank_4__dccm_bank/mem/w_mask_in[36]
[WARNING DRT-0419] No routing tracks pass through the center of Term mem/Gen_dccm_enable_dccm/mem_bank_4__dccm_bank/mem/w_mask_in[37]
[WARNING DRT-0419] No routing tracks pass through the center of Term mem/Gen_dccm_enable_dccm/mem_bank_4__dccm_bank/mem/w_mask_in[38]
[WARNING DRT-0419] No routing tracks pass through the center of Term mem/Gen_dccm_enable_dccm/mem_bank_4__dccm_bank/mem/rd_out[0]
[WARNING DRT-0419] No routing tracks pass through the center of Term mem/Gen_dccm_enable_dccm/mem_bank_4__dccm_bank/mem/rd_out[1]
[WARNING DRT-0419] No routing tracks pass through the center of Term mem/Gen_dccm_enable_dccm/mem_bank_4__dccm_bank/mem/rd_out[2]
[WARNING DRT-0419] No routing tracks pass through the center of Term mem/Gen_dccm_enable_dccm/mem_bank_4__dccm_bank/mem/rd_out[3]
[WARNING DRT-0419] No routing tracks pass through the center of Term mem/Gen_dccm_enable_dccm/mem_bank_4__dccm_bank/mem/rd_out[4]
[WARNING DRT-0419] No routing tracks pass through the center of Term mem/Gen_dccm_enable_dccm/mem_bank_4__dccm_bank/mem/rd_out[5]
[WARNING DRT-0419] No routing tracks pass through the center of Term mem/Gen_dccm_enable_dccm/mem_bank_4__dccm_bank/mem/rd_out[6]
[WARNING DRT-0419] No routing tracks pass through the center of Term mem/Gen_dccm_enable_dccm/mem_bank_4__dccm_bank/mem/rd_out[7]
[WARNING DRT-0419] No routing tracks pass through the center of Term mem/Gen_dccm_enable_dccm/mem_bank_4__dccm_bank/mem/rd_out[8]
[WARNING DRT-0419] No routing tracks pass through the center of Term mem/Gen_dccm_enable_dccm/mem_bank_4__dccm_bank/mem/rd_out[9]
[WARNING DRT-0419] No routing tracks pass through the center of Term mem/Gen_dccm_enable_dccm/mem_bank_4__dccm_bank/mem/rd_out[10]
[WARNING DRT-0419] No routing tracks pass through the center of Term mem/Gen_dccm_enable_dccm/mem_bank_4__dccm_bank/mem/rd_out[11]
[WARNING DRT-0419] No routing tracks pass through the center of Term mem/Gen_dccm_enable_dccm/mem_bank_4__dccm_bank/mem/rd_out[12]
[WARNING DRT-0419] No routing tracks pass through the center of Term mem/Gen_dccm_enable_dccm/mem_bank_4__dccm_bank/mem/rd_out[13]
[WARNING DRT-0419] No routing tracks pass through the center of Term mem/Gen_dccm_enable_dccm/mem_bank_4__dccm_bank/mem/rd_out[14]
[WARNING DRT-0419] No routing tracks pass through the center of Term mem/Gen_dccm_enable_dccm/mem_bank_4__dccm_bank/mem/rd_out[15]
[WARNING DRT-0419] No routing tracks pass through the center of Term mem/Gen_dccm_enable_dccm/mem_bank_4__dccm_bank/mem/rd_out[16]
[WARNING DRT-0419] No routing tracks pass through the center of Term mem/Gen_dccm_enable_dccm/mem_bank_4__dccm_bank/mem/rd_out[17]
[WARNING DRT-0419] No routing tracks pass through the center of Term mem/Gen_dccm_enable_dccm/mem_bank_4__dccm_bank/mem/rd_out[18]
[WARNING DRT-0419] No routing tracks pass through the center of Term mem/Gen_dccm_enable_dccm/mem_bank_4__dccm_bank/mem/rd_out[19]
[WARNING DRT-0419] No routing tracks pass through the center of Term mem/Gen_dccm_enable_dccm/mem_bank_4__dccm_bank/mem/rd_out[20]
[WARNING DRT-0419] No routing tracks pass through the center of Term mem/Gen_dccm_enable_dccm/mem_bank_4__dccm_bank/mem/rd_out[21]
[WARNING DRT-0419] No routing tracks pass through the center of Term mem/Gen_dccm_enable_dccm/mem_bank_4__dccm_bank/mem/rd_out[22]
[WARNING DRT-0419] No routing tracks pass through the center of Term mem/Gen_dccm_enable_dccm/mem_bank_4__dccm_bank/mem/rd_out[23]
[WARNING DRT-0419] No routing tracks pass through the center of Term mem/Gen_dccm_enable_dccm/mem_bank_4__dccm_bank/mem/rd_out[24]
[WARNING DRT-0419] No routing tracks pass through the center of Term mem/Gen_dccm_enable_dccm/mem_bank_4__dccm_bank/mem/rd_out[25]
[WARNING DRT-0419] No routing tracks pass through the center of Term mem/Gen_dccm_enable_dccm/mem_bank_4__dccm_bank/mem/rd_out[26]
[WARNING DRT-0419] No routing tracks pass through the center of Term mem/Gen_dccm_enable_dccm/mem_bank_4__dccm_bank/mem/rd_out[27]
[WARNING DRT-0419] No routing tracks pass through the center of Term mem/Gen_dccm_enable_dccm/mem_bank_4__dccm_bank/mem/rd_out[28]
[WARNING DRT-0419] No routing tracks pass through the center of Term mem/Gen_dccm_enable_dccm/mem_bank_4__dccm_bank/mem/rd_out[29]
[WARNING DRT-0419] No routing tracks pass through the center of Term mem/Gen_dccm_enable_dccm/mem_bank_4__dccm_bank/mem/rd_out[30]
[WARNING DRT-0419] No routing tracks pass through the center of Term mem/Gen_dccm_enable_dccm/mem_bank_4__dccm_bank/mem/rd_out[31]
[WARNING DRT-0419] No routing tracks pass through the center of Term mem/Gen_dccm_enable_dccm/mem_bank_4__dccm_bank/mem/rd_out[32]
[WARNING DRT-0419] No routing tracks pass through the center of Term mem/Gen_dccm_enable_dccm/mem_bank_4__dccm_bank/mem/rd_out[33]
[WARNING DRT-0419] No routing tracks pass through the center of Term mem/Gen_dccm_enable_dccm/mem_bank_4__dccm_bank/mem/rd_out[34]
[WARNING DRT-0419] No routing tracks pass through the center of Term mem/Gen_dccm_enable_dccm/mem_bank_4__dccm_bank/mem/rd_out[35]
[WARNING DRT-0419] No routing tracks pass through the center of Term mem/Gen_dccm_enable_dccm/mem_bank_4__dccm_bank/mem/rd_out[36]
[WARNING DRT-0419] No routing tracks pass through the center of Term mem/Gen_dccm_enable_dccm/mem_bank_4__dccm_bank/mem/rd_out[37]
[WARNING DRT-0419] No routing tracks pass through the center of Term mem/Gen_dccm_enable_dccm/mem_bank_4__dccm_bank/mem/rd_out[38]
[WARNING DRT-0419] No routing tracks pass through the center of Term mem/Gen_dccm_enable_dccm/mem_bank_4__dccm_bank/mem/wd_in[0]
[WARNING DRT-0419] No routing tracks pass through the center of Term mem/Gen_dccm_enable_dccm/mem_bank_4__dccm_bank/mem/wd_in[1]
[WARNING DRT-0419] No routing tracks pass through the center of Term mem/Gen_dccm_enable_dccm/mem_bank_4__dccm_bank/mem/wd_in[2]
[WARNING DRT-0419] No routing tracks pass through the center of Term mem/Gen_dccm_enable_dccm/mem_bank_4__dccm_bank/mem/wd_in[3]
[WARNING DRT-0419] No routing tracks pass through the center of Term mem/Gen_dccm_enable_dccm/mem_bank_4__dccm_bank/mem/wd_in[4]
[WARNING DRT-0419] No routing tracks pass through the center of Term mem/Gen_dccm_enable_dccm/mem_bank_4__dccm_bank/mem/wd_in[5]
[WARNING DRT-0419] No routing tracks pass through the center of Term mem/Gen_dccm_enable_dccm/mem_bank_4__dccm_bank/mem/wd_in[6]
[WARNING DRT-0419] No routing tracks pass through the center of Term mem/Gen_dccm_enable_dccm/mem_bank_4__dccm_bank/mem/wd_in[7]
[WARNING DRT-0419] No routing tracks pass through the center of Term mem/Gen_dccm_enable_dccm/mem_bank_4__dccm_bank/mem/wd_in[8]
[WARNING DRT-0419] No routing tracks pass through the center of Term mem/Gen_dccm_enable_dccm/mem_bank_4__dccm_bank/mem/wd_in[9]
[WARNING DRT-0419] No routing tracks pass through the center of Term mem/Gen_dccm_enable_dccm/mem_bank_4__dccm_bank/mem/wd_in[10]
[WARNING DRT-0419] No routing tracks pass through the center of Term mem/Gen_dccm_enable_dccm/mem_bank_4__dccm_bank/mem/wd_in[11]
[WARNING DRT-0419] No routing tracks pass through the center of Term mem/Gen_dccm_enable_dccm/mem_bank_4__dccm_bank/mem/wd_in[12]
[WARNING DRT-0419] No routing tracks pass through the center of Term mem/Gen_dccm_enable_dccm/mem_bank_4__dccm_bank/mem/wd_in[13]
[WARNING DRT-0419] No routing tracks pass through the center of Term mem/Gen_dccm_enable_dccm/mem_bank_4__dccm_bank/mem/wd_in[14]
[WARNING DRT-0419] No routing tracks pass through the center of Term mem/Gen_dccm_enable_dccm/mem_bank_4__dccm_bank/mem/wd_in[15]
[WARNING DRT-0419] No routing tracks pass through the center of Term mem/Gen_dccm_enable_dccm/mem_bank_4__dccm_bank/mem/wd_in[16]
[WARNING DRT-0419] No routing tracks pass through the center of Term mem/Gen_dccm_enable_dccm/mem_bank_4__dccm_bank/mem/wd_in[17]
[WARNING DRT-0419] No routing tracks pass through the center of Term mem/Gen_dccm_enable_dccm/mem_bank_4__dccm_bank/mem/wd_in[18]
[WARNING DRT-0419] No routing tracks pass through the center of Term mem/Gen_dccm_enable_dccm/mem_bank_4__dccm_bank/mem/wd_in[19]
[WARNING DRT-0419] No routing tracks pass through the center of Term mem/Gen_dccm_enable_dccm/mem_bank_4__dccm_bank/mem/wd_in[20]
[WARNING DRT-0419] No routing tracks pass through the center of Term mem/Gen_dccm_enable_dccm/mem_bank_4__dccm_bank/mem/wd_in[21]
[WARNING DRT-0419] No routing tracks pass through the center of Term mem/Gen_dccm_enable_dccm/mem_bank_4__dccm_bank/mem/wd_in[22]
[WARNING DRT-0419] No routing tracks pass through the center of Term mem/Gen_dccm_enable_dccm/mem_bank_4__dccm_bank/mem/wd_in[23]
[WARNING DRT-0419] No routing tracks pass through the center of Term mem/Gen_dccm_enable_dccm/mem_bank_4__dccm_bank/mem/wd_in[24]
[WARNING DRT-0419] No routing tracks pass through the center of Term mem/Gen_dccm_enable_dccm/mem_bank_4__dccm_bank/mem/wd_in[25]
[WARNING DRT-0419] No routing tracks pass through the center of Term mem/Gen_dccm_enable_dccm/mem_bank_4__dccm_bank/mem/wd_in[26]
[WARNING DRT-0419] No routing tracks pass through the center of Term mem/Gen_dccm_enable_dccm/mem_bank_4__dccm_bank/mem/wd_in[27]
[WARNING DRT-0419] No routing tracks pass through the center of Term mem/Gen_dccm_enable_dccm/mem_bank_4__dccm_bank/mem/wd_in[28]
[WARNING DRT-0419] No routing tracks pass through the center of Term mem/Gen_dccm_enable_dccm/mem_bank_4__dccm_bank/mem/wd_in[29]
[WARNING DRT-0419] No routing tracks pass through the center of Term mem/Gen_dccm_enable_dccm/mem_bank_4__dccm_bank/mem/wd_in[30]
[WARNING DRT-0419] No routing tracks pass through the center of Term mem/Gen_dccm_enable_dccm/mem_bank_4__dccm_bank/mem/wd_in[31]
[WARNING DRT-0419] No routing tracks pass through the center of Term mem/Gen_dccm_enable_dccm/mem_bank_4__dccm_bank/mem/wd_in[32]
[WARNING DRT-0419] No routing tracks pass through the center of Term mem/Gen_dccm_enable_dccm/mem_bank_4__dccm_bank/mem/wd_in[33]
[WARNING DRT-0419] No routing tracks pass through the center of Term mem/Gen_dccm_enable_dccm/mem_bank_4__dccm_bank/mem/wd_in[34]
[WARNING DRT-0419] No routing tracks pass through the center of Term mem/Gen_dccm_enable_dccm/mem_bank_4__dccm_bank/mem/wd_in[35]
[WARNING DRT-0419] No routing tracks pass through the center of Term mem/Gen_dccm_enable_dccm/mem_bank_4__dccm_bank/mem/wd_in[36]
[WARNING DRT-0419] No routing tracks pass through the center of Term mem/Gen_dccm_enable_dccm/mem_bank_4__dccm_bank/mem/wd_in[37]
[WARNING DRT-0419] No routing tracks pass through the center of Term mem/Gen_dccm_enable_dccm/mem_bank_4__dccm_bank/mem/wd_in[38]
[WARNING DRT-0419] No routing tracks pass through the center of Term mem/Gen_dccm_enable_dccm/mem_bank_4__dccm_bank/mem/addr_in[0]
[WARNING DRT-0419] No routing tracks pass through the center of Term mem/Gen_dccm_enable_dccm/mem_bank_4__dccm_bank/mem/addr_in[1]
[WARNING DRT-0419] No routing tracks pass through the center of Term mem/Gen_dccm_enable_dccm/mem_bank_4__dccm_bank/mem/addr_in[2]
[WARNING DRT-0419] No routing tracks pass through the center of Term mem/Gen_dccm_enable_dccm/mem_bank_4__dccm_bank/mem/addr_in[3]
[WARNING DRT-0419] No routing tracks pass through the center of Term mem/Gen_dccm_enable_dccm/mem_bank_4__dccm_bank/mem/addr_in[4]
[WARNING DRT-0419] No routing tracks pass through the center of Term mem/Gen_dccm_enable_dccm/mem_bank_4__dccm_bank/mem/addr_in[5]
[WARNING DRT-0419] No routing tracks pass through the center of Term mem/Gen_dccm_enable_dccm/mem_bank_4__dccm_bank/mem/addr_in[6]
[WARNING DRT-0419] No routing tracks pass through the center of Term mem/Gen_dccm_enable_dccm/mem_bank_4__dccm_bank/mem/addr_in[7]
[WARNING DRT-0419] No routing tracks pass through the center of Term mem/Gen_dccm_enable_dccm/mem_bank_4__dccm_bank/mem/addr_in[8]
[WARNING DRT-0419] No routing tracks pass through the center of Term mem/Gen_dccm_enable_dccm/mem_bank_4__dccm_bank/mem/addr_in[9]
[WARNING DRT-0419] No routing tracks pass through the center of Term mem/Gen_dccm_enable_dccm/mem_bank_4__dccm_bank/mem/addr_in[10]
[WARNING DRT-0419] No routing tracks pass through the center of Term mem/Gen_dccm_enable_dccm/mem_bank_4__dccm_bank/mem/we_in
[WARNING DRT-0419] No routing tracks pass through the center of Term mem/Gen_dccm_enable_dccm/mem_bank_4__dccm_bank/mem/ce_in
[WARNING DRT-0419] No routing tracks pass through the center of Term mem/Gen_dccm_enable_dccm/mem_bank_4__dccm_bank/mem/clk
[WARNING DRT-0419] No routing tracks pass through the center of Term mem/Gen_dccm_enable_dccm/mem_bank_5__dccm_bank/mem/w_mask_in[0]
[WARNING DRT-0419] No routing tracks pass through the center of Term mem/Gen_dccm_enable_dccm/mem_bank_5__dccm_bank/mem/w_mask_in[1]
[WARNING DRT-0419] No routing tracks pass through the center of Term mem/Gen_dccm_enable_dccm/mem_bank_5__dccm_bank/mem/w_mask_in[2]
[WARNING DRT-0419] No routing tracks pass through the center of Term mem/Gen_dccm_enable_dccm/mem_bank_5__dccm_bank/mem/w_mask_in[3]
[WARNING DRT-0419] No routing tracks pass through the center of Term mem/Gen_dccm_enable_dccm/mem_bank_5__dccm_bank/mem/w_mask_in[4]
[WARNING DRT-0419] No routing tracks pass through the center of Term mem/Gen_dccm_enable_dccm/mem_bank_5__dccm_bank/mem/w_mask_in[5]
[WARNING DRT-0419] No routing tracks pass through the center of Term mem/Gen_dccm_enable_dccm/mem_bank_5__dccm_bank/mem/w_mask_in[6]
[WARNING DRT-0419] No routing tracks pass through the center of Term mem/Gen_dccm_enable_dccm/mem_bank_5__dccm_bank/mem/w_mask_in[7]
[WARNING DRT-0419] No routing tracks pass through the center of Term mem/Gen_dccm_enable_dccm/mem_bank_5__dccm_bank/mem/w_mask_in[8]
[WARNING DRT-0419] No routing tracks pass through the center of Term mem/Gen_dccm_enable_dccm/mem_bank_5__dccm_bank/mem/w_mask_in[9]
[WARNING DRT-0419] No routing tracks pass through the center of Term mem/Gen_dccm_enable_dccm/mem_bank_5__dccm_bank/mem/w_mask_in[10]
[WARNING DRT-0419] No routing tracks pass through the center of Term mem/Gen_dccm_enable_dccm/mem_bank_5__dccm_bank/mem/w_mask_in[11]
[WARNING DRT-0419] No routing tracks pass through the center of Term mem/Gen_dccm_enable_dccm/mem_bank_5__dccm_bank/mem/w_mask_in[12]
[WARNING DRT-0419] No routing tracks pass through the center of Term mem/Gen_dccm_enable_dccm/mem_bank_5__dccm_bank/mem/w_mask_in[13]
[WARNING DRT-0419] No routing tracks pass through the center of Term mem/Gen_dccm_enable_dccm/mem_bank_5__dccm_bank/mem/w_mask_in[14]
[WARNING DRT-0419] No routing tracks pass through the center of Term mem/Gen_dccm_enable_dccm/mem_bank_5__dccm_bank/mem/w_mask_in[15]
[WARNING DRT-0419] No routing tracks pass through the center of Term mem/Gen_dccm_enable_dccm/mem_bank_5__dccm_bank/mem/w_mask_in[16]
[WARNING DRT-0419] No routing tracks pass through the center of Term mem/Gen_dccm_enable_dccm/mem_bank_5__dccm_bank/mem/w_mask_in[17]
[WARNING DRT-0419] No routing tracks pass through the center of Term mem/Gen_dccm_enable_dccm/mem_bank_5__dccm_bank/mem/w_mask_in[18]
[WARNING DRT-0419] No routing tracks pass through the center of Term mem/Gen_dccm_enable_dccm/mem_bank_5__dccm_bank/mem/w_mask_in[19]
[WARNING DRT-0419] No routing tracks pass through the center of Term mem/Gen_dccm_enable_dccm/mem_bank_5__dccm_bank/mem/w_mask_in[20]
[WARNING DRT-0419] No routing tracks pass through the center of Term mem/Gen_dccm_enable_dccm/mem_bank_5__dccm_bank/mem/w_mask_in[21]
[WARNING DRT-0419] No routing tracks pass through the center of Term mem/Gen_dccm_enable_dccm/mem_bank_5__dccm_bank/mem/w_mask_in[22]
[WARNING DRT-0419] No routing tracks pass through the center of Term mem/Gen_dccm_enable_dccm/mem_bank_5__dccm_bank/mem/w_mask_in[23]
[WARNING DRT-0419] No routing tracks pass through the center of Term mem/Gen_dccm_enable_dccm/mem_bank_5__dccm_bank/mem/w_mask_in[24]
[WARNING DRT-0419] No routing tracks pass through the center of Term mem/Gen_dccm_enable_dccm/mem_bank_5__dccm_bank/mem/w_mask_in[25]
[WARNING DRT-0419] No routing tracks pass through the center of Term mem/Gen_dccm_enable_dccm/mem_bank_5__dccm_bank/mem/w_mask_in[26]
[WARNING DRT-0419] No routing tracks pass through the center of Term mem/Gen_dccm_enable_dccm/mem_bank_5__dccm_bank/mem/w_mask_in[27]
[WARNING DRT-0419] No routing tracks pass through the center of Term mem/Gen_dccm_enable_dccm/mem_bank_5__dccm_bank/mem/w_mask_in[28]
[WARNING DRT-0419] No routing tracks pass through the center of Term mem/Gen_dccm_enable_dccm/mem_bank_5__dccm_bank/mem/w_mask_in[29]
[WARNING DRT-0419] No routing tracks pass through the center of Term mem/Gen_dccm_enable_dccm/mem_bank_5__dccm_bank/mem/w_mask_in[30]
[WARNING DRT-0419] No routing tracks pass through the center of Term mem/Gen_dccm_enable_dccm/mem_bank_5__dccm_bank/mem/w_mask_in[31]
[WARNING DRT-0419] No routing tracks pass through the center of Term mem/Gen_dccm_enable_dccm/mem_bank_5__dccm_bank/mem/w_mask_in[32]
[WARNING DRT-0419] No routing tracks pass through the center of Term mem/Gen_dccm_enable_dccm/mem_bank_5__dccm_bank/mem/w_mask_in[33]
[WARNING DRT-0419] No routing tracks pass through the center of Term mem/Gen_dccm_enable_dccm/mem_bank_5__dccm_bank/mem/w_mask_in[34]
[WARNING DRT-0419] No routing tracks pass through the center of Term mem/Gen_dccm_enable_dccm/mem_bank_5__dccm_bank/mem/w_mask_in[35]
[WARNING DRT-0419] No routing tracks pass through the center of Term mem/Gen_dccm_enable_dccm/mem_bank_5__dccm_bank/mem/w_mask_in[36]
[WARNING DRT-0419] No routing tracks pass through the center of Term mem/Gen_dccm_enable_dccm/mem_bank_5__dccm_bank/mem/w_mask_in[37]
[WARNING DRT-0419] No routing tracks pass through the center of Term mem/Gen_dccm_enable_dccm/mem_bank_5__dccm_bank/mem/w_mask_in[38]
[WARNING DRT-0419] No routing tracks pass through the center of Term mem/Gen_dccm_enable_dccm/mem_bank_5__dccm_bank/mem/rd_out[0]
[WARNING DRT-0419] No routing tracks pass through the center of Term mem/Gen_dccm_enable_dccm/mem_bank_5__dccm_bank/mem/rd_out[1]
[WARNING DRT-0419] No routing tracks pass through the center of Term mem/Gen_dccm_enable_dccm/mem_bank_5__dccm_bank/mem/rd_out[2]
[WARNING DRT-0419] No routing tracks pass through the center of Term mem/Gen_dccm_enable_dccm/mem_bank_5__dccm_bank/mem/rd_out[3]
[WARNING DRT-0419] No routing tracks pass through the center of Term mem/Gen_dccm_enable_dccm/mem_bank_5__dccm_bank/mem/rd_out[4]
[WARNING DRT-0419] No routing tracks pass through the center of Term mem/Gen_dccm_enable_dccm/mem_bank_5__dccm_bank/mem/rd_out[5]
[WARNING DRT-0419] No routing tracks pass through the center of Term mem/Gen_dccm_enable_dccm/mem_bank_5__dccm_bank/mem/rd_out[6]
[WARNING DRT-0419] No routing tracks pass through the center of Term mem/Gen_dccm_enable_dccm/mem_bank_5__dccm_bank/mem/rd_out[7]
[WARNING DRT-0419] No routing tracks pass through the center of Term mem/Gen_dccm_enable_dccm/mem_bank_5__dccm_bank/mem/rd_out[8]
[WARNING DRT-0419] No routing tracks pass through the center of Term mem/Gen_dccm_enable_dccm/mem_bank_5__dccm_bank/mem/rd_out[9]
[WARNING DRT-0419] No routing tracks pass through the center of Term mem/Gen_dccm_enable_dccm/mem_bank_5__dccm_bank/mem/rd_out[10]
[WARNING DRT-0419] No routing tracks pass through the center of Term mem/Gen_dccm_enable_dccm/mem_bank_5__dccm_bank/mem/rd_out[11]
[WARNING DRT-0419] No routing tracks pass through the center of Term mem/Gen_dccm_enable_dccm/mem_bank_5__dccm_bank/mem/rd_out[12]
[WARNING DRT-0419] No routing tracks pass through the center of Term mem/Gen_dccm_enable_dccm/mem_bank_5__dccm_bank/mem/rd_out[13]
[WARNING DRT-0419] No routing tracks pass through the center of Term mem/Gen_dccm_enable_dccm/mem_bank_5__dccm_bank/mem/rd_out[14]
[WARNING DRT-0419] No routing tracks pass through the center of Term mem/Gen_dccm_enable_dccm/mem_bank_5__dccm_bank/mem/rd_out[15]
[WARNING DRT-0419] No routing tracks pass through the center of Term mem/Gen_dccm_enable_dccm/mem_bank_5__dccm_bank/mem/rd_out[16]
[WARNING DRT-0419] No routing tracks pass through the center of Term mem/Gen_dccm_enable_dccm/mem_bank_5__dccm_bank/mem/rd_out[17]
[WARNING DRT-0419] No routing tracks pass through the center of Term mem/Gen_dccm_enable_dccm/mem_bank_5__dccm_bank/mem/rd_out[18]
[WARNING DRT-0419] No routing tracks pass through the center of Term mem/Gen_dccm_enable_dccm/mem_bank_5__dccm_bank/mem/rd_out[19]
[WARNING DRT-0419] No routing tracks pass through the center of Term mem/Gen_dccm_enable_dccm/mem_bank_5__dccm_bank/mem/rd_out[20]
[WARNING DRT-0419] No routing tracks pass through the center of Term mem/Gen_dccm_enable_dccm/mem_bank_5__dccm_bank/mem/rd_out[21]
[WARNING DRT-0419] No routing tracks pass through the center of Term mem/Gen_dccm_enable_dccm/mem_bank_5__dccm_bank/mem/rd_out[22]
[WARNING DRT-0419] No routing tracks pass through the center of Term mem/Gen_dccm_enable_dccm/mem_bank_5__dccm_bank/mem/rd_out[23]
[WARNING DRT-0419] No routing tracks pass through the center of Term mem/Gen_dccm_enable_dccm/mem_bank_5__dccm_bank/mem/rd_out[24]
[WARNING DRT-0419] No routing tracks pass through the center of Term mem/Gen_dccm_enable_dccm/mem_bank_5__dccm_bank/mem/rd_out[25]
[WARNING DRT-0419] No routing tracks pass through the center of Term mem/Gen_dccm_enable_dccm/mem_bank_5__dccm_bank/mem/rd_out[26]
[WARNING DRT-0419] No routing tracks pass through the center of Term mem/Gen_dccm_enable_dccm/mem_bank_5__dccm_bank/mem/rd_out[27]
[WARNING DRT-0419] No routing tracks pass through the center of Term mem/Gen_dccm_enable_dccm/mem_bank_5__dccm_bank/mem/rd_out[28]
[WARNING DRT-0419] No routing tracks pass through the center of Term mem/Gen_dccm_enable_dccm/mem_bank_5__dccm_bank/mem/rd_out[29]
[WARNING DRT-0419] No routing tracks pass through the center of Term mem/Gen_dccm_enable_dccm/mem_bank_5__dccm_bank/mem/rd_out[30]
[WARNING DRT-0419] No routing tracks pass through the center of Term mem/Gen_dccm_enable_dccm/mem_bank_5__dccm_bank/mem/rd_out[31]
[WARNING DRT-0419] No routing tracks pass through the center of Term mem/Gen_dccm_enable_dccm/mem_bank_5__dccm_bank/mem/rd_out[32]
[WARNING DRT-0419] No routing tracks pass through the center of Term mem/Gen_dccm_enable_dccm/mem_bank_5__dccm_bank/mem/rd_out[33]
[WARNING DRT-0419] No routing tracks pass through the center of Term mem/Gen_dccm_enable_dccm/mem_bank_5__dccm_bank/mem/rd_out[34]
[WARNING DRT-0419] No routing tracks pass through the center of Term mem/Gen_dccm_enable_dccm/mem_bank_5__dccm_bank/mem/rd_out[35]
[WARNING DRT-0419] No routing tracks pass through the center of Term mem/Gen_dccm_enable_dccm/mem_bank_5__dccm_bank/mem/rd_out[36]
[WARNING DRT-0419] No routing tracks pass through the center of Term mem/Gen_dccm_enable_dccm/mem_bank_5__dccm_bank/mem/rd_out[37]
[WARNING DRT-0419] No routing tracks pass through the center of Term mem/Gen_dccm_enable_dccm/mem_bank_5__dccm_bank/mem/rd_out[38]
[WARNING DRT-0419] No routing tracks pass through the center of Term mem/Gen_dccm_enable_dccm/mem_bank_5__dccm_bank/mem/wd_in[0]
[WARNING DRT-0419] No routing tracks pass through the center of Term mem/Gen_dccm_enable_dccm/mem_bank_5__dccm_bank/mem/wd_in[1]
[WARNING DRT-0419] No routing tracks pass through the center of Term mem/Gen_dccm_enable_dccm/mem_bank_5__dccm_bank/mem/wd_in[2]
[WARNING DRT-0419] No routing tracks pass through the center of Term mem/Gen_dccm_enable_dccm/mem_bank_5__dccm_bank/mem/wd_in[3]
[WARNING DRT-0419] No routing tracks pass through the center of Term mem/Gen_dccm_enable_dccm/mem_bank_5__dccm_bank/mem/wd_in[4]
[WARNING DRT-0419] No routing tracks pass through the center of Term mem/Gen_dccm_enable_dccm/mem_bank_5__dccm_bank/mem/wd_in[5]
[WARNING DRT-0419] No routing tracks pass through the center of Term mem/Gen_dccm_enable_dccm/mem_bank_5__dccm_bank/mem/wd_in[6]
[WARNING DRT-0419] No routing tracks pass through the center of Term mem/Gen_dccm_enable_dccm/mem_bank_5__dccm_bank/mem/wd_in[7]
[WARNING DRT-0419] No routing tracks pass through the center of Term mem/Gen_dccm_enable_dccm/mem_bank_5__dccm_bank/mem/wd_in[8]
[WARNING DRT-0419] No routing tracks pass through the center of Term mem/Gen_dccm_enable_dccm/mem_bank_5__dccm_bank/mem/wd_in[9]
[WARNING DRT-0419] No routing tracks pass through the center of Term mem/Gen_dccm_enable_dccm/mem_bank_5__dccm_bank/mem/wd_in[10]
[WARNING DRT-0419] No routing tracks pass through the center of Term mem/Gen_dccm_enable_dccm/mem_bank_5__dccm_bank/mem/wd_in[11]
[WARNING DRT-0419] No routing tracks pass through the center of Term mem/Gen_dccm_enable_dccm/mem_bank_5__dccm_bank/mem/wd_in[12]
[WARNING DRT-0419] No routing tracks pass through the center of Term mem/Gen_dccm_enable_dccm/mem_bank_5__dccm_bank/mem/wd_in[13]
[WARNING DRT-0419] No routing tracks pass through the center of Term mem/Gen_dccm_enable_dccm/mem_bank_5__dccm_bank/mem/wd_in[14]
[WARNING DRT-0419] No routing tracks pass through the center of Term mem/Gen_dccm_enable_dccm/mem_bank_5__dccm_bank/mem/wd_in[15]
[WARNING DRT-0419] No routing tracks pass through the center of Term mem/Gen_dccm_enable_dccm/mem_bank_5__dccm_bank/mem/wd_in[16]
[WARNING DRT-0419] No routing tracks pass through the center of Term mem/Gen_dccm_enable_dccm/mem_bank_5__dccm_bank/mem/wd_in[17]
[WARNING DRT-0419] No routing tracks pass through the center of Term mem/Gen_dccm_enable_dccm/mem_bank_5__dccm_bank/mem/wd_in[18]
[WARNING DRT-0419] No routing tracks pass through the center of Term mem/Gen_dccm_enable_dccm/mem_bank_5__dccm_bank/mem/wd_in[19]
[WARNING DRT-0419] No routing tracks pass through the center of Term mem/Gen_dccm_enable_dccm/mem_bank_5__dccm_bank/mem/wd_in[20]
[WARNING DRT-0419] No routing tracks pass through the center of Term mem/Gen_dccm_enable_dccm/mem_bank_5__dccm_bank/mem/wd_in[21]
[WARNING DRT-0419] No routing tracks pass through the center of Term mem/Gen_dccm_enable_dccm/mem_bank_5__dccm_bank/mem/wd_in[22]
[WARNING DRT-0419] No routing tracks pass through the center of Term mem/Gen_dccm_enable_dccm/mem_bank_5__dccm_bank/mem/wd_in[23]
[WARNING DRT-0419] No routing tracks pass through the center of Term mem/Gen_dccm_enable_dccm/mem_bank_5__dccm_bank/mem/wd_in[24]
[WARNING DRT-0419] No routing tracks pass through the center of Term mem/Gen_dccm_enable_dccm/mem_bank_5__dccm_bank/mem/wd_in[25]
[WARNING DRT-0419] No routing tracks pass through the center of Term mem/Gen_dccm_enable_dccm/mem_bank_5__dccm_bank/mem/wd_in[26]
[WARNING DRT-0419] No routing tracks pass through the center of Term mem/Gen_dccm_enable_dccm/mem_bank_5__dccm_bank/mem/wd_in[27]
[WARNING DRT-0419] No routing tracks pass through the center of Term mem/Gen_dccm_enable_dccm/mem_bank_5__dccm_bank/mem/wd_in[28]
[WARNING DRT-0419] No routing tracks pass through the center of Term mem/Gen_dccm_enable_dccm/mem_bank_5__dccm_bank/mem/wd_in[29]
[WARNING DRT-0419] No routing tracks pass through the center of Term mem/Gen_dccm_enable_dccm/mem_bank_5__dccm_bank/mem/wd_in[30]
[WARNING DRT-0419] No routing tracks pass through the center of Term mem/Gen_dccm_enable_dccm/mem_bank_5__dccm_bank/mem/wd_in[31]
[WARNING DRT-0419] No routing tracks pass through the center of Term mem/Gen_dccm_enable_dccm/mem_bank_5__dccm_bank/mem/wd_in[32]
[WARNING DRT-0419] No routing tracks pass through the center of Term mem/Gen_dccm_enable_dccm/mem_bank_5__dccm_bank/mem/wd_in[33]
[WARNING DRT-0419] No routing tracks pass through the center of Term mem/Gen_dccm_enable_dccm/mem_bank_5__dccm_bank/mem/wd_in[34]
[WARNING DRT-0419] No routing tracks pass through the center of Term mem/Gen_dccm_enable_dccm/mem_bank_5__dccm_bank/mem/wd_in[35]
[WARNING DRT-0419] No routing tracks pass through the center of Term mem/Gen_dccm_enable_dccm/mem_bank_5__dccm_bank/mem/wd_in[36]
[WARNING DRT-0419] No routing tracks pass through the center of Term mem/Gen_dccm_enable_dccm/mem_bank_5__dccm_bank/mem/wd_in[37]
[WARNING DRT-0419] No routing tracks pass through the center of Term mem/Gen_dccm_enable_dccm/mem_bank_5__dccm_bank/mem/wd_in[38]
[WARNING DRT-0419] No routing tracks pass through the center of Term mem/Gen_dccm_enable_dccm/mem_bank_5__dccm_bank/mem/addr_in[0]
[WARNING DRT-0419] No routing tracks pass through the center of Term mem/Gen_dccm_enable_dccm/mem_bank_5__dccm_bank/mem/addr_in[1]
[WARNING DRT-0419] No routing tracks pass through the center of Term mem/Gen_dccm_enable_dccm/mem_bank_5__dccm_bank/mem/addr_in[2]
[WARNING DRT-0419] No routing tracks pass through the center of Term mem/Gen_dccm_enable_dccm/mem_bank_5__dccm_bank/mem/addr_in[3]
[WARNING DRT-0419] No routing tracks pass through the center of Term mem/Gen_dccm_enable_dccm/mem_bank_5__dccm_bank/mem/addr_in[4]
[WARNING DRT-0419] No routing tracks pass through the center of Term mem/Gen_dccm_enable_dccm/mem_bank_5__dccm_bank/mem/addr_in[5]
[WARNING DRT-0419] No routing tracks pass through the center of Term mem/Gen_dccm_enable_dccm/mem_bank_5__dccm_bank/mem/addr_in[6]
[WARNING DRT-0419] No routing tracks pass through the center of Term mem/Gen_dccm_enable_dccm/mem_bank_5__dccm_bank/mem/addr_in[7]
[WARNING DRT-0419] No routing tracks pass through the center of Term mem/Gen_dccm_enable_dccm/mem_bank_5__dccm_bank/mem/addr_in[8]
[WARNING DRT-0419] No routing tracks pass through the center of Term mem/Gen_dccm_enable_dccm/mem_bank_5__dccm_bank/mem/addr_in[9]
[WARNING DRT-0419] No routing tracks pass through the center of Term mem/Gen_dccm_enable_dccm/mem_bank_5__dccm_bank/mem/addr_in[10]
[WARNING DRT-0419] No routing tracks pass through the center of Term mem/Gen_dccm_enable_dccm/mem_bank_5__dccm_bank/mem/we_in
[WARNING DRT-0419] No routing tracks pass through the center of Term mem/Gen_dccm_enable_dccm/mem_bank_5__dccm_bank/mem/ce_in
[WARNING DRT-0419] No routing tracks pass through the center of Term mem/Gen_dccm_enable_dccm/mem_bank_5__dccm_bank/mem/clk
[WARNING DRT-0419] No routing tracks pass through the center of Term mem/Gen_dccm_enable_dccm/mem_bank_6__dccm_bank/mem/w_mask_in[0]
[WARNING DRT-0419] No routing tracks pass through the center of Term mem/Gen_dccm_enable_dccm/mem_bank_6__dccm_bank/mem/w_mask_in[1]
[WARNING DRT-0419] No routing tracks pass through the center of Term mem/Gen_dccm_enable_dccm/mem_bank_6__dccm_bank/mem/w_mask_in[2]
[WARNING DRT-0419] No routing tracks pass through the center of Term mem/Gen_dccm_enable_dccm/mem_bank_6__dccm_bank/mem/w_mask_in[3]
[WARNING DRT-0419] No routing tracks pass through the center of Term mem/Gen_dccm_enable_dccm/mem_bank_6__dccm_bank/mem/w_mask_in[4]
[WARNING DRT-0419] No routing tracks pass through the center of Term mem/Gen_dccm_enable_dccm/mem_bank_6__dccm_bank/mem/w_mask_in[5]
[WARNING DRT-0419] No routing tracks pass through the center of Term mem/Gen_dccm_enable_dccm/mem_bank_6__dccm_bank/mem/w_mask_in[6]
[WARNING DRT-0419] No routing tracks pass through the center of Term mem/Gen_dccm_enable_dccm/mem_bank_6__dccm_bank/mem/w_mask_in[7]
[WARNING DRT-0419] No routing tracks pass through the center of Term mem/Gen_dccm_enable_dccm/mem_bank_6__dccm_bank/mem/w_mask_in[8]
[WARNING DRT-0419] No routing tracks pass through the center of Term mem/Gen_dccm_enable_dccm/mem_bank_6__dccm_bank/mem/w_mask_in[9]
[WARNING DRT-0419] No routing tracks pass through the center of Term mem/Gen_dccm_enable_dccm/mem_bank_6__dccm_bank/mem/w_mask_in[10]
[WARNING DRT-0419] No routing tracks pass through the center of Term mem/Gen_dccm_enable_dccm/mem_bank_6__dccm_bank/mem/w_mask_in[11]
[WARNING DRT-0419] No routing tracks pass through the center of Term mem/Gen_dccm_enable_dccm/mem_bank_6__dccm_bank/mem/w_mask_in[12]
[WARNING DRT-0419] No routing tracks pass through the center of Term mem/Gen_dccm_enable_dccm/mem_bank_6__dccm_bank/mem/w_mask_in[13]
[WARNING DRT-0419] No routing tracks pass through the center of Term mem/Gen_dccm_enable_dccm/mem_bank_6__dccm_bank/mem/w_mask_in[14]
[WARNING DRT-0419] No routing tracks pass through the center of Term mem/Gen_dccm_enable_dccm/mem_bank_6__dccm_bank/mem/w_mask_in[15]
[WARNING DRT-0419] No routing tracks pass through the center of Term mem/Gen_dccm_enable_dccm/mem_bank_6__dccm_bank/mem/w_mask_in[16]
[WARNING DRT-0419] No routing tracks pass through the center of Term mem/Gen_dccm_enable_dccm/mem_bank_6__dccm_bank/mem/w_mask_in[17]
[WARNING DRT-0419] No routing tracks pass through the center of Term mem/Gen_dccm_enable_dccm/mem_bank_6__dccm_bank/mem/w_mask_in[18]
[WARNING DRT-0419] No routing tracks pass through the center of Term mem/Gen_dccm_enable_dccm/mem_bank_6__dccm_bank/mem/w_mask_in[19]
[WARNING DRT-0419] No routing tracks pass through the center of Term mem/Gen_dccm_enable_dccm/mem_bank_6__dccm_bank/mem/w_mask_in[20]
[WARNING DRT-0419] No routing tracks pass through the center of Term mem/Gen_dccm_enable_dccm/mem_bank_6__dccm_bank/mem/w_mask_in[21]
[WARNING DRT-0419] No routing tracks pass through the center of Term mem/Gen_dccm_enable_dccm/mem_bank_6__dccm_bank/mem/w_mask_in[22]
[WARNING DRT-0419] No routing tracks pass through the center of Term mem/Gen_dccm_enable_dccm/mem_bank_6__dccm_bank/mem/w_mask_in[23]
[WARNING DRT-0419] No routing tracks pass through the center of Term mem/Gen_dccm_enable_dccm/mem_bank_6__dccm_bank/mem/w_mask_in[24]
[WARNING DRT-0419] No routing tracks pass through the center of Term mem/Gen_dccm_enable_dccm/mem_bank_6__dccm_bank/mem/w_mask_in[25]
[WARNING DRT-0419] No routing tracks pass through the center of Term mem/Gen_dccm_enable_dccm/mem_bank_6__dccm_bank/mem/w_mask_in[26]
[WARNING DRT-0419] No routing tracks pass through the center of Term mem/Gen_dccm_enable_dccm/mem_bank_6__dccm_bank/mem/w_mask_in[27]
[WARNING DRT-0419] No routing tracks pass through the center of Term mem/Gen_dccm_enable_dccm/mem_bank_6__dccm_bank/mem/w_mask_in[28]
[WARNING DRT-0419] No routing tracks pass through the center of Term mem/Gen_dccm_enable_dccm/mem_bank_6__dccm_bank/mem/w_mask_in[29]
[WARNING DRT-0419] No routing tracks pass through the center of Term mem/Gen_dccm_enable_dccm/mem_bank_6__dccm_bank/mem/w_mask_in[30]
[WARNING DRT-0419] No routing tracks pass through the center of Term mem/Gen_dccm_enable_dccm/mem_bank_6__dccm_bank/mem/w_mask_in[31]
[WARNING DRT-0419] No routing tracks pass through the center of Term mem/Gen_dccm_enable_dccm/mem_bank_6__dccm_bank/mem/w_mask_in[32]
[WARNING DRT-0419] No routing tracks pass through the center of Term mem/Gen_dccm_enable_dccm/mem_bank_6__dccm_bank/mem/w_mask_in[33]
[WARNING DRT-0419] No routing tracks pass through the center of Term mem/Gen_dccm_enable_dccm/mem_bank_6__dccm_bank/mem/w_mask_in[34]
[WARNING DRT-0419] No routing tracks pass through the center of Term mem/Gen_dccm_enable_dccm/mem_bank_6__dccm_bank/mem/w_mask_in[35]
[WARNING DRT-0419] No routing tracks pass through the center of Term mem/Gen_dccm_enable_dccm/mem_bank_6__dccm_bank/mem/w_mask_in[36]
[WARNING DRT-0419] No routing tracks pass through the center of Term mem/Gen_dccm_enable_dccm/mem_bank_6__dccm_bank/mem/w_mask_in[37]
[WARNING DRT-0419] No routing tracks pass through the center of Term mem/Gen_dccm_enable_dccm/mem_bank_6__dccm_bank/mem/w_mask_in[38]
[WARNING DRT-0419] No routing tracks pass through the center of Term mem/Gen_dccm_enable_dccm/mem_bank_6__dccm_bank/mem/rd_out[0]
[WARNING DRT-0419] No routing tracks pass through the center of Term mem/Gen_dccm_enable_dccm/mem_bank_6__dccm_bank/mem/rd_out[1]
[WARNING DRT-0419] No routing tracks pass through the center of Term mem/Gen_dccm_enable_dccm/mem_bank_6__dccm_bank/mem/rd_out[2]
[WARNING DRT-0419] No routing tracks pass through the center of Term mem/Gen_dccm_enable_dccm/mem_bank_6__dccm_bank/mem/rd_out[3]
[WARNING DRT-0419] No routing tracks pass through the center of Term mem/Gen_dccm_enable_dccm/mem_bank_6__dccm_bank/mem/rd_out[4]
[WARNING DRT-0419] No routing tracks pass through the center of Term mem/Gen_dccm_enable_dccm/mem_bank_6__dccm_bank/mem/rd_out[5]
[WARNING DRT-0419] No routing tracks pass through the center of Term mem/Gen_dccm_enable_dccm/mem_bank_6__dccm_bank/mem/rd_out[6]
[WARNING DRT-0419] No routing tracks pass through the center of Term mem/Gen_dccm_enable_dccm/mem_bank_6__dccm_bank/mem/rd_out[7]
[WARNING DRT-0419] No routing tracks pass through the center of Term mem/Gen_dccm_enable_dccm/mem_bank_6__dccm_bank/mem/rd_out[8]
[WARNING DRT-0419] No routing tracks pass through the center of Term mem/Gen_dccm_enable_dccm/mem_bank_6__dccm_bank/mem/rd_out[9]
[WARNING DRT-0419] No routing tracks pass through the center of Term mem/Gen_dccm_enable_dccm/mem_bank_6__dccm_bank/mem/rd_out[10]
[WARNING DRT-0419] No routing tracks pass through the center of Term mem/Gen_dccm_enable_dccm/mem_bank_6__dccm_bank/mem/rd_out[11]
[WARNING DRT-0419] No routing tracks pass through the center of Term mem/Gen_dccm_enable_dccm/mem_bank_6__dccm_bank/mem/rd_out[12]
[WARNING DRT-0419] No routing tracks pass through the center of Term mem/Gen_dccm_enable_dccm/mem_bank_6__dccm_bank/mem/rd_out[13]
[WARNING DRT-0419] No routing tracks pass through the center of Term mem/Gen_dccm_enable_dccm/mem_bank_6__dccm_bank/mem/rd_out[14]
[WARNING DRT-0419] No routing tracks pass through the center of Term mem/Gen_dccm_enable_dccm/mem_bank_6__dccm_bank/mem/rd_out[15]
[WARNING DRT-0419] No routing tracks pass through the center of Term mem/Gen_dccm_enable_dccm/mem_bank_6__dccm_bank/mem/rd_out[16]
[WARNING DRT-0419] No routing tracks pass through the center of Term mem/Gen_dccm_enable_dccm/mem_bank_6__dccm_bank/mem/rd_out[17]
[WARNING DRT-0419] No routing tracks pass through the center of Term mem/Gen_dccm_enable_dccm/mem_bank_6__dccm_bank/mem/rd_out[18]
[WARNING DRT-0419] No routing tracks pass through the center of Term mem/Gen_dccm_enable_dccm/mem_bank_6__dccm_bank/mem/rd_out[19]
[WARNING DRT-0419] No routing tracks pass through the center of Term mem/Gen_dccm_enable_dccm/mem_bank_6__dccm_bank/mem/rd_out[20]
[WARNING DRT-0419] No routing tracks pass through the center of Term mem/Gen_dccm_enable_dccm/mem_bank_6__dccm_bank/mem/rd_out[21]
[WARNING DRT-0419] No routing tracks pass through the center of Term mem/Gen_dccm_enable_dccm/mem_bank_6__dccm_bank/mem/rd_out[22]
[WARNING DRT-0419] No routing tracks pass through the center of Term mem/Gen_dccm_enable_dccm/mem_bank_6__dccm_bank/mem/rd_out[23]
[WARNING DRT-0419] No routing tracks pass through the center of Term mem/Gen_dccm_enable_dccm/mem_bank_6__dccm_bank/mem/rd_out[24]
[WARNING DRT-0419] No routing tracks pass through the center of Term mem/Gen_dccm_enable_dccm/mem_bank_6__dccm_bank/mem/rd_out[25]
[WARNING DRT-0419] No routing tracks pass through the center of Term mem/Gen_dccm_enable_dccm/mem_bank_6__dccm_bank/mem/rd_out[26]
[WARNING DRT-0419] No routing tracks pass through the center of Term mem/Gen_dccm_enable_dccm/mem_bank_6__dccm_bank/mem/rd_out[27]
[WARNING DRT-0419] No routing tracks pass through the center of Term mem/Gen_dccm_enable_dccm/mem_bank_6__dccm_bank/mem/rd_out[28]
[WARNING DRT-0419] No routing tracks pass through the center of Term mem/Gen_dccm_enable_dccm/mem_bank_6__dccm_bank/mem/rd_out[29]
[WARNING DRT-0419] No routing tracks pass through the center of Term mem/Gen_dccm_enable_dccm/mem_bank_6__dccm_bank/mem/rd_out[30]
[WARNING DRT-0419] No routing tracks pass through the center of Term mem/Gen_dccm_enable_dccm/mem_bank_6__dccm_bank/mem/rd_out[31]
[WARNING DRT-0419] No routing tracks pass through the center of Term mem/Gen_dccm_enable_dccm/mem_bank_6__dccm_bank/mem/rd_out[32]
[WARNING DRT-0419] No routing tracks pass through the center of Term mem/Gen_dccm_enable_dccm/mem_bank_6__dccm_bank/mem/rd_out[33]
[WARNING DRT-0419] No routing tracks pass through the center of Term mem/Gen_dccm_enable_dccm/mem_bank_6__dccm_bank/mem/rd_out[34]
[WARNING DRT-0419] No routing tracks pass through the center of Term mem/Gen_dccm_enable_dccm/mem_bank_6__dccm_bank/mem/rd_out[35]
[WARNING DRT-0419] No routing tracks pass through the center of Term mem/Gen_dccm_enable_dccm/mem_bank_6__dccm_bank/mem/rd_out[36]
[WARNING DRT-0419] No routing tracks pass through the center of Term mem/Gen_dccm_enable_dccm/mem_bank_6__dccm_bank/mem/rd_out[37]
[WARNING DRT-0419] No routing tracks pass through the center of Term mem/Gen_dccm_enable_dccm/mem_bank_6__dccm_bank/mem/rd_out[38]
[WARNING DRT-0419] No routing tracks pass through the center of Term mem/Gen_dccm_enable_dccm/mem_bank_6__dccm_bank/mem/wd_in[0]
[WARNING DRT-0419] No routing tracks pass through the center of Term mem/Gen_dccm_enable_dccm/mem_bank_6__dccm_bank/mem/wd_in[1]
[WARNING DRT-0419] No routing tracks pass through the center of Term mem/Gen_dccm_enable_dccm/mem_bank_6__dccm_bank/mem/wd_in[2]
[WARNING DRT-0419] No routing tracks pass through the center of Term mem/Gen_dccm_enable_dccm/mem_bank_6__dccm_bank/mem/wd_in[3]
[WARNING DRT-0419] No routing tracks pass through the center of Term mem/Gen_dccm_enable_dccm/mem_bank_6__dccm_bank/mem/wd_in[4]
[WARNING DRT-0419] No routing tracks pass through the center of Term mem/Gen_dccm_enable_dccm/mem_bank_6__dccm_bank/mem/wd_in[5]
[WARNING DRT-0419] No routing tracks pass through the center of Term mem/Gen_dccm_enable_dccm/mem_bank_6__dccm_bank/mem/wd_in[6]
[WARNING DRT-0419] No routing tracks pass through the center of Term mem/Gen_dccm_enable_dccm/mem_bank_6__dccm_bank/mem/wd_in[7]
[WARNING DRT-0419] No routing tracks pass through the center of Term mem/Gen_dccm_enable_dccm/mem_bank_6__dccm_bank/mem/wd_in[8]
[WARNING DRT-0419] No routing tracks pass through the center of Term mem/Gen_dccm_enable_dccm/mem_bank_6__dccm_bank/mem/wd_in[9]
[WARNING DRT-0419] No routing tracks pass through the center of Term mem/Gen_dccm_enable_dccm/mem_bank_6__dccm_bank/mem/wd_in[10]
[WARNING DRT-0419] No routing tracks pass through the center of Term mem/Gen_dccm_enable_dccm/mem_bank_6__dccm_bank/mem/wd_in[11]
[WARNING DRT-0419] No routing tracks pass through the center of Term mem/Gen_dccm_enable_dccm/mem_bank_6__dccm_bank/mem/wd_in[12]
[WARNING DRT-0419] No routing tracks pass through the center of Term mem/Gen_dccm_enable_dccm/mem_bank_6__dccm_bank/mem/wd_in[13]
[WARNING DRT-0419] No routing tracks pass through the center of Term mem/Gen_dccm_enable_dccm/mem_bank_6__dccm_bank/mem/wd_in[14]
[WARNING DRT-0419] No routing tracks pass through the center of Term mem/Gen_dccm_enable_dccm/mem_bank_6__dccm_bank/mem/wd_in[15]
[WARNING DRT-0419] No routing tracks pass through the center of Term mem/Gen_dccm_enable_dccm/mem_bank_6__dccm_bank/mem/wd_in[16]
[WARNING DRT-0419] No routing tracks pass through the center of Term mem/Gen_dccm_enable_dccm/mem_bank_6__dccm_bank/mem/wd_in[17]
[WARNING DRT-0419] No routing tracks pass through the center of Term mem/Gen_dccm_enable_dccm/mem_bank_6__dccm_bank/mem/wd_in[18]
[WARNING DRT-0419] No routing tracks pass through the center of Term mem/Gen_dccm_enable_dccm/mem_bank_6__dccm_bank/mem/wd_in[19]
[WARNING DRT-0419] No routing tracks pass through the center of Term mem/Gen_dccm_enable_dccm/mem_bank_6__dccm_bank/mem/wd_in[20]
[WARNING DRT-0419] No routing tracks pass through the center of Term mem/Gen_dccm_enable_dccm/mem_bank_6__dccm_bank/mem/wd_in[21]
[WARNING DRT-0419] No routing tracks pass through the center of Term mem/Gen_dccm_enable_dccm/mem_bank_6__dccm_bank/mem/wd_in[22]
[WARNING DRT-0419] No routing tracks pass through the center of Term mem/Gen_dccm_enable_dccm/mem_bank_6__dccm_bank/mem/wd_in[23]
[WARNING DRT-0419] No routing tracks pass through the center of Term mem/Gen_dccm_enable_dccm/mem_bank_6__dccm_bank/mem/wd_in[24]
[WARNING DRT-0419] No routing tracks pass through the center of Term mem/Gen_dccm_enable_dccm/mem_bank_6__dccm_bank/mem/wd_in[25]
[WARNING DRT-0419] No routing tracks pass through the center of Term mem/Gen_dccm_enable_dccm/mem_bank_6__dccm_bank/mem/wd_in[26]
[WARNING DRT-0419] No routing tracks pass through the center of Term mem/Gen_dccm_enable_dccm/mem_bank_6__dccm_bank/mem/wd_in[27]
[WARNING DRT-0419] No routing tracks pass through the center of Term mem/Gen_dccm_enable_dccm/mem_bank_6__dccm_bank/mem/wd_in[28]
[WARNING DRT-0419] No routing tracks pass through the center of Term mem/Gen_dccm_enable_dccm/mem_bank_6__dccm_bank/mem/wd_in[29]
[WARNING DRT-0419] No routing tracks pass through the center of Term mem/Gen_dccm_enable_dccm/mem_bank_6__dccm_bank/mem/wd_in[30]
[WARNING DRT-0419] No routing tracks pass through the center of Term mem/Gen_dccm_enable_dccm/mem_bank_6__dccm_bank/mem/wd_in[31]
[WARNING DRT-0419] No routing tracks pass through the center of Term mem/Gen_dccm_enable_dccm/mem_bank_6__dccm_bank/mem/wd_in[32]
[WARNING DRT-0419] No routing tracks pass through the center of Term mem/Gen_dccm_enable_dccm/mem_bank_6__dccm_bank/mem/wd_in[33]
[WARNING DRT-0419] No routing tracks pass through the center of Term mem/Gen_dccm_enable_dccm/mem_bank_6__dccm_bank/mem/wd_in[34]
[WARNING DRT-0419] No routing tracks pass through the center of Term mem/Gen_dccm_enable_dccm/mem_bank_6__dccm_bank/mem/wd_in[35]
[WARNING DRT-0419] No routing tracks pass through the center of Term mem/Gen_dccm_enable_dccm/mem_bank_6__dccm_bank/mem/wd_in[36]
[WARNING DRT-0419] No routing tracks pass through the center of Term mem/Gen_dccm_enable_dccm/mem_bank_6__dccm_bank/mem/wd_in[37]
[WARNING DRT-0419] No routing tracks pass through the center of Term mem/Gen_dccm_enable_dccm/mem_bank_6__dccm_bank/mem/wd_in[38]
[WARNING DRT-0419] No routing tracks pass through the center of Term mem/Gen_dccm_enable_dccm/mem_bank_6__dccm_bank/mem/addr_in[0]
[WARNING DRT-0419] No routing tracks pass through the center of Term mem/Gen_dccm_enable_dccm/mem_bank_6__dccm_bank/mem/addr_in[1]
[WARNING DRT-0419] No routing tracks pass through the center of Term mem/Gen_dccm_enable_dccm/mem_bank_6__dccm_bank/mem/addr_in[2]
[WARNING DRT-0419] No routing tracks pass through the center of Term mem/Gen_dccm_enable_dccm/mem_bank_6__dccm_bank/mem/addr_in[3]
[WARNING DRT-0419] No routing tracks pass through the center of Term mem/Gen_dccm_enable_dccm/mem_bank_6__dccm_bank/mem/addr_in[4]
[WARNING DRT-0419] No routing tracks pass through the center of Term mem/Gen_dccm_enable_dccm/mem_bank_6__dccm_bank/mem/addr_in[5]
[WARNING DRT-0419] No routing tracks pass through the center of Term mem/Gen_dccm_enable_dccm/mem_bank_6__dccm_bank/mem/addr_in[6]
[WARNING DRT-0419] No routing tracks pass through the center of Term mem/Gen_dccm_enable_dccm/mem_bank_6__dccm_bank/mem/addr_in[7]
[WARNING DRT-0419] No routing tracks pass through the center of Term mem/Gen_dccm_enable_dccm/mem_bank_6__dccm_bank/mem/addr_in[8]
[WARNING DRT-0419] No routing tracks pass through the center of Term mem/Gen_dccm_enable_dccm/mem_bank_6__dccm_bank/mem/addr_in[9]
[WARNING DRT-0419] No routing tracks pass through the center of Term mem/Gen_dccm_enable_dccm/mem_bank_6__dccm_bank/mem/addr_in[10]
[WARNING DRT-0419] No routing tracks pass through the center of Term mem/Gen_dccm_enable_dccm/mem_bank_6__dccm_bank/mem/we_in
[WARNING DRT-0419] No routing tracks pass through the center of Term mem/Gen_dccm_enable_dccm/mem_bank_6__dccm_bank/mem/ce_in
[WARNING DRT-0419] No routing tracks pass through the center of Term mem/Gen_dccm_enable_dccm/mem_bank_6__dccm_bank/mem/clk
[WARNING DRT-0419] No routing tracks pass through the center of Term mem/Gen_dccm_enable_dccm/mem_bank_7__dccm_bank/mem/w_mask_in[0]
[WARNING DRT-0419] No routing tracks pass through the center of Term mem/Gen_dccm_enable_dccm/mem_bank_7__dccm_bank/mem/w_mask_in[1]
[WARNING DRT-0419] No routing tracks pass through the center of Term mem/Gen_dccm_enable_dccm/mem_bank_7__dccm_bank/mem/w_mask_in[2]
[WARNING DRT-0419] No routing tracks pass through the center of Term mem/Gen_dccm_enable_dccm/mem_bank_7__dccm_bank/mem/w_mask_in[3]
[WARNING DRT-0419] No routing tracks pass through the center of Term mem/Gen_dccm_enable_dccm/mem_bank_7__dccm_bank/mem/w_mask_in[4]
[WARNING DRT-0419] No routing tracks pass through the center of Term mem/Gen_dccm_enable_dccm/mem_bank_7__dccm_bank/mem/w_mask_in[5]
[WARNING DRT-0419] No routing tracks pass through the center of Term mem/Gen_dccm_enable_dccm/mem_bank_7__dccm_bank/mem/w_mask_in[6]
[WARNING DRT-0419] No routing tracks pass through the center of Term mem/Gen_dccm_enable_dccm/mem_bank_7__dccm_bank/mem/w_mask_in[7]
[WARNING DRT-0419] No routing tracks pass through the center of Term mem/Gen_dccm_enable_dccm/mem_bank_7__dccm_bank/mem/w_mask_in[8]
[WARNING DRT-0419] No routing tracks pass through the center of Term mem/Gen_dccm_enable_dccm/mem_bank_7__dccm_bank/mem/w_mask_in[9]
[WARNING DRT-0419] No routing tracks pass through the center of Term mem/Gen_dccm_enable_dccm/mem_bank_7__dccm_bank/mem/w_mask_in[10]
[WARNING DRT-0419] No routing tracks pass through the center of Term mem/Gen_dccm_enable_dccm/mem_bank_7__dccm_bank/mem/w_mask_in[11]
[WARNING DRT-0419] No routing tracks pass through the center of Term mem/Gen_dccm_enable_dccm/mem_bank_7__dccm_bank/mem/w_mask_in[12]
[WARNING DRT-0419] No routing tracks pass through the center of Term mem/Gen_dccm_enable_dccm/mem_bank_7__dccm_bank/mem/w_mask_in[13]
[WARNING DRT-0419] No routing tracks pass through the center of Term mem/Gen_dccm_enable_dccm/mem_bank_7__dccm_bank/mem/w_mask_in[14]
[WARNING DRT-0419] No routing tracks pass through the center of Term mem/Gen_dccm_enable_dccm/mem_bank_7__dccm_bank/mem/w_mask_in[15]
[WARNING DRT-0419] No routing tracks pass through the center of Term mem/Gen_dccm_enable_dccm/mem_bank_7__dccm_bank/mem/w_mask_in[16]
[WARNING DRT-0419] No routing tracks pass through the center of Term mem/Gen_dccm_enable_dccm/mem_bank_7__dccm_bank/mem/w_mask_in[17]
[WARNING DRT-0419] No routing tracks pass through the center of Term mem/Gen_dccm_enable_dccm/mem_bank_7__dccm_bank/mem/w_mask_in[18]
[WARNING DRT-0419] No routing tracks pass through the center of Term mem/Gen_dccm_enable_dccm/mem_bank_7__dccm_bank/mem/w_mask_in[19]
[WARNING DRT-0419] No routing tracks pass through the center of Term mem/Gen_dccm_enable_dccm/mem_bank_7__dccm_bank/mem/w_mask_in[20]
[WARNING DRT-0419] No routing tracks pass through the center of Term mem/Gen_dccm_enable_dccm/mem_bank_7__dccm_bank/mem/w_mask_in[21]
[WARNING DRT-0419] No routing tracks pass through the center of Term mem/Gen_dccm_enable_dccm/mem_bank_7__dccm_bank/mem/w_mask_in[22]
[WARNING DRT-0419] No routing tracks pass through the center of Term mem/Gen_dccm_enable_dccm/mem_bank_7__dccm_bank/mem/w_mask_in[23]
[WARNING DRT-0419] No routing tracks pass through the center of Term mem/Gen_dccm_enable_dccm/mem_bank_7__dccm_bank/mem/w_mask_in[24]
[WARNING DRT-0419] No routing tracks pass through the center of Term mem/Gen_dccm_enable_dccm/mem_bank_7__dccm_bank/mem/w_mask_in[25]
[WARNING DRT-0419] No routing tracks pass through the center of Term mem/Gen_dccm_enable_dccm/mem_bank_7__dccm_bank/mem/w_mask_in[26]
[WARNING DRT-0419] No routing tracks pass through the center of Term mem/Gen_dccm_enable_dccm/mem_bank_7__dccm_bank/mem/w_mask_in[27]
[WARNING DRT-0419] No routing tracks pass through the center of Term mem/Gen_dccm_enable_dccm/mem_bank_7__dccm_bank/mem/w_mask_in[28]
[WARNING DRT-0419] No routing tracks pass through the center of Term mem/Gen_dccm_enable_dccm/mem_bank_7__dccm_bank/mem/w_mask_in[29]
[WARNING DRT-0419] No routing tracks pass through the center of Term mem/Gen_dccm_enable_dccm/mem_bank_7__dccm_bank/mem/w_mask_in[30]
[WARNING DRT-0419] No routing tracks pass through the center of Term mem/Gen_dccm_enable_dccm/mem_bank_7__dccm_bank/mem/w_mask_in[31]
[WARNING DRT-0419] No routing tracks pass through the center of Term mem/Gen_dccm_enable_dccm/mem_bank_7__dccm_bank/mem/w_mask_in[32]
[WARNING DRT-0419] No routing tracks pass through the center of Term mem/Gen_dccm_enable_dccm/mem_bank_7__dccm_bank/mem/w_mask_in[33]
[WARNING DRT-0419] No routing tracks pass through the center of Term mem/Gen_dccm_enable_dccm/mem_bank_7__dccm_bank/mem/w_mask_in[34]
[WARNING DRT-0419] No routing tracks pass through the center of Term mem/Gen_dccm_enable_dccm/mem_bank_7__dccm_bank/mem/w_mask_in[35]
[WARNING DRT-0419] No routing tracks pass through the center of Term mem/Gen_dccm_enable_dccm/mem_bank_7__dccm_bank/mem/w_mask_in[36]
[WARNING DRT-0419] No routing tracks pass through the center of Term mem/Gen_dccm_enable_dccm/mem_bank_7__dccm_bank/mem/w_mask_in[37]
[WARNING DRT-0419] No routing tracks pass through the center of Term mem/Gen_dccm_enable_dccm/mem_bank_7__dccm_bank/mem/w_mask_in[38]
[WARNING DRT-0419] No routing tracks pass through the center of Term mem/Gen_dccm_enable_dccm/mem_bank_7__dccm_bank/mem/rd_out[0]
[WARNING DRT-0419] No routing tracks pass through the center of Term mem/Gen_dccm_enable_dccm/mem_bank_7__dccm_bank/mem/rd_out[1]
[WARNING DRT-0419] No routing tracks pass through the center of Term mem/Gen_dccm_enable_dccm/mem_bank_7__dccm_bank/mem/rd_out[2]
[WARNING DRT-0419] No routing tracks pass through the center of Term mem/Gen_dccm_enable_dccm/mem_bank_7__dccm_bank/mem/rd_out[3]
[WARNING DRT-0419] No routing tracks pass through the center of Term mem/Gen_dccm_enable_dccm/mem_bank_7__dccm_bank/mem/rd_out[4]
[WARNING DRT-0419] No routing tracks pass through the center of Term mem/Gen_dccm_enable_dccm/mem_bank_7__dccm_bank/mem/rd_out[5]
[WARNING DRT-0419] No routing tracks pass through the center of Term mem/Gen_dccm_enable_dccm/mem_bank_7__dccm_bank/mem/rd_out[6]
[WARNING DRT-0419] No routing tracks pass through the center of Term mem/Gen_dccm_enable_dccm/mem_bank_7__dccm_bank/mem/rd_out[7]
[WARNING DRT-0419] No routing tracks pass through the center of Term mem/Gen_dccm_enable_dccm/mem_bank_7__dccm_bank/mem/rd_out[8]
[WARNING DRT-0419] No routing tracks pass through the center of Term mem/Gen_dccm_enable_dccm/mem_bank_7__dccm_bank/mem/rd_out[9]
[WARNING DRT-0419] No routing tracks pass through the center of Term mem/Gen_dccm_enable_dccm/mem_bank_7__dccm_bank/mem/rd_out[10]
[WARNING DRT-0419] No routing tracks pass through the center of Term mem/Gen_dccm_enable_dccm/mem_bank_7__dccm_bank/mem/rd_out[11]
[WARNING DRT-0419] No routing tracks pass through the center of Term mem/Gen_dccm_enable_dccm/mem_bank_7__dccm_bank/mem/rd_out[12]
[WARNING DRT-0419] No routing tracks pass through the center of Term mem/Gen_dccm_enable_dccm/mem_bank_7__dccm_bank/mem/rd_out[13]
[WARNING DRT-0419] No routing tracks pass through the center of Term mem/Gen_dccm_enable_dccm/mem_bank_7__dccm_bank/mem/rd_out[14]
[WARNING DRT-0419] No routing tracks pass through the center of Term mem/Gen_dccm_enable_dccm/mem_bank_7__dccm_bank/mem/rd_out[15]
[WARNING DRT-0419] No routing tracks pass through the center of Term mem/Gen_dccm_enable_dccm/mem_bank_7__dccm_bank/mem/rd_out[16]
[WARNING DRT-0419] No routing tracks pass through the center of Term mem/Gen_dccm_enable_dccm/mem_bank_7__dccm_bank/mem/rd_out[17]
[WARNING DRT-0419] No routing tracks pass through the center of Term mem/Gen_dccm_enable_dccm/mem_bank_7__dccm_bank/mem/rd_out[18]
[WARNING DRT-0419] No routing tracks pass through the center of Term mem/Gen_dccm_enable_dccm/mem_bank_7__dccm_bank/mem/rd_out[19]
[WARNING DRT-0419] No routing tracks pass through the center of Term mem/Gen_dccm_enable_dccm/mem_bank_7__dccm_bank/mem/rd_out[20]
[WARNING DRT-0419] No routing tracks pass through the center of Term mem/Gen_dccm_enable_dccm/mem_bank_7__dccm_bank/mem/rd_out[21]
[WARNING DRT-0419] No routing tracks pass through the center of Term mem/Gen_dccm_enable_dccm/mem_bank_7__dccm_bank/mem/rd_out[22]
[WARNING DRT-0419] No routing tracks pass through the center of Term mem/Gen_dccm_enable_dccm/mem_bank_7__dccm_bank/mem/rd_out[23]
[WARNING DRT-0419] No routing tracks pass through the center of Term mem/Gen_dccm_enable_dccm/mem_bank_7__dccm_bank/mem/rd_out[24]
[WARNING DRT-0419] No routing tracks pass through the center of Term mem/Gen_dccm_enable_dccm/mem_bank_7__dccm_bank/mem/rd_out[25]
[WARNING DRT-0419] No routing tracks pass through the center of Term mem/Gen_dccm_enable_dccm/mem_bank_7__dccm_bank/mem/rd_out[26]
[WARNING DRT-0419] No routing tracks pass through the center of Term mem/Gen_dccm_enable_dccm/mem_bank_7__dccm_bank/mem/rd_out[27]
[WARNING DRT-0419] No routing tracks pass through the center of Term mem/Gen_dccm_enable_dccm/mem_bank_7__dccm_bank/mem/rd_out[28]
[WARNING DRT-0419] No routing tracks pass through the center of Term mem/Gen_dccm_enable_dccm/mem_bank_7__dccm_bank/mem/rd_out[29]
[WARNING DRT-0419] No routing tracks pass through the center of Term mem/Gen_dccm_enable_dccm/mem_bank_7__dccm_bank/mem/rd_out[30]
[WARNING DRT-0419] No routing tracks pass through the center of Term mem/Gen_dccm_enable_dccm/mem_bank_7__dccm_bank/mem/rd_out[31]
[WARNING DRT-0419] No routing tracks pass through the center of Term mem/Gen_dccm_enable_dccm/mem_bank_7__dccm_bank/mem/rd_out[32]
[WARNING DRT-0419] No routing tracks pass through the center of Term mem/Gen_dccm_enable_dccm/mem_bank_7__dccm_bank/mem/rd_out[33]
[WARNING DRT-0419] No routing tracks pass through the center of Term mem/Gen_dccm_enable_dccm/mem_bank_7__dccm_bank/mem/rd_out[34]
[WARNING DRT-0419] No routing tracks pass through the center of Term mem/Gen_dccm_enable_dccm/mem_bank_7__dccm_bank/mem/rd_out[35]
[WARNING DRT-0419] No routing tracks pass through the center of Term mem/Gen_dccm_enable_dccm/mem_bank_7__dccm_bank/mem/rd_out[36]
[WARNING DRT-0419] No routing tracks pass through the center of Term mem/Gen_dccm_enable_dccm/mem_bank_7__dccm_bank/mem/rd_out[37]
[WARNING DRT-0419] No routing tracks pass through the center of Term mem/Gen_dccm_enable_dccm/mem_bank_7__dccm_bank/mem/rd_out[38]
[WARNING DRT-0419] No routing tracks pass through the center of Term mem/Gen_dccm_enable_dccm/mem_bank_7__dccm_bank/mem/wd_in[0]
[WARNING DRT-0419] No routing tracks pass through the center of Term mem/Gen_dccm_enable_dccm/mem_bank_7__dccm_bank/mem/wd_in[1]
[WARNING DRT-0419] No routing tracks pass through the center of Term mem/Gen_dccm_enable_dccm/mem_bank_7__dccm_bank/mem/wd_in[2]
[WARNING DRT-0419] No routing tracks pass through the center of Term mem/Gen_dccm_enable_dccm/mem_bank_7__dccm_bank/mem/wd_in[3]
[WARNING DRT-0419] No routing tracks pass through the center of Term mem/Gen_dccm_enable_dccm/mem_bank_7__dccm_bank/mem/wd_in[4]
[WARNING DRT-0419] message limit (1000) reached. This message will no longer print.
[INFO DRT-0167] List of default vias:
  Layer via1
    default via: via1_7
  Layer via2
    default via: via2_5
  Layer via3
    default via: via3_2
  Layer via4
    default via: via4_0
  Layer via5
    default via: via5_0
  Layer via6
    default via: via6_0
  Layer via7
    default via: via7_0
  Layer via8
    default via: via8_0
  Layer via9
    default via: via9_0
  Layer hb_layer
    default via: hb_layer_0
  Layer via11
    default via: via11_0
  Layer via12
    default via: via12_0
  Layer via13
    default via: via13_0
  Layer via14
    default via: via14_0
  Layer via15
    default via: via15_0
  Layer via16
    default via: via16_0
  Layer via17
    default via: via17_2
  Layer via18
    default via: via18_5
  Layer via19
    default via: via19_7
[INFO DRT-0162] Library cell analysis.
[INFO DRT-0163] Instance analysis.
  Complete 100000 instances.
[INFO DRT-0164] Number of unique instances = 846.
[INFO DRT-0168] Init region query.
[INFO DRT-0018]   Complete 100000 insts.
[INFO DRT-0024]   Complete active.
[INFO DRT-0024]   Complete Fr_VIA.
[INFO DRT-0024]   Complete metal1.
[INFO DRT-0024]   Complete via1.
[INFO DRT-0024]   Complete metal2.
[INFO DRT-0024]   Complete via2.
[INFO DRT-0024]   Complete metal3.
[INFO DRT-0024]   Complete via3.
[INFO DRT-0024]   Complete metal4.
[INFO DRT-0024]   Complete via4.
[INFO DRT-0024]   Complete metal5.
[INFO DRT-0024]   Complete via5.
[INFO DRT-0024]   Complete metal6.
[INFO DRT-0024]   Complete via6.
[INFO DRT-0024]   Complete metal7.
[INFO DRT-0024]   Complete via7.
[INFO DRT-0024]   Complete metal8.
[INFO DRT-0024]   Complete via8.
[INFO DRT-0024]   Complete metal9.
[INFO DRT-0024]   Complete via9.
[INFO DRT-0024]   Complete metal10.
[INFO DRT-0024]   Complete hb_layer.
[INFO DRT-0024]   Complete metal11.
[INFO DRT-0024]   Complete via11.
[INFO DRT-0024]   Complete metal12.
[INFO DRT-0024]   Complete via12.
[INFO DRT-0024]   Complete metal13.
[INFO DRT-0024]   Complete via13.
[INFO DRT-0024]   Complete metal14.
[INFO DRT-0024]   Complete via14.
[INFO DRT-0024]   Complete metal15.
[INFO DRT-0024]   Complete via15.
[INFO DRT-0024]   Complete metal16.
[INFO DRT-0024]   Complete via16.
[INFO DRT-0024]   Complete metal17.
[INFO DRT-0024]   Complete via17.
[INFO DRT-0024]   Complete metal18.
[INFO DRT-0024]   Complete via18.
[INFO DRT-0024]   Complete metal19.
[INFO DRT-0024]   Complete via19.
[INFO DRT-0024]   Complete metal20.
[INFO DRT-0033] active shape region query size = 0.
[INFO DRT-0033] FR_VIA shape region query size = 0.
[INFO DRT-0033] metal1 shape region query size = 1102432.
[INFO DRT-0033] via1 shape region query size = 0.
[INFO DRT-0033] metal2 shape region query size = 11.
[INFO DRT-0033] via2 shape region query size = 0.
[INFO DRT-0033] metal3 shape region query size = 2652.
[INFO DRT-0033] via3 shape region query size = 0.
[INFO DRT-0033] metal4 shape region query size = 1341.
[INFO DRT-0033] via4 shape region query size = 0.
[INFO DRT-0033] metal5 shape region query size = 660.
[INFO DRT-0033] via5 shape region query size = 0.
[INFO DRT-0033] metal6 shape region query size = 756.
[INFO DRT-0033] via6 shape region query size = 0.
[INFO DRT-0033] metal7 shape region query size = 0.
[INFO DRT-0033] via7 shape region query size = 0.
[INFO DRT-0033] metal8 shape region query size = 0.
[INFO DRT-0033] via8 shape region query size = 0.
[INFO DRT-0033] metal9 shape region query size = 0.
[INFO DRT-0033] via9 shape region query size = 0.
[INFO DRT-0033] metal10 shape region query size = 6268.
[INFO DRT-0033] hb_layer shape region query size = 0.
[INFO DRT-0033] metal11 shape region query size = 6268.
[INFO DRT-0033] via11 shape region query size = 0.
[INFO DRT-0033] metal12 shape region query size = 0.
[INFO DRT-0033] via12 shape region query size = 0.
[INFO DRT-0033] metal13 shape region query size = 0.
[INFO DRT-0033] via13 shape region query size = 0.
[INFO DRT-0033] metal14 shape region query size = 0.
[INFO DRT-0033] via14 shape region query size = 0.
[INFO DRT-0033] metal15 shape region query size = 0.
[INFO DRT-0033] via15 shape region query size = 0.
[INFO DRT-0033] metal16 shape region query size = 0.
[INFO DRT-0033] via16 shape region query size = 0.
[INFO DRT-0033] metal17 shape region query size = 1567.
[INFO DRT-0033] via17 shape region query size = 0.
[INFO DRT-0033] metal18 shape region query size = 3692.
[INFO DRT-0033] via18 shape region query size = 0.
[INFO DRT-0033] metal19 shape region query size = 1268322.
[INFO DRT-0033] via19 shape region query size = 0.
[INFO DRT-0033] metal20 shape region query size = 17.
[INFO DRT-0165] Start pin access.
[INFO DRT-0076]   Complete 1000 pins.
[INFO DRT-0076]   Complete 2000 pins.
[INFO DRT-0076]   Complete 3000 pins.
[INFO DRT-0076]   Complete 4000 pins.
[INFO DRT-0076]   Complete 5000 pins.
[INFO DRT-0078]   Complete 5549 pins.
[INFO DRT-0079]   Complete 100 unique inst patterns.
[INFO DRT-0079]   Complete 200 unique inst patterns.
[INFO DRT-0079]   Complete 300 unique inst patterns.
[INFO DRT-0079]   Complete 400 unique inst patterns.
[INFO DRT-0079]   Complete 500 unique inst patterns.
[INFO DRT-0079]   Complete 600 unique inst patterns.
[INFO DRT-0079]   Complete 700 unique inst patterns.
[INFO DRT-0079]   Complete 800 unique inst patterns.
[INFO DRT-0081]   Complete 818 unique inst patterns.
[INFO DRT-0082]   Complete 10000 groups.
[INFO DRT-0082]   Complete 20000 groups.
[INFO DRT-0082]   Complete 30000 groups.
[INFO DRT-0082]   Complete 40000 groups.
[INFO DRT-0082]   Complete 50000 groups.
[INFO DRT-0082]   Complete 60000 groups.
[INFO DRT-0082]   Complete 70000 groups.
[INFO DRT-0084]   Complete 70203 groups.
#scanned instances     = 102336
#unique  instances     = 846
#stdCellGenAp          = 26529
#stdCellValidPlanarAp  = 20103
#stdCellValidViaAp     = 11071
#stdCellPinNoAp        = 0
#stdCellPinCnt         = 377148
#instTermValidViaApCnt = 0
#macroGenAp            = 5309
#macroValidPlanarAp    = 5204
#macroValidViaAp       = 0
#macroNoAp             = 0
[INFO DRT-0166] Complete pin access.
[INFO DRT-0267] cpu time = 00:49:41, elapsed time = 00:00:33, memory = 648.11 (MB), peak = 672.26 (MB)
[INFO DRT-0156] guideIn read 100000 guides.
[INFO DRT-0156] guideIn read 200000 guides.
[INFO DRT-0156] guideIn read 300000 guides.
[INFO DRT-0156] guideIn read 400000 guides.
[INFO DRT-0156] guideIn read 500000 guides.
[INFO DRT-0156] guideIn read 600000 guides.
[INFO DRT-0156] guideIn read 700000 guides.
[INFO DRT-0156] guideIn read 800000 guides.
[INFO DRT-0156] guideIn read 900000 guides.
[INFO DRT-0156] guideIn read 1000000 guides.

[INFO DRT-0157] Number of guides:     1170818

[INFO DRT-0169] Post process guides.
[INFO DRT-0176] GCELLGRID X 0 DO 380 STEP 4200 ;
[INFO DRT-0177] GCELLGRID Y 0 DO 333 STEP 4200 ;
[INFO DRT-0026]   Complete 100000 origin guides.
[INFO DRT-0026]   Complete 200000 origin guides.
[INFO DRT-0026]   Complete 300000 origin guides.
[INFO DRT-0026]   Complete 400000 origin guides.
[INFO DRT-0026]   Complete 500000 origin guides.
[INFO DRT-0026]   Complete 600000 origin guides.
[INFO DRT-0026]   Complete 700000 origin guides.
[INFO DRT-0026]   Complete 800000 origin guides.
[INFO DRT-0026]   Complete 900000 origin guides.
[INFO DRT-0027]   Complete 1000000 origin guides.
[INFO DRT-0028]   Complete active.
[INFO DRT-0028]   Complete Fr_VIA.
[INFO DRT-0028]   Complete metal1.
[INFO DRT-0028]   Complete via1.
[INFO DRT-0028]   Complete metal2.
[INFO DRT-0028]   Complete via2.
[INFO DRT-0028]   Complete metal3.
[INFO DRT-0028]   Complete via3.
[INFO DRT-0028]   Complete metal4.
[INFO DRT-0028]   Complete via4.
[INFO DRT-0028]   Complete metal5.
[INFO DRT-0028]   Complete via5.
[INFO DRT-0028]   Complete metal6.
[INFO DRT-0028]   Complete via6.
[INFO DRT-0028]   Complete metal7.
[INFO DRT-0028]   Complete via7.
[INFO DRT-0028]   Complete metal8.
[INFO DRT-0028]   Complete via8.
[INFO DRT-0028]   Complete metal9.
[INFO DRT-0028]   Complete via9.
[INFO DRT-0028]   Complete metal10.
[INFO DRT-0028]   Complete hb_layer.
[INFO DRT-0028]   Complete metal11.
[INFO DRT-0028]   Complete via11.
[INFO DRT-0028]   Complete metal12.
[INFO DRT-0028]   Complete via12.
[INFO DRT-0028]   Complete metal13.
[INFO DRT-0028]   Complete via13.
[INFO DRT-0028]   Complete metal14.
[INFO DRT-0028]   Complete via14.
[INFO DRT-0028]   Complete metal15.
[INFO DRT-0028]   Complete via15.
[INFO DRT-0028]   Complete metal16.
[INFO DRT-0028]   Complete via16.
[INFO DRT-0028]   Complete metal17.
[INFO DRT-0028]   Complete via17.
[INFO DRT-0028]   Complete metal18.
[INFO DRT-0028]   Complete via18.
[INFO DRT-0028]   Complete metal19.
[INFO DRT-0028]   Complete via19.
[INFO DRT-0028]   Complete metal20.
  complete 100000 nets.
[INFO DRT-0178] Init guide query.
[INFO DRT-0029]   Complete 100000 nets (guide).
[INFO DRT-0035]   Complete active (guide).
[INFO DRT-0035]   Complete Fr_VIA (guide).
[INFO DRT-0035]   Complete metal1 (guide).
[INFO DRT-0035]   Complete via1 (guide).
[INFO DRT-0035]   Complete metal2 (guide).
[INFO DRT-0035]   Complete via2 (guide).
[INFO DRT-0035]   Complete metal3 (guide).
[INFO DRT-0035]   Complete via3 (guide).
[INFO DRT-0035]   Complete metal4 (guide).
[INFO DRT-0035]   Complete via4 (guide).
[INFO DRT-0035]   Complete metal5 (guide).
[INFO DRT-0035]   Complete via5 (guide).
[INFO DRT-0035]   Complete metal6 (guide).
[INFO DRT-0035]   Complete via6 (guide).
[INFO DRT-0035]   Complete metal7 (guide).
[INFO DRT-0035]   Complete via7 (guide).
[INFO DRT-0035]   Complete metal8 (guide).
[INFO DRT-0035]   Complete via8 (guide).
[INFO DRT-0035]   Complete metal9 (guide).
[INFO DRT-0035]   Complete via9 (guide).
[INFO DRT-0035]   Complete metal10 (guide).
[INFO DRT-0035]   Complete hb_layer (guide).
[INFO DRT-0035]   Complete metal11 (guide).
[INFO DRT-0035]   Complete via11 (guide).
[INFO DRT-0035]   Complete metal12 (guide).
[INFO DRT-0035]   Complete via12 (guide).
[INFO DRT-0035]   Complete metal13 (guide).
[INFO DRT-0035]   Complete via13 (guide).
[INFO DRT-0035]   Complete metal14 (guide).
[INFO DRT-0035]   Complete via14 (guide).
[INFO DRT-0035]   Complete metal15 (guide).
[INFO DRT-0035]   Complete via15 (guide).
[INFO DRT-0035]   Complete metal16 (guide).
[INFO DRT-0035]   Complete via16 (guide).
[INFO DRT-0035]   Complete metal17 (guide).
[INFO DRT-0035]   Complete via17 (guide).
[INFO DRT-0035]   Complete metal18 (guide).
[INFO DRT-0035]   Complete via18 (guide).
[INFO DRT-0035]   Complete metal19 (guide).
[INFO DRT-0035]   Complete via19 (guide).
[INFO DRT-0035]   Complete metal20 (guide).
[INFO DRT-0036] active guide region query size = 0.
[INFO DRT-0036] FR_VIA guide region query size = 0.
[INFO DRT-0036] metal1 guide region query size = 144560.
[INFO DRT-0036] via1 guide region query size = 0.
[INFO DRT-0036] metal2 guide region query size = 113763.
[INFO DRT-0036] via2 guide region query size = 0.
[INFO DRT-0036] metal3 guide region query size = 53638.
[INFO DRT-0036] via3 guide region query size = 0.
[INFO DRT-0036] metal4 guide region query size = 10964.
[INFO DRT-0036] via4 guide region query size = 0.
[INFO DRT-0036] metal5 guide region query size = 10855.
[INFO DRT-0036] via5 guide region query size = 0.
[INFO DRT-0036] metal6 guide region query size = 10096.
[INFO DRT-0036] via6 guide region query size = 0.
[INFO DRT-0036] metal7 guide region query size = 9028.
[INFO DRT-0036] via7 guide region query size = 0.
[INFO DRT-0036] metal8 guide region query size = 9092.
[INFO DRT-0036] via8 guide region query size = 0.
[INFO DRT-0036] metal9 guide region query size = 9126.
[INFO DRT-0036] via9 guide region query size = 0.
[INFO DRT-0036] metal10 guide region query size = 9240.
[INFO DRT-0036] hb_layer guide region query size = 0.
[INFO DRT-0036] metal11 guide region query size = 9309.
[INFO DRT-0036] via11 guide region query size = 0.
[INFO DRT-0036] metal12 guide region query size = 9348.
[INFO DRT-0036] via12 guide region query size = 0.
[INFO DRT-0036] metal13 guide region query size = 9636.
[INFO DRT-0036] via13 guide region query size = 0.
[INFO DRT-0036] metal14 guide region query size = 10014.
[INFO DRT-0036] via14 guide region query size = 0.
[INFO DRT-0036] metal15 guide region query size = 11978.
[INFO DRT-0036] via15 guide region query size = 0.
[INFO DRT-0036] metal16 guide region query size = 14227.
[INFO DRT-0036] via16 guide region query size = 0.
[INFO DRT-0036] metal17 guide region query size = 22051.
[INFO DRT-0036] via17 guide region query size = 0.
[INFO DRT-0036] metal18 guide region query size = 40812.
[INFO DRT-0036] via18 guide region query size = 0.
[INFO DRT-0036] metal19 guide region query size = 173475.
[INFO DRT-0036] via19 guide region query size = 0.
[INFO DRT-0036] metal20 guide region query size = 41183.
[INFO DRT-0179] Init gr pin query.
[INFO DRT-0267] cpu time = 00:02:05, elapsed time = 00:01:40, memory = 995.86 (MB), peak = 995.86 (MB)
[INFO DRT-0245] skipped writing guide updates to database.
[INFO DRT-0185] Post process initialize RPin region query.
[INFO DRT-0181] Start track assignment.
[INFO DRT-0184] Done with 268739 vertical wires in 8 frboxes and 453656 horizontal wires in 7 frboxes.
[INFO DRT-0186] Done with 85487 vertical wires in 8 frboxes and 153463 horizontal wires in 7 frboxes.
[INFO DRT-0182] Complete track assignment.
[INFO DRT-0267] cpu time = 00:01:33, elapsed time = 00:00:22, memory = 2853.83 (MB), peak = 2922.41 (MB)
[INFO DRT-0187] Start routing data preparation.
[INFO DRT-0267] cpu time = 00:00:01, elapsed time = 00:00:01, memory = 3113.02 (MB), peak = 3113.02 (MB)
[INFO DRT-0194] Start detail routing.
[INFO DRT-0195] Start 0th optimization iteration.
    Completing 10% with 0 violations.
    elapsed time = 00:00:48, memory = 8845.16 (MB).
    Completing 20% with 0 violations.
    elapsed time = 00:01:02, memory = 9234.80 (MB).
    Completing 30% with 78676 violations.
    elapsed time = 00:02:13, memory = 11733.47 (MB).
    Completing 40% with 78676 violations.
    elapsed time = 00:02:42, memory = 11494.32 (MB).
    Completing 50% with 78676 violations.
    elapsed time = 00:03:07, memory = 10811.21 (MB).
    Completing 60% with 148849 violations.
    elapsed time = 00:04:29, memory = 12389.93 (MB).
    Completing 70% with 148849 violations.
    elapsed time = 00:04:45, memory = 12194.91 (MB).
    Completing 80% with 225459 violations.
    elapsed time = 00:06:06, memory = 14275.02 (MB).
    Completing 90% with 225459 violations.
    elapsed time = 00:06:35, memory = 13802.87 (MB).
    Completing 100% with 293909 violations.
    elapsed time = 00:07:18, memory = 10073.10 (MB).
[INFO DRT-0199]   Number of violations = 316614.
Viol/Layer      metal1   via1 metal2   via2 metal3   via3 metal4   via4 metal5   via5 metal6 metal7   via7 metal8   via8 metal9   via9 me..10 me..11  via11 me..12  via12 me..13  via13 me..14 me..15 me..16  via16 me..17  via17 me..18  via18 me..19  via19 me..20
Cut Spacing          0      5      0     33      0      0      0     46      0     26      0      0     16      0      4      0    464      0      0    182      0      2      0      5      0      0      0    194      0     17      0    430      0    335      0
Metal Spacing      610      0    911      0     97      0      2      0      2      0      1      2      0      0      0      3      0   1982    497      0     75      0    373      0      3    223      6      0    765      0   2418      0  66086      0   2160
Min Width            0      0      0      0      0      0      0      0      0      0      0      0      0      0      0      0      0      0      0      0      2      0      0      0      0      0      0      0      2      0      0      0      0      0      0
NS Metal             0      0      0      0      0      0      0      0      0      0      0      0      0      0      0      0      0      4      2      0      4      0      1      0      0      0      0      0      5      0     36      0     40      0      5
Recheck            484      0   2894      0   1264      0    547      0    390      0    630    634      0    393      0    442      0    411    399      0    465      0    424      0    644    684    510      0   1750      0   2205      0   4862      0   2673
Short              874     48  12382      0   2040      1     21      4     80      0     35     31      0      6      0     22      0     95    104      1     27      3     52      0     12     47     80      4   4673     16  10958    189 129992    312  53724
[INFO DRT-0267] cpu time = 08:46:28, elapsed time = 00:08:25, memory = 10362.12 (MB), peak = 14402.30 (MB)
Total wire length = 4110979 um.
Total wire length on LAYER metal1 = 3506 um.
Total wire length on LAYER metal2 = 483064 um.
Total wire length on LAYER metal3 = 561391 um.
Total wire length on LAYER metal4 = 150117 um.
Total wire length on LAYER metal5 = 310377 um.
Total wire length on LAYER metal6 = 235612 um.
Total wire length on LAYER metal7 = 53201 um.
Total wire length on LAYER metal8 = 31355 um.
Total wire length on LAYER metal9 = 27093 um.
Total wire length on LAYER metal10 = 21650 um.
Total wire length on LAYER metal11 = 13932 um.
Total wire length on LAYER metal12 = 25407 um.
Total wire length on LAYER metal13 = 46555 um.
Total wire length on LAYER metal14 = 49513 um.
Total wire length on LAYER metal15 = 190237 um.
Total wire length on LAYER metal16 = 112548 um.
Total wire length on LAYER metal17 = 447075 um.
Total wire length on LAYER metal18 = 470142 um.
Total wire length on LAYER metal19 = 282194 um.
Total wire length on LAYER metal20 = 596000 um.
Total number of vias = 1046908.
Up-via summary (total 1046908):

-------------------
  active          0
  metal1     165240
  metal2     177157
  metal3      12961
  metal4       9581
  metal5       9542
  metal6       7838
  metal7       7941
  metal8       7892
  metal9       7978
 metal10       1735
 metal11       8081
 metal12       8261
 metal13       8821
 metal14       8998
 metal15      20892
 metal16      22514
 metal17     129629
 metal18     143472
 metal19     288375
-------------------
            1046908


[INFO DRT-0195] Start 1st optimization iteration.
    Completing 10% with 316614 violations.
    elapsed time = 00:00:32, memory = 15296.84 (MB).
    Completing 20% with 316614 violations.
    elapsed time = 00:00:42, memory = 14599.83 (MB).
    Completing 30% with 271395 violations.
    elapsed time = 00:01:30, memory = 15666.17 (MB).
    Completing 40% with 271395 violations.
    elapsed time = 00:01:54, memory = 15084.09 (MB).
    Completing 50% with 271395 violations.
    elapsed time = 00:02:05, memory = 11807.75 (MB).
    Completing 60% with 220589 violations.
    elapsed time = 00:04:04, memory = 15674.40 (MB).
    Completing 70% with 220589 violations.
    elapsed time = 00:04:19, memory = 14900.73 (MB).
    Completing 80% with 170593 violations.
    elapsed time = 00:05:14, memory = 16238.53 (MB).
    Completing 90% with 170593 violations.
    elapsed time = 00:05:36, memory = 15295.96 (MB).
    Completing 100% with 118148 violations.
    elapsed time = 00:06:08, memory = 10706.02 (MB).
[INFO DRT-0199]   Number of violations = 118164.
Viol/Layer      metal1   via1 metal2   via2 metal3   via4 metal5   via5 metal6 metal7   via7 metal8 metal9   via9 me..10 hb..er me..11  via11 me..12 me..13  via13 me..14 me..15 me..16  via16 me..17  via17 me..18  via18 me..19  via19 me..20
Cut Spacing          0      5      0     17      0      6      0      6      0      0      6      0      0    134      0      1      0     45      0      0      1      0      0      0    109      0      4      0     57      0     53      0
Metal Spacing       44      0    807      0     42      0      0      0      0      3      0      0      7      0   1462      0    187      0     16    145      0      2    183      0      0    358      0   1008      0  21656      0   3068
NS Metal             0      0      0      0      0      0      0      0      0      0      0      0      0      0      3      0      0      0      4      0      0      0      0      0      0      0      0      0      0      9      0      1
Recheck              0      0      0      0      0      0      0      0      0      0      0      0      0      0      0      0      0      0      0      0      0      0      0      0      0      0      0      0      0     12      0      4
Short               24      0   4703      0    864      0      9      0      2      0      0      2      9      0     19      0     18      0      4     17      0      1    136     72      1    648      3   5677      2  33677      9  42802
[INFO DRT-0267] cpu time = 06:21:03, elapsed time = 00:07:07, memory = 10650.59 (MB), peak = 16449.14 (MB)
Total wire length = 4089183 um.
Total wire length on LAYER metal1 = 2902 um.
Total wire length on LAYER metal2 = 477505 um.
Total wire length on LAYER metal3 = 559496 um.
Total wire length on LAYER metal4 = 151015 um.
Total wire length on LAYER metal5 = 310309 um.
Total wire length on LAYER metal6 = 235613 um.
Total wire length on LAYER metal7 = 53039 um.
Total wire length on LAYER metal8 = 30892 um.
Total wire length on LAYER metal9 = 26896 um.
Total wire length on LAYER metal10 = 21533 um.
Total wire length on LAYER metal11 = 12973 um.
Total wire length on LAYER metal12 = 24217 um.
Total wire length on LAYER metal13 = 46155 um.
Total wire length on LAYER metal14 = 50054 um.
Total wire length on LAYER metal15 = 204503 um.
Total wire length on LAYER metal16 = 117920 um.
Total wire length on LAYER metal17 = 465919 um.
Total wire length on LAYER metal18 = 469628 um.
Total wire length on LAYER metal19 = 245988 um.
Total wire length on LAYER metal20 = 582618 um.
Total number of vias = 1024953.
Up-via summary (total 1024953):

-------------------
  active          0
  metal1     164196
  metal2     174655
  metal3      13189
  metal4       9510
  metal5       9467
  metal6       7719
  metal7       7830
  metal8       7774
  metal9       7854
 metal10       1634
 metal11       7921
 metal12       8061
 metal13       8665
 metal14       8857
 metal15      24349
 metal16      25766
 metal17     125872
 metal18     130236
 metal19     281398
-------------------
            1024953


[INFO DRT-0195] Start 2nd optimization iteration.
    Completing 10% with 118164 violations.
    elapsed time = 00:00:30, memory = 15572.51 (MB).
    Completing 20% with 118164 violations.
    elapsed time = 00:00:37, memory = 15503.73 (MB).
    Completing 30% with 114638 violations.
    elapsed time = 00:01:26, memory = 16003.71 (MB).
    Completing 40% with 114638 violations.
    elapsed time = 00:01:50, memory = 15817.82 (MB).
    Completing 50% with 114638 violations.
    elapsed time = 00:02:02, memory = 12048.18 (MB).
    Completing 60% with 111639 violations.
    elapsed time = 00:03:04, memory = 15762.02 (MB).
    Completing 70% with 111639 violations.
    elapsed time = 00:03:11, memory = 15658.66 (MB).
    Completing 80% with 108360 violations.
    elapsed time = 00:04:00, memory = 16183.65 (MB).
    Completing 90% with 108360 violations.
    elapsed time = 00:04:23, memory = 15910.56 (MB).
    Completing 100% with 104275 violations.
    elapsed time = 00:04:59, memory = 10724.30 (MB).
[INFO DRT-0199]   Number of violations = 104279.
Viol/Layer      metal1   via1 metal2   via2 metal3 metal4   via4 metal5   via5 metal6   via7 metal9   via9 me..10 me..11  via11 me..12 me..13  via13 me..14 me..15 me..16  via16 me..17  via17 me..18  via18 me..19  via19 me..20
Cut Spacing          0      5      0     15      0      0     15      0      7      0      1      0    114      0      0     26      0      0      1      0      0      0    104      0      3      0     50      0     58      0
Metal Spacing       41      0    690      0     41      2      0      0      0      0      0      5      0   1313    116      0     15    126      0      4    208      7      0    313      0    960      0  19726      0   2754
NS Metal             0      0      0      0      0      0      0      0      0      0      0      0      0      5      0      0      0      0      0      0      0      0      0      0      0      1      0     18      0      0
Recheck              0      0      0      0      0      0      0      0      0      0      0      4      0      0      0      0      0      0      0      0      0      0      0      0      0      0      0      0      0      0
Short               21      0   4279      0    720      3      0      4      0      2      0      2      0      8      2      0      1     12      0      0    143     52      0    754      2   4828      0  28993      4  37701
[INFO DRT-0267] cpu time = 05:30:26, elapsed time = 00:05:56, memory = 10631.27 (MB), peak = 16491.46 (MB)
Total wire length = 4081393 um.
Total wire length on LAYER metal1 = 2811 um.
Total wire length on LAYER metal2 = 476606 um.
Total wire length on LAYER metal3 = 559208 um.
Total wire length on LAYER metal4 = 151045 um.
Total wire length on LAYER metal5 = 310196 um.
Total wire length on LAYER metal6 = 235596 um.
Total wire length on LAYER metal7 = 53164 um.
Total wire length on LAYER metal8 = 30733 um.
Total wire length on LAYER metal9 = 26487 um.
Total wire length on LAYER metal10 = 21188 um.
Total wire length on LAYER metal11 = 12475 um.
Total wire length on LAYER metal12 = 23535 um.
Total wire length on LAYER metal13 = 45494 um.
Total wire length on LAYER metal14 = 50055 um.
Total wire length on LAYER metal15 = 208981 um.
Total wire length on LAYER metal16 = 119363 um.
Total wire length on LAYER metal17 = 466205 um.
Total wire length on LAYER metal18 = 468563 um.
Total wire length on LAYER metal19 = 240787 um.
Total wire length on LAYER metal20 = 578894 um.
Total number of vias = 1018096.
Up-via summary (total 1018096):

-------------------
  active          0
  metal1     164021
  metal2     174070
  metal3      13186
  metal4       9479
  metal5       9407
  metal6       7655
  metal7       7734
  metal8       7686
  metal9       7761
 metal10       1541
 metal11       7821
 metal12       7953
 metal13       8507
 metal14       8745
 metal15      25080
 metal16      26196
 metal17     123234
 metal18     127692
 metal19     280328
-------------------
            1018096


[INFO DRT-0195] Start 3rd optimization iteration.
    Completing 10% with 104279 violations.
    elapsed time = 00:00:17, memory = 16117.54 (MB).
    Completing 20% with 104279 violations.
    elapsed time = 00:00:21, memory = 16113.21 (MB).
    Completing 30% with 84859 violations.
    elapsed time = 00:01:10, memory = 15993.32 (MB).
    Completing 40% with 84859 violations.
    elapsed time = 00:01:21, memory = 15904.52 (MB).
    Completing 50% with 84859 violations.
    elapsed time = 00:01:31, memory = 12103.24 (MB).
    Completing 60% with 64181 violations.
    elapsed time = 00:02:17, memory = 16099.71 (MB).
    Completing 70% with 64181 violations.
    elapsed time = 00:02:21, memory = 16156.69 (MB).
    Completing 80% with 44581 violations.
    elapsed time = 00:03:09, memory = 16407.68 (MB).
    Completing 90% with 44581 violations.
    elapsed time = 00:03:20, memory = 16131.05 (MB).
    Completing 100% with 24032 violations.
    elapsed time = 00:03:51, memory = 11056.90 (MB).
[INFO DRT-0199]   Number of violations = 24057.
Viol/Layer      metal1   via1 metal2 metal3 metal4 metal9   via9 me..10 me..11  via11 me..12 me..13 me..15 me..16  via16 me..17  via17 me..18  via18 me..19  via19 me..20
Cut Spacing          0      2      0      0      0      0     25      0      0      5      0      0      0      0      9      0      1      0     10      0     28      0
Metal Spacing        2      0     46      4      1     10      0    208      2      0      6     15     39      7      0     34      0    301      0   4099      0   1696
NS Metal             0      0      0      0      0      0      0      1      0      0      0      0      0      0      0      0      0      1      0      4      0      1
Recheck              0      0      0      0      0      0      0      0      0      0      0      0      0      0      0      0      0      0      0     25      0      0
Short                4      0    201     41      0      0      0      6      2      0      0      2     63     36      0     61      2    959      2   4442      2  11652
[INFO DRT-0267] cpu time = 03:11:49, elapsed time = 00:04:48, memory = 10963.50 (MB), peak = 16528.21 (MB)
Total wire length = 4094365 um.
Total wire length on LAYER metal1 = 2601 um.
Total wire length on LAYER metal2 = 467673 um.
Total wire length on LAYER metal3 = 559441 um.
Total wire length on LAYER metal4 = 158613 um.
Total wire length on LAYER metal5 = 310228 um.
Total wire length on LAYER metal6 = 236454 um.
Total wire length on LAYER metal7 = 53689 um.
Total wire length on LAYER metal8 = 30619 um.
Total wire length on LAYER metal9 = 25531 um.
Total wire length on LAYER metal10 = 21134 um.
Total wire length on LAYER metal11 = 12543 um.
Total wire length on LAYER metal12 = 23421 um.
Total wire length on LAYER metal13 = 45342 um.
Total wire length on LAYER metal14 = 50375 um.
Total wire length on LAYER metal15 = 220515 um.
Total wire length on LAYER metal16 = 133819 um.
Total wire length on LAYER metal17 = 484597 um.
Total wire length on LAYER metal18 = 493540 um.
Total wire length on LAYER metal19 = 219731 um.
Total wire length on LAYER metal20 = 544489 um.
Total number of vias = 1073465.
Up-via summary (total 1073465):

-------------------
  active          0
  metal1     163538
  metal2     175698
  metal3      15647
  metal4       9584
  metal5       9413
  metal6       7652
  metal7       7735
  metal8       7694
  metal9       7760
 metal10       1547
 metal11       7818
 metal12       7947
 metal13       8514
 metal14       8787
 metal15      27879
 metal16      30454
 metal17     135769
 metal18     144149
 metal19     295880
-------------------
            1073465


[INFO DRT-0195] Start 4th optimization iteration.
    Completing 10% with 24057 violations.
    elapsed time = 00:00:05, memory = 16363.59 (MB).
    Completing 20% with 24057 violations.
    elapsed time = 00:00:07, memory = 16169.36 (MB).
Warning: marker bloat 4x width but could not find two grids to add marker cost
  marker -- src: swerv/exu/_09555_ 
    bbox = ( 29.925, 455.665 ) - ( 29.96, 455.7 ) on Layer metal19
    Completing 30% with 20545 violations.
    elapsed time = 00:00:36, memory = 16524.30 (MB).
    Completing 40% with 20545 violations.
    elapsed time = 00:00:41, memory = 16358.32 (MB).
    Completing 50% with 20545 violations.
    elapsed time = 00:00:47, memory = 12555.58 (MB).
    Completing 60% with 17464 violations.
    elapsed time = 00:01:23, memory = 16279.00 (MB).
    Completing 70% with 17464 violations.
    elapsed time = 00:01:25, memory = 16275.94 (MB).
    Completing 80% with 13240 violations.
    elapsed time = 00:01:45, memory = 16520.35 (MB).
    Completing 90% with 13240 violations.
    elapsed time = 00:01:49, memory = 16426.01 (MB).
    Completing 100% with 9312 violations.
    elapsed time = 00:02:08, memory = 11062.71 (MB).
[INFO DRT-0199]   Number of violations = 9314.
Viol/Layer      metal1 metal2 metal9   via9 me..10 me..11  via11 me..12 me..13 me..15  via15 me..16  via16 me..17  via17 me..18  via18 me..19  via19 me..20
Cut Spacing          0      0      0      7      0      0      1      0      0      0      2      0      7      0      0      0      1      0     17      0
Metal Spacing        1      5      1      0     32      3      0      2      6     18      0      4      0      9      0    133      0   1893      0    542
NS Metal             0      0      0      0      0      0      0      0      0      0      0      0      0      0      0      0      0      0      0      1
Recheck              0      0      0      0      0      0      0      0      0      0      0      0      0      0      0      0      0      2      0      0
Short                0      0      0      0      4      0      0      0      3     22      0     50      0     10      1    363      0   1841      1   4332
[INFO DRT-0267] cpu time = 01:23:04, elapsed time = 00:03:03, memory = 11055.37 (MB), peak = 16849.73 (MB)
Total wire length = 4095799 um.
Total wire length on LAYER metal1 = 2591 um.
Total wire length on LAYER metal2 = 467398 um.
Total wire length on LAYER metal3 = 559435 um.
Total wire length on LAYER metal4 = 158844 um.
Total wire length on LAYER metal5 = 310181 um.
Total wire length on LAYER metal6 = 236536 um.
Total wire length on LAYER metal7 = 53768 um.
Total wire length on LAYER metal8 = 30609 um.
Total wire length on LAYER metal9 = 25411 um.
Total wire length on LAYER metal10 = 21149 um.
Total wire length on LAYER metal11 = 12566 um.
Total wire length on LAYER metal12 = 23405 um.
Total wire length on LAYER metal13 = 45383 um.
Total wire length on LAYER metal14 = 50475 um.
Total wire length on LAYER metal15 = 222315 um.
Total wire length on LAYER metal16 = 137066 um.
Total wire length on LAYER metal17 = 485703 um.
Total wire length on LAYER metal18 = 497149 um.
Total wire length on LAYER metal19 = 218072 um.
Total wire length on LAYER metal20 = 537735 um.
Total number of vias = 1078568.
Up-via summary (total 1078568):

-------------------
  active          0
  metal1     163511
  metal2     175717
  metal3      15706
  metal4       9579
  metal5       9409
  metal6       7649
  metal7       7732
  metal8       7691
  metal9       7763
 metal10       1552
 metal11       7821
 metal12       7946
 metal13       8520
 metal14       8801
 metal15      28337
 metal16      31173
 metal17     136706
 metal18     145580
 metal19     297375
-------------------
            1078568


[INFO DRT-0195] Start 5th optimization iteration.
    Completing 10% with 9314 violations.
    elapsed time = 00:00:02, memory = 16653.88 (MB).
    Completing 20% with 9314 violations.
    elapsed time = 00:00:02, memory = 16481.83 (MB).
    Completing 30% with 8233 violations.
    elapsed time = 00:00:43, memory = 11064.07 (MB).
    Completing 40% with 8233 violations.
    elapsed time = 00:00:46, memory = 16501.91 (MB).
    Completing 50% with 8233 violations.
    elapsed time = 00:00:51, memory = 12523.54 (MB).
    Completing 60% with 7210 violations.
    elapsed time = 00:01:22, memory = 16543.86 (MB).
    Completing 70% with 7210 violations.
    elapsed time = 00:01:24, memory = 16401.13 (MB).
    Completing 80% with 6081 violations.
    elapsed time = 00:01:37, memory = 11053.28 (MB).
    Completing 90% with 6081 violations.
    elapsed time = 00:01:40, memory = 16454.75 (MB).
    Completing 100% with 4933 violations.
    elapsed time = 00:01:54, memory = 11049.42 (MB).
[INFO DRT-0199]   Number of violations = 4933.
Viol/Layer      metal1 metal2 metal9   via9 me..10 me..15 me..16  via16 me..17 me..18  via18 me..19  via19 me..20
Cut Spacing          0      0      0      1      0      0      0      5      0      0      1      0      3      0
Metal Spacing        1      5      1      0     15      6      4      0     11     57      0   1208      0    254
NS Metal             0      0      0      0      0      0      0      0      0      0      0      1      0      1
Short                0      0      0      0      0     14     25      0     16     94      0   1103      1   2106
[INFO DRT-0267] cpu time = 00:44:27, elapsed time = 00:02:49, memory = 10906.62 (MB), peak = 16849.73 (MB)
Total wire length = 4096033 um.
Total wire length on LAYER metal1 = 2591 um.
Total wire length on LAYER metal2 = 467405 um.
Total wire length on LAYER metal3 = 559428 um.
Total wire length on LAYER metal4 = 158840 um.
Total wire length on LAYER metal5 = 310168 um.
Total wire length on LAYER metal6 = 236546 um.
Total wire length on LAYER metal7 = 53774 um.
Total wire length on LAYER metal8 = 30616 um.
Total wire length on LAYER metal9 = 25399 um.
Total wire length on LAYER metal10 = 21139 um.
Total wire length on LAYER metal11 = 12568 um.
Total wire length on LAYER metal12 = 23394 um.
Total wire length on LAYER metal13 = 45365 um.
Total wire length on LAYER metal14 = 50531 um.
Total wire length on LAYER metal15 = 223109 um.
Total wire length on LAYER metal16 = 138623 um.
Total wire length on LAYER metal17 = 485925 um.
Total wire length on LAYER metal18 = 497958 um.
Total wire length on LAYER metal19 = 217501 um.
Total wire length on LAYER metal20 = 535146 um.
Total number of vias = 1080303.
Up-via summary (total 1080303):

-------------------
  active          0
  metal1     163511
  metal2     175711
  metal3      15707
  metal4       9580
  metal5       9410
  metal6       7649
  metal7       7732
  metal8       7691
  metal9       7761
 metal10       1550
 metal11       7821
 metal12       7944
 metal13       8520
 metal14       8808
 metal15      28525
 metal16      31509
 metal17     136975
 metal18     145926
 metal19     297973
-------------------
            1080303


[INFO DRT-0198] Complete detail routing.
Total wire length = 4096033 um.
Total wire length on LAYER metal1 = 2591 um.
Total wire length on LAYER metal2 = 467405 um.
Total wire length on LAYER metal3 = 559428 um.
Total wire length on LAYER metal4 = 158840 um.
Total wire length on LAYER metal5 = 310168 um.
Total wire length on LAYER metal6 = 236546 um.
Total wire length on LAYER metal7 = 53774 um.
Total wire length on LAYER metal8 = 30616 um.
Total wire length on LAYER metal9 = 25399 um.
Total wire length on LAYER metal10 = 21139 um.
Total wire length on LAYER metal11 = 12568 um.
Total wire length on LAYER metal12 = 23394 um.
Total wire length on LAYER metal13 = 45365 um.
Total wire length on LAYER metal14 = 50531 um.
Total wire length on LAYER metal15 = 223109 um.
Total wire length on LAYER metal16 = 138623 um.
Total wire length on LAYER metal17 = 485925 um.
Total wire length on LAYER metal18 = 497958 um.
Total wire length on LAYER metal19 = 217501 um.
Total wire length on LAYER metal20 = 535146 um.
Total number of vias = 1080303.
Up-via summary (total 1080303):

-------------------
  active          0
  metal1     163511
  metal2     175711
  metal3      15707
  metal4       9580
  metal5       9410
  metal6       7649
  metal7       7732
  metal8       7691
  metal9       7761
 metal10       1550
 metal11       7821
 metal12       7944
 metal13       8520
 metal14       8808
 metal15      28525
 metal16      31509
 metal17     136975
 metal18     145926
 metal19     297973
-------------------
            1080303


[INFO DRT-0267] cpu time = 25:57:23, elapsed time = 00:32:14, memory = 10906.62 (MB), peak = 16849.73 (MB)

[INFO DRT-0180] Post processing.
Elapsed time: 35:02.26[h:]min:sec. CPU time: user 96292.59 sys 364.53 (4597%). Peak memory: 17254124KB.
