OpenROAD v2.0-17198-g8396d0866 
Features included (+) or not (-): +Charts +GPU +GUI +Python : None
This program is licensed under the BSD-3 license. See the LICENSE file for details.
Components of this program may be licensed under more restrictive licenses which must be honored.
[WARNING STA-0101] object 'rst_ni' not found.
[WARNING STA-0472] no valid objects specified for -through
[WARNING STA-0101] object 'reset_i' not found.
[WARNING STA-0472] no valid objects specified for -through
[WARNING STA-0101] object 'reset_l' not found.
[WARNING STA-0472] no valid objects specified for -through
[WARNING STA-0101] object 'p_clk_async_reset_i' not found.
[WARNING STA-0472] no valid objects specified for -through
[WARNING ODB-0378] Global connections are not set up.
[INFO] Deleted 0 routing obstructions
[INFO RCX-0431] Defined process_corner X with ext_model_index 0
[INFO RCX-0029] Defined extraction corner X
[INFO RCX-0435] Reading extraction model file /workspace/OpenROAD-3D/flow/platforms/nangate45_3D/nangate45_3D.rules ...
[INFO RCX-0436] RC segment generation swerv_wrapper (max_merge_res 50.0) ...
[INFO RCX-0040] Final 511711 rc segments
[INFO RCX-0439] Coupling Cap extraction swerv_wrapper ...
[INFO RCX-0440] Coupling threshhold is 0.1000 fF, coupling capacitance less than 0.1000 fF will be grounded.
[INFO RCX-0442] 6% of 1345668 wires extracted
[INFO RCX-0442] 17% of 1345668 wires extracted
[INFO RCX-0442] 32% of 1345668 wires extracted
[INFO RCX-0442] 51% of 1345668 wires extracted
[INFO RCX-0442] 66% of 1345668 wires extracted
[INFO RCX-0442] 81% of 1345668 wires extracted
[INFO RCX-0442] 91% of 1345668 wires extracted
[INFO RCX-0442] 99% of 1345668 wires extracted
[INFO RCX-0045] Extract 118433 nets, 618133 rsegs, 618133 caps, 1505881 ccs
[INFO RCX-0042] 100000 nets finished
[INFO RCX-0443] 118435 nets finished
[WARNING STA-1648] ./results/nangate45_3D/swerv_wrapper/HBT/6_final.spef line 222210, instance mem/Gen_dccm_enable_dccm/mem_bank_7__dccm_bank/mem not found.
[WARNING STA-1648] ./results/nangate45_3D/swerv_wrapper/HBT/6_final.spef line 222211, instance mem/Gen_dccm_enable_dccm/mem_bank_5__dccm_bank/mem not found.
[WARNING STA-1648] ./results/nangate45_3D/swerv_wrapper/HBT/6_final.spef line 222212, instance swerv/lsu/_8588_ not found.
[WARNING STA-1648] ./results/nangate45_3D/swerv_wrapper/HBT/6_final.spef line 222213, instance swerv/lsu/stbuf/_19490_ not found.
[WARNING STA-1648] ./results/nangate45_3D/swerv_wrapper/HBT/6_final.spef line 222214, instance swerv/lsu/stbuf/_19486_ not found.
[WARNING STA-1648] ./results/nangate45_3D/swerv_wrapper/HBT/6_final.spef line 222215, instance swerv/lsu/stbuf/_19551_ not found.
[WARNING STA-1648] ./results/nangate45_3D/swerv_wrapper/HBT/6_final.spef line 222216, instance swerv/lsu/stbuf/_19556_ not found.
[WARNING STA-1648] ./results/nangate45_3D/swerv_wrapper/HBT/6_final.spef line 222217, instance swerv/lsu/stbuf/_19493_ not found.
[WARNING STA-1648] ./results/nangate45_3D/swerv_wrapper/HBT/6_final.spef line 222218, instance swerv/lsu/stbuf/_19491_ not found.
[WARNING STA-1648] ./results/nangate45_3D/swerv_wrapper/HBT/6_final.spef line 222219, instance swerv/lsu/_8600_ not found.
[WARNING STA-1648] ./results/nangate45_3D/swerv_wrapper/HBT/6_final.spef line 222220, instance swerv/lsu/stbuf/_19833_ not found.
[WARNING STA-1648] ./results/nangate45_3D/swerv_wrapper/HBT/6_final.spef line 222221, instance swerv/lsu/stbuf/_19890_ not found.
[WARNING STA-1648] ./results/nangate45_3D/swerv_wrapper/HBT/6_final.spef line 222222, instance swerv/lsu/stbuf/_19845_ not found.
[WARNING STA-1648] ./results/nangate45_3D/swerv_wrapper/HBT/6_final.spef line 222223, instance swerv/lsu/stbuf/_19767_ not found.
[WARNING STA-1648] ./results/nangate45_3D/swerv_wrapper/HBT/6_final.spef line 222224, instance swerv/lsu/stbuf/_19585_ not found.
[WARNING STA-1648] ./results/nangate45_3D/swerv_wrapper/HBT/6_final.spef line 222225, instance swerv/lsu/stbuf/_19687_ not found.
[WARNING STA-1648] ./results/nangate45_3D/swerv_wrapper/HBT/6_final.spef line 222226, instance swerv/lsu/stbuf/_19878_ not found.
[WARNING STA-1648] ./results/nangate45_3D/swerv_wrapper/HBT/6_final.spef line 222227, instance swerv/lsu/stbuf/_19821_ not found.
[WARNING STA-1648] ./results/nangate45_3D/swerv_wrapper/HBT/6_final.spef line 222228, instance swerv/lsu/stbuf/_19858_ not found.
[WARNING STA-1648] ./results/nangate45_3D/swerv_wrapper/HBT/6_final.spef line 222229, instance swerv/lsu/stbuf/_19915_ not found.
[WARNING STA-1648] ./results/nangate45_3D/swerv_wrapper/HBT/6_final.spef line 222230, instance swerv/lsu/stbuf/_19793_ not found.
[WARNING STA-1648] ./results/nangate45_3D/swerv_wrapper/HBT/6_final.spef line 222231, instance swerv/lsu/stbuf/_19850_ not found.
[WARNING STA-1648] ./results/nangate45_3D/swerv_wrapper/HBT/6_final.spef line 222232, instance swerv/lsu/stbuf/_19907_ not found.
[WARNING STA-1648] ./results/nangate45_3D/swerv_wrapper/HBT/6_final.spef line 222233, instance swerv/lsu/stbuf/_19516_ not found.
[WARNING STA-1648] ./results/nangate45_3D/swerv_wrapper/HBT/6_final.spef line 222234, instance swerv/lsu/stbuf/_19870_ not found.
[WARNING STA-1648] ./results/nangate45_3D/swerv_wrapper/HBT/6_final.spef line 222235, instance swerv/lsu/stbuf/_19935_ not found.
[WARNING STA-1648] ./results/nangate45_3D/swerv_wrapper/HBT/6_final.spef line 222236, instance swerv/lsu/stbuf/_19801_ not found.
[WARNING STA-1648] ./results/nangate45_3D/swerv_wrapper/HBT/6_final.spef line 222237, instance swerv/lsu/stbuf/_19744_ not found.
[WARNING STA-1648] ./results/nangate45_3D/swerv_wrapper/HBT/6_final.spef line 222238, instance swerv/lsu/stbuf/_19630_ not found.
[WARNING STA-1648] ./results/nangate45_3D/swerv_wrapper/HBT/6_final.spef line 222239, instance swerv/lsu/stbuf/_19573_ not found.
[WARNING STA-1648] ./results/nangate45_3D/swerv_wrapper/HBT/6_final.spef line 222240, instance swerv/lsu/stbuf/_19707_ not found.
[WARNING STA-1648] ./results/nangate45_3D/swerv_wrapper/HBT/6_final.spef line 222241, instance swerv/lsu/stbuf/_19650_ not found.
[WARNING STA-1648] ./results/nangate45_3D/swerv_wrapper/HBT/6_final.spef line 222242, instance swerv/lsu/stbuf/_19593_ not found.
[WARNING STA-1648] ./results/nangate45_3D/swerv_wrapper/HBT/6_final.spef line 222243, instance swerv/lsu/stbuf/_19536_ not found.
[WARNING STA-1648] ./results/nangate45_3D/swerv_wrapper/HBT/6_final.spef line 222244, instance swerv/lsu/stbuf/_19528_ not found.
[WARNING STA-1648] ./results/nangate45_3D/swerv_wrapper/HBT/6_final.spef line 222245, instance swerv/lsu/stbuf/_19642_ not found.
[WARNING STA-1648] ./results/nangate45_3D/swerv_wrapper/HBT/6_final.spef line 222246, instance swerv/lsu/stbuf/_19764_ not found.
[WARNING STA-1648] ./results/nangate45_3D/swerv_wrapper/HBT/6_final.spef line 222247, instance swerv/lsu/stbuf/_19699_ not found.
[WARNING STA-1648] ./results/nangate45_3D/swerv_wrapper/HBT/6_final.spef line 222248, instance swerv/lsu/stbuf/_19756_ not found.
[WARNING STA-1648] ./results/nangate45_3D/swerv_wrapper/HBT/6_final.spef line 222249, instance swerv/lsu/_9057_ not found.
[WARNING STA-1648] ./results/nangate45_3D/swerv_wrapper/HBT/6_final.spef line 222250, instance swerv/lsu/stbuf/_19946_ not found.
[WARNING STA-1648] ./results/nangate45_3D/swerv_wrapper/HBT/6_final.spef line 222251, instance swerv/lsu/stbuf/_19948_ not found.
[WARNING STA-1648] ./results/nangate45_3D/swerv_wrapper/HBT/6_final.spef line 222252, instance swerv/lsu/stbuf/_19597_ not found.
[WARNING STA-1648] ./results/nangate45_3D/swerv_wrapper/HBT/6_final.spef line 222253, instance swerv/lsu/stbuf/_19947_ not found.
[WARNING STA-1648] ./results/nangate45_3D/swerv_wrapper/HBT/6_final.spef line 222254, instance swerv/lsu/stbuf/_19945_ not found.
[WARNING STA-1648] ./results/nangate45_3D/swerv_wrapper/HBT/6_final.spef line 222255, instance swerv/lsu/stbuf/_19942_ not found.
[WARNING STA-1648] ./results/nangate45_3D/swerv_wrapper/HBT/6_final.spef line 222256, instance swerv/lsu/stbuf/_19596_ not found.
[WARNING STA-1648] ./results/nangate45_3D/swerv_wrapper/HBT/6_final.spef line 222257, instance swerv/lsu/stbuf/_19825_ not found.
[WARNING STA-1648] ./results/nangate45_3D/swerv_wrapper/HBT/6_final.spef line 222258, instance swerv/lsu/stbuf/_19824_ not found.
[WARNING STA-1648] ./results/nangate45_3D/swerv_wrapper/HBT/6_final.spef line 222259, instance swerv/lsu/stbuf/_19711_ not found.
[WARNING STA-1648] ./results/nangate45_3D/swerv_wrapper/HBT/6_final.spef line 222260, instance swerv/lsu/stbuf/_19710_ not found.
[WARNING STA-1648] ./results/nangate45_3D/swerv_wrapper/HBT/6_final.spef line 222261, instance swerv/lsu/stbuf/_19941_ not found.
[WARNING STA-1648] ./results/nangate45_3D/swerv_wrapper/HBT/6_final.spef line 222262, instance swerv/lsu/stbuf/_19939_ not found.
[WARNING STA-1648] ./results/nangate45_3D/swerv_wrapper/HBT/6_final.spef line 222263, instance swerv/lsu/stbuf/_19940_ not found.
[WARNING STA-1648] ./results/nangate45_3D/swerv_wrapper/HBT/6_final.spef line 222264, instance swerv/lsu/stbuf/_19938_ not found.
[WARNING STA-1648] ./results/nangate45_3D/swerv_wrapper/HBT/6_final.spef line 222265, instance swerv/lsu/stbuf/_19937_ not found.
[WARNING STA-1648] ./results/nangate45_3D/swerv_wrapper/HBT/6_final.spef line 222266, instance swerv/lsu/stbuf/_19813_ not found.
[WARNING STA-1648] ./results/nangate45_3D/swerv_wrapper/HBT/6_final.spef line 222267, instance swerv/lsu/stbuf/_19787_ not found.
[WARNING STA-1648] ./results/nangate45_3D/swerv_wrapper/HBT/6_final.spef line 222268, instance swerv/lsu/stbuf/_19927_ not found.
[WARNING STA-1648] ./results/nangate45_3D/swerv_wrapper/HBT/6_final.spef line 222269, instance swerv/lsu/stbuf/_19844_ not found.
[WARNING STA-1648] ./results/nangate45_3D/swerv_wrapper/HBT/6_final.spef line 222270, instance swerv/lsu/stbuf/_19730_ not found.
[WARNING STA-1648] ./results/nangate45_3D/swerv_wrapper/HBT/6_final.spef line 222271, instance swerv/lsu/stbuf/_19901_ not found.
[WARNING STA-1648] ./results/nangate45_3D/swerv_wrapper/HBT/6_final.spef line 222272, instance swerv/lsu/stbuf/_19768_ not found.
[WARNING STA-1648] ./results/nangate45_3D/swerv_wrapper/HBT/6_final.spef line 222273, instance swerv/lsu/stbuf/_19654_ not found.
[WARNING STA-1648] ./results/nangate45_3D/swerv_wrapper/HBT/6_final.spef line 222274, instance swerv/lsu/stbuf/_19653_ not found.
[WARNING STA-1648] ./results/nangate45_3D/swerv_wrapper/HBT/6_final.spef line 222275, instance swerv/lsu/stbuf/_19673_ not found.
[WARNING STA-1648] ./results/nangate45_3D/swerv_wrapper/HBT/6_final.spef line 222276, instance swerv/lsu/stbuf/_19539_ not found.
[WARNING STA-1648] ./results/nangate45_3D/swerv_wrapper/HBT/6_final.spef line 222277, instance swerv/lsu/stbuf/_19674_ not found.
[WARNING STA-1648] ./results/nangate45_3D/swerv_wrapper/HBT/6_final.spef line 222278, instance swerv/lsu/_9060_ not found.
[WARNING STA-1648] ./results/nangate45_3D/swerv_wrapper/HBT/6_final.spef line 222279, instance swerv/lsu/stbuf/_19902_ not found.
[WARNING STA-1648] ./results/nangate45_3D/swerv_wrapper/HBT/6_final.spef line 222280, instance swerv/lsu/stbuf/_19617_ not found.
[WARNING STA-1648] ./results/nangate45_3D/swerv_wrapper/HBT/6_final.spef line 222281, instance swerv/lsu/stbuf/_19540_ not found.
[WARNING STA-1648] ./results/nangate45_3D/swerv_wrapper/HBT/6_final.spef line 222282, instance swerv/lsu/_9053_ not found.
[WARNING STA-1648] ./results/nangate45_3D/swerv_wrapper/HBT/6_final.spef line 222283, instance swerv/lsu/stbuf/_19834_ not found.
[WARNING STA-1648] ./results/nangate45_3D/swerv_wrapper/HBT/6_final.spef line 222284, instance swerv/lsu/stbuf/_19891_ not found.
[WARNING STA-1648] ./results/nangate45_3D/swerv_wrapper/HBT/6_final.spef line 222285, instance swerv/lsu/stbuf/_19731_ not found.
[WARNING STA-1648] ./results/nangate45_3D/swerv_wrapper/HBT/6_final.spef line 222286, instance swerv/lsu/stbuf/_19788_ not found.
[WARNING STA-1648] ./results/nangate45_3D/swerv_wrapper/HBT/6_final.spef line 222287, instance swerv/lsu/_9097_ not found.
[WARNING STA-1648] ./results/nangate45_3D/swerv_wrapper/HBT/6_final.spef line 222288, instance swerv/lsu/_9052_ not found.
[WARNING STA-1648] ./results/nangate45_3D/swerv_wrapper/HBT/6_final.spef line 222289, instance swerv/lsu/_9059_ not found.
[WARNING STA-1648] ./results/nangate45_3D/swerv_wrapper/HBT/6_final.spef line 222290, instance swerv/lsu/_9051_ not found.
[WARNING STA-1648] ./results/nangate45_3D/swerv_wrapper/HBT/6_final.spef line 222291, instance swerv/lsu/stbuf/_19837_ not found.
[WARNING STA-1648] ./results/nangate45_3D/swerv_wrapper/HBT/6_final.spef line 222292, instance swerv/lsu/stbuf/_19832_ not found.
[WARNING STA-1648] ./results/nangate45_3D/swerv_wrapper/HBT/6_final.spef line 222293, instance swerv/lsu/stbuf/_19894_ not found.
[WARNING STA-1648] ./results/nangate45_3D/swerv_wrapper/HBT/6_final.spef line 222294, instance swerv/lsu/stbuf/_19889_ not found.
[WARNING STA-1648] ./results/nangate45_3D/swerv_wrapper/HBT/6_final.spef line 222295, instance swerv/lsu/stbuf/_19892_ not found.
[WARNING STA-1648] ./results/nangate45_3D/swerv_wrapper/HBT/6_final.spef line 222296, instance swerv/lsu/stbuf/_19835_ not found.
[WARNING STA-1648] ./results/nangate45_3D/swerv_wrapper/HBT/6_final.spef line 222297, instance swerv/lsu/_8472_ not found.
[WARNING STA-1648] ./results/nangate45_3D/swerv_wrapper/HBT/6_final.spef line 222298, instance swerv/lsu/_8598_ not found.
[WARNING STA-1648] ./results/nangate45_3D/swerv_wrapper/HBT/6_final.spef line 222299, instance swerv/lsu/stbuf/_19898_ not found.
[WARNING STA-1648] ./results/nangate45_3D/swerv_wrapper/HBT/6_final.spef line 222300, instance swerv/lsu/stbuf/_19841_ not found.
[WARNING STA-1648] ./results/nangate45_3D/swerv_wrapper/HBT/6_final.spef line 222301, instance mem/Gen_dccm_enable_dccm/_2383_ not found.
[WARNING STA-1648] ./results/nangate45_3D/swerv_wrapper/HBT/6_final.spef line 222302, instance mem/Gen_dccm_enable_dccm/_2384_ not found.
[WARNING STA-1648] ./results/nangate45_3D/swerv_wrapper/HBT/6_final.spef line 222303, instance mem/Gen_dccm_enable_dccm/_2382_ not found.
[WARNING STA-1648] ./results/nangate45_3D/swerv_wrapper/HBT/6_final.spef line 222304, instance swerv/lsu/stbuf/_19492_ not found.
[WARNING STA-1648] ./results/nangate45_3D/swerv_wrapper/HBT/6_final.spef line 222305, instance swerv/lsu/stbuf/_19727_ not found.
[WARNING STA-1648] ./results/nangate45_3D/swerv_wrapper/HBT/6_final.spef line 222306, instance swerv/lsu/stbuf/_19843_ not found.
[WARNING STA-1648] ./results/nangate45_3D/swerv_wrapper/HBT/6_final.spef line 222307, instance swerv/lsu/stbuf/_19718_ not found.
[WARNING STA-1648] ./results/nangate45_3D/swerv_wrapper/HBT/6_final.spef line 222308, instance swerv/lsu/stbuf/_19729_ not found.
[WARNING STA-1648] ./results/nangate45_3D/swerv_wrapper/HBT/6_final.spef line 222309, instance swerv/lsu/stbuf/_19721_ not found.
[WARNING STA-1648] ./results/nangate45_3D/swerv_wrapper/HBT/6_final.spef line 222310, instance swerv/lsu/stbuf/_19842_ not found.
[WARNING STA-1648] ./results/nangate45_3D/swerv_wrapper/HBT/6_final.spef line 222311, instance swerv/lsu/stbuf/_19899_ not found.
[WARNING STA-1648] ./results/nangate45_3D/swerv_wrapper/HBT/6_final.spef line 222312, instance swerv/lsu/stbuf/_19838_ not found.
[WARNING STA-1648] ./results/nangate45_3D/swerv_wrapper/HBT/6_final.spef line 222313, instance swerv/lsu/stbuf/_19895_ not found.
[WARNING STA-1648] ./results/nangate45_3D/swerv_wrapper/HBT/6_final.spef line 222314, instance swerv/lsu/stbuf/_19840_ not found.
[WARNING STA-1648] ./results/nangate45_3D/swerv_wrapper/HBT/6_final.spef line 222315, instance swerv/lsu/stbuf/_19896_ not found.
[WARNING STA-1648] ./results/nangate45_3D/swerv_wrapper/HBT/6_final.spef line 222316, instance swerv/lsu/stbuf/_19559_ not found.
[WARNING STA-1648] ./results/nangate45_3D/swerv_wrapper/HBT/6_final.spef line 222317, instance swerv/lsu/stbuf/_19991_ not found.
[WARNING STA-1648] ./results/nangate45_3D/swerv_wrapper/HBT/6_final.spef line 222318, instance swerv/lsu/stbuf/_19502_ not found.
[WARNING STA-1648] ./results/nangate45_3D/swerv_wrapper/HBT/6_final.spef line 222319, instance swerv/lsu/stbuf/_19967_ not found.
[WARNING STA-1648] ./results/nangate45_3D/swerv_wrapper/HBT/6_final.spef line 222320, instance swerv/lsu/stbuf/_19749_ not found.
[WARNING STA-1648] ./results/nangate45_3D/swerv_wrapper/HBT/6_final.spef line 222321, instance swerv/lsu/stbuf/_19863_ not found.
[WARNING STA-1648] ./results/nangate45_3D/swerv_wrapper/HBT/6_final.spef line 222322, instance swerv/lsu/stbuf/_19513_ not found.
[WARNING STA-1648] ./results/nangate45_3D/swerv_wrapper/HBT/6_final.spef line 222323, instance swerv/lsu/stbuf/_19805_ not found.
[WARNING STA-1648] ./results/nangate45_3D/swerv_wrapper/HBT/6_final.spef line 222324, instance swerv/lsu/stbuf/_19919_ not found.
[WARNING STA-1648] ./results/nangate45_3D/swerv_wrapper/HBT/6_final.spef line 222325, instance swerv/lsu/stbuf/_19862_ not found.
[WARNING STA-1648] ./results/nangate45_3D/swerv_wrapper/HBT/6_final.spef line 222326, instance swerv/lsu/stbuf/_19691_ not found.
[WARNING STA-1648] ./results/nangate45_3D/swerv_wrapper/HBT/6_final.spef line 222327, instance swerv/lsu/stbuf/_19748_ not found.
[WARNING STA-1648] ./results/nangate45_3D/swerv_wrapper/HBT/6_final.spef line 222328, instance swerv/lsu/stbuf/_19577_ not found.
[WARNING STA-1648] ./results/nangate45_3D/swerv_wrapper/HBT/6_final.spef line 222329, instance swerv/lsu/stbuf/_19634_ not found.
[WARNING STA-1648] ./results/nangate45_3D/swerv_wrapper/HBT/6_final.spef line 222330, instance swerv/lsu/stbuf/_20027_ not found.
[WARNING STA-1648] ./results/nangate45_3D/swerv_wrapper/HBT/6_final.spef line 222331, instance swerv/lsu/stbuf/_19949_ not found.
[WARNING STA-1648] ./results/nangate45_3D/swerv_wrapper/HBT/6_final.spef line 222332, instance swerv/lsu/stbuf/_19520_ not found.
[WARNING STA-1648] ./results/nangate45_3D/swerv_wrapper/HBT/6_final.spef line 222333, instance swerv/lsu/stbuf/_19622_ not found.
[WARNING STA-1648] ./results/nangate45_3D/swerv_wrapper/HBT/6_final.spef line 222334, instance swerv/lsu/stbuf/_19736_ not found.
[WARNING STA-1648] ./results/nangate45_3D/swerv_wrapper/HBT/6_final.spef line 222335, instance swerv/lsu/stbuf/_19581_ not found.
[WARNING STA-1648] ./results/nangate45_3D/swerv_wrapper/HBT/6_final.spef line 222336, instance swerv/lsu/stbuf/_19589_ not found.
[WARNING STA-1648] ./results/nangate45_3D/swerv_wrapper/HBT/6_final.spef line 222337, instance swerv/lsu/stbuf/_19703_ not found.
[WARNING STA-1648] ./results/nangate45_3D/swerv_wrapper/HBT/6_final.spef line 222338, instance mem/Gen_dccm_enable_dccm/mem_bank_0__dccm_bank/mem not found.
[WARNING STA-1648] ./results/nangate45_3D/swerv_wrapper/HBT/6_final.spef line 222339, instance mem/Gen_dccm_enable_dccm/mem_bank_4__dccm_bank/mem not found.
[WARNING STA-1648] ./results/nangate45_3D/swerv_wrapper/HBT/6_final.spef line 222340, instance swerv/lsu/stbuf/_19623_ not found.
[WARNING STA-1648] ./results/nangate45_3D/swerv_wrapper/HBT/6_final.spef line 222341, instance swerv/lsu/stbuf/_19859_ not found.
[WARNING STA-1648] ./results/nangate45_3D/swerv_wrapper/HBT/6_final.spef line 222342, instance swerv/lsu/stbuf/_19745_ not found.
[WARNING STA-1648] ./results/nangate45_3D/swerv_wrapper/HBT/6_final.spef line 222343, instance swerv/lsu/stbuf/_19633_ not found.
[WARNING STA-1648] ./results/nangate45_3D/swerv_wrapper/HBT/6_final.spef line 222344, instance swerv/lsu/stbuf/_19678_ not found.
[WARNING STA-1648] ./results/nangate45_3D/swerv_wrapper/HBT/6_final.spef line 222345, instance swerv/lsu/stbuf/_19747_ not found.
[WARNING STA-1648] ./results/nangate45_3D/swerv_wrapper/HBT/6_final.spef line 222346, instance swerv/lsu/stbuf/_19851_ not found.
[WARNING STA-1648] ./results/nangate45_3D/swerv_wrapper/HBT/6_final.spef line 222347, instance swerv/lsu/stbuf/_19849_ not found.
[WARNING STA-1648] ./results/nangate45_3D/swerv_wrapper/HBT/6_final.spef line 222348, instance swerv/lsu/stbuf/_19906_ not found.
[WARNING STA-1648] ./results/nangate45_3D/swerv_wrapper/HBT/6_final.spef line 222349, instance swerv/lsu/stbuf/_19908_ not found.
[WARNING STA-1648] ./results/nangate45_3D/swerv_wrapper/HBT/6_final.spef line 222350, instance swerv/lsu/stbuf/_19861_ not found.
[WARNING STA-1648] ./results/nangate45_3D/swerv_wrapper/HBT/6_final.spef line 222351, instance swerv/lsu/stbuf/_19918_ not found.
[WARNING STA-1648] ./results/nangate45_3D/swerv_wrapper/HBT/6_final.spef line 222352, instance swerv/lsu/stbuf/_19804_ not found.
[WARNING STA-1648] ./results/nangate45_3D/swerv_wrapper/HBT/6_final.spef line 222353, instance swerv/lsu/stbuf/_19794_ not found.
[WARNING STA-1648] ./results/nangate45_3D/swerv_wrapper/HBT/6_final.spef line 222354, instance swerv/lsu/stbuf/_19737_ not found.
[WARNING STA-1648] ./results/nangate45_3D/swerv_wrapper/HBT/6_final.spef line 222355, instance swerv/lsu/stbuf/_19735_ not found.
[WARNING STA-1648] ./results/nangate45_3D/swerv_wrapper/HBT/6_final.spef line 222356, instance swerv/lsu/stbuf/_19792_ not found.
[WARNING STA-1648] ./results/nangate45_3D/swerv_wrapper/HBT/6_final.spef line 222357, instance swerv/lsu/stbuf/_19680_ not found.
[WARNING STA-1648] ./results/nangate45_3D/swerv_wrapper/HBT/6_final.spef line 222358, instance swerv/lsu/stbuf/_19690_ not found.
[WARNING STA-1648] ./results/nangate45_3D/swerv_wrapper/HBT/6_final.spef line 222359, instance swerv/lsu/stbuf/_19621_ not found.
[WARNING STA-1648] ./results/nangate45_3D/swerv_wrapper/HBT/6_final.spef line 222360, instance swerv/lsu/stbuf/_19576_ not found.
[WARNING STA-1648] ./results/nangate45_3D/swerv_wrapper/HBT/6_final.spef line 222361, instance swerv/lsu/stbuf/_19564_ not found.
[WARNING STA-1648] ./results/nangate45_3D/swerv_wrapper/HBT/6_final.spef line 222362, instance swerv/lsu/stbuf/_19515_ not found.
[WARNING STA-1648] ./results/nangate45_3D/swerv_wrapper/HBT/6_final.spef line 222363, instance swerv/lsu/stbuf/_19686_ not found.
[WARNING STA-1648] ./results/nangate45_3D/swerv_wrapper/HBT/6_final.spef line 222364, instance swerv/lsu/stbuf/_19743_ not found.
[WARNING STA-1648] ./results/nangate45_3D/swerv_wrapper/HBT/6_final.spef line 222365, instance swerv/lsu/stbuf/_19688_ not found.
[WARNING STA-1648] ./results/nangate45_3D/swerv_wrapper/HBT/6_final.spef line 222366, instance swerv/lsu/stbuf/_19631_ not found.
[WARNING STA-1648] ./results/nangate45_3D/swerv_wrapper/HBT/6_final.spef line 222367, instance swerv/lsu/stbuf/_19857_ not found.
[WARNING STA-1648] ./results/nangate45_3D/swerv_wrapper/HBT/6_final.spef line 222368, instance swerv/lsu/stbuf/_19916_ not found.
[WARNING STA-1648] ./results/nangate45_3D/swerv_wrapper/HBT/6_final.spef line 222369, instance swerv/lsu/stbuf/_19802_ not found.
[WARNING STA-1648] ./results/nangate45_3D/swerv_wrapper/HBT/6_final.spef line 222370, instance swerv/lsu/stbuf/_19914_ not found.
[WARNING STA-1648] ./results/nangate45_3D/swerv_wrapper/HBT/6_final.spef line 222371, instance swerv/lsu/stbuf/_19800_ not found.
[WARNING STA-1648] ./results/nangate45_3D/swerv_wrapper/HBT/6_final.spef line 222372, instance swerv/lsu/stbuf/_19629_ not found.
[WARNING STA-1648] ./results/nangate45_3D/swerv_wrapper/HBT/6_final.spef line 222373, instance swerv/lsu/stbuf/_19572_ not found.
[WARNING STA-1648] ./results/nangate45_3D/swerv_wrapper/HBT/6_final.spef line 222374, instance mem/icm/ic_data_inst/WAYS_1__SUBBANKS_1__ic_bank_sb_way_data.mem not found.
[WARNING STA-1648] ./results/nangate45_3D/swerv_wrapper/HBT/6_final.spef line 222375, instance swerv/ifu/_6152_ not found.
[WARNING STA-1648] ./results/nangate45_3D/swerv_wrapper/HBT/6_final.spef line 222376, instance mem/Gen_dccm_enable_dccm/mem_bank_1__dccm_bank/mem not found.
[WARNING STA-1648] ./results/nangate45_3D/swerv_wrapper/HBT/6_final.spef line 222377, instance mem/Gen_dccm_enable_dccm/mem_bank_2__dccm_bank/mem not found.
[WARNING STA-1648] ./results/nangate45_3D/swerv_wrapper/HBT/6_final.spef line 222378, instance mem/icm/ic_data_inst/WAYS_3__SUBBANKS_1__ic_bank_sb_way_data.mem not found.
[WARNING STA-1648] ./results/nangate45_3D/swerv_wrapper/HBT/6_final.spef line 222379, instance mem/icm/ic_data_inst/WAYS_0__SUBBANKS_1__ic_bank_sb_way_data.mem not found.
[WARNING STA-1648] ./results/nangate45_3D/swerv_wrapper/HBT/6_final.spef line 222380, instance mem/icm/ic_data_inst/WAYS_1__SUBBANKS_3__ic_bank_sb_way_data.mem not found.
[WARNING STA-1648] ./results/nangate45_3D/swerv_wrapper/HBT/6_final.spef line 222381, instance mem/icm/ic_data_inst/WAYS_2__SUBBANKS_3__ic_bank_sb_way_data.mem not found.
[WARNING STA-1648] ./results/nangate45_3D/swerv_wrapper/HBT/6_final.spef line 222382, instance swerv/lsu/stbuf/_19956_ not found.
[WARNING STA-1648] ./results/nangate45_3D/swerv_wrapper/HBT/6_final.spef line 222383, instance swerv/lsu/stbuf/_19566_ not found.
[WARNING STA-1648] ./results/nangate45_3D/swerv_wrapper/HBT/6_final.spef line 222384, instance swerv/lsu/stbuf/_19519_ not found.
[WARNING STA-1648] ./results/nangate45_3D/swerv_wrapper/HBT/6_final.spef line 222385, instance swerv/lsu/stbuf/_19509_ not found.
[WARNING STA-1648] ./results/nangate45_3D/swerv_wrapper/HBT/6_final.spef line 222386, instance swerv/lsu/stbuf/_19507_ not found.
[WARNING STA-1648] ./results/nangate45_3D/swerv_wrapper/HBT/6_final.spef line 222387, instance swerv/lsu/stbuf/_19931_ not found.
[WARNING STA-1648] ./results/nangate45_3D/swerv_wrapper/HBT/6_final.spef line 222388, instance swerv/lsu/stbuf/_19874_ not found.
[WARNING STA-1648] ./results/nangate45_3D/swerv_wrapper/HBT/6_final.spef line 222389, instance swerv/lsu/stbuf/_19817_ not found.
[WARNING STA-1648] ./results/nangate45_3D/swerv_wrapper/HBT/6_final.spef line 222390, instance swerv/lsu/stbuf/_19760_ not found.
[WARNING STA-1648] ./results/nangate45_3D/swerv_wrapper/HBT/6_final.spef line 222391, instance swerv/lsu/stbuf/_19646_ not found.
[WARNING STA-1648] ./results/nangate45_3D/swerv_wrapper/HBT/6_final.spef line 222392, instance swerv/lsu/stbuf/_19532_ not found.
[WARNING STA-1648] ./results/nangate45_3D/swerv_wrapper/HBT/6_final.spef line 222393, instance swerv/lsu/stbuf/_19809_ not found.
[WARNING STA-1648] ./results/nangate45_3D/swerv_wrapper/HBT/6_final.spef line 222394, instance swerv/lsu/stbuf/_19752_ not found.
[WARNING STA-1648] ./results/nangate45_3D/swerv_wrapper/HBT/6_final.spef line 222395, instance swerv/lsu/stbuf/_19923_ not found.
[WARNING STA-1648] ./results/nangate45_3D/swerv_wrapper/HBT/6_final.spef line 222396, instance swerv/lsu/stbuf/_19866_ not found.
[WARNING STA-1648] ./results/nangate45_3D/swerv_wrapper/HBT/6_final.spef line 222397, instance swerv/lsu/stbuf/_19638_ not found.
[WARNING STA-1648] ./results/nangate45_3D/swerv_wrapper/HBT/6_final.spef line 222398, instance swerv/lsu/stbuf/_19695_ not found.
[WARNING STA-1648] ./results/nangate45_3D/swerv_wrapper/HBT/6_final.spef line 222399, instance swerv/lsu/stbuf/_19524_ not found.
[WARNING STA-1648] ./results/nangate45_3D/swerv_wrapper/HBT/6_final.spef line 222400, instance swerv/lsu/stbuf/_19517_ not found.
[WARNING STA-1648] ./results/nangate45_3D/swerv_wrapper/HBT/6_final.spef line 222401, instance swerv/lsu/stbuf/_19679_ not found.
[WARNING STA-1648] ./results/nangate45_3D/swerv_wrapper/HBT/6_final.spef line 222402, instance swerv/lsu/stbuf/_19508_ not found.
[WARNING STA-1648] ./results/nangate45_3D/swerv_wrapper/HBT/6_final.spef line 222403, instance swerv/lsu/stbuf/_19565_ not found.
[WARNING STA-1648] ./results/nangate45_3D/swerv_wrapper/HBT/6_final.spef line 222404, instance swerv/lsu/stbuf/_19574_ not found.
[WARNING STA-1648] ./results/nangate45_3D/swerv_wrapper/HBT/6_final.spef line 222405, instance swerv/lsu/stbuf/_19570_ not found.
[WARNING STA-1648] ./results/nangate45_3D/swerv_wrapper/HBT/6_final.spef line 222406, instance swerv/lsu/stbuf/_19627_ not found.
[WARNING STA-1648] ./results/nangate45_3D/swerv_wrapper/HBT/6_final.spef line 222407, instance swerv/lsu/stbuf/_19955_ not found.
[WARNING STA-1648] ./results/nangate45_3D/swerv_wrapper/HBT/6_final.spef line 222408, instance swerv/lsu/stbuf/_19920_ not found.
[WARNING STA-1648] ./results/nangate45_3D/swerv_wrapper/HBT/6_final.spef line 222409, instance swerv/lsu/stbuf/_19950_ not found.
[WARNING STA-1648] ./results/nangate45_3D/swerv_wrapper/HBT/6_final.spef line 222410, instance swerv/lsu/_9068_ not found.
[WARNING STA-1648] ./results/nangate45_3D/swerv_wrapper/HBT/6_final.spef line 222411, instance swerv/lsu/_9056_ not found.
[WARNING STA-1648] ./results/nangate45_3D/swerv_wrapper/HBT/6_final.spef line 222412, instance swerv/lsu/stbuf/_20026_ not found.
[WARNING STA-1648] ./results/nangate45_3D/swerv_wrapper/HBT/6_final.spef line 222413, instance swerv/lsu/stbuf/_19616_ not found.
[WARNING STA-1648] ./results/nangate45_3D/swerv_wrapper/HBT/6_final.spef line 222414, instance swerv/lsu/stbuf/_19560_ not found.
[WARNING STA-1648] ./results/nangate45_3D/swerv_wrapper/HBT/6_final.spef line 222415, instance swerv/lsu/stbuf/_19882_ not found.
[WARNING STA-1648] ./results/nangate45_3D/swerv_wrapper/HBT/6_final.spef line 222416, instance swerv/lsu/stbuf/_19881_ not found.
[WARNING STA-1648] ./results/nangate45_3D/swerv_wrapper/HBT/6_final.spef line 222417, instance swerv/lsu/stbuf/_19839_ not found.
[WARNING STA-1648] ./results/nangate45_3D/swerv_wrapper/HBT/6_final.spef line 222418, instance swerv/lsu/stbuf/_19893_ not found.
[WARNING STA-1648] ./results/nangate45_3D/swerv_wrapper/HBT/6_final.spef line 222419, instance swerv/lsu/stbuf/_19836_ not found.
[WARNING STA-1648] ./results/nangate45_3D/swerv_wrapper/HBT/6_final.spef line 222420, instance swerv/lsu/stbuf/_19722_ not found.
[WARNING STA-1648] ./results/nangate45_3D/swerv_wrapper/HBT/6_final.spef line 222421, instance swerv/lsu/stbuf/_19828_ not found.
[WARNING STA-1648] ./results/nangate45_3D/swerv_wrapper/HBT/6_final.spef line 222422, instance swerv/lsu/_8584_ not found.
[WARNING STA-1648] ./results/nangate45_3D/swerv_wrapper/HBT/6_final.spef line 222423, instance swerv/lsu/stbuf/_19885_ not found.
[WARNING STA-1648] ./results/nangate45_3D/swerv_wrapper/HBT/6_final.spef line 222424, instance swerv/lsu/stbuf/_19720_ not found.
[WARNING STA-1648] ./results/nangate45_3D/swerv_wrapper/HBT/6_final.spef line 222425, instance swerv/lsu/stbuf/_19723_ not found.
[WARNING STA-1648] ./results/nangate45_3D/swerv_wrapper/HBT/6_final.spef line 222426, instance swerv/lsu/stbuf/_19714_ not found.
[WARNING STA-1648] ./results/nangate45_3D/swerv_wrapper/HBT/6_final.spef line 222427, instance swerv/lsu/stbuf/_19897_ not found.
[WARNING STA-1648] ./results/nangate45_3D/swerv_wrapper/HBT/6_final.spef line 222428, instance swerv/lsu/stbuf/_19887_ not found.
[WARNING STA-1648] ./results/nangate45_3D/swerv_wrapper/HBT/6_final.spef line 222429, instance swerv/lsu/stbuf/_19900_ not found.
[WARNING STA-1648] ./results/nangate45_3D/swerv_wrapper/HBT/6_final.spef line 222430, instance swerv/lsu/stbuf/_19830_ not found.
[WARNING STA-1648] ./results/nangate45_3D/swerv_wrapper/HBT/6_final.spef line 222431, instance swerv/lsu/stbuf/_19550_ not found.
[WARNING STA-1648] ./results/nangate45_3D/swerv_wrapper/HBT/6_final.spef line 222432, instance swerv/lsu/stbuf/_19548_ not found.
[WARNING STA-1648] ./results/nangate45_3D/swerv_wrapper/HBT/6_final.spef line 222433, instance swerv/lsu/stbuf/_19495_ not found.
[WARNING STA-1648] ./results/nangate45_3D/swerv_wrapper/HBT/6_final.spef line 222434, instance swerv/lsu/stbuf/_19498_ not found.
[WARNING STA-1648] ./results/nangate45_3D/swerv_wrapper/HBT/6_final.spef line 222435, instance swerv/lsu/stbuf/_19497_ not found.
[WARNING STA-1648] ./results/nangate45_3D/swerv_wrapper/HBT/6_final.spef line 222436, instance swerv/lsu/stbuf/_19499_ not found.
[WARNING STA-1648] ./results/nangate45_3D/swerv_wrapper/HBT/6_final.spef line 222437, instance swerv/lsu/stbuf/_19607_ not found.
[WARNING STA-1648] ./results/nangate45_3D/swerv_wrapper/HBT/6_final.spef line 222438, instance swerv/lsu/stbuf/_19501_ not found.
[WARNING STA-1648] ./results/nangate45_3D/swerv_wrapper/HBT/6_final.spef line 222439, instance swerv/lsu/stbuf/_19558_ not found.
[WARNING STA-1648] ./results/nangate45_3D/swerv_wrapper/HBT/6_final.spef line 222440, instance swerv/lsu/_8440_ not found.
[WARNING STA-1648] ./results/nangate45_3D/swerv_wrapper/HBT/6_final.spef line 222441, instance swerv/lsu/stbuf/_19552_ not found.
[WARNING STA-1648] ./results/nangate45_3D/swerv_wrapper/HBT/6_final.spef line 222442, instance mem/Gen_dccm_enable_dccm/_2386_ not found.
[WARNING STA-1648] ./results/nangate45_3D/swerv_wrapper/HBT/6_final.spef line 222443, instance swerv/lsu/stbuf/_19500_ not found.
[WARNING STA-1648] ./results/nangate45_3D/swerv_wrapper/HBT/6_final.spef line 222444, instance swerv/lsu/stbuf/_19608_ not found.
[WARNING STA-1648] ./results/nangate45_3D/swerv_wrapper/HBT/6_final.spef line 222445, instance swerv/lsu/stbuf/_19613_ not found.
[WARNING STA-1648] ./results/nangate45_3D/swerv_wrapper/HBT/6_final.spef line 222446, instance swerv/lsu/stbuf/_19494_ not found.
[WARNING STA-1648] ./results/nangate45_3D/swerv_wrapper/HBT/6_final.spef line 222447, instance swerv/lsu/stbuf/_19554_ not found.
[WARNING STA-1648] ./results/nangate45_3D/swerv_wrapper/HBT/6_final.spef line 222448, instance mem/Gen_dccm_enable_dccm/_2385_ not found.
[WARNING STA-1648] ./results/nangate45_3D/swerv_wrapper/HBT/6_final.spef line 222449, instance mem/Gen_dccm_enable_dccm/_2387_ not found.
[WARNING STA-1648] ./results/nangate45_3D/swerv_wrapper/HBT/6_final.spef line 222450, instance swerv/lsu/stbuf/_19557_ not found.
[WARNING STA-1648] ./results/nangate45_3D/swerv_wrapper/HBT/6_final.spef line 222451, instance swerv/lsu/_8590_ not found.
[WARNING STA-1648] ./results/nangate45_3D/swerv_wrapper/HBT/6_final.spef line 222452, instance swerv/lsu/_8578_ not found.
[WARNING STA-1648] ./results/nangate45_3D/swerv_wrapper/HBT/6_final.spef line 222453, instance swerv/lsu/_8582_ not found.
[WARNING STA-1648] ./results/nangate45_3D/swerv_wrapper/HBT/6_final.spef line 222454, instance swerv/lsu/_8622_ not found.
[WARNING STA-1648] ./results/nangate45_3D/swerv_wrapper/HBT/6_final.spef line 222455, instance swerv/lsu/_8450_ not found.
[WARNING STA-1648] ./results/nangate45_3D/swerv_wrapper/HBT/6_final.spef line 222456, instance swerv/lsu/stbuf/_19614_ not found.
[WARNING STA-1648] ./results/nangate45_3D/swerv_wrapper/HBT/6_final.spef line 222457, instance swerv/lsu/stbuf/_19602_ not found.
[WARNING STA-1648] ./results/nangate45_3D/swerv_wrapper/HBT/6_final.spef line 222458, instance swerv/lsu/_8442_ not found.
[WARNING STA-1648] ./results/nangate45_3D/swerv_wrapper/HBT/6_final.spef line 222459, instance swerv/lsu/_8458_ not found.
[WARNING STA-1648] ./results/nangate45_3D/swerv_wrapper/HBT/6_final.spef line 222460, instance swerv/lsu/_8448_ not found.
[WARNING STA-1648] ./results/nangate45_3D/swerv_wrapper/HBT/6_final.spef line 222461, instance swerv/lsu/_8474_ not found.
[WARNING STA-1648] ./results/nangate45_3D/swerv_wrapper/HBT/6_final.spef line 222462, instance swerv/lsu/_8570_ not found.
[WARNING STA-1648] ./results/nangate45_3D/swerv_wrapper/HBT/6_final.spef line 222463, instance swerv/lsu/stbuf/_19611_ not found.
[WARNING STA-1648] ./results/nangate45_3D/swerv_wrapper/HBT/6_final.spef line 222464, instance swerv/lsu/stbuf/_19604_ not found.
[WARNING STA-1648] ./results/nangate45_3D/swerv_wrapper/HBT/6_final.spef line 222465, instance swerv/lsu/stbuf/_19600_ not found.
[WARNING STA-1648] ./results/nangate45_3D/swerv_wrapper/HBT/6_final.spef line 222466, instance swerv/lsu/stbuf/_19545_ not found.
[WARNING STA-1648] ./results/nangate45_3D/swerv_wrapper/HBT/6_final.spef line 222467, instance swerv/lsu/stbuf/_19547_ not found.
[WARNING STA-1648] ./results/nangate45_3D/swerv_wrapper/HBT/6_final.spef line 222468, instance swerv/lsu/stbuf/_19488_ not found.
[WARNING STA-1648] ./results/nangate45_3D/swerv_wrapper/HBT/6_final.spef line 222469, instance swerv/lsu/_8454_ not found.
[WARNING STA-1648] ./results/nangate45_3D/swerv_wrapper/HBT/6_final.spef line 222470, instance swerv/lsu/_8486_ not found.
[WARNING STA-1648] ./results/nangate45_3D/swerv_wrapper/HBT/6_final.spef line 222471, instance swerv/lsu/_8618_ not found.
[WARNING STA-1648] ./results/nangate45_3D/swerv_wrapper/HBT/6_final.spef line 222472, instance swerv/lsu/_8494_ not found.
[WARNING STA-1648] ./results/nangate45_3D/swerv_wrapper/HBT/6_final.spef line 222473, instance swerv/lsu/_8614_ not found.
[WARNING STA-1648] ./results/nangate45_3D/swerv_wrapper/HBT/6_final.spef line 222474, instance swerv/lsu/_8400_ not found.
[WARNING STA-1648] ./results/nangate45_3D/swerv_wrapper/HBT/6_final.spef line 222475, instance swerv/lsu/_8488_ not found.
[WARNING STA-1648] ./results/nangate45_3D/swerv_wrapper/HBT/6_final.spef line 222476, instance swerv/lsu/_8616_ not found.
[WARNING STA-1648] ./results/nangate45_3D/swerv_wrapper/HBT/6_final.spef line 222477, instance swerv/lsu/_8476_ not found.
[WARNING STA-1648] ./results/nangate45_3D/swerv_wrapper/HBT/6_final.spef line 222478, instance swerv/lsu/_8586_ not found.
[WARNING STA-1648] ./results/nangate45_3D/swerv_wrapper/HBT/6_final.spef line 222479, instance swerv/lsu/_8574_ not found.
[WARNING STA-1648] ./results/nangate45_3D/swerv_wrapper/HBT/6_final.spef line 222480, instance swerv/lsu/_8446_ not found.
[WARNING STA-1648] ./results/nangate45_3D/swerv_wrapper/HBT/6_final.spef line 222481, instance swerv/lsu/_8492_ not found.
[WARNING STA-1648] ./results/nangate45_3D/swerv_wrapper/HBT/6_final.spef line 222482, instance swerv/lsu/_8460_ not found.
[WARNING STA-1648] ./results/nangate45_3D/swerv_wrapper/HBT/6_final.spef line 222483, instance swerv/lsu/_8416_ not found.
[WARNING STA-1648] ./results/nangate45_3D/swerv_wrapper/HBT/6_final.spef line 222484, instance swerv/lsu/_8428_ not found.
[WARNING STA-1648] ./results/nangate45_3D/swerv_wrapper/HBT/6_final.spef line 222485, instance swerv/lsu/_8430_ not found.
[WARNING STA-1648] ./results/nangate45_3D/swerv_wrapper/HBT/6_final.spef line 222486, instance swerv/lsu/_8444_ not found.
[WARNING STA-1648] ./results/nangate45_3D/swerv_wrapper/HBT/6_final.spef line 222487, instance swerv/lsu/_8412_ not found.
[WARNING STA-1648] ./results/nangate45_3D/swerv_wrapper/HBT/6_final.spef line 222488, instance swerv/lsu/_8478_ not found.
[WARNING STA-1648] ./results/nangate45_3D/swerv_wrapper/HBT/6_final.spef line 222489, instance swerv/lsu/_8414_ not found.
[WARNING STA-1648] ./results/nangate45_3D/swerv_wrapper/HBT/6_final.spef line 222490, instance swerv/lsu/_8462_ not found.
[WARNING STA-1648] ./results/nangate45_3D/swerv_wrapper/HBT/6_final.spef line 222491, instance swerv/lsu/_8398_ not found.
[WARNING STA-1648] ./results/nangate45_3D/swerv_wrapper/HBT/6_final.spef line 222492, instance swerv/lsu/_8390_ not found.
[WARNING STA-1648] ./results/nangate45_3D/swerv_wrapper/HBT/6_final.spef line 222493, instance swerv/lsu/_8396_ not found.
[WARNING STA-1648] ./results/nangate45_3D/swerv_wrapper/HBT/6_final.spef line 222494, instance swerv/lsu/_8410_ not found.
[WARNING STA-1648] ./results/nangate45_3D/swerv_wrapper/HBT/6_final.spef line 222495, instance swerv/lsu/_8399_ not found.
[WARNING STA-1648] ./results/nangate45_3D/swerv_wrapper/HBT/6_final.spef line 222496, instance swerv/lsu/_8367_ not found.
[WARNING STA-1648] ./results/nangate45_3D/swerv_wrapper/HBT/6_final.spef line 222497, instance swerv/lsu/_8431_ not found.
[WARNING STA-1648] ./results/nangate45_3D/swerv_wrapper/HBT/6_final.spef line 222498, instance swerv/lsu/_8451_ not found.
[WARNING STA-1648] ./results/nangate45_3D/swerv_wrapper/HBT/6_final.spef line 222499, instance swerv/lsu/_8419_ not found.
[WARNING STA-1648] ./results/nangate45_3D/swerv_wrapper/HBT/6_final.spef line 222500, instance swerv/lsu/_8433_ not found.
[WARNING STA-1648] ./results/nangate45_3D/swerv_wrapper/HBT/6_final.spef line 222501, instance swerv/lsu/_8401_ not found.
[WARNING STA-1648] ./results/nangate45_3D/swerv_wrapper/HBT/6_final.spef line 222502, instance swerv/lsu/_8449_ not found.
[WARNING STA-1648] ./results/nangate45_3D/swerv_wrapper/HBT/6_final.spef line 222503, instance swerv/lsu/_8385_ not found.
[WARNING STA-1648] ./results/nangate45_3D/swerv_wrapper/HBT/6_final.spef line 222504, instance swerv/lsu/_8417_ not found.
[WARNING STA-1648] ./results/nangate45_3D/swerv_wrapper/HBT/6_final.spef line 222505, instance swerv/lsu/_8369_ not found.
[WARNING STA-1648] ./results/nangate45_3D/swerv_wrapper/HBT/6_final.spef line 222506, instance swerv/lsu/_8387_ not found.
[WARNING STA-1648] ./results/nangate45_3D/swerv_wrapper/HBT/6_final.spef line 222507, instance swerv/lsu/_8429_ not found.
[WARNING STA-1648] ./results/nangate45_3D/swerv_wrapper/HBT/6_final.spef line 222508, instance swerv/lsu/_8377_ not found.
[WARNING STA-1648] ./results/nangate45_3D/swerv_wrapper/HBT/6_final.spef line 222509, instance swerv/lsu/_8443_ not found.
[WARNING STA-1648] ./results/nangate45_3D/swerv_wrapper/HBT/6_final.spef line 222510, instance swerv/lsu/_8411_ not found.
[WARNING STA-1648] ./results/nangate45_3D/swerv_wrapper/HBT/6_final.spef line 222511, instance swerv/lsu/_8379_ not found.
[WARNING STA-1648] ./results/nangate45_3D/swerv_wrapper/HBT/6_final.spef line 222512, instance swerv/lsu/_8409_ not found.
[WARNING STA-1648] ./results/nangate45_3D/swerv_wrapper/HBT/6_final.spef line 222513, instance swerv/lsu/_8441_ not found.
[WARNING STA-1648] ./results/nangate45_3D/swerv_wrapper/HBT/6_final.spef line 222514, instance swerv/lsu/_8397_ not found.
[WARNING STA-1648] ./results/nangate45_3D/swerv_wrapper/HBT/6_final.spef line 222515, instance swerv/lsu/_8408_ not found.
[WARNING STA-1648] ./results/nangate45_3D/swerv_wrapper/HBT/6_final.spef line 222516, instance swerv/lsu/_8376_ not found.
[WARNING STA-1648] ./results/nangate45_3D/swerv_wrapper/HBT/6_final.spef line 222517, instance swerv/lsu/_8461_ not found.
[WARNING STA-1648] ./results/nangate45_3D/swerv_wrapper/HBT/6_final.spef line 222518, instance swerv/lsu/_8445_ not found.
[WARNING STA-1648] ./results/nangate45_3D/swerv_wrapper/HBT/6_final.spef line 222519, instance swerv/lsu/_8378_ not found.
[WARNING STA-1648] ./results/nangate45_3D/swerv_wrapper/HBT/6_final.spef line 222520, instance swerv/lsu/_8382_ not found.
[WARNING STA-1648] ./results/nangate45_3D/swerv_wrapper/HBT/6_final.spef line 222521, instance swerv/lsu/_8420_ not found.
[WARNING STA-1648] ./results/nangate45_3D/swerv_wrapper/HBT/6_final.spef line 222522, instance swerv/lsu/_8418_ not found.
[WARNING STA-1648] ./results/nangate45_3D/swerv_wrapper/HBT/6_final.spef line 222523, instance swerv/lsu/_8421_ not found.
[WARNING STA-1648] ./results/nangate45_3D/swerv_wrapper/HBT/6_final.spef line 222524, instance swerv/lsu/_8406_ not found.
[WARNING STA-1648] ./results/nangate45_3D/swerv_wrapper/HBT/6_final.spef line 222525, instance swerv/lsu/_8383_ not found.
[WARNING STA-1648] ./results/nangate45_3D/swerv_wrapper/HBT/6_final.spef line 222526, instance swerv/lsu/_8415_ not found.
[WARNING STA-1648] ./results/nangate45_3D/swerv_wrapper/HBT/6_final.spef line 222527, instance swerv/lsu/_8447_ not found.
[WARNING STA-1648] ./results/nangate45_3D/swerv_wrapper/HBT/6_final.spef line 222528, instance swerv/lsu/_8372_ not found.
[WARNING STA-1648] ./results/nangate45_3D/swerv_wrapper/HBT/6_final.spef line 222529, instance swerv/lsu/_8394_ not found.
[WARNING STA-1648] ./results/nangate45_3D/swerv_wrapper/HBT/6_final.spef line 222530, instance swerv/lsu/_8426_ not found.
[WARNING STA-1648] ./results/nangate45_3D/swerv_wrapper/HBT/6_final.spef line 222531, instance swerv/lsu/_8373_ not found.
[WARNING STA-1648] ./results/nangate45_3D/swerv_wrapper/HBT/6_final.spef line 222532, instance swerv/lsu/_8403_ not found.
[WARNING STA-1648] ./results/nangate45_3D/swerv_wrapper/HBT/6_final.spef line 222533, instance swerv/lsu/_9018_ not found.
[WARNING STA-1648] ./results/nangate45_3D/swerv_wrapper/HBT/6_final.spef line 222534, instance swerv/dec/tlu/_11419_ not found.
[WARNING STA-1648] ./results/nangate45_3D/swerv_wrapper/HBT/6_final.spef line 222535, instance swerv/dec/tlu/_11435_ not found.
[WARNING STA-1648] ./results/nangate45_3D/swerv_wrapper/HBT/6_final.spef line 222536, instance swerv/dec/tlu/_11460_ not found.
[WARNING STA-1648] ./results/nangate45_3D/swerv_wrapper/HBT/6_final.spef line 222537, instance swerv/dec/tlu/_12061_ not found.
[WARNING STA-1648] ./results/nangate45_3D/swerv_wrapper/HBT/6_final.spef line 222538, instance swerv/lsu/bus_intf/bus_buffer/_21490_ not found.
[WARNING STA-1648] ./results/nangate45_3D/swerv_wrapper/HBT/6_final.spef line 222539, instance swerv/lsu/bus_intf/bus_buffer/_21725_ not found.
[WARNING STA-1648] ./results/nangate45_3D/swerv_wrapper/HBT/6_final.spef line 222540, instance swerv/lsu/bus_intf/bus_buffer/_22177_ not found.
[WARNING STA-1648] ./results/nangate45_3D/swerv_wrapper/HBT/6_final.spef line 222541, instance swerv/lsu/bus_intf/bus_buffer/_21633_ not found.
[WARNING STA-1648] ./results/nangate45_3D/swerv_wrapper/HBT/6_final.spef line 222542, instance swerv/lsu/bus_intf/bus_buffer/_22097_ not found.
[WARNING STA-1648] ./results/nangate45_3D/swerv_wrapper/HBT/6_final.spef line 222543, instance swerv/dec/tlu/_11448_ not found.
[WARNING STA-1648] ./results/nangate45_3D/swerv_wrapper/HBT/6_final.spef line 222544, instance swerv/dec/tlu/_12084_ not found.
[WARNING STA-1648] ./results/nangate45_3D/swerv_wrapper/HBT/6_final.spef line 222545, instance swerv/dec/tlu/_12024_ not found.
[WARNING STA-1648] ./results/nangate45_3D/swerv_wrapper/HBT/6_final.spef line 222546, instance swerv/dec/tlu/_12218_ not found.
[WARNING STA-1648] ./results/nangate45_3D/swerv_wrapper/HBT/6_final.spef line 222547, instance swerv/dec/tlu/_12216_ not found.
[WARNING STA-1648] ./results/nangate45_3D/swerv_wrapper/HBT/6_final.spef line 222548, instance swerv/dec/tlu/_12212_ not found.
[WARNING STA-1648] ./results/nangate45_3D/swerv_wrapper/HBT/6_final.spef line 222549, instance swerv/dec/tlu/_11685_ not found.
[WARNING STA-1648] ./results/nangate45_3D/swerv_wrapper/HBT/6_final.spef line 222550, instance swerv/dec/tlu/_12186_ not found.
[WARNING STA-1648] ./results/nangate45_3D/swerv_wrapper/HBT/6_final.spef line 222551, instance swerv/dec/tlu/_11860_ not found.
[WARNING STA-1648] ./results/nangate45_3D/swerv_wrapper/HBT/6_final.spef line 222552, instance swerv/dec/tlu/_11481_ not found.
[WARNING STA-1648] ./results/nangate45_3D/swerv_wrapper/HBT/6_final.spef line 222553, instance swerv/lsu/bus_intf/bus_buffer/_21402_ not found.
[WARNING STA-1648] ./results/nangate45_3D/swerv_wrapper/HBT/6_final.spef line 222554, instance swerv/lsu/_8508_ not found.
[WARNING STA-1648] ./results/nangate45_3D/swerv_wrapper/HBT/6_final.spef line 222555, instance swerv/lsu/_8522_ not found.
[WARNING STA-1648] ./results/nangate45_3D/swerv_wrapper/HBT/6_final.spef line 222556, instance swerv/lsu/bus_intf/bus_buffer/_22269_ not found.
[WARNING STA-1648] ./results/nangate45_3D/swerv_wrapper/HBT/6_final.spef line 222557, instance swerv/lsu/bus_intf/bus_buffer/_21389_ not found.
[WARNING STA-1648] ./results/nangate45_3D/swerv_wrapper/HBT/6_final.spef line 222558, instance swerv/lsu/_8554_ not found.
[WARNING STA-1648] ./results/nangate45_3D/swerv_wrapper/HBT/6_final.spef line 222559, instance swerv/lsu/_8526_ not found.
[WARNING STA-1648] ./results/nangate45_3D/swerv_wrapper/HBT/6_final.spef line 222560, instance swerv/lsu/_8540_ not found.
[WARNING STA-1648] ./results/nangate45_3D/swerv_wrapper/HBT/6_final.spef line 222561, instance swerv/lsu/_8503_ not found.
[WARNING STA-1648] ./results/nangate45_3D/swerv_wrapper/HBT/6_final.spef line 222562, instance swerv/dec/tlu/_11444_ not found.
[WARNING STA-1648] ./results/nangate45_3D/swerv_wrapper/HBT/6_final.spef line 222563, instance swerv/dec/tlu/_12086_ not found.
[WARNING STA-1648] ./results/nangate45_3D/swerv_wrapper/HBT/6_final.spef line 222564, instance swerv/dec/tlu/_12022_ not found.
[WARNING STA-1648] ./results/nangate45_3D/swerv_wrapper/HBT/6_final.spef line 222565, instance swerv/dec/tlu/_11442_ not found.
[WARNING STA-1648] ./results/nangate45_3D/swerv_wrapper/HBT/6_final.spef line 222566, instance swerv/dec/tlu/_12150_ not found.
[WARNING STA-1648] ./results/nangate45_3D/swerv_wrapper/HBT/6_final.spef line 222567, instance swerv/dec/tlu/_11438_ not found.
[WARNING STA-1648] ./results/nangate45_3D/swerv_wrapper/HBT/6_final.spef line 222568, instance swerv/dec/tlu/_12035_ not found.
[WARNING STA-1648] ./results/nangate45_3D/swerv_wrapper/HBT/6_final.spef line 222569, instance swerv/dec/tlu/_11682_ not found.
[WARNING STA-1648] ./results/nangate45_3D/swerv_wrapper/HBT/6_final.spef line 222570, instance swerv/dec/tlu/_12176_ not found.
[WARNING STA-1648] ./results/nangate45_3D/swerv_wrapper/HBT/6_final.spef line 222571, instance swerv/dec/tlu/_12020_ not found.
[WARNING STA-1648] ./results/nangate45_3D/swerv_wrapper/HBT/6_final.spef line 222572, instance swerv/dec/tlu/_12178_ not found.
[WARNING STA-1648] ./results/nangate45_3D/swerv_wrapper/HBT/6_final.spef line 222573, instance swerv/dec/tlu/_12214_ not found.
[WARNING STA-1648] ./results/nangate45_3D/swerv_wrapper/HBT/6_final.spef line 222574, instance swerv/dec/tlu/_12182_ not found.
[WARNING STA-1648] ./results/nangate45_3D/swerv_wrapper/HBT/6_final.spef line 222575, instance swerv/dec/tlu/_12180_ not found.
[WARNING STA-1648] ./results/nangate45_3D/swerv_wrapper/HBT/6_final.spef line 222576, instance swerv/dec/tlu/_12148_ not found.
[WARNING STA-1648] ./results/nangate45_3D/swerv_wrapper/HBT/6_final.spef line 222577, instance swerv/dec/tlu/_11446_ not found.
[WARNING STA-1648] ./results/nangate45_3D/swerv_wrapper/HBT/6_final.spef line 222578, instance swerv/dec/tlu/_12026_ not found.
[WARNING STA-1648] ./results/nangate45_3D/swerv_wrapper/HBT/6_final.spef line 222579, instance swerv/dec/tlu/_12090_ not found.
[WARNING STA-1648] ./results/nangate45_3D/swerv_wrapper/HBT/6_final.spef line 222580, instance swerv/dec/tlu/_12183_ not found.
[WARNING STA-1648] ./results/nangate45_3D/swerv_wrapper/HBT/6_final.spef line 222581, instance swerv/dec/tlu/_12154_ not found.
[WARNING STA-1648] ./results/nangate45_3D/swerv_wrapper/HBT/6_final.spef line 222582, instance swerv/dec/tlu/_12152_ not found.
[WARNING STA-1648] ./results/nangate45_3D/swerv_wrapper/HBT/6_final.spef line 222583, instance swerv/dec/tlu/_12173_ not found.
[WARNING STA-1648] ./results/nangate45_3D/swerv_wrapper/HBT/6_final.spef line 222584, instance swerv/dec/tlu/_11387_ not found.
[WARNING STA-1648] ./results/nangate45_3D/swerv_wrapper/HBT/6_final.spef line 222585, instance swerv/dec/tlu/_12179_ not found.
[WARNING STA-1648] ./results/nangate45_3D/swerv_wrapper/HBT/6_final.spef line 222586, instance swerv/dec/tlu/_12157_ not found.
[WARNING STA-1648] ./results/nangate45_3D/swerv_wrapper/HBT/6_final.spef line 222587, instance swerv/dec/tlu/_12189_ not found.
[WARNING STA-1648] ./results/nangate45_3D/swerv_wrapper/HBT/6_final.spef line 222588, instance swerv/dec/tlu/_12088_ not found.
[WARNING STA-1648] ./results/nangate45_3D/swerv_wrapper/HBT/6_final.spef line 222589, instance swerv/lsu/bus_intf/bus_buffer/_22283_ not found.
[WARNING STA-1648] ./results/nangate45_3D/swerv_wrapper/HBT/6_final.spef line 222590, instance swerv/lsu/_9104_ not found.
[WARNING STA-1648] ./results/nangate45_3D/swerv_wrapper/HBT/6_final.spef line 222591, instance swerv/lsu/_9101_ not found.
[WARNING STA-1648] ./results/nangate45_3D/swerv_wrapper/HBT/6_final.spef line 222592, instance swerv/lsu/bus_intf/bus_buffer/_22256_ not found.
[WARNING STA-1648] ./results/nangate45_3D/swerv_wrapper/HBT/6_final.spef line 222593, instance swerv/lsu/bus_intf/bus_buffer/_21791_ not found.
[WARNING STA-1648] ./results/nangate45_3D/swerv_wrapper/HBT/6_final.spef line 222594, instance swerv/lsu/bus_intf/bus_buffer/_21884_ not found.
[WARNING STA-1648] ./results/nangate45_3D/swerv_wrapper/HBT/6_final.spef line 222595, instance swerv/lsu/bus_intf/bus_buffer/_22163_ not found.
[WARNING STA-1648] ./results/nangate45_3D/swerv_wrapper/HBT/6_final.spef line 222596, instance swerv/lsu/bus_intf/bus_buffer/_21416_ not found.
[WARNING STA-1648] ./results/nangate45_3D/swerv_wrapper/HBT/6_final.spef line 222597, instance swerv/lsu/_9118_ not found.
[WARNING STA-1648] ./results/nangate45_3D/swerv_wrapper/HBT/6_final.spef line 222598, instance swerv/lsu/bus_intf/bus_buffer/_21491_ not found.
[WARNING STA-1648] ./results/nangate45_3D/swerv_wrapper/HBT/6_final.spef line 222599, instance swerv/lsu/_9114_ not found.
[WARNING STA-1648] ./results/nangate45_3D/swerv_wrapper/HBT/6_final.spef line 222600, instance swerv/lsu/bus_intf/bus_buffer/_21899_ not found.
[WARNING STA-1648] ./results/nangate45_3D/swerv_wrapper/HBT/6_final.spef line 222601, instance swerv/lsu/_9100_ not found.
[WARNING STA-1648] ./results/nangate45_3D/swerv_wrapper/HBT/6_final.spef line 222602, instance swerv/lsu/bus_intf/bus_buffer/_21915_ not found.
[WARNING STA-1648] ./results/nangate45_3D/swerv_wrapper/HBT/6_final.spef line 222603, instance swerv/lsu/bus_intf/bus_buffer/_21507_ not found.
[WARNING STA-1648] ./results/nangate45_3D/swerv_wrapper/HBT/6_final.spef line 222604, instance swerv/lsu/_9107_ not found.
[WARNING STA-1648] ./results/nangate45_3D/swerv_wrapper/HBT/6_final.spef line 222605, instance swerv/lsu/_9120_ not found.
[WARNING STA-1648] ./results/nangate45_3D/swerv_wrapper/HBT/6_final.spef line 222606, instance swerv/lsu/_9115_ not found.
[WARNING STA-1648] ./results/nangate45_3D/swerv_wrapper/HBT/6_final.spef line 222607, instance swerv/lsu/_9124_ not found.
[WARNING STA-1648] ./results/nangate45_3D/swerv_wrapper/HBT/6_final.spef line 222608, instance swerv/lsu/_9073_ not found.
[WARNING STA-1648] ./results/nangate45_3D/swerv_wrapper/HBT/6_final.spef line 222609, instance swerv/lsu/_9069_ not found.
[WARNING STA-1648] ./results/nangate45_3D/swerv_wrapper/HBT/6_final.spef line 222610, instance swerv/dec/tlu/_11389_ not found.
[WARNING STA-1648] ./results/nangate45_3D/swerv_wrapper/HBT/6_final.spef line 222611, instance swerv/dec/tlu/_11393_ not found.
[WARNING STA-1648] ./results/nangate45_3D/swerv_wrapper/HBT/6_final.spef line 222612, instance swerv/dec/tlu/_12171_ not found.
[WARNING STA-1648] ./results/nangate45_3D/swerv_wrapper/HBT/6_final.spef line 222613, instance swerv/dec/tlu/_12067_ not found.
[WARNING STA-1648] ./results/nangate45_3D/swerv_wrapper/HBT/6_final.spef line 222614, instance swerv/dec/tlu/_12071_ not found.
[WARNING STA-1648] ./results/nangate45_3D/swerv_wrapper/HBT/6_final.spef line 222615, instance swerv/dec/tlu/_11454_ not found.
[WARNING STA-1648] ./results/nangate45_3D/swerv_wrapper/HBT/6_final.spef line 222616, instance swerv/dec/tlu/_11995_ not found.
[WARNING STA-1648] ./results/nangate45_3D/swerv_wrapper/HBT/6_final.spef line 222617, instance swerv/dec/tlu/_11999_ not found.
[WARNING STA-1648] ./results/nangate45_3D/swerv_wrapper/HBT/6_final.spef line 222618, instance swerv/dec/tlu/_11450_ not found.
[WARNING STA-1648] ./results/nangate45_3D/swerv_wrapper/HBT/6_final.spef line 222619, instance swerv/dec/tlu/_11803_ not found.
[WARNING STA-1648] ./results/nangate45_3D/swerv_wrapper/HBT/6_final.spef line 222620, instance swerv/_10075_ not found.
[WARNING STA-1648] ./results/nangate45_3D/swerv_wrapper/HBT/6_final.spef line 222621, instance swerv/lsu/stbuf/_19970_ not found.
[WARNING STA-1648] ./results/nangate45_3D/swerv_wrapper/HBT/6_final.spef line 222622, instance swerv/dec/tlu/_11449_ not found.
[WARNING STA-1648] ./results/nangate45_3D/swerv_wrapper/HBT/6_final.spef line 222623, instance swerv/dec/tlu/_11469_ not found.
[WARNING STA-1648] ./results/nangate45_3D/swerv_wrapper/HBT/6_final.spef line 222624, instance swerv/dec/tlu/_11461_ not found.
[WARNING STA-1648] ./results/nangate45_3D/swerv_wrapper/HBT/6_final.spef line 222625, instance swerv/dec/tlu/_11459_ not found.
[WARNING STA-1648] ./results/nangate45_3D/swerv_wrapper/HBT/6_final.spef line 222626, instance swerv/dec/tlu/_11426_ not found.
[WARNING STA-1648] ./results/nangate45_3D/swerv_wrapper/HBT/6_final.spef line 222627, instance swerv/dec/tlu/_12070_ not found.
[WARNING STA-1648] ./results/nangate45_3D/swerv_wrapper/HBT/6_final.spef line 222628, instance swerv/dec/tlu/_12072_ not found.
[WARNING STA-1648] ./results/nangate45_3D/swerv_wrapper/HBT/6_final.spef line 222629, instance swerv/dec/tlu/_12010_ not found.
[WARNING STA-1648] ./results/nangate45_3D/swerv_wrapper/HBT/6_final.spef line 222630, instance swerv/dec/tlu/_11428_ not found.
[WARNING STA-1648] ./results/nangate45_3D/swerv_wrapper/HBT/6_final.spef line 222631, instance swerv/dec/tlu/_11430_ not found.
[WARNING STA-1648] ./results/nangate45_3D/swerv_wrapper/HBT/6_final.spef line 222632, instance swerv/dec/tlu/_11432_ not found.
[WARNING STA-1648] ./results/nangate45_3D/swerv_wrapper/HBT/6_final.spef line 222633, instance swerv/dec/tlu/_11467_ not found.
[WARNING STA-1648] ./results/nangate45_3D/swerv_wrapper/HBT/6_final.spef line 222634, instance swerv/dec/tlu/_11436_ not found.
[WARNING STA-1648] ./results/nangate45_3D/swerv_wrapper/HBT/6_final.spef line 222635, instance swerv/dec/tlu/_11434_ not found.
[WARNING STA-1648] ./results/nangate45_3D/swerv_wrapper/HBT/6_final.spef line 222636, instance swerv/dec/tlu/_12059_ not found.
[WARNING STA-1648] ./results/nangate45_3D/swerv_wrapper/HBT/6_final.spef line 222637, instance swerv/dec/tlu/_12063_ not found.
[WARNING STA-1648] ./results/nangate45_3D/swerv_wrapper/HBT/6_final.spef line 222638, instance swerv/lsu/stbuf/_19869_ not found.
[WARNING STA-1648] ./results/nangate45_3D/swerv_wrapper/HBT/6_final.spef line 222639, instance swerv/lsu/stbuf/_19580_ not found.
[WARNING STA-1648] ./results/nangate45_3D/swerv_wrapper/HBT/6_final.spef line 222640, instance swerv/_09640_ not found.
[WARNING STA-1648] ./results/nangate45_3D/swerv_wrapper/HBT/6_final.spef line 222641, instance swerv/lsu/stbuf/_19637_ not found.
[WARNING STA-1648] ./results/nangate45_3D/swerv_wrapper/HBT/6_final.spef line 222642, instance swerv/lsu/stbuf/_19523_ not found.
[WARNING STA-1648] ./results/nangate45_3D/swerv_wrapper/HBT/6_final.spef line 222643, instance swerv/lsu/stbuf/_19751_ not found.
[WARNING STA-1648] ./results/nangate45_3D/swerv_wrapper/HBT/6_final.spef line 222644, instance swerv/dec/tlu/_12074_ not found.
[WARNING STA-1648] ./results/nangate45_3D/swerv_wrapper/HBT/6_final.spef line 222645, instance swerv/lsu/stbuf/_19930_ not found.
[WARNING STA-1648] ./results/nangate45_3D/swerv_wrapper/HBT/6_final.spef line 222646, instance swerv/lsu/stbuf/_19820_ not found.
[WARNING STA-1648] ./results/nangate45_3D/swerv_wrapper/HBT/6_final.spef line 222647, instance swerv/lsu/stbuf/_19934_ not found.
[WARNING STA-1648] ./results/nangate45_3D/swerv_wrapper/HBT/6_final.spef line 222648, instance swerv/lsu/stbuf/_19877_ not found.
[WARNING STA-1648] ./results/nangate45_3D/swerv_wrapper/HBT/6_final.spef line 222649, instance swerv/lsu/stbuf/_19873_ not found.
[WARNING STA-1648] ./results/nangate45_3D/swerv_wrapper/HBT/6_final.spef line 222650, instance swerv/lsu/stbuf/_19702_ not found.
[WARNING STA-1648] ./results/nangate45_3D/swerv_wrapper/HBT/6_final.spef line 222651, instance swerv/lsu/stbuf/_19535_ not found.
[WARNING STA-1648] ./results/nangate45_3D/swerv_wrapper/HBT/6_final.spef line 222652, instance swerv/lsu/stbuf/_19592_ not found.
[WARNING STA-1648] ./results/nangate45_3D/swerv_wrapper/HBT/6_final.spef line 222653, instance swerv/lsu/stbuf/_19706_ not found.
[WARNING STA-1648] ./results/nangate45_3D/swerv_wrapper/HBT/6_final.spef line 222654, instance swerv/lsu/stbuf/_19763_ not found.
[WARNING STA-1648] ./results/nangate45_3D/swerv_wrapper/HBT/6_final.spef line 222655, instance swerv/lsu/stbuf/_19649_ not found.
[WARNING STA-1648] ./results/nangate45_3D/swerv_wrapper/HBT/6_final.spef line 222656, instance swerv/lsu/stbuf/_19588_ not found.
[WARNING STA-1648] ./results/nangate45_3D/swerv_wrapper/HBT/6_final.spef line 222657, instance swerv/lsu/stbuf/_19759_ not found.
[WARNING STA-1648] ./results/nangate45_3D/swerv_wrapper/HBT/6_final.spef line 222658, instance swerv/lsu/stbuf/_19810_ not found.
[WARNING STA-1648] ./results/nangate45_3D/swerv_wrapper/HBT/6_final.spef line 222659, instance swerv/lsu/stbuf/_19816_ not found.
[WARNING STA-1648] ./results/nangate45_3D/swerv_wrapper/HBT/6_final.spef line 222660, instance swerv/dec/tlu/_12206_ not found.
[WARNING STA-1648] ./results/nangate45_3D/swerv_wrapper/HBT/6_final.spef line 222661, instance swerv/dec/tlu/_12204_ not found.
[WARNING STA-1648] ./results/nangate45_3D/swerv_wrapper/HBT/6_final.spef line 222662, instance swerv/lsu/stbuf/_19867_ not found.
[WARNING STA-1648] ./results/nangate45_3D/swerv_wrapper/HBT/6_final.spef line 222663, instance swerv/lsu/stbuf/_19924_ not found.
[WARNING STA-1648] ./results/nangate45_3D/swerv_wrapper/HBT/6_final.spef line 222664, instance swerv/lsu/stbuf/_19753_ not found.
[WARNING STA-1648] ./results/nangate45_3D/swerv_wrapper/HBT/6_final.spef line 222665, instance swerv/lsu/stbuf/_19531_ not found.
[WARNING STA-1648] ./results/nangate45_3D/swerv_wrapper/HBT/6_final.spef line 222666, instance swerv/lsu/stbuf/_19645_ not found.
[WARNING STA-1648] ./results/nangate45_3D/swerv_wrapper/HBT/6_final.spef line 222667, instance swerv/lsu/stbuf/_19808_ not found.
[WARNING STA-1648] ./results/nangate45_3D/swerv_wrapper/HBT/6_final.spef line 222668, instance swerv/lsu/stbuf/_19694_ not found.
[WARNING STA-1648] ./results/nangate45_3D/swerv_wrapper/HBT/6_final.spef line 222669, instance swerv/lsu/stbuf/_19865_ not found.
[WARNING STA-1648] ./results/nangate45_3D/swerv_wrapper/HBT/6_final.spef line 222670, instance swerv/lsu/stbuf/_19922_ not found.
[WARNING STA-1648] ./results/nangate45_3D/swerv_wrapper/HBT/6_final.spef line 222671, instance swerv/lsu/stbuf/_19926_ not found.
[WARNING STA-1648] ./results/nangate45_3D/swerv_wrapper/HBT/6_final.spef line 222672, instance swerv/lsu/stbuf/_19698_ not found.
[WARNING STA-1648] ./results/nangate45_3D/swerv_wrapper/HBT/6_final.spef line 222673, instance swerv/lsu/stbuf/_19986_ not found.
[WARNING STA-1648] ./results/nangate45_3D/swerv_wrapper/HBT/6_final.spef line 222674, instance swerv/dec/tlu/_12078_ not found.
[WARNING STA-1648] ./results/nangate45_3D/swerv_wrapper/HBT/6_final.spef line 222675, instance swerv/dec/tlu/_12076_ not found.
[WARNING STA-1648] ./results/nangate45_3D/swerv_wrapper/HBT/6_final.spef line 222676, instance swerv/dec/tlu/_11421_ not found.
[WARNING STA-1648] ./results/nangate45_3D/swerv_wrapper/HBT/6_final.spef line 222677, instance swerv/dec/tlu/_11417_ not found.
[WARNING STA-1648] ./results/nangate45_3D/swerv_wrapper/HBT/6_final.spef line 222678, instance swerv/dec/tlu/_12187_ not found.
[WARNING STA-1648] ./results/nangate45_3D/swerv_wrapper/HBT/6_final.spef line 222679, instance swerv/dec/tlu/_12191_ not found.
[WARNING STA-1648] ./results/nangate45_3D/swerv_wrapper/HBT/6_final.spef line 222680, instance swerv/dec/tlu/_11458_ not found.
[WARNING STA-1648] ./results/nangate45_3D/swerv_wrapper/HBT/6_final.spef line 222681, instance swerv/dec/tlu/_11462_ not found.
[WARNING STA-1648] ./results/nangate45_3D/swerv_wrapper/HBT/6_final.spef line 222682, instance swerv/dec/tlu/_12007_ not found.
[WARNING STA-1648] ./results/nangate45_3D/swerv_wrapper/HBT/6_final.spef line 222683, instance swerv/dec/tlu/_12003_ not found.
[WARNING STA-1648] ./results/nangate45_3D/swerv_wrapper/HBT/6_final.spef line 222684, instance swerv/dec/tlu/_12155_ not found.
[WARNING STA-1648] ./results/nangate45_3D/swerv_wrapper/HBT/6_final.spef line 222685, instance swerv/dec/tlu/_12163_ not found.
[WARNING STA-1648] ./results/nangate45_3D/swerv_wrapper/HBT/6_final.spef line 222686, instance swerv/dec/tlu/_11429_ not found.
[WARNING STA-1648] ./results/nangate45_3D/swerv_wrapper/HBT/6_final.spef line 222687, instance swerv/lsu/_9090_ not found.
[WARNING STA-1648] ./results/nangate45_3D/swerv_wrapper/HBT/6_final.spef line 222688, instance swerv/lsu/_9085_ not found.
[WARNING STA-1648] ./results/nangate45_3D/swerv_wrapper/HBT/6_final.spef line 222689, instance swerv/lsu/_9128_ not found.
[WARNING STA-1648] ./results/nangate45_3D/swerv_wrapper/HBT/6_final.spef line 222690, instance swerv/lsu/_9111_ not found.
[WARNING STA-1648] ./results/nangate45_3D/swerv_wrapper/HBT/6_final.spef line 222691, instance swerv/lsu/_9084_ not found.
[WARNING STA-1648] ./results/nangate45_3D/swerv_wrapper/HBT/6_final.spef line 222692, instance swerv/_10088_ not found.
[WARNING STA-1648] ./results/nangate45_3D/swerv_wrapper/HBT/6_final.spef line 222693, instance swerv/lsu/_9074_ not found.
[WARNING STA-1648] ./results/nangate45_3D/swerv_wrapper/HBT/6_final.spef line 222694, instance swerv/lsu/_9055_ not found.
[WARNING STA-1648] ./results/nangate45_3D/swerv_wrapper/HBT/6_final.spef line 222695, instance swerv/lsu/_9122_ not found.
[WARNING STA-1648] ./results/nangate45_3D/swerv_wrapper/HBT/6_final.spef line 222696, instance swerv/_10094_ not found.
[WARNING STA-1648] ./results/nangate45_3D/swerv_wrapper/HBT/6_final.spef line 222697, instance swerv/_10102_ not found.
[WARNING STA-1648] ./results/nangate45_3D/swerv_wrapper/HBT/6_final.spef line 222698, instance swerv/lsu/stbuf/_19826_ not found.
[WARNING STA-1648] ./results/nangate45_3D/swerv_wrapper/HBT/6_final.spef line 222699, instance swerv/lsu/stbuf/_19586_ not found.
[WARNING STA-1648] ./results/nangate45_3D/swerv_wrapper/HBT/6_final.spef line 222700, instance swerv/_10108_ not found.
[WARNING STA-1648] ./results/nangate45_3D/swerv_wrapper/HBT/6_final.spef line 222701, instance swerv/lsu/stbuf/_19561_ not found.
[WARNING STA-1648] ./results/nangate45_3D/swerv_wrapper/HBT/6_final.spef line 222702, instance swerv/_10119_ not found.
[WARNING STA-1648] ./results/nangate45_3D/swerv_wrapper/HBT/6_final.spef line 222703, instance swerv/lsu/stbuf/_19541_ not found.
[WARNING STA-1648] ./results/nangate45_3D/swerv_wrapper/HBT/6_final.spef line 222704, instance swerv/lsu/stbuf/_19732_ not found.
[WARNING STA-1648] ./results/nangate45_3D/swerv_wrapper/HBT/6_final.spef line 222705, instance swerv/lsu/stbuf/_19846_ not found.
[WARNING STA-1648] ./results/nangate45_3D/swerv_wrapper/HBT/6_final.spef line 222706, instance swerv/lsu/stbuf/_19643_ not found.
[WARNING STA-1648] ./results/nangate45_3D/swerv_wrapper/HBT/6_final.spef line 222707, instance swerv/lsu/stbuf/_19871_ not found.
[WARNING STA-1648] ./results/nangate45_3D/swerv_wrapper/HBT/6_final.spef line 222708, instance swerv/lsu/stbuf/_19708_ not found.
[WARNING STA-1648] ./results/nangate45_3D/swerv_wrapper/HBT/6_final.spef line 222709, instance swerv/lsu/stbuf/_19936_ not found.
[WARNING STA-1648] ./results/nangate45_3D/swerv_wrapper/HBT/6_final.spef line 222710, instance swerv/lsu/stbuf/_19879_ not found.
[WARNING STA-1648] ./results/nangate45_3D/swerv_wrapper/HBT/6_final.spef line 222711, instance swerv/_10111_ not found.
[WARNING STA-1648] ./results/nangate45_3D/swerv_wrapper/HBT/6_final.spef line 222712, instance swerv/lsu/stbuf/_19765_ not found.
[WARNING STA-1648] ./results/nangate45_3D/swerv_wrapper/HBT/6_final.spef line 222713, instance swerv/lsu/stbuf/_19822_ not found.
[WARNING STA-1648] ./results/nangate45_3D/swerv_wrapper/HBT/6_final.spef line 222714, instance swerv/lsu/stbuf/_19640_ not found.
[WARNING STA-1648] ./results/nangate45_3D/swerv_wrapper/HBT/6_final.spef line 222715, instance swerv/lsu/stbuf/_19697_ not found.
[WARNING STA-1648] ./results/nangate45_3D/swerv_wrapper/HBT/6_final.spef line 222716, instance swerv/lsu/stbuf/_19754_ not found.
[WARNING STA-1648] ./results/nangate45_3D/swerv_wrapper/HBT/6_final.spef line 222717, instance swerv/lsu/stbuf/_19811_ not found.
[WARNING STA-1648] ./results/nangate45_3D/swerv_wrapper/HBT/6_final.spef line 222718, instance swerv/lsu/stbuf/_19868_ not found.
[WARNING STA-1648] ./results/nangate45_3D/swerv_wrapper/HBT/6_final.spef line 222719, instance swerv/lsu/stbuf/_19925_ not found.
[WARNING STA-1648] ./results/nangate45_3D/swerv_wrapper/HBT/6_final.spef line 222720, instance swerv/_10085_ not found.
[WARNING STA-1648] ./results/nangate45_3D/swerv_wrapper/HBT/6_final.spef line 222721, instance swerv/lsu/stbuf/_19814_ not found.
[WARNING STA-1648] ./results/nangate45_3D/swerv_wrapper/HBT/6_final.spef line 222722, instance swerv/lsu/stbuf/_19757_ not found.
[WARNING STA-1648] ./results/nangate45_3D/swerv_wrapper/HBT/6_final.spef line 222723, instance swerv/lsu/stbuf/_19700_ not found.
[WARNING STA-1648] ./results/nangate45_3D/swerv_wrapper/HBT/6_final.spef line 222724, instance swerv/lsu/stbuf/_19789_ not found.
[WARNING STA-1648] ./results/nangate45_3D/swerv_wrapper/HBT/6_final.spef line 222725, instance swerv/_10101_ not found.
[WARNING STA-1648] ./results/nangate45_3D/swerv_wrapper/HBT/6_final.spef line 222726, instance swerv/_10093_ not found.
[WARNING STA-1648] ./results/nangate45_3D/swerv_wrapper/HBT/6_final.spef line 222727, instance swerv/lsu/stbuf/_19883_ not found.
[WARNING STA-1648] ./results/nangate45_3D/swerv_wrapper/HBT/6_final.spef line 222728, instance swerv/lsu/stbuf/_19903_ not found.
[WARNING STA-1648] ./results/nangate45_3D/swerv_wrapper/HBT/6_final.spef line 222729, instance swerv/_10100_ not found.
[WARNING STA-1648] ./results/nangate45_3D/swerv_wrapper/HBT/6_final.spef line 222730, instance swerv/lsu/stbuf/_19769_ not found.
[WARNING STA-1648] ./results/nangate45_3D/swerv_wrapper/HBT/6_final.spef line 222731, instance swerv/lsu/stbuf/_19715_ not found.
[WARNING STA-1648] ./results/nangate45_3D/swerv_wrapper/HBT/6_final.spef line 222732, instance swerv/lsu/stbuf/_19886_ not found.
[WARNING STA-1648] ./results/nangate45_3D/swerv_wrapper/HBT/6_final.spef line 222733, instance swerv/_10104_ not found.
[WARNING STA-1648] ./results/nangate45_3D/swerv_wrapper/HBT/6_final.spef line 222734, instance swerv/_10107_ not found.
[WARNING STA-1648] ./results/nangate45_3D/swerv_wrapper/HBT/6_final.spef line 222735, instance swerv/_10115_ not found.
[WARNING STA-1648] ./results/nangate45_3D/swerv_wrapper/HBT/6_final.spef line 222736, instance swerv/_10114_ not found.
[WARNING STA-1648] ./results/nangate45_3D/swerv_wrapper/HBT/6_final.spef line 222737, instance swerv/_10106_ not found.
[WARNING STA-1648] ./results/nangate45_3D/swerv_wrapper/HBT/6_final.spef line 222738, instance swerv/lsu/stbuf/_19487_ not found.
[WARNING STA-1648] ./results/nangate45_3D/swerv_wrapper/HBT/6_final.spef line 222739, instance swerv/lsu/stbuf/_19544_ not found.
[WARNING STA-1648] ./results/nangate45_3D/swerv_wrapper/HBT/6_final.spef line 222740, instance swerv/lsu/stbuf/_19601_ not found.
[WARNING STA-1648] ./results/nangate45_3D/swerv_wrapper/HBT/6_final.spef line 222741, instance swerv/_10098_ not found.
[WARNING STA-1648] ./results/nangate45_3D/swerv_wrapper/HBT/6_final.spef line 222742, instance swerv/_10083_ not found.
[WARNING STA-1648] ./results/nangate45_3D/swerv_wrapper/HBT/6_final.spef line 222743, instance swerv/lsu/_9105_ not found.
[WARNING STA-1648] ./results/nangate45_3D/swerv_wrapper/HBT/6_final.spef line 222744, instance swerv/lsu/_9113_ not found.
[WARNING STA-1648] ./results/nangate45_3D/swerv_wrapper/HBT/6_final.spef line 222745, instance swerv/lsu/_9117_ not found.
[WARNING STA-1648] ./results/nangate45_3D/swerv_wrapper/HBT/6_final.spef line 222746, instance swerv/lsu/_9064_ not found.
[WARNING STA-1648] ./results/nangate45_3D/swerv_wrapper/HBT/6_final.spef line 222747, instance swerv/lsu/_9063_ not found.
[WARNING STA-1648] ./results/nangate45_3D/swerv_wrapper/HBT/6_final.spef line 222748, instance swerv/lsu/_9058_ not found.
[WARNING STA-1648] ./results/nangate45_3D/swerv_wrapper/HBT/6_final.spef line 222749, instance swerv/_10099_ not found.
[WARNING STA-1648] ./results/nangate45_3D/swerv_wrapper/HBT/6_final.spef line 222750, instance swerv/lsu/stbuf/_19829_ not found.
[WARNING STA-1648] ./results/nangate45_3D/swerv_wrapper/HBT/6_final.spef line 222751, instance swerv/lsu/stbuf/_19772_ not found.
[WARNING STA-1648] ./results/nangate45_3D/swerv_wrapper/HBT/6_final.spef line 222752, instance swerv/_10112_ not found.
[WARNING STA-1648] ./results/nangate45_3D/swerv_wrapper/HBT/6_final.spef line 222753, instance swerv/_10096_ not found.
[WARNING STA-1648] ./results/nangate45_3D/swerv_wrapper/HBT/6_final.spef line 222754, instance swerv/_10091_ not found.
[WARNING STA-1648] ./results/nangate45_3D/swerv_wrapper/HBT/6_final.spef line 222755, instance swerv/lsu/_9076_ not found.
[WARNING STA-1648] ./results/nangate45_3D/swerv_wrapper/HBT/6_final.spef line 222756, instance swerv/lsu/stbuf/_19928_ not found.
[WARNING STA-1648] ./results/nangate45_3D/swerv_wrapper/HBT/6_final.spef line 222757, instance swerv/lsu/stbuf/_19529_ not found.
[WARNING STA-1648] ./results/nangate45_3D/swerv_wrapper/HBT/6_final.spef line 222758, instance swerv/_10081_ not found.
[WARNING STA-1648] ./results/nangate45_3D/swerv_wrapper/HBT/6_final.spef line 222759, instance swerv/_10103_ not found.
[WARNING STA-1648] ./results/nangate45_3D/swerv_wrapper/HBT/6_final.spef line 222760, instance swerv/_10092_ not found.
[WARNING STA-1648] ./results/nangate45_3D/swerv_wrapper/HBT/6_final.spef line 222761, instance swerv/lsu/_9065_ not found.
[WARNING STA-1648] ./results/nangate45_3D/swerv_wrapper/HBT/6_final.spef line 222762, instance swerv/lsu/_9075_ not found.
[WARNING STA-1648] ./results/nangate45_3D/swerv_wrapper/HBT/6_final.spef line 222763, instance swerv/lsu/stbuf/_19963_ not found.
[WARNING STA-1648] ./results/nangate45_3D/swerv_wrapper/HBT/6_final.spef line 222764, instance swerv/lsu/stbuf/_19682_ not found.
[WARNING STA-1648] ./results/nangate45_3D/swerv_wrapper/HBT/6_final.spef line 222765, instance swerv/lsu/stbuf/_19853_ not found.
[WARNING STA-1648] ./results/nangate45_3D/swerv_wrapper/HBT/6_final.spef line 222766, instance swerv/_10193_ not found.
[WARNING STA-1648] ./results/nangate45_3D/swerv_wrapper/HBT/6_final.spef line 222767, instance swerv/lsu/stbuf/_19910_ not found.
[WARNING STA-1648] ./results/nangate45_3D/swerv_wrapper/HBT/6_final.spef line 222768, instance swerv/_10079_ not found.
[WARNING STA-1648] ./results/nangate45_3D/swerv_wrapper/HBT/6_final.spef line 222769, instance swerv/dec/tlu/_11809_ not found.
[WARNING STA-1648] ./results/nangate45_3D/swerv_wrapper/HBT/6_final.spef line 222770, instance swerv/_10078_ not found.
[WARNING STA-1648] ./results/nangate45_3D/swerv_wrapper/HBT/6_final.spef line 222771, instance swerv/_10177_ not found.
[WARNING STA-1648] ./results/nangate45_3D/swerv_wrapper/HBT/6_final.spef line 222772, instance swerv/lsu/stbuf/_19966_ not found.
[WARNING STA-1648] ./results/nangate45_3D/swerv_wrapper/HBT/6_final.spef line 222773, instance swerv/dec/tlu/_11465_ not found.
[WARNING STA-1648] ./results/nangate45_3D/swerv_wrapper/HBT/6_final.spef line 222774, instance swerv/dec/tlu/_11463_ not found.
[WARNING STA-1648] ./results/nangate45_3D/swerv_wrapper/HBT/6_final.spef line 222775, instance swerv/lsu/stbuf/_19796_ not found.
[WARNING STA-1648] ./results/nangate45_3D/swerv_wrapper/HBT/6_final.spef line 222776, instance swerv/lsu/stbuf/_19739_ not found.
[WARNING STA-1648] ./results/nangate45_3D/swerv_wrapper/HBT/6_final.spef line 222777, instance swerv/_10084_ not found.
[WARNING STA-1648] ./results/nangate45_3D/swerv_wrapper/HBT/6_final.spef line 222778, instance swerv/lsu/stbuf/_19971_ not found.
[WARNING STA-1648] ./results/nangate45_3D/swerv_wrapper/HBT/6_final.spef line 222779, instance swerv/lsu/stbuf/_19812_ not found.
[WARNING STA-1648] ./results/nangate45_3D/swerv_wrapper/HBT/6_final.spef line 222780, instance swerv/lsu/stbuf/_19755_ not found.
[WARNING STA-1648] ./results/nangate45_3D/swerv_wrapper/HBT/6_final.spef line 222781, instance swerv/_10087_ not found.
[WARNING STA-1648] ./results/nangate45_3D/swerv_wrapper/HBT/6_final.spef line 222782, instance swerv/_10095_ not found.
[WARNING STA-1648] ./results/nangate45_3D/swerv_wrapper/HBT/6_final.spef line 222783, instance swerv/lsu/stbuf/_20011_ not found.
[WARNING STA-1648] ./results/nangate45_3D/swerv_wrapper/HBT/6_final.spef line 222784, instance swerv/lsu/_9087_ not found.
[WARNING STA-1648] ./results/nangate45_3D/swerv_wrapper/HBT/6_final.spef line 222785, instance swerv/lsu/_9095_ not found.
[WARNING STA-1648] ./results/nangate45_3D/swerv_wrapper/HBT/6_final.spef line 222786, instance swerv/lsu/stbuf/_19641_ not found.
[WARNING STA-1648] ./results/nangate45_3D/swerv_wrapper/HBT/6_final.spef line 222787, instance swerv/lsu/_9091_ not found.
[WARNING STA-1648] ./results/nangate45_3D/swerv_wrapper/HBT/6_final.spef line 222788, instance swerv/lsu/_9066_ not found.
[WARNING STA-1648] ./results/nangate45_3D/swerv_wrapper/HBT/6_final.spef line 222789, instance swerv/lsu/_9081_ not found.
[WARNING STA-1648] ./results/nangate45_3D/swerv_wrapper/HBT/6_final.spef line 222790, instance swerv/lsu/_9077_ not found.
[WARNING STA-1648] ./results/nangate45_3D/swerv_wrapper/HBT/6_final.spef line 222791, instance swerv/_10089_ not found.
[WARNING STA-1648] ./results/nangate45_3D/swerv_wrapper/HBT/6_final.spef line 222792, instance swerv/lsu/_9086_ not found.
[WARNING STA-1648] ./results/nangate45_3D/swerv_wrapper/HBT/6_final.spef line 222793, instance swerv/lsu/_9119_ not found.
[WARNING STA-1648] ./results/nangate45_3D/swerv_wrapper/HBT/6_final.spef line 222794, instance swerv/lsu/_9099_ not found.
[WARNING STA-1648] ./results/nangate45_3D/swerv_wrapper/HBT/6_final.spef line 222795, instance swerv/lsu/_9088_ not found.
[WARNING STA-1648] ./results/nangate45_3D/swerv_wrapper/HBT/6_final.spef line 222796, instance swerv/lsu/_9092_ not found.
[WARNING STA-1648] ./results/nangate45_3D/swerv_wrapper/HBT/6_final.spef line 222797, instance swerv/lsu/_9096_ not found.
[WARNING STA-1648] ./results/nangate45_3D/swerv_wrapper/HBT/6_final.spef line 222798, instance swerv/lsu/_9094_ not found.
[WARNING STA-1648] ./results/nangate45_3D/swerv_wrapper/HBT/6_final.spef line 222799, instance swerv/dec/tlu/_12167_ not found.
[WARNING STA-1648] ./results/nangate45_3D/swerv_wrapper/HBT/6_final.spef line 222800, instance swerv/dec/tlu/_11425_ not found.
[WARNING STA-1648] ./results/nangate45_3D/swerv_wrapper/HBT/6_final.spef line 222801, instance swerv/dec/tlu/_12195_ not found.
[WARNING STA-1648] ./results/nangate45_3D/swerv_wrapper/HBT/6_final.spef line 222802, instance swerv/dec/tlu/_12199_ not found.
[WARNING STA-1648] ./results/nangate45_3D/swerv_wrapper/HBT/6_final.spef line 222803, instance swerv/dec/tlu/_12131_ not found.
[WARNING STA-1648] ./results/nangate45_3D/swerv_wrapper/HBT/6_final.spef line 222804, instance swerv/dec/tlu/_11397_ not found.
[WARNING STA-1648] ./results/nangate45_3D/swerv_wrapper/HBT/6_final.spef line 222805, instance swerv/dec/tlu/_11473_ not found.
[WARNING STA-1648] ./results/nangate45_3D/swerv_wrapper/HBT/6_final.spef line 222806, instance swerv/dec/tlu/_11471_ not found.
[WARNING STA-1648] ./results/nangate45_3D/swerv_wrapper/HBT/6_final.spef line 222807, instance swerv/dec/tlu/_11440_ not found.
[WARNING STA-1648] ./results/nangate45_3D/swerv_wrapper/HBT/6_final.spef line 222808, instance swerv/dec/tlu/_11477_ not found.
[WARNING STA-1648] ./results/nangate45_3D/swerv_wrapper/HBT/6_final.spef line 222809, instance swerv/dec/tlu/_12175_ not found.
[WARNING STA-1648] ./results/nangate45_3D/swerv_wrapper/HBT/6_final.spef line 222810, instance swerv/dec/tlu/_11475_ not found.
[WARNING STA-1648] ./results/nangate45_3D/swerv_wrapper/HBT/6_final.spef line 222811, instance swerv/dec/tlu/_11371_ not found.
[WARNING STA-1648] ./results/nangate45_3D/swerv_wrapper/HBT/6_final.spef line 222812, instance swerv/dec/tlu/_12046_ not found.
[WARNING STA-1648] ./results/nangate45_3D/swerv_wrapper/HBT/6_final.spef line 222813, instance swerv/dec/tlu/_12095_ not found.
[WARNING STA-1648] ./results/nangate45_3D/swerv_wrapper/HBT/6_final.spef line 222814, instance swerv/dec/tlu/_11984_ not found.
[WARNING STA-1648] ./results/nangate45_3D/swerv_wrapper/HBT/6_final.spef line 222815, instance swerv/lsu/_9145_ not found.
[WARNING STA-1648] ./results/nangate45_3D/swerv_wrapper/HBT/6_final.spef line 222816, instance swerv/lsu/_9134_ not found.
[WARNING STA-1648] ./results/nangate45_3D/swerv_wrapper/HBT/6_final.spef line 222817, instance swerv/lsu/_9161_ not found.
[WARNING STA-1648] ./results/nangate45_3D/swerv_wrapper/HBT/6_final.spef line 222818, instance swerv/dec/tlu/_11988_ not found.
[WARNING STA-1648] ./results/nangate45_3D/swerv_wrapper/HBT/6_final.spef line 222819, instance swerv/dec/tlu/_11716_ not found.
[WARNING STA-1648] ./results/nangate45_3D/swerv_wrapper/HBT/6_final.spef line 222820, instance swerv/dec/tlu/_11706_ not found.
[WARNING STA-1648] ./results/nangate45_3D/swerv_wrapper/HBT/6_final.spef line 222821, instance swerv/dec/tlu/_11710_ not found.
[WARNING STA-1648] ./results/nangate45_3D/swerv_wrapper/HBT/6_final.spef line 222822, instance swerv/dec/tlu/_11714_ not found.
[WARNING STA-1648] ./results/nangate45_3D/swerv_wrapper/HBT/6_final.spef line 222823, instance swerv/dec/tlu/_11678_ not found.
[WARNING STA-1648] ./results/nangate45_3D/swerv_wrapper/HBT/6_final.spef line 222824, instance swerv/dec/tlu/_11665_ not found.
[WARNING STA-1648] ./results/nangate45_3D/swerv_wrapper/HBT/6_final.spef line 222825, instance swerv/lsu/_9157_ not found.
[WARNING STA-1648] ./results/nangate45_3D/swerv_wrapper/HBT/6_final.spef line 222826, instance swerv/dec/tlu/_11986_ not found.
[WARNING STA-1648] ./results/nangate45_3D/swerv_wrapper/HBT/6_final.spef line 222827, instance swerv/dec/tlu/_11680_ not found.
[WARNING STA-1648] ./results/nangate45_3D/swerv_wrapper/HBT/6_final.spef line 222828, instance swerv/dec/tlu/_11712_ not found.
[WARNING STA-1648] ./results/nangate45_3D/swerv_wrapper/HBT/6_final.spef line 222829, instance swerv/dec/tlu/_11704_ not found.
[WARNING STA-1648] ./results/nangate45_3D/swerv_wrapper/HBT/6_final.spef line 222830, instance swerv/dec/tlu/_11702_ not found.
[WARNING STA-1648] ./results/nangate45_3D/swerv_wrapper/HBT/6_final.spef line 222831, instance swerv/dec/tlu/_11402_ not found.
[WARNING STA-1648] ./results/nangate45_3D/swerv_wrapper/HBT/6_final.spef line 222832, instance swerv/dec/tlu/_11404_ not found.
[WARNING STA-1648] ./results/nangate45_3D/swerv_wrapper/HBT/6_final.spef line 222833, instance swerv/dec/tlu/_11708_ not found.
[WARNING STA-1648] ./results/nangate45_3D/swerv_wrapper/HBT/6_final.spef line 222834, instance swerv/dec/tlu/_11698_ not found.
[WARNING STA-1648] ./results/nangate45_3D/swerv_wrapper/HBT/6_final.spef line 222835, instance swerv/dec/tlu/_11696_ not found.
[WARNING STA-1648] ./results/nangate45_3D/swerv_wrapper/HBT/6_final.spef line 222836, instance swerv/dec/tlu/_11652_ not found.
[WARNING STA-1648] ./results/nangate45_3D/swerv_wrapper/HBT/6_final.spef line 222837, instance swerv/dec/tlu/_11736_ not found.
[WARNING STA-1648] ./results/nangate45_3D/swerv_wrapper/HBT/6_final.spef line 222838, instance swerv/dec/tlu/_11862_ not found.
[WARNING STA-1648] ./results/nangate45_3D/swerv_wrapper/HBT/6_final.spef line 222839, instance swerv/dec/tlu/_11734_ not found.
[WARNING STA-1648] ./results/nangate45_3D/swerv_wrapper/HBT/6_final.spef line 222840, instance swerv/dec/tlu/_11726_ not found.
[WARNING STA-1648] ./results/nangate45_3D/swerv_wrapper/HBT/6_final.spef line 222841, instance swerv/dec/tlu/_12247_ not found.
[WARNING STA-1648] ./results/nangate45_3D/swerv_wrapper/HBT/6_final.spef line 222842, instance swerv/dec/tlu/_11331_ not found.
[WARNING STA-1648] ./results/nangate45_3D/swerv_wrapper/HBT/6_final.spef line 222843, instance swerv/lsu/_8748_ not found.
[WARNING STA-1648] ./results/nangate45_3D/swerv_wrapper/HBT/6_final.spef line 222844, instance swerv/lsu/_8692_ not found.
[WARNING STA-1648] ./results/nangate45_3D/swerv_wrapper/HBT/6_final.spef line 222845, instance swerv/lsu/_8694_ not found.
[WARNING STA-1648] ./results/nangate45_3D/swerv_wrapper/HBT/6_final.spef line 222846, instance swerv/lsu/_8732_ not found.
[WARNING STA-1648] ./results/nangate45_3D/swerv_wrapper/HBT/6_final.spef line 222847, instance swerv/lsu/_8716_ not found.
[WARNING STA-1648] ./results/nangate45_3D/swerv_wrapper/HBT/6_final.spef line 222848, instance swerv/dec/tlu/_11349_ not found.
[WARNING STA-1648] ./results/nangate45_3D/swerv_wrapper/HBT/6_final.spef line 222849, instance swerv/dec/tlu/_11351_ not found.
[WARNING STA-1648] ./results/nangate45_3D/swerv_wrapper/HBT/6_final.spef line 222850, instance swerv/dec/tlu/_12248_ not found.
[WARNING STA-1648] ./results/nangate45_3D/swerv_wrapper/HBT/6_final.spef line 222851, instance swerv/dec/tlu/_11603_ not found.
[WARNING STA-1648] ./results/nangate45_3D/swerv_wrapper/HBT/6_final.spef line 222852, instance swerv/dec/tlu/_11823_ not found.
[WARNING STA-1648] ./results/nangate45_3D/swerv_wrapper/HBT/6_final.spef line 222853, instance swerv/dec/tlu/_11826_ not found.
[WARNING STA-1648] ./results/nangate45_3D/swerv_wrapper/HBT/6_final.spef line 222854, instance swerv/dec/tlu/_11824_ not found.
[WARNING STA-1648] ./results/nangate45_3D/swerv_wrapper/HBT/6_final.spef line 222855, instance swerv/dec/tlu/_11828_ not found.
[WARNING STA-1648] ./results/nangate45_3D/swerv_wrapper/HBT/6_final.spef line 222856, instance swerv/dec/tlu/_11166_ not found.
[WARNING STA-1648] ./results/nangate45_3D/swerv_wrapper/HBT/6_final.spef line 222857, instance swerv/dec/tlu/_11162_ not found.
[WARNING STA-1648] ./results/nangate45_3D/swerv_wrapper/HBT/6_final.spef line 222858, instance swerv/dec/tlu/_11918_ not found.
[WARNING STA-1648] ./results/nangate45_3D/swerv_wrapper/HBT/6_final.spef line 222859, instance swerv/dec/tlu/_11948_ not found.
[WARNING STA-1648] ./results/nangate45_3D/swerv_wrapper/HBT/6_final.spef line 222860, instance swerv/dec/tlu/_11928_ not found.
[WARNING STA-1648] ./results/nangate45_3D/swerv_wrapper/HBT/6_final.spef line 222861, instance swerv/dec/tlu/_11949_ not found.
[WARNING STA-1648] ./results/nangate45_3D/swerv_wrapper/HBT/6_final.spef line 222862, instance swerv/dec/tlu/_11343_ not found.
[WARNING STA-1648] ./results/nangate45_3D/swerv_wrapper/HBT/6_final.spef line 222863, instance swerv/dec/tlu/_11640_ not found.
[WARNING STA-1648] ./results/nangate45_3D/swerv_wrapper/HBT/6_final.spef line 222864, instance swerv/dec/tlu/_11344_ not found.
[WARNING STA-1648] ./results/nangate45_3D/swerv_wrapper/HBT/6_final.spef line 222865, instance swerv/dec/tlu/_11179_ not found.
[WARNING STA-1648] ./results/nangate45_3D/swerv_wrapper/HBT/6_final.spef line 222866, instance swerv/dec/tlu/_11199_ not found.
[WARNING STA-1648] ./results/nangate45_3D/swerv_wrapper/HBT/6_final.spef line 222867, instance swerv/dec/tlu/_11296_ not found.
[WARNING STA-1648] ./results/nangate45_3D/swerv_wrapper/HBT/6_final.spef line 222868, instance swerv/dec/tlu/_11339_ not found.
[WARNING STA-1648] ./results/nangate45_3D/swerv_wrapper/HBT/6_final.spef line 222869, instance swerv/dec/tlu/_11254_ not found.
[WARNING STA-1648] ./results/nangate45_3D/swerv_wrapper/HBT/6_final.spef line 222870, instance swerv/dec/tlu/_11336_ not found.
[WARNING STA-1648] ./results/nangate45_3D/swerv_wrapper/HBT/6_final.spef line 222871, instance swerv/dec/tlu/_11157_ not found.
[WARNING STA-1648] ./results/nangate45_3D/swerv_wrapper/HBT/6_final.spef line 222872, instance swerv/dec/tlu/_11159_ not found.
[WARNING STA-1648] ./results/nangate45_3D/swerv_wrapper/HBT/6_final.spef line 222873, instance swerv/dec/tlu/_11155_ not found.
[WARNING STA-1648] ./results/nangate45_3D/swerv_wrapper/HBT/6_final.spef line 222874, instance swerv/dec/tlu/_11940_ not found.
[WARNING STA-1648] ./results/nangate45_3D/swerv_wrapper/HBT/6_final.spef line 222875, instance swerv/dec/tlu/_11161_ not found.
[WARNING STA-1648] ./results/nangate45_3D/swerv_wrapper/HBT/6_final.spef line 222876, instance swerv/dec/tlu/_11920_ not found.
[WARNING STA-1648] ./results/nangate45_3D/swerv_wrapper/HBT/6_final.spef line 222877, instance swerv/dec/tlu/_11932_ not found.
[WARNING STA-1648] ./results/nangate45_3D/swerv_wrapper/HBT/6_final.spef line 222878, instance swerv/dec/decode/_14754_ not found.
[WARNING STA-1648] ./results/nangate45_3D/swerv_wrapper/HBT/6_final.spef line 222879, instance swerv/dec/tlu/_11886_ not found.
[WARNING STA-1648] ./results/nangate45_3D/swerv_wrapper/HBT/6_final.spef line 222880, instance swerv/dec/tlu/_11921_ not found.
[WARNING STA-1648] ./results/nangate45_3D/swerv_wrapper/HBT/6_final.spef line 222881, instance swerv/dec/tlu/_11951_ not found.
[WARNING STA-1648] ./results/nangate45_3D/swerv_wrapper/HBT/6_final.spef line 222882, instance swerv/dec/tlu/_11330_ not found.
[WARNING STA-1648] ./results/nangate45_3D/swerv_wrapper/HBT/6_final.spef line 222883, instance swerv/dec/tlu/_12253_ not found.
[WARNING STA-1648] ./results/nangate45_3D/swerv_wrapper/HBT/6_final.spef line 222884, instance swerv/dec/tlu/_11332_ not found.
[WARNING STA-1648] ./results/nangate45_3D/swerv_wrapper/HBT/6_final.spef line 222885, instance swerv/dec/tlu/_11418_ not found.
[WARNING STA-1648] ./results/nangate45_3D/swerv_wrapper/HBT/6_final.spef line 222886, instance swerv/dec/tlu/_12220_ not found.
[WARNING STA-1648] ./results/nangate45_3D/swerv_wrapper/HBT/6_final.spef line 222887, instance swerv/dec/tlu/_12235_ not found.
[WARNING STA-1648] ./results/nangate45_3D/swerv_wrapper/HBT/6_final.spef line 222888, instance swerv/dec/tlu/_12233_ not found.
[WARNING STA-1648] ./results/nangate45_3D/swerv_wrapper/HBT/6_final.spef line 222889, instance swerv/dec/tlu/_12229_ not found.
[WARNING STA-1648] ./results/nangate45_3D/swerv_wrapper/HBT/6_final.spef line 222890, instance swerv/dec/tlu/_12227_ not found.
[WARNING STA-1648] ./results/nangate45_3D/swerv_wrapper/HBT/6_final.spef line 222891, instance swerv/dec/tlu/_12232_ not found.
[WARNING STA-1648] ./results/nangate45_3D/swerv_wrapper/HBT/6_final.spef line 222892, instance swerv/dec/tlu/_12222_ not found.
[WARNING STA-1648] ./results/nangate45_3D/swerv_wrapper/HBT/6_final.spef line 222893, instance swerv/dec/tlu/_11962_ not found.
[WARNING STA-1648] ./results/nangate45_3D/swerv_wrapper/HBT/6_final.spef line 222894, instance swerv/dec/tlu/_12223_ not found.
[WARNING STA-1648] ./results/nangate45_3D/swerv_wrapper/HBT/6_final.spef line 222895, instance swerv/dec/tlu/_12221_ not found.
[WARNING STA-1648] ./results/nangate45_3D/swerv_wrapper/HBT/6_final.spef line 222896, instance swerv/dec/tlu/_12156_ not found.
[WARNING STA-1648] ./results/nangate45_3D/swerv_wrapper/HBT/6_final.spef line 222897, instance swerv/dec/tlu/_12158_ not found.
[WARNING STA-1648] ./results/nangate45_3D/swerv_wrapper/HBT/6_final.spef line 222898, instance swerv/dec/tlu/_12162_ not found.
[WARNING STA-1648] ./results/nangate45_3D/swerv_wrapper/HBT/6_final.spef line 222899, instance swerv/dec/tlu/_12224_ not found.
[WARNING STA-1648] ./results/nangate45_3D/swerv_wrapper/HBT/6_final.spef line 222900, instance swerv/dec/tlu/_12226_ not found.
[WARNING STA-1648] ./results/nangate45_3D/swerv_wrapper/HBT/6_final.spef line 222901, instance swerv/dec/tlu/_12219_ not found.
[WARNING STA-1648] ./results/nangate45_3D/swerv_wrapper/HBT/6_final.spef line 222902, instance swerv/dec/tlu/_12241_ not found.
[WARNING STA-1648] ./results/nangate45_3D/swerv_wrapper/HBT/6_final.spef line 222903, instance swerv/dec/tlu/_12239_ not found.
[WARNING STA-1648] ./results/nangate45_3D/swerv_wrapper/HBT/6_final.spef line 222904, instance swerv/dec/tlu/_12240_ not found.
[WARNING STA-1648] ./results/nangate45_3D/swerv_wrapper/HBT/6_final.spef line 222905, instance swerv/dec/tlu/_12242_ not found.
[WARNING STA-1648] ./results/nangate45_3D/swerv_wrapper/HBT/6_final.spef line 222906, instance swerv/dec/tlu/_11741_ not found.
[WARNING STA-1648] ./results/nangate45_3D/swerv_wrapper/HBT/6_final.spef line 222907, instance swerv/dec/tlu/_12237_ not found.
[WARNING STA-1648] ./results/nangate45_3D/swerv_wrapper/HBT/6_final.spef line 222908, instance swerv/dec/tlu/_11392_ not found.
[WARNING STA-1648] ./results/nangate45_3D/swerv_wrapper/HBT/6_final.spef line 222909, instance swerv/dec/tlu/_11818_ not found.
[WARNING STA-1648] ./results/nangate45_3D/swerv_wrapper/HBT/6_final.spef line 222910, instance swerv/_10073_ not found.
[WARNING STA-1648] ./results/nangate45_3D/swerv_wrapper/HBT/6_final.spef line 222911, instance swerv/_10071_ not found.
[WARNING STA-1648] ./results/nangate45_3D/swerv_wrapper/HBT/6_final.spef line 222912, instance swerv/dec/tlu/_11812_ not found.
[WARNING STA-1648] ./results/nangate45_3D/swerv_wrapper/HBT/6_final.spef line 222913, instance swerv/dec/tlu/_11814_ not found.
[WARNING STA-1648] ./results/nangate45_3D/swerv_wrapper/HBT/6_final.spef line 222914, instance swerv/lsu/stbuf/_20019_ not found.
[WARNING STA-1648] ./results/nangate45_3D/swerv_wrapper/HBT/6_final.spef line 222915, instance swerv/lsu/_9143_ not found.
[WARNING STA-1648] ./results/nangate45_3D/swerv_wrapper/HBT/6_final.spef line 222916, instance swerv/lsu/_9159_ not found.
[WARNING STA-1648] ./results/nangate45_3D/swerv_wrapper/HBT/6_final.spef line 222917, instance swerv/dec/tlu/_11817_ not found.
[WARNING STA-1648] ./results/nangate45_3D/swerv_wrapper/HBT/6_final.spef line 222918, instance swerv/dec/tlu/_11664_ not found.
[WARNING STA-1648] ./results/nangate45_3D/swerv_wrapper/HBT/6_final.spef line 222919, instance swerv/dec/tlu/_11923_ not found.
[WARNING STA-1648] ./results/nangate45_3D/swerv_wrapper/HBT/6_final.spef line 222920, instance swerv/dec/tlu/_11666_ not found.
[WARNING STA-1648] ./results/nangate45_3D/swerv_wrapper/HBT/6_final.spef line 222921, instance swerv/dec/tlu/_11662_ not found.
[WARNING STA-1648] ./results/nangate45_3D/swerv_wrapper/HBT/6_final.spef line 222922, instance swerv/dec/tlu/_11348_ not found.
[WARNING STA-1648] ./results/nangate45_3D/swerv_wrapper/HBT/6_final.spef line 222923, instance swerv/dec/tlu/_11938_ not found.
[WARNING STA-1648] ./results/nangate45_3D/swerv_wrapper/HBT/6_final.spef line 222924, instance swerv/dec/tlu/_11694_ not found.
[WARNING STA-1648] ./results/nangate45_3D/swerv_wrapper/HBT/6_final.spef line 222925, instance swerv/dec/tlu/_11805_ not found.
[WARNING STA-1648] ./results/nangate45_3D/swerv_wrapper/HBT/6_final.spef line 222926, instance swerv/dec/tlu/_11807_ not found.
[WARNING STA-1648] ./results/nangate45_3D/swerv_wrapper/HBT/6_final.spef line 222927, instance swerv/_10077_ not found.
[WARNING STA-1648] ./results/nangate45_3D/swerv_wrapper/HBT/6_final.spef line 222928, instance swerv/dec/tlu/_11863_ not found.
[WARNING STA-1648] ./results/nangate45_3D/swerv_wrapper/HBT/6_final.spef line 222929, instance swerv/_10076_ not found.
[WARNING STA-1648] ./results/nangate45_3D/swerv_wrapper/HBT/6_final.spef line 222930, instance swerv/dec/tlu/_11815_ not found.
[WARNING STA-1648] ./results/nangate45_3D/swerv_wrapper/HBT/6_final.spef line 222931, instance swerv/dec/tlu/_11821_ not found.
[WARNING STA-1648] ./results/nangate45_3D/swerv_wrapper/HBT/6_final.spef line 222932, instance swerv/dec/tlu/_11388_ not found.
[WARNING STA-1648] ./results/nangate45_3D/swerv_wrapper/HBT/6_final.spef line 222933, instance swerv/dec/tlu/_12160_ not found.
[WARNING STA-1648] ./results/nangate45_3D/swerv_wrapper/HBT/6_final.spef line 222934, instance swerv/_10072_ not found.
[WARNING STA-1648] ./results/nangate45_3D/swerv_wrapper/HBT/6_final.spef line 222935, instance swerv/_10074_ not found.
[WARNING STA-1648] ./results/nangate45_3D/swerv_wrapper/HBT/6_final.spef line 222936, instance swerv/dec/tlu/_12094_ not found.
[WARNING STA-1648] ./results/nangate45_3D/swerv_wrapper/HBT/6_final.spef line 222937, instance swerv/dec/tlu/_12092_ not found.
[WARNING STA-1648] ./results/nangate45_3D/swerv_wrapper/HBT/6_final.spef line 222938, instance swerv/dec/tlu/_11357_ not found.
[WARNING STA-1648] ./results/nangate45_3D/swerv_wrapper/HBT/6_final.spef line 222939, instance swerv/dec/tlu/_11359_ not found.
[WARNING STA-1648] ./results/nangate45_3D/swerv_wrapper/HBT/6_final.spef line 222940, instance swerv/dec/tlu/_11996_ not found.
[WARNING STA-1648] ./results/nangate45_3D/swerv_wrapper/HBT/6_final.spef line 222941, instance swerv/dec/tlu/_12130_ not found.
[WARNING STA-1648] ./results/nangate45_3D/swerv_wrapper/HBT/6_final.spef line 222942, instance swerv/dec/tlu/_11998_ not found.
[WARNING STA-1648] ./results/nangate45_3D/swerv_wrapper/HBT/6_final.spef line 222943, instance swerv/dec/tlu/_12126_ not found.
[WARNING STA-1648] ./results/nangate45_3D/swerv_wrapper/HBT/6_final.spef line 222944, instance swerv/dec/tlu/_12038_ not found.
[WARNING STA-1648] ./results/nangate45_3D/swerv_wrapper/HBT/6_final.spef line 222945, instance swerv/lsu/stbuf/_19954_ not found.
[WARNING STA-1648] ./results/nangate45_3D/swerv_wrapper/HBT/6_final.spef line 222946, instance swerv/lsu/stbuf/_19972_ not found.
[WARNING STA-1648] ./results/nangate45_3D/swerv_wrapper/HBT/6_final.spef line 222947, instance swerv/lsu/_9152_ not found.
[WARNING STA-1648] ./results/nangate45_3D/swerv_wrapper/HBT/6_final.spef line 222948, instance swerv/lsu/stbuf/_20008_ not found.
[WARNING STA-1648] ./results/nangate45_3D/swerv_wrapper/HBT/6_final.spef line 222949, instance swerv/lsu/stbuf/_19975_ not found.
[WARNING STA-1648] ./results/nangate45_3D/swerv_wrapper/HBT/6_final.spef line 222950, instance swerv/lsu/stbuf/_20006_ not found.
[WARNING STA-1648] ./results/nangate45_3D/swerv_wrapper/HBT/6_final.spef line 222951, instance swerv/lsu/stbuf/_20002_ not found.
[WARNING STA-1648] ./results/nangate45_3D/swerv_wrapper/HBT/6_final.spef line 222952, instance swerv/lsu/stbuf/_19998_ not found.
[WARNING STA-1648] ./results/nangate45_3D/swerv_wrapper/HBT/6_final.spef line 222953, instance swerv/lsu/stbuf/_19985_ not found.
[WARNING STA-1648] ./results/nangate45_3D/swerv_wrapper/HBT/6_final.spef line 222954, instance swerv/lsu/stbuf/_20015_ not found.
[WARNING STA-1648] ./results/nangate45_3D/swerv_wrapper/HBT/6_final.spef line 222955, instance swerv/lsu/stbuf/_19977_ not found.
[WARNING STA-1648] ./results/nangate45_3D/swerv_wrapper/HBT/6_final.spef line 222956, instance swerv/lsu/stbuf/_19993_ not found.
[WARNING STA-1648] ./results/nangate45_3D/swerv_wrapper/HBT/6_final.spef line 222957, instance swerv/lsu/stbuf/_19965_ not found.
[WARNING STA-1648] ./results/nangate45_3D/swerv_wrapper/HBT/6_final.spef line 222958, instance swerv/lsu/stbuf/_19973_ not found.
[WARNING STA-1648] ./results/nangate45_3D/swerv_wrapper/HBT/6_final.spef line 222959, instance swerv/lsu/stbuf/_19957_ not found.
[WARNING STA-1648] ./results/nangate45_3D/swerv_wrapper/HBT/6_final.spef line 222960, instance swerv/lsu/stbuf/_19996_ not found.
[WARNING STA-1648] ./results/nangate45_3D/swerv_wrapper/HBT/6_final.spef line 222961, instance swerv/lsu/stbuf/_20013_ not found.
[WARNING STA-1648] ./results/nangate45_3D/swerv_wrapper/HBT/6_final.spef line 222962, instance swerv/ifu/_6194_ not found.
[WARNING STA-1648] ./results/nangate45_3D/swerv_wrapper/HBT/6_final.spef line 222963, instance swerv/lsu/stbuf/_19992_ not found.
[WARNING STA-1648] ./results/nangate45_3D/swerv_wrapper/HBT/6_final.spef line 222964, instance swerv/lsu/stbuf/_20022_ not found.
[WARNING STA-1648] ./results/nangate45_3D/swerv_wrapper/HBT/6_final.spef line 222965, instance swerv/lsu/stbuf/_20016_ not found.
[WARNING STA-1648] ./results/nangate45_3D/swerv_wrapper/HBT/6_final.spef line 222966, instance swerv/lsu/stbuf/_20018_ not found.
[WARNING STA-1648] ./results/nangate45_3D/swerv_wrapper/HBT/6_final.spef line 222967, instance swerv/lsu/stbuf/_19988_ not found.
[WARNING STA-1648] ./results/nangate45_3D/swerv_wrapper/HBT/6_final.spef line 222968, instance swerv/ifu/_6164_ not found.
[WARNING STA-1648] ./results/nangate45_3D/swerv_wrapper/HBT/6_final.spef line 222969, instance swerv/lsu/stbuf/_19989_ not found.
[WARNING STA-1648] ./results/nangate45_3D/swerv_wrapper/HBT/6_final.spef line 222970, instance swerv/lsu/stbuf/_19981_ not found.
[WARNING STA-1648] ./results/nangate45_3D/swerv_wrapper/HBT/6_final.spef line 222971, instance swerv/_10195_ not found.
[WARNING STA-1648] ./results/nangate45_3D/swerv_wrapper/HBT/6_final.spef line 222972, instance swerv/lsu/stbuf/_20024_ not found.
[WARNING STA-1648] ./results/nangate45_3D/swerv_wrapper/HBT/6_final.spef line 222973, instance swerv/lsu/stbuf/_20014_ not found.
[WARNING STA-1648] ./results/nangate45_3D/swerv_wrapper/HBT/6_final.spef line 222974, instance swerv/lsu/stbuf/_19980_ not found.
[WARNING STA-1648] ./results/nangate45_3D/swerv_wrapper/HBT/6_final.spef line 222975, instance swerv/lsu/stbuf/_19982_ not found.
[WARNING STA-1648] ./results/nangate45_3D/swerv_wrapper/HBT/6_final.spef line 222976, instance swerv/ifu/_6144_ not found.
[WARNING STA-1648] ./results/nangate45_3D/swerv_wrapper/HBT/6_final.spef line 222977, instance swerv/ifu/_6217_ not found.
[WARNING STA-1648] ./results/nangate45_3D/swerv_wrapper/HBT/6_final.spef line 222978, instance swerv/ifu/_6221_ not found.
[WARNING STA-1648] ./results/nangate45_3D/swerv_wrapper/HBT/6_final.spef line 222979, instance swerv/ifu/_6219_ not found.
[WARNING STA-1648] ./results/nangate45_3D/swerv_wrapper/HBT/6_final.spef line 222980, instance swerv/ifu/_6140_ not found.
[WARNING STA-1648] ./results/nangate45_3D/swerv_wrapper/HBT/6_final.spef line 222981, instance swerv/ifu/_6220_ not found.
[WARNING STA-1648] ./results/nangate45_3D/swerv_wrapper/HBT/6_final.spef line 222982, instance swerv/ifu/_6142_ not found.
[WARNING STA-1648] ./results/nangate45_3D/swerv_wrapper/HBT/6_final.spef line 222983, instance swerv/ifu/_5966_ not found.
[WARNING STA-1648] ./results/nangate45_3D/swerv_wrapper/HBT/6_final.spef line 222984, instance swerv/ifu/_5964_ not found.
[WARNING STA-1648] ./results/nangate45_3D/swerv_wrapper/HBT/6_final.spef line 222985, instance swerv/lsu/stbuf/_19978_ not found.
[WARNING STA-1648] ./results/nangate45_3D/swerv_wrapper/HBT/6_final.spef line 222986, instance swerv/lsu/stbuf/_19990_ not found.
[WARNING STA-1648] ./results/nangate45_3D/swerv_wrapper/HBT/6_final.spef line 222987, instance swerv/lsu/stbuf/_19984_ not found.
[WARNING STA-1648] ./results/nangate45_3D/swerv_wrapper/HBT/6_final.spef line 222988, instance swerv/_10191_ not found.
[WARNING STA-1648] ./results/nangate45_3D/swerv_wrapper/HBT/6_final.spef line 222989, instance swerv/_10167_ not found.
[WARNING STA-1648] ./results/nangate45_3D/swerv_wrapper/HBT/6_final.spef line 222990, instance swerv/_10185_ not found.
[WARNING STA-1648] ./results/nangate45_3D/swerv_wrapper/HBT/6_final.spef line 222991, instance swerv/lsu/_8922_ not found.
[WARNING STA-1648] ./results/nangate45_3D/swerv_wrapper/HBT/6_final.spef line 222992, instance swerv/lsu/stbuf/_19999_ not found.
[WARNING STA-1648] ./results/nangate45_3D/swerv_wrapper/HBT/6_final.spef line 222993, instance swerv/lsu/stbuf/_20023_ not found.
[WARNING STA-1648] ./results/nangate45_3D/swerv_wrapper/HBT/6_final.spef line 222994, instance swerv/lsu/_8940_ not found.
[WARNING STA-1648] ./results/nangate45_3D/swerv_wrapper/HBT/6_final.spef line 222995, instance swerv/lsu/stbuf/_19969_ not found.
[WARNING STA-1648] ./results/nangate45_3D/swerv_wrapper/HBT/6_final.spef line 222996, instance swerv/lsu/stbuf/_20000_ not found.
[WARNING STA-1648] ./results/nangate45_3D/swerv_wrapper/HBT/6_final.spef line 222997, instance swerv/lsu/stbuf/_19958_ not found.
[WARNING STA-1648] ./results/nangate45_3D/swerv_wrapper/HBT/6_final.spef line 222998, instance swerv/lsu/stbuf/_20004_ not found.
[WARNING STA-1648] ./results/nangate45_3D/swerv_wrapper/HBT/6_final.spef line 222999, instance swerv/lsu/stbuf/_19994_ not found.
[WARNING STA-1648] ./results/nangate45_3D/swerv_wrapper/HBT/6_final.spef line 223000, instance swerv/lsu/stbuf/_19983_ not found.
[WARNING STA-1648] ./results/nangate45_3D/swerv_wrapper/HBT/6_final.spef line 223001, instance swerv/_10181_ not found.
[WARNING STA-1648] ./results/nangate45_3D/swerv_wrapper/HBT/6_final.spef line 223002, instance swerv/_10198_ not found.
[WARNING STA-1648] ./results/nangate45_3D/swerv_wrapper/HBT/6_final.spef line 223003, instance swerv/_10173_ not found.
[WARNING STA-1648] ./results/nangate45_3D/swerv_wrapper/HBT/6_final.spef line 223004, instance swerv/lsu/_9155_ not found.
[WARNING STA-1648] ./results/nangate45_3D/swerv_wrapper/HBT/6_final.spef line 223005, instance swerv/lsu/_9135_ not found.
[WARNING STA-1648] ./results/nangate45_3D/swerv_wrapper/HBT/6_final.spef line 223006, instance swerv/lsu/stbuf/_19964_ not found.
[WARNING STA-1648] ./results/nangate45_3D/swerv_wrapper/HBT/6_final.spef line 223007, instance swerv/dec/tlu/_11361_ not found.
[WARNING STA-1648] ./results/nangate45_3D/swerv_wrapper/HBT/6_final.spef line 223008, instance swerv/dec/tlu/_11672_ not found.
[WARNING STA-1648] ./results/nangate45_3D/swerv_wrapper/HBT/6_final.spef line 223009, instance swerv/dec/tlu/_12138_ not found.
[WARNING STA-1648] ./results/nangate45_3D/swerv_wrapper/HBT/6_final.spef line 223010, instance swerv/dec/tlu/_12198_ not found.
[WARNING STA-1648] ./results/nangate45_3D/swerv_wrapper/HBT/6_final.spef line 223011, instance swerv/dec/tlu/_11455_ not found.
[WARNING STA-1648] ./results/nangate45_3D/swerv_wrapper/HBT/6_final.spef line 223012, instance swerv/dec/tlu/_12194_ not found.
[WARNING STA-1648] ./results/nangate45_3D/swerv_wrapper/HBT/6_final.spef line 223013, instance swerv/dec/tlu/_12192_ not found.
[WARNING STA-1648] ./results/nangate45_3D/swerv_wrapper/HBT/6_final.spef line 223014, instance swerv/dec/tlu/_11424_ not found.
[WARNING STA-1648] ./results/nangate45_3D/swerv_wrapper/HBT/6_final.spef line 223015, instance swerv/dec/tlu/_11420_ not found.
[WARNING STA-1648] ./results/nangate45_3D/swerv_wrapper/HBT/6_final.spef line 223016, instance swerv/dec/tlu/_11422_ not found.
[WARNING STA-1648] ./results/nangate45_3D/swerv_wrapper/HBT/6_final.spef line 223017, instance swerv/dec/tlu/_12066_ not found.
[WARNING STA-1648] ./results/nangate45_3D/swerv_wrapper/HBT/6_final.spef line 223018, instance swerv/dec/tlu/_12062_ not found.
[WARNING STA-1648] ./results/nangate45_3D/swerv_wrapper/HBT/6_final.spef line 223019, instance swerv/dec/tlu/_11970_ not found.
[WARNING STA-1648] ./results/nangate45_3D/swerv_wrapper/HBT/6_final.spef line 223020, instance swerv/dec/tlu/_12030_ not found.
[WARNING STA-1648] ./results/nangate45_3D/swerv_wrapper/HBT/6_final.spef line 223021, instance swerv/dec/tlu/_11355_ not found.
[WARNING STA-1648] ./results/nangate45_3D/swerv_wrapper/HBT/6_final.spef line 223022, instance swerv/dec/tlu/_11353_ not found.
[WARNING STA-1648] ./results/nangate45_3D/swerv_wrapper/HBT/6_final.spef line 223023, instance swerv/dec/tlu/_11964_ not found.
[WARNING STA-1648] ./results/nangate45_3D/swerv_wrapper/HBT/6_final.spef line 223024, instance swerv/dec/tlu/_12028_ not found.
[WARNING STA-1648] ./results/nangate45_3D/swerv_wrapper/HBT/6_final.spef line 223025, instance swerv/dec/tlu/_11958_ not found.
[WARNING STA-1648] ./results/nangate45_3D/swerv_wrapper/HBT/6_final.spef line 223026, instance swerv/lsu/stbuf/_19522_ not found.
[WARNING STA-1648] ./results/nangate45_3D/swerv_wrapper/HBT/6_final.spef line 223027, instance swerv/lsu/stbuf/_19815_ not found.
[WARNING STA-1648] ./results/nangate45_3D/swerv_wrapper/HBT/6_final.spef line 223028, instance swerv/lsu/stbuf/_19587_ not found.
[WARNING STA-1648] ./results/nangate45_3D/swerv_wrapper/HBT/6_final.spef line 223029, instance swerv/lsu/stbuf/_19530_ not found.
[WARNING STA-1648] ./results/nangate45_3D/swerv_wrapper/HBT/6_final.spef line 223030, instance swerv/lsu/stbuf/_19644_ not found.
[WARNING STA-1648] ./results/nangate45_3D/swerv_wrapper/HBT/6_final.spef line 223031, instance swerv/lsu/stbuf/_19750_ not found.
[WARNING STA-1648] ./results/nangate45_3D/swerv_wrapper/HBT/6_final.spef line 223032, instance mem/icm/ic_data_inst/WAYS_3__SUBBANKS_3__ic_bank_sb_way_data.mem not found.
[WARNING STA-1648] ./results/nangate45_3D/swerv_wrapper/HBT/6_final.spef line 223033, instance swerv/lsu/stbuf/_19701_ not found.
[WARNING STA-1648] ./results/nangate45_3D/swerv_wrapper/HBT/6_final.spef line 223034, instance swerv/lsu/stbuf/_19758_ not found.
[WARNING STA-1648] ./results/nangate45_3D/swerv_wrapper/HBT/6_final.spef line 223035, instance swerv/lsu/stbuf/_19929_ not found.
[WARNING STA-1648] ./results/nangate45_3D/swerv_wrapper/HBT/6_final.spef line 223036, instance swerv/lsu/stbuf/_19872_ not found.
[WARNING STA-1648] ./results/nangate45_3D/swerv_wrapper/HBT/6_final.spef line 223037, instance swerv/lsu/stbuf/_19506_ not found.
[WARNING STA-1648] ./results/nangate45_3D/swerv_wrapper/HBT/6_final.spef line 223038, instance swerv/lsu/stbuf/_19571_ not found.
[WARNING STA-1648] ./results/nangate45_3D/swerv_wrapper/HBT/6_final.spef line 223039, instance swerv/lsu/stbuf/_19685_ not found.
[WARNING STA-1648] ./results/nangate45_3D/swerv_wrapper/HBT/6_final.spef line 223040, instance swerv/lsu/stbuf/_19624_ not found.
[WARNING STA-1648] ./results/nangate45_3D/swerv_wrapper/HBT/6_final.spef line 223041, instance swerv/lsu/stbuf/_19567_ not found.
[WARNING STA-1648] ./results/nangate45_3D/swerv_wrapper/HBT/6_final.spef line 223042, instance swerv/lsu/stbuf/_19510_ not found.
[WARNING STA-1648] ./results/nangate45_3D/swerv_wrapper/HBT/6_final.spef line 223043, instance swerv/lsu/stbuf/_19852_ not found.
[WARNING STA-1648] ./results/nangate45_3D/swerv_wrapper/HBT/6_final.spef line 223044, instance swerv/lsu/stbuf/_19738_ not found.
[WARNING STA-1648] ./results/nangate45_3D/swerv_wrapper/HBT/6_final.spef line 223045, instance swerv/lsu/stbuf/_19681_ not found.
[WARNING STA-1648] ./results/nangate45_3D/swerv_wrapper/HBT/6_final.spef line 223046, instance swerv/lsu/stbuf/_19795_ not found.
[WARNING STA-1648] ./results/nangate45_3D/swerv_wrapper/HBT/6_final.spef line 223047, instance swerv/lsu/stbuf/_19909_ not found.
[WARNING STA-1648] ./results/nangate45_3D/swerv_wrapper/HBT/6_final.spef line 223048, instance swerv/lsu/stbuf/_19803_ not found.
[WARNING STA-1648] ./results/nangate45_3D/swerv_wrapper/HBT/6_final.spef line 223049, instance swerv/lsu/stbuf/_19917_ not found.
[WARNING STA-1648] ./results/nangate45_3D/swerv_wrapper/HBT/6_final.spef line 223050, instance swerv/lsu/stbuf/_19860_ not found.
[WARNING STA-1648] ./results/nangate45_3D/swerv_wrapper/HBT/6_final.spef line 223051, instance swerv/lsu/stbuf/_19746_ not found.
[WARNING STA-1648] ./results/nangate45_3D/swerv_wrapper/HBT/6_final.spef line 223052, instance swerv/lsu/stbuf/_19689_ not found.
[WARNING STA-1648] ./results/nangate45_3D/swerv_wrapper/HBT/6_final.spef line 223053, instance swerv/lsu/stbuf/_19632_ not found.
[WARNING STA-1648] ./results/nangate45_3D/swerv_wrapper/HBT/6_final.spef line 223054, instance swerv/lsu/stbuf/_19575_ not found.
[WARNING STA-1648] ./results/nangate45_3D/swerv_wrapper/HBT/6_final.spef line 223055, instance swerv/lsu/stbuf/_19518_ not found.
[WARNING STA-1648] ./results/nangate45_3D/swerv_wrapper/HBT/6_final.spef line 223056, instance swerv/lsu/stbuf/_19856_ not found.
[WARNING STA-1648] ./results/nangate45_3D/swerv_wrapper/HBT/6_final.spef line 223057, instance swerv/lsu/stbuf/_19913_ not found.
[WARNING STA-1648] ./results/nangate45_3D/swerv_wrapper/HBT/6_final.spef line 223058, instance swerv/lsu/stbuf/_19742_ not found.
[WARNING STA-1648] ./results/nangate45_3D/swerv_wrapper/HBT/6_final.spef line 223059, instance swerv/lsu/stbuf/_19799_ not found.
[WARNING STA-1648] ./results/nangate45_3D/swerv_wrapper/HBT/6_final.spef line 223060, instance swerv/lsu/stbuf/_19734_ not found.
[WARNING STA-1648] ./results/nangate45_3D/swerv_wrapper/HBT/6_final.spef line 223061, instance swerv/lsu/stbuf/_19848_ not found.
[WARNING STA-1648] ./results/nangate45_3D/swerv_wrapper/HBT/6_final.spef line 223062, instance swerv/lsu/stbuf/_19791_ not found.
[WARNING STA-1648] ./results/nangate45_3D/swerv_wrapper/HBT/6_final.spef line 223063, instance swerv/lsu/stbuf/_19905_ not found.
[WARNING STA-1648] ./results/nangate45_3D/swerv_wrapper/HBT/6_final.spef line 223064, instance swerv/lsu/stbuf/_19628_ not found.
[WARNING STA-1648] ./results/nangate45_3D/swerv_wrapper/HBT/6_final.spef line 223065, instance swerv/lsu/stbuf/_19514_ not found.
[WARNING STA-1648] ./results/nangate45_3D/swerv_wrapper/HBT/6_final.spef line 223066, instance swerv/lsu/stbuf/_19677_ not found.
[WARNING STA-1648] ./results/nangate45_3D/swerv_wrapper/HBT/6_final.spef line 223067, instance swerv/lsu/stbuf/_19620_ not found.
[WARNING STA-1648] ./results/nangate45_3D/swerv_wrapper/HBT/6_final.spef line 223068, instance swerv/lsu/stbuf/_19563_ not found.
[WARNING STA-1648] ./results/nangate45_3D/swerv_wrapper/HBT/6_final.spef line 223069, instance swerv/lsu/stbuf/_19534_ not found.
[WARNING STA-1648] ./results/nangate45_3D/swerv_wrapper/HBT/6_final.spef line 223070, instance swerv/lsu/stbuf/_19591_ not found.
[WARNING STA-1648] ./results/nangate45_3D/swerv_wrapper/HBT/6_final.spef line 223071, instance swerv/lsu/stbuf/_19762_ not found.
[WARNING STA-1648] ./results/nangate45_3D/swerv_wrapper/HBT/6_final.spef line 223072, instance swerv/lsu/stbuf/_19876_ not found.
[WARNING STA-1648] ./results/nangate45_3D/swerv_wrapper/HBT/6_final.spef line 223073, instance swerv/lsu/stbuf/_19933_ not found.
[WARNING STA-1648] ./results/nangate45_3D/swerv_wrapper/HBT/6_final.spef line 223074, instance swerv/lsu/stbuf/_19819_ not found.
[WARNING STA-1648] ./results/nangate45_3D/swerv_wrapper/HBT/6_final.spef line 223075, instance swerv/lsu/stbuf/_19921_ not found.
[WARNING STA-1648] ./results/nangate45_3D/swerv_wrapper/HBT/6_final.spef line 223076, instance swerv/lsu/stbuf/_19807_ not found.
[WARNING STA-1648] ./results/nangate45_3D/swerv_wrapper/HBT/6_final.spef line 223077, instance swerv/lsu/stbuf/_19579_ not found.
[WARNING STA-1648] ./results/nangate45_3D/swerv_wrapper/HBT/6_final.spef line 223078, instance swerv/lsu/stbuf/_19693_ not found.
[WARNING STA-1648] ./results/nangate45_3D/swerv_wrapper/HBT/6_final.spef line 223079, instance swerv/lsu/stbuf/_19636_ not found.
[WARNING STA-1648] ./results/nangate45_3D/swerv_wrapper/HBT/6_final.spef line 223080, instance swerv/dec/decode/_15078_ not found.
[WARNING STA-1648] ./results/nangate45_3D/swerv_wrapper/HBT/6_final.spef line 223081, instance swerv/dec/decode/_15168_ not found.
[WARNING STA-1648] ./results/nangate45_3D/swerv_wrapper/HBT/6_final.spef line 223082, instance swerv/lsu/stbuf/_19705_ not found.
[WARNING STA-1648] ./results/nangate45_3D/swerv_wrapper/HBT/6_final.spef line 223083, instance swerv/lsu/stbuf/_19864_ not found.
[WARNING STA-1648] ./results/nangate45_3D/swerv_wrapper/HBT/6_final.spef line 223084, instance swerv/lsu/stbuf/_19648_ not found.
[WARNING STA-1648] ./results/nangate45_3D/swerv_wrapper/HBT/6_final.spef line 223085, instance swerv/dec/decode/_15200_ not found.
[WARNING STA-1648] ./results/nangate45_3D/swerv_wrapper/HBT/6_final.spef line 223086, instance swerv/dec/decode/_15206_ not found.
[WARNING STA-1648] ./results/nangate45_3D/swerv_wrapper/HBT/6_final.spef line 223087, instance swerv/dec/decode/_15136_ not found.
[WARNING STA-1648] ./results/nangate45_3D/swerv_wrapper/HBT/6_final.spef line 223088, instance swerv/dec/decode/_15104_ not found.
[WARNING STA-1648] ./results/nangate45_3D/swerv_wrapper/HBT/6_final.spef line 223089, instance swerv/dec/decode/_15192_ not found.
[WARNING STA-1648] ./results/nangate45_3D/swerv_wrapper/HBT/6_final.spef line 223090, instance swerv/ifu/_6180_ not found.
[WARNING STA-1648] ./results/nangate45_3D/swerv_wrapper/HBT/6_final.spef line 223091, instance swerv/dec/decode/_15160_ not found.
[WARNING STA-1648] ./results/nangate45_3D/swerv_wrapper/HBT/6_final.spef line 223092, instance swerv/dec/decode/_15128_ not found.
[WARNING STA-1648] ./results/nangate45_3D/swerv_wrapper/HBT/6_final.spef line 223093, instance swerv/dec/decode/_15364_ not found.
[WARNING STA-1648] ./results/nangate45_3D/swerv_wrapper/HBT/6_final.spef line 223094, instance swerv/dec/decode/_15348_ not found.
[WARNING STA-1648] ./results/nangate45_3D/swerv_wrapper/HBT/6_final.spef line 223095, instance swerv/dec/decode/_15332_ not found.
[WARNING STA-1648] ./results/nangate45_3D/swerv_wrapper/HBT/6_final.spef line 223096, instance swerv/dec/decode/_15380_ not found.
[WARNING STA-1648] ./results/nangate45_3D/swerv_wrapper/HBT/6_final.spef line 223097, instance swerv/dec/decode/_15396_ not found.
[WARNING STA-1648] ./results/nangate45_3D/swerv_wrapper/HBT/6_final.spef line 223098, instance swerv/dec/decode/_15096_ not found.
[WARNING STA-1648] ./results/nangate45_3D/swerv_wrapper/HBT/6_final.spef line 223099, instance swerv/dec/decode/_15064_ not found.
[WARNING STA-1648] ./results/nangate45_3D/swerv_wrapper/HBT/6_final.spef line 223100, instance swerv/dec/decode/_15072_ not found.
[WARNING STA-1648] ./results/nangate45_3D/swerv_wrapper/HBT/6_final.spef line 223101, instance swerv/dec/decode/_15174_ not found.
[WARNING STA-1648] ./results/nangate45_3D/swerv_wrapper/HBT/6_final.spef line 223102, instance swerv/dec/decode/_15142_ not found.
[WARNING STA-1648] ./results/nangate45_3D/swerv_wrapper/HBT/6_final.spef line 223103, instance swerv/dec/decode/_15110_ not found.
[WARNING STA-1648] ./results/nangate45_3D/swerv_wrapper/HBT/6_final.spef line 223104, instance swerv/dec/decode/_15046_ not found.
[WARNING STA-1648] ./results/nangate45_3D/swerv_wrapper/HBT/6_final.spef line 223105, instance swerv/ifu/_6172_ not found.
[WARNING STA-1648] ./results/nangate45_3D/swerv_wrapper/HBT/6_final.spef line 223106, instance swerv/dec/tlu/_11960_ not found.
[WARNING STA-1648] ./results/nangate45_3D/swerv_wrapper/HBT/6_final.spef line 223107, instance swerv/dec/tlu/_11957_ not found.
[WARNING STA-1648] ./results/nangate45_3D/swerv_wrapper/HBT/6_final.spef line 223108, instance swerv/dec/tlu/_11959_ not found.
[WARNING STA-1648] ./results/nangate45_3D/swerv_wrapper/HBT/6_final.spef line 223109, instance swerv/dec/tlu/_11961_ not found.
[WARNING STA-1648] ./results/nangate45_3D/swerv_wrapper/HBT/6_final.spef line 223110, instance swerv/dec/tlu/_11955_ not found.
[WARNING STA-1648] ./results/nangate45_3D/swerv_wrapper/HBT/6_final.spef line 223111, instance swerv/dec/tlu/_11956_ not found.
[WARNING STA-1648] ./results/nangate45_3D/swerv_wrapper/HBT/6_final.spef line 223112, instance swerv/dec/tlu/_11966_ not found.
[WARNING STA-1648] ./results/nangate45_3D/swerv_wrapper/HBT/6_final.spef line 223113, instance swerv/dec/tlu/_11968_ not found.
[WARNING STA-1648] ./results/nangate45_3D/swerv_wrapper/HBT/6_final.spef line 223114, instance swerv/dec/tlu/_12032_ not found.
[WARNING STA-1648] ./results/nangate45_3D/swerv_wrapper/HBT/6_final.spef line 223115, instance swerv/dec/tlu/_12190_ not found.
[WARNING STA-1648] ./results/nangate45_3D/swerv_wrapper/HBT/6_final.spef line 223116, instance swerv/dec/tlu/_12034_ not found.
[WARNING STA-1648] ./results/nangate45_3D/swerv_wrapper/HBT/6_final.spef line 223117, instance swerv/dec/tlu/_12188_ not found.
[WARNING STA-1648] ./results/nangate45_3D/swerv_wrapper/HBT/6_final.spef line 223118, instance swerv/dec/tlu/_12060_ not found.
[WARNING STA-1648] ./results/nangate45_3D/swerv_wrapper/HBT/6_final.spef line 223119, instance swerv/dec/tlu/_12098_ not found.
[WARNING STA-1648] ./results/nangate45_3D/swerv_wrapper/HBT/6_final.spef line 223120, instance swerv/dec/tlu/_12096_ not found.
[WARNING STA-1648] ./results/nangate45_3D/swerv_wrapper/HBT/6_final.spef line 223121, instance swerv/dec/tlu/_11453_ not found.
[WARNING STA-1648] ./results/nangate45_3D/swerv_wrapper/HBT/6_final.spef line 223122, instance swerv/dec/tlu/_11457_ not found.
[WARNING STA-1648] ./results/nangate45_3D/swerv_wrapper/HBT/6_final.spef line 223123, instance swerv/dec/tlu/_12064_ not found.
[WARNING STA-1648] ./results/nangate45_3D/swerv_wrapper/HBT/6_final.spef line 223124, instance swerv/dec/tlu/_12196_ not found.
[WARNING STA-1648] ./results/nangate45_3D/swerv_wrapper/HBT/6_final.spef line 223125, instance swerv/dec/tlu/_12002_ not found.
[WARNING STA-1648] ./results/nangate45_3D/swerv_wrapper/HBT/6_final.spef line 223126, instance swerv/dec/tlu/_12000_ not found.
[WARNING STA-1648] ./results/nangate45_3D/swerv_wrapper/HBT/6_final.spef line 223127, instance swerv/dec/tlu/_11451_ not found.
[WARNING STA-1648] ./results/nangate45_3D/swerv_wrapper/HBT/6_final.spef line 223128, instance swerv/dec/tlu/_12004_ not found.
[WARNING STA-1648] ./results/nangate45_3D/swerv_wrapper/HBT/6_final.spef line 223129, instance swerv/dec/tlu/_12068_ not found.
[WARNING STA-1648] ./results/nangate45_3D/swerv_wrapper/HBT/6_final.spef line 223130, instance swerv/dec/tlu/_12008_ not found.
[WARNING STA-1648] ./results/nangate45_3D/swerv_wrapper/HBT/6_final.spef line 223131, instance swerv/dec/tlu/_12202_ not found.
[WARNING STA-1648] ./results/nangate45_3D/swerv_wrapper/HBT/6_final.spef line 223132, instance swerv/dec/tlu/_12136_ not found.
[WARNING STA-1648] ./results/nangate45_3D/swerv_wrapper/HBT/6_final.spef line 223133, instance swerv/dec/tlu/_12200_ not found.
[WARNING STA-1648] ./results/nangate45_3D/swerv_wrapper/HBT/6_final.spef line 223134, instance swerv/dec/tlu/_12170_ not found.
[WARNING STA-1648] ./results/nangate45_3D/swerv_wrapper/HBT/6_final.spef line 223135, instance swerv/dec/tlu/_12172_ not found.
[WARNING STA-1648] ./results/nangate45_3D/swerv_wrapper/HBT/6_final.spef line 223136, instance swerv/dec/tlu/_12146_ not found.
[WARNING STA-1648] ./results/nangate45_3D/swerv_wrapper/HBT/6_final.spef line 223137, instance swerv/dec/tlu/_12014_ not found.
[WARNING STA-1648] ./results/nangate45_3D/swerv_wrapper/HBT/6_final.spef line 223138, instance swerv/lsu/stbuf/_20007_ not found.
[WARNING STA-1648] ./results/nangate45_3D/swerv_wrapper/HBT/6_final.spef line 223139, instance swerv/lsu/stbuf/_19525_ not found.
[WARNING STA-1648] ./results/nangate45_3D/swerv_wrapper/HBT/6_final.spef line 223140, instance swerv/lsu/stbuf/_19582_ not found.
[WARNING STA-1648] ./results/nangate45_3D/swerv_wrapper/HBT/6_final.spef line 223141, instance swerv/lsu/stbuf/_19639_ not found.
[WARNING STA-1648] ./results/nangate45_3D/swerv_wrapper/HBT/6_final.spef line 223142, instance swerv/lsu/stbuf/_19696_ not found.
[WARNING STA-1648] ./results/nangate45_3D/swerv_wrapper/HBT/6_final.spef line 223143, instance swerv/dec/tlu/_12012_ not found.
[WARNING STA-1648] ./results/nangate45_3D/swerv_wrapper/HBT/6_final.spef line 223144, instance swerv/dec/tlu/_12144_ not found.
[WARNING STA-1648] ./results/nangate45_3D/swerv_wrapper/HBT/6_final.spef line 223145, instance swerv/dec/tlu/_12210_ not found.
[WARNING STA-1648] ./results/nangate45_3D/swerv_wrapper/HBT/6_final.spef line 223146, instance swerv/dec/tlu/_12142_ not found.
[WARNING STA-1648] ./results/nangate45_3D/swerv_wrapper/HBT/6_final.spef line 223147, instance swerv/dec/tlu/_12140_ not found.
[WARNING STA-1648] ./results/nangate45_3D/swerv_wrapper/HBT/6_final.spef line 223148, instance swerv/dec/tlu/_12174_ not found.
[WARNING STA-1648] ./results/nangate45_3D/swerv_wrapper/HBT/6_final.spef line 223149, instance swerv/lsu/stbuf/_19979_ not found.
[WARNING STA-1648] ./results/nangate45_3D/swerv_wrapper/HBT/6_final.spef line 223150, instance swerv/lsu/_9158_ not found.
[WARNING STA-1648] ./results/nangate45_3D/swerv_wrapper/HBT/6_final.spef line 223151, instance swerv/dec/tlu/_11982_ not found.
[WARNING STA-1648] ./results/nangate45_3D/swerv_wrapper/HBT/6_final.spef line 223152, instance swerv/dec/tlu/_11980_ not found.
[WARNING STA-1648] ./results/nangate45_3D/swerv_wrapper/HBT/6_final.spef line 223153, instance swerv/dec/tlu/_11369_ not found.
[WARNING STA-1648] ./results/nangate45_3D/swerv_wrapper/HBT/6_final.spef line 223154, instance swerv/dec/tlu/_11400_ not found.
[WARNING STA-1648] ./results/nangate45_3D/swerv_wrapper/HBT/6_final.spef line 223155, instance swerv/dec/tlu/_11365_ not found.
[WARNING STA-1648] ./results/nangate45_3D/swerv_wrapper/HBT/6_final.spef line 223156, instance swerv/dec/tlu/_11978_ not found.
[WARNING STA-1648] ./results/nangate45_3D/swerv_wrapper/HBT/6_final.spef line 223157, instance swerv/dec/tlu/_12042_ not found.
[WARNING STA-1648] ./results/nangate45_3D/swerv_wrapper/HBT/6_final.spef line 223158, instance swerv/dec/tlu/_12040_ not found.
[WARNING STA-1648] ./results/nangate45_3D/swerv_wrapper/HBT/6_final.spef line 223159, instance swerv/dec/tlu/_11398_ not found.
[WARNING STA-1648] ./results/nangate45_3D/swerv_wrapper/HBT/6_final.spef line 223160, instance swerv/lsu/stbuf/_20003_ not found.
[WARNING STA-1648] ./results/nangate45_3D/swerv_wrapper/HBT/6_final.spef line 223161, instance swerv/lsu/stbuf/_19987_ not found.
[WARNING STA-1648] ./results/nangate45_3D/swerv_wrapper/HBT/6_final.spef line 223162, instance swerv/lsu/stbuf/_19995_ not found.
[WARNING STA-1648] ./results/nangate45_3D/swerv_wrapper/HBT/6_final.spef line 223163, instance swerv/dec/tlu/_11674_ not found.
[WARNING STA-1648] ./results/nangate45_3D/swerv_wrapper/HBT/6_final.spef line 223164, instance swerv/dec/tlu/_12110_ not found.
[WARNING STA-1648] ./results/nangate45_3D/swerv_wrapper/HBT/6_final.spef line 223165, instance swerv/dec/tlu/_12132_ not found.
[WARNING STA-1648] ./results/nangate45_3D/swerv_wrapper/HBT/6_final.spef line 223166, instance swerv/dec/tlu/_12134_ not found.
[WARNING STA-1648] ./results/nangate45_3D/swerv_wrapper/HBT/6_final.spef line 223167, instance swerv/dec/tlu/_12168_ not found.
[WARNING STA-1648] ./results/nangate45_3D/swerv_wrapper/HBT/6_final.spef line 223168, instance swerv/dec/tlu/_12100_ not found.
[WARNING STA-1648] ./results/nangate45_3D/swerv_wrapper/HBT/6_final.spef line 223169, instance swerv/lsu/stbuf/_19968_ not found.
[WARNING STA-1648] ./results/nangate45_3D/swerv_wrapper/HBT/6_final.spef line 223170, instance swerv/dec/tlu/_12106_ not found.
[WARNING STA-1648] ./results/nangate45_3D/swerv_wrapper/HBT/6_final.spef line 223171, instance swerv/dec/tlu/_12104_ not found.
[WARNING STA-1648] ./results/nangate45_3D/swerv_wrapper/HBT/6_final.spef line 223172, instance swerv/dec/tlu/_11972_ not found.
[WARNING STA-1648] ./results/nangate45_3D/swerv_wrapper/HBT/6_final.spef line 223173, instance swerv/dec/tlu/_11363_ not found.
[WARNING STA-1648] ./results/nangate45_3D/swerv_wrapper/HBT/6_final.spef line 223174, instance swerv/dec/tlu/_12124_ not found.
[WARNING STA-1648] ./results/nangate45_3D/swerv_wrapper/HBT/6_final.spef line 223175, instance swerv/dec/tlu/_11346_ not found.
[WARNING STA-1648] ./results/nangate45_3D/swerv_wrapper/HBT/6_final.spef line 223176, instance swerv/_10070_ not found.
[WARNING STA-1648] ./results/nangate45_3D/swerv_wrapper/HBT/6_final.spef line 223177, instance swerv/dec/tlu/_11670_ not found.
[WARNING STA-1648] ./results/nangate45_3D/swerv_wrapper/HBT/6_final.spef line 223178, instance swerv/dec/tlu/_11811_ not found.
[WARNING STA-1648] ./results/nangate45_3D/swerv_wrapper/HBT/6_final.spef line 223179, instance swerv/dec/tlu/_11810_ not found.
[WARNING STA-1648] ./results/nangate45_3D/swerv_wrapper/HBT/6_final.spef line 223180, instance swerv/dec/tlu/_11820_ not found.
[WARNING STA-1648] ./results/nangate45_3D/swerv_wrapper/HBT/6_final.spef line 223181, instance swerv/dec/tlu/_11813_ not found.
[WARNING STA-1648] ./results/nangate45_3D/swerv_wrapper/HBT/6_final.spef line 223182, instance swerv/dec/tlu/_11396_ not found.
[WARNING STA-1648] ./results/nangate45_3D/swerv_wrapper/HBT/6_final.spef line 223183, instance swerv/lsu/_9139_ not found.
[WARNING STA-1648] ./results/nangate45_3D/swerv_wrapper/HBT/6_final.spef line 223184, instance swerv/lsu/_9147_ not found.
[WARNING STA-1648] ./results/nangate45_3D/swerv_wrapper/HBT/6_final.spef line 223185, instance swerv/lsu/_9151_ not found.
[WARNING STA-1648] ./results/nangate45_3D/swerv_wrapper/HBT/6_final.spef line 223186, instance swerv/lsu/_9156_ not found.
[WARNING STA-1648] ./results/nangate45_3D/swerv_wrapper/HBT/6_final.spef line 223187, instance swerv/lsu/stbuf/_19962_ not found.
[WARNING STA-1648] ./results/nangate45_3D/swerv_wrapper/HBT/6_final.spef line 223188, instance swerv/lsu/_9140_ not found.
[WARNING STA-1648] ./results/nangate45_3D/swerv_wrapper/HBT/6_final.spef line 223189, instance swerv/lsu/_9141_ not found.
[WARNING STA-1648] ./results/nangate45_3D/swerv_wrapper/HBT/6_final.spef line 223190, instance swerv/lsu/_9136_ not found.
[WARNING STA-1648] ./results/nangate45_3D/swerv_wrapper/HBT/6_final.spef line 223191, instance swerv/lsu/_9142_ not found.
[WARNING STA-1648] ./results/nangate45_3D/swerv_wrapper/HBT/6_final.spef line 223192, instance swerv/lsu/_9131_ not found.
[WARNING STA-1648] ./results/nangate45_3D/swerv_wrapper/HBT/6_final.spef line 223193, instance swerv/dec/tlu/_11394_ not found.
[WARNING STA-1648] ./results/nangate45_3D/swerv_wrapper/HBT/6_final.spef line 223194, instance swerv/dec/tlu/_11367_ not found.
[WARNING STA-1648] ./results/nangate45_3D/swerv_wrapper/HBT/6_final.spef line 223195, instance swerv/dec/tlu/_11974_ not found.
[WARNING STA-1648] ./results/nangate45_3D/swerv_wrapper/HBT/6_final.spef line 223196, instance swerv/dec/tlu/_11976_ not found.
[WARNING STA-1648] ./results/nangate45_3D/swerv_wrapper/HBT/6_final.spef line 223197, instance swerv/dec/tlu/_12102_ not found.
[WARNING STA-1648] ./results/nangate45_3D/swerv_wrapper/HBT/6_final.spef line 223198, instance swerv/dec/tlu/_12006_ not found.
[WARNING STA-1648] ./results/nangate45_3D/swerv_wrapper/HBT/6_final.spef line 223199, instance swerv/dec/tlu/_12036_ not found.
[WARNING STA-1648] ./results/nangate45_3D/swerv_wrapper/HBT/6_final.spef line 223200, instance swerv/dec/tlu/_12128_ not found.
[WARNING STA-1648] ./results/nangate45_3D/swerv_wrapper/HBT/6_final.spef line 223201, instance swerv/dec/tlu/_12166_ not found.
[WARNING STA-1648] ./results/nangate45_3D/swerv_wrapper/HBT/6_final.spef line 223202, instance swerv/dec/tlu/_12164_ not found.
[WARNING STA-1648] ./results/nangate45_3D/swerv_wrapper/HBT/6_final.spef line 223203, instance swerv/_10069_ not found.
[WARNING STA-1648] ./results/nangate45_3D/swerv_wrapper/HBT/6_final.spef line 223204, instance swerv/dec/tlu/_11384_ not found.
[WARNING STA-1648] ./results/nangate45_3D/swerv_wrapper/HBT/6_final.spef line 223205, instance swerv/dec/tlu/_11386_ not found.
[WARNING STA-1648] ./results/nangate45_3D/swerv_wrapper/HBT/6_final.spef line 223206, instance swerv/dec/tlu/_11819_ not found.
[WARNING STA-1648] ./results/nangate45_3D/swerv_wrapper/HBT/6_final.spef line 223207, instance swerv/dec/tlu/_12243_ not found.
[WARNING STA-1648] ./results/nangate45_3D/swerv_wrapper/HBT/6_final.spef line 223208, instance swerv/dec/tlu/_11390_ not found.
[WARNING STA-1648] ./results/nangate45_3D/swerv_wrapper/HBT/6_final.spef line 223209, instance swerv/dec/tlu/_12225_ not found.
[WARNING STA-1648] message limit (1000) reached. This message will no longer print.
[WARNING STA-1650] ./results/nangate45_3D/swerv_wrapper/HBT/6_final.spef line 233806, net mem/Gen_dccm_enable_dccm/mem_bank_7__dccm_bank/mem not found.
[WARNING STA-1650] ./results/nangate45_3D/swerv_wrapper/HBT/6_final.spef line 233807, net mem/Gen_dccm_enable_dccm/mem_bank_5__dccm_bank/mem not found.
[WARNING STA-1650] ./results/nangate45_3D/swerv_wrapper/HBT/6_final.spef line 233808, net swerv/lsu/_8588_ not found.
[WARNING STA-1650] ./results/nangate45_3D/swerv_wrapper/HBT/6_final.spef line 233809, net swerv/lsu/stbuf/_19490_ not found.
[WARNING STA-1650] ./results/nangate45_3D/swerv_wrapper/HBT/6_final.spef line 233810, net swerv/lsu/stbuf/_19486_ not found.
[WARNING STA-1650] ./results/nangate45_3D/swerv_wrapper/HBT/6_final.spef line 233811, net swerv/lsu/stbuf/_19551_ not found.
[WARNING STA-1650] ./results/nangate45_3D/swerv_wrapper/HBT/6_final.spef line 233812, net swerv/lsu/stbuf/_19556_ not found.
[WARNING STA-1650] ./results/nangate45_3D/swerv_wrapper/HBT/6_final.spef line 233813, net swerv/lsu/stbuf/_19493_ not found.
[WARNING STA-1650] ./results/nangate45_3D/swerv_wrapper/HBT/6_final.spef line 233814, net swerv/lsu/stbuf/_19491_ not found.
[WARNING STA-1650] ./results/nangate45_3D/swerv_wrapper/HBT/6_final.spef line 233815, net swerv/lsu/_8600_ not found.
[WARNING STA-1650] ./results/nangate45_3D/swerv_wrapper/HBT/6_final.spef line 233816, net swerv/lsu/stbuf/_19833_ not found.
[WARNING STA-1650] ./results/nangate45_3D/swerv_wrapper/HBT/6_final.spef line 233817, net swerv/lsu/stbuf/_19890_ not found.
[WARNING STA-1650] ./results/nangate45_3D/swerv_wrapper/HBT/6_final.spef line 233818, net swerv/lsu/stbuf/_19845_ not found.
[WARNING STA-1650] ./results/nangate45_3D/swerv_wrapper/HBT/6_final.spef line 233819, net swerv/lsu/stbuf/_19767_ not found.
[WARNING STA-1650] ./results/nangate45_3D/swerv_wrapper/HBT/6_final.spef line 233820, net swerv/lsu/stbuf/_19585_ not found.
[WARNING STA-1650] ./results/nangate45_3D/swerv_wrapper/HBT/6_final.spef line 233821, net swerv/lsu/stbuf/_19687_ not found.
[WARNING STA-1650] ./results/nangate45_3D/swerv_wrapper/HBT/6_final.spef line 233822, net swerv/lsu/stbuf/_19878_ not found.
[WARNING STA-1650] ./results/nangate45_3D/swerv_wrapper/HBT/6_final.spef line 233823, net swerv/lsu/stbuf/_19821_ not found.
[WARNING STA-1650] ./results/nangate45_3D/swerv_wrapper/HBT/6_final.spef line 233824, net swerv/lsu/stbuf/_19858_ not found.
[WARNING STA-1650] ./results/nangate45_3D/swerv_wrapper/HBT/6_final.spef line 233825, net swerv/lsu/stbuf/_19915_ not found.
[WARNING STA-1650] ./results/nangate45_3D/swerv_wrapper/HBT/6_final.spef line 233826, net swerv/lsu/stbuf/_19793_ not found.
[WARNING STA-1650] ./results/nangate45_3D/swerv_wrapper/HBT/6_final.spef line 233827, net swerv/lsu/stbuf/_19850_ not found.
[WARNING STA-1650] ./results/nangate45_3D/swerv_wrapper/HBT/6_final.spef line 233828, net swerv/lsu/stbuf/_19907_ not found.
[WARNING STA-1650] ./results/nangate45_3D/swerv_wrapper/HBT/6_final.spef line 233829, net swerv/lsu/stbuf/_19516_ not found.
[WARNING STA-1650] ./results/nangate45_3D/swerv_wrapper/HBT/6_final.spef line 233830, net swerv/lsu/stbuf/_19870_ not found.
[WARNING STA-1650] ./results/nangate45_3D/swerv_wrapper/HBT/6_final.spef line 233831, net swerv/lsu/stbuf/_19935_ not found.
[WARNING STA-1650] ./results/nangate45_3D/swerv_wrapper/HBT/6_final.spef line 233832, net swerv/lsu/stbuf/_19801_ not found.
[WARNING STA-1650] ./results/nangate45_3D/swerv_wrapper/HBT/6_final.spef line 233833, net swerv/lsu/stbuf/_19744_ not found.
[WARNING STA-1650] ./results/nangate45_3D/swerv_wrapper/HBT/6_final.spef line 233834, net swerv/lsu/stbuf/_19630_ not found.
[WARNING STA-1650] ./results/nangate45_3D/swerv_wrapper/HBT/6_final.spef line 233835, net swerv/lsu/stbuf/_19573_ not found.
[WARNING STA-1650] ./results/nangate45_3D/swerv_wrapper/HBT/6_final.spef line 233836, net swerv/lsu/stbuf/_19707_ not found.
[WARNING STA-1650] ./results/nangate45_3D/swerv_wrapper/HBT/6_final.spef line 233837, net swerv/lsu/stbuf/_19650_ not found.
[WARNING STA-1650] ./results/nangate45_3D/swerv_wrapper/HBT/6_final.spef line 233838, net swerv/lsu/stbuf/_19593_ not found.
[WARNING STA-1650] ./results/nangate45_3D/swerv_wrapper/HBT/6_final.spef line 233839, net swerv/lsu/stbuf/_19536_ not found.
[WARNING STA-1650] ./results/nangate45_3D/swerv_wrapper/HBT/6_final.spef line 233840, net swerv/lsu/stbuf/_19528_ not found.
[WARNING STA-1650] ./results/nangate45_3D/swerv_wrapper/HBT/6_final.spef line 233841, net swerv/lsu/stbuf/_19642_ not found.
[WARNING STA-1650] ./results/nangate45_3D/swerv_wrapper/HBT/6_final.spef line 233842, net swerv/lsu/stbuf/_19764_ not found.
[WARNING STA-1650] ./results/nangate45_3D/swerv_wrapper/HBT/6_final.spef line 233843, net swerv/lsu/stbuf/_19699_ not found.
[WARNING STA-1650] ./results/nangate45_3D/swerv_wrapper/HBT/6_final.spef line 233844, net swerv/lsu/stbuf/_19756_ not found.
[WARNING STA-1650] ./results/nangate45_3D/swerv_wrapper/HBT/6_final.spef line 233845, net swerv/lsu/_9057_ not found.
[WARNING STA-1650] ./results/nangate45_3D/swerv_wrapper/HBT/6_final.spef line 233846, net swerv/lsu/stbuf/_19946_ not found.
[WARNING STA-1650] ./results/nangate45_3D/swerv_wrapper/HBT/6_final.spef line 233847, net swerv/lsu/stbuf/_19948_ not found.
[WARNING STA-1650] ./results/nangate45_3D/swerv_wrapper/HBT/6_final.spef line 233848, net swerv/lsu/stbuf/_19597_ not found.
[WARNING STA-1650] ./results/nangate45_3D/swerv_wrapper/HBT/6_final.spef line 233849, net swerv/lsu/stbuf/_19947_ not found.
[WARNING STA-1650] ./results/nangate45_3D/swerv_wrapper/HBT/6_final.spef line 233850, net swerv/lsu/stbuf/_19945_ not found.
[WARNING STA-1650] ./results/nangate45_3D/swerv_wrapper/HBT/6_final.spef line 233851, net swerv/lsu/stbuf/_19942_ not found.
[WARNING STA-1650] ./results/nangate45_3D/swerv_wrapper/HBT/6_final.spef line 233852, net swerv/lsu/stbuf/_19596_ not found.
[WARNING STA-1650] ./results/nangate45_3D/swerv_wrapper/HBT/6_final.spef line 233853, net swerv/lsu/stbuf/_19825_ not found.
[WARNING STA-1650] ./results/nangate45_3D/swerv_wrapper/HBT/6_final.spef line 233854, net swerv/lsu/stbuf/_19824_ not found.
[WARNING STA-1650] ./results/nangate45_3D/swerv_wrapper/HBT/6_final.spef line 233855, net swerv/lsu/stbuf/_19711_ not found.
[WARNING STA-1650] ./results/nangate45_3D/swerv_wrapper/HBT/6_final.spef line 233856, net swerv/lsu/stbuf/_19710_ not found.
[WARNING STA-1650] ./results/nangate45_3D/swerv_wrapper/HBT/6_final.spef line 233857, net swerv/lsu/stbuf/_19941_ not found.
[WARNING STA-1650] ./results/nangate45_3D/swerv_wrapper/HBT/6_final.spef line 233858, net swerv/lsu/stbuf/_19939_ not found.
[WARNING STA-1650] ./results/nangate45_3D/swerv_wrapper/HBT/6_final.spef line 233859, net swerv/lsu/stbuf/_19940_ not found.
[WARNING STA-1650] ./results/nangate45_3D/swerv_wrapper/HBT/6_final.spef line 233860, net swerv/lsu/stbuf/_19938_ not found.
[WARNING STA-1650] ./results/nangate45_3D/swerv_wrapper/HBT/6_final.spef line 233861, net swerv/lsu/stbuf/_19937_ not found.
[WARNING STA-1650] ./results/nangate45_3D/swerv_wrapper/HBT/6_final.spef line 233862, net swerv/lsu/stbuf/_19813_ not found.
[WARNING STA-1650] ./results/nangate45_3D/swerv_wrapper/HBT/6_final.spef line 233863, net swerv/lsu/stbuf/_19787_ not found.
[WARNING STA-1650] ./results/nangate45_3D/swerv_wrapper/HBT/6_final.spef line 233864, net swerv/lsu/stbuf/_19927_ not found.
[WARNING STA-1650] ./results/nangate45_3D/swerv_wrapper/HBT/6_final.spef line 233865, net swerv/lsu/stbuf/_19844_ not found.
[WARNING STA-1650] ./results/nangate45_3D/swerv_wrapper/HBT/6_final.spef line 233866, net swerv/lsu/stbuf/_19730_ not found.
[WARNING STA-1650] ./results/nangate45_3D/swerv_wrapper/HBT/6_final.spef line 233867, net swerv/lsu/stbuf/_19901_ not found.
[WARNING STA-1650] ./results/nangate45_3D/swerv_wrapper/HBT/6_final.spef line 233868, net swerv/lsu/stbuf/_19768_ not found.
[WARNING STA-1650] ./results/nangate45_3D/swerv_wrapper/HBT/6_final.spef line 233869, net swerv/lsu/stbuf/_19654_ not found.
[WARNING STA-1650] ./results/nangate45_3D/swerv_wrapper/HBT/6_final.spef line 233870, net swerv/lsu/stbuf/_19653_ not found.
[WARNING STA-1650] ./results/nangate45_3D/swerv_wrapper/HBT/6_final.spef line 233871, net swerv/lsu/stbuf/_19673_ not found.
[WARNING STA-1650] ./results/nangate45_3D/swerv_wrapper/HBT/6_final.spef line 233872, net swerv/lsu/stbuf/_19539_ not found.
[WARNING STA-1650] ./results/nangate45_3D/swerv_wrapper/HBT/6_final.spef line 233873, net swerv/lsu/stbuf/_19674_ not found.
[WARNING STA-1650] ./results/nangate45_3D/swerv_wrapper/HBT/6_final.spef line 233874, net swerv/lsu/_9060_ not found.
[WARNING STA-1650] ./results/nangate45_3D/swerv_wrapper/HBT/6_final.spef line 233875, net swerv/lsu/stbuf/_19902_ not found.
[WARNING STA-1650] ./results/nangate45_3D/swerv_wrapper/HBT/6_final.spef line 233876, net swerv/lsu/stbuf/_19617_ not found.
[WARNING STA-1650] ./results/nangate45_3D/swerv_wrapper/HBT/6_final.spef line 233877, net swerv/lsu/stbuf/_19540_ not found.
[WARNING STA-1650] ./results/nangate45_3D/swerv_wrapper/HBT/6_final.spef line 233878, net swerv/lsu/_9053_ not found.
[WARNING STA-1650] ./results/nangate45_3D/swerv_wrapper/HBT/6_final.spef line 233879, net swerv/lsu/stbuf/_19834_ not found.
[WARNING STA-1650] ./results/nangate45_3D/swerv_wrapper/HBT/6_final.spef line 233880, net swerv/lsu/stbuf/_19891_ not found.
[WARNING STA-1650] ./results/nangate45_3D/swerv_wrapper/HBT/6_final.spef line 233881, net swerv/lsu/stbuf/_19731_ not found.
[WARNING STA-1650] ./results/nangate45_3D/swerv_wrapper/HBT/6_final.spef line 233882, net swerv/lsu/stbuf/_19788_ not found.
[WARNING STA-1650] ./results/nangate45_3D/swerv_wrapper/HBT/6_final.spef line 233883, net swerv/lsu/_9097_ not found.
[WARNING STA-1650] ./results/nangate45_3D/swerv_wrapper/HBT/6_final.spef line 233884, net swerv/lsu/_9052_ not found.
[WARNING STA-1650] ./results/nangate45_3D/swerv_wrapper/HBT/6_final.spef line 233885, net swerv/lsu/_9059_ not found.
[WARNING STA-1650] ./results/nangate45_3D/swerv_wrapper/HBT/6_final.spef line 233886, net swerv/lsu/_9051_ not found.
[WARNING STA-1650] ./results/nangate45_3D/swerv_wrapper/HBT/6_final.spef line 233887, net swerv/lsu/stbuf/_19837_ not found.
[WARNING STA-1650] ./results/nangate45_3D/swerv_wrapper/HBT/6_final.spef line 233888, net swerv/lsu/stbuf/_19832_ not found.
[WARNING STA-1650] ./results/nangate45_3D/swerv_wrapper/HBT/6_final.spef line 233889, net swerv/lsu/stbuf/_19894_ not found.
[WARNING STA-1650] ./results/nangate45_3D/swerv_wrapper/HBT/6_final.spef line 233890, net swerv/lsu/stbuf/_19889_ not found.
[WARNING STA-1650] ./results/nangate45_3D/swerv_wrapper/HBT/6_final.spef line 233891, net swerv/lsu/stbuf/_19892_ not found.
[WARNING STA-1650] ./results/nangate45_3D/swerv_wrapper/HBT/6_final.spef line 233892, net swerv/lsu/stbuf/_19835_ not found.
[WARNING STA-1650] ./results/nangate45_3D/swerv_wrapper/HBT/6_final.spef line 233893, net swerv/lsu/_8472_ not found.
[WARNING STA-1650] ./results/nangate45_3D/swerv_wrapper/HBT/6_final.spef line 233894, net swerv/lsu/_8598_ not found.
[WARNING STA-1650] ./results/nangate45_3D/swerv_wrapper/HBT/6_final.spef line 233895, net swerv/lsu/stbuf/_19898_ not found.
[WARNING STA-1650] ./results/nangate45_3D/swerv_wrapper/HBT/6_final.spef line 233896, net swerv/lsu/stbuf/_19841_ not found.
[WARNING STA-1650] ./results/nangate45_3D/swerv_wrapper/HBT/6_final.spef line 233897, net mem/Gen_dccm_enable_dccm/_2383_ not found.
[WARNING STA-1650] ./results/nangate45_3D/swerv_wrapper/HBT/6_final.spef line 233898, net mem/Gen_dccm_enable_dccm/_2384_ not found.
[WARNING STA-1650] ./results/nangate45_3D/swerv_wrapper/HBT/6_final.spef line 233899, net mem/Gen_dccm_enable_dccm/_2382_ not found.
[WARNING STA-1650] ./results/nangate45_3D/swerv_wrapper/HBT/6_final.spef line 233900, net swerv/lsu/stbuf/_19492_ not found.
[WARNING STA-1650] ./results/nangate45_3D/swerv_wrapper/HBT/6_final.spef line 233901, net swerv/lsu/stbuf/_19727_ not found.
[WARNING STA-1650] ./results/nangate45_3D/swerv_wrapper/HBT/6_final.spef line 233902, net swerv/lsu/stbuf/_19843_ not found.
[WARNING STA-1650] ./results/nangate45_3D/swerv_wrapper/HBT/6_final.spef line 233903, net swerv/lsu/stbuf/_19718_ not found.
[WARNING STA-1650] ./results/nangate45_3D/swerv_wrapper/HBT/6_final.spef line 233904, net swerv/lsu/stbuf/_19729_ not found.
[WARNING STA-1650] ./results/nangate45_3D/swerv_wrapper/HBT/6_final.spef line 233905, net swerv/lsu/stbuf/_19721_ not found.
[WARNING STA-1650] ./results/nangate45_3D/swerv_wrapper/HBT/6_final.spef line 233906, net swerv/lsu/stbuf/_19842_ not found.
[WARNING STA-1650] ./results/nangate45_3D/swerv_wrapper/HBT/6_final.spef line 233907, net swerv/lsu/stbuf/_19899_ not found.
[WARNING STA-1650] ./results/nangate45_3D/swerv_wrapper/HBT/6_final.spef line 233908, net swerv/lsu/stbuf/_19838_ not found.
[WARNING STA-1650] ./results/nangate45_3D/swerv_wrapper/HBT/6_final.spef line 233909, net swerv/lsu/stbuf/_19895_ not found.
[WARNING STA-1650] ./results/nangate45_3D/swerv_wrapper/HBT/6_final.spef line 233910, net swerv/lsu/stbuf/_19840_ not found.
[WARNING STA-1650] ./results/nangate45_3D/swerv_wrapper/HBT/6_final.spef line 233911, net swerv/lsu/stbuf/_19896_ not found.
[WARNING STA-1650] ./results/nangate45_3D/swerv_wrapper/HBT/6_final.spef line 233912, net swerv/lsu/stbuf/_19559_ not found.
[WARNING STA-1650] ./results/nangate45_3D/swerv_wrapper/HBT/6_final.spef line 233913, net swerv/lsu/stbuf/_19991_ not found.
[WARNING STA-1650] ./results/nangate45_3D/swerv_wrapper/HBT/6_final.spef line 233914, net swerv/lsu/stbuf/_19502_ not found.
[WARNING STA-1650] ./results/nangate45_3D/swerv_wrapper/HBT/6_final.spef line 233915, net swerv/lsu/stbuf/_19967_ not found.
[WARNING STA-1650] ./results/nangate45_3D/swerv_wrapper/HBT/6_final.spef line 233916, net swerv/lsu/stbuf/_19749_ not found.
[WARNING STA-1650] ./results/nangate45_3D/swerv_wrapper/HBT/6_final.spef line 233917, net swerv/lsu/stbuf/_19863_ not found.
[WARNING STA-1650] ./results/nangate45_3D/swerv_wrapper/HBT/6_final.spef line 233918, net swerv/lsu/stbuf/_19513_ not found.
[WARNING STA-1650] ./results/nangate45_3D/swerv_wrapper/HBT/6_final.spef line 233919, net swerv/lsu/stbuf/_19805_ not found.
[WARNING STA-1650] ./results/nangate45_3D/swerv_wrapper/HBT/6_final.spef line 233920, net swerv/lsu/stbuf/_19919_ not found.
[WARNING STA-1650] ./results/nangate45_3D/swerv_wrapper/HBT/6_final.spef line 233921, net swerv/lsu/stbuf/_19862_ not found.
[WARNING STA-1650] ./results/nangate45_3D/swerv_wrapper/HBT/6_final.spef line 233922, net swerv/lsu/stbuf/_19691_ not found.
[WARNING STA-1650] ./results/nangate45_3D/swerv_wrapper/HBT/6_final.spef line 233923, net swerv/lsu/stbuf/_19748_ not found.
[WARNING STA-1650] ./results/nangate45_3D/swerv_wrapper/HBT/6_final.spef line 233924, net swerv/lsu/stbuf/_19577_ not found.
[WARNING STA-1650] ./results/nangate45_3D/swerv_wrapper/HBT/6_final.spef line 233925, net swerv/lsu/stbuf/_19634_ not found.
[WARNING STA-1650] ./results/nangate45_3D/swerv_wrapper/HBT/6_final.spef line 233926, net swerv/lsu/stbuf/_20027_ not found.
[WARNING STA-1650] ./results/nangate45_3D/swerv_wrapper/HBT/6_final.spef line 233927, net swerv/lsu/stbuf/_19949_ not found.
[WARNING STA-1650] ./results/nangate45_3D/swerv_wrapper/HBT/6_final.spef line 233928, net swerv/lsu/stbuf/_19520_ not found.
[WARNING STA-1650] ./results/nangate45_3D/swerv_wrapper/HBT/6_final.spef line 233929, net swerv/lsu/stbuf/_19622_ not found.
[WARNING STA-1650] ./results/nangate45_3D/swerv_wrapper/HBT/6_final.spef line 233930, net swerv/lsu/stbuf/_19736_ not found.
[WARNING STA-1650] ./results/nangate45_3D/swerv_wrapper/HBT/6_final.spef line 233931, net swerv/lsu/stbuf/_19581_ not found.
[WARNING STA-1650] ./results/nangate45_3D/swerv_wrapper/HBT/6_final.spef line 233932, net swerv/lsu/stbuf/_19589_ not found.
[WARNING STA-1650] ./results/nangate45_3D/swerv_wrapper/HBT/6_final.spef line 233933, net swerv/lsu/stbuf/_19703_ not found.
[WARNING STA-1650] ./results/nangate45_3D/swerv_wrapper/HBT/6_final.spef line 233934, net mem/Gen_dccm_enable_dccm/mem_bank_0__dccm_bank/mem not found.
[WARNING STA-1650] ./results/nangate45_3D/swerv_wrapper/HBT/6_final.spef line 233935, net mem/Gen_dccm_enable_dccm/mem_bank_4__dccm_bank/mem not found.
[WARNING STA-1650] ./results/nangate45_3D/swerv_wrapper/HBT/6_final.spef line 233936, net swerv/lsu/stbuf/_19623_ not found.
[WARNING STA-1650] ./results/nangate45_3D/swerv_wrapper/HBT/6_final.spef line 233937, net swerv/lsu/stbuf/_19859_ not found.
[WARNING STA-1650] ./results/nangate45_3D/swerv_wrapper/HBT/6_final.spef line 233938, net swerv/lsu/stbuf/_19745_ not found.
[WARNING STA-1650] ./results/nangate45_3D/swerv_wrapper/HBT/6_final.spef line 233939, net swerv/lsu/stbuf/_19633_ not found.
[WARNING STA-1650] ./results/nangate45_3D/swerv_wrapper/HBT/6_final.spef line 233940, net swerv/lsu/stbuf/_19678_ not found.
[WARNING STA-1650] ./results/nangate45_3D/swerv_wrapper/HBT/6_final.spef line 233941, net swerv/lsu/stbuf/_19747_ not found.
[WARNING STA-1650] ./results/nangate45_3D/swerv_wrapper/HBT/6_final.spef line 233942, net swerv/lsu/stbuf/_19851_ not found.
[WARNING STA-1650] ./results/nangate45_3D/swerv_wrapper/HBT/6_final.spef line 233943, net swerv/lsu/stbuf/_19849_ not found.
[WARNING STA-1650] ./results/nangate45_3D/swerv_wrapper/HBT/6_final.spef line 233944, net swerv/lsu/stbuf/_19906_ not found.
[WARNING STA-1650] ./results/nangate45_3D/swerv_wrapper/HBT/6_final.spef line 233945, net swerv/lsu/stbuf/_19908_ not found.
[WARNING STA-1650] ./results/nangate45_3D/swerv_wrapper/HBT/6_final.spef line 233946, net swerv/lsu/stbuf/_19861_ not found.
[WARNING STA-1650] ./results/nangate45_3D/swerv_wrapper/HBT/6_final.spef line 233947, net swerv/lsu/stbuf/_19918_ not found.
[WARNING STA-1650] ./results/nangate45_3D/swerv_wrapper/HBT/6_final.spef line 233948, net swerv/lsu/stbuf/_19804_ not found.
[WARNING STA-1650] ./results/nangate45_3D/swerv_wrapper/HBT/6_final.spef line 233949, net swerv/lsu/stbuf/_19794_ not found.
[WARNING STA-1650] ./results/nangate45_3D/swerv_wrapper/HBT/6_final.spef line 233950, net swerv/lsu/stbuf/_19737_ not found.
[WARNING STA-1650] ./results/nangate45_3D/swerv_wrapper/HBT/6_final.spef line 233951, net swerv/lsu/stbuf/_19735_ not found.
[WARNING STA-1650] ./results/nangate45_3D/swerv_wrapper/HBT/6_final.spef line 233952, net swerv/lsu/stbuf/_19792_ not found.
[WARNING STA-1650] ./results/nangate45_3D/swerv_wrapper/HBT/6_final.spef line 233953, net swerv/lsu/stbuf/_19680_ not found.
[WARNING STA-1650] ./results/nangate45_3D/swerv_wrapper/HBT/6_final.spef line 233954, net swerv/lsu/stbuf/_19690_ not found.
[WARNING STA-1650] ./results/nangate45_3D/swerv_wrapper/HBT/6_final.spef line 233955, net swerv/lsu/stbuf/_19621_ not found.
[WARNING STA-1650] ./results/nangate45_3D/swerv_wrapper/HBT/6_final.spef line 233956, net swerv/lsu/stbuf/_19576_ not found.
[WARNING STA-1650] ./results/nangate45_3D/swerv_wrapper/HBT/6_final.spef line 233957, net swerv/lsu/stbuf/_19564_ not found.
[WARNING STA-1650] ./results/nangate45_3D/swerv_wrapper/HBT/6_final.spef line 233958, net swerv/lsu/stbuf/_19515_ not found.
[WARNING STA-1650] ./results/nangate45_3D/swerv_wrapper/HBT/6_final.spef line 233959, net swerv/lsu/stbuf/_19686_ not found.
[WARNING STA-1650] ./results/nangate45_3D/swerv_wrapper/HBT/6_final.spef line 233960, net swerv/lsu/stbuf/_19743_ not found.
[WARNING STA-1650] ./results/nangate45_3D/swerv_wrapper/HBT/6_final.spef line 233961, net swerv/lsu/stbuf/_19688_ not found.
[WARNING STA-1650] ./results/nangate45_3D/swerv_wrapper/HBT/6_final.spef line 233962, net swerv/lsu/stbuf/_19631_ not found.
[WARNING STA-1650] ./results/nangate45_3D/swerv_wrapper/HBT/6_final.spef line 233963, net swerv/lsu/stbuf/_19857_ not found.
[WARNING STA-1650] ./results/nangate45_3D/swerv_wrapper/HBT/6_final.spef line 233964, net swerv/lsu/stbuf/_19916_ not found.
[WARNING STA-1650] ./results/nangate45_3D/swerv_wrapper/HBT/6_final.spef line 233965, net swerv/lsu/stbuf/_19802_ not found.
[WARNING STA-1650] ./results/nangate45_3D/swerv_wrapper/HBT/6_final.spef line 233966, net swerv/lsu/stbuf/_19914_ not found.
[WARNING STA-1650] ./results/nangate45_3D/swerv_wrapper/HBT/6_final.spef line 233967, net swerv/lsu/stbuf/_19800_ not found.
[WARNING STA-1650] ./results/nangate45_3D/swerv_wrapper/HBT/6_final.spef line 233968, net swerv/lsu/stbuf/_19629_ not found.
[WARNING STA-1650] ./results/nangate45_3D/swerv_wrapper/HBT/6_final.spef line 233969, net swerv/lsu/stbuf/_19572_ not found.
[WARNING STA-1650] ./results/nangate45_3D/swerv_wrapper/HBT/6_final.spef line 233970, net mem/icm/ic_data_inst/WAYS_1__SUBBANKS_1__ic_bank_sb_way_data.mem not found.
[WARNING STA-1650] ./results/nangate45_3D/swerv_wrapper/HBT/6_final.spef line 233971, net swerv/ifu/_6152_ not found.
[WARNING STA-1650] ./results/nangate45_3D/swerv_wrapper/HBT/6_final.spef line 233972, net mem/Gen_dccm_enable_dccm/mem_bank_1__dccm_bank/mem not found.
[WARNING STA-1650] ./results/nangate45_3D/swerv_wrapper/HBT/6_final.spef line 233973, net mem/Gen_dccm_enable_dccm/mem_bank_2__dccm_bank/mem not found.
[WARNING STA-1650] ./results/nangate45_3D/swerv_wrapper/HBT/6_final.spef line 233974, net mem/icm/ic_data_inst/WAYS_3__SUBBANKS_1__ic_bank_sb_way_data.mem not found.
[WARNING STA-1650] ./results/nangate45_3D/swerv_wrapper/HBT/6_final.spef line 233975, net mem/icm/ic_data_inst/WAYS_0__SUBBANKS_1__ic_bank_sb_way_data.mem not found.
[WARNING STA-1650] ./results/nangate45_3D/swerv_wrapper/HBT/6_final.spef line 233976, net mem/icm/ic_data_inst/WAYS_1__SUBBANKS_3__ic_bank_sb_way_data.mem not found.
[WARNING STA-1650] ./results/nangate45_3D/swerv_wrapper/HBT/6_final.spef line 233977, net mem/icm/ic_data_inst/WAYS_2__SUBBANKS_3__ic_bank_sb_way_data.mem not found.
[WARNING STA-1650] ./results/nangate45_3D/swerv_wrapper/HBT/6_final.spef line 233978, net swerv/lsu/stbuf/_19956_ not found.
[WARNING STA-1650] ./results/nangate45_3D/swerv_wrapper/HBT/6_final.spef line 233979, net swerv/lsu/stbuf/_19566_ not found.
[WARNING STA-1650] ./results/nangate45_3D/swerv_wrapper/HBT/6_final.spef line 233980, net swerv/lsu/stbuf/_19519_ not found.
[WARNING STA-1650] ./results/nangate45_3D/swerv_wrapper/HBT/6_final.spef line 233981, net swerv/lsu/stbuf/_19509_ not found.
[WARNING STA-1650] ./results/nangate45_3D/swerv_wrapper/HBT/6_final.spef line 233982, net swerv/lsu/stbuf/_19507_ not found.
[WARNING STA-1650] ./results/nangate45_3D/swerv_wrapper/HBT/6_final.spef line 233983, net swerv/lsu/stbuf/_19931_ not found.
[WARNING STA-1650] ./results/nangate45_3D/swerv_wrapper/HBT/6_final.spef line 233984, net swerv/lsu/stbuf/_19874_ not found.
[WARNING STA-1650] ./results/nangate45_3D/swerv_wrapper/HBT/6_final.spef line 233985, net swerv/lsu/stbuf/_19817_ not found.
[WARNING STA-1650] ./results/nangate45_3D/swerv_wrapper/HBT/6_final.spef line 233986, net swerv/lsu/stbuf/_19760_ not found.
[WARNING STA-1650] ./results/nangate45_3D/swerv_wrapper/HBT/6_final.spef line 233987, net swerv/lsu/stbuf/_19646_ not found.
[WARNING STA-1650] ./results/nangate45_3D/swerv_wrapper/HBT/6_final.spef line 233988, net swerv/lsu/stbuf/_19532_ not found.
[WARNING STA-1650] ./results/nangate45_3D/swerv_wrapper/HBT/6_final.spef line 233989, net swerv/lsu/stbuf/_19809_ not found.
[WARNING STA-1650] ./results/nangate45_3D/swerv_wrapper/HBT/6_final.spef line 233990, net swerv/lsu/stbuf/_19752_ not found.
[WARNING STA-1650] ./results/nangate45_3D/swerv_wrapper/HBT/6_final.spef line 233991, net swerv/lsu/stbuf/_19923_ not found.
[WARNING STA-1650] ./results/nangate45_3D/swerv_wrapper/HBT/6_final.spef line 233992, net swerv/lsu/stbuf/_19866_ not found.
[WARNING STA-1650] ./results/nangate45_3D/swerv_wrapper/HBT/6_final.spef line 233993, net swerv/lsu/stbuf/_19638_ not found.
[WARNING STA-1650] ./results/nangate45_3D/swerv_wrapper/HBT/6_final.spef line 233994, net swerv/lsu/stbuf/_19695_ not found.
[WARNING STA-1650] ./results/nangate45_3D/swerv_wrapper/HBT/6_final.spef line 233995, net swerv/lsu/stbuf/_19524_ not found.
[WARNING STA-1650] ./results/nangate45_3D/swerv_wrapper/HBT/6_final.spef line 233996, net swerv/lsu/stbuf/_19517_ not found.
[WARNING STA-1650] ./results/nangate45_3D/swerv_wrapper/HBT/6_final.spef line 233997, net swerv/lsu/stbuf/_19679_ not found.
[WARNING STA-1650] ./results/nangate45_3D/swerv_wrapper/HBT/6_final.spef line 233998, net swerv/lsu/stbuf/_19508_ not found.
[WARNING STA-1650] ./results/nangate45_3D/swerv_wrapper/HBT/6_final.spef line 233999, net swerv/lsu/stbuf/_19565_ not found.
[WARNING STA-1650] ./results/nangate45_3D/swerv_wrapper/HBT/6_final.spef line 234000, net swerv/lsu/stbuf/_19574_ not found.
[WARNING STA-1650] ./results/nangate45_3D/swerv_wrapper/HBT/6_final.spef line 234001, net swerv/lsu/stbuf/_19570_ not found.
[WARNING STA-1650] ./results/nangate45_3D/swerv_wrapper/HBT/6_final.spef line 234002, net swerv/lsu/stbuf/_19627_ not found.
[WARNING STA-1650] ./results/nangate45_3D/swerv_wrapper/HBT/6_final.spef line 234003, net swerv/lsu/stbuf/_19955_ not found.
[WARNING STA-1650] ./results/nangate45_3D/swerv_wrapper/HBT/6_final.spef line 234004, net swerv/lsu/stbuf/_19920_ not found.
[WARNING STA-1650] ./results/nangate45_3D/swerv_wrapper/HBT/6_final.spef line 234005, net swerv/lsu/stbuf/_19950_ not found.
[WARNING STA-1650] ./results/nangate45_3D/swerv_wrapper/HBT/6_final.spef line 234006, net swerv/lsu/_9068_ not found.
[WARNING STA-1650] ./results/nangate45_3D/swerv_wrapper/HBT/6_final.spef line 234007, net swerv/lsu/_9056_ not found.
[WARNING STA-1650] ./results/nangate45_3D/swerv_wrapper/HBT/6_final.spef line 234008, net swerv/lsu/stbuf/_20026_ not found.
[WARNING STA-1650] ./results/nangate45_3D/swerv_wrapper/HBT/6_final.spef line 234009, net swerv/lsu/stbuf/_19616_ not found.
[WARNING STA-1650] ./results/nangate45_3D/swerv_wrapper/HBT/6_final.spef line 234010, net swerv/lsu/stbuf/_19560_ not found.
[WARNING STA-1650] ./results/nangate45_3D/swerv_wrapper/HBT/6_final.spef line 234011, net swerv/lsu/stbuf/_19882_ not found.
[WARNING STA-1650] ./results/nangate45_3D/swerv_wrapper/HBT/6_final.spef line 234012, net swerv/lsu/stbuf/_19881_ not found.
[WARNING STA-1650] ./results/nangate45_3D/swerv_wrapper/HBT/6_final.spef line 234013, net swerv/lsu/stbuf/_19839_ not found.
[WARNING STA-1650] ./results/nangate45_3D/swerv_wrapper/HBT/6_final.spef line 234014, net swerv/lsu/stbuf/_19893_ not found.
[WARNING STA-1650] ./results/nangate45_3D/swerv_wrapper/HBT/6_final.spef line 234015, net swerv/lsu/stbuf/_19836_ not found.
[WARNING STA-1650] ./results/nangate45_3D/swerv_wrapper/HBT/6_final.spef line 234016, net swerv/lsu/stbuf/_19722_ not found.
[WARNING STA-1650] ./results/nangate45_3D/swerv_wrapper/HBT/6_final.spef line 234017, net swerv/lsu/stbuf/_19828_ not found.
[WARNING STA-1650] ./results/nangate45_3D/swerv_wrapper/HBT/6_final.spef line 234018, net swerv/lsu/_8584_ not found.
[WARNING STA-1650] ./results/nangate45_3D/swerv_wrapper/HBT/6_final.spef line 234019, net swerv/lsu/stbuf/_19885_ not found.
[WARNING STA-1650] ./results/nangate45_3D/swerv_wrapper/HBT/6_final.spef line 234020, net swerv/lsu/stbuf/_19720_ not found.
[WARNING STA-1650] ./results/nangate45_3D/swerv_wrapper/HBT/6_final.spef line 234021, net swerv/lsu/stbuf/_19723_ not found.
[WARNING STA-1650] ./results/nangate45_3D/swerv_wrapper/HBT/6_final.spef line 234022, net swerv/lsu/stbuf/_19714_ not found.
[WARNING STA-1650] ./results/nangate45_3D/swerv_wrapper/HBT/6_final.spef line 234023, net swerv/lsu/stbuf/_19897_ not found.
[WARNING STA-1650] ./results/nangate45_3D/swerv_wrapper/HBT/6_final.spef line 234024, net swerv/lsu/stbuf/_19887_ not found.
[WARNING STA-1650] ./results/nangate45_3D/swerv_wrapper/HBT/6_final.spef line 234025, net swerv/lsu/stbuf/_19900_ not found.
[WARNING STA-1650] ./results/nangate45_3D/swerv_wrapper/HBT/6_final.spef line 234026, net swerv/lsu/stbuf/_19830_ not found.
[WARNING STA-1650] ./results/nangate45_3D/swerv_wrapper/HBT/6_final.spef line 234027, net swerv/lsu/stbuf/_19550_ not found.
[WARNING STA-1650] ./results/nangate45_3D/swerv_wrapper/HBT/6_final.spef line 234028, net swerv/lsu/stbuf/_19548_ not found.
[WARNING STA-1650] ./results/nangate45_3D/swerv_wrapper/HBT/6_final.spef line 234029, net swerv/lsu/stbuf/_19495_ not found.
[WARNING STA-1650] ./results/nangate45_3D/swerv_wrapper/HBT/6_final.spef line 234030, net swerv/lsu/stbuf/_19498_ not found.
[WARNING STA-1650] ./results/nangate45_3D/swerv_wrapper/HBT/6_final.spef line 234031, net swerv/lsu/stbuf/_19497_ not found.
[WARNING STA-1650] ./results/nangate45_3D/swerv_wrapper/HBT/6_final.spef line 234032, net swerv/lsu/stbuf/_19499_ not found.
[WARNING STA-1650] ./results/nangate45_3D/swerv_wrapper/HBT/6_final.spef line 234033, net swerv/lsu/stbuf/_19607_ not found.
[WARNING STA-1650] ./results/nangate45_3D/swerv_wrapper/HBT/6_final.spef line 234034, net swerv/lsu/stbuf/_19501_ not found.
[WARNING STA-1650] ./results/nangate45_3D/swerv_wrapper/HBT/6_final.spef line 234035, net swerv/lsu/stbuf/_19558_ not found.
[WARNING STA-1650] ./results/nangate45_3D/swerv_wrapper/HBT/6_final.spef line 234036, net swerv/lsu/_8440_ not found.
[WARNING STA-1650] ./results/nangate45_3D/swerv_wrapper/HBT/6_final.spef line 234037, net swerv/lsu/stbuf/_19552_ not found.
[WARNING STA-1650] ./results/nangate45_3D/swerv_wrapper/HBT/6_final.spef line 234038, net mem/Gen_dccm_enable_dccm/_2386_ not found.
[WARNING STA-1650] ./results/nangate45_3D/swerv_wrapper/HBT/6_final.spef line 234039, net swerv/lsu/stbuf/_19500_ not found.
[WARNING STA-1650] ./results/nangate45_3D/swerv_wrapper/HBT/6_final.spef line 234040, net swerv/lsu/stbuf/_19608_ not found.
[WARNING STA-1650] ./results/nangate45_3D/swerv_wrapper/HBT/6_final.spef line 234041, net swerv/lsu/stbuf/_19613_ not found.
[WARNING STA-1650] ./results/nangate45_3D/swerv_wrapper/HBT/6_final.spef line 234042, net swerv/lsu/stbuf/_19494_ not found.
[WARNING STA-1650] ./results/nangate45_3D/swerv_wrapper/HBT/6_final.spef line 234043, net swerv/lsu/stbuf/_19554_ not found.
[WARNING STA-1650] ./results/nangate45_3D/swerv_wrapper/HBT/6_final.spef line 234044, net mem/Gen_dccm_enable_dccm/_2385_ not found.
[WARNING STA-1650] ./results/nangate45_3D/swerv_wrapper/HBT/6_final.spef line 234045, net mem/Gen_dccm_enable_dccm/_2387_ not found.
[WARNING STA-1650] ./results/nangate45_3D/swerv_wrapper/HBT/6_final.spef line 234046, net swerv/lsu/stbuf/_19557_ not found.
[WARNING STA-1650] ./results/nangate45_3D/swerv_wrapper/HBT/6_final.spef line 234047, net swerv/lsu/_8590_ not found.
[WARNING STA-1650] ./results/nangate45_3D/swerv_wrapper/HBT/6_final.spef line 234048, net swerv/lsu/_8578_ not found.
[WARNING STA-1650] ./results/nangate45_3D/swerv_wrapper/HBT/6_final.spef line 234049, net swerv/lsu/_8582_ not found.
[WARNING STA-1650] ./results/nangate45_3D/swerv_wrapper/HBT/6_final.spef line 234050, net swerv/lsu/_8622_ not found.
[WARNING STA-1650] ./results/nangate45_3D/swerv_wrapper/HBT/6_final.spef line 234051, net swerv/lsu/_8450_ not found.
[WARNING STA-1650] ./results/nangate45_3D/swerv_wrapper/HBT/6_final.spef line 234052, net swerv/lsu/stbuf/_19614_ not found.
[WARNING STA-1650] ./results/nangate45_3D/swerv_wrapper/HBT/6_final.spef line 234053, net swerv/lsu/stbuf/_19602_ not found.
[WARNING STA-1650] ./results/nangate45_3D/swerv_wrapper/HBT/6_final.spef line 234054, net swerv/lsu/_8442_ not found.
[WARNING STA-1650] ./results/nangate45_3D/swerv_wrapper/HBT/6_final.spef line 234055, net swerv/lsu/_8458_ not found.
[WARNING STA-1650] ./results/nangate45_3D/swerv_wrapper/HBT/6_final.spef line 234056, net swerv/lsu/_8448_ not found.
[WARNING STA-1650] ./results/nangate45_3D/swerv_wrapper/HBT/6_final.spef line 234057, net swerv/lsu/_8474_ not found.
[WARNING STA-1650] ./results/nangate45_3D/swerv_wrapper/HBT/6_final.spef line 234058, net swerv/lsu/_8570_ not found.
[WARNING STA-1650] ./results/nangate45_3D/swerv_wrapper/HBT/6_final.spef line 234059, net swerv/lsu/stbuf/_19611_ not found.
[WARNING STA-1650] ./results/nangate45_3D/swerv_wrapper/HBT/6_final.spef line 234060, net swerv/lsu/stbuf/_19604_ not found.
[WARNING STA-1650] ./results/nangate45_3D/swerv_wrapper/HBT/6_final.spef line 234061, net swerv/lsu/stbuf/_19600_ not found.
[WARNING STA-1650] ./results/nangate45_3D/swerv_wrapper/HBT/6_final.spef line 234062, net swerv/lsu/stbuf/_19545_ not found.
[WARNING STA-1650] ./results/nangate45_3D/swerv_wrapper/HBT/6_final.spef line 234063, net swerv/lsu/stbuf/_19547_ not found.
[WARNING STA-1650] ./results/nangate45_3D/swerv_wrapper/HBT/6_final.spef line 234064, net swerv/lsu/stbuf/_19488_ not found.
[WARNING STA-1650] ./results/nangate45_3D/swerv_wrapper/HBT/6_final.spef line 234065, net swerv/lsu/_8454_ not found.
[WARNING STA-1650] ./results/nangate45_3D/swerv_wrapper/HBT/6_final.spef line 234066, net swerv/lsu/_8486_ not found.
[WARNING STA-1650] ./results/nangate45_3D/swerv_wrapper/HBT/6_final.spef line 234067, net swerv/lsu/_8618_ not found.
[WARNING STA-1650] ./results/nangate45_3D/swerv_wrapper/HBT/6_final.spef line 234068, net swerv/lsu/_8494_ not found.
[WARNING STA-1650] ./results/nangate45_3D/swerv_wrapper/HBT/6_final.spef line 234069, net swerv/lsu/_8614_ not found.
[WARNING STA-1650] ./results/nangate45_3D/swerv_wrapper/HBT/6_final.spef line 234070, net swerv/lsu/_8400_ not found.
[WARNING STA-1650] ./results/nangate45_3D/swerv_wrapper/HBT/6_final.spef line 234071, net swerv/lsu/_8488_ not found.
[WARNING STA-1650] ./results/nangate45_3D/swerv_wrapper/HBT/6_final.spef line 234072, net swerv/lsu/_8616_ not found.
[WARNING STA-1650] ./results/nangate45_3D/swerv_wrapper/HBT/6_final.spef line 234073, net swerv/lsu/_8476_ not found.
[WARNING STA-1650] ./results/nangate45_3D/swerv_wrapper/HBT/6_final.spef line 234074, net swerv/lsu/_8586_ not found.
[WARNING STA-1650] ./results/nangate45_3D/swerv_wrapper/HBT/6_final.spef line 234075, net swerv/lsu/_8574_ not found.
[WARNING STA-1650] ./results/nangate45_3D/swerv_wrapper/HBT/6_final.spef line 234076, net swerv/lsu/_8446_ not found.
[WARNING STA-1650] ./results/nangate45_3D/swerv_wrapper/HBT/6_final.spef line 234077, net swerv/lsu/_8492_ not found.
[WARNING STA-1650] ./results/nangate45_3D/swerv_wrapper/HBT/6_final.spef line 234078, net swerv/lsu/_8460_ not found.
[WARNING STA-1650] ./results/nangate45_3D/swerv_wrapper/HBT/6_final.spef line 234079, net swerv/lsu/_8416_ not found.
[WARNING STA-1650] ./results/nangate45_3D/swerv_wrapper/HBT/6_final.spef line 234080, net swerv/lsu/_8428_ not found.
[WARNING STA-1650] ./results/nangate45_3D/swerv_wrapper/HBT/6_final.spef line 234081, net swerv/lsu/_8430_ not found.
[WARNING STA-1650] ./results/nangate45_3D/swerv_wrapper/HBT/6_final.spef line 234082, net swerv/lsu/_8444_ not found.
[WARNING STA-1650] ./results/nangate45_3D/swerv_wrapper/HBT/6_final.spef line 234083, net swerv/lsu/_8412_ not found.
[WARNING STA-1650] ./results/nangate45_3D/swerv_wrapper/HBT/6_final.spef line 234084, net swerv/lsu/_8478_ not found.
[WARNING STA-1650] ./results/nangate45_3D/swerv_wrapper/HBT/6_final.spef line 234085, net swerv/lsu/_8414_ not found.
[WARNING STA-1650] ./results/nangate45_3D/swerv_wrapper/HBT/6_final.spef line 234086, net swerv/lsu/_8462_ not found.
[WARNING STA-1650] ./results/nangate45_3D/swerv_wrapper/HBT/6_final.spef line 234087, net swerv/lsu/_8398_ not found.
[WARNING STA-1650] ./results/nangate45_3D/swerv_wrapper/HBT/6_final.spef line 234088, net swerv/lsu/_8390_ not found.
[WARNING STA-1650] ./results/nangate45_3D/swerv_wrapper/HBT/6_final.spef line 234089, net swerv/lsu/_8396_ not found.
[WARNING STA-1650] ./results/nangate45_3D/swerv_wrapper/HBT/6_final.spef line 234090, net swerv/lsu/_8410_ not found.
[WARNING STA-1650] ./results/nangate45_3D/swerv_wrapper/HBT/6_final.spef line 234091, net swerv/lsu/_8399_ not found.
[WARNING STA-1650] ./results/nangate45_3D/swerv_wrapper/HBT/6_final.spef line 234092, net swerv/lsu/_8367_ not found.
[WARNING STA-1650] ./results/nangate45_3D/swerv_wrapper/HBT/6_final.spef line 234093, net swerv/lsu/_8431_ not found.
[WARNING STA-1650] ./results/nangate45_3D/swerv_wrapper/HBT/6_final.spef line 234094, net swerv/lsu/_8451_ not found.
[WARNING STA-1650] ./results/nangate45_3D/swerv_wrapper/HBT/6_final.spef line 234095, net swerv/lsu/_8419_ not found.
[WARNING STA-1650] ./results/nangate45_3D/swerv_wrapper/HBT/6_final.spef line 234096, net swerv/lsu/_8433_ not found.
[WARNING STA-1650] ./results/nangate45_3D/swerv_wrapper/HBT/6_final.spef line 234097, net swerv/lsu/_8401_ not found.
[WARNING STA-1650] ./results/nangate45_3D/swerv_wrapper/HBT/6_final.spef line 234098, net swerv/lsu/_8449_ not found.
[WARNING STA-1650] ./results/nangate45_3D/swerv_wrapper/HBT/6_final.spef line 234099, net swerv/lsu/_8385_ not found.
[WARNING STA-1650] ./results/nangate45_3D/swerv_wrapper/HBT/6_final.spef line 234100, net swerv/lsu/_8417_ not found.
[WARNING STA-1650] ./results/nangate45_3D/swerv_wrapper/HBT/6_final.spef line 234101, net swerv/lsu/_8369_ not found.
[WARNING STA-1650] ./results/nangate45_3D/swerv_wrapper/HBT/6_final.spef line 234102, net swerv/lsu/_8387_ not found.
[WARNING STA-1650] ./results/nangate45_3D/swerv_wrapper/HBT/6_final.spef line 234103, net swerv/lsu/_8429_ not found.
[WARNING STA-1650] ./results/nangate45_3D/swerv_wrapper/HBT/6_final.spef line 234104, net swerv/lsu/_8377_ not found.
[WARNING STA-1650] ./results/nangate45_3D/swerv_wrapper/HBT/6_final.spef line 234105, net swerv/lsu/_8443_ not found.
[WARNING STA-1650] ./results/nangate45_3D/swerv_wrapper/HBT/6_final.spef line 234106, net swerv/lsu/_8411_ not found.
[WARNING STA-1650] ./results/nangate45_3D/swerv_wrapper/HBT/6_final.spef line 234107, net swerv/lsu/_8379_ not found.
[WARNING STA-1650] ./results/nangate45_3D/swerv_wrapper/HBT/6_final.spef line 234108, net swerv/lsu/_8409_ not found.
[WARNING STA-1650] ./results/nangate45_3D/swerv_wrapper/HBT/6_final.spef line 234109, net swerv/lsu/_8441_ not found.
[WARNING STA-1650] ./results/nangate45_3D/swerv_wrapper/HBT/6_final.spef line 234110, net swerv/lsu/_8397_ not found.
[WARNING STA-1650] ./results/nangate45_3D/swerv_wrapper/HBT/6_final.spef line 234111, net swerv/lsu/_8408_ not found.
[WARNING STA-1650] ./results/nangate45_3D/swerv_wrapper/HBT/6_final.spef line 234112, net swerv/lsu/_8376_ not found.
[WARNING STA-1650] ./results/nangate45_3D/swerv_wrapper/HBT/6_final.spef line 234113, net swerv/lsu/_8461_ not found.
[WARNING STA-1650] ./results/nangate45_3D/swerv_wrapper/HBT/6_final.spef line 234114, net swerv/lsu/_8445_ not found.
[WARNING STA-1650] ./results/nangate45_3D/swerv_wrapper/HBT/6_final.spef line 234115, net swerv/lsu/_8378_ not found.
[WARNING STA-1650] ./results/nangate45_3D/swerv_wrapper/HBT/6_final.spef line 234116, net swerv/lsu/_8382_ not found.
[WARNING STA-1650] ./results/nangate45_3D/swerv_wrapper/HBT/6_final.spef line 234117, net swerv/lsu/_8420_ not found.
[WARNING STA-1650] ./results/nangate45_3D/swerv_wrapper/HBT/6_final.spef line 234118, net swerv/lsu/_8418_ not found.
[WARNING STA-1650] ./results/nangate45_3D/swerv_wrapper/HBT/6_final.spef line 234119, net swerv/lsu/_8421_ not found.
[WARNING STA-1650] ./results/nangate45_3D/swerv_wrapper/HBT/6_final.spef line 234120, net swerv/lsu/_8406_ not found.
[WARNING STA-1650] ./results/nangate45_3D/swerv_wrapper/HBT/6_final.spef line 234121, net swerv/lsu/_8383_ not found.
[WARNING STA-1650] ./results/nangate45_3D/swerv_wrapper/HBT/6_final.spef line 234122, net swerv/lsu/_8415_ not found.
[WARNING STA-1650] ./results/nangate45_3D/swerv_wrapper/HBT/6_final.spef line 234123, net swerv/lsu/_8447_ not found.
[WARNING STA-1650] ./results/nangate45_3D/swerv_wrapper/HBT/6_final.spef line 234124, net swerv/lsu/_8372_ not found.
[WARNING STA-1650] ./results/nangate45_3D/swerv_wrapper/HBT/6_final.spef line 234125, net swerv/lsu/_8394_ not found.
[WARNING STA-1650] ./results/nangate45_3D/swerv_wrapper/HBT/6_final.spef line 234126, net swerv/lsu/_8426_ not found.
[WARNING STA-1650] ./results/nangate45_3D/swerv_wrapper/HBT/6_final.spef line 234127, net swerv/lsu/_8373_ not found.
[WARNING STA-1650] ./results/nangate45_3D/swerv_wrapper/HBT/6_final.spef line 234128, net swerv/lsu/_8403_ not found.
[WARNING STA-1650] ./results/nangate45_3D/swerv_wrapper/HBT/6_final.spef line 234129, net swerv/lsu/_9018_ not found.
[WARNING STA-1650] ./results/nangate45_3D/swerv_wrapper/HBT/6_final.spef line 234130, net swerv/dec/tlu/_11419_ not found.
[WARNING STA-1650] ./results/nangate45_3D/swerv_wrapper/HBT/6_final.spef line 234131, net swerv/dec/tlu/_11435_ not found.
[WARNING STA-1650] ./results/nangate45_3D/swerv_wrapper/HBT/6_final.spef line 234132, net swerv/dec/tlu/_11460_ not found.
[WARNING STA-1650] ./results/nangate45_3D/swerv_wrapper/HBT/6_final.spef line 234133, net swerv/dec/tlu/_12061_ not found.
[WARNING STA-1650] ./results/nangate45_3D/swerv_wrapper/HBT/6_final.spef line 234134, net swerv/lsu/bus_intf/bus_buffer/_21490_ not found.
[WARNING STA-1650] ./results/nangate45_3D/swerv_wrapper/HBT/6_final.spef line 234135, net swerv/lsu/bus_intf/bus_buffer/_21725_ not found.
[WARNING STA-1650] ./results/nangate45_3D/swerv_wrapper/HBT/6_final.spef line 234136, net swerv/lsu/bus_intf/bus_buffer/_22177_ not found.
[WARNING STA-1650] ./results/nangate45_3D/swerv_wrapper/HBT/6_final.spef line 234137, net swerv/lsu/bus_intf/bus_buffer/_21633_ not found.
[WARNING STA-1650] ./results/nangate45_3D/swerv_wrapper/HBT/6_final.spef line 234138, net swerv/lsu/bus_intf/bus_buffer/_22097_ not found.
[WARNING STA-1650] ./results/nangate45_3D/swerv_wrapper/HBT/6_final.spef line 234139, net swerv/dec/tlu/_11448_ not found.
[WARNING STA-1650] ./results/nangate45_3D/swerv_wrapper/HBT/6_final.spef line 234140, net swerv/dec/tlu/_12084_ not found.
[WARNING STA-1650] ./results/nangate45_3D/swerv_wrapper/HBT/6_final.spef line 234141, net swerv/dec/tlu/_12024_ not found.
[WARNING STA-1650] ./results/nangate45_3D/swerv_wrapper/HBT/6_final.spef line 234142, net swerv/dec/tlu/_12218_ not found.
[WARNING STA-1650] ./results/nangate45_3D/swerv_wrapper/HBT/6_final.spef line 234143, net swerv/dec/tlu/_12216_ not found.
[WARNING STA-1650] ./results/nangate45_3D/swerv_wrapper/HBT/6_final.spef line 234144, net swerv/dec/tlu/_12212_ not found.
[WARNING STA-1650] ./results/nangate45_3D/swerv_wrapper/HBT/6_final.spef line 234145, net swerv/dec/tlu/_11685_ not found.
[WARNING STA-1650] ./results/nangate45_3D/swerv_wrapper/HBT/6_final.spef line 234146, net swerv/dec/tlu/_12186_ not found.
[WARNING STA-1650] ./results/nangate45_3D/swerv_wrapper/HBT/6_final.spef line 234147, net swerv/dec/tlu/_11860_ not found.
[WARNING STA-1650] ./results/nangate45_3D/swerv_wrapper/HBT/6_final.spef line 234148, net swerv/dec/tlu/_11481_ not found.
[WARNING STA-1650] ./results/nangate45_3D/swerv_wrapper/HBT/6_final.spef line 234149, net swerv/lsu/bus_intf/bus_buffer/_21402_ not found.
[WARNING STA-1650] ./results/nangate45_3D/swerv_wrapper/HBT/6_final.spef line 234150, net swerv/lsu/_8508_ not found.
[WARNING STA-1650] ./results/nangate45_3D/swerv_wrapper/HBT/6_final.spef line 234151, net swerv/lsu/_8522_ not found.
[WARNING STA-1650] ./results/nangate45_3D/swerv_wrapper/HBT/6_final.spef line 234152, net swerv/lsu/bus_intf/bus_buffer/_22269_ not found.
[WARNING STA-1650] ./results/nangate45_3D/swerv_wrapper/HBT/6_final.spef line 234153, net swerv/lsu/bus_intf/bus_buffer/_21389_ not found.
[WARNING STA-1650] ./results/nangate45_3D/swerv_wrapper/HBT/6_final.spef line 234154, net swerv/lsu/_8554_ not found.
[WARNING STA-1650] ./results/nangate45_3D/swerv_wrapper/HBT/6_final.spef line 234155, net swerv/lsu/_8526_ not found.
[WARNING STA-1650] ./results/nangate45_3D/swerv_wrapper/HBT/6_final.spef line 234156, net swerv/lsu/_8540_ not found.
[WARNING STA-1650] ./results/nangate45_3D/swerv_wrapper/HBT/6_final.spef line 234157, net swerv/lsu/_8503_ not found.
[WARNING STA-1650] ./results/nangate45_3D/swerv_wrapper/HBT/6_final.spef line 234158, net swerv/dec/tlu/_11444_ not found.
[WARNING STA-1650] ./results/nangate45_3D/swerv_wrapper/HBT/6_final.spef line 234159, net swerv/dec/tlu/_12086_ not found.
[WARNING STA-1650] ./results/nangate45_3D/swerv_wrapper/HBT/6_final.spef line 234160, net swerv/dec/tlu/_12022_ not found.
[WARNING STA-1650] ./results/nangate45_3D/swerv_wrapper/HBT/6_final.spef line 234161, net swerv/dec/tlu/_11442_ not found.
[WARNING STA-1650] ./results/nangate45_3D/swerv_wrapper/HBT/6_final.spef line 234162, net swerv/dec/tlu/_12150_ not found.
[WARNING STA-1650] ./results/nangate45_3D/swerv_wrapper/HBT/6_final.spef line 234163, net swerv/dec/tlu/_11438_ not found.
[WARNING STA-1650] ./results/nangate45_3D/swerv_wrapper/HBT/6_final.spef line 234164, net swerv/dec/tlu/_12035_ not found.
[WARNING STA-1650] ./results/nangate45_3D/swerv_wrapper/HBT/6_final.spef line 234165, net swerv/dec/tlu/_11682_ not found.
[WARNING STA-1650] ./results/nangate45_3D/swerv_wrapper/HBT/6_final.spef line 234166, net swerv/dec/tlu/_12176_ not found.
[WARNING STA-1650] ./results/nangate45_3D/swerv_wrapper/HBT/6_final.spef line 234167, net swerv/dec/tlu/_12020_ not found.
[WARNING STA-1650] ./results/nangate45_3D/swerv_wrapper/HBT/6_final.spef line 234168, net swerv/dec/tlu/_12178_ not found.
[WARNING STA-1650] ./results/nangate45_3D/swerv_wrapper/HBT/6_final.spef line 234169, net swerv/dec/tlu/_12214_ not found.
[WARNING STA-1650] ./results/nangate45_3D/swerv_wrapper/HBT/6_final.spef line 234170, net swerv/dec/tlu/_12182_ not found.
[WARNING STA-1650] ./results/nangate45_3D/swerv_wrapper/HBT/6_final.spef line 234171, net swerv/dec/tlu/_12180_ not found.
[WARNING STA-1650] ./results/nangate45_3D/swerv_wrapper/HBT/6_final.spef line 234172, net swerv/dec/tlu/_12148_ not found.
[WARNING STA-1650] ./results/nangate45_3D/swerv_wrapper/HBT/6_final.spef line 234173, net swerv/dec/tlu/_11446_ not found.
[WARNING STA-1650] ./results/nangate45_3D/swerv_wrapper/HBT/6_final.spef line 234174, net swerv/dec/tlu/_12026_ not found.
[WARNING STA-1650] ./results/nangate45_3D/swerv_wrapper/HBT/6_final.spef line 234175, net swerv/dec/tlu/_12090_ not found.
[WARNING STA-1650] ./results/nangate45_3D/swerv_wrapper/HBT/6_final.spef line 234176, net swerv/dec/tlu/_12183_ not found.
[WARNING STA-1650] ./results/nangate45_3D/swerv_wrapper/HBT/6_final.spef line 234177, net swerv/dec/tlu/_12154_ not found.
[WARNING STA-1650] ./results/nangate45_3D/swerv_wrapper/HBT/6_final.spef line 234178, net swerv/dec/tlu/_12152_ not found.
[WARNING STA-1650] ./results/nangate45_3D/swerv_wrapper/HBT/6_final.spef line 234179, net swerv/dec/tlu/_12173_ not found.
[WARNING STA-1650] ./results/nangate45_3D/swerv_wrapper/HBT/6_final.spef line 234180, net swerv/dec/tlu/_11387_ not found.
[WARNING STA-1650] ./results/nangate45_3D/swerv_wrapper/HBT/6_final.spef line 234181, net swerv/dec/tlu/_12179_ not found.
[WARNING STA-1650] ./results/nangate45_3D/swerv_wrapper/HBT/6_final.spef line 234182, net swerv/dec/tlu/_12157_ not found.
[WARNING STA-1650] ./results/nangate45_3D/swerv_wrapper/HBT/6_final.spef line 234183, net swerv/dec/tlu/_12189_ not found.
[WARNING STA-1650] ./results/nangate45_3D/swerv_wrapper/HBT/6_final.spef line 234184, net swerv/dec/tlu/_12088_ not found.
[WARNING STA-1650] ./results/nangate45_3D/swerv_wrapper/HBT/6_final.spef line 234185, net swerv/lsu/bus_intf/bus_buffer/_22283_ not found.
[WARNING STA-1650] ./results/nangate45_3D/swerv_wrapper/HBT/6_final.spef line 234186, net swerv/lsu/_9104_ not found.
[WARNING STA-1650] ./results/nangate45_3D/swerv_wrapper/HBT/6_final.spef line 234187, net swerv/lsu/_9101_ not found.
[WARNING STA-1650] ./results/nangate45_3D/swerv_wrapper/HBT/6_final.spef line 234188, net swerv/lsu/bus_intf/bus_buffer/_22256_ not found.
[WARNING STA-1650] ./results/nangate45_3D/swerv_wrapper/HBT/6_final.spef line 234189, net swerv/lsu/bus_intf/bus_buffer/_21791_ not found.
[WARNING STA-1650] ./results/nangate45_3D/swerv_wrapper/HBT/6_final.spef line 234190, net swerv/lsu/bus_intf/bus_buffer/_21884_ not found.
[WARNING STA-1650] ./results/nangate45_3D/swerv_wrapper/HBT/6_final.spef line 234191, net swerv/lsu/bus_intf/bus_buffer/_22163_ not found.
[WARNING STA-1650] ./results/nangate45_3D/swerv_wrapper/HBT/6_final.spef line 234192, net swerv/lsu/bus_intf/bus_buffer/_21416_ not found.
[WARNING STA-1650] ./results/nangate45_3D/swerv_wrapper/HBT/6_final.spef line 234193, net swerv/lsu/_9118_ not found.
[WARNING STA-1650] ./results/nangate45_3D/swerv_wrapper/HBT/6_final.spef line 234194, net swerv/lsu/bus_intf/bus_buffer/_21491_ not found.
[WARNING STA-1650] ./results/nangate45_3D/swerv_wrapper/HBT/6_final.spef line 234195, net swerv/lsu/_9114_ not found.
[WARNING STA-1650] ./results/nangate45_3D/swerv_wrapper/HBT/6_final.spef line 234196, net swerv/lsu/bus_intf/bus_buffer/_21899_ not found.
[WARNING STA-1650] ./results/nangate45_3D/swerv_wrapper/HBT/6_final.spef line 234197, net swerv/lsu/_9100_ not found.
[WARNING STA-1650] ./results/nangate45_3D/swerv_wrapper/HBT/6_final.spef line 234198, net swerv/lsu/bus_intf/bus_buffer/_21915_ not found.
[WARNING STA-1650] ./results/nangate45_3D/swerv_wrapper/HBT/6_final.spef line 234199, net swerv/lsu/bus_intf/bus_buffer/_21507_ not found.
[WARNING STA-1650] ./results/nangate45_3D/swerv_wrapper/HBT/6_final.spef line 234200, net swerv/lsu/_9107_ not found.
[WARNING STA-1650] ./results/nangate45_3D/swerv_wrapper/HBT/6_final.spef line 234201, net swerv/lsu/_9120_ not found.
[WARNING STA-1650] ./results/nangate45_3D/swerv_wrapper/HBT/6_final.spef line 234202, net swerv/lsu/_9115_ not found.
[WARNING STA-1650] ./results/nangate45_3D/swerv_wrapper/HBT/6_final.spef line 234203, net swerv/lsu/_9124_ not found.
[WARNING STA-1650] ./results/nangate45_3D/swerv_wrapper/HBT/6_final.spef line 234204, net swerv/lsu/_9073_ not found.
[WARNING STA-1650] ./results/nangate45_3D/swerv_wrapper/HBT/6_final.spef line 234205, net swerv/lsu/_9069_ not found.
[WARNING STA-1650] ./results/nangate45_3D/swerv_wrapper/HBT/6_final.spef line 234206, net swerv/dec/tlu/_11389_ not found.
[WARNING STA-1650] ./results/nangate45_3D/swerv_wrapper/HBT/6_final.spef line 234207, net swerv/dec/tlu/_11393_ not found.
[WARNING STA-1650] ./results/nangate45_3D/swerv_wrapper/HBT/6_final.spef line 234208, net swerv/dec/tlu/_12171_ not found.
[WARNING STA-1650] ./results/nangate45_3D/swerv_wrapper/HBT/6_final.spef line 234209, net swerv/dec/tlu/_12067_ not found.
[WARNING STA-1650] ./results/nangate45_3D/swerv_wrapper/HBT/6_final.spef line 234210, net swerv/dec/tlu/_12071_ not found.
[WARNING STA-1650] ./results/nangate45_3D/swerv_wrapper/HBT/6_final.spef line 234211, net swerv/dec/tlu/_11454_ not found.
[WARNING STA-1650] ./results/nangate45_3D/swerv_wrapper/HBT/6_final.spef line 234212, net swerv/dec/tlu/_11995_ not found.
[WARNING STA-1650] ./results/nangate45_3D/swerv_wrapper/HBT/6_final.spef line 234213, net swerv/dec/tlu/_11999_ not found.
[WARNING STA-1650] ./results/nangate45_3D/swerv_wrapper/HBT/6_final.spef line 234214, net swerv/dec/tlu/_11450_ not found.
[WARNING STA-1650] ./results/nangate45_3D/swerv_wrapper/HBT/6_final.spef line 234215, net swerv/dec/tlu/_11803_ not found.
[WARNING STA-1650] ./results/nangate45_3D/swerv_wrapper/HBT/6_final.spef line 234216, net swerv/_10075_ not found.
[WARNING STA-1650] ./results/nangate45_3D/swerv_wrapper/HBT/6_final.spef line 234217, net swerv/lsu/stbuf/_19970_ not found.
[WARNING STA-1650] ./results/nangate45_3D/swerv_wrapper/HBT/6_final.spef line 234218, net swerv/dec/tlu/_11449_ not found.
[WARNING STA-1650] ./results/nangate45_3D/swerv_wrapper/HBT/6_final.spef line 234219, net swerv/dec/tlu/_11469_ not found.
[WARNING STA-1650] ./results/nangate45_3D/swerv_wrapper/HBT/6_final.spef line 234220, net swerv/dec/tlu/_11461_ not found.
[WARNING STA-1650] ./results/nangate45_3D/swerv_wrapper/HBT/6_final.spef line 234221, net swerv/dec/tlu/_11459_ not found.
[WARNING STA-1650] ./results/nangate45_3D/swerv_wrapper/HBT/6_final.spef line 234222, net swerv/dec/tlu/_11426_ not found.
[WARNING STA-1650] ./results/nangate45_3D/swerv_wrapper/HBT/6_final.spef line 234223, net swerv/dec/tlu/_12070_ not found.
[WARNING STA-1650] ./results/nangate45_3D/swerv_wrapper/HBT/6_final.spef line 234224, net swerv/dec/tlu/_12072_ not found.
[WARNING STA-1650] ./results/nangate45_3D/swerv_wrapper/HBT/6_final.spef line 234225, net swerv/dec/tlu/_12010_ not found.
[WARNING STA-1650] ./results/nangate45_3D/swerv_wrapper/HBT/6_final.spef line 234226, net swerv/dec/tlu/_11428_ not found.
[WARNING STA-1650] ./results/nangate45_3D/swerv_wrapper/HBT/6_final.spef line 234227, net swerv/dec/tlu/_11430_ not found.
[WARNING STA-1650] ./results/nangate45_3D/swerv_wrapper/HBT/6_final.spef line 234228, net swerv/dec/tlu/_11432_ not found.
[WARNING STA-1650] ./results/nangate45_3D/swerv_wrapper/HBT/6_final.spef line 234229, net swerv/dec/tlu/_11467_ not found.
[WARNING STA-1650] ./results/nangate45_3D/swerv_wrapper/HBT/6_final.spef line 234230, net swerv/dec/tlu/_11436_ not found.
[WARNING STA-1650] ./results/nangate45_3D/swerv_wrapper/HBT/6_final.spef line 234231, net swerv/dec/tlu/_11434_ not found.
[WARNING STA-1650] ./results/nangate45_3D/swerv_wrapper/HBT/6_final.spef line 234232, net swerv/dec/tlu/_12059_ not found.
[WARNING STA-1650] ./results/nangate45_3D/swerv_wrapper/HBT/6_final.spef line 234233, net swerv/dec/tlu/_12063_ not found.
[WARNING STA-1650] ./results/nangate45_3D/swerv_wrapper/HBT/6_final.spef line 234234, net swerv/lsu/stbuf/_19869_ not found.
[WARNING STA-1650] ./results/nangate45_3D/swerv_wrapper/HBT/6_final.spef line 234235, net swerv/lsu/stbuf/_19580_ not found.
[WARNING STA-1650] ./results/nangate45_3D/swerv_wrapper/HBT/6_final.spef line 234236, net swerv/_09640_ not found.
[WARNING STA-1650] ./results/nangate45_3D/swerv_wrapper/HBT/6_final.spef line 234237, net swerv/lsu/stbuf/_19637_ not found.
[WARNING STA-1650] ./results/nangate45_3D/swerv_wrapper/HBT/6_final.spef line 234238, net swerv/lsu/stbuf/_19523_ not found.
[WARNING STA-1650] ./results/nangate45_3D/swerv_wrapper/HBT/6_final.spef line 234239, net swerv/lsu/stbuf/_19751_ not found.
[WARNING STA-1650] ./results/nangate45_3D/swerv_wrapper/HBT/6_final.spef line 234240, net swerv/dec/tlu/_12074_ not found.
[WARNING STA-1650] ./results/nangate45_3D/swerv_wrapper/HBT/6_final.spef line 234241, net swerv/lsu/stbuf/_19930_ not found.
[WARNING STA-1650] ./results/nangate45_3D/swerv_wrapper/HBT/6_final.spef line 234242, net swerv/lsu/stbuf/_19820_ not found.
[WARNING STA-1650] ./results/nangate45_3D/swerv_wrapper/HBT/6_final.spef line 234243, net swerv/lsu/stbuf/_19934_ not found.
[WARNING STA-1650] ./results/nangate45_3D/swerv_wrapper/HBT/6_final.spef line 234244, net swerv/lsu/stbuf/_19877_ not found.
[WARNING STA-1650] ./results/nangate45_3D/swerv_wrapper/HBT/6_final.spef line 234245, net swerv/lsu/stbuf/_19873_ not found.
[WARNING STA-1650] ./results/nangate45_3D/swerv_wrapper/HBT/6_final.spef line 234246, net swerv/lsu/stbuf/_19702_ not found.
[WARNING STA-1650] ./results/nangate45_3D/swerv_wrapper/HBT/6_final.spef line 234247, net swerv/lsu/stbuf/_19535_ not found.
[WARNING STA-1650] ./results/nangate45_3D/swerv_wrapper/HBT/6_final.spef line 234248, net swerv/lsu/stbuf/_19592_ not found.
[WARNING STA-1650] ./results/nangate45_3D/swerv_wrapper/HBT/6_final.spef line 234249, net swerv/lsu/stbuf/_19706_ not found.
[WARNING STA-1650] ./results/nangate45_3D/swerv_wrapper/HBT/6_final.spef line 234250, net swerv/lsu/stbuf/_19763_ not found.
[WARNING STA-1650] ./results/nangate45_3D/swerv_wrapper/HBT/6_final.spef line 234251, net swerv/lsu/stbuf/_19649_ not found.
[WARNING STA-1650] ./results/nangate45_3D/swerv_wrapper/HBT/6_final.spef line 234252, net swerv/lsu/stbuf/_19588_ not found.
[WARNING STA-1650] ./results/nangate45_3D/swerv_wrapper/HBT/6_final.spef line 234253, net swerv/lsu/stbuf/_19759_ not found.
[WARNING STA-1650] ./results/nangate45_3D/swerv_wrapper/HBT/6_final.spef line 234254, net swerv/lsu/stbuf/_19810_ not found.
[WARNING STA-1650] ./results/nangate45_3D/swerv_wrapper/HBT/6_final.spef line 234255, net swerv/lsu/stbuf/_19816_ not found.
[WARNING STA-1650] ./results/nangate45_3D/swerv_wrapper/HBT/6_final.spef line 234256, net swerv/dec/tlu/_12206_ not found.
[WARNING STA-1650] ./results/nangate45_3D/swerv_wrapper/HBT/6_final.spef line 234257, net swerv/dec/tlu/_12204_ not found.
[WARNING STA-1650] ./results/nangate45_3D/swerv_wrapper/HBT/6_final.spef line 234258, net swerv/lsu/stbuf/_19867_ not found.
[WARNING STA-1650] ./results/nangate45_3D/swerv_wrapper/HBT/6_final.spef line 234259, net swerv/lsu/stbuf/_19924_ not found.
[WARNING STA-1650] ./results/nangate45_3D/swerv_wrapper/HBT/6_final.spef line 234260, net swerv/lsu/stbuf/_19753_ not found.
[WARNING STA-1650] ./results/nangate45_3D/swerv_wrapper/HBT/6_final.spef line 234261, net swerv/lsu/stbuf/_19531_ not found.
[WARNING STA-1650] ./results/nangate45_3D/swerv_wrapper/HBT/6_final.spef line 234262, net swerv/lsu/stbuf/_19645_ not found.
[WARNING STA-1650] ./results/nangate45_3D/swerv_wrapper/HBT/6_final.spef line 234263, net swerv/lsu/stbuf/_19808_ not found.
[WARNING STA-1650] ./results/nangate45_3D/swerv_wrapper/HBT/6_final.spef line 234264, net swerv/lsu/stbuf/_19694_ not found.
[WARNING STA-1650] ./results/nangate45_3D/swerv_wrapper/HBT/6_final.spef line 234265, net swerv/lsu/stbuf/_19865_ not found.
[WARNING STA-1650] ./results/nangate45_3D/swerv_wrapper/HBT/6_final.spef line 234266, net swerv/lsu/stbuf/_19922_ not found.
[WARNING STA-1650] ./results/nangate45_3D/swerv_wrapper/HBT/6_final.spef line 234267, net swerv/lsu/stbuf/_19926_ not found.
[WARNING STA-1650] ./results/nangate45_3D/swerv_wrapper/HBT/6_final.spef line 234268, net swerv/lsu/stbuf/_19698_ not found.
[WARNING STA-1650] ./results/nangate45_3D/swerv_wrapper/HBT/6_final.spef line 234269, net swerv/lsu/stbuf/_19986_ not found.
[WARNING STA-1650] ./results/nangate45_3D/swerv_wrapper/HBT/6_final.spef line 234270, net swerv/dec/tlu/_12078_ not found.
[WARNING STA-1650] ./results/nangate45_3D/swerv_wrapper/HBT/6_final.spef line 234271, net swerv/dec/tlu/_12076_ not found.
[WARNING STA-1650] ./results/nangate45_3D/swerv_wrapper/HBT/6_final.spef line 234272, net swerv/dec/tlu/_11421_ not found.
[WARNING STA-1650] ./results/nangate45_3D/swerv_wrapper/HBT/6_final.spef line 234273, net swerv/dec/tlu/_11417_ not found.
[WARNING STA-1650] ./results/nangate45_3D/swerv_wrapper/HBT/6_final.spef line 234274, net swerv/dec/tlu/_12187_ not found.
[WARNING STA-1650] ./results/nangate45_3D/swerv_wrapper/HBT/6_final.spef line 234275, net swerv/dec/tlu/_12191_ not found.
[WARNING STA-1650] ./results/nangate45_3D/swerv_wrapper/HBT/6_final.spef line 234276, net swerv/dec/tlu/_11458_ not found.
[WARNING STA-1650] ./results/nangate45_3D/swerv_wrapper/HBT/6_final.spef line 234277, net swerv/dec/tlu/_11462_ not found.
[WARNING STA-1650] ./results/nangate45_3D/swerv_wrapper/HBT/6_final.spef line 234278, net swerv/dec/tlu/_12007_ not found.
[WARNING STA-1650] ./results/nangate45_3D/swerv_wrapper/HBT/6_final.spef line 234279, net swerv/dec/tlu/_12003_ not found.
[WARNING STA-1650] ./results/nangate45_3D/swerv_wrapper/HBT/6_final.spef line 234280, net swerv/dec/tlu/_12155_ not found.
[WARNING STA-1650] ./results/nangate45_3D/swerv_wrapper/HBT/6_final.spef line 234281, net swerv/dec/tlu/_12163_ not found.
[WARNING STA-1650] ./results/nangate45_3D/swerv_wrapper/HBT/6_final.spef line 234282, net swerv/dec/tlu/_11429_ not found.
[WARNING STA-1650] ./results/nangate45_3D/swerv_wrapper/HBT/6_final.spef line 234283, net swerv/lsu/_9090_ not found.
[WARNING STA-1650] ./results/nangate45_3D/swerv_wrapper/HBT/6_final.spef line 234284, net swerv/lsu/_9085_ not found.
[WARNING STA-1650] ./results/nangate45_3D/swerv_wrapper/HBT/6_final.spef line 234285, net swerv/lsu/_9128_ not found.
[WARNING STA-1650] ./results/nangate45_3D/swerv_wrapper/HBT/6_final.spef line 234286, net swerv/lsu/_9111_ not found.
[WARNING STA-1650] ./results/nangate45_3D/swerv_wrapper/HBT/6_final.spef line 234287, net swerv/lsu/_9084_ not found.
[WARNING STA-1650] ./results/nangate45_3D/swerv_wrapper/HBT/6_final.spef line 234288, net swerv/_10088_ not found.
[WARNING STA-1650] ./results/nangate45_3D/swerv_wrapper/HBT/6_final.spef line 234289, net swerv/lsu/_9074_ not found.
[WARNING STA-1650] ./results/nangate45_3D/swerv_wrapper/HBT/6_final.spef line 234290, net swerv/lsu/_9055_ not found.
[WARNING STA-1650] ./results/nangate45_3D/swerv_wrapper/HBT/6_final.spef line 234291, net swerv/lsu/_9122_ not found.
[WARNING STA-1650] ./results/nangate45_3D/swerv_wrapper/HBT/6_final.spef line 234292, net swerv/_10094_ not found.
[WARNING STA-1650] ./results/nangate45_3D/swerv_wrapper/HBT/6_final.spef line 234293, net swerv/_10102_ not found.
[WARNING STA-1650] ./results/nangate45_3D/swerv_wrapper/HBT/6_final.spef line 234294, net swerv/lsu/stbuf/_19826_ not found.
[WARNING STA-1650] ./results/nangate45_3D/swerv_wrapper/HBT/6_final.spef line 234295, net swerv/lsu/stbuf/_19586_ not found.
[WARNING STA-1650] ./results/nangate45_3D/swerv_wrapper/HBT/6_final.spef line 234296, net swerv/_10108_ not found.
[WARNING STA-1650] ./results/nangate45_3D/swerv_wrapper/HBT/6_final.spef line 234297, net swerv/lsu/stbuf/_19561_ not found.
[WARNING STA-1650] ./results/nangate45_3D/swerv_wrapper/HBT/6_final.spef line 234298, net swerv/_10119_ not found.
[WARNING STA-1650] ./results/nangate45_3D/swerv_wrapper/HBT/6_final.spef line 234299, net swerv/lsu/stbuf/_19541_ not found.
[WARNING STA-1650] ./results/nangate45_3D/swerv_wrapper/HBT/6_final.spef line 234300, net swerv/lsu/stbuf/_19732_ not found.
[WARNING STA-1650] ./results/nangate45_3D/swerv_wrapper/HBT/6_final.spef line 234301, net swerv/lsu/stbuf/_19846_ not found.
[WARNING STA-1650] ./results/nangate45_3D/swerv_wrapper/HBT/6_final.spef line 234302, net swerv/lsu/stbuf/_19643_ not found.
[WARNING STA-1650] ./results/nangate45_3D/swerv_wrapper/HBT/6_final.spef line 234303, net swerv/lsu/stbuf/_19871_ not found.
[WARNING STA-1650] ./results/nangate45_3D/swerv_wrapper/HBT/6_final.spef line 234304, net swerv/lsu/stbuf/_19708_ not found.
[WARNING STA-1650] ./results/nangate45_3D/swerv_wrapper/HBT/6_final.spef line 234305, net swerv/lsu/stbuf/_19936_ not found.
[WARNING STA-1650] ./results/nangate45_3D/swerv_wrapper/HBT/6_final.spef line 234306, net swerv/lsu/stbuf/_19879_ not found.
[WARNING STA-1650] ./results/nangate45_3D/swerv_wrapper/HBT/6_final.spef line 234307, net swerv/_10111_ not found.
[WARNING STA-1650] ./results/nangate45_3D/swerv_wrapper/HBT/6_final.spef line 234308, net swerv/lsu/stbuf/_19765_ not found.
[WARNING STA-1650] ./results/nangate45_3D/swerv_wrapper/HBT/6_final.spef line 234309, net swerv/lsu/stbuf/_19822_ not found.
[WARNING STA-1650] ./results/nangate45_3D/swerv_wrapper/HBT/6_final.spef line 234310, net swerv/lsu/stbuf/_19640_ not found.
[WARNING STA-1650] ./results/nangate45_3D/swerv_wrapper/HBT/6_final.spef line 234311, net swerv/lsu/stbuf/_19697_ not found.
[WARNING STA-1650] ./results/nangate45_3D/swerv_wrapper/HBT/6_final.spef line 234312, net swerv/lsu/stbuf/_19754_ not found.
[WARNING STA-1650] ./results/nangate45_3D/swerv_wrapper/HBT/6_final.spef line 234313, net swerv/lsu/stbuf/_19811_ not found.
[WARNING STA-1650] ./results/nangate45_3D/swerv_wrapper/HBT/6_final.spef line 234314, net swerv/lsu/stbuf/_19868_ not found.
[WARNING STA-1650] ./results/nangate45_3D/swerv_wrapper/HBT/6_final.spef line 234315, net swerv/lsu/stbuf/_19925_ not found.
[WARNING STA-1650] ./results/nangate45_3D/swerv_wrapper/HBT/6_final.spef line 234316, net swerv/_10085_ not found.
[WARNING STA-1650] ./results/nangate45_3D/swerv_wrapper/HBT/6_final.spef line 234317, net swerv/lsu/stbuf/_19814_ not found.
[WARNING STA-1650] ./results/nangate45_3D/swerv_wrapper/HBT/6_final.spef line 234318, net swerv/lsu/stbuf/_19757_ not found.
[WARNING STA-1650] ./results/nangate45_3D/swerv_wrapper/HBT/6_final.spef line 234319, net swerv/lsu/stbuf/_19700_ not found.
[WARNING STA-1650] ./results/nangate45_3D/swerv_wrapper/HBT/6_final.spef line 234320, net swerv/lsu/stbuf/_19789_ not found.
[WARNING STA-1650] ./results/nangate45_3D/swerv_wrapper/HBT/6_final.spef line 234321, net swerv/_10101_ not found.
[WARNING STA-1650] ./results/nangate45_3D/swerv_wrapper/HBT/6_final.spef line 234322, net swerv/_10093_ not found.
[WARNING STA-1650] ./results/nangate45_3D/swerv_wrapper/HBT/6_final.spef line 234323, net swerv/lsu/stbuf/_19883_ not found.
[WARNING STA-1650] ./results/nangate45_3D/swerv_wrapper/HBT/6_final.spef line 234324, net swerv/lsu/stbuf/_19903_ not found.
[WARNING STA-1650] ./results/nangate45_3D/swerv_wrapper/HBT/6_final.spef line 234325, net swerv/_10100_ not found.
[WARNING STA-1650] ./results/nangate45_3D/swerv_wrapper/HBT/6_final.spef line 234326, net swerv/lsu/stbuf/_19769_ not found.
[WARNING STA-1650] ./results/nangate45_3D/swerv_wrapper/HBT/6_final.spef line 234327, net swerv/lsu/stbuf/_19715_ not found.
[WARNING STA-1650] ./results/nangate45_3D/swerv_wrapper/HBT/6_final.spef line 234328, net swerv/lsu/stbuf/_19886_ not found.
[WARNING STA-1650] ./results/nangate45_3D/swerv_wrapper/HBT/6_final.spef line 234329, net swerv/_10104_ not found.
[WARNING STA-1650] ./results/nangate45_3D/swerv_wrapper/HBT/6_final.spef line 234330, net swerv/_10107_ not found.
[WARNING STA-1650] ./results/nangate45_3D/swerv_wrapper/HBT/6_final.spef line 234331, net swerv/_10115_ not found.
[WARNING STA-1650] ./results/nangate45_3D/swerv_wrapper/HBT/6_final.spef line 234332, net swerv/_10114_ not found.
[WARNING STA-1650] ./results/nangate45_3D/swerv_wrapper/HBT/6_final.spef line 234333, net swerv/_10106_ not found.
[WARNING STA-1650] ./results/nangate45_3D/swerv_wrapper/HBT/6_final.spef line 234334, net swerv/lsu/stbuf/_19487_ not found.
[WARNING STA-1650] ./results/nangate45_3D/swerv_wrapper/HBT/6_final.spef line 234335, net swerv/lsu/stbuf/_19544_ not found.
[WARNING STA-1650] ./results/nangate45_3D/swerv_wrapper/HBT/6_final.spef line 234336, net swerv/lsu/stbuf/_19601_ not found.
[WARNING STA-1650] ./results/nangate45_3D/swerv_wrapper/HBT/6_final.spef line 234337, net swerv/_10098_ not found.
[WARNING STA-1650] ./results/nangate45_3D/swerv_wrapper/HBT/6_final.spef line 234338, net swerv/_10083_ not found.
[WARNING STA-1650] ./results/nangate45_3D/swerv_wrapper/HBT/6_final.spef line 234339, net swerv/lsu/_9105_ not found.
[WARNING STA-1650] ./results/nangate45_3D/swerv_wrapper/HBT/6_final.spef line 234340, net swerv/lsu/_9113_ not found.
[WARNING STA-1650] ./results/nangate45_3D/swerv_wrapper/HBT/6_final.spef line 234341, net swerv/lsu/_9117_ not found.
[WARNING STA-1650] ./results/nangate45_3D/swerv_wrapper/HBT/6_final.spef line 234342, net swerv/lsu/_9064_ not found.
[WARNING STA-1650] ./results/nangate45_3D/swerv_wrapper/HBT/6_final.spef line 234343, net swerv/lsu/_9063_ not found.
[WARNING STA-1650] ./results/nangate45_3D/swerv_wrapper/HBT/6_final.spef line 234344, net swerv/lsu/_9058_ not found.
[WARNING STA-1650] ./results/nangate45_3D/swerv_wrapper/HBT/6_final.spef line 234345, net swerv/_10099_ not found.
[WARNING STA-1650] ./results/nangate45_3D/swerv_wrapper/HBT/6_final.spef line 234346, net swerv/lsu/stbuf/_19829_ not found.
[WARNING STA-1650] ./results/nangate45_3D/swerv_wrapper/HBT/6_final.spef line 234347, net swerv/lsu/stbuf/_19772_ not found.
[WARNING STA-1650] ./results/nangate45_3D/swerv_wrapper/HBT/6_final.spef line 234348, net swerv/_10112_ not found.
[WARNING STA-1650] ./results/nangate45_3D/swerv_wrapper/HBT/6_final.spef line 234349, net swerv/_10096_ not found.
[WARNING STA-1650] ./results/nangate45_3D/swerv_wrapper/HBT/6_final.spef line 234350, net swerv/_10091_ not found.
[WARNING STA-1650] ./results/nangate45_3D/swerv_wrapper/HBT/6_final.spef line 234351, net swerv/lsu/_9076_ not found.
[WARNING STA-1650] ./results/nangate45_3D/swerv_wrapper/HBT/6_final.spef line 234352, net swerv/lsu/stbuf/_19928_ not found.
[WARNING STA-1650] ./results/nangate45_3D/swerv_wrapper/HBT/6_final.spef line 234353, net swerv/lsu/stbuf/_19529_ not found.
[WARNING STA-1650] ./results/nangate45_3D/swerv_wrapper/HBT/6_final.spef line 234354, net swerv/_10081_ not found.
[WARNING STA-1650] ./results/nangate45_3D/swerv_wrapper/HBT/6_final.spef line 234355, net swerv/_10103_ not found.
[WARNING STA-1650] ./results/nangate45_3D/swerv_wrapper/HBT/6_final.spef line 234356, net swerv/_10092_ not found.
[WARNING STA-1650] ./results/nangate45_3D/swerv_wrapper/HBT/6_final.spef line 234357, net swerv/lsu/_9065_ not found.
[WARNING STA-1650] ./results/nangate45_3D/swerv_wrapper/HBT/6_final.spef line 234358, net swerv/lsu/_9075_ not found.
[WARNING STA-1650] ./results/nangate45_3D/swerv_wrapper/HBT/6_final.spef line 234359, net swerv/lsu/stbuf/_19963_ not found.
[WARNING STA-1650] ./results/nangate45_3D/swerv_wrapper/HBT/6_final.spef line 234360, net swerv/lsu/stbuf/_19682_ not found.
[WARNING STA-1650] ./results/nangate45_3D/swerv_wrapper/HBT/6_final.spef line 234361, net swerv/lsu/stbuf/_19853_ not found.
[WARNING STA-1650] ./results/nangate45_3D/swerv_wrapper/HBT/6_final.spef line 234362, net swerv/_10193_ not found.
[WARNING STA-1650] ./results/nangate45_3D/swerv_wrapper/HBT/6_final.spef line 234363, net swerv/lsu/stbuf/_19910_ not found.
[WARNING STA-1650] ./results/nangate45_3D/swerv_wrapper/HBT/6_final.spef line 234364, net swerv/_10079_ not found.
[WARNING STA-1650] ./results/nangate45_3D/swerv_wrapper/HBT/6_final.spef line 234365, net swerv/dec/tlu/_11809_ not found.
[WARNING STA-1650] ./results/nangate45_3D/swerv_wrapper/HBT/6_final.spef line 234366, net swerv/_10078_ not found.
[WARNING STA-1650] ./results/nangate45_3D/swerv_wrapper/HBT/6_final.spef line 234367, net swerv/_10177_ not found.
[WARNING STA-1650] ./results/nangate45_3D/swerv_wrapper/HBT/6_final.spef line 234368, net swerv/lsu/stbuf/_19966_ not found.
[WARNING STA-1650] ./results/nangate45_3D/swerv_wrapper/HBT/6_final.spef line 234369, net swerv/dec/tlu/_11465_ not found.
[WARNING STA-1650] ./results/nangate45_3D/swerv_wrapper/HBT/6_final.spef line 234370, net swerv/dec/tlu/_11463_ not found.
[WARNING STA-1650] ./results/nangate45_3D/swerv_wrapper/HBT/6_final.spef line 234371, net swerv/lsu/stbuf/_19796_ not found.
[WARNING STA-1650] ./results/nangate45_3D/swerv_wrapper/HBT/6_final.spef line 234372, net swerv/lsu/stbuf/_19739_ not found.
[WARNING STA-1650] ./results/nangate45_3D/swerv_wrapper/HBT/6_final.spef line 234373, net swerv/_10084_ not found.
[WARNING STA-1650] ./results/nangate45_3D/swerv_wrapper/HBT/6_final.spef line 234374, net swerv/lsu/stbuf/_19971_ not found.
[WARNING STA-1650] ./results/nangate45_3D/swerv_wrapper/HBT/6_final.spef line 234375, net swerv/lsu/stbuf/_19812_ not found.
[WARNING STA-1650] ./results/nangate45_3D/swerv_wrapper/HBT/6_final.spef line 234376, net swerv/lsu/stbuf/_19755_ not found.
[WARNING STA-1650] ./results/nangate45_3D/swerv_wrapper/HBT/6_final.spef line 234377, net swerv/_10087_ not found.
[WARNING STA-1650] ./results/nangate45_3D/swerv_wrapper/HBT/6_final.spef line 234378, net swerv/_10095_ not found.
[WARNING STA-1650] ./results/nangate45_3D/swerv_wrapper/HBT/6_final.spef line 234379, net swerv/lsu/stbuf/_20011_ not found.
[WARNING STA-1650] ./results/nangate45_3D/swerv_wrapper/HBT/6_final.spef line 234380, net swerv/lsu/_9087_ not found.
[WARNING STA-1650] ./results/nangate45_3D/swerv_wrapper/HBT/6_final.spef line 234381, net swerv/lsu/_9095_ not found.
[WARNING STA-1650] ./results/nangate45_3D/swerv_wrapper/HBT/6_final.spef line 234382, net swerv/lsu/stbuf/_19641_ not found.
[WARNING STA-1650] ./results/nangate45_3D/swerv_wrapper/HBT/6_final.spef line 234383, net swerv/lsu/_9091_ not found.
[WARNING STA-1650] ./results/nangate45_3D/swerv_wrapper/HBT/6_final.spef line 234384, net swerv/lsu/_9066_ not found.
[WARNING STA-1650] ./results/nangate45_3D/swerv_wrapper/HBT/6_final.spef line 234385, net swerv/lsu/_9081_ not found.
[WARNING STA-1650] ./results/nangate45_3D/swerv_wrapper/HBT/6_final.spef line 234386, net swerv/lsu/_9077_ not found.
[WARNING STA-1650] ./results/nangate45_3D/swerv_wrapper/HBT/6_final.spef line 234387, net swerv/_10089_ not found.
[WARNING STA-1650] ./results/nangate45_3D/swerv_wrapper/HBT/6_final.spef line 234388, net swerv/lsu/_9086_ not found.
[WARNING STA-1650] ./results/nangate45_3D/swerv_wrapper/HBT/6_final.spef line 234389, net swerv/lsu/_9119_ not found.
[WARNING STA-1650] ./results/nangate45_3D/swerv_wrapper/HBT/6_final.spef line 234390, net swerv/lsu/_9099_ not found.
[WARNING STA-1650] ./results/nangate45_3D/swerv_wrapper/HBT/6_final.spef line 234391, net swerv/lsu/_9088_ not found.
[WARNING STA-1650] ./results/nangate45_3D/swerv_wrapper/HBT/6_final.spef line 234392, net swerv/lsu/_9092_ not found.
[WARNING STA-1650] ./results/nangate45_3D/swerv_wrapper/HBT/6_final.spef line 234393, net swerv/lsu/_9096_ not found.
[WARNING STA-1650] ./results/nangate45_3D/swerv_wrapper/HBT/6_final.spef line 234394, net swerv/lsu/_9094_ not found.
[WARNING STA-1650] ./results/nangate45_3D/swerv_wrapper/HBT/6_final.spef line 234395, net swerv/dec/tlu/_12167_ not found.
[WARNING STA-1650] ./results/nangate45_3D/swerv_wrapper/HBT/6_final.spef line 234396, net swerv/dec/tlu/_11425_ not found.
[WARNING STA-1650] ./results/nangate45_3D/swerv_wrapper/HBT/6_final.spef line 234397, net swerv/dec/tlu/_12195_ not found.
[WARNING STA-1650] ./results/nangate45_3D/swerv_wrapper/HBT/6_final.spef line 234398, net swerv/dec/tlu/_12199_ not found.
[WARNING STA-1650] ./results/nangate45_3D/swerv_wrapper/HBT/6_final.spef line 234399, net swerv/dec/tlu/_12131_ not found.
[WARNING STA-1650] ./results/nangate45_3D/swerv_wrapper/HBT/6_final.spef line 234400, net swerv/dec/tlu/_11397_ not found.
[WARNING STA-1650] ./results/nangate45_3D/swerv_wrapper/HBT/6_final.spef line 234401, net swerv/dec/tlu/_11473_ not found.
[WARNING STA-1650] ./results/nangate45_3D/swerv_wrapper/HBT/6_final.spef line 234402, net swerv/dec/tlu/_11471_ not found.
[WARNING STA-1650] ./results/nangate45_3D/swerv_wrapper/HBT/6_final.spef line 234403, net swerv/dec/tlu/_11440_ not found.
[WARNING STA-1650] ./results/nangate45_3D/swerv_wrapper/HBT/6_final.spef line 234404, net swerv/dec/tlu/_11477_ not found.
[WARNING STA-1650] ./results/nangate45_3D/swerv_wrapper/HBT/6_final.spef line 234405, net swerv/dec/tlu/_12175_ not found.
[WARNING STA-1650] ./results/nangate45_3D/swerv_wrapper/HBT/6_final.spef line 234406, net swerv/dec/tlu/_11475_ not found.
[WARNING STA-1650] ./results/nangate45_3D/swerv_wrapper/HBT/6_final.spef line 234407, net swerv/dec/tlu/_11371_ not found.
[WARNING STA-1650] ./results/nangate45_3D/swerv_wrapper/HBT/6_final.spef line 234408, net swerv/dec/tlu/_12046_ not found.
[WARNING STA-1650] ./results/nangate45_3D/swerv_wrapper/HBT/6_final.spef line 234409, net swerv/dec/tlu/_12095_ not found.
[WARNING STA-1650] ./results/nangate45_3D/swerv_wrapper/HBT/6_final.spef line 234410, net swerv/dec/tlu/_11984_ not found.
[WARNING STA-1650] ./results/nangate45_3D/swerv_wrapper/HBT/6_final.spef line 234411, net swerv/lsu/_9145_ not found.
[WARNING STA-1650] ./results/nangate45_3D/swerv_wrapper/HBT/6_final.spef line 234412, net swerv/lsu/_9134_ not found.
[WARNING STA-1650] ./results/nangate45_3D/swerv_wrapper/HBT/6_final.spef line 234413, net swerv/lsu/_9161_ not found.
[WARNING STA-1650] ./results/nangate45_3D/swerv_wrapper/HBT/6_final.spef line 234414, net swerv/dec/tlu/_11988_ not found.
[WARNING STA-1650] ./results/nangate45_3D/swerv_wrapper/HBT/6_final.spef line 234415, net swerv/dec/tlu/_11716_ not found.
[WARNING STA-1650] ./results/nangate45_3D/swerv_wrapper/HBT/6_final.spef line 234416, net swerv/dec/tlu/_11706_ not found.
[WARNING STA-1650] ./results/nangate45_3D/swerv_wrapper/HBT/6_final.spef line 234417, net swerv/dec/tlu/_11710_ not found.
[WARNING STA-1650] ./results/nangate45_3D/swerv_wrapper/HBT/6_final.spef line 234418, net swerv/dec/tlu/_11714_ not found.
[WARNING STA-1650] ./results/nangate45_3D/swerv_wrapper/HBT/6_final.spef line 234419, net swerv/dec/tlu/_11678_ not found.
[WARNING STA-1650] ./results/nangate45_3D/swerv_wrapper/HBT/6_final.spef line 234420, net swerv/dec/tlu/_11665_ not found.
[WARNING STA-1650] ./results/nangate45_3D/swerv_wrapper/HBT/6_final.spef line 234421, net swerv/lsu/_9157_ not found.
[WARNING STA-1650] ./results/nangate45_3D/swerv_wrapper/HBT/6_final.spef line 234422, net swerv/dec/tlu/_11986_ not found.
[WARNING STA-1650] ./results/nangate45_3D/swerv_wrapper/HBT/6_final.spef line 234423, net swerv/dec/tlu/_11680_ not found.
[WARNING STA-1650] ./results/nangate45_3D/swerv_wrapper/HBT/6_final.spef line 234424, net swerv/dec/tlu/_11712_ not found.
[WARNING STA-1650] ./results/nangate45_3D/swerv_wrapper/HBT/6_final.spef line 234425, net swerv/dec/tlu/_11704_ not found.
[WARNING STA-1650] ./results/nangate45_3D/swerv_wrapper/HBT/6_final.spef line 234426, net swerv/dec/tlu/_11702_ not found.
[WARNING STA-1650] ./results/nangate45_3D/swerv_wrapper/HBT/6_final.spef line 234427, net swerv/dec/tlu/_11402_ not found.
[WARNING STA-1650] ./results/nangate45_3D/swerv_wrapper/HBT/6_final.spef line 234428, net swerv/dec/tlu/_11404_ not found.
[WARNING STA-1650] ./results/nangate45_3D/swerv_wrapper/HBT/6_final.spef line 234429, net swerv/dec/tlu/_11708_ not found.
[WARNING STA-1650] ./results/nangate45_3D/swerv_wrapper/HBT/6_final.spef line 234430, net swerv/dec/tlu/_11698_ not found.
[WARNING STA-1650] ./results/nangate45_3D/swerv_wrapper/HBT/6_final.spef line 234431, net swerv/dec/tlu/_11696_ not found.
[WARNING STA-1650] ./results/nangate45_3D/swerv_wrapper/HBT/6_final.spef line 234432, net swerv/dec/tlu/_11652_ not found.
[WARNING STA-1650] ./results/nangate45_3D/swerv_wrapper/HBT/6_final.spef line 234433, net swerv/dec/tlu/_11736_ not found.
[WARNING STA-1650] ./results/nangate45_3D/swerv_wrapper/HBT/6_final.spef line 234434, net swerv/dec/tlu/_11862_ not found.
[WARNING STA-1650] ./results/nangate45_3D/swerv_wrapper/HBT/6_final.spef line 234435, net swerv/dec/tlu/_11734_ not found.
[WARNING STA-1650] ./results/nangate45_3D/swerv_wrapper/HBT/6_final.spef line 234436, net swerv/dec/tlu/_11726_ not found.
[WARNING STA-1650] ./results/nangate45_3D/swerv_wrapper/HBT/6_final.spef line 234437, net swerv/dec/tlu/_12247_ not found.
[WARNING STA-1650] ./results/nangate45_3D/swerv_wrapper/HBT/6_final.spef line 234438, net swerv/dec/tlu/_11331_ not found.
[WARNING STA-1650] ./results/nangate45_3D/swerv_wrapper/HBT/6_final.spef line 234439, net swerv/lsu/_8748_ not found.
[WARNING STA-1650] ./results/nangate45_3D/swerv_wrapper/HBT/6_final.spef line 234440, net swerv/lsu/_8692_ not found.
[WARNING STA-1650] ./results/nangate45_3D/swerv_wrapper/HBT/6_final.spef line 234441, net swerv/lsu/_8694_ not found.
[WARNING STA-1650] ./results/nangate45_3D/swerv_wrapper/HBT/6_final.spef line 234442, net swerv/lsu/_8732_ not found.
[WARNING STA-1650] ./results/nangate45_3D/swerv_wrapper/HBT/6_final.spef line 234443, net swerv/lsu/_8716_ not found.
[WARNING STA-1650] ./results/nangate45_3D/swerv_wrapper/HBT/6_final.spef line 234444, net swerv/dec/tlu/_11349_ not found.
[WARNING STA-1650] ./results/nangate45_3D/swerv_wrapper/HBT/6_final.spef line 234445, net swerv/dec/tlu/_11351_ not found.
[WARNING STA-1650] ./results/nangate45_3D/swerv_wrapper/HBT/6_final.spef line 234446, net swerv/dec/tlu/_12248_ not found.
[WARNING STA-1650] ./results/nangate45_3D/swerv_wrapper/HBT/6_final.spef line 234447, net swerv/dec/tlu/_11603_ not found.
[WARNING STA-1650] ./results/nangate45_3D/swerv_wrapper/HBT/6_final.spef line 234448, net swerv/dec/tlu/_11823_ not found.
[WARNING STA-1650] ./results/nangate45_3D/swerv_wrapper/HBT/6_final.spef line 234449, net swerv/dec/tlu/_11826_ not found.
[WARNING STA-1650] ./results/nangate45_3D/swerv_wrapper/HBT/6_final.spef line 234450, net swerv/dec/tlu/_11824_ not found.
[WARNING STA-1650] ./results/nangate45_3D/swerv_wrapper/HBT/6_final.spef line 234451, net swerv/dec/tlu/_11828_ not found.
[WARNING STA-1650] ./results/nangate45_3D/swerv_wrapper/HBT/6_final.spef line 234452, net swerv/dec/tlu/_11166_ not found.
[WARNING STA-1650] ./results/nangate45_3D/swerv_wrapper/HBT/6_final.spef line 234453, net swerv/dec/tlu/_11162_ not found.
[WARNING STA-1650] ./results/nangate45_3D/swerv_wrapper/HBT/6_final.spef line 234454, net swerv/dec/tlu/_11918_ not found.
[WARNING STA-1650] ./results/nangate45_3D/swerv_wrapper/HBT/6_final.spef line 234455, net swerv/dec/tlu/_11948_ not found.
[WARNING STA-1650] ./results/nangate45_3D/swerv_wrapper/HBT/6_final.spef line 234456, net swerv/dec/tlu/_11928_ not found.
[WARNING STA-1650] ./results/nangate45_3D/swerv_wrapper/HBT/6_final.spef line 234457, net swerv/dec/tlu/_11949_ not found.
[WARNING STA-1650] ./results/nangate45_3D/swerv_wrapper/HBT/6_final.spef line 234458, net swerv/dec/tlu/_11343_ not found.
[WARNING STA-1650] ./results/nangate45_3D/swerv_wrapper/HBT/6_final.spef line 234459, net swerv/dec/tlu/_11640_ not found.
[WARNING STA-1650] ./results/nangate45_3D/swerv_wrapper/HBT/6_final.spef line 234460, net swerv/dec/tlu/_11344_ not found.
[WARNING STA-1650] ./results/nangate45_3D/swerv_wrapper/HBT/6_final.spef line 234461, net swerv/dec/tlu/_11179_ not found.
[WARNING STA-1650] ./results/nangate45_3D/swerv_wrapper/HBT/6_final.spef line 234462, net swerv/dec/tlu/_11199_ not found.
[WARNING STA-1650] ./results/nangate45_3D/swerv_wrapper/HBT/6_final.spef line 234463, net swerv/dec/tlu/_11296_ not found.
[WARNING STA-1650] ./results/nangate45_3D/swerv_wrapper/HBT/6_final.spef line 234464, net swerv/dec/tlu/_11339_ not found.
[WARNING STA-1650] ./results/nangate45_3D/swerv_wrapper/HBT/6_final.spef line 234465, net swerv/dec/tlu/_11254_ not found.
[WARNING STA-1650] ./results/nangate45_3D/swerv_wrapper/HBT/6_final.spef line 234466, net swerv/dec/tlu/_11336_ not found.
[WARNING STA-1650] ./results/nangate45_3D/swerv_wrapper/HBT/6_final.spef line 234467, net swerv/dec/tlu/_11157_ not found.
[WARNING STA-1650] ./results/nangate45_3D/swerv_wrapper/HBT/6_final.spef line 234468, net swerv/dec/tlu/_11159_ not found.
[WARNING STA-1650] ./results/nangate45_3D/swerv_wrapper/HBT/6_final.spef line 234469, net swerv/dec/tlu/_11155_ not found.
[WARNING STA-1650] ./results/nangate45_3D/swerv_wrapper/HBT/6_final.spef line 234470, net swerv/dec/tlu/_11940_ not found.
[WARNING STA-1650] ./results/nangate45_3D/swerv_wrapper/HBT/6_final.spef line 234471, net swerv/dec/tlu/_11161_ not found.
[WARNING STA-1650] ./results/nangate45_3D/swerv_wrapper/HBT/6_final.spef line 234472, net swerv/dec/tlu/_11920_ not found.
[WARNING STA-1650] ./results/nangate45_3D/swerv_wrapper/HBT/6_final.spef line 234473, net swerv/dec/tlu/_11932_ not found.
[WARNING STA-1650] ./results/nangate45_3D/swerv_wrapper/HBT/6_final.spef line 234474, net swerv/dec/decode/_14754_ not found.
[WARNING STA-1650] ./results/nangate45_3D/swerv_wrapper/HBT/6_final.spef line 234475, net swerv/dec/tlu/_11886_ not found.
[WARNING STA-1650] ./results/nangate45_3D/swerv_wrapper/HBT/6_final.spef line 234476, net swerv/dec/tlu/_11921_ not found.
[WARNING STA-1650] ./results/nangate45_3D/swerv_wrapper/HBT/6_final.spef line 234477, net swerv/dec/tlu/_11951_ not found.
[WARNING STA-1650] ./results/nangate45_3D/swerv_wrapper/HBT/6_final.spef line 234478, net swerv/dec/tlu/_11330_ not found.
[WARNING STA-1650] ./results/nangate45_3D/swerv_wrapper/HBT/6_final.spef line 234479, net swerv/dec/tlu/_12253_ not found.
[WARNING STA-1650] ./results/nangate45_3D/swerv_wrapper/HBT/6_final.spef line 234480, net swerv/dec/tlu/_11332_ not found.
[WARNING STA-1650] ./results/nangate45_3D/swerv_wrapper/HBT/6_final.spef line 234481, net swerv/dec/tlu/_11418_ not found.
[WARNING STA-1650] ./results/nangate45_3D/swerv_wrapper/HBT/6_final.spef line 234482, net swerv/dec/tlu/_12220_ not found.
[WARNING STA-1650] ./results/nangate45_3D/swerv_wrapper/HBT/6_final.spef line 234483, net swerv/dec/tlu/_12235_ not found.
[WARNING STA-1650] ./results/nangate45_3D/swerv_wrapper/HBT/6_final.spef line 234484, net swerv/dec/tlu/_12233_ not found.
[WARNING STA-1650] ./results/nangate45_3D/swerv_wrapper/HBT/6_final.spef line 234485, net swerv/dec/tlu/_12229_ not found.
[WARNING STA-1650] ./results/nangate45_3D/swerv_wrapper/HBT/6_final.spef line 234486, net swerv/dec/tlu/_12227_ not found.
[WARNING STA-1650] ./results/nangate45_3D/swerv_wrapper/HBT/6_final.spef line 234487, net swerv/dec/tlu/_12232_ not found.
[WARNING STA-1650] ./results/nangate45_3D/swerv_wrapper/HBT/6_final.spef line 234488, net swerv/dec/tlu/_12222_ not found.
[WARNING STA-1650] ./results/nangate45_3D/swerv_wrapper/HBT/6_final.spef line 234489, net swerv/dec/tlu/_11962_ not found.
[WARNING STA-1650] ./results/nangate45_3D/swerv_wrapper/HBT/6_final.spef line 234490, net swerv/dec/tlu/_12223_ not found.
[WARNING STA-1650] ./results/nangate45_3D/swerv_wrapper/HBT/6_final.spef line 234491, net swerv/dec/tlu/_12221_ not found.
[WARNING STA-1650] ./results/nangate45_3D/swerv_wrapper/HBT/6_final.spef line 234492, net swerv/dec/tlu/_12156_ not found.
[WARNING STA-1650] ./results/nangate45_3D/swerv_wrapper/HBT/6_final.spef line 234493, net swerv/dec/tlu/_12158_ not found.
[WARNING STA-1650] ./results/nangate45_3D/swerv_wrapper/HBT/6_final.spef line 234494, net swerv/dec/tlu/_12162_ not found.
[WARNING STA-1650] ./results/nangate45_3D/swerv_wrapper/HBT/6_final.spef line 234495, net swerv/dec/tlu/_12224_ not found.
[WARNING STA-1650] ./results/nangate45_3D/swerv_wrapper/HBT/6_final.spef line 234496, net swerv/dec/tlu/_12226_ not found.
[WARNING STA-1650] ./results/nangate45_3D/swerv_wrapper/HBT/6_final.spef line 234497, net swerv/dec/tlu/_12219_ not found.
[WARNING STA-1650] ./results/nangate45_3D/swerv_wrapper/HBT/6_final.spef line 234498, net swerv/dec/tlu/_12241_ not found.
[WARNING STA-1650] ./results/nangate45_3D/swerv_wrapper/HBT/6_final.spef line 234499, net swerv/dec/tlu/_12239_ not found.
[WARNING STA-1650] ./results/nangate45_3D/swerv_wrapper/HBT/6_final.spef line 234500, net swerv/dec/tlu/_12240_ not found.
[WARNING STA-1650] ./results/nangate45_3D/swerv_wrapper/HBT/6_final.spef line 234501, net swerv/dec/tlu/_12242_ not found.
[WARNING STA-1650] ./results/nangate45_3D/swerv_wrapper/HBT/6_final.spef line 234502, net swerv/dec/tlu/_11741_ not found.
[WARNING STA-1650] ./results/nangate45_3D/swerv_wrapper/HBT/6_final.spef line 234503, net swerv/dec/tlu/_12237_ not found.
[WARNING STA-1650] ./results/nangate45_3D/swerv_wrapper/HBT/6_final.spef line 234504, net swerv/dec/tlu/_11392_ not found.
[WARNING STA-1650] ./results/nangate45_3D/swerv_wrapper/HBT/6_final.spef line 234505, net swerv/dec/tlu/_11818_ not found.
[WARNING STA-1650] ./results/nangate45_3D/swerv_wrapper/HBT/6_final.spef line 234506, net swerv/_10073_ not found.
[WARNING STA-1650] ./results/nangate45_3D/swerv_wrapper/HBT/6_final.spef line 234507, net swerv/_10071_ not found.
[WARNING STA-1650] ./results/nangate45_3D/swerv_wrapper/HBT/6_final.spef line 234508, net swerv/dec/tlu/_11812_ not found.
[WARNING STA-1650] ./results/nangate45_3D/swerv_wrapper/HBT/6_final.spef line 234509, net swerv/dec/tlu/_11814_ not found.
[WARNING STA-1650] ./results/nangate45_3D/swerv_wrapper/HBT/6_final.spef line 234510, net swerv/lsu/stbuf/_20019_ not found.
[WARNING STA-1650] ./results/nangate45_3D/swerv_wrapper/HBT/6_final.spef line 234511, net swerv/lsu/_9143_ not found.
[WARNING STA-1650] ./results/nangate45_3D/swerv_wrapper/HBT/6_final.spef line 234512, net swerv/lsu/_9159_ not found.
[WARNING STA-1650] ./results/nangate45_3D/swerv_wrapper/HBT/6_final.spef line 234513, net swerv/dec/tlu/_11817_ not found.
[WARNING STA-1650] ./results/nangate45_3D/swerv_wrapper/HBT/6_final.spef line 234514, net swerv/dec/tlu/_11664_ not found.
[WARNING STA-1650] ./results/nangate45_3D/swerv_wrapper/HBT/6_final.spef line 234515, net swerv/dec/tlu/_11923_ not found.
[WARNING STA-1650] ./results/nangate45_3D/swerv_wrapper/HBT/6_final.spef line 234516, net swerv/dec/tlu/_11666_ not found.
[WARNING STA-1650] ./results/nangate45_3D/swerv_wrapper/HBT/6_final.spef line 234517, net swerv/dec/tlu/_11662_ not found.
[WARNING STA-1650] ./results/nangate45_3D/swerv_wrapper/HBT/6_final.spef line 234518, net swerv/dec/tlu/_11348_ not found.
[WARNING STA-1650] ./results/nangate45_3D/swerv_wrapper/HBT/6_final.spef line 234519, net swerv/dec/tlu/_11938_ not found.
[WARNING STA-1650] ./results/nangate45_3D/swerv_wrapper/HBT/6_final.spef line 234520, net swerv/dec/tlu/_11694_ not found.
[WARNING STA-1650] ./results/nangate45_3D/swerv_wrapper/HBT/6_final.spef line 234521, net swerv/dec/tlu/_11805_ not found.
[WARNING STA-1650] ./results/nangate45_3D/swerv_wrapper/HBT/6_final.spef line 234522, net swerv/dec/tlu/_11807_ not found.
[WARNING STA-1650] ./results/nangate45_3D/swerv_wrapper/HBT/6_final.spef line 234523, net swerv/_10077_ not found.
[WARNING STA-1650] ./results/nangate45_3D/swerv_wrapper/HBT/6_final.spef line 234524, net swerv/dec/tlu/_11863_ not found.
[WARNING STA-1650] ./results/nangate45_3D/swerv_wrapper/HBT/6_final.spef line 234525, net swerv/_10076_ not found.
[WARNING STA-1650] ./results/nangate45_3D/swerv_wrapper/HBT/6_final.spef line 234526, net swerv/dec/tlu/_11815_ not found.
[WARNING STA-1650] ./results/nangate45_3D/swerv_wrapper/HBT/6_final.spef line 234527, net swerv/dec/tlu/_11821_ not found.
[WARNING STA-1650] ./results/nangate45_3D/swerv_wrapper/HBT/6_final.spef line 234528, net swerv/dec/tlu/_11388_ not found.
[WARNING STA-1650] ./results/nangate45_3D/swerv_wrapper/HBT/6_final.spef line 234529, net swerv/dec/tlu/_12160_ not found.
[WARNING STA-1650] ./results/nangate45_3D/swerv_wrapper/HBT/6_final.spef line 234530, net swerv/_10072_ not found.
[WARNING STA-1650] ./results/nangate45_3D/swerv_wrapper/HBT/6_final.spef line 234531, net swerv/_10074_ not found.
[WARNING STA-1650] ./results/nangate45_3D/swerv_wrapper/HBT/6_final.spef line 234532, net swerv/dec/tlu/_12094_ not found.
[WARNING STA-1650] ./results/nangate45_3D/swerv_wrapper/HBT/6_final.spef line 234533, net swerv/dec/tlu/_12092_ not found.
[WARNING STA-1650] ./results/nangate45_3D/swerv_wrapper/HBT/6_final.spef line 234534, net swerv/dec/tlu/_11357_ not found.
[WARNING STA-1650] ./results/nangate45_3D/swerv_wrapper/HBT/6_final.spef line 234535, net swerv/dec/tlu/_11359_ not found.
[WARNING STA-1650] ./results/nangate45_3D/swerv_wrapper/HBT/6_final.spef line 234536, net swerv/dec/tlu/_11996_ not found.
[WARNING STA-1650] ./results/nangate45_3D/swerv_wrapper/HBT/6_final.spef line 234537, net swerv/dec/tlu/_12130_ not found.
[WARNING STA-1650] ./results/nangate45_3D/swerv_wrapper/HBT/6_final.spef line 234538, net swerv/dec/tlu/_11998_ not found.
[WARNING STA-1650] ./results/nangate45_3D/swerv_wrapper/HBT/6_final.spef line 234539, net swerv/dec/tlu/_12126_ not found.
[WARNING STA-1650] ./results/nangate45_3D/swerv_wrapper/HBT/6_final.spef line 234540, net swerv/dec/tlu/_12038_ not found.
[WARNING STA-1650] ./results/nangate45_3D/swerv_wrapper/HBT/6_final.spef line 234541, net swerv/lsu/stbuf/_19954_ not found.
[WARNING STA-1650] ./results/nangate45_3D/swerv_wrapper/HBT/6_final.spef line 234542, net swerv/lsu/stbuf/_19972_ not found.
[WARNING STA-1650] ./results/nangate45_3D/swerv_wrapper/HBT/6_final.spef line 234543, net swerv/lsu/_9152_ not found.
[WARNING STA-1650] ./results/nangate45_3D/swerv_wrapper/HBT/6_final.spef line 234544, net swerv/lsu/stbuf/_20008_ not found.
[WARNING STA-1650] ./results/nangate45_3D/swerv_wrapper/HBT/6_final.spef line 234545, net swerv/lsu/stbuf/_19975_ not found.
[WARNING STA-1650] ./results/nangate45_3D/swerv_wrapper/HBT/6_final.spef line 234546, net swerv/lsu/stbuf/_20006_ not found.
[WARNING STA-1650] ./results/nangate45_3D/swerv_wrapper/HBT/6_final.spef line 234547, net swerv/lsu/stbuf/_20002_ not found.
[WARNING STA-1650] ./results/nangate45_3D/swerv_wrapper/HBT/6_final.spef line 234548, net swerv/lsu/stbuf/_19998_ not found.
[WARNING STA-1650] ./results/nangate45_3D/swerv_wrapper/HBT/6_final.spef line 234549, net swerv/lsu/stbuf/_19985_ not found.
[WARNING STA-1650] ./results/nangate45_3D/swerv_wrapper/HBT/6_final.spef line 234550, net swerv/lsu/stbuf/_20015_ not found.
[WARNING STA-1650] ./results/nangate45_3D/swerv_wrapper/HBT/6_final.spef line 234551, net swerv/lsu/stbuf/_19977_ not found.
[WARNING STA-1650] ./results/nangate45_3D/swerv_wrapper/HBT/6_final.spef line 234552, net swerv/lsu/stbuf/_19993_ not found.
[WARNING STA-1650] ./results/nangate45_3D/swerv_wrapper/HBT/6_final.spef line 234553, net swerv/lsu/stbuf/_19965_ not found.
[WARNING STA-1650] ./results/nangate45_3D/swerv_wrapper/HBT/6_final.spef line 234554, net swerv/lsu/stbuf/_19973_ not found.
[WARNING STA-1650] ./results/nangate45_3D/swerv_wrapper/HBT/6_final.spef line 234555, net swerv/lsu/stbuf/_19957_ not found.
[WARNING STA-1650] ./results/nangate45_3D/swerv_wrapper/HBT/6_final.spef line 234556, net swerv/lsu/stbuf/_19996_ not found.
[WARNING STA-1650] ./results/nangate45_3D/swerv_wrapper/HBT/6_final.spef line 234557, net swerv/lsu/stbuf/_20013_ not found.
[WARNING STA-1650] ./results/nangate45_3D/swerv_wrapper/HBT/6_final.spef line 234558, net swerv/ifu/_6194_ not found.
[WARNING STA-1650] ./results/nangate45_3D/swerv_wrapper/HBT/6_final.spef line 234559, net swerv/lsu/stbuf/_19992_ not found.
[WARNING STA-1650] ./results/nangate45_3D/swerv_wrapper/HBT/6_final.spef line 234560, net swerv/lsu/stbuf/_20022_ not found.
[WARNING STA-1650] ./results/nangate45_3D/swerv_wrapper/HBT/6_final.spef line 234561, net swerv/lsu/stbuf/_20016_ not found.
[WARNING STA-1650] ./results/nangate45_3D/swerv_wrapper/HBT/6_final.spef line 234562, net swerv/lsu/stbuf/_20018_ not found.
[WARNING STA-1650] ./results/nangate45_3D/swerv_wrapper/HBT/6_final.spef line 234563, net swerv/lsu/stbuf/_19988_ not found.
[WARNING STA-1650] ./results/nangate45_3D/swerv_wrapper/HBT/6_final.spef line 234564, net swerv/ifu/_6164_ not found.
[WARNING STA-1650] ./results/nangate45_3D/swerv_wrapper/HBT/6_final.spef line 234565, net swerv/lsu/stbuf/_19989_ not found.
[WARNING STA-1650] ./results/nangate45_3D/swerv_wrapper/HBT/6_final.spef line 234566, net swerv/lsu/stbuf/_19981_ not found.
[WARNING STA-1650] ./results/nangate45_3D/swerv_wrapper/HBT/6_final.spef line 234567, net swerv/_10195_ not found.
[WARNING STA-1650] ./results/nangate45_3D/swerv_wrapper/HBT/6_final.spef line 234568, net swerv/lsu/stbuf/_20024_ not found.
[WARNING STA-1650] ./results/nangate45_3D/swerv_wrapper/HBT/6_final.spef line 234569, net swerv/lsu/stbuf/_20014_ not found.
[WARNING STA-1650] ./results/nangate45_3D/swerv_wrapper/HBT/6_final.spef line 234570, net swerv/lsu/stbuf/_19980_ not found.
[WARNING STA-1650] ./results/nangate45_3D/swerv_wrapper/HBT/6_final.spef line 234571, net swerv/lsu/stbuf/_19982_ not found.
[WARNING STA-1650] ./results/nangate45_3D/swerv_wrapper/HBT/6_final.spef line 234572, net swerv/ifu/_6144_ not found.
[WARNING STA-1650] ./results/nangate45_3D/swerv_wrapper/HBT/6_final.spef line 234573, net swerv/ifu/_6217_ not found.
[WARNING STA-1650] ./results/nangate45_3D/swerv_wrapper/HBT/6_final.spef line 234574, net swerv/ifu/_6221_ not found.
[WARNING STA-1650] ./results/nangate45_3D/swerv_wrapper/HBT/6_final.spef line 234575, net swerv/ifu/_6219_ not found.
[WARNING STA-1650] ./results/nangate45_3D/swerv_wrapper/HBT/6_final.spef line 234576, net swerv/ifu/_6140_ not found.
[WARNING STA-1650] ./results/nangate45_3D/swerv_wrapper/HBT/6_final.spef line 234577, net swerv/ifu/_6220_ not found.
[WARNING STA-1650] ./results/nangate45_3D/swerv_wrapper/HBT/6_final.spef line 234578, net swerv/ifu/_6142_ not found.
[WARNING STA-1650] ./results/nangate45_3D/swerv_wrapper/HBT/6_final.spef line 234579, net swerv/ifu/_5966_ not found.
[WARNING STA-1650] ./results/nangate45_3D/swerv_wrapper/HBT/6_final.spef line 234580, net swerv/ifu/_5964_ not found.
[WARNING STA-1650] ./results/nangate45_3D/swerv_wrapper/HBT/6_final.spef line 234581, net swerv/lsu/stbuf/_19978_ not found.
[WARNING STA-1650] ./results/nangate45_3D/swerv_wrapper/HBT/6_final.spef line 234582, net swerv/lsu/stbuf/_19990_ not found.
[WARNING STA-1650] ./results/nangate45_3D/swerv_wrapper/HBT/6_final.spef line 234583, net swerv/lsu/stbuf/_19984_ not found.
[WARNING STA-1650] ./results/nangate45_3D/swerv_wrapper/HBT/6_final.spef line 234584, net swerv/_10191_ not found.
[WARNING STA-1650] ./results/nangate45_3D/swerv_wrapper/HBT/6_final.spef line 234585, net swerv/_10167_ not found.
[WARNING STA-1650] ./results/nangate45_3D/swerv_wrapper/HBT/6_final.spef line 234586, net swerv/_10185_ not found.
[WARNING STA-1650] ./results/nangate45_3D/swerv_wrapper/HBT/6_final.spef line 234587, net swerv/lsu/_8922_ not found.
[WARNING STA-1650] ./results/nangate45_3D/swerv_wrapper/HBT/6_final.spef line 234588, net swerv/lsu/stbuf/_19999_ not found.
[WARNING STA-1650] ./results/nangate45_3D/swerv_wrapper/HBT/6_final.spef line 234589, net swerv/lsu/stbuf/_20023_ not found.
[WARNING STA-1650] ./results/nangate45_3D/swerv_wrapper/HBT/6_final.spef line 234590, net swerv/lsu/_8940_ not found.
[WARNING STA-1650] ./results/nangate45_3D/swerv_wrapper/HBT/6_final.spef line 234591, net swerv/lsu/stbuf/_19969_ not found.
[WARNING STA-1650] ./results/nangate45_3D/swerv_wrapper/HBT/6_final.spef line 234592, net swerv/lsu/stbuf/_20000_ not found.
[WARNING STA-1650] ./results/nangate45_3D/swerv_wrapper/HBT/6_final.spef line 234593, net swerv/lsu/stbuf/_19958_ not found.
[WARNING STA-1650] ./results/nangate45_3D/swerv_wrapper/HBT/6_final.spef line 234594, net swerv/lsu/stbuf/_20004_ not found.
[WARNING STA-1650] ./results/nangate45_3D/swerv_wrapper/HBT/6_final.spef line 234595, net swerv/lsu/stbuf/_19994_ not found.
[WARNING STA-1650] ./results/nangate45_3D/swerv_wrapper/HBT/6_final.spef line 234596, net swerv/lsu/stbuf/_19983_ not found.
[WARNING STA-1650] ./results/nangate45_3D/swerv_wrapper/HBT/6_final.spef line 234597, net swerv/_10181_ not found.
[WARNING STA-1650] ./results/nangate45_3D/swerv_wrapper/HBT/6_final.spef line 234598, net swerv/_10198_ not found.
[WARNING STA-1650] ./results/nangate45_3D/swerv_wrapper/HBT/6_final.spef line 234599, net swerv/_10173_ not found.
[WARNING STA-1650] ./results/nangate45_3D/swerv_wrapper/HBT/6_final.spef line 234600, net swerv/lsu/_9155_ not found.
[WARNING STA-1650] ./results/nangate45_3D/swerv_wrapper/HBT/6_final.spef line 234601, net swerv/lsu/_9135_ not found.
[WARNING STA-1650] ./results/nangate45_3D/swerv_wrapper/HBT/6_final.spef line 234602, net swerv/lsu/stbuf/_19964_ not found.
[WARNING STA-1650] ./results/nangate45_3D/swerv_wrapper/HBT/6_final.spef line 234603, net swerv/dec/tlu/_11361_ not found.
[WARNING STA-1650] ./results/nangate45_3D/swerv_wrapper/HBT/6_final.spef line 234604, net swerv/dec/tlu/_11672_ not found.
[WARNING STA-1650] ./results/nangate45_3D/swerv_wrapper/HBT/6_final.spef line 234605, net swerv/dec/tlu/_12138_ not found.
[WARNING STA-1650] ./results/nangate45_3D/swerv_wrapper/HBT/6_final.spef line 234606, net swerv/dec/tlu/_12198_ not found.
[WARNING STA-1650] ./results/nangate45_3D/swerv_wrapper/HBT/6_final.spef line 234607, net swerv/dec/tlu/_11455_ not found.
[WARNING STA-1650] ./results/nangate45_3D/swerv_wrapper/HBT/6_final.spef line 234608, net swerv/dec/tlu/_12194_ not found.
[WARNING STA-1650] ./results/nangate45_3D/swerv_wrapper/HBT/6_final.spef line 234609, net swerv/dec/tlu/_12192_ not found.
[WARNING STA-1650] ./results/nangate45_3D/swerv_wrapper/HBT/6_final.spef line 234610, net swerv/dec/tlu/_11424_ not found.
[WARNING STA-1650] ./results/nangate45_3D/swerv_wrapper/HBT/6_final.spef line 234611, net swerv/dec/tlu/_11420_ not found.
[WARNING STA-1650] ./results/nangate45_3D/swerv_wrapper/HBT/6_final.spef line 234612, net swerv/dec/tlu/_11422_ not found.
[WARNING STA-1650] ./results/nangate45_3D/swerv_wrapper/HBT/6_final.spef line 234613, net swerv/dec/tlu/_12066_ not found.
[WARNING STA-1650] ./results/nangate45_3D/swerv_wrapper/HBT/6_final.spef line 234614, net swerv/dec/tlu/_12062_ not found.
[WARNING STA-1650] ./results/nangate45_3D/swerv_wrapper/HBT/6_final.spef line 234615, net swerv/dec/tlu/_11970_ not found.
[WARNING STA-1650] ./results/nangate45_3D/swerv_wrapper/HBT/6_final.spef line 234616, net swerv/dec/tlu/_12030_ not found.
[WARNING STA-1650] ./results/nangate45_3D/swerv_wrapper/HBT/6_final.spef line 234617, net swerv/dec/tlu/_11355_ not found.
[WARNING STA-1650] ./results/nangate45_3D/swerv_wrapper/HBT/6_final.spef line 234618, net swerv/dec/tlu/_11353_ not found.
[WARNING STA-1650] ./results/nangate45_3D/swerv_wrapper/HBT/6_final.spef line 234619, net swerv/dec/tlu/_11964_ not found.
[WARNING STA-1650] ./results/nangate45_3D/swerv_wrapper/HBT/6_final.spef line 234620, net swerv/dec/tlu/_12028_ not found.
[WARNING STA-1650] ./results/nangate45_3D/swerv_wrapper/HBT/6_final.spef line 234621, net swerv/dec/tlu/_11958_ not found.
[WARNING STA-1650] ./results/nangate45_3D/swerv_wrapper/HBT/6_final.spef line 234622, net swerv/lsu/stbuf/_19522_ not found.
[WARNING STA-1650] ./results/nangate45_3D/swerv_wrapper/HBT/6_final.spef line 234623, net swerv/lsu/stbuf/_19815_ not found.
[WARNING STA-1650] ./results/nangate45_3D/swerv_wrapper/HBT/6_final.spef line 234624, net swerv/lsu/stbuf/_19587_ not found.
[WARNING STA-1650] ./results/nangate45_3D/swerv_wrapper/HBT/6_final.spef line 234625, net swerv/lsu/stbuf/_19530_ not found.
[WARNING STA-1650] ./results/nangate45_3D/swerv_wrapper/HBT/6_final.spef line 234626, net swerv/lsu/stbuf/_19644_ not found.
[WARNING STA-1650] ./results/nangate45_3D/swerv_wrapper/HBT/6_final.spef line 234627, net swerv/lsu/stbuf/_19750_ not found.
[WARNING STA-1650] ./results/nangate45_3D/swerv_wrapper/HBT/6_final.spef line 234628, net mem/icm/ic_data_inst/WAYS_3__SUBBANKS_3__ic_bank_sb_way_data.mem not found.
[WARNING STA-1650] ./results/nangate45_3D/swerv_wrapper/HBT/6_final.spef line 234629, net swerv/lsu/stbuf/_19701_ not found.
[WARNING STA-1650] ./results/nangate45_3D/swerv_wrapper/HBT/6_final.spef line 234630, net swerv/lsu/stbuf/_19758_ not found.
[WARNING STA-1650] ./results/nangate45_3D/swerv_wrapper/HBT/6_final.spef line 234631, net swerv/lsu/stbuf/_19929_ not found.
[WARNING STA-1650] ./results/nangate45_3D/swerv_wrapper/HBT/6_final.spef line 234632, net swerv/lsu/stbuf/_19872_ not found.
[WARNING STA-1650] ./results/nangate45_3D/swerv_wrapper/HBT/6_final.spef line 234633, net swerv/lsu/stbuf/_19506_ not found.
[WARNING STA-1650] ./results/nangate45_3D/swerv_wrapper/HBT/6_final.spef line 234634, net swerv/lsu/stbuf/_19571_ not found.
[WARNING STA-1650] ./results/nangate45_3D/swerv_wrapper/HBT/6_final.spef line 234635, net swerv/lsu/stbuf/_19685_ not found.
[WARNING STA-1650] ./results/nangate45_3D/swerv_wrapper/HBT/6_final.spef line 234636, net swerv/lsu/stbuf/_19624_ not found.
[WARNING STA-1650] ./results/nangate45_3D/swerv_wrapper/HBT/6_final.spef line 234637, net swerv/lsu/stbuf/_19567_ not found.
[WARNING STA-1650] ./results/nangate45_3D/swerv_wrapper/HBT/6_final.spef line 234638, net swerv/lsu/stbuf/_19510_ not found.
[WARNING STA-1650] ./results/nangate45_3D/swerv_wrapper/HBT/6_final.spef line 234639, net swerv/lsu/stbuf/_19852_ not found.
[WARNING STA-1650] ./results/nangate45_3D/swerv_wrapper/HBT/6_final.spef line 234640, net swerv/lsu/stbuf/_19738_ not found.
[WARNING STA-1650] ./results/nangate45_3D/swerv_wrapper/HBT/6_final.spef line 234641, net swerv/lsu/stbuf/_19681_ not found.
[WARNING STA-1650] ./results/nangate45_3D/swerv_wrapper/HBT/6_final.spef line 234642, net swerv/lsu/stbuf/_19795_ not found.
[WARNING STA-1650] ./results/nangate45_3D/swerv_wrapper/HBT/6_final.spef line 234643, net swerv/lsu/stbuf/_19909_ not found.
[WARNING STA-1650] ./results/nangate45_3D/swerv_wrapper/HBT/6_final.spef line 234644, net swerv/lsu/stbuf/_19803_ not found.
[WARNING STA-1650] ./results/nangate45_3D/swerv_wrapper/HBT/6_final.spef line 234645, net swerv/lsu/stbuf/_19917_ not found.
[WARNING STA-1650] ./results/nangate45_3D/swerv_wrapper/HBT/6_final.spef line 234646, net swerv/lsu/stbuf/_19860_ not found.
[WARNING STA-1650] ./results/nangate45_3D/swerv_wrapper/HBT/6_final.spef line 234647, net swerv/lsu/stbuf/_19746_ not found.
[WARNING STA-1650] ./results/nangate45_3D/swerv_wrapper/HBT/6_final.spef line 234648, net swerv/lsu/stbuf/_19689_ not found.
[WARNING STA-1650] ./results/nangate45_3D/swerv_wrapper/HBT/6_final.spef line 234649, net swerv/lsu/stbuf/_19632_ not found.
[WARNING STA-1650] ./results/nangate45_3D/swerv_wrapper/HBT/6_final.spef line 234650, net swerv/lsu/stbuf/_19575_ not found.
[WARNING STA-1650] ./results/nangate45_3D/swerv_wrapper/HBT/6_final.spef line 234651, net swerv/lsu/stbuf/_19518_ not found.
[WARNING STA-1650] ./results/nangate45_3D/swerv_wrapper/HBT/6_final.spef line 234652, net swerv/lsu/stbuf/_19856_ not found.
[WARNING STA-1650] ./results/nangate45_3D/swerv_wrapper/HBT/6_final.spef line 234653, net swerv/lsu/stbuf/_19913_ not found.
[WARNING STA-1650] ./results/nangate45_3D/swerv_wrapper/HBT/6_final.spef line 234654, net swerv/lsu/stbuf/_19742_ not found.
[WARNING STA-1650] ./results/nangate45_3D/swerv_wrapper/HBT/6_final.spef line 234655, net swerv/lsu/stbuf/_19799_ not found.
[WARNING STA-1650] ./results/nangate45_3D/swerv_wrapper/HBT/6_final.spef line 234656, net swerv/lsu/stbuf/_19734_ not found.
[WARNING STA-1650] ./results/nangate45_3D/swerv_wrapper/HBT/6_final.spef line 234657, net swerv/lsu/stbuf/_19848_ not found.
[WARNING STA-1650] ./results/nangate45_3D/swerv_wrapper/HBT/6_final.spef line 234658, net swerv/lsu/stbuf/_19791_ not found.
[WARNING STA-1650] ./results/nangate45_3D/swerv_wrapper/HBT/6_final.spef line 234659, net swerv/lsu/stbuf/_19905_ not found.
[WARNING STA-1650] ./results/nangate45_3D/swerv_wrapper/HBT/6_final.spef line 234660, net swerv/lsu/stbuf/_19628_ not found.
[WARNING STA-1650] ./results/nangate45_3D/swerv_wrapper/HBT/6_final.spef line 234661, net swerv/lsu/stbuf/_19514_ not found.
[WARNING STA-1650] ./results/nangate45_3D/swerv_wrapper/HBT/6_final.spef line 234662, net swerv/lsu/stbuf/_19677_ not found.
[WARNING STA-1650] ./results/nangate45_3D/swerv_wrapper/HBT/6_final.spef line 234663, net swerv/lsu/stbuf/_19620_ not found.
[WARNING STA-1650] ./results/nangate45_3D/swerv_wrapper/HBT/6_final.spef line 234664, net swerv/lsu/stbuf/_19563_ not found.
[WARNING STA-1650] ./results/nangate45_3D/swerv_wrapper/HBT/6_final.spef line 234665, net swerv/lsu/stbuf/_19534_ not found.
[WARNING STA-1650] ./results/nangate45_3D/swerv_wrapper/HBT/6_final.spef line 234666, net swerv/lsu/stbuf/_19591_ not found.
[WARNING STA-1650] ./results/nangate45_3D/swerv_wrapper/HBT/6_final.spef line 234667, net swerv/lsu/stbuf/_19762_ not found.
[WARNING STA-1650] ./results/nangate45_3D/swerv_wrapper/HBT/6_final.spef line 234668, net swerv/lsu/stbuf/_19876_ not found.
[WARNING STA-1650] ./results/nangate45_3D/swerv_wrapper/HBT/6_final.spef line 234669, net swerv/lsu/stbuf/_19933_ not found.
[WARNING STA-1650] ./results/nangate45_3D/swerv_wrapper/HBT/6_final.spef line 234670, net swerv/lsu/stbuf/_19819_ not found.
[WARNING STA-1650] ./results/nangate45_3D/swerv_wrapper/HBT/6_final.spef line 234671, net swerv/lsu/stbuf/_19921_ not found.
[WARNING STA-1650] ./results/nangate45_3D/swerv_wrapper/HBT/6_final.spef line 234672, net swerv/lsu/stbuf/_19807_ not found.
[WARNING STA-1650] ./results/nangate45_3D/swerv_wrapper/HBT/6_final.spef line 234673, net swerv/lsu/stbuf/_19579_ not found.
[WARNING STA-1650] ./results/nangate45_3D/swerv_wrapper/HBT/6_final.spef line 234674, net swerv/lsu/stbuf/_19693_ not found.
[WARNING STA-1650] ./results/nangate45_3D/swerv_wrapper/HBT/6_final.spef line 234675, net swerv/lsu/stbuf/_19636_ not found.
[WARNING STA-1650] ./results/nangate45_3D/swerv_wrapper/HBT/6_final.spef line 234676, net swerv/dec/decode/_15078_ not found.
[WARNING STA-1650] ./results/nangate45_3D/swerv_wrapper/HBT/6_final.spef line 234677, net swerv/dec/decode/_15168_ not found.
[WARNING STA-1650] ./results/nangate45_3D/swerv_wrapper/HBT/6_final.spef line 234678, net swerv/lsu/stbuf/_19705_ not found.
[WARNING STA-1650] ./results/nangate45_3D/swerv_wrapper/HBT/6_final.spef line 234679, net swerv/lsu/stbuf/_19864_ not found.
[WARNING STA-1650] ./results/nangate45_3D/swerv_wrapper/HBT/6_final.spef line 234680, net swerv/lsu/stbuf/_19648_ not found.
[WARNING STA-1650] ./results/nangate45_3D/swerv_wrapper/HBT/6_final.spef line 234681, net swerv/dec/decode/_15200_ not found.
[WARNING STA-1650] ./results/nangate45_3D/swerv_wrapper/HBT/6_final.spef line 234682, net swerv/dec/decode/_15206_ not found.
[WARNING STA-1650] ./results/nangate45_3D/swerv_wrapper/HBT/6_final.spef line 234683, net swerv/dec/decode/_15136_ not found.
[WARNING STA-1650] ./results/nangate45_3D/swerv_wrapper/HBT/6_final.spef line 234684, net swerv/dec/decode/_15104_ not found.
[WARNING STA-1650] ./results/nangate45_3D/swerv_wrapper/HBT/6_final.spef line 234685, net swerv/dec/decode/_15192_ not found.
[WARNING STA-1650] ./results/nangate45_3D/swerv_wrapper/HBT/6_final.spef line 234686, net swerv/ifu/_6180_ not found.
[WARNING STA-1650] ./results/nangate45_3D/swerv_wrapper/HBT/6_final.spef line 234687, net swerv/dec/decode/_15160_ not found.
[WARNING STA-1650] ./results/nangate45_3D/swerv_wrapper/HBT/6_final.spef line 234688, net swerv/dec/decode/_15128_ not found.
[WARNING STA-1650] ./results/nangate45_3D/swerv_wrapper/HBT/6_final.spef line 234689, net swerv/dec/decode/_15364_ not found.
[WARNING STA-1650] ./results/nangate45_3D/swerv_wrapper/HBT/6_final.spef line 234690, net swerv/dec/decode/_15348_ not found.
[WARNING STA-1650] ./results/nangate45_3D/swerv_wrapper/HBT/6_final.spef line 234691, net swerv/dec/decode/_15332_ not found.
[WARNING STA-1650] ./results/nangate45_3D/swerv_wrapper/HBT/6_final.spef line 234692, net swerv/dec/decode/_15380_ not found.
[WARNING STA-1650] ./results/nangate45_3D/swerv_wrapper/HBT/6_final.spef line 234693, net swerv/dec/decode/_15396_ not found.
[WARNING STA-1650] ./results/nangate45_3D/swerv_wrapper/HBT/6_final.spef line 234694, net swerv/dec/decode/_15096_ not found.
[WARNING STA-1650] ./results/nangate45_3D/swerv_wrapper/HBT/6_final.spef line 234695, net swerv/dec/decode/_15064_ not found.
[WARNING STA-1650] ./results/nangate45_3D/swerv_wrapper/HBT/6_final.spef line 234696, net swerv/dec/decode/_15072_ not found.
[WARNING STA-1650] ./results/nangate45_3D/swerv_wrapper/HBT/6_final.spef line 234697, net swerv/dec/decode/_15174_ not found.
[WARNING STA-1650] ./results/nangate45_3D/swerv_wrapper/HBT/6_final.spef line 234698, net swerv/dec/decode/_15142_ not found.
[WARNING STA-1650] ./results/nangate45_3D/swerv_wrapper/HBT/6_final.spef line 234699, net swerv/dec/decode/_15110_ not found.
[WARNING STA-1650] ./results/nangate45_3D/swerv_wrapper/HBT/6_final.spef line 234700, net swerv/dec/decode/_15046_ not found.
[WARNING STA-1650] ./results/nangate45_3D/swerv_wrapper/HBT/6_final.spef line 234701, net swerv/ifu/_6172_ not found.
[WARNING STA-1650] ./results/nangate45_3D/swerv_wrapper/HBT/6_final.spef line 234702, net swerv/dec/tlu/_11960_ not found.
[WARNING STA-1650] ./results/nangate45_3D/swerv_wrapper/HBT/6_final.spef line 234703, net swerv/dec/tlu/_11957_ not found.
[WARNING STA-1650] ./results/nangate45_3D/swerv_wrapper/HBT/6_final.spef line 234704, net swerv/dec/tlu/_11959_ not found.
[WARNING STA-1650] ./results/nangate45_3D/swerv_wrapper/HBT/6_final.spef line 234705, net swerv/dec/tlu/_11961_ not found.
[WARNING STA-1650] ./results/nangate45_3D/swerv_wrapper/HBT/6_final.spef line 234706, net swerv/dec/tlu/_11955_ not found.
[WARNING STA-1650] ./results/nangate45_3D/swerv_wrapper/HBT/6_final.spef line 234707, net swerv/dec/tlu/_11956_ not found.
[WARNING STA-1650] ./results/nangate45_3D/swerv_wrapper/HBT/6_final.spef line 234708, net swerv/dec/tlu/_11966_ not found.
[WARNING STA-1650] ./results/nangate45_3D/swerv_wrapper/HBT/6_final.spef line 234709, net swerv/dec/tlu/_11968_ not found.
[WARNING STA-1650] ./results/nangate45_3D/swerv_wrapper/HBT/6_final.spef line 234710, net swerv/dec/tlu/_12032_ not found.
[WARNING STA-1650] ./results/nangate45_3D/swerv_wrapper/HBT/6_final.spef line 234711, net swerv/dec/tlu/_12190_ not found.
[WARNING STA-1650] ./results/nangate45_3D/swerv_wrapper/HBT/6_final.spef line 234712, net swerv/dec/tlu/_12034_ not found.
[WARNING STA-1650] ./results/nangate45_3D/swerv_wrapper/HBT/6_final.spef line 234713, net swerv/dec/tlu/_12188_ not found.
[WARNING STA-1650] ./results/nangate45_3D/swerv_wrapper/HBT/6_final.spef line 234714, net swerv/dec/tlu/_12060_ not found.
[WARNING STA-1650] ./results/nangate45_3D/swerv_wrapper/HBT/6_final.spef line 234715, net swerv/dec/tlu/_12098_ not found.
[WARNING STA-1650] ./results/nangate45_3D/swerv_wrapper/HBT/6_final.spef line 234716, net swerv/dec/tlu/_12096_ not found.
[WARNING STA-1650] ./results/nangate45_3D/swerv_wrapper/HBT/6_final.spef line 234717, net swerv/dec/tlu/_11453_ not found.
[WARNING STA-1650] ./results/nangate45_3D/swerv_wrapper/HBT/6_final.spef line 234718, net swerv/dec/tlu/_11457_ not found.
[WARNING STA-1650] ./results/nangate45_3D/swerv_wrapper/HBT/6_final.spef line 234719, net swerv/dec/tlu/_12064_ not found.
[WARNING STA-1650] ./results/nangate45_3D/swerv_wrapper/HBT/6_final.spef line 234720, net swerv/dec/tlu/_12196_ not found.
[WARNING STA-1650] ./results/nangate45_3D/swerv_wrapper/HBT/6_final.spef line 234721, net swerv/dec/tlu/_12002_ not found.
[WARNING STA-1650] ./results/nangate45_3D/swerv_wrapper/HBT/6_final.spef line 234722, net swerv/dec/tlu/_12000_ not found.
[WARNING STA-1650] ./results/nangate45_3D/swerv_wrapper/HBT/6_final.spef line 234723, net swerv/dec/tlu/_11451_ not found.
[WARNING STA-1650] ./results/nangate45_3D/swerv_wrapper/HBT/6_final.spef line 234724, net swerv/dec/tlu/_12004_ not found.
[WARNING STA-1650] ./results/nangate45_3D/swerv_wrapper/HBT/6_final.spef line 234725, net swerv/dec/tlu/_12068_ not found.
[WARNING STA-1650] ./results/nangate45_3D/swerv_wrapper/HBT/6_final.spef line 234726, net swerv/dec/tlu/_12008_ not found.
[WARNING STA-1650] ./results/nangate45_3D/swerv_wrapper/HBT/6_final.spef line 234727, net swerv/dec/tlu/_12202_ not found.
[WARNING STA-1650] ./results/nangate45_3D/swerv_wrapper/HBT/6_final.spef line 234728, net swerv/dec/tlu/_12136_ not found.
[WARNING STA-1650] ./results/nangate45_3D/swerv_wrapper/HBT/6_final.spef line 234729, net swerv/dec/tlu/_12200_ not found.
[WARNING STA-1650] ./results/nangate45_3D/swerv_wrapper/HBT/6_final.spef line 234730, net swerv/dec/tlu/_12170_ not found.
[WARNING STA-1650] ./results/nangate45_3D/swerv_wrapper/HBT/6_final.spef line 234731, net swerv/dec/tlu/_12172_ not found.
[WARNING STA-1650] ./results/nangate45_3D/swerv_wrapper/HBT/6_final.spef line 234732, net swerv/dec/tlu/_12146_ not found.
[WARNING STA-1650] ./results/nangate45_3D/swerv_wrapper/HBT/6_final.spef line 234733, net swerv/dec/tlu/_12014_ not found.
[WARNING STA-1650] ./results/nangate45_3D/swerv_wrapper/HBT/6_final.spef line 234734, net swerv/lsu/stbuf/_20007_ not found.
[WARNING STA-1650] ./results/nangate45_3D/swerv_wrapper/HBT/6_final.spef line 234735, net swerv/lsu/stbuf/_19525_ not found.
[WARNING STA-1650] ./results/nangate45_3D/swerv_wrapper/HBT/6_final.spef line 234736, net swerv/lsu/stbuf/_19582_ not found.
[WARNING STA-1650] ./results/nangate45_3D/swerv_wrapper/HBT/6_final.spef line 234737, net swerv/lsu/stbuf/_19639_ not found.
[WARNING STA-1650] ./results/nangate45_3D/swerv_wrapper/HBT/6_final.spef line 234738, net swerv/lsu/stbuf/_19696_ not found.
[WARNING STA-1650] ./results/nangate45_3D/swerv_wrapper/HBT/6_final.spef line 234739, net swerv/dec/tlu/_12012_ not found.
[WARNING STA-1650] ./results/nangate45_3D/swerv_wrapper/HBT/6_final.spef line 234740, net swerv/dec/tlu/_12144_ not found.
[WARNING STA-1650] ./results/nangate45_3D/swerv_wrapper/HBT/6_final.spef line 234741, net swerv/dec/tlu/_12210_ not found.
[WARNING STA-1650] ./results/nangate45_3D/swerv_wrapper/HBT/6_final.spef line 234742, net swerv/dec/tlu/_12142_ not found.
[WARNING STA-1650] ./results/nangate45_3D/swerv_wrapper/HBT/6_final.spef line 234743, net swerv/dec/tlu/_12140_ not found.
[WARNING STA-1650] ./results/nangate45_3D/swerv_wrapper/HBT/6_final.spef line 234744, net swerv/dec/tlu/_12174_ not found.
[WARNING STA-1650] ./results/nangate45_3D/swerv_wrapper/HBT/6_final.spef line 234745, net swerv/lsu/stbuf/_19979_ not found.
[WARNING STA-1650] ./results/nangate45_3D/swerv_wrapper/HBT/6_final.spef line 234746, net swerv/lsu/_9158_ not found.
[WARNING STA-1650] ./results/nangate45_3D/swerv_wrapper/HBT/6_final.spef line 234747, net swerv/dec/tlu/_11982_ not found.
[WARNING STA-1650] ./results/nangate45_3D/swerv_wrapper/HBT/6_final.spef line 234748, net swerv/dec/tlu/_11980_ not found.
[WARNING STA-1650] ./results/nangate45_3D/swerv_wrapper/HBT/6_final.spef line 234749, net swerv/dec/tlu/_11369_ not found.
[WARNING STA-1650] ./results/nangate45_3D/swerv_wrapper/HBT/6_final.spef line 234750, net swerv/dec/tlu/_11400_ not found.
[WARNING STA-1650] ./results/nangate45_3D/swerv_wrapper/HBT/6_final.spef line 234751, net swerv/dec/tlu/_11365_ not found.
[WARNING STA-1650] ./results/nangate45_3D/swerv_wrapper/HBT/6_final.spef line 234752, net swerv/dec/tlu/_11978_ not found.
[WARNING STA-1650] ./results/nangate45_3D/swerv_wrapper/HBT/6_final.spef line 234753, net swerv/dec/tlu/_12042_ not found.
[WARNING STA-1650] ./results/nangate45_3D/swerv_wrapper/HBT/6_final.spef line 234754, net swerv/dec/tlu/_12040_ not found.
[WARNING STA-1650] ./results/nangate45_3D/swerv_wrapper/HBT/6_final.spef line 234755, net swerv/dec/tlu/_11398_ not found.
[WARNING STA-1650] ./results/nangate45_3D/swerv_wrapper/HBT/6_final.spef line 234756, net swerv/lsu/stbuf/_20003_ not found.
[WARNING STA-1650] ./results/nangate45_3D/swerv_wrapper/HBT/6_final.spef line 234757, net swerv/lsu/stbuf/_19987_ not found.
[WARNING STA-1650] ./results/nangate45_3D/swerv_wrapper/HBT/6_final.spef line 234758, net swerv/lsu/stbuf/_19995_ not found.
[WARNING STA-1650] ./results/nangate45_3D/swerv_wrapper/HBT/6_final.spef line 234759, net swerv/dec/tlu/_11674_ not found.
[WARNING STA-1650] ./results/nangate45_3D/swerv_wrapper/HBT/6_final.spef line 234760, net swerv/dec/tlu/_12110_ not found.
[WARNING STA-1650] ./results/nangate45_3D/swerv_wrapper/HBT/6_final.spef line 234761, net swerv/dec/tlu/_12132_ not found.
[WARNING STA-1650] ./results/nangate45_3D/swerv_wrapper/HBT/6_final.spef line 234762, net swerv/dec/tlu/_12134_ not found.
[WARNING STA-1650] ./results/nangate45_3D/swerv_wrapper/HBT/6_final.spef line 234763, net swerv/dec/tlu/_12168_ not found.
[WARNING STA-1650] ./results/nangate45_3D/swerv_wrapper/HBT/6_final.spef line 234764, net swerv/dec/tlu/_12100_ not found.
[WARNING STA-1650] ./results/nangate45_3D/swerv_wrapper/HBT/6_final.spef line 234765, net swerv/lsu/stbuf/_19968_ not found.
[WARNING STA-1650] ./results/nangate45_3D/swerv_wrapper/HBT/6_final.spef line 234766, net swerv/dec/tlu/_12106_ not found.
[WARNING STA-1650] ./results/nangate45_3D/swerv_wrapper/HBT/6_final.spef line 234767, net swerv/dec/tlu/_12104_ not found.
[WARNING STA-1650] ./results/nangate45_3D/swerv_wrapper/HBT/6_final.spef line 234768, net swerv/dec/tlu/_11972_ not found.
[WARNING STA-1650] ./results/nangate45_3D/swerv_wrapper/HBT/6_final.spef line 234769, net swerv/dec/tlu/_11363_ not found.
[WARNING STA-1650] ./results/nangate45_3D/swerv_wrapper/HBT/6_final.spef line 234770, net swerv/dec/tlu/_12124_ not found.
[WARNING STA-1650] ./results/nangate45_3D/swerv_wrapper/HBT/6_final.spef line 234771, net swerv/dec/tlu/_11346_ not found.
[WARNING STA-1650] ./results/nangate45_3D/swerv_wrapper/HBT/6_final.spef line 234772, net swerv/_10070_ not found.
[WARNING STA-1650] ./results/nangate45_3D/swerv_wrapper/HBT/6_final.spef line 234773, net swerv/dec/tlu/_11670_ not found.
[WARNING STA-1650] ./results/nangate45_3D/swerv_wrapper/HBT/6_final.spef line 234774, net swerv/dec/tlu/_11811_ not found.
[WARNING STA-1650] ./results/nangate45_3D/swerv_wrapper/HBT/6_final.spef line 234775, net swerv/dec/tlu/_11810_ not found.
[WARNING STA-1650] ./results/nangate45_3D/swerv_wrapper/HBT/6_final.spef line 234776, net swerv/dec/tlu/_11820_ not found.
[WARNING STA-1650] ./results/nangate45_3D/swerv_wrapper/HBT/6_final.spef line 234777, net swerv/dec/tlu/_11813_ not found.
[WARNING STA-1650] ./results/nangate45_3D/swerv_wrapper/HBT/6_final.spef line 234778, net swerv/dec/tlu/_11396_ not found.
[WARNING STA-1650] ./results/nangate45_3D/swerv_wrapper/HBT/6_final.spef line 234779, net swerv/lsu/_9139_ not found.
[WARNING STA-1650] ./results/nangate45_3D/swerv_wrapper/HBT/6_final.spef line 234780, net swerv/lsu/_9147_ not found.
[WARNING STA-1650] ./results/nangate45_3D/swerv_wrapper/HBT/6_final.spef line 234781, net swerv/lsu/_9151_ not found.
[WARNING STA-1650] ./results/nangate45_3D/swerv_wrapper/HBT/6_final.spef line 234782, net swerv/lsu/_9156_ not found.
[WARNING STA-1650] ./results/nangate45_3D/swerv_wrapper/HBT/6_final.spef line 234783, net swerv/lsu/stbuf/_19962_ not found.
[WARNING STA-1650] ./results/nangate45_3D/swerv_wrapper/HBT/6_final.spef line 234784, net swerv/lsu/_9140_ not found.
[WARNING STA-1650] ./results/nangate45_3D/swerv_wrapper/HBT/6_final.spef line 234785, net swerv/lsu/_9141_ not found.
[WARNING STA-1650] ./results/nangate45_3D/swerv_wrapper/HBT/6_final.spef line 234786, net swerv/lsu/_9136_ not found.
[WARNING STA-1650] ./results/nangate45_3D/swerv_wrapper/HBT/6_final.spef line 234787, net swerv/lsu/_9142_ not found.
[WARNING STA-1650] ./results/nangate45_3D/swerv_wrapper/HBT/6_final.spef line 234788, net swerv/lsu/_9131_ not found.
[WARNING STA-1650] ./results/nangate45_3D/swerv_wrapper/HBT/6_final.spef line 234789, net swerv/dec/tlu/_11394_ not found.
[WARNING STA-1650] ./results/nangate45_3D/swerv_wrapper/HBT/6_final.spef line 234790, net swerv/dec/tlu/_11367_ not found.
[WARNING STA-1650] ./results/nangate45_3D/swerv_wrapper/HBT/6_final.spef line 234791, net swerv/dec/tlu/_11974_ not found.
[WARNING STA-1650] ./results/nangate45_3D/swerv_wrapper/HBT/6_final.spef line 234792, net swerv/dec/tlu/_11976_ not found.
[WARNING STA-1650] ./results/nangate45_3D/swerv_wrapper/HBT/6_final.spef line 234793, net swerv/dec/tlu/_12102_ not found.
[WARNING STA-1650] ./results/nangate45_3D/swerv_wrapper/HBT/6_final.spef line 234794, net swerv/dec/tlu/_12006_ not found.
[WARNING STA-1650] ./results/nangate45_3D/swerv_wrapper/HBT/6_final.spef line 234795, net swerv/dec/tlu/_12036_ not found.
[WARNING STA-1650] ./results/nangate45_3D/swerv_wrapper/HBT/6_final.spef line 234796, net swerv/dec/tlu/_12128_ not found.
[WARNING STA-1650] ./results/nangate45_3D/swerv_wrapper/HBT/6_final.spef line 234797, net swerv/dec/tlu/_12166_ not found.
[WARNING STA-1650] ./results/nangate45_3D/swerv_wrapper/HBT/6_final.spef line 234798, net swerv/dec/tlu/_12164_ not found.
[WARNING STA-1650] ./results/nangate45_3D/swerv_wrapper/HBT/6_final.spef line 234799, net swerv/_10069_ not found.
[WARNING STA-1650] ./results/nangate45_3D/swerv_wrapper/HBT/6_final.spef line 234800, net swerv/dec/tlu/_11384_ not found.
[WARNING STA-1650] ./results/nangate45_3D/swerv_wrapper/HBT/6_final.spef line 234801, net swerv/dec/tlu/_11386_ not found.
[WARNING STA-1650] ./results/nangate45_3D/swerv_wrapper/HBT/6_final.spef line 234802, net swerv/dec/tlu/_11819_ not found.
[WARNING STA-1650] ./results/nangate45_3D/swerv_wrapper/HBT/6_final.spef line 234803, net swerv/dec/tlu/_12243_ not found.
[WARNING STA-1650] ./results/nangate45_3D/swerv_wrapper/HBT/6_final.spef line 234804, net swerv/dec/tlu/_11390_ not found.
[WARNING STA-1650] ./results/nangate45_3D/swerv_wrapper/HBT/6_final.spef line 234805, net swerv/dec/tlu/_12225_ not found.
[WARNING STA-1650] message limit (1000) reached. This message will no longer print.

==========================================================================
finish report_tns
--------------------------------------------------------------------------
tns -211.57

==========================================================================
finish report_wns
--------------------------------------------------------------------------
wns -0.52

==========================================================================
finish report_worst_slack
--------------------------------------------------------------------------
worst slack -0.52

==========================================================================
finish report_check_types -max_slew -max_cap -max_fanout -violators
--------------------------------------------------------------------------
max slew

Pin                                    Limit    Slew   Slack
------------------------------------------------------------
output724/Z                             0.20    0.21   -0.02 (VIOLATED)
output729/Z                             0.20    0.21   -0.01 (VIOLATED)
output697/Z                             0.20    0.21   -0.01 (VIOLATED)
output768/Z                             0.20    0.20   -0.01 (VIOLATED)
output764/Z                             0.20    0.20   -0.00 (VIOLATED)
output806/Z                             0.20    0.20   -0.00 (VIOLATED)

max capacitance

Pin                                    Limit     Cap   Slack
------------------------------------------------------------
HBT_BOTIN_7192/TOP                    121.15  195.00  -73.85 (VIOLATED)
HBT_BOTIN_25349/TOP                   121.15  194.84  -73.68 (VIOLATED)
output724/Z                            60.65  113.12  -52.47 (VIOLATED)
output729/Z                            60.65  113.08  -52.42 (VIOLATED)
output768/Z                            60.65  109.52  -48.86 (VIOLATED)
output764/Z                            60.65  107.22  -46.56 (VIOLATED)
output929/Z                            60.65  102.25  -41.60 (VIOLATED)
output697/Z                            60.65  101.84  -41.18 (VIOLATED)
output651/Z                            60.65   99.62  -38.96 (VIOLATED)
output889/Z                            60.65   99.52  -38.87 (VIOLATED)
output762/Z                            60.65   98.81  -38.16 (VIOLATED)
output806/Z                            60.65   97.51  -36.86 (VIOLATED)
output748/Z                            60.65   97.05  -36.39 (VIOLATED)
output503/Z                            60.65   96.34  -35.68 (VIOLATED)
output775/Z                            60.65   96.27  -35.61 (VIOLATED)
output959/Z                            60.65   95.82  -35.17 (VIOLATED)
output897/Z                            60.65   95.71  -35.05 (VIOLATED)
output801/Z                            60.65   95.47  -34.82 (VIOLATED)
output656/Z                            60.65   95.21  -34.56 (VIOLATED)
output692/Z                            60.65   95.03  -34.38 (VIOLATED)
output776/Z                            60.65   94.44  -33.78 (VIOLATED)
output984/Z                            60.65   94.06  -33.41 (VIOLATED)
output1048/Z                           60.65   93.86  -33.21 (VIOLATED)
output991/Z                            60.65   93.81  -33.16 (VIOLATED)
output649/Z                            60.65   93.74  -33.08 (VIOLATED)
HBT_BOTIN_105307/TOP                  121.15  154.10  -32.94 (VIOLATED)
output848/Z                            60.65   92.93  -32.28 (VIOLATED)
output859/Z                            60.65   92.85  -32.20 (VIOLATED)
output880/Z                            60.65   92.77  -32.12 (VIOLATED)
output596/Z                            60.65   92.37  -31.72 (VIOLATED)
output1006/Z                           60.65   92.23  -31.57 (VIOLATED)
output659/Z                            60.65   91.65  -31.00 (VIOLATED)
output903/Z                            60.65   91.52  -30.86 (VIOLATED)
output979/Z                            60.65   90.98  -30.33 (VIOLATED)
output796/Z                            60.65   90.64  -29.99 (VIOLATED)
output969/Z                            60.65   90.63  -29.97 (VIOLATED)
output713/Z                            60.65   90.03  -29.37 (VIOLATED)
output536/Z                            60.65   89.84  -29.18 (VIOLATED)
output1046/Z                           60.65   89.19  -28.54 (VIOLATED)
output543/Z                            60.65   89.14  -28.49 (VIOLATED)
output766/Z                            60.65   88.13  -27.48 (VIOLATED)
output1008/Z                           60.65   88.03  -27.37 (VIOLATED)
output935/Z                            60.65   87.82  -27.17 (VIOLATED)
output895/Z                            60.65   86.62  -25.97 (VIOLATED)
output771/Z                            60.65   86.56  -25.90 (VIOLATED)
output980/Z                            60.65   86.40  -25.75 (VIOLATED)
output933/Z                            60.65   85.75  -25.10 (VIOLATED)
output916/Z                            60.65   85.25  -24.60 (VIOLATED)
output772/Z                            60.65   85.18  -24.53 (VIOLATED)
output974/Z                            60.65   85.04  -24.39 (VIOLATED)
output846/Z                            60.65   84.68  -24.02 (VIOLATED)
output906/Z                            60.65   84.11  -23.46 (VIOLATED)
output821/Z                            60.65   83.81  -23.16 (VIOLATED)
output847/Z                            60.65   83.34  -22.69 (VIOLATED)
output960/Z                            60.65   82.87  -22.22 (VIOLATED)
output647/Z                            60.65   82.68  -22.02 (VIOLATED)
output977/Z                            60.65   82.38  -21.73 (VIOLATED)
output950/Z                            60.65   81.89  -21.23 (VIOLATED)
output602/Z                            60.65   81.86  -21.21 (VIOLATED)
output1062/Z                           60.65   81.86  -21.21 (VIOLATED)
output870/Z                            60.65   81.44  -20.79 (VIOLATED)
output971/Z                            60.65   81.44  -20.79 (VIOLATED)
output810/Z                            60.65   81.22  -20.57 (VIOLATED)
output1005/Z                           60.65   81.07  -20.42 (VIOLATED)
output857/Z                            60.65   81.04  -20.39 (VIOLATED)
output495/Z                            60.65   80.31  -19.66 (VIOLATED)
output571/Z                            60.65   80.19  -19.54 (VIOLATED)
output756/Z                            60.65   80.08  -19.43 (VIOLATED)
output795/Z                            60.65   79.93  -19.28 (VIOLATED)
output987/Z                            60.65   79.31  -18.65 (VIOLATED)
output902/Z                            60.65   79.20  -18.55 (VIOLATED)
output521/Z                            60.65   79.11  -18.46 (VIOLATED)
output939/Z                            60.65   78.91  -18.25 (VIOLATED)
output1058/Z                           60.65   78.72  -18.07 (VIOLATED)
output887/Z                            60.65   78.51  -17.85 (VIOLATED)
output721/Z                            60.65   78.49  -17.83 (VIOLATED)
output551/Z                            60.65   78.36  -17.71 (VIOLATED)
output928/Z                            60.65   78.19  -17.54 (VIOLATED)
output493/Z                            60.65   78.10  -17.44 (VIOLATED)
output517/Z                            60.65   78.08  -17.43 (VIOLATED)
output918/Z                            60.65   77.74  -17.09 (VIOLATED)
output604/Z                            60.65   77.71  -17.06 (VIOLATED)
output1020/Z                           60.65   77.48  -16.83 (VIOLATED)
output840/Z                            60.65   77.40  -16.75 (VIOLATED)
output699/Z                            60.65   76.75  -16.09 (VIOLATED)
output550/Z                            60.65   76.68  -16.02 (VIOLATED)
output1064/Z                           60.65   76.65  -16.00 (VIOLATED)
output588/Z                            60.65   76.62  -15.96 (VIOLATED)
output733/Z                            60.65   76.58  -15.93 (VIOLATED)
output1045/Z                           60.65   76.56  -15.91 (VIOLATED)
output509/Z                            60.65   76.53  -15.88 (VIOLATED)
output533/Z                            60.65   76.52  -15.86 (VIOLATED)
output973/Z                            60.65   76.48  -15.82 (VIOLATED)
output636/Z                            60.65   76.47  -15.82 (VIOLATED)
output637/Z                            60.65   76.43  -15.78 (VIOLATED)
output789/Z                            60.65   76.14  -15.49 (VIOLATED)
output989/Z                            60.65   76.03  -15.37 (VIOLATED)
output1068/Z                           60.65   75.97  -15.31 (VIOLATED)
output567/Z                            60.65   75.51  -14.85 (VIOLATED)
output736/Z                            60.65   75.20  -14.55 (VIOLATED)
output763/Z                            60.65   75.10  -14.45 (VIOLATED)
output668/Z                            60.65   74.96  -14.31 (VIOLATED)
output687/Z                            60.65   74.96  -14.30 (VIOLATED)
output757/Z                            60.65   74.90  -14.24 (VIOLATED)
output513/Z                            60.65   74.89  -14.23 (VIOLATED)
output630/Z                            60.65   74.86  -14.20 (VIOLATED)
output1027/Z                           60.65   74.84  -14.19 (VIOLATED)
output558/Z                            60.65   74.82  -14.17 (VIOLATED)
output539/Z                            60.65   74.79  -14.14 (VIOLATED)
output582/Z                            60.65   74.67  -14.02 (VIOLATED)
output1054/Z                           60.65   74.63  -13.98 (VIOLATED)
output754/Z                            60.65   74.61  -13.95 (VIOLATED)
output701/Z                            60.65   74.61  -13.95 (VIOLATED)
output752/Z                            60.65   74.58  -13.92 (VIOLATED)
output658/Z                            60.65   74.33  -13.68 (VIOLATED)
output1037/Z                           60.65   74.27  -13.61 (VIOLATED)
output608/Z                            60.65   74.00  -13.34 (VIOLATED)
output631/Z                            60.65   73.92  -13.26 (VIOLATED)
output800/Z                            60.65   73.89  -13.24 (VIOLATED)
output1014/Z                           60.65   73.68  -13.02 (VIOLATED)
output1055/Z                           60.65   73.34  -12.68 (VIOLATED)
output586/Z                            60.65   73.31  -12.66 (VIOLATED)
output507/Z                            60.65   73.13  -12.48 (VIOLATED)
output566/Z                            60.65   73.10  -12.44 (VIOLATED)
output590/Z                            60.65   72.87  -12.21 (VIOLATED)
output584/Z                            60.65   72.78  -12.13 (VIOLATED)
output936/Z                            60.65   72.42  -11.77 (VIOLATED)
output595/Z                            60.65   72.38  -11.73 (VIOLATED)
output947/Z                            60.65   72.13  -11.47 (VIOLATED)
output704/Z                            60.65   71.86  -11.20 (VIOLATED)
output955/Z                            60.65   71.85  -11.19 (VIOLATED)
output767/Z                            60.65   71.80  -11.15 (VIOLATED)
output835/Z                            60.65   71.70  -11.05 (VIOLATED)
output924/Z                            60.65   71.57  -10.92 (VIOLATED)
output691/Z                            60.65   71.23  -10.57 (VIOLATED)
output623/Z                            60.65   71.17  -10.52 (VIOLATED)
output655/Z                            60.65   71.16  -10.51 (VIOLATED)
output976/Z                            60.65   70.86  -10.20 (VIOLATED)
output819/Z                            60.65   70.78  -10.12 (VIOLATED)
output900/Z                            60.65   70.74  -10.09 (VIOLATED)
output593/Z                            60.65   70.57   -9.91 (VIOLATED)
output678/Z                            60.65   70.52   -9.87 (VIOLATED)
output741/Z                            60.65   70.45   -9.79 (VIOLATED)
output717/Z                            60.65   70.42   -9.77 (VIOLATED)
output805/Z                            60.65   70.40   -9.75 (VIOLATED)
output781/Z                            60.65   70.23   -9.58 (VIOLATED)
output997/Z                            60.65   70.17   -9.51 (VIOLATED)
output579/Z                            60.65   70.10   -9.44 (VIOLATED)
output863/Z                            60.65   70.02   -9.37 (VIOLATED)
output682/Z                            60.65   69.60   -8.95 (VIOLATED)
output1030/Z                           60.65   69.57   -8.92 (VIOLATED)
output988/Z                            60.65   69.57   -8.92 (VIOLATED)
output864/Z                            60.65   69.57   -8.92 (VIOLATED)
HBT_BOTIN_7347/TOP                    121.15  130.00   -8.85 (VIOLATED)
output946/Z                            60.65   69.44   -8.79 (VIOLATED)
output777/Z                            60.65   69.31   -8.65 (VIOLATED)
output1021/Z                           60.65   69.11   -8.46 (VIOLATED)
output923/Z                            60.65   69.08   -8.43 (VIOLATED)
output666/Z                            60.65   68.88   -8.22 (VIOLATED)
output612/Z                            60.65   68.87   -8.21 (VIOLATED)
output1097/Z                           60.65   68.74   -8.09 (VIOLATED)
output782/Z                            60.65   68.74   -8.09 (VIOLATED)
output790/Z                            60.65   68.73   -8.08 (VIOLATED)
output665/Z                            60.65   68.68   -8.02 (VIOLATED)
output1039/Z                           60.65   68.64   -7.98 (VIOLATED)
output905/Z                            60.65   68.56   -7.90 (VIOLATED)
output1003/Z                           60.65   68.33   -7.67 (VIOLATED)
output787/Z                            60.65   68.02   -7.37 (VIOLATED)
output783/Z                            60.65   67.96   -7.31 (VIOLATED)
output616/Z                            60.65   67.86   -7.21 (VIOLATED)
output1066/Z                           60.65   67.72   -7.07 (VIOLATED)
output610/Z                            60.65   67.70   -7.05 (VIOLATED)
output715/Z                            60.65   67.69   -7.04 (VIOLATED)
output915/Z                            60.65   67.59   -6.93 (VIOLATED)
output799/Z                            60.65   67.44   -6.78 (VIOLATED)
output1087/Z                           60.65   67.40   -6.74 (VIOLATED)
output869/Z                            60.65   67.38   -6.72 (VIOLATED)
output833/Z                            60.65   67.35   -6.70 (VIOLATED)
output884/Z                            60.65   67.03   -6.38 (VIOLATED)
output514/Z                            60.65   67.03   -6.37 (VIOLATED)
output866/Z                            60.65   66.94   -6.28 (VIOLATED)
output872/Z                            60.65   66.52   -5.87 (VIOLATED)
output871/Z                            60.65   66.37   -5.72 (VIOLATED)
output891/Z                            60.65   66.26   -5.61 (VIOLATED)
output1018/Z                           60.65   66.16   -5.51 (VIOLATED)
output684/Z                            60.65   65.86   -5.20 (VIOLATED)
output653/Z                            60.65   65.74   -5.09 (VIOLATED)
output534/Z                            60.65   65.68   -5.03 (VIOLATED)
output591/Z                            60.65   65.65   -4.99 (VIOLATED)
output1063/Z                           60.65   65.59   -4.94 (VIOLATED)
output506/Z                            60.65   65.46   -4.81 (VIOLATED)
output743/Z                            60.65   65.15   -4.50 (VIOLATED)
output911/Z                            60.65   64.93   -4.28 (VIOLATED)
output523/Z                            60.65   64.81   -4.16 (VIOLATED)
output1085/Z                           60.65   64.57   -3.92 (VIOLATED)
output794/Z                            60.65   64.53   -3.88 (VIOLATED)
output556/Z                            60.65   64.50   -3.84 (VIOLATED)
output888/Z                            60.65   64.47   -3.82 (VIOLATED)
output885/Z                            60.65   64.27   -3.62 (VIOLATED)
output851/Z                            60.65   64.21   -3.56 (VIOLATED)
output811/Z                            60.65   64.18   -3.53 (VIOLATED)
output619/Z                            60.65   64.15   -3.50 (VIOLATED)
output615/Z                            60.65   64.12   -3.47 (VIOLATED)
output760/Z                            60.65   63.78   -3.12 (VIOLATED)
output894/Z                            60.65   63.48   -2.83 (VIOLATED)
output564/Z                            60.65   63.31   -2.66 (VIOLATED)
output740/Z                            60.65   63.27   -2.61 (VIOLATED)
output1092/Z                           60.65   63.25   -2.60 (VIOLATED)
output676/Z                            60.65   63.25   -2.60 (VIOLATED)
output565/Z                            60.65   63.15   -2.50 (VIOLATED)
output1024/Z                           60.65   63.10   -2.44 (VIOLATED)
output645/Z                            60.65   63.04   -2.38 (VIOLATED)
output500/Z                            60.65   62.99   -2.34 (VIOLATED)
output1090/Z                           60.65   62.95   -2.30 (VIOLATED)
output854/Z                            60.65   62.94   -2.28 (VIOLATED)
output982/Z                            60.65   62.89   -2.24 (VIOLATED)
output865/Z                            60.65   62.82   -2.16 (VIOLATED)
output718/Z                            60.65   62.75   -2.09 (VIOLATED)
output755/Z                            60.65   62.55   -1.90 (VIOLATED)
output914/Z                            60.65   62.47   -1.81 (VIOLATED)
output934/Z                            60.65   62.40   -1.75 (VIOLATED)
output1010/Z                           60.65   62.40   -1.75 (VIOLATED)
output719/Z                            60.65   62.38   -1.72 (VIOLATED)
output734/Z                            60.65   62.25   -1.60 (VIOLATED)
output1074/Z                           60.65   61.98   -1.32 (VIOLATED)
output842/Z                            60.65   61.96   -1.30 (VIOLATED)
output1038/Z                           60.65   61.85   -1.20 (VIOLATED)
output932/Z                            60.65   61.80   -1.14 (VIOLATED)
output1050/Z                           60.65   61.68   -1.02 (VIOLATED)
output617/Z                            60.65   61.66   -1.00 (VIOLATED)
output1098/Z                           60.65   61.61   -0.96 (VIOLATED)
output644/Z                            60.65   61.47   -0.82 (VIOLATED)
output547/Z                            60.65   61.05   -0.40 (VIOLATED)
output1034/Z                           60.65   60.99   -0.33 (VIOLATED)
output817/Z                            60.65   60.93   -0.28 (VIOLATED)
output607/Z                            60.65   60.91   -0.25 (VIOLATED)
output1049/Z                           60.65   60.87   -0.22 (VIOLATED)
output1070/Z                           60.65   60.79   -0.14 (VIOLATED)


==========================================================================
finish max_slew_check_slack
--------------------------------------------------------------------------
-0.01599186100065708

==========================================================================
finish max_slew_check_limit
--------------------------------------------------------------------------
0.1985349953174591

==========================================================================
finish max_slew_check_slack_limit
--------------------------------------------------------------------------
-0.0805

==========================================================================
finish max_fanout_check_slack
--------------------------------------------------------------------------
1.0000000150474662e+30

==========================================================================
finish max_fanout_check_limit
--------------------------------------------------------------------------
1.0000000150474662e+30

==========================================================================
finish max_capacitance_check_slack
--------------------------------------------------------------------------
-73.84504699707031

==========================================================================
finish max_capacitance_check_limit
--------------------------------------------------------------------------
121.15499877929688

==========================================================================
finish max_capacitance_check_slack_limit
--------------------------------------------------------------------------
-0.6095

==========================================================================
finish max_slew_violation_count
--------------------------------------------------------------------------
max slew violation count 6

==========================================================================
finish max_fanout_violation_count
--------------------------------------------------------------------------
max fanout violation count 0

==========================================================================
finish max_cap_violation_count
--------------------------------------------------------------------------
max cap violation count 238

==========================================================================
finish setup_violation_count
--------------------------------------------------------------------------
setup violation count 766

==========================================================================
finish hold_violation_count
--------------------------------------------------------------------------
hold violation count 116
+_+_+_+_+_+_+_+_+_+_+_+_+_+_+_+_+-
Startpoint: scan_mode (input port clocked by core_clock)
Endpoint: swerv/ifu/bp/_7282_
          (recovery check against rising-edge clock core_clock)
Path Group: asynchronous
Path Type: max

  Delay    Time   Description
---------------------------------------------------------
   0.00    0.00   clock core_clock (rise edge)
   0.00    0.00   clock network delay (ideal)
   0.40    0.40 ^ input external delay
   0.00    0.40 ^ scan_mode (in)
   0.08    0.48 ^ input489/Z (BUF_X4_bottom)
   0.02    0.50 ^ wire11825/Z (BUF_X4_bottom)
   0.01    0.52 v swerv/_07556_/ZN (INV_X1_bottom)
   0.03    0.55 ^ swerv/_07557_/ZN (AOI21_X4_bottom)
   0.00    0.55 ^ HBT_BOTIN_1/TOP (HBT_BOTIN)
   0.03    0.58 ^ max_length8142/Z (BUF_X16_upper)
   0.03    0.61 ^ max_cap8135/Z (BUF_X16_upper)
   0.00    0.61 ^ HBT_TOPIN_14943/BOT (HBT_TOPIN)
   0.03    0.63 ^ max_cap8134/Z (BUF_X16_bottom)
   0.03    0.67 ^ max_cap8133/Z (BUF_X16_bottom)
   0.03    0.70 ^ max_cap8066/Z (BUF_X16_bottom)
   0.03    0.73 ^ max_length8065/Z (BUF_X16_bottom)
   0.03    0.76 ^ max_cap8062/Z (BUF_X16_bottom)
   0.02    0.78 ^ max_length8061/Z (BUF_X16_bottom)
   0.04    0.82 ^ HBT_BOTIN_14861/TOP (HBT_BOTIN)
   0.03    0.84 ^ wire8060/Z (BUF_X16_upper)
   0.00    0.84 ^ HBT_TOPIN_14860/BOT (HBT_TOPIN)
   0.03    0.87 ^ max_length8059/Z (BUF_X16_bottom)
   0.00    0.87 ^ HBT_BOTIN_14858/TOP (HBT_BOTIN)
   0.02    0.90 ^ max_cap8058/Z (BUF_X16_upper)
   0.00    0.90 ^ HBT_TOPIN_14857/BOT (HBT_TOPIN)
   0.02    0.92 ^ max_cap8057/Z (BUF_X16_bottom)
   0.00    0.92 ^ HBT_BOTIN_14856/TOP (HBT_BOTIN)
   0.02    0.94 ^ max_cap8056/Z (BUF_X16_upper)
   0.03    0.97 ^ max_length8055/Z (BUF_X16_upper)
   0.00    0.97 ^ HBT_TOPIN_14854/BOT (HBT_TOPIN)
   0.03    1.00 ^ wire8054/Z (BUF_X16_bottom)
   0.04    1.03 ^ max_length8053/Z (BUF_X8_bottom)
   0.03    1.07 ^ max_cap8052/Z (BUF_X16_bottom)
   0.04    1.10 ^ max_length8050/Z (BUF_X16_bottom)
   0.03    1.14 ^ max_cap8049/Z (BUF_X16_bottom)
   0.03    1.17 ^ max_cap8040/Z (BUF_X16_bottom)
   0.03    1.21 ^ wire8038/Z (BUF_X16_bottom)
   0.03    1.24 ^ max_cap8036/Z (BUF_X16_bottom)
   0.03    1.27 ^ max_length8034/Z (BUF_X16_bottom)
   0.00    1.27 ^ swerv/ifu/bp/_7282_/RN (DFFR_X1_bottom)
           1.27   data arrival time

   2.00    2.00   clock core_clock (rise edge)
   0.00    2.00   clock network delay (ideal)
   0.00    2.00   clock reconvergence pessimism
           2.00 ^ swerv/ifu/bp/_7282_/CK (DFFR_X1_bottom)
   0.05    2.05   library recovery time
           2.05   data required time
---------------------------------------------------------
           2.05   data required time
          -1.27   data arrival time
---------------------------------------------------------
           0.78   slack (MET)


Startpoint: scan_mode (input port clocked by core_clock)
Endpoint: swerv/ifu/bp/_7283_
          (recovery check against rising-edge clock core_clock)
Path Group: asynchronous
Path Type: max

  Delay    Time   Description
---------------------------------------------------------
   0.00    0.00   clock core_clock (rise edge)
   0.00    0.00   clock network delay (ideal)
   0.40    0.40 ^ input external delay
   0.00    0.40 ^ scan_mode (in)
   0.08    0.48 ^ input489/Z (BUF_X4_bottom)
   0.02    0.50 ^ wire11825/Z (BUF_X4_bottom)
   0.01    0.52 v swerv/_07556_/ZN (INV_X1_bottom)
   0.03    0.55 ^ swerv/_07557_/ZN (AOI21_X4_bottom)
   0.00    0.55 ^ HBT_BOTIN_1/TOP (HBT_BOTIN)
   0.03    0.58 ^ max_length8142/Z (BUF_X16_upper)
   0.03    0.61 ^ max_cap8135/Z (BUF_X16_upper)
   0.00    0.61 ^ HBT_TOPIN_14943/BOT (HBT_TOPIN)
   0.03    0.63 ^ max_cap8134/Z (BUF_X16_bottom)
   0.03    0.67 ^ max_cap8133/Z (BUF_X16_bottom)
   0.03    0.70 ^ max_cap8066/Z (BUF_X16_bottom)
   0.03    0.73 ^ max_length8065/Z (BUF_X16_bottom)
   0.03    0.76 ^ max_cap8062/Z (BUF_X16_bottom)
   0.02    0.78 ^ max_length8061/Z (BUF_X16_bottom)
   0.04    0.82 ^ HBT_BOTIN_14861/TOP (HBT_BOTIN)
   0.03    0.84 ^ wire8060/Z (BUF_X16_upper)
   0.00    0.84 ^ HBT_TOPIN_14860/BOT (HBT_TOPIN)
   0.03    0.87 ^ max_length8059/Z (BUF_X16_bottom)
   0.00    0.87 ^ HBT_BOTIN_14858/TOP (HBT_BOTIN)
   0.02    0.90 ^ max_cap8058/Z (BUF_X16_upper)
   0.00    0.90 ^ HBT_TOPIN_14857/BOT (HBT_TOPIN)
   0.02    0.92 ^ max_cap8057/Z (BUF_X16_bottom)
   0.00    0.92 ^ HBT_BOTIN_14856/TOP (HBT_BOTIN)
   0.02    0.94 ^ max_cap8056/Z (BUF_X16_upper)
   0.03    0.97 ^ max_length8055/Z (BUF_X16_upper)
   0.00    0.97 ^ HBT_TOPIN_14854/BOT (HBT_TOPIN)
   0.03    1.00 ^ wire8054/Z (BUF_X16_bottom)
   0.04    1.03 ^ max_length8053/Z (BUF_X8_bottom)
   0.03    1.07 ^ max_cap8052/Z (BUF_X16_bottom)
   0.04    1.10 ^ max_length8050/Z (BUF_X16_bottom)
   0.03    1.14 ^ max_cap8049/Z (BUF_X16_bottom)
   0.03    1.17 ^ max_cap8040/Z (BUF_X16_bottom)
   0.03    1.21 ^ wire8038/Z (BUF_X16_bottom)
   0.03    1.24 ^ max_cap8036/Z (BUF_X16_bottom)
   0.03    1.27 ^ max_length8034/Z (BUF_X16_bottom)
   0.00    1.27 ^ swerv/ifu/bp/_7283_/RN (DFFR_X1_bottom)
           1.27   data arrival time

   2.00    2.00   clock core_clock (rise edge)
   0.00    2.00   clock network delay (ideal)
   0.00    2.00   clock reconvergence pessimism
           2.00 ^ swerv/ifu/bp/_7283_/CK (DFFR_X1_bottom)
   0.05    2.05   library recovery time
           2.05   data required time
---------------------------------------------------------
           2.05   data required time
          -1.27   data arrival time
---------------------------------------------------------
           0.78   slack (MET)


Startpoint: scan_mode (input port clocked by core_clock)
Endpoint: swerv/ifu/bp/_7285_
          (recovery check against rising-edge clock core_clock)
Path Group: asynchronous
Path Type: max

  Delay    Time   Description
---------------------------------------------------------
   0.00    0.00   clock core_clock (rise edge)
   0.00    0.00   clock network delay (ideal)
   0.40    0.40 ^ input external delay
   0.00    0.40 ^ scan_mode (in)
   0.08    0.48 ^ input489/Z (BUF_X4_bottom)
   0.02    0.50 ^ wire11825/Z (BUF_X4_bottom)
   0.01    0.52 v swerv/_07556_/ZN (INV_X1_bottom)
   0.03    0.55 ^ swerv/_07557_/ZN (AOI21_X4_bottom)
   0.00    0.55 ^ HBT_BOTIN_1/TOP (HBT_BOTIN)
   0.03    0.58 ^ max_length8142/Z (BUF_X16_upper)
   0.03    0.61 ^ max_cap8135/Z (BUF_X16_upper)
   0.00    0.61 ^ HBT_TOPIN_14943/BOT (HBT_TOPIN)
   0.03    0.63 ^ max_cap8134/Z (BUF_X16_bottom)
   0.03    0.67 ^ max_cap8133/Z (BUF_X16_bottom)
   0.03    0.70 ^ max_cap8066/Z (BUF_X16_bottom)
   0.03    0.73 ^ max_length8065/Z (BUF_X16_bottom)
   0.03    0.76 ^ max_cap8062/Z (BUF_X16_bottom)
   0.02    0.78 ^ max_length8061/Z (BUF_X16_bottom)
   0.04    0.82 ^ HBT_BOTIN_14861/TOP (HBT_BOTIN)
   0.03    0.84 ^ wire8060/Z (BUF_X16_upper)
   0.00    0.84 ^ HBT_TOPIN_14860/BOT (HBT_TOPIN)
   0.03    0.87 ^ max_length8059/Z (BUF_X16_bottom)
   0.00    0.87 ^ HBT_BOTIN_14858/TOP (HBT_BOTIN)
   0.02    0.90 ^ max_cap8058/Z (BUF_X16_upper)
   0.00    0.90 ^ HBT_TOPIN_14857/BOT (HBT_TOPIN)
   0.02    0.92 ^ max_cap8057/Z (BUF_X16_bottom)
   0.00    0.92 ^ HBT_BOTIN_14856/TOP (HBT_BOTIN)
   0.02    0.94 ^ max_cap8056/Z (BUF_X16_upper)
   0.03    0.97 ^ max_length8055/Z (BUF_X16_upper)
   0.00    0.97 ^ HBT_TOPIN_14854/BOT (HBT_TOPIN)
   0.03    1.00 ^ wire8054/Z (BUF_X16_bottom)
   0.04    1.03 ^ max_length8053/Z (BUF_X8_bottom)
   0.03    1.07 ^ max_cap8052/Z (BUF_X16_bottom)
   0.04    1.10 ^ max_length8050/Z (BUF_X16_bottom)
   0.03    1.14 ^ max_cap8049/Z (BUF_X16_bottom)
   0.03    1.17 ^ max_cap8040/Z (BUF_X16_bottom)
   0.03    1.21 ^ wire8038/Z (BUF_X16_bottom)
   0.03    1.24 ^ max_cap8036/Z (BUF_X16_bottom)
   0.03    1.27 ^ max_length8034/Z (BUF_X16_bottom)
   0.00    1.27 ^ swerv/ifu/bp/_7285_/RN (DFFR_X1_bottom)
           1.27   data arrival time

   2.00    2.00   clock core_clock (rise edge)
   0.00    2.00   clock network delay (ideal)
   0.00    2.00   clock reconvergence pessimism
           2.00 ^ swerv/ifu/bp/_7285_/CK (DFFR_X1_bottom)
   0.05    2.05   library recovery time
           2.05   data required time
---------------------------------------------------------
           2.05   data required time
          -1.27   data arrival time
---------------------------------------------------------
           0.78   slack (MET)


Startpoint: scan_mode (input port clocked by core_clock)
Endpoint: swerv/ifu/bp/_7286_
          (recovery check against rising-edge clock core_clock)
Path Group: asynchronous
Path Type: max

  Delay    Time   Description
---------------------------------------------------------
   0.00    0.00   clock core_clock (rise edge)
   0.00    0.00   clock network delay (ideal)
   0.40    0.40 ^ input external delay
   0.00    0.40 ^ scan_mode (in)
   0.08    0.48 ^ input489/Z (BUF_X4_bottom)
   0.02    0.50 ^ wire11825/Z (BUF_X4_bottom)
   0.01    0.52 v swerv/_07556_/ZN (INV_X1_bottom)
   0.03    0.55 ^ swerv/_07557_/ZN (AOI21_X4_bottom)
   0.00    0.55 ^ HBT_BOTIN_1/TOP (HBT_BOTIN)
   0.03    0.58 ^ max_length8142/Z (BUF_X16_upper)
   0.03    0.61 ^ max_cap8135/Z (BUF_X16_upper)
   0.00    0.61 ^ HBT_TOPIN_14943/BOT (HBT_TOPIN)
   0.03    0.63 ^ max_cap8134/Z (BUF_X16_bottom)
   0.03    0.67 ^ max_cap8133/Z (BUF_X16_bottom)
   0.03    0.70 ^ max_cap8066/Z (BUF_X16_bottom)
   0.03    0.73 ^ max_length8065/Z (BUF_X16_bottom)
   0.03    0.76 ^ max_cap8062/Z (BUF_X16_bottom)
   0.02    0.78 ^ max_length8061/Z (BUF_X16_bottom)
   0.04    0.82 ^ HBT_BOTIN_14861/TOP (HBT_BOTIN)
   0.03    0.84 ^ wire8060/Z (BUF_X16_upper)
   0.00    0.84 ^ HBT_TOPIN_14860/BOT (HBT_TOPIN)
   0.03    0.87 ^ max_length8059/Z (BUF_X16_bottom)
   0.00    0.87 ^ HBT_BOTIN_14858/TOP (HBT_BOTIN)
   0.02    0.90 ^ max_cap8058/Z (BUF_X16_upper)
   0.00    0.90 ^ HBT_TOPIN_14857/BOT (HBT_TOPIN)
   0.02    0.92 ^ max_cap8057/Z (BUF_X16_bottom)
   0.00    0.92 ^ HBT_BOTIN_14856/TOP (HBT_BOTIN)
   0.02    0.94 ^ max_cap8056/Z (BUF_X16_upper)
   0.03    0.97 ^ max_length8055/Z (BUF_X16_upper)
   0.00    0.97 ^ HBT_TOPIN_14854/BOT (HBT_TOPIN)
   0.03    1.00 ^ wire8054/Z (BUF_X16_bottom)
   0.04    1.03 ^ max_length8053/Z (BUF_X8_bottom)
   0.03    1.07 ^ max_cap8052/Z (BUF_X16_bottom)
   0.04    1.10 ^ max_length8050/Z (BUF_X16_bottom)
   0.03    1.14 ^ max_cap8049/Z (BUF_X16_bottom)
   0.03    1.17 ^ max_cap8040/Z (BUF_X16_bottom)
   0.03    1.21 ^ wire8038/Z (BUF_X16_bottom)
   0.03    1.24 ^ max_cap8036/Z (BUF_X16_bottom)
   0.03    1.27 ^ max_length8034/Z (BUF_X16_bottom)
   0.00    1.27 ^ swerv/ifu/bp/_7286_/RN (DFFR_X1_bottom)
           1.27   data arrival time

   2.00    2.00   clock core_clock (rise edge)
   0.00    2.00   clock network delay (ideal)
   0.00    2.00   clock reconvergence pessimism
           2.00 ^ swerv/ifu/bp/_7286_/CK (DFFR_X1_bottom)
   0.05    2.05   library recovery time
           2.05   data required time
---------------------------------------------------------
           2.05   data required time
          -1.27   data arrival time
---------------------------------------------------------
           0.78   slack (MET)


Startpoint: scan_mode (input port clocked by core_clock)
Endpoint: swerv/ifu/bp/_7287_
          (recovery check against rising-edge clock core_clock)
Path Group: asynchronous
Path Type: max

  Delay    Time   Description
---------------------------------------------------------
   0.00    0.00   clock core_clock (rise edge)
   0.00    0.00   clock network delay (ideal)
   0.40    0.40 ^ input external delay
   0.00    0.40 ^ scan_mode (in)
   0.08    0.48 ^ input489/Z (BUF_X4_bottom)
   0.02    0.50 ^ wire11825/Z (BUF_X4_bottom)
   0.01    0.52 v swerv/_07556_/ZN (INV_X1_bottom)
   0.03    0.55 ^ swerv/_07557_/ZN (AOI21_X4_bottom)
   0.00    0.55 ^ HBT_BOTIN_1/TOP (HBT_BOTIN)
   0.03    0.58 ^ max_length8142/Z (BUF_X16_upper)
   0.03    0.61 ^ max_cap8135/Z (BUF_X16_upper)
   0.00    0.61 ^ HBT_TOPIN_14943/BOT (HBT_TOPIN)
   0.03    0.63 ^ max_cap8134/Z (BUF_X16_bottom)
   0.03    0.67 ^ max_cap8133/Z (BUF_X16_bottom)
   0.03    0.70 ^ max_cap8066/Z (BUF_X16_bottom)
   0.03    0.73 ^ max_length8065/Z (BUF_X16_bottom)
   0.03    0.76 ^ max_cap8062/Z (BUF_X16_bottom)
   0.02    0.78 ^ max_length8061/Z (BUF_X16_bottom)
   0.04    0.82 ^ HBT_BOTIN_14861/TOP (HBT_BOTIN)
   0.03    0.84 ^ wire8060/Z (BUF_X16_upper)
   0.00    0.84 ^ HBT_TOPIN_14860/BOT (HBT_TOPIN)
   0.03    0.87 ^ max_length8059/Z (BUF_X16_bottom)
   0.00    0.87 ^ HBT_BOTIN_14858/TOP (HBT_BOTIN)
   0.02    0.90 ^ max_cap8058/Z (BUF_X16_upper)
   0.00    0.90 ^ HBT_TOPIN_14857/BOT (HBT_TOPIN)
   0.02    0.92 ^ max_cap8057/Z (BUF_X16_bottom)
   0.00    0.92 ^ HBT_BOTIN_14856/TOP (HBT_BOTIN)
   0.02    0.94 ^ max_cap8056/Z (BUF_X16_upper)
   0.03    0.97 ^ max_length8055/Z (BUF_X16_upper)
   0.00    0.97 ^ HBT_TOPIN_14854/BOT (HBT_TOPIN)
   0.03    1.00 ^ wire8054/Z (BUF_X16_bottom)
   0.04    1.03 ^ max_length8053/Z (BUF_X8_bottom)
   0.03    1.07 ^ max_cap8052/Z (BUF_X16_bottom)
   0.04    1.10 ^ max_length8050/Z (BUF_X16_bottom)
   0.03    1.14 ^ max_cap8049/Z (BUF_X16_bottom)
   0.03    1.17 ^ max_cap8040/Z (BUF_X16_bottom)
   0.03    1.21 ^ wire8038/Z (BUF_X16_bottom)
   0.03    1.24 ^ max_cap8036/Z (BUF_X16_bottom)
   0.03    1.27 ^ max_length8034/Z (BUF_X16_bottom)
   0.00    1.27 ^ swerv/ifu/bp/_7287_/RN (DFFR_X1_bottom)
           1.27   data arrival time

   2.00    2.00   clock core_clock (rise edge)
   0.00    2.00   clock network delay (ideal)
   0.00    2.00   clock reconvergence pessimism
           2.00 ^ swerv/ifu/bp/_7287_/CK (DFFR_X1_bottom)
   0.05    2.05   library recovery time
           2.05   data required time
---------------------------------------------------------
           2.05   data required time
          -1.27   data arrival time
---------------------------------------------------------
           0.78   slack (MET)


Startpoint: swerv/exu/_20802_
            (rising edge-triggered flip-flop clocked by core_clock)
Endpoint: swerv/dec/tlu/_11328_
          (rising edge-triggered flip-flop clocked by core_clock)
Path Group: core_clock
Path Type: max

  Delay    Time   Description
---------------------------------------------------------
   0.00    0.00   clock core_clock (rise edge)
   0.00    0.00   clock network delay (ideal)
   0.00    0.00 ^ swerv/exu/_20802_/CK (DFFR_X2_bottom)
   0.20    0.20 ^ swerv/exu/_20802_/Q (DFFR_X2_bottom)
   0.06    0.26 ^ swerv/exu/_18827_/Z (XOR2_X1_bottom)
   0.09    0.35 ^ swerv/exu/_19734_/S (HA_X1_bottom)
   0.07    0.42 ^ swerv/exu/_11722_/ZN (AND4_X1_bottom)
   0.06    0.48 ^ swerv/exu/_11732_/ZN (AND3_X1_bottom)
   0.03    0.51 v swerv/exu/_11746_/ZN (OAI211_X4_bottom)
   0.03    0.55 ^ swerv/exu/_11763_/ZN (AOI21_X2_bottom)
   0.02    0.56 v swerv/exu/_11764_/ZN (NOR2_X2_bottom)
   0.02    0.59 ^ swerv/exu/_11765_/ZN (NOR2_X1_bottom)
   0.04    0.62 ^ swerv/exu/_11766_/ZN (OR2_X1_bottom)
   0.02    0.64 v swerv/exu/_11778_/ZN (AOI21_X1_bottom)
   0.03    0.67 ^ swerv/exu/_11780_/ZN (OAI21_X1_bottom)
   0.02    0.69 v swerv/exu/_11781_/ZN (AOI21_X1_bottom)
   0.13    0.82 ^ swerv/exu/_19208_/S (FA_X1_bottom)
   0.03    0.85 ^ wire2826/Z (CLKBUF_X3_bottom)
   0.04    0.90 ^ swerv/exu/_11854_/ZN (XNOR2_X1_bottom)
   0.04    0.93 v swerv/exu/_11855_/ZN (NAND4_X2_bottom)
   0.05    0.98 ^ swerv/exu/_11868_/ZN (NOR4_X4_bottom)
   0.03    1.01 v swerv/exu/_11879_/ZN (NAND4_X4_bottom)
   0.05    1.06 ^ swerv/exu/_11880_/ZN (OAI22_X4_bottom)
   0.08    1.14 ^ swerv/exu/_11881_/ZN (AND4_X1_bottom)
   0.02    1.16 ^ swerv/exu/_11889_/ZN (OR2_X1_bottom)
   0.00    1.16 ^ HBT_BOTIN_55885/TOP (HBT_BOTIN)
   0.03    1.19 ^ wire1727/Z (BUF_X4_upper)
   0.03    1.22 ^ wire1726/Z (BUF_X4_upper)
   0.03    1.24 ^ max_length1725/Z (BUF_X4_upper)
   0.03    1.27 ^ wire1724/Z (BUF_X4_upper)
   0.00    1.27 ^ HBT_TOPIN_7820/BOT (HBT_TOPIN)
   0.03    1.30 ^ max_length1723/Z (BUF_X8_bottom)
   0.01    1.31 v swerv/exu/_11891_/ZN (INV_X32_bottom)
   0.03    1.34 v max_length1672/Z (BUF_X8_bottom)
   0.02    1.36 v wire1671/Z (BUF_X4_bottom)
   0.00    1.36 v HBT_BOTIN_7761/TOP (HBT_BOTIN)
   0.03    1.39 v wire1670/Z (BUF_X4_upper)
   0.03    1.41 v wire1669/Z (BUF_X4_upper)
   0.03    1.44 v max_length1668/Z (BUF_X4_upper)
   0.02    1.47 v wire1667/Z (BUF_X8_upper)
   0.00    1.47 v HBT_TOPIN_7756/BOT (HBT_TOPIN)
   0.03    1.50 ^ swerv/dec/tlu/_06172_/ZN (NOR2_X1_bottom)
   0.03    1.52 v swerv/dec/tlu/_06173_/ZN (OAI21_X2_bottom)
   0.06    1.58 v swerv/dec/tlu/_06174_/ZN (OR2_X2_bottom)
   0.07    1.65 ^ swerv/dec/tlu/_06195_/ZN (NOR3_X4_bottom)
   0.04    1.69 v swerv/dec/tlu/_06336_/ZN (NAND3_X4_bottom)
   0.02    1.71 ^ swerv/dec/tlu/_10634_/ZN (INV_X1_bottom)
   0.02    1.73 v swerv/dec/tlu/_10635_/ZN (OAI21_X2_bottom)
   0.03    1.76 ^ swerv/dec/tlu/_10636_/ZN (AOI21_X4_bottom)
   0.03    1.79 ^ swerv/dec/tlu/_10850_/CO (HA_X1_bottom)
   0.01    1.80 v swerv/dec/tlu/_10664_/ZN (INV_X1_bottom)
   0.07    1.87 v swerv/dec/tlu/_10842_/CO (FA_X1_bottom)
   0.04    1.91 ^ swerv/dec/tlu/_06424_/ZN (OAI21_X1_bottom)
   0.02    1.93 v swerv/dec/tlu/_06425_/ZN (AOI21_X2_bottom)
   0.04    1.97 ^ swerv/dec/tlu/_10639_/ZN (OAI21_X2_bottom)
   0.07    2.03 ^ swerv/dec/tlu/_10645_/ZN (AND4_X1_bottom)
   0.06    2.10 ^ swerv/dec/tlu/_10651_/ZN (AND4_X1_bottom)
   0.05    2.15 ^ swerv/dec/tlu/_10652_/ZN (AND3_X1_bottom)
   0.05    2.20 ^ swerv/dec/tlu/_10653_/ZN (AND3_X1_bottom)
   0.05    2.26 ^ swerv/dec/tlu/_10654_/ZN (AND3_X1_bottom)
   0.05    2.31 ^ swerv/dec/tlu/_10655_/ZN (AND3_X1_bottom)
   0.05    2.36 ^ swerv/dec/tlu/_10656_/ZN (AND3_X1_bottom)
   0.03    2.39 ^ swerv/dec/tlu/_10865_/CO (HA_X1_bottom)
   0.04    2.44 ^ swerv/dec/tlu/_07006_/ZN (AND3_X1_bottom)
   0.02    2.45 v swerv/dec/tlu/_07007_/ZN (OAI21_X1_bottom)
   0.03    2.48 ^ swerv/dec/tlu/_07008_/ZN (AOI21_X1_bottom)
   0.00    2.48 ^ swerv/dec/tlu/_11328_/D (DFFR_X2_bottom)
           2.48   data arrival time

   2.00    2.00   clock core_clock (rise edge)
   0.00    2.00   clock network delay (ideal)
   0.00    2.00   clock reconvergence pessimism
           2.00 ^ swerv/dec/tlu/_11328_/CK (DFFR_X2_bottom)
  -0.03    1.97   library setup time
           1.97   data required time
---------------------------------------------------------
           1.97   data required time
          -2.48   data arrival time
---------------------------------------------------------
          -0.52   slack (VIOLATED)


Startpoint: swerv/exu/_20802_
            (rising edge-triggered flip-flop clocked by core_clock)
Endpoint: swerv/dec/tlu/_11324_
          (rising edge-triggered flip-flop clocked by core_clock)
Path Group: core_clock
Path Type: max

  Delay    Time   Description
---------------------------------------------------------
   0.00    0.00   clock core_clock (rise edge)
   0.00    0.00   clock network delay (ideal)
   0.00    0.00 ^ swerv/exu/_20802_/CK (DFFR_X2_bottom)
   0.20    0.20 ^ swerv/exu/_20802_/Q (DFFR_X2_bottom)
   0.06    0.26 ^ swerv/exu/_18827_/Z (XOR2_X1_bottom)
   0.09    0.35 ^ swerv/exu/_19734_/S (HA_X1_bottom)
   0.07    0.42 ^ swerv/exu/_11722_/ZN (AND4_X1_bottom)
   0.06    0.48 ^ swerv/exu/_11732_/ZN (AND3_X1_bottom)
   0.03    0.51 v swerv/exu/_11746_/ZN (OAI211_X4_bottom)
   0.03    0.55 ^ swerv/exu/_11763_/ZN (AOI21_X2_bottom)
   0.02    0.56 v swerv/exu/_11764_/ZN (NOR2_X2_bottom)
   0.02    0.59 ^ swerv/exu/_11765_/ZN (NOR2_X1_bottom)
   0.04    0.62 ^ swerv/exu/_11766_/ZN (OR2_X1_bottom)
   0.02    0.64 v swerv/exu/_11778_/ZN (AOI21_X1_bottom)
   0.03    0.67 ^ swerv/exu/_11780_/ZN (OAI21_X1_bottom)
   0.02    0.69 v swerv/exu/_11781_/ZN (AOI21_X1_bottom)
   0.13    0.82 ^ swerv/exu/_19208_/S (FA_X1_bottom)
   0.03    0.85 ^ wire2826/Z (CLKBUF_X3_bottom)
   0.04    0.90 ^ swerv/exu/_11854_/ZN (XNOR2_X1_bottom)
   0.04    0.93 v swerv/exu/_11855_/ZN (NAND4_X2_bottom)
   0.05    0.98 ^ swerv/exu/_11868_/ZN (NOR4_X4_bottom)
   0.03    1.01 v swerv/exu/_11879_/ZN (NAND4_X4_bottom)
   0.05    1.06 ^ swerv/exu/_11880_/ZN (OAI22_X4_bottom)
   0.08    1.14 ^ swerv/exu/_11881_/ZN (AND4_X1_bottom)
   0.02    1.16 ^ swerv/exu/_11889_/ZN (OR2_X1_bottom)
   0.00    1.16 ^ HBT_BOTIN_55885/TOP (HBT_BOTIN)
   0.03    1.19 ^ wire1727/Z (BUF_X4_upper)
   0.03    1.22 ^ wire1726/Z (BUF_X4_upper)
   0.03    1.24 ^ max_length1725/Z (BUF_X4_upper)
   0.03    1.27 ^ wire1724/Z (BUF_X4_upper)
   0.00    1.27 ^ HBT_TOPIN_7820/BOT (HBT_TOPIN)
   0.03    1.30 ^ max_length1723/Z (BUF_X8_bottom)
   0.01    1.31 v swerv/exu/_11891_/ZN (INV_X32_bottom)
   0.03    1.34 v max_length1672/Z (BUF_X8_bottom)
   0.02    1.36 v wire1671/Z (BUF_X4_bottom)
   0.00    1.36 v HBT_BOTIN_7761/TOP (HBT_BOTIN)
   0.03    1.39 v wire1670/Z (BUF_X4_upper)
   0.03    1.41 v wire1669/Z (BUF_X4_upper)
   0.03    1.44 v max_length1668/Z (BUF_X4_upper)
   0.02    1.47 v wire1667/Z (BUF_X8_upper)
   0.00    1.47 v HBT_TOPIN_7756/BOT (HBT_TOPIN)
   0.03    1.50 ^ swerv/dec/tlu/_06172_/ZN (NOR2_X1_bottom)
   0.03    1.52 v swerv/dec/tlu/_06173_/ZN (OAI21_X2_bottom)
   0.06    1.58 v swerv/dec/tlu/_06174_/ZN (OR2_X2_bottom)
   0.07    1.65 ^ swerv/dec/tlu/_06195_/ZN (NOR3_X4_bottom)
   0.04    1.69 v swerv/dec/tlu/_06336_/ZN (NAND3_X4_bottom)
   0.02    1.71 ^ swerv/dec/tlu/_10634_/ZN (INV_X1_bottom)
   0.02    1.73 v swerv/dec/tlu/_10635_/ZN (OAI21_X2_bottom)
   0.03    1.76 ^ swerv/dec/tlu/_10636_/ZN (AOI21_X4_bottom)
   0.03    1.79 ^ swerv/dec/tlu/_10850_/CO (HA_X1_bottom)
   0.01    1.80 v swerv/dec/tlu/_10664_/ZN (INV_X1_bottom)
   0.07    1.87 v swerv/dec/tlu/_10842_/CO (FA_X1_bottom)
   0.04    1.91 ^ swerv/dec/tlu/_06424_/ZN (OAI21_X1_bottom)
   0.02    1.93 v swerv/dec/tlu/_06425_/ZN (AOI21_X2_bottom)
   0.04    1.97 ^ swerv/dec/tlu/_10639_/ZN (OAI21_X2_bottom)
   0.07    2.03 ^ swerv/dec/tlu/_10645_/ZN (AND4_X1_bottom)
   0.06    2.10 ^ swerv/dec/tlu/_10651_/ZN (AND4_X1_bottom)
   0.05    2.15 ^ swerv/dec/tlu/_10652_/ZN (AND3_X1_bottom)
   0.05    2.20 ^ swerv/dec/tlu/_10653_/ZN (AND3_X1_bottom)
   0.05    2.26 ^ swerv/dec/tlu/_10654_/ZN (AND3_X1_bottom)
   0.05    2.31 ^ swerv/dec/tlu/_10655_/ZN (AND3_X1_bottom)
   0.05    2.36 ^ swerv/dec/tlu/_10656_/ZN (AND3_X1_bottom)
   0.04    2.40 ^ swerv/dec/tlu/_10865_/S (HA_X1_bottom)
   0.04    2.44 ^ swerv/dec/tlu/_06985_/Z (MUX2_X1_bottom)
   0.01    2.45 v swerv/dec/tlu/_06986_/ZN (NAND2_X1_bottom)
   0.03    2.48 ^ swerv/dec/tlu/_06987_/ZN (AOI21_X1_bottom)
   0.00    2.48 ^ swerv/dec/tlu/_11324_/D (DFFR_X2_bottom)
           2.48   data arrival time

   2.00    2.00   clock core_clock (rise edge)
   0.00    2.00   clock network delay (ideal)
   0.00    2.00   clock reconvergence pessimism
           2.00 ^ swerv/dec/tlu/_11324_/CK (DFFR_X2_bottom)
  -0.03    1.97   library setup time
           1.97   data required time
---------------------------------------------------------
           1.97   data required time
          -2.48   data arrival time
---------------------------------------------------------
          -0.52   slack (VIOLATED)


Startpoint: swerv/exu/_20802_
            (rising edge-triggered flip-flop clocked by core_clock)
Endpoint: swerv/dec/tlu/_11320_
          (rising edge-triggered flip-flop clocked by core_clock)
Path Group: core_clock
Path Type: max

  Delay    Time   Description
---------------------------------------------------------
   0.00    0.00   clock core_clock (rise edge)
   0.00    0.00   clock network delay (ideal)
   0.00    0.00 ^ swerv/exu/_20802_/CK (DFFR_X2_bottom)
   0.20    0.20 ^ swerv/exu/_20802_/Q (DFFR_X2_bottom)
   0.06    0.26 ^ swerv/exu/_18827_/Z (XOR2_X1_bottom)
   0.09    0.35 ^ swerv/exu/_19734_/S (HA_X1_bottom)
   0.07    0.42 ^ swerv/exu/_11722_/ZN (AND4_X1_bottom)
   0.06    0.48 ^ swerv/exu/_11732_/ZN (AND3_X1_bottom)
   0.03    0.51 v swerv/exu/_11746_/ZN (OAI211_X4_bottom)
   0.03    0.55 ^ swerv/exu/_11763_/ZN (AOI21_X2_bottom)
   0.02    0.56 v swerv/exu/_11764_/ZN (NOR2_X2_bottom)
   0.02    0.59 ^ swerv/exu/_11765_/ZN (NOR2_X1_bottom)
   0.04    0.62 ^ swerv/exu/_11766_/ZN (OR2_X1_bottom)
   0.02    0.64 v swerv/exu/_11778_/ZN (AOI21_X1_bottom)
   0.03    0.67 ^ swerv/exu/_11780_/ZN (OAI21_X1_bottom)
   0.02    0.69 v swerv/exu/_11781_/ZN (AOI21_X1_bottom)
   0.13    0.82 ^ swerv/exu/_19208_/S (FA_X1_bottom)
   0.03    0.85 ^ wire2826/Z (CLKBUF_X3_bottom)
   0.04    0.90 ^ swerv/exu/_11854_/ZN (XNOR2_X1_bottom)
   0.04    0.93 v swerv/exu/_11855_/ZN (NAND4_X2_bottom)
   0.05    0.98 ^ swerv/exu/_11868_/ZN (NOR4_X4_bottom)
   0.03    1.01 v swerv/exu/_11879_/ZN (NAND4_X4_bottom)
   0.05    1.06 ^ swerv/exu/_11880_/ZN (OAI22_X4_bottom)
   0.08    1.14 ^ swerv/exu/_11881_/ZN (AND4_X1_bottom)
   0.02    1.16 ^ swerv/exu/_11889_/ZN (OR2_X1_bottom)
   0.00    1.16 ^ HBT_BOTIN_55885/TOP (HBT_BOTIN)
   0.03    1.19 ^ wire1727/Z (BUF_X4_upper)
   0.03    1.22 ^ wire1726/Z (BUF_X4_upper)
   0.03    1.24 ^ max_length1725/Z (BUF_X4_upper)
   0.03    1.27 ^ wire1724/Z (BUF_X4_upper)
   0.00    1.27 ^ HBT_TOPIN_7820/BOT (HBT_TOPIN)
   0.03    1.30 ^ max_length1723/Z (BUF_X8_bottom)
   0.01    1.31 v swerv/exu/_11891_/ZN (INV_X32_bottom)
   0.03    1.34 v max_length1672/Z (BUF_X8_bottom)
   0.02    1.36 v wire1671/Z (BUF_X4_bottom)
   0.00    1.36 v HBT_BOTIN_7761/TOP (HBT_BOTIN)
   0.03    1.39 v wire1670/Z (BUF_X4_upper)
   0.03    1.41 v wire1669/Z (BUF_X4_upper)
   0.03    1.44 v max_length1668/Z (BUF_X4_upper)
   0.02    1.47 v wire1667/Z (BUF_X8_upper)
   0.00    1.47 v HBT_TOPIN_7756/BOT (HBT_TOPIN)
   0.03    1.50 ^ swerv/dec/tlu/_06172_/ZN (NOR2_X1_bottom)
   0.03    1.52 v swerv/dec/tlu/_06173_/ZN (OAI21_X2_bottom)
   0.06    1.58 v swerv/dec/tlu/_06174_/ZN (OR2_X2_bottom)
   0.07    1.65 ^ swerv/dec/tlu/_06195_/ZN (NOR3_X4_bottom)
   0.04    1.69 v swerv/dec/tlu/_06336_/ZN (NAND3_X4_bottom)
   0.02    1.71 ^ swerv/dec/tlu/_10634_/ZN (INV_X1_bottom)
   0.02    1.73 v swerv/dec/tlu/_10635_/ZN (OAI21_X2_bottom)
   0.03    1.76 ^ swerv/dec/tlu/_10636_/ZN (AOI21_X4_bottom)
   0.03    1.79 ^ swerv/dec/tlu/_10850_/CO (HA_X1_bottom)
   0.01    1.80 v swerv/dec/tlu/_10664_/ZN (INV_X1_bottom)
   0.07    1.87 v swerv/dec/tlu/_10842_/CO (FA_X1_bottom)
   0.04    1.91 ^ swerv/dec/tlu/_06424_/ZN (OAI21_X1_bottom)
   0.02    1.93 v swerv/dec/tlu/_06425_/ZN (AOI21_X2_bottom)
   0.04    1.97 ^ swerv/dec/tlu/_10639_/ZN (OAI21_X2_bottom)
   0.07    2.03 ^ swerv/dec/tlu/_10645_/ZN (AND4_X1_bottom)
   0.06    2.10 ^ swerv/dec/tlu/_10651_/ZN (AND4_X1_bottom)
   0.05    2.15 ^ swerv/dec/tlu/_10652_/ZN (AND3_X1_bottom)
   0.05    2.20 ^ swerv/dec/tlu/_10653_/ZN (AND3_X1_bottom)
   0.05    2.26 ^ swerv/dec/tlu/_10654_/ZN (AND3_X1_bottom)
   0.05    2.31 ^ swerv/dec/tlu/_10655_/ZN (AND3_X1_bottom)
   0.04    2.34 ^ swerv/dec/tlu/_10864_/CO (HA_X1_bottom)
   0.04    2.39 ^ swerv/dec/tlu/_06965_/ZN (AND3_X1_bottom)
   0.02    2.40 v swerv/dec/tlu/_06966_/ZN (OAI21_X1_bottom)
   0.03    2.43 ^ swerv/dec/tlu/_06967_/ZN (AOI21_X1_bottom)
   0.00    2.43 ^ swerv/dec/tlu/_11320_/D (DFFR_X2_bottom)
           2.43   data arrival time

   2.00    2.00   clock core_clock (rise edge)
   0.00    2.00   clock network delay (ideal)
   0.00    2.00   clock reconvergence pessimism
           2.00 ^ swerv/dec/tlu/_11320_/CK (DFFR_X2_bottom)
  -0.03    1.97   library setup time
           1.97   data required time
---------------------------------------------------------
           1.97   data required time
          -2.43   data arrival time
---------------------------------------------------------
          -0.47   slack (VIOLATED)


Startpoint: swerv/exu/_20802_
            (rising edge-triggered flip-flop clocked by core_clock)
Endpoint: swerv/dec/tlu/_11316_
          (rising edge-triggered flip-flop clocked by core_clock)
Path Group: core_clock
Path Type: max

  Delay    Time   Description
---------------------------------------------------------
   0.00    0.00   clock core_clock (rise edge)
   0.00    0.00   clock network delay (ideal)
   0.00    0.00 ^ swerv/exu/_20802_/CK (DFFR_X2_bottom)
   0.20    0.20 ^ swerv/exu/_20802_/Q (DFFR_X2_bottom)
   0.06    0.26 ^ swerv/exu/_18827_/Z (XOR2_X1_bottom)
   0.09    0.35 ^ swerv/exu/_19734_/S (HA_X1_bottom)
   0.07    0.42 ^ swerv/exu/_11722_/ZN (AND4_X1_bottom)
   0.06    0.48 ^ swerv/exu/_11732_/ZN (AND3_X1_bottom)
   0.03    0.51 v swerv/exu/_11746_/ZN (OAI211_X4_bottom)
   0.03    0.55 ^ swerv/exu/_11763_/ZN (AOI21_X2_bottom)
   0.02    0.56 v swerv/exu/_11764_/ZN (NOR2_X2_bottom)
   0.02    0.59 ^ swerv/exu/_11765_/ZN (NOR2_X1_bottom)
   0.04    0.62 ^ swerv/exu/_11766_/ZN (OR2_X1_bottom)
   0.02    0.64 v swerv/exu/_11778_/ZN (AOI21_X1_bottom)
   0.03    0.67 ^ swerv/exu/_11780_/ZN (OAI21_X1_bottom)
   0.02    0.69 v swerv/exu/_11781_/ZN (AOI21_X1_bottom)
   0.13    0.82 ^ swerv/exu/_19208_/S (FA_X1_bottom)
   0.03    0.85 ^ wire2826/Z (CLKBUF_X3_bottom)
   0.04    0.90 ^ swerv/exu/_11854_/ZN (XNOR2_X1_bottom)
   0.04    0.93 v swerv/exu/_11855_/ZN (NAND4_X2_bottom)
   0.05    0.98 ^ swerv/exu/_11868_/ZN (NOR4_X4_bottom)
   0.03    1.01 v swerv/exu/_11879_/ZN (NAND4_X4_bottom)
   0.05    1.06 ^ swerv/exu/_11880_/ZN (OAI22_X4_bottom)
   0.08    1.14 ^ swerv/exu/_11881_/ZN (AND4_X1_bottom)
   0.02    1.16 ^ swerv/exu/_11889_/ZN (OR2_X1_bottom)
   0.00    1.16 ^ HBT_BOTIN_55885/TOP (HBT_BOTIN)
   0.03    1.19 ^ wire1727/Z (BUF_X4_upper)
   0.03    1.22 ^ wire1726/Z (BUF_X4_upper)
   0.03    1.24 ^ max_length1725/Z (BUF_X4_upper)
   0.03    1.27 ^ wire1724/Z (BUF_X4_upper)
   0.00    1.27 ^ HBT_TOPIN_7820/BOT (HBT_TOPIN)
   0.03    1.30 ^ max_length1723/Z (BUF_X8_bottom)
   0.01    1.31 v swerv/exu/_11891_/ZN (INV_X32_bottom)
   0.03    1.34 v max_length1672/Z (BUF_X8_bottom)
   0.02    1.36 v wire1671/Z (BUF_X4_bottom)
   0.00    1.36 v HBT_BOTIN_7761/TOP (HBT_BOTIN)
   0.03    1.39 v wire1670/Z (BUF_X4_upper)
   0.03    1.41 v wire1669/Z (BUF_X4_upper)
   0.03    1.44 v max_length1668/Z (BUF_X4_upper)
   0.02    1.47 v wire1667/Z (BUF_X8_upper)
   0.00    1.47 v HBT_TOPIN_7756/BOT (HBT_TOPIN)
   0.03    1.50 ^ swerv/dec/tlu/_06172_/ZN (NOR2_X1_bottom)
   0.03    1.52 v swerv/dec/tlu/_06173_/ZN (OAI21_X2_bottom)
   0.06    1.58 v swerv/dec/tlu/_06174_/ZN (OR2_X2_bottom)
   0.07    1.65 ^ swerv/dec/tlu/_06195_/ZN (NOR3_X4_bottom)
   0.04    1.69 v swerv/dec/tlu/_06336_/ZN (NAND3_X4_bottom)
   0.02    1.71 ^ swerv/dec/tlu/_10634_/ZN (INV_X1_bottom)
   0.02    1.73 v swerv/dec/tlu/_10635_/ZN (OAI21_X2_bottom)
   0.03    1.76 ^ swerv/dec/tlu/_10636_/ZN (AOI21_X4_bottom)
   0.03    1.79 ^ swerv/dec/tlu/_10850_/CO (HA_X1_bottom)
   0.01    1.80 v swerv/dec/tlu/_10664_/ZN (INV_X1_bottom)
   0.07    1.87 v swerv/dec/tlu/_10842_/CO (FA_X1_bottom)
   0.04    1.91 ^ swerv/dec/tlu/_06424_/ZN (OAI21_X1_bottom)
   0.02    1.93 v swerv/dec/tlu/_06425_/ZN (AOI21_X2_bottom)
   0.04    1.97 ^ swerv/dec/tlu/_10639_/ZN (OAI21_X2_bottom)
   0.07    2.03 ^ swerv/dec/tlu/_10645_/ZN (AND4_X1_bottom)
   0.06    2.10 ^ swerv/dec/tlu/_10651_/ZN (AND4_X1_bottom)
   0.05    2.15 ^ swerv/dec/tlu/_10652_/ZN (AND3_X1_bottom)
   0.05    2.20 ^ swerv/dec/tlu/_10653_/ZN (AND3_X1_bottom)
   0.05    2.26 ^ swerv/dec/tlu/_10654_/ZN (AND3_X1_bottom)
   0.05    2.31 ^ swerv/dec/tlu/_10655_/ZN (AND3_X1_bottom)
   0.04    2.35 ^ swerv/dec/tlu/_10864_/S (HA_X1_bottom)
   0.04    2.39 ^ swerv/dec/tlu/_06944_/Z (MUX2_X1_bottom)
   0.01    2.40 v swerv/dec/tlu/_06945_/ZN (NAND2_X1_bottom)
   0.03    2.43 ^ swerv/dec/tlu/_06946_/ZN (AOI21_X1_bottom)
   0.00    2.43 ^ swerv/dec/tlu/_11316_/D (DFFR_X2_bottom)
           2.43   data arrival time

   2.00    2.00   clock core_clock (rise edge)
   0.00    2.00   clock network delay (ideal)
   0.00    2.00   clock reconvergence pessimism
           2.00 ^ swerv/dec/tlu/_11316_/CK (DFFR_X2_bottom)
  -0.03    1.97   library setup time
           1.97   data required time
---------------------------------------------------------
           1.97   data required time
          -2.43   data arrival time
---------------------------------------------------------
          -0.47   slack (VIOLATED)


Startpoint: swerv/lsu/stbuf/_19960_
            (rising edge-triggered flip-flop clocked by core_clock)
Endpoint: swerv/_10363_ (rising edge-triggered flip-flop clocked by core_clock)
Path Group: core_clock
Path Type: max

  Delay    Time   Description
---------------------------------------------------------
   0.00    0.00   clock core_clock (rise edge)
   0.00    0.00   clock network delay (ideal)
   0.00    0.00 ^ swerv/lsu/stbuf/_19960_/CK (DFFR_X2_upper)
   0.23    0.23 ^ swerv/lsu/stbuf/_19960_/Q (DFFR_X2_upper)
   0.01    0.25 v swerv/lsu/_4425_/ZN (NOR2_X1_upper)
   0.03    0.28 ^ swerv/lsu/_4428_/ZN (OAI21_X1_upper)
   0.02    0.30 v swerv/lsu/_4431_/ZN (AOI21_X2_upper)
   0.06    0.36 ^ swerv/lsu/_4442_/ZN (AOI211_X2_upper)
   0.03    0.39 v swerv/lsu/_4443_/ZN (OAI21_X2_upper)
   0.03    0.42 ^ swerv/lsu/_4444_/ZN (AOI21_X4_upper)
   0.00    0.42 ^ HBT_TOPIN_111693/BOT (HBT_TOPIN)
   0.03    0.45 ^ swerv/lsu/_5442_/Z (MUX2_X2_bottom)
   0.04    0.49 ^ swerv/lsu/_8286_/CO (HA_X1_bottom)
   0.05    0.54 ^ swerv/lsu/_8272_/CO (FA_X1_bottom)
   0.01    0.55 v swerv/lsu/_5469_/ZN (INV_X1_bottom)
   0.18    0.73 ^ swerv/lsu/_8273_/S (FA_X1_bottom)
   0.00    0.73 v swerv/lsu/_5764_/ZN (INV_X16_bottom)
   0.03    0.76 v wire2821/Z (BUF_X4_bottom)
   0.06    0.82 v swerv/lsu/bus_intf/_1949_/Z (XOR2_X2_bottom)
   0.01    0.83 ^ swerv/lsu/bus_intf/bus_buffer/_10762_/ZN (INV_X1_bottom)
   0.02    0.85 v swerv/lsu/bus_intf/bus_buffer/_10763_/ZN (NAND3_X1_bottom)
   0.10    0.96 v swerv/lsu/bus_intf/bus_buffer/_21338_/S (FA_X1_bottom)
   0.11    1.07 ^ swerv/lsu/bus_intf/bus_buffer/_21341_/S (FA_X1_bottom)
   0.01    1.08 v swerv/lsu/bus_intf/bus_buffer/_20584_/ZN (INV_X1_bottom)
   0.11    1.19 ^ swerv/lsu/bus_intf/bus_buffer/_21344_/S (FA_X1_bottom)
   0.01    1.20 v swerv/lsu/bus_intf/bus_buffer/_20575_/ZN (INV_X1_bottom)
   0.11    1.32 ^ swerv/lsu/bus_intf/bus_buffer/_21345_/S (FA_X1_bottom)
   0.01    1.33 v swerv/lsu/bus_intf/bus_buffer/_20586_/ZN (INV_X1_bottom)
   0.03    1.35 v swerv/lsu/bus_intf/bus_buffer/_21362_/CO (HA_X1_bottom)
   0.06    1.42 v swerv/lsu/bus_intf/bus_buffer/_21346_/CO (FA_X1_bottom)
   0.02    1.44 ^ swerv/lsu/bus_intf/bus_buffer/_20581_/ZN (INV_X1_bottom)
   0.05    1.49 ^ swerv/lsu/bus_intf/bus_buffer/_21347_/CO (FA_X1_bottom)
   0.05    1.54 ^ swerv/lsu/bus_intf/bus_buffer/_10823_/Z (XOR2_X2_bottom)
   0.04    1.58 ^ swerv/lsu/bus_intf/bus_buffer/_10824_/ZN (XNOR2_X2_bottom)
   0.02    1.60 v swerv/lsu/bus_intf/bus_buffer/_10826_/ZN (OAI21_X4_bottom)
   0.02    1.62 v wire1448/Z (BUF_X4_bottom)
   0.03    1.65 v wire1447/Z (BUF_X4_bottom)
   0.03    1.68 v wire1446/Z (BUF_X4_bottom)
   0.00    1.68 v HBT_BOTIN_7511/TOP (HBT_BOTIN)
   0.02    1.70 v wire1445/Z (BUF_X2_upper)
   0.11    1.81 v swerv/dec/decode/_08503_/ZN (OR4_X1_upper)
   0.11    1.92 v swerv/dec/decode/_08504_/ZN (OR4_X4_upper)
   0.03    1.94 v wire1439/Z (BUF_X4_upper)
   0.03    1.97 ^ swerv/dec/decode/_08505_/ZN (OAI21_X1_upper)
   0.00    1.97 ^ HBT_TOPIN_35577/BOT (HBT_TOPIN)
   0.02    1.99 v swerv/dec/decode/_08735_/ZN (NAND4_X1_bottom)
   0.08    2.08 v swerv/dec/decode/_08944_/ZN (OR4_X2_bottom)
   0.04    2.11 ^ swerv/dec/decode/_09004_/ZN (NOR2_X2_bottom)
   0.04    2.15 v swerv/dec/decode/_09012_/ZN (NAND3_X4_bottom)
   0.04    2.19 ^ swerv/dec/decode/_10870_/ZN (OAI22_X4_bottom)
   0.00    2.19 ^ HBT_BOTIN_111639/TOP (HBT_BOTIN)
   0.01    2.20 v swerv/lsu/_7030_/ZN (NOR4_X2_upper)
   0.04    2.24 v swerv/_05481_/ZN (AND2_X4_upper)
   0.03    2.27 v max_length1229/Z (BUF_X8_upper)
   0.05    2.32 ^ swerv/_09303_/ZN (AOI21_X1_upper)
   0.06    2.38 v swerv/_09307_/Z (MUX2_X1_upper)
   0.00    2.38 v swerv/_10363_/D (DFFR_X2_upper)
           2.38   data arrival time

   2.00    2.00   clock core_clock (rise edge)
   0.00    2.00   clock network delay (ideal)
   0.00    2.00   clock reconvergence pessimism
           2.00 ^ swerv/_10363_/CK (DFFR_X2_upper)
  -0.04    1.96   library setup time
           1.96   data required time
---------------------------------------------------------
           1.96   data required time
          -2.38   data arrival time
---------------------------------------------------------
          -0.43   slack (VIOLATED)


+_+_+_+_+_+_+_+_+_+_+_+_+_+_+_+_+-

==========================================================================
finish critical path delay
--------------------------------------------------------------------------
2.4808

==========================================================================
finish critical path slack
--------------------------------------------------------------------------
-0.5157

==========================================================================
finish slack div critical path delay
--------------------------------------------------------------------------
-20.787649

==========================================================================
finish report_power
--------------------------------------------------------------------------
Group                  Internal  Switching    Leakage      Total
                          Power      Power      Power      Power (Watts)
----------------------------------------------------------------
Sequential             4.66e-02   4.64e-03   1.17e-03   5.24e-02  11.5%
Combinational          7.18e-02   6.29e-02   4.47e-03   1.39e-01  30.6%
Clock                  0.00e+00   0.00e+00   0.00e+00   0.00e+00   0.0%
Macro                  2.42e-01   0.00e+00   2.07e-02   2.63e-01  57.8%
Pad                    0.00e+00   0.00e+00   0.00e+00   0.00e+00   0.0%
----------------------------------------------------------------
Total                  3.60e-01   6.75e-02   2.64e-02   4.54e-01 100.0%
                          79.3%      14.9%       5.8%

==========================================================================
finish report_design_area
--------------------------------------------------------------------------
Design area 700029 u^2 129% utilization.

[WARNING GUI-0076] QStandardPaths: XDG_RUNTIME_DIR not set, defaulting to '/tmp/runtime-root'
[WARNING GUI-0076] This plugin does not support propagateSizeHints()
[WARNING GUI-0076] This plugin does not support propagateSizeHints()
[WARNING GUI-0076] This plugin does not support propagateSizeHints()
[WARNING GUI-0010] File path does not end with a valid extension, new path is: ./reports/nangate45_3D/swerv_wrapper/HBT/final_routing.webp.png
[WARNING GUI-0010] File path does not end with a valid extension, new path is: ./reports/nangate45_3D/swerv_wrapper/HBT/final_placement.webp.png
[WARNING GUI-0010] File path does not end with a valid extension, new path is: ./reports/nangate45_3D/swerv_wrapper/HBT/final_ir_drop.webp.png
[WARNING GUI-0066] Heat map "IR Drop" has not been populated with data.
[WARNING GUI-0010] File path does not end with a valid extension, new path is: ./reports/nangate45_3D/swerv_wrapper/HBT/final_clocks.webp.png
[WARNING GUI-0010] File path does not end with a valid extension, new path is: ./reports/nangate45_3D/swerv_wrapper/HBT/final_congestion.webp.png
[WARNING GUI-0010] File path does not end with a valid extension, new path is: ./reports/nangate45_3D/swerv_wrapper/HBT/final_resizer.webp.png
[WARNING GUI-0010] File path does not end with a valid extension, new path is: ./reports/nangate45_3D/swerv_wrapper/HBT/cts_core_clock.webp.png
Elapsed time: 2:06.53[h:]min:sec. CPU time: user 123.14 sys 3.34 (99%). Peak memory: 1437840KB.
