OpenROAD v2.0-17198-g8396d0866 
Features included (+) or not (-): +Charts +GPU +GUI +Python : None
This program is licensed under the BSD-3 license. See the LICENSE file for details.
Components of this program may be licensed under more restrictive licenses which must be honored.
[WARNING STA-0366] port 'icache_id_i[0]' not found.
[WARNING STA-0101] object 'rst_ni' not found.
[WARNING STA-0472] no valid objects specified for -through
[WARNING STA-0101] object 'reset_l' not found.
[WARNING STA-0472] no valid objects specified for -through
[WARNING STA-0101] object 'p_clk_async_reset_i' not found.
[WARNING STA-0472] no valid objects specified for -through
[WARNING ODB-0378] Global connections are not set up.
[INFO] Deleted 0 routing obstructions
[INFO RCX-0431] Defined process_corner X with ext_model_index 0
[INFO RCX-0029] Defined extraction corner X
[INFO RCX-0435] Reading extraction model file /workspace/OpenROAD-3D/flow/platforms/nangate45_3D/nangate45_3D.rules ...
[INFO RCX-0436] RC segment generation bp_fe_top (max_merge_res 50.0) ...
[WARNING RCX-0111] Net 542 cce_lce_data_cmd_i[330] has a loop at x=234270 y=468790 , on iterm input401/A.
[WARNING RCX-0111] Net 542 cce_lce_data_cmd_i[330] has a loop at x=234270 y=468720 , on iterm input401/A.
[INFO RCX-0040] Final 165532 rc segments
[INFO RCX-0439] Coupling Cap extraction bp_fe_top ...
[INFO RCX-0440] Coupling threshhold is 0.1000 fF, coupling capacitance less than 0.1000 fF will be grounded.
[INFO RCX-0442] 15% of 395907 wires extracted
[INFO RCX-0442] 51% of 395907 wires extracted
[INFO RCX-0442] 62% of 395907 wires extracted
[INFO RCX-0442] 90% of 395907 wires extracted
[INFO RCX-0442] 98% of 395907 wires extracted
[INFO RCX-0442] 100% of 395907 wires extracted
[INFO RCX-0045] Extract 39103 nets, 199554 rsegs, 199554 caps, 430593 ccs
[INFO RCX-0443] 39105 nets finished
[WARNING STA-1650] ./results/nangate45_3D/bp_fe/HBT/6_final.spef line 74391, net bp_fe_pc_gen_1/genblk1_branch_prediction_1/btb_1/btb_mem/macro_mem/mem not found.
[WARNING STA-1650] ./results/nangate45_3D/bp_fe/HBT/6_final.spef line 74392, net bp_fe_pc_gen_1/genblk1_branch_prediction_1/btb_1/btb_mem/macro_mem/mem not found.
[WARNING STA-1650] ./results/nangate45_3D/bp_fe/HBT/6_final.spef line 74394, net bp_fe_pc_gen_1/btb_target\[53\] not found.
[WARNING STA-1650] ./results/nangate45_3D/bp_fe/HBT/6_final.spef line 74460, net bp_fe_pc_gen_1/_3285_ not found.
[WARNING STA-1650] ./results/nangate45_3D/bp_fe/HBT/6_final.spef line 74461, net bp_fe_pc_gen_1/_3728_ not found.
[WARNING STA-1650] ./results/nangate45_3D/bp_fe/HBT/6_final.spef line 74473, net icache_1/data_mem_write_data\[31\] not found.
[WARNING STA-1650] ./results/nangate45_3D/bp_fe/HBT/6_final.spef line 74476, net icache_1/data_mem_write_data\[33\] not found.
[WARNING STA-1650] ./results/nangate45_3D/bp_fe/HBT/6_final.spef line 74487, net icache_1/lce/_13463_ not found.
[WARNING STA-1650] ./results/nangate45_3D/bp_fe/HBT/6_final.spef line 74492, net icache_1/data_mem_write_data\[33\] not found.
[WARNING STA-1650] ./results/nangate45_3D/bp_fe/HBT/6_final.spef line 74510, net icache_1/_13371_ not found.
[WARNING STA-1650] ./results/nangate45_3D/bp_fe/HBT/6_final.spef line 74547, net icache_1/data_mem_write_data\[21\] not found.
[WARNING STA-1650] ./results/nangate45_3D/bp_fe/HBT/6_final.spef line 74548, net icache_1/data_mem_write_data\[481\] not found.
[WARNING STA-1650] ./results/nangate45_3D/bp_fe/HBT/6_final.spef line 74622, net bp_fe_pc_gen_1/genblk1_branch_prediction_1/btb_1/btb_mem/macro_mem/mem not found.
[WARNING STA-1650] ./results/nangate45_3D/bp_fe/HBT/6_final.spef line 74623, net bp_fe_pc_gen_1/genblk1_branch_prediction_1/btb_1/btb_mem/macro_mem/mem not found.
[WARNING STA-1650] ./results/nangate45_3D/bp_fe/HBT/6_final.spef line 74633, net icache_1/_14342_ not found.
[WARNING STA-1650] ./results/nangate45_3D/bp_fe/HBT/6_final.spef line 74634, net icache_1/_14710_ not found.
[WARNING STA-1650] ./results/nangate45_3D/bp_fe/HBT/6_final.spef line 74649, net bp_fe_pc_gen_1/genblk1_branch_prediction_1/btb_1/btb_mem/macro_mem/mem not found.
[WARNING STA-1650] ./results/nangate45_3D/bp_fe/HBT/6_final.spef line 74677, net bp_fe_pc_gen_1/_3272_ not found.
[WARNING STA-1650] ./results/nangate45_3D/bp_fe/HBT/6_final.spef line 74678, net bp_fe_pc_gen_1/_3272_ not found.
[WARNING STA-1650] ./results/nangate45_3D/bp_fe/HBT/6_final.spef line 74679, net bp_fe_pc_gen_1/_3725_ not found.
[WARNING STA-1650] ./results/nangate45_3D/bp_fe/HBT/6_final.spef line 74680, net bp_fe_pc_gen_1/_3846_ not found.
[WARNING STA-1650] ./results/nangate45_3D/bp_fe/HBT/6_final.spef line 74682, net bp_fe_pc_gen_1/_1453_ not found.
[WARNING STA-1650] ./results/nangate45_3D/bp_fe/HBT/6_final.spef line 74683, net bp_fe_pc_gen_1/pc_redirect\[57\] not found.
[WARNING STA-1650] ./results/nangate45_3D/bp_fe/HBT/6_final.spef line 74684, net bp_fe_pc_gen_1/pc_redirect\[57\] not found.
[WARNING STA-1650] ./results/nangate45_3D/bp_fe/HBT/6_final.spef line 74685, net icache_1/_05481_ not found.
[WARNING STA-1650] ./results/nangate45_3D/bp_fe/HBT/6_final.spef line 74686, net icache_1/_05481_ not found.
[WARNING STA-1650] ./results/nangate45_3D/bp_fe/HBT/6_final.spef line 74720, net bp_fe_pc_gen_1/genblk1_branch_prediction_1/btb_1/btb_mem/macro_mem/mem not found.
[WARNING STA-1650] ./results/nangate45_3D/bp_fe/HBT/6_final.spef line 74729, net icache_1/_14542_ not found.
[WARNING STA-1650] ./results/nangate45_3D/bp_fe/HBT/6_final.spef line 74748, net icache_1/data_mem_bank_data_lo\[156\] not found.
[WARNING STA-1650] ./results/nangate45_3D/bp_fe/HBT/6_final.spef line 74779, net bp_fe_pc_gen_1/_3125_ not found.
[WARNING STA-1650] ./results/nangate45_3D/bp_fe/HBT/6_final.spef line 74782, net bp_fe_pc_gen_1/_0965_ not found.
[WARNING STA-1650] ./results/nangate45_3D/bp_fe/HBT/6_final.spef line 74802, net icache_1/data_mem_bank_data_lo\[48\] not found.
[WARNING STA-1650] ./results/nangate45_3D/bp_fe/HBT/6_final.spef line 74803, net icache_1/data_mem_bank_data_lo\[55\] not found.
[WARNING STA-1650] ./results/nangate45_3D/bp_fe/HBT/6_final.spef line 74804, net icache_1/data_mem_bank_data_lo\[58\] not found.
[WARNING STA-1650] ./results/nangate45_3D/bp_fe/HBT/6_final.spef line 74805, net icache_1/data_mem_write_data\[31\] not found.
[WARNING STA-1650] ./results/nangate45_3D/bp_fe/HBT/6_final.spef line 74806, net icache_1/data_mem_write_data\[40\] not found.
[WARNING STA-1650] ./results/nangate45_3D/bp_fe/HBT/6_final.spef line 74826, net icache_1/_15436_ not found.
[WARNING STA-1650] ./results/nangate45_3D/bp_fe/HBT/6_final.spef line 74854, net bp_fe_pc_gen_1/_3819_ not found.
[WARNING STA-1650] ./results/nangate45_3D/bp_fe/HBT/6_final.spef line 74897, net icache_1/_12221_ not found.
[WARNING STA-1650] ./results/nangate45_3D/bp_fe/HBT/6_final.spef line 74899, net icache_1/_12221_ not found.
[WARNING STA-1650] ./results/nangate45_3D/bp_fe/HBT/6_final.spef line 74900, net icache_1/_12271_ not found.
[WARNING STA-1650] ./results/nangate45_3D/bp_fe/HBT/6_final.spef line 74901, net icache_1/_12768_ not found.
[WARNING STA-1650] ./results/nangate45_3D/bp_fe/HBT/6_final.spef line 74902, net icache_1/_13250_ not found.
[WARNING STA-1650] ./results/nangate45_3D/bp_fe/HBT/6_final.spef line 74903, net icache_1/_13256_ not found.
[WARNING STA-1650] ./results/nangate45_3D/bp_fe/HBT/6_final.spef line 74904, net icache_1/_13741_ not found.
[WARNING STA-1650] ./results/nangate45_3D/bp_fe/HBT/6_final.spef line 74905, net icache_1/_13930_ not found.
[WARNING STA-1650] ./results/nangate45_3D/bp_fe/HBT/6_final.spef line 74906, net icache_1/_13930_ not found.
[WARNING STA-1650] ./results/nangate45_3D/bp_fe/HBT/6_final.spef line 74907, net icache_1/_13931_ not found.
[WARNING STA-1650] ./results/nangate45_3D/bp_fe/HBT/6_final.spef line 74908, net icache_1/_13932_ not found.
[WARNING STA-1650] ./results/nangate45_3D/bp_fe/HBT/6_final.spef line 74909, net icache_1/_14298_ not found.
[WARNING STA-1650] ./results/nangate45_3D/bp_fe/HBT/6_final.spef line 74910, net icache_1/_14299_ not found.
[WARNING STA-1650] ./results/nangate45_3D/bp_fe/HBT/6_final.spef line 74911, net icache_1/_14479_ not found.
[WARNING STA-1650] ./results/nangate45_3D/bp_fe/HBT/6_final.spef line 74912, net icache_1/_14748_ not found.
[WARNING STA-1650] ./results/nangate45_3D/bp_fe/HBT/6_final.spef line 74913, net icache_1/_15475_ not found.
[WARNING STA-1650] ./results/nangate45_3D/bp_fe/HBT/6_final.spef line 74914, net icache_1/lce/_12072_ not found.
[WARNING STA-1650] ./results/nangate45_3D/bp_fe/HBT/6_final.spef line 74915, net icache_1/lce/_12439_ not found.
[WARNING STA-1650] ./results/nangate45_3D/bp_fe/HBT/6_final.spef line 74916, net icache_1/lce/_17089_ not found.
[WARNING STA-1650] ./results/nangate45_3D/bp_fe/HBT/6_final.spef line 74917, net icache_1/lce/_19870_ not found.
[WARNING STA-1650] ./results/nangate45_3D/bp_fe/HBT/6_final.spef line 74965, net icache_1/data_mem_pkt\[327\] not found.
[WARNING STA-1650] ./results/nangate45_3D/bp_fe/HBT/6_final.spef line 74966, net icache_1/data_mem_pkt\[3\] not found.
[WARNING STA-1650] ./results/nangate45_3D/bp_fe/HBT/6_final.spef line 74967, net icache_1/data_mem_write_data\[227\] not found.
[WARNING STA-1650] ./results/nangate45_3D/bp_fe/HBT/6_final.spef line 74968, net icache_1/lce/lce_tr_resp_in_fifo.mem_1r1w.synth.mem\[816\] not found.
[WARNING STA-1650] ./results/nangate45_3D/bp_fe/HBT/6_final.spef line 74971, net icache_1/_20410_ not found.
[WARNING STA-1650] ./results/nangate45_3D/bp_fe/HBT/6_final.spef line 74972, net icache_1/_21968_ not found.
[WARNING STA-1650] ./results/nangate45_3D/bp_fe/HBT/6_final.spef line 74973, net icache_1/lce/_16870_ not found.
[WARNING STA-1650] ./results/nangate45_3D/bp_fe/HBT/6_final.spef line 74974, net icache_1/lce/_21571_ not found.
[WARNING STA-1650] ./results/nangate45_3D/bp_fe/HBT/6_final.spef line 74990, net bp_fe_pc_gen_1/N156 not found.
[WARNING STA-1650] ./results/nangate45_3D/bp_fe/HBT/6_final.spef line 75038, net bp_fe_pc_gen_1/genblk1_branch_prediction_1/_0612_ not found.
[WARNING STA-1650] ./results/nangate45_3D/bp_fe/HBT/6_final.spef line 75044, net bp_fe_pc_gen_1/genblk1_branch_prediction_1/btb_1/_1473_ not found.
[WARNING STA-1650] ./results/nangate45_3D/bp_fe/HBT/6_final.spef line 75053, net bp_fe_pc_gen_1/genblk1_branch_prediction_1/btb_1/_1513_ not found.
[WARNING STA-1650] ./results/nangate45_3D/bp_fe/HBT/6_final.spef line 75086, net bp_fe_pc_gen_1/genblk1_branch_prediction_1/btb_1/_2505_ not found.
[WARNING STA-1650] ./results/nangate45_3D/bp_fe/HBT/6_final.spef line 75087, net bp_fe_pc_gen_1/genblk1_branch_prediction_1/btb_1/_2537_ not found.
[WARNING STA-1650] ./results/nangate45_3D/bp_fe/HBT/6_final.spef line 75088, net bp_fe_pc_gen_1/genblk1_branch_prediction_1/btb_1/_3892_ not found.
[WARNING STA-1650] ./results/nangate45_3D/bp_fe/HBT/6_final.spef line 75117, net bp_fe_pc_gen_1/genblk1_branch_prediction_1/btb_1/_0912_ not found.
[WARNING STA-1650] ./results/nangate45_3D/bp_fe/HBT/6_final.spef line 75122, net bp_fe_pc_gen_1/_2820_ not found.
[WARNING STA-1650] ./results/nangate45_3D/bp_fe/HBT/6_final.spef line 75127, net bp_fe_pc_gen_1/_3924_ not found.
[WARNING STA-1650] ./results/nangate45_3D/bp_fe/HBT/6_final.spef line 75218, net icache_1/_18768_ not found.
[WARNING STA-1650] ./results/nangate45_3D/bp_fe/HBT/6_final.spef line 75219, net icache_1/_18769_ not found.
[WARNING STA-1650] ./results/nangate45_3D/bp_fe/HBT/6_final.spef line 75220, net icache_1/_19215_ not found.
[WARNING STA-1650] ./results/nangate45_3D/bp_fe/HBT/6_final.spef line 75221, net icache_1/_19217_ not found.
[WARNING STA-1650] ./results/nangate45_3D/bp_fe/HBT/6_final.spef line 75225, net icache_1/_18269_ not found.
[WARNING STA-1650] ./results/nangate45_3D/bp_fe/HBT/6_final.spef line 75226, net icache_1/_18270_ not found.
[WARNING STA-1650] ./results/nangate45_3D/bp_fe/HBT/6_final.spef line 75227, net icache_1/_18270_ not found.
[WARNING STA-1650] ./results/nangate45_3D/bp_fe/HBT/6_final.spef line 75228, net icache_1/_18537_ not found.
[WARNING STA-1650] ./results/nangate45_3D/bp_fe/HBT/6_final.spef line 75229, net icache_1/_18538_ not found.
[WARNING STA-1650] ./results/nangate45_3D/bp_fe/HBT/6_final.spef line 75230, net icache_1/_18538_ not found.
[WARNING STA-1650] ./results/nangate45_3D/bp_fe/HBT/6_final.spef line 75231, net icache_1/_18539_ not found.
[WARNING STA-1650] ./results/nangate45_3D/bp_fe/HBT/6_final.spef line 75232, net icache_1/_18540_ not found.
[WARNING STA-1650] ./results/nangate45_3D/bp_fe/HBT/6_final.spef line 75233, net icache_1/_18541_ not found.
[WARNING STA-1650] ./results/nangate45_3D/bp_fe/HBT/6_final.spef line 75234, net icache_1/_18542_ not found.
[WARNING STA-1650] ./results/nangate45_3D/bp_fe/HBT/6_final.spef line 75235, net icache_1/_18766_ not found.
[WARNING STA-1650] ./results/nangate45_3D/bp_fe/HBT/6_final.spef line 75236, net icache_1/_18766_ not found.
[WARNING STA-1650] ./results/nangate45_3D/bp_fe/HBT/6_final.spef line 75237, net icache_1/_18766_ not found.
[WARNING STA-1650] ./results/nangate45_3D/bp_fe/HBT/6_final.spef line 75238, net icache_1/_18768_ not found.
[WARNING STA-1650] ./results/nangate45_3D/bp_fe/HBT/6_final.spef line 75239, net icache_1/_18768_ not found.
[WARNING STA-1650] ./results/nangate45_3D/bp_fe/HBT/6_final.spef line 75240, net icache_1/_19213_ not found.
[WARNING STA-1650] ./results/nangate45_3D/bp_fe/HBT/6_final.spef line 75241, net icache_1/_20321_ not found.
[WARNING STA-1650] ./results/nangate45_3D/bp_fe/HBT/6_final.spef line 75242, net icache_1/lce/_18258_ not found.
[WARNING STA-1650] ./results/nangate45_3D/bp_fe/HBT/6_final.spef line 75243, net icache_1/lce/_19196_ not found.
[WARNING STA-1650] ./results/nangate45_3D/bp_fe/HBT/6_final.spef line 75244, net icache_1/lce/_19196_ not found.
[WARNING STA-1650] ./results/nangate45_3D/bp_fe/HBT/6_final.spef line 75253, net icache_1/_02041_ not found.
[WARNING STA-1650] ./results/nangate45_3D/bp_fe/HBT/6_final.spef line 75254, net icache_1/_09563_ not found.
[WARNING STA-1650] ./results/nangate45_3D/bp_fe/HBT/6_final.spef line 75255, net icache_1/_16738_ not found.
[WARNING STA-1650] ./results/nangate45_3D/bp_fe/HBT/6_final.spef line 75256, net icache_1/_18007_ not found.
[WARNING STA-1650] ./results/nangate45_3D/bp_fe/HBT/6_final.spef line 75257, net icache_1/_18008_ not found.
[WARNING STA-1650] ./results/nangate45_3D/bp_fe/HBT/6_final.spef line 75258, net icache_1/_18537_ not found.
[WARNING STA-1650] ./results/nangate45_3D/bp_fe/HBT/6_final.spef line 75259, net icache_1/_18537_ not found.
[WARNING STA-1650] ./results/nangate45_3D/bp_fe/HBT/6_final.spef line 75260, net icache_1/_18999_ not found.
[WARNING STA-1650] ./results/nangate45_3D/bp_fe/HBT/6_final.spef line 75261, net icache_1/_19000_ not found.
[WARNING STA-1650] ./results/nangate45_3D/bp_fe/HBT/6_final.spef line 75262, net icache_1/_19001_ not found.
[WARNING STA-1650] ./results/nangate45_3D/bp_fe/HBT/6_final.spef line 75263, net icache_1/_19001_ not found.
[WARNING STA-1650] ./results/nangate45_3D/bp_fe/HBT/6_final.spef line 75264, net icache_1/_19011_ not found.
[WARNING STA-1650] ./results/nangate45_3D/bp_fe/HBT/6_final.spef line 75265, net icache_1/_19013_ not found.
[WARNING STA-1650] ./results/nangate45_3D/bp_fe/HBT/6_final.spef line 75266, net icache_1/_19013_ not found.
[WARNING STA-1650] ./results/nangate45_3D/bp_fe/HBT/6_final.spef line 75267, net icache_1/_19014_ not found.
[WARNING STA-1650] ./results/nangate45_3D/bp_fe/HBT/6_final.spef line 75268, net icache_1/_19899_ not found.
[WARNING STA-1650] ./results/nangate45_3D/bp_fe/HBT/6_final.spef line 75269, net icache_1/_19900_ not found.
[WARNING STA-1650] ./results/nangate45_3D/bp_fe/HBT/6_final.spef line 75270, net icache_1/_19900_ not found.
[WARNING STA-1650] ./results/nangate45_3D/bp_fe/HBT/6_final.spef line 75276, net icache_1/_01575_ not found.
[WARNING STA-1650] ./results/nangate45_3D/bp_fe/HBT/6_final.spef line 75277, net icache_1/data_mem_bank_data_lo\[504\] not found.
[WARNING STA-1650] ./results/nangate45_3D/bp_fe/HBT/6_final.spef line 75278, net icache_1/data_mem_data_li\[442\] not found.
[WARNING STA-1650] ./results/nangate45_3D/bp_fe/HBT/6_final.spef line 75279, net icache_1/_16760_ not found.
[WARNING STA-1650] ./results/nangate45_3D/bp_fe/HBT/6_final.spef line 75280, net icache_1/_16781_ not found.
[WARNING STA-1650] ./results/nangate45_3D/bp_fe/HBT/6_final.spef line 75281, net icache_1/_16783_ not found.
[WARNING STA-1650] ./results/nangate45_3D/bp_fe/HBT/6_final.spef line 75282, net icache_1/_16783_ not found.
[WARNING STA-1650] ./results/nangate45_3D/bp_fe/HBT/6_final.spef line 75283, net icache_1/_16785_ not found.
[WARNING STA-1650] ./results/nangate45_3D/bp_fe/HBT/6_final.spef line 75284, net icache_1/_16785_ not found.
[WARNING STA-1650] ./results/nangate45_3D/bp_fe/HBT/6_final.spef line 75285, net icache_1/_16786_ not found.
[WARNING STA-1650] ./results/nangate45_3D/bp_fe/HBT/6_final.spef line 75286, net icache_1/_18550_ not found.
[WARNING STA-1650] ./results/nangate45_3D/bp_fe/HBT/6_final.spef line 75287, net icache_1/_18553_ not found.
[WARNING STA-1650] ./results/nangate45_3D/bp_fe/HBT/6_final.spef line 75288, net icache_1/_18553_ not found.
[WARNING STA-1650] ./results/nangate45_3D/bp_fe/HBT/6_final.spef line 75289, net icache_1/_19031_ not found.
[WARNING STA-1650] ./results/nangate45_3D/bp_fe/HBT/6_final.spef line 75290, net icache_1/_19917_ not found.
[WARNING STA-1650] ./results/nangate45_3D/bp_fe/HBT/6_final.spef line 75291, net icache_1/_19918_ not found.
[WARNING STA-1650] ./results/nangate45_3D/bp_fe/HBT/6_final.spef line 75292, net icache_1/_19918_ not found.
[WARNING STA-1650] ./results/nangate45_3D/bp_fe/HBT/6_final.spef line 75293, net icache_1/_19919_ not found.
[WARNING STA-1650] ./results/nangate45_3D/bp_fe/HBT/6_final.spef line 75294, net icache_1/_20353_ not found.
[WARNING STA-1650] ./results/nangate45_3D/bp_fe/HBT/6_final.spef line 75295, net icache_1/lce/_14912_ not found.
[WARNING STA-1650] ./results/nangate45_3D/bp_fe/HBT/6_final.spef line 75305, net icache_1/_01617_ not found.
[WARNING STA-1650] ./results/nangate45_3D/bp_fe/HBT/6_final.spef line 75306, net icache_1/_09637_ not found.
[WARNING STA-1650] ./results/nangate45_3D/bp_fe/HBT/6_final.spef line 75307, net icache_1/_16688_ not found.
[WARNING STA-1650] ./results/nangate45_3D/bp_fe/HBT/6_final.spef line 75308, net icache_1/_16688_ not found.
[WARNING STA-1650] ./results/nangate45_3D/bp_fe/HBT/6_final.spef line 75309, net icache_1/_16689_ not found.
[WARNING STA-1650] ./results/nangate45_3D/bp_fe/HBT/6_final.spef line 75310, net icache_1/_16760_ not found.
[WARNING STA-1650] ./results/nangate45_3D/bp_fe/HBT/6_final.spef line 75311, net icache_1/_17346_ not found.
[WARNING STA-1650] ./results/nangate45_3D/bp_fe/HBT/6_final.spef line 75312, net icache_1/_17347_ not found.
[WARNING STA-1650] ./results/nangate45_3D/bp_fe/HBT/6_final.spef line 75313, net icache_1/_17347_ not found.
[WARNING STA-1650] ./results/nangate45_3D/bp_fe/HBT/6_final.spef line 75314, net icache_1/_17348_ not found.
[WARNING STA-1650] ./results/nangate45_3D/bp_fe/HBT/6_final.spef line 75315, net icache_1/_17349_ not found.
[WARNING STA-1650] ./results/nangate45_3D/bp_fe/HBT/6_final.spef line 75316, net icache_1/_17349_ not found.
[WARNING STA-1650] ./results/nangate45_3D/bp_fe/HBT/6_final.spef line 75317, net icache_1/_17351_ not found.
[WARNING STA-1650] ./results/nangate45_3D/bp_fe/HBT/6_final.spef line 75318, net icache_1/_17999_ not found.
[WARNING STA-1650] ./results/nangate45_3D/bp_fe/HBT/6_final.spef line 75319, net icache_1/_18529_ not found.
[WARNING STA-1650] ./results/nangate45_3D/bp_fe/HBT/6_final.spef line 75320, net icache_1/_18532_ not found.
[WARNING STA-1650] ./results/nangate45_3D/bp_fe/HBT/6_final.spef line 75321, net icache_1/_18535_ not found.
[WARNING STA-1650] ./results/nangate45_3D/bp_fe/HBT/6_final.spef line 75322, net icache_1/_18535_ not found.
[WARNING STA-1650] ./results/nangate45_3D/bp_fe/HBT/6_final.spef line 75323, net icache_1/_19440_ not found.
[WARNING STA-1650] ./results/nangate45_3D/bp_fe/HBT/6_final.spef line 75324, net icache_1/lce/_14331_ not found.
[WARNING STA-1650] ./results/nangate45_3D/bp_fe/HBT/6_final.spef line 75325, net icache_1/lce/_14422_ not found.
[WARNING STA-1650] ./results/nangate45_3D/bp_fe/HBT/6_final.spef line 75326, net icache_1/lce/_14422_ not found.
[WARNING STA-1650] ./results/nangate45_3D/bp_fe/HBT/6_final.spef line 75327, net icache_1/lce/_14616_ not found.
[WARNING STA-1650] ./results/nangate45_3D/bp_fe/HBT/6_final.spef line 75328, net icache_1/lce/_14616_ not found.
[WARNING STA-1650] ./results/nangate45_3D/bp_fe/HBT/6_final.spef line 75329, net icache_1/lce/_14617_ not found.
[WARNING STA-1650] ./results/nangate45_3D/bp_fe/HBT/6_final.spef line 75330, net icache_1/lce/_18256_ not found.
[WARNING STA-1650] ./results/nangate45_3D/bp_fe/HBT/6_final.spef line 75331, net icache_1/lce/_18257_ not found.
[WARNING STA-1650] ./results/nangate45_3D/bp_fe/HBT/6_final.spef line 75332, net icache_1/lce/_18348_ not found.
[WARNING STA-1650] ./results/nangate45_3D/bp_fe/HBT/6_final.spef line 75333, net icache_1/lce/_18349_ not found.
[WARNING STA-1650] ./results/nangate45_3D/bp_fe/HBT/6_final.spef line 75334, net icache_1/lce/_19007_ not found.
[WARNING STA-1650] ./results/nangate45_3D/bp_fe/HBT/6_final.spef line 75342, net icache_1/_01568_ not found.
[WARNING STA-1650] ./results/nangate45_3D/bp_fe/HBT/6_final.spef line 75343, net icache_1/data_mem_data_li\[247\] not found.
[WARNING STA-1650] ./results/nangate45_3D/bp_fe/HBT/6_final.spef line 75345, net icache_1/_11883_ not found.
[WARNING STA-1650] ./results/nangate45_3D/bp_fe/HBT/6_final.spef line 75346, net icache_1/_11888_ not found.
[WARNING STA-1650] ./results/nangate45_3D/bp_fe/HBT/6_final.spef line 75347, net icache_1/_11936_ not found.
[WARNING STA-1650] ./results/nangate45_3D/bp_fe/HBT/6_final.spef line 75348, net icache_1/_11936_ not found.
[WARNING STA-1650] ./results/nangate45_3D/bp_fe/HBT/6_final.spef line 75349, net icache_1/_11937_ not found.
[WARNING STA-1650] ./results/nangate45_3D/bp_fe/HBT/6_final.spef line 75350, net icache_1/_11937_ not found.
[WARNING STA-1650] ./results/nangate45_3D/bp_fe/HBT/6_final.spef line 75351, net icache_1/_11938_ not found.
[WARNING STA-1650] ./results/nangate45_3D/bp_fe/HBT/6_final.spef line 75352, net icache_1/_11938_ not found.
[WARNING STA-1650] ./results/nangate45_3D/bp_fe/HBT/6_final.spef line 75353, net icache_1/_21251_ not found.
[WARNING STA-1650] ./results/nangate45_3D/bp_fe/HBT/6_final.spef line 75354, net icache_1/_21252_ not found.
[WARNING STA-1650] ./results/nangate45_3D/bp_fe/HBT/6_final.spef line 75355, net icache_1/_21459_ not found.
[WARNING STA-1650] ./results/nangate45_3D/bp_fe/HBT/6_final.spef line 75356, net icache_1/_21460_ not found.
[WARNING STA-1650] ./results/nangate45_3D/bp_fe/HBT/6_final.spef line 75357, net icache_1/_22144_ not found.
[WARNING STA-1650] ./results/nangate45_3D/bp_fe/HBT/6_final.spef line 75358, net icache_1/_22272_ not found.
[WARNING STA-1650] ./results/nangate45_3D/bp_fe/HBT/6_final.spef line 75359, net icache_1/_22272_ not found.
[WARNING STA-1650] ./results/nangate45_3D/bp_fe/HBT/6_final.spef line 75360, net icache_1/lce/_13996_ not found.
[WARNING STA-1650] ./results/nangate45_3D/bp_fe/HBT/6_final.spef line 75361, net icache_1/lce/_13996_ not found.
[WARNING STA-1650] ./results/nangate45_3D/bp_fe/HBT/6_final.spef line 75362, net icache_1/lce/_14281_ not found.
[WARNING STA-1650] ./results/nangate45_3D/bp_fe/HBT/6_final.spef line 75363, net icache_1/lce/_14281_ not found.
[WARNING STA-1650] ./results/nangate45_3D/bp_fe/HBT/6_final.spef line 75364, net icache_1/lce/_14282_ not found.
[WARNING STA-1650] ./results/nangate45_3D/bp_fe/HBT/6_final.spef line 75365, net icache_1/lce/_18206_ not found.
[WARNING STA-1650] ./results/nangate45_3D/bp_fe/HBT/6_final.spef line 75366, net icache_1/lce/_18207_ not found.
[WARNING STA-1650] ./results/nangate45_3D/bp_fe/HBT/6_final.spef line 75367, net icache_1/lce/_18348_ not found.
[WARNING STA-1650] ./results/nangate45_3D/bp_fe/HBT/6_final.spef line 75368, net icache_1/lce/_19108_ not found.
[WARNING STA-1650] ./results/nangate45_3D/bp_fe/HBT/6_final.spef line 75369, net icache_1/lce/_19108_ not found.
[WARNING STA-1650] ./results/nangate45_3D/bp_fe/HBT/6_final.spef line 75370, net icache_1/lce/_19172_ not found.
[WARNING STA-1650] ./results/nangate45_3D/bp_fe/HBT/6_final.spef line 75371, net icache_1/lce/_19172_ not found.
[WARNING STA-1650] ./results/nangate45_3D/bp_fe/HBT/6_final.spef line 75372, net icache_1/data_set_select_mux.data_i\[190\] not found.
[WARNING STA-1650] ./results/nangate45_3D/bp_fe/HBT/6_final.spef line 75373, net icache_1/data_set_select_mux.data_i\[318\] not found.
[WARNING STA-1650] ./results/nangate45_3D/bp_fe/HBT/6_final.spef line 75374, net icache_1/_11930_ not found.
[WARNING STA-1650] ./results/nangate45_3D/bp_fe/HBT/6_final.spef line 75375, net icache_1/_11931_ not found.
[WARNING STA-1650] ./results/nangate45_3D/bp_fe/HBT/6_final.spef line 75376, net icache_1/_11932_ not found.
[WARNING STA-1650] ./results/nangate45_3D/bp_fe/HBT/6_final.spef line 75377, net icache_1/_11932_ not found.
[WARNING STA-1650] ./results/nangate45_3D/bp_fe/HBT/6_final.spef line 75378, net icache_1/_21179_ not found.
[WARNING STA-1650] ./results/nangate45_3D/bp_fe/HBT/6_final.spef line 75379, net icache_1/_21180_ not found.
[WARNING STA-1650] ./results/nangate45_3D/bp_fe/HBT/6_final.spef line 75380, net icache_1/_21460_ not found.
[WARNING STA-1650] ./results/nangate45_3D/bp_fe/HBT/6_final.spef line 75381, net icache_1/lce/_10299_ not found.
[WARNING STA-1650] ./results/nangate45_3D/bp_fe/HBT/6_final.spef line 75382, net icache_1/lce/_13226_ not found.
[WARNING STA-1650] ./results/nangate45_3D/bp_fe/HBT/6_final.spef line 75383, net icache_1/lce/_13226_ not found.
[WARNING STA-1650] ./results/nangate45_3D/bp_fe/HBT/6_final.spef line 75384, net icache_1/lce/_13227_ not found.
[WARNING STA-1650] ./results/nangate45_3D/bp_fe/HBT/6_final.spef line 75385, net icache_1/lce/_15058_ not found.
[WARNING STA-1650] ./results/nangate45_3D/bp_fe/HBT/6_final.spef line 75386, net icache_1/lce/_15058_ not found.
[WARNING STA-1650] ./results/nangate45_3D/bp_fe/HBT/6_final.spef line 75387, net icache_1/lce/_15387_ not found.
[WARNING STA-1650] ./results/nangate45_3D/bp_fe/HBT/6_final.spef line 75388, net icache_1/lce/_15387_ not found.
[WARNING STA-1650] ./results/nangate45_3D/bp_fe/HBT/6_final.spef line 75389, net icache_1/lce/_15963_ not found.
[WARNING STA-1650] ./results/nangate45_3D/bp_fe/HBT/6_final.spef line 75390, net icache_1/lce/_15967_ not found.
[WARNING STA-1650] ./results/nangate45_3D/bp_fe/HBT/6_final.spef line 75391, net icache_1/lce/_17030_ not found.
[WARNING STA-1650] ./results/nangate45_3D/bp_fe/HBT/6_final.spef line 75392, net icache_1/lce/_17030_ not found.
[WARNING STA-1650] ./results/nangate45_3D/bp_fe/HBT/6_final.spef line 75393, net icache_1/lce/_17087_ not found.
[WARNING STA-1650] ./results/nangate45_3D/bp_fe/HBT/6_final.spef line 75394, net icache_1/lce/_20033_ not found.
[WARNING STA-1650] ./results/nangate45_3D/bp_fe/HBT/6_final.spef line 75395, net icache_1/lce/_20036_ not found.
[WARNING STA-1650] ./results/nangate45_3D/bp_fe/HBT/6_final.spef line 75396, net icache_1/lce/_21034_ not found.
[WARNING STA-1650] ./results/nangate45_3D/bp_fe/HBT/6_final.spef line 75397, net icache_1/lce/_21034_ not found.
[WARNING STA-1650] ./results/nangate45_3D/bp_fe/HBT/6_final.spef line 75398, net icache_1/lce/lce_tr_resp_in_fifo.mem_1r1w.synth.mem\[453\] not found.
[WARNING STA-1650] ./results/nangate45_3D/bp_fe/HBT/6_final.spef line 75399, net icache_1/lce/lce_tr_resp_in_fifo.mem_1r1w.synth.mem\[460\] not found.
[WARNING STA-1650] ./results/nangate45_3D/bp_fe/HBT/6_final.spef line 75400, net icache_1/lce/lce_tr_resp_in_fifo.mem_1r1w.synth.mem\[6\] not found.
[WARNING STA-1650] ./results/nangate45_3D/bp_fe/HBT/6_final.spef line 75401, net icache_1/_14291_ not found.
[WARNING STA-1650] ./results/nangate45_3D/bp_fe/HBT/6_final.spef line 75402, net icache_1/lce/_10832_ not found.
[WARNING STA-1650] ./results/nangate45_3D/bp_fe/HBT/6_final.spef line 75403, net icache_1/lce/_10833_ not found.
[WARNING STA-1650] ./results/nangate45_3D/bp_fe/HBT/6_final.spef line 75404, net icache_1/lce/_12399_ not found.
[WARNING STA-1650] ./results/nangate45_3D/bp_fe/HBT/6_final.spef line 75405, net icache_1/lce/_17019_ not found.
[WARNING STA-1650] ./results/nangate45_3D/bp_fe/HBT/6_final.spef line 75406, net icache_1/lce/_17596_ not found.
[WARNING STA-1650] ./results/nangate45_3D/bp_fe/HBT/6_final.spef line 75407, net icache_1/lce/_20972_ not found.
[WARNING STA-1650] ./results/nangate45_3D/bp_fe/HBT/6_final.spef line 75408, net icache_1/lce/_20972_ not found.
[WARNING STA-1650] ./results/nangate45_3D/bp_fe/HBT/6_final.spef line 75409, net icache_1/lce/_20982_ not found.
[WARNING STA-1650] ./results/nangate45_3D/bp_fe/HBT/6_final.spef line 75414, net icache_1/lce/lce_data_cmd_fifo.mem_1r1w.synth.mem\[627\] not found.
[WARNING STA-1650] ./results/nangate45_3D/bp_fe/HBT/6_final.spef line 75415, net icache_1/_14712_ not found.
[WARNING STA-1650] ./results/nangate45_3D/bp_fe/HBT/6_final.spef line 75416, net icache_1/lce/_11570_ not found.
[WARNING STA-1650] ./results/nangate45_3D/bp_fe/HBT/6_final.spef line 75417, net icache_1/lce/_11616_ not found.
[WARNING STA-1650] ./results/nangate45_3D/bp_fe/HBT/6_final.spef line 75418, net icache_1/lce/_12701_ not found.
[WARNING STA-1650] ./results/nangate45_3D/bp_fe/HBT/6_final.spef line 75419, net icache_1/lce/_12702_ not found.
[WARNING STA-1650] ./results/nangate45_3D/bp_fe/HBT/6_final.spef line 75420, net icache_1/lce/_12702_ not found.
[WARNING STA-1650] ./results/nangate45_3D/bp_fe/HBT/6_final.spef line 75421, net icache_1/lce/_16069_ not found.
[WARNING STA-1650] ./results/nangate45_3D/bp_fe/HBT/6_final.spef line 75422, net icache_1/lce/_16318_ not found.
[WARNING STA-1650] ./results/nangate45_3D/bp_fe/HBT/6_final.spef line 75423, net icache_1/lce/_16318_ not found.
[WARNING STA-1650] ./results/nangate45_3D/bp_fe/HBT/6_final.spef line 75424, net icache_1/lce/_20353_ not found.
[WARNING STA-1650] ./results/nangate45_3D/bp_fe/HBT/6_final.spef line 75425, net icache_1/lce/_20353_ not found.
[WARNING STA-1650] ./results/nangate45_3D/bp_fe/HBT/6_final.spef line 75426, net icache_1/lce/_06552_ not found.
[WARNING STA-1650] ./results/nangate45_3D/bp_fe/HBT/6_final.spef line 75427, net icache_1/lce/_10828_ not found.
[WARNING STA-1650] ./results/nangate45_3D/bp_fe/HBT/6_final.spef line 75428, net icache_1/lce/_11320_ not found.
[WARNING STA-1650] ./results/nangate45_3D/bp_fe/HBT/6_final.spef line 75429, net icache_1/lce/_11644_ not found.
[WARNING STA-1650] ./results/nangate45_3D/bp_fe/HBT/6_final.spef line 75430, net icache_1/lce/_16967_ not found.
[WARNING STA-1650] ./results/nangate45_3D/bp_fe/HBT/6_final.spef line 75431, net icache_1/lce/_16967_ not found.
[WARNING STA-1650] ./results/nangate45_3D/bp_fe/HBT/6_final.spef line 75432, net icache_1/lce/_17462_ not found.
[WARNING STA-1650] ./results/nangate45_3D/bp_fe/HBT/6_final.spef line 75433, net icache_1/lce/_17462_ not found.
[WARNING STA-1650] ./results/nangate45_3D/bp_fe/HBT/6_final.spef line 75434, net icache_1/lce/_17544_ not found.
[WARNING STA-1650] ./results/nangate45_3D/bp_fe/HBT/6_final.spef line 75435, net icache_1/lce/_19844_ not found.
[WARNING STA-1650] ./results/nangate45_3D/bp_fe/HBT/6_final.spef line 75436, net icache_1/lce/_20925_ not found.
[WARNING STA-1650] ./results/nangate45_3D/bp_fe/HBT/6_final.spef line 75437, net icache_1/lce/_21446_ not found.
[WARNING STA-1650] ./results/nangate45_3D/bp_fe/HBT/6_final.spef line 75438, net icache_1/lce/_06552_ not found.
[WARNING STA-1650] ./results/nangate45_3D/bp_fe/HBT/6_final.spef line 75439, net icache_1/lce/lce_tr_resp_in_fifo.mem_1r1w.synth.mem\[211\] not found.
[WARNING STA-1650] ./results/nangate45_3D/bp_fe/HBT/6_final.spef line 75440, net icache_1/lce/lce_tr_resp_in_fifo.mem_1r1w.synth.mem\[87\] not found.
[WARNING STA-1650] ./results/nangate45_3D/bp_fe/HBT/6_final.spef line 75441, net icache_1/lce/_10501_ not found.
[WARNING STA-1650] ./results/nangate45_3D/bp_fe/HBT/6_final.spef line 75442, net icache_1/lce/_11320_ not found.
[WARNING STA-1650] ./results/nangate45_3D/bp_fe/HBT/6_final.spef line 75443, net icache_1/lce/_11322_ not found.
[WARNING STA-1650] ./results/nangate45_3D/bp_fe/HBT/6_final.spef line 75444, net icache_1/lce/_12159_ not found.
[WARNING STA-1650] ./results/nangate45_3D/bp_fe/HBT/6_final.spef line 75445, net icache_1/lce/_16197_ not found.
[WARNING STA-1650] ./results/nangate45_3D/bp_fe/HBT/6_final.spef line 75446, net icache_1/lce/_16601_ not found.
[WARNING STA-1650] ./results/nangate45_3D/bp_fe/HBT/6_final.spef line 75447, net icache_1/lce/_16601_ not found.
[WARNING STA-1650] ./results/nangate45_3D/bp_fe/HBT/6_final.spef line 75448, net icache_1/lce/_17407_ not found.
[WARNING STA-1650] ./results/nangate45_3D/bp_fe/HBT/6_final.spef line 75449, net icache_1/lce/_20801_ not found.
[WARNING STA-1650] ./results/nangate45_3D/bp_fe/HBT/6_final.spef line 75450, net icache_1/lce/_20801_ not found.
[WARNING STA-1650] ./results/nangate45_3D/bp_fe/HBT/6_final.spef line 75451, net icache_1/lce/_21116_ not found.
[WARNING STA-1650] ./results/nangate45_3D/bp_fe/HBT/6_final.spef line 75452, net icache_1/lce/_21322_ not found.
[WARNING STA-1650] ./results/nangate45_3D/bp_fe/HBT/6_final.spef line 75455, net icache_1/lce/lce_tr_resp_in_fifo.mem_1r1w.synth.mem\[162\] not found.
[WARNING STA-1650] ./results/nangate45_3D/bp_fe/HBT/6_final.spef line 75456, net icache_1/lce/_10287_ not found.
[WARNING STA-1650] ./results/nangate45_3D/bp_fe/HBT/6_final.spef line 75457, net icache_1/lce/_10613_ not found.
[WARNING STA-1650] ./results/nangate45_3D/bp_fe/HBT/6_final.spef line 75458, net icache_1/lce/_10617_ not found.
[WARNING STA-1650] ./results/nangate45_3D/bp_fe/HBT/6_final.spef line 75459, net icache_1/lce/_15787_ not found.
[WARNING STA-1650] ./results/nangate45_3D/bp_fe/HBT/6_final.spef line 75460, net icache_1/lce/_16367_ not found.
[WARNING STA-1650] ./results/nangate45_3D/bp_fe/HBT/6_final.spef line 75461, net icache_1/lce/_16367_ not found.
[WARNING STA-1650] ./results/nangate45_3D/bp_fe/HBT/6_final.spef line 75462, net icache_1/lce/_16545_ not found.
[WARNING STA-1650] ./results/nangate45_3D/bp_fe/HBT/6_final.spef line 75463, net icache_1/lce/_16867_ not found.
[WARNING STA-1650] ./results/nangate45_3D/bp_fe/HBT/6_final.spef line 75464, net icache_1/lce/_16867_ not found.
[WARNING STA-1650] ./results/nangate45_3D/bp_fe/HBT/6_final.spef line 75465, net icache_1/lce/_17122_ not found.
[WARNING STA-1650] ./results/nangate45_3D/bp_fe/HBT/6_final.spef line 75466, net icache_1/lce/_20397_ not found.
[WARNING STA-1650] ./results/nangate45_3D/bp_fe/HBT/6_final.spef line 75467, net icache_1/lce/_20750_ not found.
[WARNING STA-1650] ./results/nangate45_3D/bp_fe/HBT/6_final.spef line 75468, net icache_1/lce/_21271_ not found.
[WARNING STA-1650] ./results/nangate45_3D/bp_fe/HBT/6_final.spef line 75469, net icache_1/lce/_21271_ not found.
[WARNING STA-1650] ./results/nangate45_3D/bp_fe/HBT/6_final.spef line 75518, net bp_fe_pc_gen_1/genblk1_branch_prediction_1/btb_1/_0580_ not found.
[WARNING STA-1650] ./results/nangate45_3D/bp_fe/HBT/6_final.spef line 75628, net bp_fe_pc_gen_1/genblk1_branch_prediction_1/btb_1/_0580_ not found.
[WARNING STA-1650] ./results/nangate45_3D/bp_fe/HBT/6_final.spef line 75630, net bp_fe_pc_gen_1/_2768_ not found.
[WARNING STA-1650] ./results/nangate45_3D/bp_fe/HBT/6_final.spef line 75726, net icache_1/_15267_ not found.
[WARNING STA-1650] ./results/nangate45_3D/bp_fe/HBT/6_final.spef line 75735, net icache_1/_12892_ not found.
[WARNING STA-1650] ./results/nangate45_3D/bp_fe/HBT/6_final.spef line 75736, net icache_1/_12898_ not found.
[WARNING STA-1650] ./results/nangate45_3D/bp_fe/HBT/6_final.spef line 75737, net icache_1/_12898_ not found.
[WARNING STA-1650] ./results/nangate45_3D/bp_fe/HBT/6_final.spef line 75831, net icache_1/data_mem_banks_5__data_mem_bank/macro_mem/mem not found.
[WARNING STA-1650] ./results/nangate45_3D/bp_fe/HBT/6_final.spef line 75832, net icache_1/data_mem_banks_5__data_mem_bank/macro_mem/mem not found.
[WARNING STA-1650] ./results/nangate45_3D/bp_fe/HBT/6_final.spef line 75833, net icache_1/lce/_12525_ not found.
[WARNING STA-1650] ./results/nangate45_3D/bp_fe/HBT/6_final.spef line 75899, net bp_fe_pc_gen_1/genblk1_branch_prediction_1/btb_1/_1517_ not found.
[WARNING STA-1650] ./results/nangate45_3D/bp_fe/HBT/6_final.spef line 75919, net icache_1/_13053_ not found.
[WARNING STA-1650] ./results/nangate45_3D/bp_fe/HBT/6_final.spef line 75923, net icache_1/_13053_ not found.
[WARNING STA-1650] ./results/nangate45_3D/bp_fe/HBT/6_final.spef line 75931, net icache_1/_12892_ not found.
[WARNING STA-1650] ./results/nangate45_3D/bp_fe/HBT/6_final.spef line 75932, net icache_1/_12898_ not found.
[WARNING STA-1650] ./results/nangate45_3D/bp_fe/HBT/6_final.spef line 75933, net icache_1/_15646_ not found.
[WARNING STA-1650] ./results/nangate45_3D/bp_fe/HBT/6_final.spef line 75934, net icache_1/lce/_11054_ not found.
[WARNING STA-1650] ./results/nangate45_3D/bp_fe/HBT/6_final.spef line 75935, net icache_1/lce/_12311_ not found.
[WARNING STA-1650] ./results/nangate45_3D/bp_fe/HBT/6_final.spef line 75936, net icache_1/lce/_12311_ not found.
[WARNING STA-1650] ./results/nangate45_3D/bp_fe/HBT/6_final.spef line 75937, net icache_1/lce/_12315_ not found.
[WARNING STA-1650] ./results/nangate45_3D/bp_fe/HBT/6_final.spef line 75996, net bp_fe_pc_gen_1/genblk1_branch_prediction_1/btb_1/_0534_ not found.
[WARNING STA-1650] ./results/nangate45_3D/bp_fe/HBT/6_final.spef line 75997, net icache_1/_14219_ not found.
[WARNING STA-1650] ./results/nangate45_3D/bp_fe/HBT/6_final.spef line 76008, net icache_1/_13150_ not found.
[WARNING STA-1650] ./results/nangate45_3D/bp_fe/HBT/6_final.spef line 76009, net icache_1/_13150_ not found.
[WARNING STA-1650] ./results/nangate45_3D/bp_fe/HBT/6_final.spef line 76010, net icache_1/lce/_11473_ not found.
[WARNING STA-1650] ./results/nangate45_3D/bp_fe/HBT/6_final.spef line 76014, net bp_fe_pc_gen_1/genblk1_branch_prediction_1/btb_1/_0534_ not found.
[WARNING STA-1650] ./results/nangate45_3D/bp_fe/HBT/6_final.spef line 76016, net bp_fe_pc_gen_1/genblk1_branch_prediction_1/btb_1/_0534_ not found.
[WARNING STA-1650] ./results/nangate45_3D/bp_fe/HBT/6_final.spef line 76051, net icache_1/_18729_ not found.
[WARNING STA-1650] ./results/nangate45_3D/bp_fe/HBT/6_final.spef line 76097, net bp_fe_pc_gen_1/genblk1_branch_prediction_1/btb_1/_1517_ not found.
[WARNING STA-1650] ./results/nangate45_3D/bp_fe/HBT/6_final.spef line 76098, net bp_fe_pc_gen_1/genblk1_branch_prediction_1/btb_1/_1517_ not found.
[WARNING STA-1650] ./results/nangate45_3D/bp_fe/HBT/6_final.spef line 76115, net icache_1/_21035_ not found.
[WARNING STA-1650] ./results/nangate45_3D/bp_fe/HBT/6_final.spef line 76130, net icache_1/_20981_ not found.
[WARNING STA-1650] ./results/nangate45_3D/bp_fe/HBT/6_final.spef line 76148, net bp_fe_pc_gen_1/genblk1_branch_prediction_1/btb_1/_2880_ not found.
[WARNING STA-1650] ./results/nangate45_3D/bp_fe/HBT/6_final.spef line 76149, net bp_fe_pc_gen_1/genblk1_branch_prediction_1/btb_1/_3337_ not found.
[WARNING STA-1650] ./results/nangate45_3D/bp_fe/HBT/6_final.spef line 76157, net bp_fe_pc_gen_1/genblk1_branch_prediction_1/btb_1/_1487_ not found.
[WARNING STA-1650] ./results/nangate45_3D/bp_fe/HBT/6_final.spef line 76194, net bp_fe_pc_gen_1/genblk1_branch_prediction_1/btb_1/_0534_ not found.
[WARNING STA-1650] ./results/nangate45_3D/bp_fe/HBT/6_final.spef line 76209, net icache_1/lce/_16125_ not found.
[WARNING STA-1650] ./results/nangate45_3D/bp_fe/HBT/6_final.spef line 76223, net bp_fe_pc_gen_1/genblk1_branch_prediction_1/btb_1/_0534_ not found.
[WARNING STA-1650] ./results/nangate45_3D/bp_fe/HBT/6_final.spef line 76225, net icache_1/lce/_10632_ not found.
[WARNING STA-1650] ./results/nangate45_3D/bp_fe/HBT/6_final.spef line 76226, net bp_fe_pc_gen_1/genblk1_branch_prediction_1/btb_1/_0534_ not found.
[WARNING STA-1650] ./results/nangate45_3D/bp_fe/HBT/6_final.spef line 76229, net bp_fe_pc_gen_1/genblk1_branch_prediction_1/btb_1/_0534_ not found.
[WARNING STA-1650] ./results/nangate45_3D/bp_fe/HBT/6_final.spef line 76279, net icache_1/lce/_17758_ not found.
[WARNING STA-1650] ./results/nangate45_3D/bp_fe/HBT/6_final.spef line 76280, net icache_1/lce/_18185_ not found.
[WARNING STA-1650] ./results/nangate45_3D/bp_fe/HBT/6_final.spef line 76281, net icache_1/lce/_18970_ not found.
[WARNING STA-1650] ./results/nangate45_3D/bp_fe/HBT/6_final.spef line 76282, net icache_1/lce/_19226_ not found.
[WARNING STA-1650] ./results/nangate45_3D/bp_fe/HBT/6_final.spef line 76283, net icache_1/data_mem_data_li\[22\] not found.
[WARNING STA-1650] ./results/nangate45_3D/bp_fe/HBT/6_final.spef line 76284, net icache_1/_16711_ not found.
[WARNING STA-1650] ./results/nangate45_3D/bp_fe/HBT/6_final.spef line 76285, net icache_1/_16711_ not found.
[WARNING STA-1650] ./results/nangate45_3D/bp_fe/HBT/6_final.spef line 76286, net icache_1/_16712_ not found.
[WARNING STA-1650] ./results/nangate45_3D/bp_fe/HBT/6_final.spef line 76287, net icache_1/_18013_ not found.
[WARNING STA-1650] ./results/nangate45_3D/bp_fe/HBT/6_final.spef line 76288, net icache_1/_19449_ not found.
[WARNING STA-1650] ./results/nangate45_3D/bp_fe/HBT/6_final.spef line 76289, net icache_1/_19449_ not found.
[WARNING STA-1650] ./results/nangate45_3D/bp_fe/HBT/6_final.spef line 76290, net icache_1/lce/_14258_ not found.
[WARNING STA-1650] ./results/nangate45_3D/bp_fe/HBT/6_final.spef line 76291, net icache_1/lce/_14259_ not found.
[WARNING STA-1650] ./results/nangate45_3D/bp_fe/HBT/6_final.spef line 76292, net icache_1/lce/_18184_ not found.
[WARNING STA-1650] ./results/nangate45_3D/bp_fe/HBT/6_final.spef line 76293, net icache_1/lce/_19162_ not found.
[WARNING STA-1650] ./results/nangate45_3D/bp_fe/HBT/6_final.spef line 76294, net icache_1/lce/_19162_ not found.
[WARNING STA-1650] ./results/nangate45_3D/bp_fe/HBT/6_final.spef line 76295, net icache_1/lce/_19262_ not found.
[WARNING STA-1650] ./results/nangate45_3D/bp_fe/HBT/6_final.spef line 76296, net icache_1/lce/_19262_ not found.
[WARNING STA-1650] ./results/nangate45_3D/bp_fe/HBT/6_final.spef line 76297, net icache_1/lce/_19388_ not found.
[WARNING STA-1650] ./results/nangate45_3D/bp_fe/HBT/6_final.spef line 76298, net icache_1/lce/_19388_ not found.
[WARNING STA-1650] ./results/nangate45_3D/bp_fe/HBT/6_final.spef line 76303, net icache_1/lce/lce_cmd.data_r\[214\] not found.
[WARNING STA-1650] ./results/nangate45_3D/bp_fe/HBT/6_final.spef line 76304, net icache_1/_16744_ not found.
[WARNING STA-1650] ./results/nangate45_3D/bp_fe/HBT/6_final.spef line 76305, net icache_1/_16744_ not found.
[WARNING STA-1650] ./results/nangate45_3D/bp_fe/HBT/6_final.spef line 76306, net icache_1/_18557_ not found.
[WARNING STA-1650] ./results/nangate45_3D/bp_fe/HBT/6_final.spef line 76307, net icache_1/_18578_ not found.
[WARNING STA-1650] ./results/nangate45_3D/bp_fe/HBT/6_final.spef line 76308, net icache_1/_18578_ not found.
[WARNING STA-1650] ./results/nangate45_3D/bp_fe/HBT/6_final.spef line 76309, net icache_1/lce/_14346_ not found.
[WARNING STA-1650] ./results/nangate45_3D/bp_fe/HBT/6_final.spef line 76310, net icache_1/lce/_19201_ not found.
[WARNING STA-1650] ./results/nangate45_3D/bp_fe/HBT/6_final.spef line 76311, net icache_1/lce/_19262_ not found.
[WARNING STA-1650] ./results/nangate45_3D/bp_fe/HBT/6_final.spef line 76318, net icache_1/data_mem_data_li\[253\] not found.
[WARNING STA-1650] ./results/nangate45_3D/bp_fe/HBT/6_final.spef line 76323, net icache_1/_16754_ not found.
[WARNING STA-1650] ./results/nangate45_3D/bp_fe/HBT/6_final.spef line 76324, net icache_1/_17377_ not found.
[WARNING STA-1650] ./results/nangate45_3D/bp_fe/HBT/6_final.spef line 76325, net icache_1/_19019_ not found.
[WARNING STA-1650] ./results/nangate45_3D/bp_fe/HBT/6_final.spef line 76326, net icache_1/_19019_ not found.
[WARNING STA-1650] ./results/nangate45_3D/bp_fe/HBT/6_final.spef line 76327, net icache_1/_19019_ not found.
[WARNING STA-1650] ./results/nangate45_3D/bp_fe/HBT/6_final.spef line 76328, net icache_1/_19020_ not found.
[WARNING STA-1650] ./results/nangate45_3D/bp_fe/HBT/6_final.spef line 76334, net icache_1/_09608_ not found.
[WARNING STA-1650] ./results/nangate45_3D/bp_fe/HBT/6_final.spef line 76338, net icache_1/_16697_ not found.
[WARNING STA-1650] ./results/nangate45_3D/bp_fe/HBT/6_final.spef line 76339, net icache_1/_18002_ not found.
[WARNING STA-1650] ./results/nangate45_3D/bp_fe/HBT/6_final.spef line 76340, net icache_1/_18003_ not found.
[WARNING STA-1650] ./results/nangate45_3D/bp_fe/HBT/6_final.spef line 76341, net icache_1/_19020_ not found.
[WARNING STA-1650] ./results/nangate45_3D/bp_fe/HBT/6_final.spef line 76342, net icache_1/_21103_ not found.
[WARNING STA-1650] ./results/nangate45_3D/bp_fe/HBT/6_final.spef line 76343, net icache_1/_22334_ not found.
[WARNING STA-1650] ./results/nangate45_3D/bp_fe/HBT/6_final.spef line 76344, net icache_1/_22334_ not found.
[WARNING STA-1650] ./results/nangate45_3D/bp_fe/HBT/6_final.spef line 76345, net icache_1/lce/_14474_ not found.
[WARNING STA-1650] ./results/nangate45_3D/bp_fe/HBT/6_final.spef line 76346, net icache_1/lce/_14769_ not found.
[WARNING STA-1650] ./results/nangate45_3D/bp_fe/HBT/6_final.spef line 76347, net icache_1/lce/_14769_ not found.
[WARNING STA-1650] ./results/nangate45_3D/bp_fe/HBT/6_final.spef line 76348, net icache_1/lce/_14770_ not found.
[WARNING STA-1650] ./results/nangate45_3D/bp_fe/HBT/6_final.spef line 76349, net icache_1/lce/_18683_ not found.
[WARNING STA-1650] ./results/nangate45_3D/bp_fe/HBT/6_final.spef line 76350, net icache_1/lce/_19387_ not found.
[WARNING STA-1650] ./results/nangate45_3D/bp_fe/HBT/6_final.spef line 76351, net icache_1/lce/_19387_ not found.
[WARNING STA-1650] ./results/nangate45_3D/bp_fe/HBT/6_final.spef line 76357, net icache_1/data_mem_data_li\[183\] not found.
[WARNING STA-1650] ./results/nangate45_3D/bp_fe/HBT/6_final.spef line 76358, net icache_1/data_mem_data_li\[55\] not found.
[WARNING STA-1650] ./results/nangate45_3D/bp_fe/HBT/6_final.spef line 76359, net icache_1/data_set_select_mux.data_i\[124\] not found.
[WARNING STA-1650] ./results/nangate45_3D/bp_fe/HBT/6_final.spef line 76362, net icache_1/_11897_ not found.
[WARNING STA-1650] ./results/nangate45_3D/bp_fe/HBT/6_final.spef line 76363, net icache_1/_11898_ not found.
[WARNING STA-1650] ./results/nangate45_3D/bp_fe/HBT/6_final.spef line 76364, net icache_1/_11898_ not found.
[WARNING STA-1650] ./results/nangate45_3D/bp_fe/HBT/6_final.spef line 76365, net icache_1/_11906_ not found.
[WARNING STA-1650] ./results/nangate45_3D/bp_fe/HBT/6_final.spef line 76366, net icache_1/_11906_ not found.
[WARNING STA-1650] ./results/nangate45_3D/bp_fe/HBT/6_final.spef line 76367, net icache_1/_11926_ not found.
[WARNING STA-1650] ./results/nangate45_3D/bp_fe/HBT/6_final.spef line 76368, net icache_1/_11928_ not found.
[WARNING STA-1650] ./results/nangate45_3D/bp_fe/HBT/6_final.spef line 76369, net icache_1/_11941_ not found.
[WARNING STA-1650] ./results/nangate45_3D/bp_fe/HBT/6_final.spef line 76370, net icache_1/_11942_ not found.
[WARNING STA-1650] ./results/nangate45_3D/bp_fe/HBT/6_final.spef line 76371, net icache_1/_11942_ not found.
[WARNING STA-1650] ./results/nangate45_3D/bp_fe/HBT/6_final.spef line 76372, net icache_1/_20895_ not found.
[WARNING STA-1650] ./results/nangate45_3D/bp_fe/HBT/6_final.spef line 76373, net icache_1/_20896_ not found.
[WARNING STA-1650] ./results/nangate45_3D/bp_fe/HBT/6_final.spef line 76374, net icache_1/_21109_ not found.
[WARNING STA-1650] ./results/nangate45_3D/bp_fe/HBT/6_final.spef line 76375, net icache_1/_21247_ not found.
[WARNING STA-1650] ./results/nangate45_3D/bp_fe/HBT/6_final.spef line 76376, net icache_1/_21391_ not found.
[WARNING STA-1650] ./results/nangate45_3D/bp_fe/HBT/6_final.spef line 76377, net icache_1/_21392_ not found.
[WARNING STA-1650] ./results/nangate45_3D/bp_fe/HBT/6_final.spef line 76378, net icache_1/_21466_ not found.
[WARNING STA-1650] ./results/nangate45_3D/bp_fe/HBT/6_final.spef line 76379, net icache_1/_22048_ not found.
[WARNING STA-1650] ./results/nangate45_3D/bp_fe/HBT/6_final.spef line 76380, net icache_1/_22080_ not found.
[WARNING STA-1650] ./results/nangate45_3D/bp_fe/HBT/6_final.spef line 76381, net icache_1/_22208_ not found.
[WARNING STA-1650] ./results/nangate45_3D/bp_fe/HBT/6_final.spef line 76382, net icache_1/_22334_ not found.
[WARNING STA-1650] ./results/nangate45_3D/bp_fe/HBT/6_final.spef line 76383, net icache_1/_22462_ not found.
[WARNING STA-1650] ./results/nangate45_3D/bp_fe/HBT/6_final.spef line 76387, net icache_1/data_mem_bank_data_lo\[94\] not found.
[WARNING STA-1650] ./results/nangate45_3D/bp_fe/HBT/6_final.spef line 76388, net icache_1/data_mem_bank_data_lo\[94\] not found.
[WARNING STA-1650] ./results/nangate45_3D/bp_fe/HBT/6_final.spef line 76389, net icache_1/data_set_select_mux.data_i\[124\] not found.
[WARNING STA-1650] ./results/nangate45_3D/bp_fe/HBT/6_final.spef line 76390, net icache_1/data_set_select_mux.data_i\[316\] not found.
[WARNING STA-1650] ./results/nangate45_3D/bp_fe/HBT/6_final.spef line 76391, net icache_1/_11928_ not found.
[WARNING STA-1650] ./results/nangate45_3D/bp_fe/HBT/6_final.spef line 76392, net icache_1/_20145_ not found.
[WARNING STA-1650] ./results/nangate45_3D/bp_fe/HBT/6_final.spef line 76393, net icache_1/_20146_ not found.
[WARNING STA-1650] ./results/nangate45_3D/bp_fe/HBT/6_final.spef line 76394, net icache_1/_20146_ not found.
[WARNING STA-1650] ./results/nangate45_3D/bp_fe/HBT/6_final.spef line 76395, net icache_1/_20147_ not found.
[WARNING STA-1650] ./results/nangate45_3D/bp_fe/HBT/6_final.spef line 76396, net icache_1/_20149_ not found.
[WARNING STA-1650] ./results/nangate45_3D/bp_fe/HBT/6_final.spef line 76397, net icache_1/_21605_ not found.
[WARNING STA-1650] ./results/nangate45_3D/bp_fe/HBT/6_final.spef line 76398, net icache_1/_21606_ not found.
[WARNING STA-1650] ./results/nangate45_3D/bp_fe/HBT/6_final.spef line 76399, net icache_1/lce/_12488_ not found.
[WARNING STA-1650] ./results/nangate45_3D/bp_fe/HBT/6_final.spef line 76400, net icache_1/lce/_12490_ not found.
[WARNING STA-1650] ./results/nangate45_3D/bp_fe/HBT/6_final.spef line 76401, net icache_1/lce/_13234_ not found.
[WARNING STA-1650] ./results/nangate45_3D/bp_fe/HBT/6_final.spef line 76402, net icache_1/lce/_15380_ not found.
[WARNING STA-1650] ./results/nangate45_3D/bp_fe/HBT/6_final.spef line 76403, net icache_1/lce/_15673_ not found.
[WARNING STA-1650] ./results/nangate45_3D/bp_fe/HBT/6_final.spef line 76404, net icache_1/lce/_15673_ not found.
[WARNING STA-1650] ./results/nangate45_3D/bp_fe/HBT/6_final.spef line 76405, net icache_1/lce/_16253_ not found.
[WARNING STA-1650] ./results/nangate45_3D/bp_fe/HBT/6_final.spef line 76406, net icache_1/lce/_16514_ not found.
[WARNING STA-1650] ./results/nangate45_3D/bp_fe/HBT/6_final.spef line 76407, net icache_1/lce/_17091_ not found.
[WARNING STA-1650] ./results/nangate45_3D/bp_fe/HBT/6_final.spef line 76408, net icache_1/lce/_19509_ not found.
[WARNING STA-1650] ./results/nangate45_3D/bp_fe/HBT/6_final.spef line 76409, net icache_1/lce/_19919_ not found.
[WARNING STA-1650] ./results/nangate45_3D/bp_fe/HBT/6_final.spef line 76410, net icache_1/lce/_20295_ not found.
[WARNING STA-1650] ./results/nangate45_3D/bp_fe/HBT/6_final.spef line 76416, net icache_1/data_mem_bank_data_lo\[350\] not found.
[WARNING STA-1650] ./results/nangate45_3D/bp_fe/HBT/6_final.spef line 76417, net icache_1/data_set_select_mux.data_i\[350\] not found.
[WARNING STA-1650] ./results/nangate45_3D/bp_fe/HBT/6_final.spef line 76418, net icache_1/_13219_ not found.
[WARNING STA-1650] ./results/nangate45_3D/bp_fe/HBT/6_final.spef line 76419, net icache_1/_13219_ not found.
[WARNING STA-1650] ./results/nangate45_3D/bp_fe/HBT/6_final.spef line 76420, net icache_1/_14711_ not found.
[WARNING STA-1650] ./results/nangate45_3D/bp_fe/HBT/6_final.spef line 76421, net icache_1/lce/_12396_ not found.
[WARNING STA-1650] ./results/nangate45_3D/bp_fe/HBT/6_final.spef line 76422, net icache_1/lce/_12697_ not found.
[WARNING STA-1650] ./results/nangate45_3D/bp_fe/HBT/6_final.spef line 76423, net icache_1/lce/_13232_ not found.
[WARNING STA-1650] ./results/nangate45_3D/bp_fe/HBT/6_final.spef line 76424, net icache_1/lce/_13236_ not found.
[WARNING STA-1650] ./results/nangate45_3D/bp_fe/HBT/6_final.spef line 76425, net icache_1/lce/_13237_ not found.
[WARNING STA-1650] ./results/nangate45_3D/bp_fe/HBT/6_final.spef line 76426, net icache_1/lce/_13295_ not found.
[WARNING STA-1650] ./results/nangate45_3D/bp_fe/HBT/6_final.spef line 76427, net icache_1/lce/_13296_ not found.
[WARNING STA-1650] ./results/nangate45_3D/bp_fe/HBT/6_final.spef line 76428, net icache_1/lce/_15960_ not found.
[WARNING STA-1650] ./results/nangate45_3D/bp_fe/HBT/6_final.spef line 76429, net icache_1/lce/_21134_ not found.
[WARNING STA-1650] ./results/nangate45_3D/bp_fe/HBT/6_final.spef line 76430, net icache_1/lce/_21134_ not found.
[WARNING STA-1650] ./results/nangate45_3D/bp_fe/HBT/6_final.spef line 76434, net icache_1/lce/lce_data_cmd_fifo.mem_1r1w.synth.mem\[326\] not found.
[WARNING STA-1650] ./results/nangate45_3D/bp_fe/HBT/6_final.spef line 76435, net icache_1/lce/lce_data_cmd_fifo.mem_1r1w.synth.mem\[994\] not found.
[WARNING STA-1650] ./results/nangate45_3D/bp_fe/HBT/6_final.spef line 76436, net icache_1/lce/lce_tr_resp_in_fifo.mem_1r1w.synth.mem\[993\] not found.
[WARNING STA-1650] ./results/nangate45_3D/bp_fe/HBT/6_final.spef line 76438, net icache_1/lce/_11725_ not found.
[WARNING STA-1650] ./results/nangate45_3D/bp_fe/HBT/6_final.spef line 76439, net icache_1/lce/_11725_ not found.
[WARNING STA-1650] ./results/nangate45_3D/bp_fe/HBT/6_final.spef line 76440, net icache_1/lce/_11726_ not found.
[WARNING STA-1650] ./results/nangate45_3D/bp_fe/HBT/6_final.spef line 76441, net icache_1/lce/_11739_ not found.
[WARNING STA-1650] ./results/nangate45_3D/bp_fe/HBT/6_final.spef line 76442, net icache_1/lce/_11739_ not found.
[WARNING STA-1650] ./results/nangate45_3D/bp_fe/HBT/6_final.spef line 76443, net icache_1/lce/_15454_ not found.
[WARNING STA-1650] ./results/nangate45_3D/bp_fe/HBT/6_final.spef line 76444, net icache_1/lce/_15454_ not found.
[WARNING STA-1650] ./results/nangate45_3D/bp_fe/HBT/6_final.spef line 76445, net icache_1/lce/_15831_ not found.
[WARNING STA-1650] ./results/nangate45_3D/bp_fe/HBT/6_final.spef line 76446, net icache_1/lce/_15831_ not found.
[WARNING STA-1650] ./results/nangate45_3D/bp_fe/HBT/6_final.spef line 76447, net icache_1/lce/_16034_ not found.
[WARNING STA-1650] ./results/nangate45_3D/bp_fe/HBT/6_final.spef line 76448, net icache_1/lce/_16345_ not found.
[WARNING STA-1650] ./results/nangate45_3D/bp_fe/HBT/6_final.spef line 76449, net icache_1/lce/_16345_ not found.
[WARNING STA-1650] ./results/nangate45_3D/bp_fe/HBT/6_final.spef line 76450, net icache_1/lce/_16411_ not found.
[WARNING STA-1650] ./results/nangate45_3D/bp_fe/HBT/6_final.spef line 76451, net icache_1/lce/_16411_ not found.
[WARNING STA-1650] ./results/nangate45_3D/bp_fe/HBT/6_final.spef line 76452, net icache_1/lce/_17540_ not found.
[WARNING STA-1650] ./results/nangate45_3D/bp_fe/HBT/6_final.spef line 76453, net icache_1/lce/_19576_ not found.
[WARNING STA-1650] ./results/nangate45_3D/bp_fe/HBT/6_final.spef line 76454, net icache_1/lce/_19915_ not found.
[WARNING STA-1650] ./results/nangate45_3D/bp_fe/HBT/6_final.spef line 76455, net icache_1/lce/_20377_ not found.
[WARNING STA-1650] ./results/nangate45_3D/bp_fe/HBT/6_final.spef line 76456, net icache_1/lce/_20377_ not found.
[WARNING STA-1650] ./results/nangate45_3D/bp_fe/HBT/6_final.spef line 76457, net icache_1/lce/_20436_ not found.
[WARNING STA-1650] ./results/nangate45_3D/bp_fe/HBT/6_final.spef line 76458, net icache_1/lce/_20921_ not found.
[WARNING STA-1650] ./results/nangate45_3D/bp_fe/HBT/6_final.spef line 76459, net icache_1/lce/_21442_ not found.
[WARNING STA-1650] ./results/nangate45_3D/bp_fe/HBT/6_final.spef line 76460, net icache_1/lce/_21442_ not found.
[WARNING STA-1650] ./results/nangate45_3D/bp_fe/HBT/6_final.spef line 76462, net icache_1/lce/lce_data_cmd_fifo.mem_1r1w.synth.mem\[763\] not found.
[WARNING STA-1650] ./results/nangate45_3D/bp_fe/HBT/6_final.spef line 76463, net icache_1/lce/lce_tr_resp_in_fifo.mem_1r1w.synth.mem\[83\] not found.
[WARNING STA-1650] ./results/nangate45_3D/bp_fe/HBT/6_final.spef line 76465, net icache_1/_15744_ not found.
[WARNING STA-1650] ./results/nangate45_3D/bp_fe/HBT/6_final.spef line 76466, net icache_1/lce/_11742_ not found.
[WARNING STA-1650] ./results/nangate45_3D/bp_fe/HBT/6_final.spef line 76467, net icache_1/lce/_11743_ not found.
[WARNING STA-1650] ./results/nangate45_3D/bp_fe/HBT/6_final.spef line 76468, net icache_1/lce/_12155_ not found.
[WARNING STA-1650] ./results/nangate45_3D/bp_fe/HBT/6_final.spef line 76469, net icache_1/lce/_12155_ not found.
[WARNING STA-1650] ./results/nangate45_3D/bp_fe/HBT/6_final.spef line 76470, net icache_1/lce/_15768_ not found.
[WARNING STA-1650] ./results/nangate45_3D/bp_fe/HBT/6_final.spef line 76471, net icache_1/lce/_17326_ not found.
[WARNING STA-1650] ./results/nangate45_3D/bp_fe/HBT/6_final.spef line 76472, net icache_1/lce/_17326_ not found.
[WARNING STA-1650] ./results/nangate45_3D/bp_fe/HBT/6_final.spef line 76473, net icache_1/lce/_17689_ not found.
[WARNING STA-1650] ./results/nangate45_3D/bp_fe/HBT/6_final.spef line 76474, net icache_1/lce/_19723_ not found.
[WARNING STA-1650] ./results/nangate45_3D/bp_fe/HBT/6_final.spef line 76475, net icache_1/lce/_19723_ not found.
[WARNING STA-1650] ./results/nangate45_3D/bp_fe/HBT/6_final.spef line 76476, net icache_1/lce/_20380_ not found.
[WARNING STA-1650] ./results/nangate45_3D/bp_fe/HBT/6_final.spef line 76477, net icache_1/lce/_21250_ not found.
[WARNING STA-1650] ./results/nangate45_3D/bp_fe/HBT/6_final.spef line 76479, net icache_1/lce/lce_tr_resp_in_fifo.mem_1r1w.synth.mem\[289\] not found.
[WARNING STA-1650] ./results/nangate45_3D/bp_fe/HBT/6_final.spef line 76480, net icache_1/lce/lce_tr_resp_in_fifo.mem_1r1w.synth.mem\[828\] not found.
[WARNING STA-1650] ./results/nangate45_3D/bp_fe/HBT/6_final.spef line 76481, net icache_1/lce/_15933_ not found.
[WARNING STA-1650] ./results/nangate45_3D/bp_fe/HBT/6_final.spef line 76482, net icache_1/lce/_19886_ not found.
[WARNING STA-1650] ./results/nangate45_3D/bp_fe/HBT/6_final.spef line 76483, net icache_1/lce/_20008_ not found.
[WARNING STA-1650] ./results/nangate45_3D/bp_fe/HBT/6_final.spef line 76528, net bp_fe_pc_gen_1/genblk1_branch_prediction_1/btb_1/_1492_ not found.
[WARNING STA-1650] ./results/nangate45_3D/bp_fe/HBT/6_final.spef line 76592, net bp_fe_pc_gen_1/genblk1_branch_prediction_1/btb_1/_1473_ not found.
[WARNING STA-1650] ./results/nangate45_3D/bp_fe/HBT/6_final.spef line 76637, net bp_fe_pc_gen_1/genblk1_branch_prediction_1/btb_1/_1492_ not found.
[WARNING STA-1650] ./results/nangate45_3D/bp_fe/HBT/6_final.spef line 76696, net bp_fe_pc_gen_1/genblk1_branch_prediction_1/btb_1/_3457_ not found.
[WARNING STA-1650] ./results/nangate45_3D/bp_fe/HBT/6_final.spef line 76744, net icache_1/lce/_14401_ not found.
[WARNING STA-1650] ./results/nangate45_3D/bp_fe/HBT/6_final.spef line 76745, net icache_1/lce/_19290_ not found.
[WARNING STA-1650] ./results/nangate45_3D/bp_fe/HBT/6_final.spef line 76752, net icache_1/_16158_ not found.
[WARNING STA-1650] ./results/nangate45_3D/bp_fe/HBT/6_final.spef line 76753, net icache_1/_16158_ not found.
[WARNING STA-1650] ./results/nangate45_3D/bp_fe/HBT/6_final.spef line 76754, net icache_1/_18771_ not found.
[WARNING STA-1650] ./results/nangate45_3D/bp_fe/HBT/6_final.spef line 76755, net icache_1/_19888_ not found.
[WARNING STA-1650] ./results/nangate45_3D/bp_fe/HBT/6_final.spef line 76756, net icache_1/_19888_ not found.
[WARNING STA-1650] ./results/nangate45_3D/bp_fe/HBT/6_final.spef line 76757, net icache_1/_19889_ not found.
[WARNING STA-1650] ./results/nangate45_3D/bp_fe/HBT/6_final.spef line 76758, net icache_1/_19889_ not found.
[WARNING STA-1650] ./results/nangate45_3D/bp_fe/HBT/6_final.spef line 76759, net icache_1/_19890_ not found.
[WARNING STA-1650] ./results/nangate45_3D/bp_fe/HBT/6_final.spef line 76760, net icache_1/_19890_ not found.
[WARNING STA-1650] ./results/nangate45_3D/bp_fe/HBT/6_final.spef line 76761, net icache_1/lce/_14762_ not found.
[WARNING STA-1650] ./results/nangate45_3D/bp_fe/HBT/6_final.spef line 76762, net icache_1/lce/_18686_ not found.
[WARNING STA-1650] ./results/nangate45_3D/bp_fe/HBT/6_final.spef line 76769, net icache_1/_09563_ not found.
[WARNING STA-1650] ./results/nangate45_3D/bp_fe/HBT/6_final.spef line 76770, net icache_1/data_mem_data_li\[214\] not found.
[WARNING STA-1650] ./results/nangate45_3D/bp_fe/HBT/6_final.spef line 76771, net icache_1/data_mem_data_li\[440\] not found.
[WARNING STA-1650] ./results/nangate45_3D/bp_fe/HBT/6_final.spef line 76772, net icache_1/_16706_ not found.
[WARNING STA-1650] ./results/nangate45_3D/bp_fe/HBT/6_final.spef line 76773, net icache_1/_16706_ not found.
[WARNING STA-1650] ./results/nangate45_3D/bp_fe/HBT/6_final.spef line 76774, net icache_1/_16707_ not found.
[WARNING STA-1650] ./results/nangate45_3D/bp_fe/HBT/6_final.spef line 76775, net icache_1/_16730_ not found.
[WARNING STA-1650] ./results/nangate45_3D/bp_fe/HBT/6_final.spef line 76776, net icache_1/_16741_ not found.
[WARNING STA-1650] ./results/nangate45_3D/bp_fe/HBT/6_final.spef line 76777, net icache_1/_17354_ not found.
[WARNING STA-1650] ./results/nangate45_3D/bp_fe/HBT/6_final.spef line 76778, net icache_1/_18010_ not found.
[WARNING STA-1650] ./results/nangate45_3D/bp_fe/HBT/6_final.spef line 76779, net icache_1/_18555_ not found.
[WARNING STA-1650] ./results/nangate45_3D/bp_fe/HBT/6_final.spef line 76780, net icache_1/_19015_ not found.
[WARNING STA-1650] ./results/nangate45_3D/bp_fe/HBT/6_final.spef line 76781, net icache_1/_19016_ not found.
[WARNING STA-1650] ./results/nangate45_3D/bp_fe/HBT/6_final.spef line 76782, net icache_1/_19016_ not found.
[WARNING STA-1650] ./results/nangate45_3D/bp_fe/HBT/6_final.spef line 76783, net icache_1/lce/_14480_ not found.
[WARNING STA-1650] ./results/nangate45_3D/bp_fe/HBT/6_final.spef line 76784, net icache_1/lce/_14911_ not found.
[WARNING STA-1650] ./results/nangate45_3D/bp_fe/HBT/6_final.spef line 76785, net icache_1/lce/_18836_ not found.
[WARNING STA-1650] ./results/nangate45_3D/bp_fe/HBT/6_final.spef line 76786, net icache_1/lce/_19390_ not found.
[WARNING STA-1650] ./results/nangate45_3D/bp_fe/HBT/6_final.spef line 76787, net icache_1/lce/_19457_ not found.
[WARNING STA-1650] ./results/nangate45_3D/bp_fe/HBT/6_final.spef line 76794, net icache_1/data_mem_data_li\[314\] not found.
[WARNING STA-1650] ./results/nangate45_3D/bp_fe/HBT/6_final.spef line 76795, net icache_1/_16755_ not found.
[WARNING STA-1650] ./results/nangate45_3D/bp_fe/HBT/6_final.spef line 76796, net icache_1/_16757_ not found.
[WARNING STA-1650] ./results/nangate45_3D/bp_fe/HBT/6_final.spef line 76797, net icache_1/_17378_ not found.
[WARNING STA-1650] ./results/nangate45_3D/bp_fe/HBT/6_final.spef line 76798, net icache_1/_17396_ not found.
[WARNING STA-1650] ./results/nangate45_3D/bp_fe/HBT/6_final.spef line 76799, net icache_1/_18994_ not found.
[WARNING STA-1650] ./results/nangate45_3D/bp_fe/HBT/6_final.spef line 76800, net icache_1/_18995_ not found.
[WARNING STA-1650] ./results/nangate45_3D/bp_fe/HBT/6_final.spef line 76801, net icache_1/_18995_ not found.
[WARNING STA-1650] ./results/nangate45_3D/bp_fe/HBT/6_final.spef line 76802, net icache_1/_18996_ not found.
[WARNING STA-1650] ./results/nangate45_3D/bp_fe/HBT/6_final.spef line 76803, net icache_1/_19445_ not found.
[WARNING STA-1650] ./results/nangate45_3D/bp_fe/HBT/6_final.spef line 76804, net icache_1/_20351_ not found.
[WARNING STA-1650] ./results/nangate45_3D/bp_fe/HBT/6_final.spef line 76805, net icache_1/_20351_ not found.
[WARNING STA-1650] ./results/nangate45_3D/bp_fe/HBT/6_final.spef line 76806, net icache_1/_20355_ not found.
[WARNING STA-1650] ./results/nangate45_3D/bp_fe/HBT/6_final.spef line 76820, net icache_1/_10880_ not found.
[WARNING STA-1650] ./results/nangate45_3D/bp_fe/HBT/6_final.spef line 76821, net icache_1/_11903_ not found.
[WARNING STA-1650] ./results/nangate45_3D/bp_fe/HBT/6_final.spef line 76822, net icache_1/_16691_ not found.
[WARNING STA-1650] ./results/nangate45_3D/bp_fe/HBT/6_final.spef line 76823, net icache_1/_16691_ not found.
[WARNING STA-1650] ./results/nangate45_3D/bp_fe/HBT/6_final.spef line 76824, net icache_1/_18000_ not found.
[WARNING STA-1650] ./results/nangate45_3D/bp_fe/HBT/6_final.spef line 76825, net icache_1/_18001_ not found.
[WARNING STA-1650] ./results/nangate45_3D/bp_fe/HBT/6_final.spef line 76826, net icache_1/_18535_ not found.
[WARNING STA-1650] ./results/nangate45_3D/bp_fe/HBT/6_final.spef line 76827, net icache_1/_18994_ not found.
[WARNING STA-1650] ./results/nangate45_3D/bp_fe/HBT/6_final.spef line 76828, net icache_1/_19882_ not found.
[WARNING STA-1650] ./results/nangate45_3D/bp_fe/HBT/6_final.spef line 76829, net icache_1/_19883_ not found.
[WARNING STA-1650] ./results/nangate45_3D/bp_fe/HBT/6_final.spef line 76830, net icache_1/_21103_ not found.
[WARNING STA-1650] ./results/nangate45_3D/bp_fe/HBT/6_final.spef line 76831, net icache_1/_22398_ not found.
[WARNING STA-1650] ./results/nangate45_3D/bp_fe/HBT/6_final.spef line 76832, net icache_1/lce/_19195_ not found.
[WARNING STA-1650] ./results/nangate45_3D/bp_fe/HBT/6_final.spef line 76833, net icache_1/lce/_19236_ not found.
[WARNING STA-1650] ./results/nangate45_3D/bp_fe/HBT/6_final.spef line 76834, net icache_1/lce/_19387_ not found.
[WARNING STA-1650] ./results/nangate45_3D/bp_fe/HBT/6_final.spef line 76840, net icache_1/_11902_ not found.
[WARNING STA-1650] ./results/nangate45_3D/bp_fe/HBT/6_final.spef line 76841, net icache_1/_11902_ not found.
[WARNING STA-1650] ./results/nangate45_3D/bp_fe/HBT/6_final.spef line 76842, net icache_1/_11904_ not found.
[WARNING STA-1650] ./results/nangate45_3D/bp_fe/HBT/6_final.spef line 76843, net icache_1/_11905_ not found.
[WARNING STA-1650] ./results/nangate45_3D/bp_fe/HBT/6_final.spef line 76844, net icache_1/_11940_ not found.
[WARNING STA-1650] ./results/nangate45_3D/bp_fe/HBT/6_final.spef line 76845, net icache_1/_11943_ not found.
[WARNING STA-1650] ./results/nangate45_3D/bp_fe/HBT/6_final.spef line 76846, net icache_1/_11943_ not found.
[WARNING STA-1650] ./results/nangate45_3D/bp_fe/HBT/6_final.spef line 76847, net icache_1/_11944_ not found.
[WARNING STA-1650] ./results/nangate45_3D/bp_fe/HBT/6_final.spef line 76848, net icache_1/_11944_ not found.
[WARNING STA-1650] ./results/nangate45_3D/bp_fe/HBT/6_final.spef line 76849, net icache_1/_11945_ not found.
[WARNING STA-1650] ./results/nangate45_3D/bp_fe/HBT/6_final.spef line 76850, net icache_1/_22398_ not found.
[WARNING STA-1650] ./results/nangate45_3D/bp_fe/HBT/6_final.spef line 76852, net icache_1/data_set_select_mux.data_i\[508\] not found.
[WARNING STA-1650] ./results/nangate45_3D/bp_fe/HBT/6_final.spef line 76853, net icache_1/_10742_ not found.
[WARNING STA-1650] ./results/nangate45_3D/bp_fe/HBT/6_final.spef line 76854, net icache_1/_10742_ not found.
[WARNING STA-1650] ./results/nangate45_3D/bp_fe/HBT/6_final.spef line 76855, net icache_1/_11886_ not found.
[WARNING STA-1650] ./results/nangate45_3D/bp_fe/HBT/6_final.spef line 76856, net icache_1/_11886_ not found.
[WARNING STA-1650] ./results/nangate45_3D/bp_fe/HBT/6_final.spef line 76857, net icache_1/_11929_ not found.
[WARNING STA-1650] ./results/nangate45_3D/bp_fe/HBT/6_final.spef line 76858, net icache_1/_11929_ not found.
[WARNING STA-1650] ./results/nangate45_3D/bp_fe/HBT/6_final.spef line 76859, net icache_1/_11933_ not found.
[WARNING STA-1650] ./results/nangate45_3D/bp_fe/HBT/6_final.spef line 76860, net icache_1/_11934_ not found.
[WARNING STA-1650] ./results/nangate45_3D/bp_fe/HBT/6_final.spef line 76861, net icache_1/_11940_ not found.
[WARNING STA-1650] ./results/nangate45_3D/bp_fe/HBT/6_final.spef line 76862, net icache_1/_11945_ not found.
[WARNING STA-1650] ./results/nangate45_3D/bp_fe/HBT/6_final.spef line 76863, net icache_1/lce/_17095_ not found.
[WARNING STA-1650] ./results/nangate45_3D/bp_fe/HBT/6_final.spef line 76864, net icache_1/lce/_21041_ not found.
[WARNING STA-1650] ./results/nangate45_3D/bp_fe/HBT/6_final.spef line 76869, net icache_1/_13922_ not found.
[WARNING STA-1650] ./results/nangate45_3D/bp_fe/HBT/6_final.spef line 76870, net icache_1/_13922_ not found.
[WARNING STA-1650] ./results/nangate45_3D/bp_fe/HBT/6_final.spef line 76871, net icache_1/_13922_ not found.
[WARNING STA-1650] ./results/nangate45_3D/bp_fe/HBT/6_final.spef line 76872, net icache_1/lce/_12399_ not found.
[WARNING STA-1650] ./results/nangate45_3D/bp_fe/HBT/6_final.spef line 76873, net icache_1/lce/_16415_ not found.
[WARNING STA-1650] ./results/nangate45_3D/bp_fe/HBT/6_final.spef line 76874, net icache_1/lce/_17095_ not found.
[WARNING STA-1650] ./results/nangate45_3D/bp_fe/HBT/6_final.spef line 76875, net icache_1/lce/_17368_ not found.
[WARNING STA-1650] ./results/nangate45_3D/bp_fe/HBT/6_final.spef line 76876, net icache_1/lce/_17368_ not found.
[WARNING STA-1650] ./results/nangate45_3D/bp_fe/HBT/6_final.spef line 76877, net icache_1/lce/_20766_ not found.
[WARNING STA-1650] ./results/nangate45_3D/bp_fe/HBT/6_final.spef line 76878, net icache_1/lce/_20766_ not found.
[WARNING STA-1650] ./results/nangate45_3D/bp_fe/HBT/6_final.spef line 76879, net icache_1/lce/_21287_ not found.
[WARNING STA-1650] ./results/nangate45_3D/bp_fe/HBT/6_final.spef line 76885, net icache_1/_14711_ not found.
[WARNING STA-1650] ./results/nangate45_3D/bp_fe/HBT/6_final.spef line 76886, net icache_1/lce/_12398_ not found.
[WARNING STA-1650] ./results/nangate45_3D/bp_fe/HBT/6_final.spef line 76893, net icache_1/data_mem_bank_data_lo\[380\] not found.
[WARNING STA-1650] ./results/nangate45_3D/bp_fe/HBT/6_final.spef line 76894, net icache_1/data_mem_bank_data_lo\[380\] not found.
[WARNING STA-1650] ./results/nangate45_3D/bp_fe/HBT/6_final.spef line 76895, net icache_1/lce/_11566_ not found.
[WARNING STA-1650] ./results/nangate45_3D/bp_fe/HBT/6_final.spef line 76896, net icache_1/lce/_12700_ not found.
[WARNING STA-1650] ./results/nangate45_3D/bp_fe/HBT/6_final.spef line 76897, net icache_1/lce/_15489_ not found.
[WARNING STA-1650] ./results/nangate45_3D/bp_fe/HBT/6_final.spef line 76898, net icache_1/lce/_16069_ not found.
[WARNING STA-1650] ./results/nangate45_3D/bp_fe/HBT/6_final.spef line 76899, net icache_1/lce/_20128_ not found.
[WARNING STA-1650] ./results/nangate45_3D/bp_fe/HBT/6_final.spef line 76902, net icache_1/lce/_10267_ not found.
[WARNING STA-1650] ./results/nangate45_3D/bp_fe/HBT/6_final.spef line 76903, net icache_1/lce/_10268_ not found.
[WARNING STA-1650] ./results/nangate45_3D/bp_fe/HBT/6_final.spef line 76904, net icache_1/lce/_10273_ not found.
[WARNING STA-1650] ./results/nangate45_3D/bp_fe/HBT/6_final.spef line 76905, net icache_1/lce/_10274_ not found.
[WARNING STA-1650] ./results/nangate45_3D/bp_fe/HBT/6_final.spef line 76906, net icache_1/lce/_16034_ not found.
[WARNING STA-1650] ./results/nangate45_3D/bp_fe/HBT/6_final.spef line 76907, net icache_1/lce/_16830_ not found.
[WARNING STA-1650] ./results/nangate45_3D/bp_fe/HBT/6_final.spef line 76908, net icache_1/lce/_16830_ not found.
[WARNING STA-1650] ./results/nangate45_3D/bp_fe/HBT/6_final.spef line 76909, net icache_1/lce/_17163_ not found.
[WARNING STA-1650] ./results/nangate45_3D/bp_fe/HBT/6_final.spef line 76910, net icache_1/lce/_21322_ not found.
[WARNING STA-1650] ./results/nangate45_3D/bp_fe/HBT/6_final.spef line 76916, net icache_1/lce/_10500_ not found.
[WARNING STA-1650] ./results/nangate45_3D/bp_fe/HBT/6_final.spef line 76917, net icache_1/lce/_12156_ not found.
[WARNING STA-1650] ./results/nangate45_3D/bp_fe/HBT/6_final.spef line 76918, net icache_1/lce/_12162_ not found.
[WARNING STA-1650] ./results/nangate45_3D/bp_fe/HBT/6_final.spef line 76919, net icache_1/lce/_16197_ not found.
[WARNING STA-1650] ./results/nangate45_3D/bp_fe/HBT/6_final.spef line 76920, net icache_1/lce/_16197_ not found.
[WARNING STA-1650] ./results/nangate45_3D/bp_fe/HBT/6_final.spef line 76921, net icache_1/lce/_17064_ not found.
[WARNING STA-1650] ./results/nangate45_3D/bp_fe/HBT/6_final.spef line 76922, net icache_1/lce/_17496_ not found.
[WARNING STA-1650] ./results/nangate45_3D/bp_fe/HBT/6_final.spef line 76923, net icache_1/lce/_20244_ not found.
[WARNING STA-1650] ./results/nangate45_3D/bp_fe/HBT/6_final.spef line 76924, net icache_1/lce/_21013_ not found.
[WARNING STA-1650] ./results/nangate45_3D/bp_fe/HBT/6_final.spef line 76926, net icache_1/data_mem_bank_data_lo\[380\] not found.
[WARNING STA-1650] ./results/nangate45_3D/bp_fe/HBT/6_final.spef line 76927, net icache_1/lce/_15617_ not found.
[WARNING STA-1650] ./results/nangate45_3D/bp_fe/HBT/6_final.spef line 76928, net icache_1/lce/_16379_ not found.
[WARNING STA-1650] ./results/nangate45_3D/bp_fe/HBT/6_final.spef line 76929, net icache_1/lce/_17496_ not found.
[WARNING STA-1650] ./results/nangate45_3D/bp_fe/HBT/6_final.spef line 76930, net icache_1/lce/_17689_ not found.
[WARNING STA-1650] ./results/nangate45_3D/bp_fe/HBT/6_final.spef line 76931, net icache_1/lce/_19886_ not found.
[WARNING STA-1650] ./results/nangate45_3D/bp_fe/HBT/6_final.spef line 76932, net icache_1/lce/_20881_ not found.
[WARNING STA-1650] ./results/nangate45_3D/bp_fe/HBT/6_final.spef line 76933, net icache_1/lce/_21402_ not found.
[WARNING STA-1650] ./results/nangate45_3D/bp_fe/HBT/6_final.spef line 76940, net icache_1/data_mem_bank_data_lo\[380\] not found.
[WARNING STA-1650] ./results/nangate45_3D/bp_fe/HBT/6_final.spef line 76941, net icache_1/data_mem_bank_data_lo\[380\] not found.
[WARNING STA-1650] ./results/nangate45_3D/bp_fe/HBT/6_final.spef line 76942, net icache_1/lce/_17508_ not found.
[WARNING STA-1650] ./results/nangate45_3D/bp_fe/HBT/6_final.spef line 76943, net icache_1/lce/_21413_ not found.
[WARNING STA-1650] ./results/nangate45_3D/bp_fe/HBT/6_final.spef line 76955, net bp_fe_pc_gen_1/genblk1_branch_prediction_1/btb_1/_1473_ not found.
[WARNING STA-1650] ./results/nangate45_3D/bp_fe/HBT/6_final.spef line 77020, net icache_1/data_mem_write_data\[50\] not found.
[WARNING STA-1650] ./results/nangate45_3D/bp_fe/HBT/6_final.spef line 77027, net bp_fe_pc_gen_1/genblk1_branch_prediction_1/btb_1/_4177_ not found.
[WARNING STA-1650] ./results/nangate45_3D/bp_fe/HBT/6_final.spef line 77086, net icache_1/data_mem_banks_5__data_mem_bank/macro_mem/mem not found.
[WARNING STA-1650] ./results/nangate45_3D/bp_fe/HBT/6_final.spef line 77099, net icache_1/_14640_ not found.
[WARNING STA-1650] ./results/nangate45_3D/bp_fe/HBT/6_final.spef line 77175, net icache_1/lce/_14400_ not found.
[WARNING STA-1650] ./results/nangate45_3D/bp_fe/HBT/6_final.spef line 77176, net icache_1/lce/_18324_ not found.
[WARNING STA-1650] ./results/nangate45_3D/bp_fe/HBT/6_final.spef line 77177, net icache_1/lce/_19226_ not found.
[WARNING STA-1650] ./results/nangate45_3D/bp_fe/HBT/6_final.spef line 77178, net icache_1/lce/_19226_ not found.
[WARNING STA-1650] ./results/nangate45_3D/bp_fe/HBT/6_final.spef line 77180, net icache_1/lce/lce_cmd.data_r\[278\] not found.
[WARNING STA-1650] ./results/nangate45_3D/bp_fe/HBT/6_final.spef line 77181, net icache_1/_16161_ not found.
[WARNING STA-1650] ./results/nangate45_3D/bp_fe/HBT/6_final.spef line 77182, net icache_1/_17355_ not found.
[WARNING STA-1650] ./results/nangate45_3D/bp_fe/HBT/6_final.spef line 77183, net icache_1/_17355_ not found.
[WARNING STA-1650] ./results/nangate45_3D/bp_fe/HBT/6_final.spef line 77184, net icache_1/_18010_ not found.
[WARNING STA-1650] ./results/nangate45_3D/bp_fe/HBT/6_final.spef line 77185, net icache_1/_18011_ not found.
[WARNING STA-1650] ./results/nangate45_3D/bp_fe/HBT/6_final.spef line 77186, net icache_1/_18011_ not found.
[WARNING STA-1650] ./results/nangate45_3D/bp_fe/HBT/6_final.spef line 77187, net icache_1/_18012_ not found.
[WARNING STA-1650] ./results/nangate45_3D/bp_fe/HBT/6_final.spef line 77188, net icache_1/_19890_ not found.
[WARNING STA-1650] ./results/nangate45_3D/bp_fe/HBT/6_final.spef line 77189, net icache_1/lce/_13833_ not found.
[WARNING STA-1650] ./results/nangate45_3D/bp_fe/HBT/6_final.spef line 77190, net icache_1/lce/_13834_ not found.
[WARNING STA-1650] ./results/nangate45_3D/bp_fe/HBT/6_final.spef line 77191, net icache_1/lce/_13834_ not found.
[WARNING STA-1650] ./results/nangate45_3D/bp_fe/HBT/6_final.spef line 77192, net icache_1/lce/_14259_ not found.
[WARNING STA-1650] ./results/nangate45_3D/bp_fe/HBT/6_final.spef line 77193, net icache_1/lce/_14761_ not found.
[WARNING STA-1650] ./results/nangate45_3D/bp_fe/HBT/6_final.spef line 77194, net icache_1/lce/_18184_ not found.
[WARNING STA-1650] ./results/nangate45_3D/bp_fe/HBT/6_final.spef line 77195, net icache_1/lce/_18185_ not found.
[WARNING STA-1650] ./results/nangate45_3D/bp_fe/HBT/6_final.spef line 77196, net icache_1/lce/_18324_ not found.
[WARNING STA-1650] ./results/nangate45_3D/bp_fe/HBT/6_final.spef line 77205, net icache_1/data_mem_data_li\[214\] not found.
[WARNING STA-1650] ./results/nangate45_3D/bp_fe/HBT/6_final.spef line 77206, net icache_1/data_mem_data_li\[22\] not found.
[WARNING STA-1650] ./results/nangate45_3D/bp_fe/HBT/6_final.spef line 77207, net icache_1/data_mem_data_li\[440\] not found.
[WARNING STA-1650] ./results/nangate45_3D/bp_fe/HBT/6_final.spef line 77208, net icache_1/_16706_ not found.
[WARNING STA-1650] ./results/nangate45_3D/bp_fe/HBT/6_final.spef line 77209, net icache_1/_16709_ not found.
[WARNING STA-1650] ./results/nangate45_3D/bp_fe/HBT/6_final.spef line 77210, net icache_1/_18010_ not found.
[WARNING STA-1650] ./results/nangate45_3D/bp_fe/HBT/6_final.spef line 77211, net icache_1/_19449_ not found.
[WARNING STA-1650] ./results/nangate45_3D/bp_fe/HBT/6_final.spef line 77212, net icache_1/lce/_18406_ not found.
[WARNING STA-1650] ./results/nangate45_3D/bp_fe/HBT/6_final.spef line 77213, net icache_1/lce/_18406_ not found.
[WARNING STA-1650] ./results/nangate45_3D/bp_fe/HBT/6_final.spef line 77214, net icache_1/lce/_18407_ not found.
[WARNING STA-1650] ./results/nangate45_3D/bp_fe/HBT/6_final.spef line 77215, net icache_1/lce/_19262_ not found.
[WARNING STA-1650] ./results/nangate45_3D/bp_fe/HBT/6_final.spef line 77225, net icache_1/data_mem_bank_data_lo\[94\] not found.
[WARNING STA-1650] ./results/nangate45_3D/bp_fe/HBT/6_final.spef line 77226, net icache_1/data_mem_bank_data_lo\[94\] not found.
[WARNING STA-1650] ./results/nangate45_3D/bp_fe/HBT/6_final.spef line 77227, net icache_1/_16741_ not found.
[WARNING STA-1650] ./results/nangate45_3D/bp_fe/HBT/6_final.spef line 77228, net icache_1/_16741_ not found.
[WARNING STA-1650] ./results/nangate45_3D/bp_fe/HBT/6_final.spef line 77229, net icache_1/_16751_ not found.
[WARNING STA-1650] ./results/nangate45_3D/bp_fe/HBT/6_final.spef line 77230, net icache_1/_16753_ not found.
[WARNING STA-1650] ./results/nangate45_3D/bp_fe/HBT/6_final.spef line 77231, net icache_1/_16754_ not found.
[WARNING STA-1650] ./results/nangate45_3D/bp_fe/HBT/6_final.spef line 77232, net icache_1/_17379_ not found.
[WARNING STA-1650] ./results/nangate45_3D/bp_fe/HBT/6_final.spef line 77233, net icache_1/_17394_ not found.
[WARNING STA-1650] ./results/nangate45_3D/bp_fe/HBT/6_final.spef line 77234, net icache_1/_18058_ not found.
[WARNING STA-1650] ./results/nangate45_3D/bp_fe/HBT/6_final.spef line 77235, net icache_1/_18059_ not found.
[WARNING STA-1650] ./results/nangate45_3D/bp_fe/HBT/6_final.spef line 77236, net icache_1/_18556_ not found.
[WARNING STA-1650] ./results/nangate45_3D/bp_fe/HBT/6_final.spef line 77237, net icache_1/_18575_ not found.
[WARNING STA-1650] ./results/nangate45_3D/bp_fe/HBT/6_final.spef line 77238, net icache_1/_18576_ not found.
[WARNING STA-1650] ./results/nangate45_3D/bp_fe/HBT/6_final.spef line 77239, net icache_1/_18576_ not found.
[WARNING STA-1650] ./results/nangate45_3D/bp_fe/HBT/6_final.spef line 77240, net icache_1/_18577_ not found.
[WARNING STA-1650] ./results/nangate45_3D/bp_fe/HBT/6_final.spef line 77246, net icache_1/_01008_ not found.
[WARNING STA-1650] ./results/nangate45_3D/bp_fe/HBT/6_final.spef line 77247, net icache_1/_09602_ not found.
[WARNING STA-1650] ./results/nangate45_3D/bp_fe/HBT/6_final.spef line 77248, net icache_1/data_mem_bank_data_lo\[94\] not found.
[WARNING STA-1650] ./results/nangate45_3D/bp_fe/HBT/6_final.spef line 77249, net icache_1/data_mem_bank_data_lo\[94\] not found.
[WARNING STA-1650] ./results/nangate45_3D/bp_fe/HBT/6_final.spef line 77250, net icache_1/_16692_ not found.
[WARNING STA-1650] ./results/nangate45_3D/bp_fe/HBT/6_final.spef line 77251, net icache_1/_16692_ not found.
[WARNING STA-1650] ./results/nangate45_3D/bp_fe/HBT/6_final.spef line 77252, net icache_1/_16751_ not found.
[WARNING STA-1650] ./results/nangate45_3D/bp_fe/HBT/6_final.spef line 77253, net icache_1/_16765_ not found.
[WARNING STA-1650] ./results/nangate45_3D/bp_fe/HBT/6_final.spef line 77254, net icache_1/_18001_ not found.
[WARNING STA-1650] ./results/nangate45_3D/bp_fe/HBT/6_final.spef line 77255, net icache_1/_18001_ not found.
[WARNING STA-1650] ./results/nangate45_3D/bp_fe/HBT/6_final.spef line 77256, net icache_1/_18002_ not found.
[WARNING STA-1650] ./results/nangate45_3D/bp_fe/HBT/6_final.spef line 77257, net icache_1/_18995_ not found.
[WARNING STA-1650] ./results/nangate45_3D/bp_fe/HBT/6_final.spef line 77258, net icache_1/_18995_ not found.
[WARNING STA-1650] ./results/nangate45_3D/bp_fe/HBT/6_final.spef line 77259, net icache_1/_18998_ not found.
[WARNING STA-1650] ./results/nangate45_3D/bp_fe/HBT/6_final.spef line 77260, net icache_1/_19884_ not found.
[WARNING STA-1650] ./results/nangate45_3D/bp_fe/HBT/6_final.spef line 77261, net icache_1/lce/_14759_ not found.
[WARNING STA-1650] ./results/nangate45_3D/bp_fe/HBT/6_final.spef line 77262, net icache_1/lce/_19323_ not found.
[WARNING STA-1650] ./results/nangate45_3D/bp_fe/HBT/6_final.spef line 77276, net icache_1/_09549_ not found.
[WARNING STA-1650] ./results/nangate45_3D/bp_fe/HBT/6_final.spef line 77277, net icache_1/_09602_ not found.
[WARNING STA-1650] ./results/nangate45_3D/bp_fe/HBT/6_final.spef line 77278, net icache_1/data_mem_bank_data_lo\[94\] not found.
[WARNING STA-1650] ./results/nangate45_3D/bp_fe/HBT/6_final.spef line 77279, net icache_1/data_mem_bank_data_lo\[94\] not found.
[WARNING STA-1650] ./results/nangate45_3D/bp_fe/HBT/6_final.spef line 77280, net icache_1/_10881_ not found.
[WARNING STA-1650] ./results/nangate45_3D/bp_fe/HBT/6_final.spef line 77281, net icache_1/_11900_ not found.
[WARNING STA-1650] ./results/nangate45_3D/bp_fe/HBT/6_final.spef line 77282, net icache_1/_11906_ not found.
[WARNING STA-1650] ./results/nangate45_3D/bp_fe/HBT/6_final.spef line 77283, net icache_1/_11925_ not found.
[WARNING STA-1650] ./results/nangate45_3D/bp_fe/HBT/6_final.spef line 77284, net icache_1/_11927_ not found.
[WARNING STA-1650] ./results/nangate45_3D/bp_fe/HBT/6_final.spef line 77285, net icache_1/_11928_ not found.
[WARNING STA-1650] ./results/nangate45_3D/bp_fe/HBT/6_final.spef line 77286, net icache_1/_11939_ not found.
[WARNING STA-1650] ./results/nangate45_3D/bp_fe/HBT/6_final.spef line 77287, net icache_1/_11944_ not found.
[WARNING STA-1650] ./results/nangate45_3D/bp_fe/HBT/6_final.spef line 77288, net icache_1/_11945_ not found.
[WARNING STA-1650] ./results/nangate45_3D/bp_fe/HBT/6_final.spef line 77289, net icache_1/_21037_ not found.
[WARNING STA-1650] ./results/nangate45_3D/bp_fe/HBT/6_final.spef line 77290, net icache_1/_21466_ not found.
[WARNING STA-1650] ./results/nangate45_3D/bp_fe/HBT/6_final.spef line 77291, net icache_1/_22400_ not found.
[WARNING STA-1650] ./results/nangate45_3D/bp_fe/HBT/6_final.spef line 77292, net icache_1/_22462_ not found.
[WARNING STA-1650] ./results/nangate45_3D/bp_fe/HBT/6_final.spef line 77303, net icache_1/data_mem_bank_data_lo\[94\] not found.
[WARNING STA-1650] ./results/nangate45_3D/bp_fe/HBT/6_final.spef line 77304, net icache_1/data_set_select_mux.data_i\[286\] not found.
[WARNING STA-1650] ./results/nangate45_3D/bp_fe/HBT/6_final.spef line 77305, net icache_1/data_set_select_mux.data_i\[94\] not found.
[WARNING STA-1650] ./results/nangate45_3D/bp_fe/HBT/6_final.spef line 77306, net icache_1/_20146_ not found.
[WARNING STA-1650] ./results/nangate45_3D/bp_fe/HBT/6_final.spef line 77307, net icache_1/_20146_ not found.
[WARNING STA-1650] ./results/nangate45_3D/bp_fe/HBT/6_final.spef line 77308, net icache_1/_20147_ not found.
[WARNING STA-1650] ./results/nangate45_3D/bp_fe/HBT/6_final.spef line 77309, net icache_1/_20147_ not found.
[WARNING STA-1650] ./results/nangate45_3D/bp_fe/HBT/6_final.spef line 77310, net icache_1/_20149_ not found.
[WARNING STA-1650] ./results/nangate45_3D/bp_fe/HBT/6_final.spef line 77311, net icache_1/_20149_ not found.
[WARNING STA-1650] ./results/nangate45_3D/bp_fe/HBT/6_final.spef line 77312, net icache_1/_22432_ not found.
[WARNING STA-1650] ./results/nangate45_3D/bp_fe/HBT/6_final.spef line 77313, net icache_1/_22432_ not found.
[WARNING STA-1650] ./results/nangate45_3D/bp_fe/HBT/6_final.spef line 77314, net icache_1/lce/_12492_ not found.
[WARNING STA-1650] ./results/nangate45_3D/bp_fe/HBT/6_final.spef line 77315, net icache_1/lce/_12493_ not found.
[WARNING STA-1650] ./results/nangate45_3D/bp_fe/HBT/6_final.spef line 77316, net icache_1/lce/_12493_ not found.
[WARNING STA-1650] ./results/nangate45_3D/bp_fe/HBT/6_final.spef line 77317, net icache_1/lce/_12493_ not found.
[WARNING STA-1650] ./results/nangate45_3D/bp_fe/HBT/6_final.spef line 77318, net icache_1/lce/_16253_ not found.
[WARNING STA-1650] ./results/nangate45_3D/bp_fe/HBT/6_final.spef line 77319, net icache_1/lce/_16514_ not found.
[WARNING STA-1650] ./results/nangate45_3D/bp_fe/HBT/6_final.spef line 77320, net icache_1/lce/_17091_ not found.
[WARNING STA-1650] ./results/nangate45_3D/bp_fe/HBT/6_final.spef line 77321, net icache_1/lce/_17095_ not found.
[WARNING STA-1650] ./results/nangate45_3D/bp_fe/HBT/6_final.spef line 77322, net icache_1/lce/_18768_ not found.
[WARNING STA-1650] ./results/nangate45_3D/bp_fe/HBT/6_final.spef line 77323, net icache_1/lce/_19426_ not found.
[WARNING STA-1650] ./results/nangate45_3D/bp_fe/HBT/6_final.spef line 77324, net icache_1/lce/_19919_ not found.
[WARNING STA-1650] ./results/nangate45_3D/bp_fe/HBT/6_final.spef line 77325, net icache_1/lce/_20295_ not found.
[WARNING STA-1650] ./results/nangate45_3D/bp_fe/HBT/6_final.spef line 77326, net icache_1/lce/_21041_ not found.
[WARNING STA-1650] ./results/nangate45_3D/bp_fe/HBT/6_final.spef line 77327, net icache_1/lce/_21041_ not found.
[WARNING STA-1650] ./results/nangate45_3D/bp_fe/HBT/6_final.spef line 77331, net icache_1/lce/_13236_ not found.
[WARNING STA-1650] ./results/nangate45_3D/bp_fe/HBT/6_final.spef line 77332, net icache_1/lce/_13236_ not found.
[WARNING STA-1650] ./results/nangate45_3D/bp_fe/HBT/6_final.spef line 77333, net icache_1/lce/_13237_ not found.
[WARNING STA-1650] ./results/nangate45_3D/bp_fe/HBT/6_final.spef line 77334, net icache_1/lce/_15395_ not found.
[WARNING STA-1650] ./results/nangate45_3D/bp_fe/HBT/6_final.spef line 77335, net icache_1/lce/_15658_ not found.
[WARNING STA-1650] ./results/nangate45_3D/bp_fe/HBT/6_final.spef line 77336, net icache_1/lce/_15975_ not found.
[WARNING STA-1650] ./results/nangate45_3D/bp_fe/HBT/6_final.spef line 77337, net icache_1/lce/_15975_ not found.
[WARNING STA-1650] ./results/nangate45_3D/bp_fe/HBT/6_final.spef line 77338, net icache_1/lce/_19760_ not found.
[WARNING STA-1650] ./results/nangate45_3D/bp_fe/HBT/6_final.spef line 77339, net icache_1/lce/_20044_ not found.
[WARNING STA-1650] ./results/nangate45_3D/bp_fe/HBT/6_final.spef line 77340, net icache_1/lce/_20281_ not found.
[WARNING STA-1650] ./results/nangate45_3D/bp_fe/HBT/6_final.spef line 77346, net icache_1/_14711_ not found.
[WARNING STA-1650] ./results/nangate45_3D/bp_fe/HBT/6_final.spef line 77347, net icache_1/_14711_ not found.
[WARNING STA-1650] ./results/nangate45_3D/bp_fe/HBT/6_final.spef line 77348, net icache_1/lce/_10272_ not found.
[WARNING STA-1650] ./results/nangate45_3D/bp_fe/HBT/6_final.spef line 77349, net icache_1/lce/_11726_ not found.
[WARNING STA-1650] ./results/nangate45_3D/bp_fe/HBT/6_final.spef line 77350, net icache_1/lce/_11726_ not found.
[WARNING STA-1650] ./results/nangate45_3D/bp_fe/HBT/6_final.spef line 77351, net icache_1/lce/_15454_ not found.
[WARNING STA-1650] ./results/nangate45_3D/bp_fe/HBT/6_final.spef line 77352, net icache_1/lce/_15454_ not found.
[WARNING STA-1650] ./results/nangate45_3D/bp_fe/HBT/6_final.spef line 77353, net icache_1/lce/_16034_ not found.
[WARNING STA-1650] ./results/nangate45_3D/bp_fe/HBT/6_final.spef line 77354, net icache_1/lce/_16879_ not found.
[WARNING STA-1650] ./results/nangate45_3D/bp_fe/HBT/6_final.spef line 77355, net icache_1/lce/_16879_ not found.
[WARNING STA-1650] ./results/nangate45_3D/bp_fe/HBT/6_final.spef line 77356, net icache_1/lce/_19576_ not found.
[WARNING STA-1650] ./results/nangate45_3D/bp_fe/HBT/6_final.spef line 77357, net icache_1/lce/_19607_ not found.
[WARNING STA-1650] ./results/nangate45_3D/bp_fe/HBT/6_final.spef line 77358, net icache_1/lce/_19607_ not found.
[WARNING STA-1650] ./results/nangate45_3D/bp_fe/HBT/6_final.spef line 77359, net icache_1/lce/_20097_ not found.
[WARNING STA-1650] ./results/nangate45_3D/bp_fe/HBT/6_final.spef line 77360, net icache_1/lce/_20097_ not found.
[WARNING STA-1650] ./results/nangate45_3D/bp_fe/HBT/6_final.spef line 77361, net icache_1/lce/_20581_ not found.
[WARNING STA-1650] ./results/nangate45_3D/bp_fe/HBT/6_final.spef line 77362, net icache_1/lce/_20581_ not found.
[WARNING STA-1650] ./results/nangate45_3D/bp_fe/HBT/6_final.spef line 77367, net icache_1/lce/lce_data_cmd_fifo.mem_1r1w.synth.mem\[468\] not found.
[WARNING STA-1650] ./results/nangate45_3D/bp_fe/HBT/6_final.spef line 77368, net icache_1/lce/lce_tr_resp_in_fifo.mem_1r1w.synth.mem\[911\] not found.
[WARNING STA-1650] ./results/nangate45_3D/bp_fe/HBT/6_final.spef line 77370, net icache_1/_15744_ not found.
[WARNING STA-1650] ./results/nangate45_3D/bp_fe/HBT/6_final.spef line 77371, net icache_1/lce/_10803_ not found.
[WARNING STA-1650] ./results/nangate45_3D/bp_fe/HBT/6_final.spef line 77372, net icache_1/lce/_10804_ not found.
[WARNING STA-1650] ./results/nangate45_3D/bp_fe/HBT/6_final.spef line 77373, net icache_1/lce/_10805_ not found.
[WARNING STA-1650] ./results/nangate45_3D/bp_fe/HBT/6_final.spef line 77374, net icache_1/lce/_10806_ not found.
[WARNING STA-1650] ./results/nangate45_3D/bp_fe/HBT/6_final.spef line 77375, net icache_1/lce/_10807_ not found.
[WARNING STA-1650] ./results/nangate45_3D/bp_fe/HBT/6_final.spef line 77376, net icache_1/lce/_10808_ not found.
[WARNING STA-1650] ./results/nangate45_3D/bp_fe/HBT/6_final.spef line 77377, net icache_1/lce/_11743_ not found.
[WARNING STA-1650] ./results/nangate45_3D/bp_fe/HBT/6_final.spef line 77378, net icache_1/lce/_11743_ not found.
[WARNING STA-1650] ./results/nangate45_3D/bp_fe/HBT/6_final.spef line 77379, net icache_1/lce/_11744_ not found.
[WARNING STA-1650] ./results/nangate45_3D/bp_fe/HBT/6_final.spef line 77380, net icache_1/lce/_12155_ not found.
[WARNING STA-1650] ./results/nangate45_3D/bp_fe/HBT/6_final.spef line 77381, net icache_1/lce/_12155_ not found.
[WARNING STA-1650] ./results/nangate45_3D/bp_fe/HBT/6_final.spef line 77382, net icache_1/lce/_12156_ not found.
[WARNING STA-1650] ./results/nangate45_3D/bp_fe/HBT/6_final.spef line 77383, net icache_1/lce/_12157_ not found.
[WARNING STA-1650] ./results/nangate45_3D/bp_fe/HBT/6_final.spef line 77384, net icache_1/lce/_15617_ not found.
[WARNING STA-1650] ./results/nangate45_3D/bp_fe/HBT/6_final.spef line 77385, net icache_1/lce/_15799_ not found.
[WARNING STA-1650] ./results/nangate45_3D/bp_fe/HBT/6_final.spef line 77386, net icache_1/lce/_15831_ not found.
[WARNING STA-1650] ./results/nangate45_3D/bp_fe/HBT/6_final.spef line 77387, net icache_1/lce/_15831_ not found.
[WARNING STA-1650] ./results/nangate45_3D/bp_fe/HBT/6_final.spef line 77388, net icache_1/lce/_15933_ not found.
[WARNING STA-1650] ./results/nangate45_3D/bp_fe/HBT/6_final.spef line 77389, net icache_1/lce/_17540_ not found.
[WARNING STA-1650] ./results/nangate45_3D/bp_fe/HBT/6_final.spef line 77390, net icache_1/lce/_17689_ not found.
[WARNING STA-1650] ./results/nangate45_3D/bp_fe/HBT/6_final.spef line 77391, net icache_1/lce/_19723_ not found.
[WARNING STA-1650] ./results/nangate45_3D/bp_fe/HBT/6_final.spef line 77392, net icache_1/lce/_19723_ not found.
[WARNING STA-1650] ./results/nangate45_3D/bp_fe/HBT/6_final.spef line 77393, net icache_1/lce/_19886_ not found.
[WARNING STA-1650] ./results/nangate45_3D/bp_fe/HBT/6_final.spef line 77394, net icache_1/lce/_19886_ not found.
[WARNING STA-1650] ./results/nangate45_3D/bp_fe/HBT/6_final.spef line 77395, net icache_1/lce/_19915_ not found.
[WARNING STA-1650] ./results/nangate45_3D/bp_fe/HBT/6_final.spef line 77396, net icache_1/lce/_19915_ not found.
[WARNING STA-1650] ./results/nangate45_3D/bp_fe/HBT/6_final.spef line 77397, net icache_1/lce/_20008_ not found.
[WARNING STA-1650] ./results/nangate45_3D/bp_fe/HBT/6_final.spef line 77398, net icache_1/lce/lce_tr_resp_in_fifo.mem_1r1w.synth.mem\[828\] not found.
[WARNING STA-1650] ./results/nangate45_3D/bp_fe/HBT/6_final.spef line 77405, net bp_fe_pc_gen_1/genblk1_branch_prediction_1/btb_1/_3543_ not found.
[WARNING STA-1650] ./results/nangate45_3D/bp_fe/HBT/6_final.spef line 77409, net bp_fe_pc_gen_1/genblk1_branch_prediction_1/btb_1/_1509_ not found.
[WARNING STA-1650] ./results/nangate45_3D/bp_fe/HBT/6_final.spef line 77455, net bp_fe_pc_gen_1/genblk1_branch_prediction_1/btb_1/_1553_ not found.
[WARNING STA-1650] ./results/nangate45_3D/bp_fe/HBT/6_final.spef line 77586, net icache_1/data_mem_write_data\[52\] not found.
[WARNING STA-1650] ./results/nangate45_3D/bp_fe/HBT/6_final.spef line 77588, net icache_1/data_mem_banks_0__data_mem_bank/macro_mem/mem not found.
[WARNING STA-1650] ./results/nangate45_3D/bp_fe/HBT/6_final.spef line 77589, net icache_1/data_mem_banks_0__data_mem_bank/macro_mem/mem not found.
[WARNING STA-1650] ./results/nangate45_3D/bp_fe/HBT/6_final.spef line 77602, net icache_1/_15246_ not found.
[WARNING STA-1650] ./results/nangate45_3D/bp_fe/HBT/6_final.spef line 77607, net icache_1/_14411_ not found.
[WARNING STA-1650] ./results/nangate45_3D/bp_fe/HBT/6_final.spef line 77608, net icache_1/lce/_10430_ not found.
[WARNING STA-1650] ./results/nangate45_3D/bp_fe/HBT/6_final.spef line 77662, net icache_1/lce/_10275_ not found.
[WARNING STA-1650] ./results/nangate45_3D/bp_fe/HBT/6_final.spef line 77663, net icache_1/lce/_15802_ not found.
[WARNING STA-1650] ./results/nangate45_3D/bp_fe/HBT/6_final.spef line 77664, net icache_1/lce/_16451_ not found.
[WARNING STA-1650] ./results/nangate45_3D/bp_fe/HBT/6_final.spef line 77665, net icache_1/lce/_20473_ not found.
[WARNING STA-1650] ./results/nangate45_3D/bp_fe/HBT/6_final.spef line 77674, net icache_1/lce/lce_data_cmd_fifo.mem_1r1w.synth.mem\[185\] not found.
[WARNING STA-1650] ./results/nangate45_3D/bp_fe/HBT/6_final.spef line 77675, net icache_1/lce/lce_data_cmd_fifo.mem_1r1w.synth.mem\[660\] not found.
[WARNING STA-1650] ./results/nangate45_3D/bp_fe/HBT/6_final.spef line 77759, net icache_1/_18769_ not found.
[WARNING STA-1650] ./results/nangate45_3D/bp_fe/HBT/6_final.spef line 77760, net icache_1/_19215_ not found.
[WARNING STA-1650] ./results/nangate45_3D/bp_fe/HBT/6_final.spef line 77761, net icache_1/lce/_17900_ not found.
[WARNING STA-1650] ./results/nangate45_3D/bp_fe/HBT/6_final.spef line 77764, net icache_1/_18266_ not found.
[WARNING STA-1650] ./results/nangate45_3D/bp_fe/HBT/6_final.spef line 77765, net icache_1/_18269_ not found.
[WARNING STA-1650] ./results/nangate45_3D/bp_fe/HBT/6_final.spef line 77766, net icache_1/_18766_ not found.
[WARNING STA-1650] ./results/nangate45_3D/bp_fe/HBT/6_final.spef line 77767, net icache_1/_18769_ not found.
[WARNING STA-1650] ./results/nangate45_3D/bp_fe/HBT/6_final.spef line 77780, net icache_1/_14712_ not found.
[WARNING STA-1650] ./results/nangate45_3D/bp_fe/HBT/6_final.spef line 77781, net icache_1/_16702_ not found.
[WARNING STA-1650] ./results/nangate45_3D/bp_fe/HBT/6_final.spef line 77782, net icache_1/_17999_ not found.
[WARNING STA-1650] ./results/nangate45_3D/bp_fe/HBT/6_final.spef line 77783, net icache_1/_18531_ not found.
[WARNING STA-1650] ./results/nangate45_3D/bp_fe/HBT/6_final.spef line 77784, net icache_1/_18538_ not found.
[WARNING STA-1650] ./results/nangate45_3D/bp_fe/HBT/6_final.spef line 77785, net icache_1/_19900_ not found.
[WARNING STA-1650] ./results/nangate45_3D/bp_fe/HBT/6_final.spef line 77786, net icache_1/_19921_ not found.
[WARNING STA-1650] ./results/nangate45_3D/bp_fe/HBT/6_final.spef line 77787, net icache_1/_20321_ not found.
[WARNING STA-1650] ./results/nangate45_3D/bp_fe/HBT/6_final.spef line 77788, net icache_1/_20350_ not found.
[WARNING STA-1650] ./results/nangate45_3D/bp_fe/HBT/6_final.spef line 77789, net icache_1/_21179_ not found.
[WARNING STA-1650] ./results/nangate45_3D/bp_fe/HBT/6_final.spef line 77790, net icache_1/lce/_14282_ not found.
[WARNING STA-1650] ./results/nangate45_3D/bp_fe/HBT/6_final.spef line 77791, net icache_1/lce/_14423_ not found.
[WARNING STA-1650] ./results/nangate45_3D/bp_fe/HBT/6_final.spef line 77792, net icache_1/lce/_14844_ not found.
[WARNING STA-1650] ./results/nangate45_3D/bp_fe/HBT/6_final.spef line 77793, net icache_1/lce/_15058_ not found.
[WARNING STA-1650] ./results/nangate45_3D/bp_fe/HBT/6_final.spef line 77794, net icache_1/lce/_15387_ not found.
[WARNING STA-1650] ./results/nangate45_3D/bp_fe/HBT/6_final.spef line 77795, net icache_1/lce/_15887_ not found.
[WARNING STA-1650] ./results/nangate45_3D/bp_fe/HBT/6_final.spef line 77796, net icache_1/lce/_15967_ not found.
[WARNING STA-1650] ./results/nangate45_3D/bp_fe/HBT/6_final.spef line 77797, net icache_1/lce/_17922_ not found.
[WARNING STA-1650] ./results/nangate45_3D/bp_fe/HBT/6_final.spef line 77798, net icache_1/lce/_18348_ not found.
[WARNING STA-1650] ./results/nangate45_3D/bp_fe/HBT/6_final.spef line 77844, net icache_1/_02055_ not found.
[WARNING STA-1650] ./results/nangate45_3D/bp_fe/HBT/6_final.spef line 77845, net icache_1/data_mem_bank_data_lo\[117\] not found.
[WARNING STA-1650] ./results/nangate45_3D/bp_fe/HBT/6_final.spef line 77846, net icache_1/data_mem_bank_data_lo\[440\] not found.
[WARNING STA-1650] ./results/nangate45_3D/bp_fe/HBT/6_final.spef line 77847, net icache_1/lce/_11569_ not found.
[WARNING STA-1650] ./results/nangate45_3D/bp_fe/HBT/6_final.spef line 77848, net icache_1/lce/_16318_ not found.
[WARNING STA-1650] ./results/nangate45_3D/bp_fe/HBT/6_final.spef line 77972, net bp_fe_pc_gen_1/_3552_ not found.
[WARNING STA-1650] ./results/nangate45_3D/bp_fe/HBT/6_final.spef line 77975, net bp_fe_pc_gen_1/icache_miss_pc\[6\] not found.
[WARNING STA-1650] ./results/nangate45_3D/bp_fe/HBT/6_final.spef line 77984, net bp_fe_pc_gen_1/genblk1_branch_prediction_1/_0533_ not found.
[WARNING STA-1650] ./results/nangate45_3D/bp_fe/HBT/6_final.spef line 77985, net bp_fe_pc_gen_1/genblk1_branch_prediction_1/_0537_ not found.
[WARNING STA-1650] ./results/nangate45_3D/bp_fe/HBT/6_final.spef line 77986, net bp_fe_pc_gen_1/genblk1_branch_prediction_1/_0538_ not found.
[WARNING STA-1650] ./results/nangate45_3D/bp_fe/HBT/6_final.spef line 77987, net bp_fe_pc_gen_1/genblk1_branch_prediction_1/_0538_ not found.
[WARNING STA-1650] ./results/nangate45_3D/bp_fe/HBT/6_final.spef line 77988, net bp_fe_pc_gen_1/genblk1_branch_prediction_1/_0538_ not found.
[WARNING STA-1650] ./results/nangate45_3D/bp_fe/HBT/6_final.spef line 77989, net bp_fe_pc_gen_1/genblk1_branch_prediction_1/_0725_ not found.
[WARNING STA-1650] ./results/nangate45_3D/bp_fe/HBT/6_final.spef line 77990, net bp_fe_pc_gen_1/genblk1_branch_prediction_1/_0801_ not found.
[WARNING STA-1650] ./results/nangate45_3D/bp_fe/HBT/6_final.spef line 77991, net bp_fe_pc_gen_1/genblk1_branch_prediction_1/_0818_ not found.
[WARNING STA-1650] ./results/nangate45_3D/bp_fe/HBT/6_final.spef line 77992, net bp_fe_pc_gen_1/genblk1_branch_prediction_1/_0858_ not found.
[WARNING STA-1650] ./results/nangate45_3D/bp_fe/HBT/6_final.spef line 77993, net bp_fe_pc_gen_1/genblk1_branch_prediction_1/_0859_ not found.
[WARNING STA-1650] ./results/nangate45_3D/bp_fe/HBT/6_final.spef line 77994, net bp_fe_pc_gen_1/genblk1_branch_prediction_1/_0860_ not found.
[WARNING STA-1650] ./results/nangate45_3D/bp_fe/HBT/6_final.spef line 77995, net bp_fe_pc_gen_1/genblk1_branch_prediction_1/_0860_ not found.
[WARNING STA-1650] ./results/nangate45_3D/bp_fe/HBT/6_final.spef line 77996, net bp_fe_pc_gen_1/genblk1_branch_prediction_1/_0989_ not found.
[WARNING STA-1650] ./results/nangate45_3D/bp_fe/HBT/6_final.spef line 78007, net bp_fe_pc_gen_1/genblk1_branch_prediction_1/_0006_ not found.
[WARNING STA-1650] ./results/nangate45_3D/bp_fe/HBT/6_final.spef line 78008, net bp_fe_pc_gen_1/genblk1_branch_prediction_1/_0017_ not found.
[WARNING STA-1650] ./results/nangate45_3D/bp_fe/HBT/6_final.spef line 78009, net bp_fe_pc_gen_1/genblk1_branch_prediction_1/_0123_ not found.
[WARNING STA-1650] ./results/nangate45_3D/bp_fe/HBT/6_final.spef line 78012, net bp_fe_pc_gen_1/genblk1_branch_prediction_1/_0550_ not found.
[WARNING STA-1650] ./results/nangate45_3D/bp_fe/HBT/6_final.spef line 78013, net bp_fe_pc_gen_1/genblk1_branch_prediction_1/_0551_ not found.
[WARNING STA-1650] ./results/nangate45_3D/bp_fe/HBT/6_final.spef line 78014, net bp_fe_pc_gen_1/genblk1_branch_prediction_1/_0573_ not found.
[WARNING STA-1650] ./results/nangate45_3D/bp_fe/HBT/6_final.spef line 78015, net bp_fe_pc_gen_1/genblk1_branch_prediction_1/_0639_ not found.
[WARNING STA-1650] ./results/nangate45_3D/bp_fe/HBT/6_final.spef line 78016, net bp_fe_pc_gen_1/genblk1_branch_prediction_1/_0652_ not found.
[WARNING STA-1650] ./results/nangate45_3D/bp_fe/HBT/6_final.spef line 78017, net bp_fe_pc_gen_1/genblk1_branch_prediction_1/_0731_ not found.
[WARNING STA-1650] ./results/nangate45_3D/bp_fe/HBT/6_final.spef line 78018, net bp_fe_pc_gen_1/genblk1_branch_prediction_1/_0731_ not found.
[WARNING STA-1650] ./results/nangate45_3D/bp_fe/HBT/6_final.spef line 78019, net bp_fe_pc_gen_1/genblk1_branch_prediction_1/_0732_ not found.
[WARNING STA-1650] ./results/nangate45_3D/bp_fe/HBT/6_final.spef line 78020, net bp_fe_pc_gen_1/genblk1_branch_prediction_1/_0732_ not found.
[WARNING STA-1650] ./results/nangate45_3D/bp_fe/HBT/6_final.spef line 78021, net bp_fe_pc_gen_1/genblk1_branch_prediction_1/_0740_ not found.
[WARNING STA-1650] ./results/nangate45_3D/bp_fe/HBT/6_final.spef line 78032, net bp_fe_pc_gen_1/genblk1_branch_prediction_1/_0128_ not found.
[WARNING STA-1650] ./results/nangate45_3D/bp_fe/HBT/6_final.spef line 78033, net bp_fe_pc_gen_1/genblk1_branch_prediction_1/_0129_ not found.
[WARNING STA-1650] ./results/nangate45_3D/bp_fe/HBT/6_final.spef line 78034, net bp_fe_pc_gen_1/genblk1_branch_prediction_1/_0758_ not found.
[WARNING STA-1650] ./results/nangate45_3D/bp_fe/HBT/6_final.spef line 78035, net bp_fe_pc_gen_1/genblk1_branch_prediction_1/_0926_ not found.
[WARNING STA-1650] ./results/nangate45_3D/bp_fe/HBT/6_final.spef line 78036, net bp_fe_pc_gen_1/genblk1_branch_prediction_1/_0927_ not found.
[WARNING STA-1650] ./results/nangate45_3D/bp_fe/HBT/6_final.spef line 78037, net bp_fe_pc_gen_1/genblk1_branch_prediction_1/_0928_ not found.
[WARNING STA-1650] ./results/nangate45_3D/bp_fe/HBT/6_final.spef line 78038, net bp_fe_pc_gen_1/genblk1_branch_prediction_1/_1020_ not found.
[WARNING STA-1650] ./results/nangate45_3D/bp_fe/HBT/6_final.spef line 78039, net bp_fe_pc_gen_1/genblk1_branch_prediction_1/_1021_ not found.
[WARNING STA-1650] ./results/nangate45_3D/bp_fe/HBT/6_final.spef line 78040, net bp_fe_pc_gen_1/genblk1_branch_prediction_1/_1028_ not found.
[WARNING STA-1650] ./results/nangate45_3D/bp_fe/HBT/6_final.spef line 78045, net bp_fe_pc_gen_1/_2594_ not found.
[WARNING STA-1650] ./results/nangate45_3D/bp_fe/HBT/6_final.spef line 78046, net bp_fe_pc_gen_1/_2889_ not found.
[WARNING STA-1650] ./results/nangate45_3D/bp_fe/HBT/6_final.spef line 78047, net bp_fe_pc_gen_1/_2891_ not found.
[WARNING STA-1650] ./results/nangate45_3D/bp_fe/HBT/6_final.spef line 78048, net bp_fe_pc_gen_1/_3605_ not found.
[WARNING STA-1650] ./results/nangate45_3D/bp_fe/HBT/6_final.spef line 78049, net bp_fe_pc_gen_1/_3605_ not found.
[WARNING STA-1650] ./results/nangate45_3D/bp_fe/HBT/6_final.spef line 78050, net bp_fe_pc_gen_1/_3937_ not found.
[WARNING STA-1650] ./results/nangate45_3D/bp_fe/HBT/6_final.spef line 78051, net icache_1/lce/_15022_ not found.
[WARNING STA-1650] ./results/nangate45_3D/bp_fe/HBT/6_final.spef line 78052, net icache_1/lce/_15022_ not found.
[WARNING STA-1650] ./results/nangate45_3D/bp_fe/HBT/6_final.spef line 78053, net icache_1/lce/_15049_ not found.
[WARNING STA-1650] ./results/nangate45_3D/bp_fe/HBT/6_final.spef line 78066, net bp_fe_pc_gen_1/_2288_ not found.
[WARNING STA-1650] ./results/nangate45_3D/bp_fe/HBT/6_final.spef line 78067, net bp_fe_pc_gen_1/_2288_ not found.
[WARNING STA-1650] ./results/nangate45_3D/bp_fe/HBT/6_final.spef line 78068, net bp_fe_pc_gen_1/_2289_ not found.
[WARNING STA-1650] ./results/nangate45_3D/bp_fe/HBT/6_final.spef line 78069, net bp_fe_pc_gen_1/_2289_ not found.
[WARNING STA-1650] ./results/nangate45_3D/bp_fe/HBT/6_final.spef line 78070, net bp_fe_pc_gen_1/_2651_ not found.
[WARNING STA-1650] ./results/nangate45_3D/bp_fe/HBT/6_final.spef line 78071, net bp_fe_pc_gen_1/_2652_ not found.
[WARNING STA-1650] ./results/nangate45_3D/bp_fe/HBT/6_final.spef line 78072, net bp_fe_pc_gen_1/_2869_ not found.
[WARNING STA-1650] ./results/nangate45_3D/bp_fe/HBT/6_final.spef line 78073, net bp_fe_pc_gen_1/_2871_ not found.
[WARNING STA-1650] ./results/nangate45_3D/bp_fe/HBT/6_final.spef line 78074, net bp_fe_pc_gen_1/_2871_ not found.
[WARNING STA-1650] ./results/nangate45_3D/bp_fe/HBT/6_final.spef line 78075, net bp_fe_pc_gen_1/_2871_ not found.
[WARNING STA-1650] ./results/nangate45_3D/bp_fe/HBT/6_final.spef line 78076, net bp_fe_pc_gen_1/_3399_ not found.
[WARNING STA-1650] ./results/nangate45_3D/bp_fe/HBT/6_final.spef line 78077, net bp_fe_pc_gen_1/_3399_ not found.
[WARNING STA-1650] ./results/nangate45_3D/bp_fe/HBT/6_final.spef line 78078, net bp_fe_pc_gen_1/_3400_ not found.
[WARNING STA-1650] ./results/nangate45_3D/bp_fe/HBT/6_final.spef line 78079, net bp_fe_pc_gen_1/_3401_ not found.
[WARNING STA-1650] ./results/nangate45_3D/bp_fe/HBT/6_final.spef line 78080, net bp_fe_pc_gen_1/_3605_ not found.
[WARNING STA-1650] ./results/nangate45_3D/bp_fe/HBT/6_final.spef line 78085, net bp_fe_pc_gen_1/btb_target\[18\] not found.
[WARNING STA-1650] ./results/nangate45_3D/bp_fe/HBT/6_final.spef line 78086, net bp_fe_pc_gen_1/stalled_pc_redirect not found.
[WARNING STA-1650] ./results/nangate45_3D/bp_fe/HBT/6_final.spef line 78091, net bp_fe_pc_gen_1/_2752_ not found.
[WARNING STA-1650] ./results/nangate45_3D/bp_fe/HBT/6_final.spef line 78092, net bp_fe_pc_gen_1/_2752_ not found.
[WARNING STA-1650] ./results/nangate45_3D/bp_fe/HBT/6_final.spef line 78093, net bp_fe_pc_gen_1/_4120_ not found.
[WARNING STA-1650] ./results/nangate45_3D/bp_fe/HBT/6_final.spef line 78094, net icache_1/_20402_ not found.
[WARNING STA-1650] ./results/nangate45_3D/bp_fe/HBT/6_final.spef line 78101, net bp_fe_pc_gen_1/_1530_ not found.
[WARNING STA-1650] ./results/nangate45_3D/bp_fe/HBT/6_final.spef line 78102, net bp_fe_pc_gen_1/btb_target\[18\] not found.
[WARNING STA-1650] ./results/nangate45_3D/bp_fe/HBT/6_final.spef line 78106, net bp_fe_pc_gen_1/_2752_ not found.
[WARNING STA-1650] ./results/nangate45_3D/bp_fe/HBT/6_final.spef line 78107, net bp_fe_pc_gen_1/_2979_ not found.
[WARNING STA-1650] ./results/nangate45_3D/bp_fe/HBT/6_final.spef line 78108, net bp_fe_pc_gen_1/_3041_ not found.
[WARNING STA-1650] ./results/nangate45_3D/bp_fe/HBT/6_final.spef line 78109, net bp_fe_pc_gen_1/_3041_ not found.
[WARNING STA-1650] ./results/nangate45_3D/bp_fe/HBT/6_final.spef line 78110, net bp_fe_pc_gen_1/_3042_ not found.
[WARNING STA-1650] ./results/nangate45_3D/bp_fe/HBT/6_final.spef line 78111, net bp_fe_pc_gen_1/_3688_ not found.
[WARNING STA-1650] ./results/nangate45_3D/bp_fe/HBT/6_final.spef line 78112, net icache_1/_20678_ not found.
[WARNING STA-1650] ./results/nangate45_3D/bp_fe/HBT/6_final.spef line 78113, net icache_1/_20680_ not found.
[WARNING STA-1650] ./results/nangate45_3D/bp_fe/HBT/6_final.spef line 78123, net bp_fe_pc_gen_1/btb_target\[33\] not found.
[WARNING STA-1650] ./results/nangate45_3D/bp_fe/HBT/6_final.spef line 78124, net bp_fe_pc_gen_1/btb_target\[46\] not found.
[WARNING STA-1650] ./results/nangate45_3D/bp_fe/HBT/6_final.spef line 78155, net bp_fe_pc_gen_1/_3201_ not found.
[WARNING STA-1650] ./results/nangate45_3D/bp_fe/HBT/6_final.spef line 78156, net bp_fe_pc_gen_1/_3272_ not found.
[WARNING STA-1650] ./results/nangate45_3D/bp_fe/HBT/6_final.spef line 78157, net bp_fe_pc_gen_1/_3322_ not found.
[WARNING STA-1650] ./results/nangate45_3D/bp_fe/HBT/6_final.spef line 78158, net bp_fe_pc_gen_1/genblk1_branch_prediction_1/btb_1/btb_mem/macro_mem/mem not found.
[WARNING STA-1650] ./results/nangate45_3D/bp_fe/HBT/6_final.spef line 78159, net bp_fe_pc_gen_1/genblk1_branch_prediction_1/btb_1/btb_mem/macro_mem/mem not found.
[WARNING STA-1650] ./results/nangate45_3D/bp_fe/HBT/6_final.spef line 78162, net bp_fe_pc_gen_1/_1124_ not found.
[WARNING STA-1650] ./results/nangate45_3D/bp_fe/HBT/6_final.spef line 78163, net bp_fe_pc_gen_1/btb_target\[57\] not found.
[WARNING STA-1650] ./results/nangate45_3D/bp_fe/HBT/6_final.spef line 78170, net bp_fe_pc_gen_1/genblk1_branch_prediction_1/btb_1/_2798_ not found.
[WARNING STA-1650] ./results/nangate45_3D/bp_fe/HBT/6_final.spef line 78171, net bp_fe_pc_gen_1/genblk1_branch_prediction_1/btb_1/_4682_ not found.
[WARNING STA-1650] ./results/nangate45_3D/bp_fe/HBT/6_final.spef line 78173, net bp_fe_pc_gen_1/genblk1_branch_prediction_1/btb_1/_2798_ not found.
[WARNING STA-1650] ./results/nangate45_3D/bp_fe/HBT/6_final.spef line 78174, net bp_fe_pc_gen_1/genblk1_branch_prediction_1/btb_1/_2798_ not found.
[WARNING STA-1650] ./results/nangate45_3D/bp_fe/HBT/6_final.spef line 78175, net bp_fe_pc_gen_1/genblk1_branch_prediction_1/btb_1/_2798_ not found.
[WARNING STA-1650] ./results/nangate45_3D/bp_fe/HBT/6_final.spef line 78176, net bp_fe_pc_gen_1/genblk1_branch_prediction_1/btb_1/_3892_ not found.
[WARNING STA-1650] ./results/nangate45_3D/bp_fe/HBT/6_final.spef line 78177, net bp_fe_pc_gen_1/genblk1_branch_prediction_1/btb_1/_3892_ not found.
[WARNING STA-1650] ./results/nangate45_3D/bp_fe/HBT/6_final.spef line 78178, net bp_fe_pc_gen_1/genblk1_branch_prediction_1/btb_1/_4676_ not found.
[WARNING STA-1650] ./results/nangate45_3D/bp_fe/HBT/6_final.spef line 78179, net bp_fe_pc_gen_1/genblk1_branch_prediction_1/btb_1/_4676_ not found.
[WARNING STA-1650] ./results/nangate45_3D/bp_fe/HBT/6_final.spef line 78180, net bp_fe_pc_gen_1/genblk1_branch_prediction_1/btb_1/_4678_ not found.
[WARNING STA-1650] ./results/nangate45_3D/bp_fe/HBT/6_final.spef line 78184, net bp_fe_pc_gen_1/_3225_ not found.
[WARNING STA-1650] ./results/nangate45_3D/bp_fe/HBT/6_final.spef line 78185, net bp_fe_pc_gen_1/_3225_ not found.
[WARNING STA-1650] ./results/nangate45_3D/bp_fe/HBT/6_final.spef line 78186, net bp_fe_pc_gen_1/_3240_ not found.
[WARNING STA-1650] ./results/nangate45_3D/bp_fe/HBT/6_final.spef line 78187, net bp_fe_pc_gen_1/_3365_ not found.
[WARNING STA-1650] ./results/nangate45_3D/bp_fe/HBT/6_final.spef line 78188, net bp_fe_pc_gen_1/genblk1_branch_prediction_1/btb_1/_2994_ not found.
[WARNING STA-1650] ./results/nangate45_3D/bp_fe/HBT/6_final.spef line 78189, net bp_fe_pc_gen_1/genblk1_branch_prediction_1/btb_1/_2994_ not found.
[WARNING STA-1650] ./results/nangate45_3D/bp_fe/HBT/6_final.spef line 78190, net bp_fe_pc_gen_1/genblk1_branch_prediction_1/btb_1/_4394_ not found.
[WARNING STA-1650] ./results/nangate45_3D/bp_fe/HBT/6_final.spef line 78191, net bp_fe_pc_gen_1/genblk1_branch_prediction_1/btb_1/_4394_ not found.
[WARNING STA-1650] ./results/nangate45_3D/bp_fe/HBT/6_final.spef line 78192, net bp_fe_pc_gen_1/genblk1_branch_prediction_1/btb_1/_4946_ not found.
[WARNING STA-1650] ./results/nangate45_3D/bp_fe/HBT/6_final.spef line 78193, net icache_1/_20391_ not found.
[WARNING STA-1650] ./results/nangate45_3D/bp_fe/HBT/6_final.spef line 78194, net icache_1/_20391_ not found.
[WARNING STA-1650] ./results/nangate45_3D/bp_fe/HBT/6_final.spef line 78201, net bp_fe_pc_gen_1/_1037_ not found.
[WARNING STA-1650] ./results/nangate45_3D/bp_fe/HBT/6_final.spef line 78202, net bp_fe_pc_gen_1/_1051_ not found.
[WARNING STA-1650] ./results/nangate45_3D/bp_fe/HBT/6_final.spef line 78203, net icache_1/_03618_ not found.
[WARNING STA-1650] ./results/nangate45_3D/bp_fe/HBT/6_final.spef line 78204, net icache_1/_05481_ not found.
[WARNING STA-1650] ./results/nangate45_3D/bp_fe/HBT/6_final.spef line 78205, net bp_fe_pc_gen_1/_3225_ not found.
[WARNING STA-1650] ./results/nangate45_3D/bp_fe/HBT/6_final.spef line 78206, net bp_fe_pc_gen_1/_3272_ not found.
[WARNING STA-1650] ./results/nangate45_3D/bp_fe/HBT/6_final.spef line 78207, net bp_fe_pc_gen_1/_3279_ not found.
[WARNING STA-1650] ./results/nangate45_3D/bp_fe/HBT/6_final.spef line 78208, net bp_fe_pc_gen_1/_3279_ not found.
[WARNING STA-1650] ./results/nangate45_3D/bp_fe/HBT/6_final.spef line 78209, net bp_fe_pc_gen_1/_3279_ not found.
[WARNING STA-1650] ./results/nangate45_3D/bp_fe/HBT/6_final.spef line 78210, net bp_fe_pc_gen_1/_3280_ not found.
[WARNING STA-1650] ./results/nangate45_3D/bp_fe/HBT/6_final.spef line 78211, net bp_fe_pc_gen_1/_3534_ not found.
[WARNING STA-1650] ./results/nangate45_3D/bp_fe/HBT/6_final.spef line 78212, net bp_fe_pc_gen_1/_3534_ not found.
[WARNING STA-1650] ./results/nangate45_3D/bp_fe/HBT/6_final.spef line 78213, net bp_fe_pc_gen_1/_4172_ not found.
[WARNING STA-1650] ./results/nangate45_3D/bp_fe/HBT/6_final.spef line 78214, net bp_fe_pc_gen_1/_4172_ not found.
[WARNING STA-1650] ./results/nangate45_3D/bp_fe/HBT/6_final.spef line 78215, net bp_fe_pc_gen_1/_4260_ not found.
[WARNING STA-1650] ./results/nangate45_3D/bp_fe/HBT/6_final.spef line 78216, net bp_fe_pc_gen_1/genblk1_branch_prediction_1/btb_1/btb_mem/macro_mem/mem not found.
[WARNING STA-1650] ./results/nangate45_3D/bp_fe/HBT/6_final.spef line 78217, net icache_1/_20513_ not found.
[WARNING STA-1650] ./results/nangate45_3D/bp_fe/HBT/6_final.spef line 78218, net icache_1/_20514_ not found.
[WARNING STA-1650] ./results/nangate45_3D/bp_fe/HBT/6_final.spef line 78219, net icache_1/_20675_ not found.
[WARNING STA-1650] ./results/nangate45_3D/bp_fe/HBT/6_final.spef line 78220, net icache_1/_20676_ not found.
[WARNING STA-1650] ./results/nangate45_3D/bp_fe/HBT/6_final.spef line 78230, net icache_1/_05481_ not found.
[WARNING STA-1650] ./results/nangate45_3D/bp_fe/HBT/6_final.spef line 78314, net bp_fe_pc_gen_1/_2697_ not found.
[WARNING STA-1650] ./results/nangate45_3D/bp_fe/HBT/6_final.spef line 78315, net bp_fe_pc_gen_1/_2820_ not found.
[WARNING STA-1650] ./results/nangate45_3D/bp_fe/HBT/6_final.spef line 78316, net bp_fe_pc_gen_1/_3347_ not found.
[WARNING STA-1650] ./results/nangate45_3D/bp_fe/HBT/6_final.spef line 78323, net bp_fe_pc_gen_1/_2682_ not found.
[WARNING STA-1650] ./results/nangate45_3D/bp_fe/HBT/6_final.spef line 78351, net bp_fe_pc_gen_1/_3303_ not found.
[WARNING STA-1650] ./results/nangate45_3D/bp_fe/HBT/6_final.spef line 78352, net bp_fe_pc_gen_1/_3303_ not found.
[WARNING STA-1650] ./results/nangate45_3D/bp_fe/HBT/6_final.spef line 78354, net bp_fe_pc_gen_1/icache_miss_pc\[6\] not found.
[WARNING STA-1650] ./results/nangate45_3D/bp_fe/HBT/6_final.spef line 78387, net bp_fe_pc_gen_1/btb_target\[18\] not found.
[WARNING STA-1650] ./results/nangate45_3D/bp_fe/HBT/6_final.spef line 78392, net icache_1/data_mem_write_data\[364\] not found.
[WARNING STA-1650] ./results/nangate45_3D/bp_fe/HBT/6_final.spef line 78414, net bp_fe_pc_gen_1/_3838_ not found.
[WARNING STA-1650] ./results/nangate45_3D/bp_fe/HBT/6_final.spef line 78415, net bp_fe_pc_gen_1/_3838_ not found.
[WARNING STA-1650] ./results/nangate45_3D/bp_fe/HBT/6_final.spef line 78416, net bp_fe_pc_gen_1/_3839_ not found.
[WARNING STA-1650] ./results/nangate45_3D/bp_fe/HBT/6_final.spef line 78417, net bp_fe_pc_gen_1/_3908_ not found.
[WARNING STA-1650] ./results/nangate45_3D/bp_fe/HBT/6_final.spef line 78418, net bp_fe_pc_gen_1/_4308_ not found.
[WARNING STA-1650] ./results/nangate45_3D/bp_fe/HBT/6_final.spef line 78419, net icache_1/_20402_ not found.
[WARNING STA-1650] ./results/nangate45_3D/bp_fe/HBT/6_final.spef line 78426, net bp_fe_pc_gen_1/_1475_ not found.
[WARNING STA-1650] ./results/nangate45_3D/bp_fe/HBT/6_final.spef line 78460, net bp_fe_pc_gen_1/genblk1_branch_prediction_1/_0538_ not found.
[WARNING STA-1650] ./results/nangate45_3D/bp_fe/HBT/6_final.spef line 78461, net bp_fe_pc_gen_1/genblk1_branch_prediction_1/_0539_ not found.
[WARNING STA-1650] ./results/nangate45_3D/bp_fe/HBT/6_final.spef line 78462, net bp_fe_pc_gen_1/genblk1_branch_prediction_1/_0548_ not found.
[WARNING STA-1650] ./results/nangate45_3D/bp_fe/HBT/6_final.spef line 78463, net bp_fe_pc_gen_1/genblk1_branch_prediction_1/_0548_ not found.
[WARNING STA-1650] ./results/nangate45_3D/bp_fe/HBT/6_final.spef line 78464, net bp_fe_pc_gen_1/genblk1_branch_prediction_1/_0726_ not found.
[WARNING STA-1650] ./results/nangate45_3D/bp_fe/HBT/6_final.spef line 78465, net bp_fe_pc_gen_1/genblk1_branch_prediction_1/_0726_ not found.
[WARNING STA-1650] ./results/nangate45_3D/bp_fe/HBT/6_final.spef line 78466, net bp_fe_pc_gen_1/genblk1_branch_prediction_1/_0813_ not found.
[WARNING STA-1650] ./results/nangate45_3D/bp_fe/HBT/6_final.spef line 78467, net bp_fe_pc_gen_1/genblk1_branch_prediction_1/_0818_ not found.
[WARNING STA-1650] ./results/nangate45_3D/bp_fe/HBT/6_final.spef line 78468, net bp_fe_pc_gen_1/genblk1_branch_prediction_1/_0818_ not found.
[WARNING STA-1650] ./results/nangate45_3D/bp_fe/HBT/6_final.spef line 78469, net bp_fe_pc_gen_1/genblk1_branch_prediction_1/_0856_ not found.
[WARNING STA-1650] ./results/nangate45_3D/bp_fe/HBT/6_final.spef line 78479, net bp_fe_pc_gen_1/genblk1_branch_prediction_1/_0014_ not found.
[WARNING STA-1650] message limit (1000) reached. This message will no longer print.
[WARNING STA-1648] ./results/nangate45_3D/bp_fe/HBT/6_final.spef line 84431, instance bp_fe_pc_gen_1/genblk1_branch_prediction_1/_1046_ not found.
[WARNING STA-1648] ./results/nangate45_3D/bp_fe/HBT/6_final.spef line 85013, instance bp_fe_pc_gen_1/genblk1_branch_prediction_1/_1047_ not found.
[WARNING STA-1648] ./results/nangate45_3D/bp_fe/HBT/6_final.spef line 85709, instance bp_fe_pc_gen_1/genblk1_branch_prediction_1/_1048_ not found.
[WARNING STA-1648] ./results/nangate45_3D/bp_fe/HBT/6_final.spef line 86070, instance bp_fe_pc_gen_1/_4381_ not found.
[WARNING STA-1648] ./results/nangate45_3D/bp_fe/HBT/6_final.spef line 86106, instance bp_fe_pc_gen_1/genblk1_branch_prediction_1/_1049_ not found.
[WARNING STA-1648] ./results/nangate45_3D/bp_fe/HBT/6_final.spef line 86175, instance bp_fe_pc_gen_1/genblk1_branch_prediction_1/_1050_ not found.
[WARNING STA-1648] ./results/nangate45_3D/bp_fe/HBT/6_final.spef line 86204, instance bp_fe_pc_gen_1/genblk1_branch_prediction_1/_1051_ not found.
[WARNING STA-1648] ./results/nangate45_3D/bp_fe/HBT/6_final.spef line 86258, instance bp_fe_pc_gen_1/genblk1_branch_prediction_1/_1052_ not found.
[WARNING STA-1648] ./results/nangate45_3D/bp_fe/HBT/6_final.spef line 86309, instance bp_fe_pc_gen_1/genblk1_branch_prediction_1/_1053_ not found.
[WARNING STA-1648] ./results/nangate45_3D/bp_fe/HBT/6_final.spef line 86358, instance bp_fe_pc_gen_1/genblk1_branch_prediction_1/_1054_ not found.
[WARNING STA-1648] ./results/nangate45_3D/bp_fe/HBT/6_final.spef line 86417, instance bp_fe_pc_gen_1/genblk1_branch_prediction_1/_1055_ not found.
[WARNING STA-1648] ./results/nangate45_3D/bp_fe/HBT/6_final.spef line 86440, instance bp_fe_pc_gen_1/genblk1_branch_prediction_1/_1056_ not found.
[WARNING STA-1648] ./results/nangate45_3D/bp_fe/HBT/6_final.spef line 86475, instance bp_fe_pc_gen_1/genblk1_branch_prediction_1/_1057_ not found.
[WARNING STA-1648] ./results/nangate45_3D/bp_fe/HBT/6_final.spef line 86514, instance bp_fe_pc_gen_1/genblk1_branch_prediction_1/_1058_ not found.
[WARNING STA-1648] ./results/nangate45_3D/bp_fe/HBT/6_final.spef line 87052, instance bp_fe_pc_gen_1/genblk1_branch_prediction_1/_1038_ not found.
[WARNING STA-1648] ./results/nangate45_3D/bp_fe/HBT/6_final.spef line 87877, instance bp_fe_pc_gen_1/genblk1_branch_prediction_1/_1039_ not found.
[WARNING STA-1648] ./results/nangate45_3D/bp_fe/HBT/6_final.spef line 88555, instance bp_fe_pc_gen_1/genblk1_branch_prediction_1/_1040_ not found.
[WARNING STA-1648] ./results/nangate45_3D/bp_fe/HBT/6_final.spef line 89159, instance bp_fe_pc_gen_1/genblk1_branch_prediction_1/_1041_ not found.
[WARNING STA-1648] ./results/nangate45_3D/bp_fe/HBT/6_final.spef line 89927, instance bp_fe_pc_gen_1/genblk1_branch_prediction_1/_1042_ not found.
[WARNING STA-1648] ./results/nangate45_3D/bp_fe/HBT/6_final.spef line 90673, instance bp_fe_pc_gen_1/genblk1_branch_prediction_1/_1043_ not found.
[WARNING STA-1648] ./results/nangate45_3D/bp_fe/HBT/6_final.spef line 91367, instance bp_fe_pc_gen_1/genblk1_branch_prediction_1/_1044_ not found.
[WARNING STA-1648] ./results/nangate45_3D/bp_fe/HBT/6_final.spef line 92332, instance bp_fe_pc_gen_1/genblk1_branch_prediction_1/_1045_ not found.
[WARNING STA-1648] ./results/nangate45_3D/bp_fe/HBT/6_final.spef line 137985, instance icache_1/lce/_19119_ not found.
[WARNING STA-1648] ./results/nangate45_3D/bp_fe/HBT/6_final.spef line 137986, instance icache_1/lce/_19247_ not found.
[WARNING STA-1648] ./results/nangate45_3D/bp_fe/HBT/6_final.spef line 137987, instance icache_1/_22317_ not found.
[WARNING STA-1648] ./results/nangate45_3D/bp_fe/HBT/6_final.spef line 137988, instance icache_1/lce/_19419_ not found.
[WARNING STA-1648] ./results/nangate45_3D/bp_fe/HBT/6_final.spef line 137989, instance icache_1/lce/_19027_ not found.
[WARNING STA-1648] ./results/nangate45_3D/bp_fe/HBT/6_final.spef line 137990, instance icache_1/lce/_18963_ not found.
[WARNING STA-1648] ./results/nangate45_3D/bp_fe/HBT/6_final.spef line 137991, instance icache_1/lce/_19219_ not found.
[WARNING STA-1648] ./results/nangate45_3D/bp_fe/HBT/6_final.spef line 137992, instance icache_1/lce/_19355_ not found.
[WARNING STA-1648] ./results/nangate45_3D/bp_fe/HBT/6_final.spef line 137993, instance icache_1/lce/_19163_ not found.
[WARNING STA-1648] ./results/nangate45_3D/bp_fe/HBT/6_final.spef line 137994, instance icache_1/lce/_19099_ not found.
[WARNING STA-1648] ./results/nangate45_3D/bp_fe/HBT/6_final.spef line 137995, instance icache_1/_22189_ not found.
[WARNING STA-1648] ./results/nangate45_3D/bp_fe/HBT/6_final.spef line 137996, instance icache_1/lce/_19359_ not found.
[WARNING STA-1648] ./results/nangate45_3D/bp_fe/HBT/6_final.spef line 137997, instance icache_1/lce/_19211_ not found.
[WARNING STA-1648] ./results/nangate45_3D/bp_fe/HBT/6_final.spef line 137998, instance icache_1/lce/_18955_ not found.
[WARNING STA-1648] ./results/nangate45_3D/bp_fe/HBT/6_final.spef line 137999, instance icache_1/_21903_ not found.
[WARNING STA-1648] ./results/nangate45_3D/bp_fe/HBT/6_final.spef line 138000, instance icache_1/lce/_19083_ not found.
[WARNING STA-1648] ./results/nangate45_3D/bp_fe/HBT/6_final.spef line 138001, instance icache_1/lce/_19014_ not found.
[WARNING STA-1648] ./results/nangate45_3D/bp_fe/HBT/6_final.spef line 138002, instance icache_1/lce/_19075_ not found.
[WARNING STA-1648] ./results/nangate45_3D/bp_fe/HBT/6_final.spef line 138003, instance icache_1/lce/_19869_ not found.
[WARNING STA-1648] ./results/nangate45_3D/bp_fe/HBT/6_final.spef line 138004, instance icache_1/lce/_21396_ not found.
[WARNING STA-1648] ./results/nangate45_3D/bp_fe/HBT/6_final.spef line 138005, instance icache_1/lce/_20364_ not found.
[WARNING STA-1648] ./results/nangate45_3D/bp_fe/HBT/6_final.spef line 138006, instance icache_1/lce/_20849_ not found.
[WARNING STA-1648] ./results/nangate45_3D/bp_fe/HBT/6_final.spef line 138007, instance icache_1/lce/_19843_ not found.
[WARNING STA-1648] ./results/nangate45_3D/bp_fe/HBT/6_final.spef line 138008, instance icache_1/lce/_21569_ not found.
[WARNING STA-1648] ./results/nangate45_3D/bp_fe/HBT/6_final.spef line 138009, instance icache_1/lce/_21370_ not found.
[WARNING STA-1648] ./results/nangate45_3D/bp_fe/HBT/6_final.spef line 138010, instance icache_1/lce/_20875_ not found.
[WARNING STA-1648] ./results/nangate45_3D/bp_fe/HBT/6_final.spef line 138011, instance icache_1/lce/_19395_ not found.
[WARNING STA-1648] ./results/nangate45_3D/bp_fe/HBT/6_final.spef line 138012, instance icache_1/lce/_19331_ not found.
[WARNING STA-1648] ./results/nangate45_3D/bp_fe/HBT/6_final.spef line 138013, instance icache_1/lce/_21467_ not found.
[WARNING STA-1648] ./results/nangate45_3D/bp_fe/HBT/6_final.spef line 138014, instance icache_1/lce/_20946_ not found.
[WARNING STA-1648] ./results/nangate45_3D/bp_fe/HBT/6_final.spef line 138015, instance icache_1/lce/_19374_ not found.
[WARNING STA-1648] ./results/nangate45_3D/bp_fe/HBT/6_final.spef line 138016, instance icache_1/lce/_18998_ not found.
[WARNING STA-1648] ./results/nangate45_3D/bp_fe/HBT/6_final.spef line 138017, instance icache_1/lce/_20000_ not found.
[WARNING STA-1648] ./results/nangate45_3D/bp_fe/HBT/6_final.spef line 138018, instance icache_1/lce/_19139_ not found.
[WARNING STA-1648] ./results/nangate45_3D/bp_fe/HBT/6_final.spef line 138019, instance icache_1/lce/_20293_ not found.
[WARNING STA-1648] ./results/nangate45_3D/bp_fe/HBT/6_final.spef line 138020, instance icache_1/lce/_19772_ not found.
[WARNING STA-1648] ./results/nangate45_3D/bp_fe/HBT/6_final.spef line 138021, instance icache_1/lce/_20219_ not found.
[WARNING STA-1648] ./results/nangate45_3D/bp_fe/HBT/6_final.spef line 138022, instance icache_1/lce/_18889_ not found.
[WARNING STA-1648] ./results/nangate45_3D/bp_fe/HBT/6_final.spef line 138023, instance icache_1/lce/_19719_ not found.
[WARNING STA-1648] ./results/nangate45_3D/bp_fe/HBT/6_final.spef line 138024, instance icache_1/lce/_19833_ not found.
[WARNING STA-1648] ./results/nangate45_3D/bp_fe/HBT/6_final.spef line 138025, instance icache_1/lce/_19757_ not found.
[WARNING STA-1648] ./results/nangate45_3D/bp_fe/HBT/6_final.spef line 138026, instance icache_1/lce/_20278_ not found.
[WARNING STA-1648] ./results/nangate45_3D/bp_fe/HBT/6_final.spef line 138027, instance icache_1/lce/_19971_ not found.
[WARNING STA-1648] ./results/nangate45_3D/bp_fe/HBT/6_final.spef line 138028, instance icache_1/lce/_21284_ not found.
[WARNING STA-1648] ./results/nangate45_3D/bp_fe/HBT/6_final.spef line 138029, instance icache_1/lce/_19984_ not found.
[WARNING STA-1648] ./results/nangate45_3D/bp_fe/HBT/6_final.spef line 138030, instance icache_1/lce/_20511_ not found.
[WARNING STA-1648] ./results/nangate45_3D/bp_fe/HBT/6_final.spef line 138031, instance icache_1/lce/_21553_ not found.
[WARNING STA-1648] ./results/nangate45_3D/bp_fe/HBT/6_final.spef line 138032, instance icache_1/lce/_20863_ not found.
[WARNING STA-1648] ./results/nangate45_3D/bp_fe/HBT/6_final.spef line 138033, instance icache_1/lce/_21249_ not found.
[WARNING STA-1648] ./results/nangate45_3D/bp_fe/HBT/6_final.spef line 138034, instance icache_1/lce/_21192_ not found.
[WARNING STA-1648] ./results/nangate45_3D/bp_fe/HBT/6_final.spef line 138035, instance icache_1/lce/_20671_ not found.
[WARNING STA-1648] ./results/nangate45_3D/bp_fe/HBT/6_final.spef line 138036, instance icache_1/lce/_21163_ not found.
[WARNING STA-1648] ./results/nangate45_3D/bp_fe/HBT/6_final.spef line 138037, instance icache_1/lce/_20257_ not found.
[WARNING STA-1648] ./results/nangate45_3D/bp_fe/HBT/6_final.spef line 138038, instance icache_1/lce/_21257_ not found.
[WARNING STA-1648] ./results/nangate45_3D/bp_fe/HBT/6_final.spef line 138039, instance icache_1/lce/_20157_ not found.
[WARNING STA-1648] ./results/nangate45_3D/bp_fe/HBT/6_final.spef line 138040, instance icache_1/lce/_19736_ not found.
[WARNING STA-1648] ./results/nangate45_3D/bp_fe/HBT/6_final.spef line 138041, instance icache_1/lce/_20224_ not found.
[WARNING STA-1648] ./results/nangate45_3D/bp_fe/HBT/6_final.spef line 138042, instance icache_1/lce/_19703_ not found.
[WARNING STA-1648] ./results/nangate45_3D/bp_fe/HBT/6_final.spef line 138043, instance icache_1/lce/_20612_ not found.
[WARNING STA-1648] ./results/nangate45_3D/bp_fe/HBT/6_final.spef line 138044, instance icache_1/lce/_19554_ not found.
[WARNING STA-1648] ./results/nangate45_3D/bp_fe/HBT/6_final.spef line 138045, instance icache_1/lce/_20075_ not found.
[WARNING STA-1648] ./results/nangate45_3D/bp_fe/HBT/6_final.spef line 138046, instance icache_1/lce/_19606_ not found.
[WARNING STA-1648] ./results/nangate45_3D/bp_fe/HBT/6_final.spef line 138047, instance icache_1/lce/_20468_ not found.
[WARNING STA-1648] ./results/nangate45_3D/bp_fe/HBT/6_final.spef line 138048, instance icache_1/lce/_21133_ not found.
[WARNING STA-1648] ./results/nangate45_3D/bp_fe/HBT/6_final.spef line 138049, instance icache_1/lce/_21080_ not found.
[WARNING STA-1648] ./results/nangate45_3D/bp_fe/HBT/6_final.spef line 138050, instance icache_1/lce/_20559_ not found.
[WARNING STA-1648] ./results/nangate45_3D/bp_fe/HBT/6_final.spef line 138051, instance icache_1/lce/_21230_ not found.
[WARNING STA-1648] ./results/nangate45_3D/bp_fe/HBT/6_final.spef line 138052, instance icache_1/lce/_20709_ not found.
[WARNING STA-1648] ./results/nangate45_3D/bp_fe/HBT/6_final.spef line 138053, instance icache_1/lce/_21557_ not found.
[WARNING STA-1648] ./results/nangate45_3D/bp_fe/HBT/6_final.spef line 138054, instance icache_1/lce/_19812_ not found.
[WARNING STA-1648] ./results/nangate45_3D/bp_fe/HBT/6_final.spef line 138055, instance icache_1/lce/_20191_ not found.
[WARNING STA-1648] ./results/nangate45_3D/bp_fe/HBT/6_final.spef line 138056, instance icache_1/lce/_21204_ not found.
[WARNING STA-1648] ./results/nangate45_3D/bp_fe/HBT/6_final.spef line 138057, instance icache_1/lce/_19677_ not found.
[WARNING STA-1648] ./results/nangate45_3D/bp_fe/HBT/6_final.spef line 138058, instance icache_1/lce/_21297_ not found.
[WARNING STA-1648] ./results/nangate45_3D/bp_fe/HBT/6_final.spef line 138059, instance icache_1/lce/_19670_ not found.
[WARNING STA-1648] ./results/nangate45_3D/bp_fe/HBT/6_final.spef line 138060, instance icache_1/lce/_20676_ not found.
[WARNING STA-1648] ./results/nangate45_3D/bp_fe/HBT/6_final.spef line 138061, instance icache_1/lce/_21197_ not found.
[WARNING STA-1648] ./results/nangate45_3D/bp_fe/HBT/6_final.spef line 138062, instance icache_1/lce/_20494_ not found.
[WARNING STA-1648] ./results/nangate45_3D/bp_fe/HBT/6_final.spef line 138063, instance icache_1/lce/_21500_ not found.
[WARNING STA-1648] ./results/nangate45_3D/bp_fe/HBT/6_final.spef line 138064, instance icache_1/lce/_20979_ not found.
[WARNING STA-1648] ./results/nangate45_3D/bp_fe/HBT/6_final.spef line 138065, instance icache_1/lce/_20776_ not found.
[WARNING STA-1648] ./results/nangate45_3D/bp_fe/HBT/6_final.spef line 138066, instance icache_1/lce/_20291_ not found.
[WARNING STA-1648] ./results/nangate45_3D/bp_fe/HBT/6_final.spef line 138067, instance icache_1/lce/_19810_ not found.
[WARNING STA-1648] ./results/nangate45_3D/bp_fe/HBT/6_final.spef line 138068, instance icache_1/lce/_20816_ not found.
[WARNING STA-1648] ./results/nangate45_3D/bp_fe/HBT/6_final.spef line 138069, instance icache_1/lce/_21337_ not found.
[WARNING STA-1648] ./results/nangate45_3D/bp_fe/HBT/6_final.spef line 138070, instance icache_1/lce/_20125_ not found.
[WARNING STA-1648] ./results/nangate45_3D/bp_fe/HBT/6_final.spef line 138071, instance icache_1/lce/_20745_ not found.
[WARNING STA-1648] ./results/nangate45_3D/bp_fe/HBT/6_final.spef line 138072, instance icache_1/lce/_20014_ not found.
[WARNING STA-1648] ./results/nangate45_3D/bp_fe/HBT/6_final.spef line 138073, instance icache_1/lce/_21019_ not found.
[WARNING STA-1648] ./results/nangate45_3D/bp_fe/HBT/6_final.spef line 138074, instance icache_1/lce/_20183_ not found.
[WARNING STA-1648] ./results/nangate45_3D/bp_fe/HBT/6_final.spef line 138075, instance icache_1/lce/_20195_ not found.
[WARNING STA-1648] ./results/nangate45_3D/bp_fe/HBT/6_final.spef line 138076, instance icache_1/lce/_20668_ not found.
[WARNING STA-1648] ./results/nangate45_3D/bp_fe/HBT/6_final.spef line 138077, instance icache_1/lce/_19662_ not found.
[WARNING STA-1648] ./results/nangate45_3D/bp_fe/HBT/6_final.spef line 138078, instance icache_1/lce/_20472_ not found.
[WARNING STA-1648] ./results/nangate45_3D/bp_fe/HBT/6_final.spef line 138079, instance icache_1/lce/_20067_ not found.
[WARNING STA-1648] ./results/nangate45_3D/bp_fe/HBT/6_final.spef line 138080, instance icache_1/lce/_18903_ not found.
[WARNING STA-1648] ./results/nangate45_3D/bp_fe/HBT/6_final.spef line 138081, instance icache_1/lce/_21421_ not found.
[WARNING STA-1648] ./results/nangate45_3D/bp_fe/HBT/6_final.spef line 138082, instance icache_1/lce/_20848_ not found.
[WARNING STA-1648] ./results/nangate45_3D/bp_fe/HBT/6_final.spef line 138083, instance icache_1/lce/_21369_ not found.
[WARNING STA-1648] ./results/nangate45_3D/bp_fe/HBT/6_final.spef line 138084, instance icache_1/lce/_19842_ not found.
[WARNING STA-1648] ./results/nangate45_3D/bp_fe/HBT/6_final.spef line 138085, instance icache_1/lce/_20254_ not found.
[WARNING STA-1648] ./results/nangate45_3D/bp_fe/HBT/6_final.spef line 138086, instance icache_1/lce/_20506_ not found.
[WARNING STA-1648] ./results/nangate45_3D/bp_fe/HBT/6_final.spef line 138087, instance icache_1/lce/_21212_ not found.
[WARNING STA-1648] ./results/nangate45_3D/bp_fe/HBT/6_final.spef line 138088, instance icache_1/lce/_20567_ not found.
[WARNING STA-1648] ./results/nangate45_3D/bp_fe/HBT/6_final.spef line 138089, instance icache_1/lce/_20620_ not found.
[WARNING STA-1648] ./results/nangate45_3D/bp_fe/HBT/6_final.spef line 138090, instance icache_1/lce/_20083_ not found.
[WARNING STA-1648] ./results/nangate45_3D/bp_fe/HBT/6_final.spef line 138091, instance icache_1/lce/_19562_ not found.
[WARNING STA-1648] ./results/nangate45_3D/bp_fe/HBT/6_final.spef line 138092, instance icache_1/lce/_21088_ not found.
[WARNING STA-1648] ./results/nangate45_3D/bp_fe/HBT/6_final.spef line 138093, instance icache_1/lce/_20019_ not found.
[WARNING STA-1648] ./results/nangate45_3D/bp_fe/HBT/6_final.spef line 138094, instance icache_1/lce/_20691_ not found.
[WARNING STA-1648] ./results/nangate45_3D/bp_fe/HBT/6_final.spef line 138095, instance icache_1/lce/_20206_ not found.
[WARNING STA-1648] ./results/nangate45_3D/bp_fe/HBT/6_final.spef line 138096, instance icache_1/lce/_19685_ not found.
[WARNING STA-1648] ./results/nangate45_3D/bp_fe/HBT/6_final.spef line 138097, instance icache_1/lce/_19894_ not found.
[WARNING STA-1648] ./results/nangate45_3D/bp_fe/HBT/6_final.spef line 138098, instance icache_1/lce/_20415_ not found.
[WARNING STA-1648] ./results/nangate45_3D/bp_fe/HBT/6_final.spef line 138099, instance icache_1/lce/_19733_ not found.
[WARNING STA-1648] ./results/nangate45_3D/bp_fe/HBT/6_final.spef line 138100, instance icache_1/lce/_21583_ not found.
[WARNING STA-1648] ./results/nangate45_3D/bp_fe/HBT/6_final.spef line 138101, instance icache_1/lce/_20900_ not found.
[WARNING STA-1648] ./results/nangate45_3D/bp_fe/HBT/6_final.spef line 138102, instance icache_1/lce/_21350_ not found.
[WARNING STA-1648] ./results/nangate45_3D/bp_fe/HBT/6_final.spef line 138103, instance icache_1/lce/_20829_ not found.
[WARNING STA-1648] ./results/nangate45_3D/bp_fe/HBT/6_final.spef line 138104, instance icache_1/lce/_20344_ not found.
[WARNING STA-1648] ./results/nangate45_3D/bp_fe/HBT/6_final.spef line 138105, instance icache_1/lce/_19823_ not found.
[WARNING STA-1648] ./results/nangate45_3D/bp_fe/HBT/6_final.spef line 138106, instance icache_1/lce/_21266_ not found.
[WARNING STA-1648] ./results/nangate45_3D/bp_fe/HBT/6_final.spef line 138107, instance icache_1/lce/_21316_ not found.
[WARNING STA-1648] ./results/nangate45_3D/bp_fe/HBT/6_final.spef line 138108, instance icache_1/lce/_19789_ not found.
[WARNING STA-1648] ./results/nangate45_3D/bp_fe/HBT/6_final.spef line 138109, instance icache_1/lce/_21408_ not found.
[WARNING STA-1648] ./results/nangate45_3D/bp_fe/HBT/6_final.spef line 138110, instance icache_1/lce/_20887_ not found.
[WARNING STA-1648] ./results/nangate45_3D/bp_fe/HBT/6_final.spef line 138111, instance icache_1/lce/_20023_ not found.
[WARNING STA-1648] ./results/nangate45_3D/bp_fe/HBT/6_final.spef line 138112, instance icache_1/lce/_19947_ not found.
[WARNING STA-1648] ./results/nangate45_3D/bp_fe/HBT/6_final.spef line 138113, instance icache_1/lce/_21474_ not found.
[WARNING STA-1648] ./results/nangate45_3D/bp_fe/HBT/6_final.spef line 138114, instance icache_1/lce/_20953_ not found.
[WARNING STA-1648] ./results/nangate45_3D/bp_fe/HBT/6_final.spef line 138115, instance icache_1/lce/_20402_ not found.
[WARNING STA-1648] ./results/nangate45_3D/bp_fe/HBT/6_final.spef line 138116, instance icache_1/lce/_20209_ not found.
[WARNING STA-1648] ./results/nangate45_3D/bp_fe/HBT/6_final.spef line 138117, instance icache_1/lce/_19565_ not found.
[WARNING STA-1648] ./results/nangate45_3D/bp_fe/HBT/6_final.spef line 138118, instance icache_1/lce/_21462_ not found.
[WARNING STA-1648] ./results/nangate45_3D/bp_fe/HBT/6_final.spef line 138119, instance icache_1/lce/_21091_ not found.
[WARNING STA-1648] ./results/nangate45_3D/bp_fe/HBT/6_final.spef line 138120, instance icache_1/lce/_20456_ not found.
[WARNING STA-1648] ./results/nangate45_3D/bp_fe/HBT/6_final.spef line 138121, instance icache_1/lce/_20413_ not found.
[WARNING STA-1648] ./results/nangate45_3D/bp_fe/HBT/6_final.spef line 138122, instance icache_1/lce/_19892_ not found.
[WARNING STA-1648] ./results/nangate45_3D/bp_fe/HBT/6_final.spef line 138123, instance icache_1/lce/_20898_ not found.
[WARNING STA-1648] ./results/nangate45_3D/bp_fe/HBT/6_final.spef line 138124, instance icache_1/lce/_20084_ not found.
[WARNING STA-1648] ./results/nangate45_3D/bp_fe/HBT/6_final.spef line 138125, instance icache_1/data_mem_banks_2__data_mem_bank/macro_mem/mem not found.
[WARNING STA-1648] ./results/nangate45_3D/bp_fe/HBT/6_final.spef line 138126, instance icache_1/lce/_21419_ not found.
[WARNING STA-1648] ./results/nangate45_3D/bp_fe/HBT/6_final.spef line 138127, instance icache_1/lce/_19563_ not found.
[WARNING STA-1648] ./results/nangate45_3D/bp_fe/HBT/6_final.spef line 138128, instance icache_1/lce/_20470_ not found.
[WARNING STA-1648] ./results/nangate45_3D/bp_fe/HBT/6_final.spef line 138129, instance icache_1/lce/_20568_ not found.
[WARNING STA-1648] ./results/nangate45_3D/bp_fe/HBT/6_final.spef line 138130, instance icache_1/lce/_21089_ not found.
[WARNING STA-1648] ./results/nangate45_3D/bp_fe/HBT/6_final.spef line 138131, instance icache_1/lce/_21483_ not found.
[WARNING STA-1648] ./results/nangate45_3D/bp_fe/HBT/6_final.spef line 138132, instance icache_1/lce/_20962_ not found.
[WARNING STA-1648] ./results/nangate45_3D/bp_fe/HBT/6_final.spef line 138133, instance icache_1/lce/_20136_ not found.
[WARNING STA-1648] ./results/nangate45_3D/bp_fe/HBT/6_final.spef line 138134, instance icache_1/lce/_19615_ not found.
[WARNING STA-1648] ./results/nangate45_3D/bp_fe/HBT/6_final.spef line 138135, instance icache_1/lce/_20020_ not found.
[WARNING STA-1648] ./results/nangate45_3D/bp_fe/HBT/6_final.spef line 138136, instance icache_1/lce/_20477_ not found.
[WARNING STA-1648] ./results/nangate45_3D/bp_fe/HBT/6_final.spef line 138137, instance icache_1/lce/_19956_ not found.
[WARNING STA-1648] ./results/nangate45_3D/bp_fe/HBT/6_final.spef line 138138, instance icache_1/lce/_19935_ not found.
[WARNING STA-1648] ./results/nangate45_3D/bp_fe/HBT/6_final.spef line 138139, instance icache_1/lce/_20941_ not found.
[WARNING STA-1648] ./results/nangate45_3D/bp_fe/HBT/6_final.spef line 138140, instance icache_1/lce/_20086_ not found.
[WARNING STA-1648] ./results/nangate45_3D/bp_fe/HBT/6_final.spef line 138141, instance icache_1/lce/_20138_ not found.
[WARNING STA-1648] ./results/nangate45_3D/bp_fe/HBT/6_final.spef line 138142, instance icache_1/lce/_19617_ not found.
[WARNING STA-1648] ./results/nangate45_3D/bp_fe/HBT/6_final.spef line 138143, instance icache_1/lce/_21215_ not found.
[WARNING STA-1648] ./results/nangate45_3D/bp_fe/HBT/6_final.spef line 138144, instance icache_1/lce/_20694_ not found.
[WARNING STA-1648] ./results/nangate45_3D/bp_fe/HBT/6_final.spef line 138145, instance icache_1/lce/_20022_ not found.
[WARNING STA-1648] ./results/nangate45_3D/bp_fe/HBT/6_final.spef line 138146, instance icache_1/lce/_20504_ not found.
[WARNING STA-1648] ./results/nangate45_3D/bp_fe/HBT/6_final.spef line 138147, instance icache_1/lce/_21277_ not found.
[WARNING STA-1648] ./results/nangate45_3D/bp_fe/HBT/6_final.spef line 138148, instance icache_1/lce/_21025_ not found.
[WARNING STA-1648] ./results/nangate45_3D/bp_fe/HBT/6_final.spef line 138149, instance icache_1/lce/_19499_ not found.
[WARNING STA-1648] ./results/nangate45_3D/bp_fe/HBT/6_final.spef line 138150, instance icache_1/lce/_20205_ not found.
[WARNING STA-1648] ./results/nangate45_3D/bp_fe/HBT/6_final.spef line 138151, instance icache_1/lce/_21476_ not found.
[WARNING STA-1648] ./results/nangate45_3D/bp_fe/HBT/6_final.spef line 138152, instance icache_1/lce/_19949_ not found.
[WARNING STA-1648] ./results/nangate45_3D/bp_fe/HBT/6_final.spef line 138153, instance icache_1/lce/_19793_ not found.
[WARNING STA-1648] ./results/nangate45_3D/bp_fe/HBT/6_final.spef line 138154, instance icache_1/lce/_20314_ not found.
[WARNING STA-1648] ./results/nangate45_3D/bp_fe/HBT/6_final.spef line 138155, instance icache_1/lce/_20955_ not found.
[WARNING STA-1648] ./results/nangate45_3D/bp_fe/HBT/6_final.spef line 138156, instance icache_1/lce/_19684_ not found.
[WARNING STA-1648] ./results/nangate45_3D/bp_fe/HBT/6_final.spef line 138157, instance icache_1/lce/_20756_ not found.
[WARNING STA-1648] ./results/nangate45_3D/bp_fe/HBT/6_final.spef line 138158, instance icache_1/lce/_20271_ not found.
[WARNING STA-1648] ./results/nangate45_3D/bp_fe/HBT/6_final.spef line 138159, instance icache_1/lce/_19750_ not found.
[WARNING STA-1648] ./results/nangate45_3D/bp_fe/HBT/6_final.spef line 138160, instance icache_1/lce/_21141_ not found.
[WARNING STA-1648] ./results/nangate45_3D/bp_fe/HBT/6_final.spef line 138161, instance icache_1/lce/_21142_ not found.
[WARNING STA-1648] ./results/nangate45_3D/bp_fe/HBT/6_final.spef line 138162, instance icache_1/lce/_20621_ not found.
[WARNING STA-1648] ./results/nangate45_3D/bp_fe/HBT/6_final.spef line 138163, instance icache_1/lce/_21144_ not found.
[WARNING STA-1648] ./results/nangate45_3D/bp_fe/HBT/6_final.spef line 138164, instance icache_1/lce/_20135_ not found.
[WARNING STA-1648] ./results/nangate45_3D/bp_fe/HBT/6_final.spef line 138165, instance icache_1/lce/_19614_ not found.
[WARNING STA-1648] ./results/nangate45_3D/bp_fe/HBT/6_final.spef line 138166, instance icache_1/lce/_20623_ not found.
[WARNING STA-1648] ./results/nangate45_3D/bp_fe/HBT/6_final.spef line 138167, instance icache_1/lce/_19501_ not found.
[WARNING STA-1648] ./results/nangate45_3D/bp_fe/HBT/6_final.spef line 138168, instance icache_1/lce/_21027_ not found.
[WARNING STA-1648] ./results/nangate45_3D/bp_fe/HBT/6_final.spef line 138169, instance icache_1/lce/_20570_ not found.
[WARNING STA-1648] ./results/nangate45_3D/bp_fe/HBT/6_final.spef line 138170, instance icache_1/lce/_19958_ not found.
[WARNING STA-1648] ./results/nangate45_3D/bp_fe/HBT/6_final.spef line 138171, instance icache_1/lce/_20479_ not found.
[WARNING STA-1648] ./results/nangate45_3D/bp_fe/HBT/6_final.spef line 138172, instance icache_1/lce/_19688_ not found.
[WARNING STA-1648] ./results/nangate45_3D/bp_fe/HBT/6_final.spef line 138173, instance icache_1/lce/_20758_ not found.
[WARNING STA-1648] ./results/nangate45_3D/bp_fe/HBT/6_final.spef line 138174, instance icache_1/lce/_20363_ not found.
[WARNING STA-1648] ./results/nangate45_3D/bp_fe/HBT/6_final.spef line 138175, instance icache_1/lce/_20964_ not found.
[WARNING STA-1648] ./results/nangate45_3D/bp_fe/HBT/6_final.spef line 138176, instance icache_1/lce/_19945_ not found.
[WARNING STA-1648] ./results/nangate45_3D/bp_fe/HBT/6_final.spef line 138177, instance icache_1/lce/_21279_ not found.
[WARNING STA-1648] ./results/nangate45_3D/bp_fe/HBT/6_final.spef line 138178, instance icache_1/lce/_20273_ not found.
[WARNING STA-1648] ./results/nangate45_3D/bp_fe/HBT/6_final.spef line 138179, instance icache_1/lce/_19752_ not found.
[WARNING STA-1648] ./results/nangate45_3D/bp_fe/HBT/6_final.spef line 138180, instance icache_1/lce/_21472_ not found.
[WARNING STA-1648] ./results/nangate45_3D/bp_fe/HBT/6_final.spef line 138181, instance icache_1/lce/_20571_ not found.
[WARNING STA-1648] ./results/nangate45_3D/bp_fe/HBT/6_final.spef line 138182, instance icache_1/lce/_21092_ not found.
[WARNING STA-1648] ./results/nangate45_3D/bp_fe/HBT/6_final.spef line 138183, instance icache_1/lce/_20759_ not found.
[WARNING STA-1648] ./results/nangate45_3D/bp_fe/HBT/6_final.spef line 138184, instance icache_1/lce/_20139_ not found.
[WARNING STA-1648] ./results/nangate45_3D/bp_fe/HBT/6_final.spef line 138185, instance icache_1/lce/_19753_ not found.
[WARNING STA-1648] ./results/nangate45_3D/bp_fe/HBT/6_final.spef line 138186, instance icache_1/lce/_21280_ not found.
[WARNING STA-1648] ./results/nangate45_3D/bp_fe/HBT/6_final.spef line 138187, instance icache_1/lce/_20274_ not found.
[WARNING STA-1648] ./results/nangate45_3D/bp_fe/HBT/6_final.spef line 138188, instance icache_1/lce/_19618_ not found.
[WARNING STA-1648] ./results/nangate45_3D/bp_fe/HBT/6_final.spef line 138189, instance icache_1/lce/_20087_ not found.
[WARNING STA-1648] ./results/nangate45_3D/bp_fe/HBT/6_final.spef line 138190, instance icache_1/lce/_19566_ not found.
[WARNING STA-1648] ./results/nangate45_3D/bp_fe/HBT/6_final.spef line 138191, instance icache_1/lce/_21485_ not found.
[WARNING STA-1648] ./results/nangate45_3D/bp_fe/HBT/6_final.spef line 138192, instance icache_1/lce/_21145_ not found.
[WARNING STA-1648] ./results/nangate45_3D/bp_fe/HBT/6_final.spef line 138193, instance icache_1/lce/_20624_ not found.
[WARNING STA-1648] ./results/nangate45_3D/bp_fe/HBT/6_final.spef line 138194, instance icache_1/lce/_20466_ not found.
[WARNING STA-1648] ./results/nangate45_3D/bp_fe/HBT/6_final.spef line 138195, instance icache_1/lce/_21028_ not found.
[WARNING STA-1648] ./results/nangate45_3D/bp_fe/HBT/6_final.spef line 138196, instance icache_1/lce/_20951_ not found.
[WARNING STA-1648] ./results/nangate45_3D/bp_fe/HBT/6_final.spef line 138197, instance icache_1/lce/_21422_ not found.
[WARNING STA-1648] ./results/nangate45_3D/bp_fe/HBT/6_final.spef line 138198, instance icache_1/lce/_20507_ not found.
[WARNING STA-1648] ./results/nangate45_3D/bp_fe/HBT/6_final.spef line 138199, instance icache_1/lce/_20901_ not found.
[WARNING STA-1648] ./results/nangate45_3D/bp_fe/HBT/6_final.spef line 138200, instance icache_1/lce/_19881_ not found.
[WARNING STA-1648] ./results/nangate45_3D/bp_fe/HBT/6_final.spef line 138201, instance icache_1/lce/_19502_ not found.
[WARNING STA-1648] ./results/nangate45_3D/bp_fe/HBT/6_final.spef line 138202, instance icache_1/lce/_20310_ not found.
[WARNING STA-1648] ./results/nangate45_3D/bp_fe/HBT/6_final.spef line 138203, instance icache_1/lce/_20795_ not found.
[WARNING STA-1648] ./results/nangate45_3D/bp_fe/HBT/6_final.spef line 138204, instance icache_1/lce/_19739_ not found.
[WARNING STA-1648] ./results/nangate45_3D/bp_fe/HBT/6_final.spef line 138205, instance icache_1/lce/_20260_ not found.
[WARNING STA-1648] ./results/nangate45_3D/bp_fe/HBT/6_final.spef line 138206, instance icache_1/lce/_19604_ not found.
[WARNING STA-1648] ./results/nangate45_3D/bp_fe/HBT/6_final.spef line 138207, instance icache_1/lce/_21568_ not found.
[WARNING STA-1648] ./results/nangate45_3D/bp_fe/HBT/6_final.spef line 138208, instance icache_1/lce/_21131_ not found.
[WARNING STA-1648] ./results/nangate45_3D/bp_fe/HBT/6_final.spef line 138209, instance icache_1/lce/_19839_ not found.
[WARNING STA-1648] ./results/nangate45_3D/bp_fe/HBT/6_final.spef line 138210, instance icache_1/lce/_21366_ not found.
[WARNING STA-1648] ./results/nangate45_3D/bp_fe/HBT/6_final.spef line 138211, instance icache_1/lce/_19718_ not found.
[WARNING STA-1648] ./results/nangate45_3D/bp_fe/HBT/6_final.spef line 138212, instance icache_1/lce/_19546_ not found.
[WARNING STA-1648] ./results/nangate45_3D/bp_fe/HBT/6_final.spef line 138213, instance icache_1/lce/_20845_ not found.
[WARNING STA-1648] ./results/nangate45_3D/bp_fe/HBT/6_final.spef line 138214, instance icache_1/lce/_20360_ not found.
[WARNING STA-1648] ./results/nangate45_3D/bp_fe/HBT/6_final.spef line 138215, instance icache_1/lce/_20610_ not found.
[WARNING STA-1648] ./results/nangate45_3D/bp_fe/HBT/6_final.spef line 138216, instance icache_1/lce/_19999_ not found.
[WARNING STA-1648] ./results/nangate45_3D/bp_fe/HBT/6_final.spef line 138217, instance icache_1/lce/_20331_ not found.
[WARNING STA-1648] ./results/nangate45_3D/bp_fe/HBT/6_final.spef line 138218, instance icache_1/lce/_19770_ not found.
[WARNING STA-1648] ./results/nangate45_3D/bp_fe/HBT/6_final.spef line 138219, instance icache_1/lce/_19519_ not found.
[WARNING STA-1648] ./results/nangate45_3D/bp_fe/HBT/6_final.spef line 138220, instance icache_1/lce/_18888_ not found.
[WARNING STA-1648] ./results/nangate45_3D/bp_fe/HBT/6_final.spef line 138221, instance icache_1/lce/_21004_ not found.
[WARNING STA-1648] ./results/nangate45_3D/bp_fe/HBT/6_final.spef line 138222, instance icache_1/lce/_20040_ not found.
[WARNING STA-1648] ./results/nangate45_3D/bp_fe/HBT/6_final.spef line 138223, instance icache_1/lce/_20198_ not found.
[WARNING STA-1648] ./results/nangate45_3D/bp_fe/HBT/6_final.spef line 138224, instance icache_1/lce/_20683_ not found.
[WARNING STA-1648] ./results/nangate45_3D/bp_fe/HBT/6_final.spef line 138225, instance icache_1/lce/_21339_ not found.
[WARNING STA-1648] ./results/nangate45_3D/bp_fe/HBT/6_final.spef line 138226, instance icache_1/lce/_20818_ not found.
[WARNING STA-1648] ./results/nangate45_3D/bp_fe/HBT/6_final.spef line 138227, instance icache_1/lce/_20333_ not found.
[WARNING STA-1648] ./results/nangate45_3D/bp_fe/HBT/6_final.spef line 138228, instance icache_1/lce/_19988_ not found.
[WARNING STA-1648] ./results/nangate45_3D/bp_fe/HBT/6_final.spef line 138229, instance icache_1/lce/_19632_ not found.
[WARNING STA-1648] ./results/nangate45_3D/bp_fe/HBT/6_final.spef line 138230, instance icache_1/lce/_20153_ not found.
[WARNING STA-1648] ./results/nangate45_3D/bp_fe/HBT/6_final.spef line 138231, instance icache_1/lce/_21159_ not found.
[WARNING STA-1648] ./results/nangate45_3D/bp_fe/HBT/6_final.spef line 138232, instance icache_1/lce/_20638_ not found.
[WARNING STA-1648] ./results/nangate45_3D/bp_fe/HBT/6_final.spef line 138233, instance icache_1/lce/_19973_ not found.
[WARNING STA-1648] ./results/nangate45_3D/bp_fe/HBT/6_final.spef line 138234, instance icache_1/lce/_19707_ not found.
[WARNING STA-1648] ./results/nangate45_3D/bp_fe/HBT/6_final.spef line 138235, instance icache_1/lce/_20228_ not found.
[WARNING STA-1648] ./results/nangate45_3D/bp_fe/HBT/6_final.spef line 138236, instance icache_1/lce/_18877_ not found.
[WARNING STA-1648] ./results/nangate45_3D/bp_fe/HBT/6_final.spef line 138237, instance icache_1/lce/_20993_ not found.
[WARNING STA-1648] ./results/nangate45_3D/bp_fe/HBT/6_final.spef line 138238, instance icache_1/lce/_20243_ not found.
[WARNING STA-1648] ./results/nangate45_3D/bp_fe/HBT/6_final.spef line 138239, instance icache_1/lce/_19730_ not found.
[WARNING STA-1648] ./results/nangate45_3D/bp_fe/HBT/6_final.spef line 138240, instance icache_1/lce/_20736_ not found.
[WARNING STA-1648] ./results/nangate45_3D/bp_fe/HBT/6_final.spef line 138241, instance icache_1/lce/_20251_ not found.
[WARNING STA-1648] ./results/nangate45_3D/bp_fe/HBT/6_final.spef line 138242, instance icache_1/lce/_19722_ not found.
[WARNING STA-1648] ./results/nangate45_3D/bp_fe/HBT/6_final.spef line 138243, instance icache_1/lce/_20642_ not found.
[WARNING STA-1648] ./results/nangate45_3D/bp_fe/HBT/6_final.spef line 138244, instance icache_1/lce/_20728_ not found.
[WARNING STA-1648] ./results/nangate45_3D/bp_fe/HBT/6_final.spef line 138245, instance icache_1/lce/_20378_ not found.
[WARNING STA-1648] ./results/nangate45_3D/bp_fe/HBT/6_final.spef line 138246, instance icache_1/lce/_19857_ not found.
[WARNING STA-1648] ./results/nangate45_3D/bp_fe/HBT/6_final.spef line 138247, instance icache_1/lce/_21384_ not found.
[WARNING STA-1648] ./results/nangate45_3D/bp_fe/HBT/6_final.spef line 138248, instance icache_1/lce/_21061_ not found.
[WARNING STA-1648] ./results/nangate45_3D/bp_fe/HBT/6_final.spef line 138249, instance icache_1/lce/_20056_ not found.
[WARNING STA-1648] ./results/nangate45_3D/bp_fe/HBT/6_final.spef line 138250, instance icache_1/lce/_19587_ not found.
[WARNING STA-1648] ./results/nangate45_3D/bp_fe/HBT/6_final.spef line 138251, instance icache_1/lce/_20108_ not found.
[WARNING STA-1648] ./results/nangate45_3D/bp_fe/HBT/6_final.spef line 138252, instance icache_1/data_mem_banks_6__data_mem_bank/macro_mem/mem not found.
[WARNING STA-1648] ./results/nangate45_3D/bp_fe/HBT/6_final.spef line 138253, instance icache_1/lce/_21440_ not found.
[WARNING STA-1648] ./results/nangate45_3D/bp_fe/HBT/6_final.spef line 138254, instance icache_1/lce/_20934_ not found.
[WARNING STA-1648] ./results/nangate45_3D/bp_fe/HBT/6_final.spef line 138255, instance icache_1/lce/_21455_ not found.
[WARNING STA-1648] ./results/nangate45_3D/bp_fe/HBT/6_final.spef line 138256, instance icache_1/lce/_20800_ not found.
[WARNING STA-1648] ./results/nangate45_3D/bp_fe/HBT/6_final.spef line 138257, instance icache_1/lce/_18896_ not found.
[WARNING STA-1648] ./results/nangate45_3D/bp_fe/HBT/6_final.spef line 138258, instance icache_1/lce/_21263_ not found.
[WARNING STA-1648] ./results/nangate45_3D/bp_fe/HBT/6_final.spef line 138259, instance icache_1/lce/_21321_ not found.
[WARNING STA-1648] ./results/nangate45_3D/bp_fe/HBT/6_final.spef line 138260, instance icache_1/lce/_18893_ not found.
[WARNING STA-1648] ./results/nangate45_3D/bp_fe/HBT/6_final.spef line 138261, instance icache_1/lce/_19788_ not found.
[WARNING STA-1648] ./results/nangate45_3D/bp_fe/HBT/6_final.spef line 138262, instance icache_1/lce/_20847_ not found.
[WARNING STA-1648] ./results/nangate45_3D/bp_fe/HBT/6_final.spef line 138263, instance icache_1/lce/_20444_ not found.
[WARNING STA-1648] ./results/nangate45_3D/bp_fe/HBT/6_final.spef line 138264, instance icache_1/lce/_20929_ not found.
[WARNING STA-1648] ./results/nangate45_3D/bp_fe/HBT/6_final.spef line 138265, instance icache_1/lce/_20373_ not found.
[WARNING STA-1648] ./results/nangate45_3D/bp_fe/HBT/6_final.spef line 138266, instance icache_1/lce/_20004_ not found.
[WARNING STA-1648] ./results/nangate45_3D/bp_fe/HBT/6_final.spef line 138267, instance icache_1/lce/_19923_ not found.
[WARNING STA-1648] ./results/nangate45_3D/bp_fe/HBT/6_final.spef line 138268, instance icache_1/lce/_21379_ not found.
[WARNING STA-1648] ./results/nangate45_3D/bp_fe/HBT/6_final.spef line 138269, instance icache_1/lce/_20238_ not found.
[WARNING STA-1648] ./results/nangate45_3D/bp_fe/HBT/6_final.spef line 138270, instance icache_1/lce/_20078_ not found.
[WARNING STA-1648] ./results/nangate45_3D/bp_fe/HBT/6_final.spef line 138271, instance icache_1/lce/_21368_ not found.
[WARNING STA-1648] ./results/nangate45_3D/bp_fe/HBT/6_final.spef line 138272, instance icache_1/lce/_21233_ not found.
[WARNING STA-1648] ./results/nangate45_3D/bp_fe/HBT/6_final.spef line 138273, instance icache_1/lce/_21450_ not found.
[WARNING STA-1648] ./results/nangate45_3D/bp_fe/HBT/6_final.spef line 138274, instance icache_1/lce/_19717_ not found.
[WARNING STA-1648] ./results/nangate45_3D/bp_fe/HBT/6_final.spef line 138275, instance icache_1/lce/_19557_ not found.
[WARNING STA-1648] ./results/nangate45_3D/bp_fe/HBT/6_final.spef line 138276, instance icache_1/lce/_19768_ not found.
[WARNING STA-1648] ./results/nangate45_3D/bp_fe/HBT/6_final.spef line 138277, instance icache_1/lce/_20289_ not found.
[WARNING STA-1648] ./results/nangate45_3D/bp_fe/HBT/6_final.spef line 138278, instance icache_1/lce/_20072_ not found.
[WARNING STA-1648] ./results/nangate45_3D/bp_fe/HBT/6_final.spef line 138279, instance icache_1/lce/_20239_ not found.
[WARNING STA-1648] ./results/nangate45_3D/bp_fe/HBT/6_final.spef line 138280, instance icache_1/lce/_20079_ not found.
[WARNING STA-1648] ./results/nangate45_3D/bp_fe/HBT/6_final.spef line 138281, instance icache_1/lce/_19558_ not found.
[WARNING STA-1648] ./results/nangate45_3D/bp_fe/HBT/6_final.spef line 138282, instance icache_1/lce/_21343_ not found.
[WARNING STA-1648] ./results/nangate45_3D/bp_fe/HBT/6_final.spef line 138283, instance icache_1/lce/_20337_ not found.
[WARNING STA-1648] ./results/nangate45_3D/bp_fe/HBT/6_final.spef line 138284, instance icache_1/lce/_19816_ not found.
[WARNING STA-1648] ./results/nangate45_3D/bp_fe/HBT/6_final.spef line 138285, instance icache_1/lce/_20591_ not found.
[WARNING STA-1648] ./results/nangate45_3D/bp_fe/HBT/6_final.spef line 138286, instance icache_1/lce/_20376_ not found.
[WARNING STA-1648] ./results/nangate45_3D/bp_fe/HBT/6_final.spef line 138287, instance icache_1/lce/_19855_ not found.
[WARNING STA-1648] ./results/nangate45_3D/bp_fe/HBT/6_final.spef line 138288, instance icache_1/lce/_21382_ not found.
[WARNING STA-1648] ./results/nangate45_3D/bp_fe/HBT/6_final.spef line 138289, instance icache_1/lce/_20861_ not found.
[WARNING STA-1648] ./results/nangate45_3D/bp_fe/HBT/6_final.spef line 138290, instance icache_1/lce/_21501_ not found.
[WARNING STA-1648] ./results/nangate45_3D/bp_fe/HBT/6_final.spef line 138291, instance icache_1/lce/_19689_ not found.
[WARNING STA-1648] ./results/nangate45_3D/bp_fe/HBT/6_final.spef line 138292, instance icache_1/lce/_20695_ not found.
[WARNING STA-1648] ./results/nangate45_3D/bp_fe/HBT/6_final.spef line 138293, instance icache_1/lce/_21216_ not found.
[WARNING STA-1648] ./results/nangate45_3D/bp_fe/HBT/6_final.spef line 138294, instance icache_1/lce/_20822_ not found.
[WARNING STA-1648] ./results/nangate45_3D/bp_fe/HBT/6_final.spef line 138295, instance icache_1/lce/_19704_ not found.
[WARNING STA-1648] ./results/nangate45_3D/bp_fe/HBT/6_final.spef line 138296, instance icache_1/lce/_21231_ not found.
[WARNING STA-1648] ./results/nangate45_3D/bp_fe/HBT/6_final.spef line 138297, instance icache_1/lce/_20210_ not found.
[WARNING STA-1648] ./results/nangate45_3D/bp_fe/HBT/6_final.spef line 138298, instance icache_1/lce/_19853_ not found.
[WARNING STA-1648] ./results/nangate45_3D/bp_fe/HBT/6_final.spef line 138299, instance icache_1/lce/_19933_ not found.
[WARNING STA-1648] ./results/nangate45_3D/bp_fe/HBT/6_final.spef line 138300, instance icache_1/lce/_20710_ not found.
[WARNING STA-1648] ./results/nangate45_3D/bp_fe/HBT/6_final.spef line 138301, instance icache_1/lce/_20225_ not found.
[WARNING STA-1648] ./results/nangate45_3D/bp_fe/HBT/6_final.spef line 138302, instance icache_1/lce/_20177_ not found.
[WARNING STA-1648] ./results/nangate45_3D/bp_fe/HBT/6_final.spef line 138303, instance icache_1/lce/_21183_ not found.
[WARNING STA-1648] ./results/nangate45_3D/bp_fe/HBT/6_final.spef line 138304, instance icache_1/lce/_20662_ not found.
[WARNING STA-1648] ./results/nangate45_3D/bp_fe/HBT/6_final.spef line 138305, instance icache_1/lce/_20454_ not found.
[WARNING STA-1648] ./results/nangate45_3D/bp_fe/HBT/6_final.spef line 138306, instance icache_1/lce/_19656_ not found.
[WARNING STA-1648] ./results/nangate45_3D/bp_fe/HBT/6_final.spef line 138307, instance icache_1/lce/_21084_ not found.
[WARNING STA-1648] ./results/nangate45_3D/bp_fe/HBT/6_final.spef line 138308, instance icache_1/lce/_21201_ not found.
[WARNING STA-1648] ./results/nangate45_3D/bp_fe/HBT/6_final.spef line 138309, instance icache_1/lce/_20830_ not found.
[WARNING STA-1648] ./results/nangate45_3D/bp_fe/HBT/6_final.spef line 138310, instance icache_1/lce/_21347_ not found.
[WARNING STA-1648] ./results/nangate45_3D/bp_fe/HBT/6_final.spef line 138311, instance icache_1/lce/_20341_ not found.
[WARNING STA-1648] ./results/nangate45_3D/bp_fe/HBT/6_final.spef line 138312, instance icache_1/lce/_19824_ not found.
[WARNING STA-1648] ./results/nangate45_3D/bp_fe/HBT/6_final.spef line 138313, instance icache_1/lce/_20345_ not found.
[WARNING STA-1648] ./results/nangate45_3D/bp_fe/HBT/6_final.spef line 138314, instance icache_1/lce/_19674_ not found.
[WARNING STA-1648] ./results/nangate45_3D/bp_fe/HBT/6_final.spef line 138315, instance icache_1/lce/_21331_ not found.
[WARNING STA-1648] ./results/nangate45_3D/bp_fe/HBT/6_final.spef line 138316, instance icache_1/lce/_20810_ not found.
[WARNING STA-1648] ./results/nangate45_3D/bp_fe/HBT/6_final.spef line 138317, instance icache_1/lce/_21189_ not found.
[WARNING STA-1648] ./results/nangate45_3D/bp_fe/HBT/6_final.spef line 138318, instance icache_1/lce/_19868_ not found.
[WARNING STA-1648] ./results/nangate45_3D/bp_fe/HBT/6_final.spef line 138319, instance icache_1/lce/_19804_ not found.
[WARNING STA-1648] ./results/nangate45_3D/bp_fe/HBT/6_final.spef line 138320, instance icache_1/lce/_20460_ not found.
[WARNING STA-1648] ./results/nangate45_3D/bp_fe/HBT/6_final.spef line 138321, instance icache_1/lce/_21260_ not found.
[WARNING STA-1648] ./results/nangate45_3D/bp_fe/HBT/6_final.spef line 138322, instance icache_1/lce/_20739_ not found.
[WARNING STA-1648] ./results/nangate45_3D/bp_fe/HBT/6_final.spef line 138323, instance icache_1/lce/_20325_ not found.
[WARNING STA-1648] ./results/nangate45_3D/bp_fe/HBT/6_final.spef line 138324, instance icache_1/lce/_20133_ not found.
[WARNING STA-1648] ./results/nangate45_3D/bp_fe/HBT/6_final.spef line 138325, instance icache_1/lce/_20340_ not found.
[WARNING STA-1648] ./results/nangate45_3D/bp_fe/HBT/6_final.spef line 138326, instance icache_1/lce/_20743_ not found.
[WARNING STA-1648] ./results/nangate45_3D/bp_fe/HBT/6_final.spef line 138327, instance icache_1/lce/_21264_ not found.
[WARNING STA-1648] ./results/nangate45_3D/bp_fe/HBT/6_final.spef line 138328, instance icache_1/lce/_19819_ not found.
[WARNING STA-1648] ./results/nangate45_3D/bp_fe/HBT/6_final.spef line 138329, instance icache_1/lce/_20464_ not found.
[WARNING STA-1648] ./results/nangate45_3D/bp_fe/HBT/6_final.spef line 138330, instance icache_1/lce/_20608_ not found.
[WARNING STA-1648] ./results/nangate45_3D/bp_fe/HBT/6_final.spef line 138331, instance icache_1/lce/_19943_ not found.
[WARNING STA-1648] ./results/nangate45_3D/bp_fe/HBT/6_final.spef line 138332, instance icache_1/lce/_20825_ not found.
[WARNING STA-1648] ./results/nangate45_3D/bp_fe/HBT/6_final.spef line 138333, instance icache_1/lce/_19602_ not found.
[WARNING STA-1648] ./results/nangate45_3D/bp_fe/HBT/6_final.spef line 138334, instance icache_1/lce/_21346_ not found.
[WARNING STA-1648] ./results/nangate45_3D/bp_fe/HBT/6_final.spef line 138335, instance icache_1/lce/_20123_ not found.
[WARNING STA-1648] ./results/nangate45_3D/bp_fe/HBT/6_final.spef line 138336, instance icache_1/lce/_20814_ not found.
[WARNING STA-1648] ./results/nangate45_3D/bp_fe/HBT/6_final.spef line 138337, instance icache_1/lce/_21129_ not found.
[WARNING STA-1648] ./results/nangate45_3D/bp_fe/HBT/6_final.spef line 138338, instance icache_1/lce/_20690_ not found.
[WARNING STA-1648] ./results/nangate45_3D/bp_fe/HBT/6_final.spef line 138339, instance icache_1/lce/_21211_ not found.
[WARNING STA-1648] ./results/nangate45_3D/bp_fe/HBT/6_final.spef line 138340, instance icache_1/lce/_20329_ not found.
[WARNING STA-1648] ./results/nangate45_3D/bp_fe/HBT/6_final.spef line 138341, instance icache_1/lce/_21320_ not found.
[WARNING STA-1648] ./results/nangate45_3D/bp_fe/HBT/6_final.spef line 138342, instance icache_1/lce/_20799_ not found.
[WARNING STA-1648] ./results/nangate45_3D/bp_fe/HBT/6_final.spef line 138343, instance icache_1/data_mem_banks_5__data_mem_bank/macro_mem/mem not found.
[WARNING STA-1648] ./results/nangate45_3D/bp_fe/HBT/6_final.spef line 138344, instance icache_1/lce/_19808_ not found.
[WARNING STA-1648] ./results/nangate45_3D/bp_fe/HBT/6_final.spef line 138345, instance icache_1/lce/_19890_ not found.
[WARNING STA-1648] ./results/nangate45_3D/bp_fe/HBT/6_final.spef line 138346, instance icache_1/lce/_20411_ not found.
[WARNING STA-1648] ./results/nangate45_3D/bp_fe/HBT/6_final.spef line 138347, instance icache_1/lce/_21335_ not found.
[WARNING STA-1648] ./results/nangate45_3D/bp_fe/HBT/6_final.spef line 138348, instance icache_1/lce/_20071_ not found.
[WARNING STA-1648] ./results/nangate45_3D/bp_fe/HBT/6_final.spef line 138349, instance icache_1/lce/_19550_ not found.
[WARNING STA-1648] ./results/nangate45_3D/bp_fe/HBT/6_final.spef line 138350, instance icache_1/lce/_21275_ not found.
[WARNING STA-1648] ./results/nangate45_3D/bp_fe/HBT/6_final.spef line 138351, instance icache_1/lce/_20896_ not found.
[WARNING STA-1648] ./results/nangate45_3D/bp_fe/HBT/6_final.spef line 138352, instance icache_1/lce/_21417_ not found.
[WARNING STA-1648] ./results/nangate45_3D/bp_fe/HBT/6_final.spef line 138353, instance icache_1/lce/_20754_ not found.
[WARNING STA-1648] ./results/nangate45_3D/bp_fe/HBT/6_final.spef line 138354, instance icache_1/lce/_19498_ not found.
[WARNING STA-1648] ./results/nangate45_3D/bp_fe/HBT/6_final.spef line 138355, instance icache_1/lce/_21024_ not found.
[WARNING STA-1648] ./results/nangate45_3D/bp_fe/HBT/6_final.spef line 138356, instance icache_1/lce/_20503_ not found.
[WARNING STA-1648] ./results/nangate45_3D/bp_fe/HBT/6_final.spef line 138357, instance icache_1/lce/_19939_ not found.
[WARNING STA-1648] ./results/nangate45_3D/bp_fe/HBT/6_final.spef line 138358, instance icache_1/lce/_21466_ not found.
[WARNING STA-1648] ./results/nangate45_3D/bp_fe/HBT/6_final.spef line 138359, instance icache_1/lce/_20945_ not found.
[WARNING STA-1648] ./results/nangate45_3D/bp_fe/HBT/6_final.spef line 138360, instance icache_1/lce/_21139_ not found.
[WARNING STA-1648] ./results/nangate45_3D/bp_fe/HBT/6_final.spef line 138361, instance icache_1/lce/_19955_ not found.
[WARNING STA-1648] ./results/nangate45_3D/bp_fe/HBT/6_final.spef line 138362, instance icache_1/lce/_20476_ not found.
[WARNING STA-1648] ./results/nangate45_3D/bp_fe/HBT/6_final.spef line 138363, instance icache_1/lce/_20878_ not found.
[WARNING STA-1648] ./results/nangate45_3D/bp_fe/HBT/6_final.spef line 138364, instance icache_1/lce/_20949_ not found.
[WARNING STA-1648] ./results/nangate45_3D/bp_fe/HBT/6_final.spef line 138365, instance icache_1/lce/_21470_ not found.
[WARNING STA-1648] ./results/nangate45_3D/bp_fe/HBT/6_final.spef line 138366, instance icache_1/lce/_20187_ not found.
[WARNING STA-1648] ./results/nangate45_3D/bp_fe/HBT/6_final.spef line 138367, instance icache_1/lce/_20258_ not found.
[WARNING STA-1648] ./results/nangate45_3D/bp_fe/HBT/6_final.spef line 138368, instance icache_1/lce/_21199_ not found.
[WARNING STA-1648] ./results/nangate45_3D/bp_fe/HBT/6_final.spef line 138369, instance icache_1/lce/_19737_ not found.
[WARNING STA-1648] ./results/nangate45_3D/bp_fe/HBT/6_final.spef line 138370, instance icache_1/lce/_20193_ not found.
[WARNING STA-1648] ./results/nangate45_3D/bp_fe/HBT/6_final.spef line 138371, instance icache_1/lce/_21399_ not found.
[WARNING STA-1648] ./results/nangate45_3D/bp_fe/HBT/6_final.spef line 138372, instance icache_1/lce/_20393_ not found.
[WARNING STA-1648] ./results/nangate45_3D/bp_fe/HBT/6_final.spef line 138373, instance icache_1/lce/_19872_ not found.
[WARNING STA-1648] ./results/nangate45_3D/bp_fe/HBT/6_final.spef line 138374, instance icache_1/lce/_20961_ not found.
[WARNING STA-1648] ./results/nangate45_3D/bp_fe/HBT/6_final.spef line 138375, instance icache_1/lce/_21482_ not found.
[WARNING STA-1648] ./results/nangate45_3D/bp_fe/HBT/6_final.spef line 138376, instance icache_1/lce/_19820_ not found.
[WARNING STA-1648] ./results/nangate45_3D/bp_fe/HBT/6_final.spef line 138377, instance icache_1/lce/_20501_ not found.
[WARNING STA-1648] ./results/nangate45_3D/bp_fe/HBT/6_final.spef line 138378, instance icache_1/lce/_20566_ not found.
[WARNING STA-1648] ./results/nangate45_3D/bp_fe/HBT/6_final.spef line 138379, instance icache_1/lce/_21076_ not found.
[WARNING STA-1648] ./results/nangate45_3D/bp_fe/HBT/6_final.spef line 138380, instance icache_1/lce/_20555_ not found.
[WARNING STA-1648] ./results/nangate45_3D/bp_fe/HBT/6_final.spef line 138381, instance icache_1/lce/_19496_ not found.
[WARNING STA-1648] ./results/nangate45_3D/bp_fe/HBT/6_final.spef line 138382, instance icache_1/lce/_21087_ not found.
[WARNING STA-1648] ./results/nangate45_3D/bp_fe/HBT/6_final.spef line 138383, instance icache_1/lce/_20017_ not found.
[WARNING STA-1648] ./results/nangate45_3D/bp_fe/HBT/6_final.spef line 138384, instance icache_1/lce/_19612_ not found.
[WARNING STA-1648] ./results/nangate45_3D/bp_fe/HBT/6_final.spef line 138385, instance icache_1/lce/_20618_ not found.
[WARNING STA-1648] ./results/nangate45_3D/bp_fe/HBT/6_final.spef line 138386, instance icache_1/lce/_21022_ not found.
[WARNING STA-1648] ./results/nangate45_3D/bp_fe/HBT/6_final.spef line 138387, instance icache_1/lce/_20389_ not found.
[WARNING STA-1648] ./results/nangate45_3D/bp_fe/HBT/6_final.spef line 138388, instance icache_1/lce/_21395_ not found.
[WARNING STA-1648] ./results/nangate45_3D/bp_fe/HBT/6_final.spef line 138389, instance icache_1/lce/_20874_ not found.
[WARNING STA-1648] ./results/nangate45_3D/bp_fe/HBT/6_final.spef line 138390, instance icache_1/lce/_19649_ not found.
[WARNING STA-1648] ./results/nangate45_3D/bp_fe/HBT/6_final.spef line 138391, instance icache_1/lce/_20170_ not found.
[WARNING STA-1648] ./results/nangate45_3D/bp_fe/HBT/6_final.spef line 138392, instance icache_1/lce/_20957_ not found.
[WARNING STA-1648] ./results/nangate45_3D/bp_fe/HBT/6_final.spef line 138393, instance icache_1/lce/_21478_ not found.
[WARNING STA-1648] ./results/nangate45_3D/bp_fe/HBT/6_final.spef line 138394, instance icache_1/lce/_19951_ not found.
[WARNING STA-1648] ./results/nangate45_3D/bp_fe/HBT/6_final.spef line 138395, instance icache_1/lce/_20312_ not found.
[WARNING STA-1648] ./results/nangate45_3D/bp_fe/HBT/6_final.spef line 138396, instance icache_1/lce/_20616_ not found.
[WARNING STA-1648] ./results/nangate45_3D/bp_fe/HBT/6_final.spef line 138397, instance icache_1/lce/_21072_ not found.
[WARNING STA-1648] ./results/nangate45_3D/bp_fe/HBT/6_final.spef line 138398, instance icache_1/lce/_20551_ not found.
[WARNING STA-1648] ./results/nangate45_3D/bp_fe/HBT/6_final.spef line 138399, instance icache_1/lce/_20038_ not found.
[WARNING STA-1648] ./results/nangate45_3D/bp_fe/HBT/6_final.spef line 138400, instance icache_1/lce/_19517_ not found.
[WARNING STA-1648] ./results/nangate45_3D/bp_fe/HBT/6_final.spef line 138401, instance icache_1/lce/_21043_ not found.
[WARNING STA-1648] ./results/nangate45_3D/bp_fe/HBT/6_final.spef line 138402, instance icache_1/lce/_19551_ not found.
[WARNING STA-1648] ./results/nangate45_3D/bp_fe/HBT/6_final.spef line 138403, instance icache_1/lce/_20522_ not found.
[WARNING STA-1648] ./results/nangate45_3D/bp_fe/HBT/6_final.spef line 138404, instance icache_1/lce/_20655_ not found.
[WARNING STA-1648] ./results/nangate45_3D/bp_fe/HBT/6_final.spef line 138405, instance icache_1/lce/_21176_ not found.
[WARNING STA-1648] ./results/nangate45_3D/bp_fe/HBT/6_final.spef line 138406, instance icache_1/lce/_20557_ not found.
[WARNING STA-1648] ./results/nangate45_3D/bp_fe/HBT/6_final.spef line 138407, instance icache_1/lce/_19552_ not found.
[WARNING STA-1648] ./results/nangate45_3D/bp_fe/HBT/6_final.spef line 138408, instance icache_1/lce/_21078_ not found.
[WARNING STA-1648] ./results/nangate45_3D/bp_fe/HBT/6_final.spef line 138409, instance icache_1/lce/_20073_ not found.
[WARNING STA-1648] ./results/nangate45_3D/bp_fe/HBT/6_final.spef line 138410, instance icache_1/lce/_20826_ not found.
[WARNING STA-1648] ./results/nangate45_3D/bp_fe/HBT/6_final.spef line 138411, instance icache_1/lce/_19962_ not found.
[WARNING STA-1648] ./results/nangate45_3D/bp_fe/HBT/6_final.spef line 138412, instance icache_1/lce/_21247_ not found.
[WARNING STA-1648] ./results/nangate45_3D/bp_fe/HBT/6_final.spef line 138413, instance icache_1/lce/_20266_ not found.
[WARNING STA-1648] ./results/nangate45_3D/bp_fe/HBT/6_final.spef line 138414, instance icache_1/lce/_21489_ not found.
[WARNING STA-1648] ./results/nangate45_3D/bp_fe/HBT/6_final.spef line 138415, instance icache_1/lce/_20968_ not found.
[WARNING STA-1648] ./results/nangate45_3D/bp_fe/HBT/6_final.spef line 138416, instance icache_1/lce/_20241_ not found.
[WARNING STA-1648] ./results/nangate45_3D/bp_fe/HBT/6_final.spef line 138417, instance icache_1/lce/_19720_ not found.
[WARNING STA-1648] ./results/nangate45_3D/bp_fe/HBT/6_final.spef line 138418, instance icache_1/lce/_20106_ not found.
[WARNING STA-1648] ./results/nangate45_3D/bp_fe/HBT/6_final.spef line 138419, instance icache_1/lce/_21112_ not found.
[WARNING STA-1648] ./results/nangate45_3D/bp_fe/HBT/6_final.spef line 138420, instance icache_1/lce/_20475_ not found.
[WARNING STA-1648] ./results/nangate45_3D/bp_fe/HBT/6_final.spef line 138421, instance icache_1/lce/_20960_ not found.
[WARNING STA-1648] ./results/nangate45_3D/bp_fe/HBT/6_final.spef line 138422, instance icache_1/lce/_19885_ not found.
[WARNING STA-1648] ./results/nangate45_3D/bp_fe/HBT/6_final.spef line 138423, instance icache_1/lce/_20406_ not found.
[WARNING STA-1648] ./results/nangate45_3D/bp_fe/HBT/6_final.spef line 138424, instance icache_1/lce/_20820_ not found.
[WARNING STA-1648] ./results/nangate45_3D/bp_fe/HBT/6_final.spef line 138425, instance icache_1/lce/_21206_ not found.
[WARNING STA-1648] ./results/nangate45_3D/bp_fe/HBT/6_final.spef line 138426, instance icache_1/lce/_20614_ not found.
[WARNING STA-1648] ./results/nangate45_3D/bp_fe/HBT/6_final.spef line 138427, instance icache_1/lce/_21135_ not found.
[WARNING STA-1648] ./results/nangate45_3D/bp_fe/HBT/6_final.spef line 138428, instance icache_1/lce/_19954_ not found.
[WARNING STA-1648] ./results/nangate45_3D/bp_fe/HBT/6_final.spef line 138429, instance icache_1/lce/_20672_ not found.
[WARNING STA-1648] ./results/nangate45_3D/bp_fe/HBT/6_final.spef line 138430, instance icache_1/lce/_21193_ not found.
[WARNING STA-1648] ./results/nangate45_3D/bp_fe/HBT/6_final.spef line 138431, instance icache_1/lce/_20467_ not found.
[WARNING STA-1648] ./results/nangate45_3D/bp_fe/HBT/6_final.spef line 138432, instance icache_1/lce/_19666_ not found.
[WARNING STA-1648] ./results/nangate45_3D/bp_fe/HBT/6_final.spef line 138433, instance icache_1/lce/_20678_ not found.
[WARNING STA-1648] ./results/nangate45_3D/bp_fe/HBT/6_final.spef line 138434, instance icache_1/lce/_19672_ not found.
[WARNING STA-1648] ./results/nangate45_3D/bp_fe/HBT/6_final.spef line 138435, instance icache_1/lce/_19679_ not found.
[WARNING STA-1648] ./results/nangate45_3D/bp_fe/HBT/6_final.spef line 138436, instance icache_1/lce/_19608_ not found.
[WARNING STA-1648] ./results/nangate45_3D/bp_fe/HBT/6_final.spef line 138437, instance icache_1/lce/_20200_ not found.
[WARNING STA-1648] ./results/nangate45_3D/bp_fe/HBT/6_final.spef line 138438, instance icache_1/lce/_19946_ not found.
[WARNING STA-1648] ./results/nangate45_3D/bp_fe/HBT/6_final.spef line 138439, instance icache_1/lce/_21473_ not found.
[WARNING STA-1648] ./results/nangate45_3D/bp_fe/HBT/6_final.spef line 138440, instance icache_1/lce/_20952_ not found.
[WARNING STA-1648] ./results/nangate45_3D/bp_fe/HBT/6_final.spef line 138441, instance icache_1/lce/_20129_ not found.
[WARNING STA-1648] ./results/nangate45_3D/bp_fe/HBT/6_final.spef line 138442, instance icache_1/lce/_20685_ not found.
[WARNING STA-1648] ./results/nangate45_3D/bp_fe/HBT/6_final.spef line 138443, instance icache_1/lce/_19814_ not found.
[WARNING STA-1648] ./results/nangate45_3D/bp_fe/HBT/6_final.spef line 138444, instance icache_1/lce/_20335_ not found.
[WARNING STA-1648] ./results/nangate45_3D/bp_fe/HBT/6_final.spef line 138445, instance icache_1/lce/_21412_ not found.
[WARNING STA-1648] ./results/nangate45_3D/bp_fe/HBT/6_final.spef line 138446, instance icache_1/lce/_21406_ not found.
[WARNING STA-1648] ./results/nangate45_3D/bp_fe/HBT/6_final.spef line 138447, instance icache_1/lce/_21341_ not found.
[WARNING STA-1648] ./results/nangate45_3D/bp_fe/HBT/6_final.spef line 138448, instance icache_1/lce/_21160_ not found.
[WARNING STA-1648] ./results/nangate45_3D/bp_fe/HBT/6_final.spef line 138449, instance icache_1/lce/_20639_ not found.
[WARNING STA-1648] ./results/nangate45_3D/bp_fe/HBT/6_final.spef line 138450, instance icache_1/lce/_20891_ not found.
[WARNING STA-1648] ./results/nangate45_3D/bp_fe/HBT/6_final.spef line 138451, instance icache_1/lce/_21481_ not found.
[WARNING STA-1648] ./results/nangate45_3D/bp_fe/HBT/6_final.spef line 138452, instance icache_1/lce/_21079_ not found.
[WARNING STA-1648] ./results/nangate45_3D/bp_fe/HBT/6_final.spef line 138453, instance icache_1/lce/_20558_ not found.
[WARNING STA-1648] ./results/nangate45_3D/bp_fe/HBT/6_final.spef line 138454, instance icache_1/lce/_19686_ not found.
[WARNING STA-1648] ./results/nangate45_3D/bp_fe/HBT/6_final.spef line 138455, instance icache_1/lce/_20207_ not found.
[WARNING STA-1648] ./results/nangate45_3D/bp_fe/HBT/6_final.spef line 138456, instance icache_1/lce/_19683_ not found.
[WARNING STA-1648] ./results/nangate45_3D/bp_fe/HBT/6_final.spef line 138457, instance icache_1/lce/_20204_ not found.
[WARNING STA-1648] ./results/nangate45_3D/bp_fe/HBT/6_final.spef line 138458, instance icache_1/lce/_19748_ not found.
[WARNING STA-1648] ./results/nangate45_3D/bp_fe/HBT/6_final.spef line 138459, instance icache_1/lce/_21415_ not found.
[WARNING STA-1648] ./results/nangate45_3D/bp_fe/HBT/6_final.spef line 138460, instance icache_1/lce/_20894_ not found.
[WARNING STA-1648] ./results/nangate45_3D/bp_fe/HBT/6_final.spef line 138461, instance icache_1/lce/_19888_ not found.
[WARNING STA-1648] ./results/nangate45_3D/bp_fe/HBT/6_final.spef line 138462, instance icache_1/lce/_20269_ not found.
[WARNING STA-1648] ./results/nangate45_3D/bp_fe/HBT/6_final.spef line 138463, instance icache_1/lce/_20054_ not found.
[WARNING STA-1648] ./results/nangate45_3D/bp_fe/HBT/6_final.spef line 138464, instance icache_1/lce/_19926_ not found.
[WARNING STA-1648] ./results/nangate45_3D/bp_fe/HBT/6_final.spef line 138465, instance icache_1/lce/_21453_ not found.
[WARNING STA-1648] ./results/nangate45_3D/bp_fe/HBT/6_final.spef line 138466, instance icache_1/lce/_20932_ not found.
[WARNING STA-1648] ./results/nangate45_3D/bp_fe/HBT/6_final.spef line 138467, instance icache_1/lce/_20447_ not found.
[WARNING STA-1648] ./results/nangate45_3D/bp_fe/HBT/6_final.spef line 138468, instance icache_1/lce/_19533_ not found.
[WARNING STA-1648] ./results/nangate45_3D/bp_fe/HBT/6_final.spef line 138469, instance icache_1/lce/_20538_ not found.
[WARNING STA-1648] ./results/nangate45_3D/bp_fe/HBT/6_final.spef line 138470, instance icache_1/lce/_21059_ not found.
[WARNING STA-1648] ./results/nangate45_3D/bp_fe/HBT/6_final.spef line 138471, instance icache_1/lce/_19645_ not found.
[WARNING STA-1648] ./results/nangate45_3D/bp_fe/HBT/6_final.spef line 138472, instance icache_1/lce/_20166_ not found.
[WARNING STA-1648] ./results/nangate45_3D/bp_fe/HBT/6_final.spef line 138473, instance icache_1/lce/_20409_ not found.
[WARNING STA-1648] ./results/nangate45_3D/bp_fe/HBT/6_final.spef line 138474, instance icache_1/lce/_20473_ not found.
[WARNING STA-1648] ./results/nangate45_3D/bp_fe/HBT/6_final.spef line 138475, instance icache_1/lce/_20339_ not found.
[WARNING STA-1648] ./results/nangate45_3D/bp_fe/HBT/6_final.spef line 138476, instance icache_1/lce/_19818_ not found.
[WARNING STA-1648] ./results/nangate45_3D/bp_fe/HBT/6_final.spef line 138477, instance icache_1/lce/_20958_ not found.
[WARNING STA-1648] ./results/nangate45_3D/bp_fe/HBT/6_final.spef line 138478, instance icache_1/lce/_21479_ not found.
[WARNING STA-1648] ./results/nangate45_3D/bp_fe/HBT/6_final.spef line 138479, instance icache_1/lce/_21345_ not found.
[WARNING STA-1648] ./results/nangate45_3D/bp_fe/HBT/6_final.spef line 138480, instance icache_1/lce/_20824_ not found.
[WARNING STA-1648] ./results/nangate45_3D/bp_fe/HBT/6_final.spef line 138481, instance icache_1/lce/_19747_ not found.
[WARNING STA-1648] ./results/nangate45_3D/bp_fe/HBT/6_final.spef line 138482, instance icache_1/lce/_19952_ not found.
[WARNING STA-1648] ./results/nangate45_3D/bp_fe/HBT/6_final.spef line 138483, instance icache_1/lce/_19827_ not found.
[WARNING STA-1648] ./results/nangate45_3D/bp_fe/HBT/6_final.spef line 138484, instance icache_1/lce/_21213_ not found.
[WARNING STA-1648] ./results/nangate45_3D/bp_fe/HBT/6_final.spef line 138485, instance icache_1/lce/_20396_ not found.
[WARNING STA-1648] ./results/nangate45_3D/bp_fe/HBT/6_final.spef line 138486, instance icache_1/lce/_20400_ not found.
[WARNING STA-1648] ./results/nangate45_3D/bp_fe/HBT/6_final.spef line 138487, instance icache_1/lce/_20126_ not found.
[WARNING STA-1648] ./results/nangate45_3D/bp_fe/HBT/6_final.spef line 138488, instance icache_1/lce/_19605_ not found.
[WARNING STA-1648] ./results/nangate45_3D/bp_fe/HBT/6_final.spef line 138489, instance icache_1/lce/_19879_ not found.
[WARNING STA-1648] ./results/nangate45_3D/bp_fe/HBT/6_final.spef line 138490, instance icache_1/lce/_20611_ not found.
[WARNING STA-1648] ./results/nangate45_3D/bp_fe/HBT/6_final.spef line 138491, instance icache_1/lce/_20403_ not found.
[WARNING STA-1648] ./results/nangate45_3D/bp_fe/HBT/6_final.spef line 138492, instance icache_1/lce/_19953_ not found.
[WARNING STA-1648] ./results/nangate45_3D/bp_fe/HBT/6_final.spef line 138493, instance icache_1/lce/_19560_ not found.
[WARNING STA-1648] ./results/nangate45_3D/bp_fe/HBT/6_final.spef line 138494, instance icache_1/lce/_21086_ not found.
[WARNING STA-1648] ./results/nangate45_3D/bp_fe/HBT/6_final.spef line 138495, instance icache_1/lce/_20689_ not found.
[WARNING STA-1648] ./results/nangate45_3D/bp_fe/HBT/6_final.spef line 138496, instance icache_1/lce/_20154_ not found.
[WARNING STA-1648] ./results/nangate45_3D/bp_fe/HBT/6_final.spef line 138497, instance icache_1/lce/_21210_ not found.
[WARNING STA-1648] ./results/nangate45_3D/bp_fe/HBT/6_final.spef line 138498, instance icache_1/lce/_20565_ not found.
[WARNING STA-1648] ./results/nangate45_3D/bp_fe/HBT/6_final.spef line 138499, instance icache_1/lce/_20268_ not found.
[WARNING STA-1648] ./results/nangate45_3D/bp_fe/HBT/6_final.spef line 138500, instance icache_1/lce/_20885_ not found.
[WARNING STA-1648] ./results/nangate45_3D/bp_fe/HBT/6_final.spef line 138501, instance icache_1/lce/_19633_ not found.
[WARNING STA-1648] ./results/nangate45_3D/bp_fe/HBT/6_final.spef line 138502, instance icache_1/lce/_20081_ not found.
[WARNING STA-1648] ./results/nangate45_3D/bp_fe/HBT/6_final.spef line 138503, instance icache_1/lce/_20077_ not found.
[WARNING STA-1648] ./results/nangate45_3D/bp_fe/HBT/6_final.spef line 138504, instance icache_1/lce/_21082_ not found.
[WARNING STA-1648] ./results/nangate45_3D/bp_fe/HBT/6_final.spef line 138505, instance icache_1/lce/_19811_ not found.
[WARNING STA-1648] ./results/nangate45_3D/bp_fe/HBT/6_final.spef line 138506, instance icache_1/lce/_20561_ not found.
[WARNING STA-1648] ./results/nangate45_3D/bp_fe/HBT/6_final.spef line 138507, instance icache_1/lce/_20332_ not found.
[WARNING STA-1648] ./results/nangate45_3D/bp_fe/HBT/6_final.spef line 138508, instance icache_1/lce/_19556_ not found.
[WARNING STA-1648] ./results/nangate45_3D/bp_fe/HBT/6_final.spef line 138509, instance icache_1/lce/_19875_ not found.
[WARNING STA-1648] ./results/nangate45_3D/bp_fe/HBT/6_final.spef line 138510, instance icache_1/lce/_21132_ not found.
[WARNING STA-1648] ./results/nangate45_3D/bp_fe/HBT/6_final.spef line 138511, instance icache_1/lce/_21203_ not found.
[WARNING STA-1648] ./results/nangate45_3D/bp_fe/HBT/6_final.spef line 138512, instance icache_1/lce/_20682_ not found.
[WARNING STA-1648] ./results/nangate45_3D/bp_fe/HBT/6_final.spef line 138513, instance icache_1/lce/_20270_ not found.
[WARNING STA-1648] ./results/nangate45_3D/bp_fe/HBT/6_final.spef line 138514, instance icache_1/lce/_19749_ not found.
[WARNING STA-1648] ./results/nangate45_3D/bp_fe/HBT/6_final.spef line 138515, instance icache_1/lce/_19821_ not found.
[WARNING STA-1648] ./results/nangate45_3D/bp_fe/HBT/6_final.spef line 138516, instance icache_1/lce/_20342_ not found.
[WARNING STA-1648] ./results/nangate45_3D/bp_fe/HBT/6_final.spef line 138517, instance icache_1/lce/_21108_ not found.
[WARNING STA-1648] ./results/nangate45_3D/bp_fe/HBT/6_final.spef line 138518, instance icache_1/lce/_19581_ not found.
[WARNING STA-1648] ./results/nangate45_3D/bp_fe/HBT/6_final.spef line 138519, instance icache_1/lce/_20102_ not found.
[WARNING STA-1648] ./results/nangate45_3D/bp_fe/HBT/6_final.spef line 138520, instance icache_1/lce/_20587_ not found.
[WARNING STA-1648] ./results/nangate45_3D/bp_fe/HBT/6_final.spef line 138521, instance icache_1/lce/_19924_ not found.
[WARNING STA-1648] ./results/nangate45_3D/bp_fe/HBT/6_final.spef line 138522, instance icache_1/lce/_19497_ not found.
[WARNING STA-1648] ./results/nangate45_3D/bp_fe/HBT/6_final.spef line 138523, instance icache_1/lce/_21409_ not found.
[WARNING STA-1648] ./results/nangate45_3D/bp_fe/HBT/6_final.spef line 138524, instance icache_1/lce/_19882_ not found.
[WARNING STA-1648] ./results/nangate45_3D/bp_fe/HBT/6_final.spef line 138525, instance icache_1/lce/_20888_ not found.
[WARNING STA-1648] ./results/nangate45_3D/bp_fe/HBT/6_final.spef line 138526, instance icache_1/lce/_21338_ not found.
[WARNING STA-1648] ./results/nangate45_3D/bp_fe/HBT/6_final.spef line 138527, instance icache_1/lce/_20474_ not found.
[WARNING STA-1648] ./results/nangate45_3D/bp_fe/HBT/6_final.spef line 138528, instance icache_1/lce/_20817_ not found.
[WARNING STA-1648] ./results/nangate45_3D/bp_fe/HBT/6_final.spef line 138529, instance icache_1/lce/_20959_ not found.
[WARNING STA-1648] ./results/nangate45_3D/bp_fe/HBT/6_final.spef line 138530, instance icache_1/lce/_21480_ not found.
[WARNING STA-1648] ./results/nangate45_3D/bp_fe/HBT/6_final.spef line 138531, instance icache_1/lce/_21274_ not found.
[WARNING STA-1648] ./results/nangate45_3D/bp_fe/HBT/6_final.spef line 138532, instance icache_1/lce/_20753_ not found.
[WARNING STA-1648] ./results/nangate45_3D/bp_fe/HBT/6_final.spef line 138533, instance icache_1/lce/_20264_ not found.
[WARNING STA-1648] ./results/nangate45_3D/bp_fe/HBT/6_final.spef line 138534, instance icache_1/lce/_20134_ not found.
[WARNING STA-1648] ./results/nangate45_3D/bp_fe/HBT/6_final.spef line 138535, instance icache_1/lce/_19613_ not found.
[WARNING STA-1648] ./results/nangate45_3D/bp_fe/HBT/6_final.spef line 138536, instance icache_1/lce/_20502_ not found.
[WARNING STA-1648] ./results/nangate45_3D/bp_fe/HBT/6_final.spef line 138537, instance icache_1/lce/_21023_ not found.
[WARNING STA-1648] ./results/nangate45_3D/bp_fe/HBT/6_final.spef line 138538, instance icache_1/lce/_21209_ not found.
[WARNING STA-1648] ./results/nangate45_3D/bp_fe/HBT/6_final.spef line 138539, instance icache_1/lce/_19561_ not found.
[WARNING STA-1648] ./results/nangate45_3D/bp_fe/HBT/6_final.spef line 138540, instance icache_1/lce/_20082_ not found.
[WARNING STA-1648] ./results/nangate45_3D/bp_fe/HBT/6_final.spef line 138541, instance icache_1/lce/_20619_ not found.
[WARNING STA-1648] ./results/nangate45_3D/bp_fe/HBT/6_final.spef line 138542, instance icache_1/lce/_21140_ not found.
[WARNING STA-1648] ./results/nangate45_3D/bp_fe/HBT/6_final.spef line 138543, instance icache_1/lce/_20142_ not found.
[WARNING STA-1648] ./results/nangate45_3D/bp_fe/HBT/6_final.spef line 138544, instance icache_1/lce/_19621_ not found.
[WARNING STA-1648] ./results/nangate45_3D/bp_fe/HBT/6_final.spef line 138545, instance icache_1/lce/_19743_ not found.
[WARNING STA-1648] ./results/nangate45_3D/bp_fe/HBT/6_final.spef line 138546, instance icache_1/lce/_20410_ not found.
[WARNING STA-1648] ./results/nangate45_3D/bp_fe/HBT/6_final.spef line 138547, instance icache_1/lce/_20827_ not found.
[WARNING STA-1648] ./results/nangate45_3D/bp_fe/HBT/6_final.spef line 138548, instance icache_1/lce/_20018_ not found.
[WARNING STA-1648] ./results/nangate45_3D/bp_fe/HBT/6_final.spef line 138549, instance icache_1/lce/_21348_ not found.
[WARNING STA-1648] ./results/nangate45_3D/bp_fe/HBT/6_final.spef line 138550, instance icache_1/lce/_21458_ not found.
[WARNING STA-1648] ./results/nangate45_3D/bp_fe/HBT/6_final.spef line 138551, instance icache_1/lce/_20937_ not found.
[WARNING STA-1648] ./results/nangate45_3D/bp_fe/HBT/6_final.spef line 138552, instance icache_1/lce/_20452_ not found.
[WARNING STA-1648] ./results/nangate45_3D/bp_fe/HBT/6_final.spef line 138553, instance icache_1/lce/_19922_ not found.
[WARNING STA-1648] ./results/nangate45_3D/bp_fe/HBT/6_final.spef line 138554, instance icache_1/lce/_19931_ not found.
[WARNING STA-1648] ./results/nangate45_3D/bp_fe/HBT/6_final.spef line 138555, instance icache_1/lce/_20443_ not found.
[WARNING STA-1648] ./results/nangate45_3D/bp_fe/HBT/6_final.spef line 138556, instance icache_1/lce/_21449_ not found.
[WARNING STA-1648] ./results/nangate45_3D/bp_fe/HBT/6_final.spef line 138557, instance icache_1/lce/_19851_ not found.
[WARNING STA-1648] ./results/nangate45_3D/bp_fe/HBT/6_final.spef line 138558, instance icache_1/lce/_20203_ not found.
[WARNING STA-1648] ./results/nangate45_3D/bp_fe/HBT/6_final.spef line 138559, instance icache_1/lce/_20688_ not found.
[WARNING STA-1648] ./results/nangate45_3D/bp_fe/HBT/6_final.spef line 138560, instance icache_1/lce/_20267_ not found.
[WARNING STA-1648] ./results/nangate45_3D/bp_fe/HBT/6_final.spef line 138561, instance icache_1/lce/_21276_ not found.
[WARNING STA-1648] ./results/nangate45_3D/bp_fe/HBT/6_final.spef line 138562, instance icache_1/lce/_20755_ not found.
[WARNING STA-1648] ./results/nangate45_3D/bp_fe/HBT/6_final.spef line 138563, instance icache_1/lce/_20692_ not found.
[WARNING STA-1648] ./results/nangate45_3D/bp_fe/HBT/6_final.spef line 138564, instance icache_1/lce/_20074_ not found.
[WARNING STA-1648] ./results/nangate45_3D/bp_fe/HBT/6_final.spef line 138565, instance icache_1/lce/_19553_ not found.
[WARNING STA-1648] ./results/nangate45_3D/bp_fe/HBT/6_final.spef line 138566, instance icache_1/lce/_21031_ not found.
[WARNING STA-1648] ./results/nangate45_3D/bp_fe/HBT/6_final.spef line 138567, instance icache_1/lce/_20026_ not found.
[WARNING STA-1648] ./results/nangate45_3D/bp_fe/HBT/6_final.spef line 138568, instance icache_1/lce/_19505_ not found.
[WARNING STA-1648] ./results/nangate45_3D/bp_fe/HBT/6_final.spef line 138569, instance icache_1/lce/_20510_ not found.
[WARNING STA-1648] ./results/nangate45_3D/bp_fe/HBT/6_final.spef line 138570, instance icache_1/lce/_20651_ not found.
[WARNING STA-1648] ./results/nangate45_3D/bp_fe/HBT/6_final.spef line 138571, instance icache_1/lce/_21172_ not found.
[WARNING STA-1648] ./results/nangate45_3D/bp_fe/HBT/6_final.spef line 138572, instance icache_1/lce/_20348_ not found.
[WARNING STA-1648] ./results/nangate45_3D/bp_fe/HBT/6_final.spef line 138573, instance icache_1/lce/_21219_ not found.
[WARNING STA-1648] ./results/nangate45_3D/bp_fe/HBT/6_final.spef line 138574, instance icache_1/lce/_20698_ not found.
[WARNING STA-1648] ./results/nangate45_3D/bp_fe/HBT/6_final.spef line 138575, instance icache_1/lce/_21354_ not found.
[WARNING STA-1648] ./results/nangate45_3D/bp_fe/HBT/6_final.spef line 138576, instance icache_1/lce/_20833_ not found.
[WARNING STA-1648] ./results/nangate45_3D/bp_fe/HBT/6_final.spef line 138577, instance icache_1/lce/_20213_ not found.
[WARNING STA-1648] ./results/nangate45_3D/bp_fe/HBT/6_final.spef line 138578, instance icache_1/lce/_19692_ not found.
[WARNING STA-1648] ./results/nangate45_3D/bp_fe/HBT/6_final.spef line 138579, instance icache_1/lce/_19585_ not found.
[WARNING STA-1648] ./results/nangate45_3D/bp_fe/HBT/6_final.spef line 138580, instance icache_1/lce/_20726_ not found.
[WARNING STA-1648] ./results/nangate45_3D/bp_fe/HBT/6_final.spef line 138581, instance icache_1/lce/_20483_ not found.
[WARNING STA-1648] ./results/nangate45_3D/bp_fe/HBT/6_final.spef line 138582, instance icache_1/lce/_19745_ not found.
[WARNING STA-1648] ./results/nangate45_3D/bp_fe/HBT/6_final.spef line 138583, instance icache_1/lce/_21351_ not found.
[WARNING STA-1648] ./results/nangate45_3D/bp_fe/HBT/6_final.spef line 138584, instance icache_1/lce/_20680_ not found.
[WARNING STA-1648] ./results/nangate45_3D/bp_fe/HBT/6_final.spef line 138585, instance icache_1/lce/_19791_ not found.
[WARNING STA-1648] ./results/nangate45_3D/bp_fe/HBT/6_final.spef line 138586, instance icache_1/lce/_21272_ not found.
[WARNING STA-1648] ./results/nangate45_3D/bp_fe/HBT/6_final.spef line 138587, instance icache_1/lce/_20751_ not found.
[WARNING STA-1648] ./results/nangate45_3D/bp_fe/HBT/6_final.spef line 138588, instance icache_1/lce/_20131_ not found.
[WARNING STA-1648] ./results/nangate45_3D/bp_fe/HBT/6_final.spef line 138589, instance icache_1/lce/_19610_ not found.
[WARNING STA-1648] ./results/nangate45_3D/bp_fe/HBT/6_final.spef line 138590, instance icache_1/lce/_20563_ not found.
[WARNING STA-1648] ./results/nangate45_3D/bp_fe/HBT/6_final.spef line 138591, instance icache_1/lce/_20724_ not found.
[WARNING STA-1648] ./results/nangate45_3D/bp_fe/HBT/6_final.spef line 138592, instance icache_1/lce/_21252_ not found.
[WARNING STA-1648] ./results/nangate45_3D/bp_fe/HBT/6_final.spef line 138593, instance icache_1/lce/_20731_ not found.
[WARNING STA-1648] ./results/nangate45_3D/bp_fe/HBT/6_final.spef line 138594, instance icache_1/lce/_20536_ not found.
[WARNING STA-1648] ./results/nangate45_3D/bp_fe/HBT/6_final.spef line 138595, instance icache_1/lce/_20052_ not found.
[WARNING STA-1648] ./results/nangate45_3D/bp_fe/HBT/6_final.spef line 138596, instance icache_1/lce/_19531_ not found.
[WARNING STA-1648] ./results/nangate45_3D/bp_fe/HBT/6_final.spef line 138597, instance icache_1/lce/_21245_ not found.
[WARNING STA-1648] ./results/nangate45_3D/bp_fe/HBT/6_final.spef line 138598, instance icache_1/lce/_20246_ not found.
[WARNING STA-1648] ./results/nangate45_3D/bp_fe/HBT/6_final.spef line 138599, instance icache_1/lce/_19725_ not found.
[WARNING STA-1648] ./results/nangate45_3D/bp_fe/HBT/6_final.spef line 138600, instance icache_1/lce/_21077_ not found.
[WARNING STA-1648] ./results/nangate45_3D/bp_fe/HBT/6_final.spef line 138601, instance icache_1/lce/_20774_ not found.
[WARNING STA-1648] ./results/nangate45_3D/bp_fe/HBT/6_final.spef line 138602, instance icache_1/lce/_21295_ not found.
[WARNING STA-1648] ./results/nangate45_3D/bp_fe/HBT/6_final.spef line 138603, instance icache_1/lce/_21045_ not found.
[WARNING STA-1648] ./results/nangate45_3D/bp_fe/HBT/6_final.spef line 138604, instance icache_1/lce/_20524_ not found.
[WARNING STA-1648] ./results/nangate45_3D/bp_fe/HBT/6_final.spef line 138605, instance icache_1/lce/_19706_ not found.
[WARNING STA-1648] ./results/nangate45_3D/bp_fe/HBT/6_final.spef line 138606, instance icache_1/lce/_20227_ not found.
[WARNING STA-1648] ./results/nangate45_3D/bp_fe/HBT/6_final.spef line 138607, instance icache_1/lce/_20712_ not found.
[WARNING STA-1648] ./results/nangate45_3D/bp_fe/HBT/6_final.spef line 138608, instance icache_1/lce/_21083_ not found.
[WARNING STA-1648] ./results/nangate45_3D/bp_fe/HBT/6_final.spef line 138609, instance icache_1/lce/_20562_ not found.
[WARNING STA-1648] ./results/nangate45_3D/bp_fe/HBT/6_final.spef line 138610, instance icache_1/lce/_20201_ not found.
[WARNING STA-1648] ./results/nangate45_3D/bp_fe/HBT/6_final.spef line 138611, instance icache_1/lce/_19680_ not found.
[WARNING STA-1648] ./results/nangate45_3D/bp_fe/HBT/6_final.spef line 138612, instance icache_1/lce/_20679_ not found.
[WARNING STA-1648] ./results/nangate45_3D/bp_fe/HBT/6_final.spef line 138613, instance icache_1/lce/_21200_ not found.
[WARNING STA-1648] ./results/nangate45_3D/bp_fe/HBT/6_final.spef line 138614, instance icache_1/lce/_19673_ not found.
[WARNING STA-1648] ./results/nangate45_3D/bp_fe/HBT/6_final.spef line 138615, instance icache_1/lce/_19714_ not found.
[WARNING STA-1648] ./results/nangate45_3D/bp_fe/HBT/6_final.spef line 138616, instance icache_1/lce/_20235_ not found.
[WARNING STA-1648] ./results/nangate45_3D/bp_fe/HBT/6_final.spef line 138617, instance icache_1/lce/_20720_ not found.
[WARNING STA-1648] ./results/nangate45_3D/bp_fe/HBT/6_final.spef line 138618, instance icache_1/lce/_19516_ not found.
[WARNING STA-1648] ./results/nangate45_3D/bp_fe/HBT/6_final.spef line 138619, instance icache_1/lce/_20723_ not found.
[WARNING STA-1648] ./results/nangate45_3D/bp_fe/HBT/6_final.spef line 138620, instance icache_1/lce/_20686_ not found.
[WARNING STA-1648] ./results/nangate45_3D/bp_fe/HBT/6_final.spef line 138621, instance icache_1/lce/_21207_ not found.
[WARNING STA-1648] ./results/nangate45_3D/bp_fe/HBT/6_final.spef line 138622, instance icache_1/lce/_21244_ not found.
[WARNING STA-1648] ./results/nangate45_3D/bp_fe/HBT/6_final.spef line 138623, instance icache_1/lce/_20858_ not found.
[WARNING STA-1648] ./results/nangate45_3D/bp_fe/HBT/6_final.spef line 138624, instance icache_1/lce/_19852_ not found.
[WARNING STA-1648] ./results/nangate45_3D/bp_fe/HBT/6_final.spef line 138625, instance icache_1/lce/_20309_ not found.
[WARNING STA-1648] ./results/nangate45_3D/bp_fe/HBT/6_final.spef line 138626, instance icache_1/lce/_21009_ not found.
[WARNING STA-1648] ./results/nangate45_3D/bp_fe/HBT/6_final.spef line 138627, instance icache_1/lce/_21315_ not found.
[WARNING STA-1648] ./results/nangate45_3D/bp_fe/HBT/6_final.spef line 138628, instance icache_1/lce/_20742_ not found.
[WARNING STA-1648] ./results/nangate45_3D/bp_fe/HBT/6_final.spef line 138629, instance icache_1/lce/_21046_ not found.
[WARNING STA-1648] ./results/nangate45_3D/bp_fe/HBT/6_final.spef line 138630, instance icache_1/lce/_20525_ not found.
[WARNING STA-1648] ./results/nangate45_3D/bp_fe/HBT/6_final.spef line 138631, instance icache_1/lce/_19778_ not found.
[WARNING STA-1648] ./results/nangate45_3D/bp_fe/HBT/6_final.spef line 138632, instance icache_1/lce/_21075_ not found.
[WARNING STA-1648] ./results/nangate45_3D/bp_fe/HBT/6_final.spef line 138633, instance icache_1/lce/_19593_ not found.
[WARNING STA-1648] ./results/nangate45_3D/bp_fe/HBT/6_final.spef line 138634, instance icache_1/lce/_20114_ not found.
[WARNING STA-1648] ./results/nangate45_3D/bp_fe/HBT/6_final.spef line 138635, instance icache_1/lce/_20599_ not found.
[WARNING STA-1648] ./results/nangate45_3D/bp_fe/HBT/6_final.spef line 138636, instance icache_1/lce/_21120_ not found.
[WARNING STA-1648] ./results/nangate45_3D/bp_fe/HBT/6_final.spef line 138637, instance icache_1/lce/_19942_ not found.
[WARNING STA-1648] ./results/nangate45_3D/bp_fe/HBT/6_final.spef line 138638, instance icache_1/lce/_20070_ not found.
[WARNING STA-1648] ./results/nangate45_3D/bp_fe/HBT/6_final.spef line 138639, instance icache_1/lce/_21255_ not found.
[WARNING STA-1648] ./results/nangate45_3D/bp_fe/HBT/6_final.spef line 138640, instance icache_1/lce/_20554_ not found.
[WARNING STA-1648] ./results/nangate45_3D/bp_fe/HBT/6_final.spef line 138641, instance icache_1/lce/_20734_ not found.
[WARNING STA-1648] ./results/nangate45_3D/bp_fe/HBT/6_final.spef line 138642, instance icache_1/lce/_20249_ not found.
[WARNING STA-1648] ./results/nangate45_3D/bp_fe/HBT/6_final.spef line 138643, instance icache_1/lce/_21461_ not found.
[WARNING STA-1648] ./results/nangate45_3D/bp_fe/HBT/6_final.spef line 138644, instance icache_1/lce/_20699_ not found.
[WARNING STA-1648] ./results/nangate45_3D/bp_fe/HBT/6_final.spef line 138645, instance icache_1/lce/_21220_ not found.
[WARNING STA-1648] ./results/nangate45_3D/bp_fe/HBT/6_final.spef line 138646, instance icache_1/lce/_20143_ not found.
[WARNING STA-1648] ./results/nangate45_3D/bp_fe/HBT/6_final.spef line 138647, instance icache_1/lce/_20781_ not found.
[WARNING STA-1648] ./results/nangate45_3D/bp_fe/HBT/6_final.spef line 138648, instance icache_1/lce/_21302_ not found.
[WARNING STA-1648] ./results/nangate45_3D/bp_fe/HBT/6_final.spef line 138649, instance icache_1/lce/_19510_ not found.
[WARNING STA-1648] ./results/nangate45_3D/bp_fe/HBT/6_final.spef line 138650, instance icache_1/lce/_20297_ not found.
[WARNING STA-1648] ./results/nangate45_3D/bp_fe/HBT/6_final.spef line 138651, instance icache_1/lce/_20593_ not found.
[WARNING STA-1648] ./results/nangate45_3D/bp_fe/HBT/6_final.spef line 138652, instance icache_1/lce/_20172_ not found.
[WARNING STA-1648] ./results/nangate45_3D/bp_fe/HBT/6_final.spef line 138653, instance icache_1/lce/_20657_ not found.
[WARNING STA-1648] ./results/nangate45_3D/bp_fe/HBT/6_final.spef line 138654, instance icache_1/lce/_21178_ not found.
[WARNING STA-1648] ./results/nangate45_3D/bp_fe/HBT/6_final.spef line 138655, instance icache_1/lce/_19693_ not found.
[WARNING STA-1648] ./results/nangate45_3D/bp_fe/HBT/6_final.spef line 138656, instance icache_1/lce/_20214_ not found.
[WARNING STA-1648] ./results/nangate45_3D/bp_fe/HBT/6_final.spef line 138657, instance icache_1/lce/_19651_ not found.
[WARNING STA-1648] ./results/nangate45_3D/bp_fe/HBT/6_final.spef line 138658, instance icache_1/lce/_19776_ not found.
[WARNING STA-1648] ./results/nangate45_3D/bp_fe/HBT/6_final.spef line 138659, instance icache_1/lce/_19934_ not found.
[WARNING STA-1648] ./results/nangate45_3D/bp_fe/HBT/6_final.spef line 138660, instance icache_1/lce/_20813_ not found.
[WARNING STA-1648] ./results/nangate45_3D/bp_fe/HBT/6_final.spef line 138661, instance icache_1/lce/_19807_ not found.
[WARNING STA-1648] ./results/nangate45_3D/bp_fe/HBT/6_final.spef line 138662, instance icache_1/lce/_20384_ not found.
[WARNING STA-1648] ./results/nangate45_3D/bp_fe/HBT/6_final.spef line 138663, instance icache_1/lce/_19863_ not found.
[WARNING STA-1648] ./results/nangate45_3D/bp_fe/HBT/6_final.spef line 138664, instance icache_1/lce/_20328_ not found.
[WARNING STA-1648] ./results/nangate45_3D/bp_fe/HBT/6_final.spef line 138665, instance icache_1/lce/_20940_ not found.
[WARNING STA-1648] ./results/nangate45_3D/bp_fe/HBT/6_final.spef line 138666, instance icache_1/lce/_20455_ not found.
[WARNING STA-1648] ./results/nangate45_3D/bp_fe/HBT/6_final.spef line 138667, instance icache_1/lce/_19728_ not found.
[WARNING STA-1648] ./results/nangate45_3D/bp_fe/HBT/6_final.spef line 138668, instance icache_1/lce/_21334_ not found.
[WARNING STA-1648] ./results/nangate45_3D/bp_fe/HBT/6_final.spef line 138669, instance icache_1/lce/_20463_ not found.
[WARNING STA-1648] ./results/nangate45_3D/bp_fe/HBT/6_final.spef line 138670, instance icache_1/lce/_21469_ not found.
[WARNING STA-1648] ./results/nangate45_3D/bp_fe/HBT/6_final.spef line 138671, instance icache_1/lce/_21067_ not found.
[WARNING STA-1648] ./results/nangate45_3D/bp_fe/HBT/6_final.spef line 138672, instance icache_1/lce/_20349_ not found.
[WARNING STA-1648] ./results/nangate45_3D/bp_fe/HBT/6_final.spef line 138673, instance icache_1/lce/_19828_ not found.
[WARNING STA-1648] ./results/nangate45_3D/bp_fe/HBT/6_final.spef line 138674, instance icache_1/lce/_20031_ not found.
[WARNING STA-1648] ./results/nangate45_3D/bp_fe/HBT/6_final.spef line 138675, instance icache_1/lce/_19524_ not found.
[WARNING STA-1648] ./results/nangate45_3D/bp_fe/HBT/6_final.spef line 138676, instance icache_1/lce/_20515_ not found.
[WARNING STA-1648] ./results/nangate45_3D/bp_fe/HBT/6_final.spef line 138677, instance icache_1/lce/_21036_ not found.
[WARNING STA-1648] ./results/nangate45_3D/bp_fe/HBT/6_final.spef line 138678, instance icache_1/lce/_21547_ not found.
[WARNING STA-1648] ./results/nangate45_3D/bp_fe/HBT/6_final.spef line 138679, instance icache_1/lce/_20606_ not found.
[WARNING STA-1648] ./results/nangate45_3D/bp_fe/HBT/6_final.spef line 138680, instance icache_1/lce/_21127_ not found.
[WARNING STA-1648] ./results/nangate45_3D/bp_fe/HBT/6_final.spef line 138681, instance icache_1/lce/_20263_ not found.
[WARNING STA-1648] ./results/nangate45_3D/bp_fe/HBT/6_final.spef line 138682, instance icache_1/lce/_20841_ not found.
[WARNING STA-1648] ./results/nangate45_3D/bp_fe/HBT/6_final.spef line 138683, instance icache_1/lce/_20769_ not found.
[WARNING STA-1648] ./results/nangate45_3D/bp_fe/HBT/6_final.spef line 138684, instance icache_1/lce/_20819_ not found.
[WARNING STA-1648] ./results/nangate45_3D/bp_fe/HBT/6_final.spef line 138685, instance icache_1/lce/_20334_ not found.
[WARNING STA-1648] ./results/nangate45_3D/bp_fe/HBT/6_final.spef line 138686, instance icache_1/lce/_19742_ not found.
[WARNING STA-1648] ./results/nangate45_3D/bp_fe/HBT/6_final.spef line 138687, instance icache_1/lce/_19835_ not found.
[WARNING STA-1648] ./results/nangate45_3D/bp_fe/HBT/6_final.spef line 138688, instance icache_1/lce/_20356_ not found.
[WARNING STA-1648] ./results/nangate45_3D/bp_fe/HBT/6_final.spef line 138689, instance icache_1/lce/_19700_ not found.
[WARNING STA-1648] ./results/nangate45_3D/bp_fe/HBT/6_final.spef line 138690, instance icache_1/lce/_21551_ not found.
[WARNING STA-1648] ./results/nangate45_3D/bp_fe/HBT/6_final.spef line 138691, instance icache_1/lce/_20987_ not found.
[WARNING STA-1648] ./results/nangate45_3D/bp_fe/HBT/6_final.spef line 138692, instance icache_1/lce/_18871_ not found.
[WARNING STA-1648] ./results/nangate45_3D/bp_fe/HBT/6_final.spef line 138693, instance icache_1/lce/_20706_ not found.
[WARNING STA-1648] ./results/nangate45_3D/bp_fe/HBT/6_final.spef line 138694, instance icache_1/lce/_20221_ not found.
[WARNING STA-1648] ./results/nangate45_3D/bp_fe/HBT/6_final.spef line 138695, instance icache_1/lce/_20428_ not found.
[WARNING STA-1648] ./results/nangate45_3D/bp_fe/HBT/6_final.spef line 138696, instance icache_1/lce/_19982_ not found.
[WARNING STA-1648] ./results/nangate45_3D/bp_fe/HBT/6_final.spef line 138697, instance icache_1/lce/_19755_ not found.
[WARNING STA-1648] ./results/nangate45_3D/bp_fe/HBT/6_final.spef line 138698, instance icache_1/lce/_20634_ not found.
[WARNING STA-1648] ./results/nangate45_3D/bp_fe/HBT/6_final.spef line 138699, instance icache_1/lce/_20158_ not found.
[WARNING STA-1648] ./results/nangate45_3D/bp_fe/HBT/6_final.spef line 138700, instance icache_1/lce/_20253_ not found.
[WARNING STA-1648] ./results/nangate45_3D/bp_fe/HBT/6_final.spef line 138701, instance icache_1/lce/_20388_ not found.
[WARNING STA-1648] ./results/nangate45_3D/bp_fe/HBT/6_final.spef line 138702, instance icache_1/lce/_19867_ not found.
[WARNING STA-1648] ./results/nangate45_3D/bp_fe/HBT/6_final.spef line 138703, instance icache_1/lce/_20276_ not found.
[WARNING STA-1648] ./results/nangate45_3D/bp_fe/HBT/6_final.spef line 138704, instance icache_1/lce/_20761_ not found.
[WARNING STA-1648] ./results/nangate45_3D/bp_fe/HBT/6_final.spef line 138705, instance icache_1/lce/_20212_ not found.
[WARNING STA-1648] ./results/nangate45_3D/bp_fe/HBT/6_final.spef line 138706, instance icache_1/lce/_21282_ not found.
[WARNING STA-1648] ./results/nangate45_3D/bp_fe/HBT/6_final.spef line 138707, instance icache_1/lce/_19907_ not found.
[WARNING STA-1648] ./results/nangate45_3D/bp_fe/HBT/6_final.spef line 138708, instance icache_1/lce/_20913_ not found.
[WARNING STA-1648] ./results/nangate45_3D/bp_fe/HBT/6_final.spef line 138709, instance icache_1/lce/_21353_ not found.
[WARNING STA-1648] ./results/nangate45_3D/bp_fe/HBT/6_final.spef line 138710, instance icache_1/lce/_21434_ not found.
[WARNING STA-1648] ./results/nangate45_3D/bp_fe/HBT/6_final.spef line 138711, instance icache_1/lce/_20635_ not found.
[WARNING STA-1648] ./results/nangate45_3D/bp_fe/HBT/6_final.spef line 138712, instance icache_1/lce/_21340_ not found.
[WARNING STA-1648] ./results/nangate45_3D/bp_fe/HBT/6_final.spef line 138713, instance icache_1/lce/_20697_ not found.
[WARNING STA-1648] ./results/nangate45_3D/bp_fe/HBT/6_final.spef line 138714, instance icache_1/lce/_21156_ not found.
[WARNING STA-1648] ./results/nangate45_3D/bp_fe/HBT/6_final.spef line 138715, instance icache_1/lce/_21155_ not found.
[WARNING STA-1648] ./results/nangate45_3D/bp_fe/HBT/6_final.spef line 138716, instance icache_1/lce/_21362_ not found.
[WARNING STA-1648] ./results/nangate45_3D/bp_fe/HBT/6_final.spef line 138717, instance icache_1/lce/_18867_ not found.
[WARNING STA-1648] ./results/nangate45_3D/bp_fe/HBT/6_final.spef line 138718, instance icache_1/lce/_20834_ not found.
[WARNING STA-1648] ./results/nangate45_3D/bp_fe/HBT/6_final.spef line 138719, instance icache_1/lce/_21355_ not found.
[WARNING STA-1648] ./results/nangate45_3D/bp_fe/HBT/6_final.spef line 138720, instance icache_1/lce/_19978_ not found.
[WARNING STA-1648] ./results/nangate45_3D/bp_fe/HBT/6_final.spef line 138721, instance icache_1/lce/_20983_ not found.
[WARNING STA-1648] ./results/nangate45_3D/bp_fe/HBT/6_final.spef line 138722, instance icache_1/lce/_21227_ not found.
[WARNING STA-1648] ./results/nangate45_3D/bp_fe/HBT/6_final.spef line 138723, instance icache_1/lce/_21578_ not found.
[WARNING STA-1648] ./results/nangate45_3D/bp_fe/HBT/6_final.spef line 138724, instance icache_1/lce/_18898_ not found.
[WARNING STA-1648] ./results/nangate45_3D/bp_fe/HBT/6_final.spef line 138725, instance icache_1/lce/_21014_ not found.
[WARNING STA-1648] ./results/nangate45_3D/bp_fe/HBT/6_final.spef line 138726, instance icache_1/lce/_20009_ not found.
[WARNING STA-1648] ./results/nangate45_3D/bp_fe/HBT/6_final.spef line 138727, instance icache_1/lce/_20948_ not found.
[WARNING STA-1648] ./results/nangate45_3D/bp_fe/HBT/6_final.spef line 138728, instance icache_1/lce/_20279_ not found.
[WARNING STA-1648] ./results/nangate45_3D/bp_fe/HBT/6_final.spef line 138729, instance icache_1/lce/_20450_ not found.
[WARNING STA-1648] ./results/nangate45_3D/bp_fe/HBT/6_final.spef line 138730, instance icache_1/lce/_20362_ not found.
[WARNING STA-1648] ./results/nangate45_3D/bp_fe/HBT/6_final.spef line 138731, instance icache_1/lce/_20299_ not found.
[WARNING STA-1648] ./results/nangate45_3D/bp_fe/HBT/6_final.spef line 138732, instance icache_1/lce/_19841_ not found.
[WARNING STA-1648] ./results/nangate45_3D/bp_fe/HBT/6_final.spef line 138733, instance icache_1/lce/_21456_ not found.
[WARNING STA-1648] ./results/nangate45_3D/bp_fe/HBT/6_final.spef line 138734, instance icache_1/lce/_20935_ not found.
[WARNING STA-1648] ./results/nangate45_3D/bp_fe/HBT/6_final.spef line 138735, instance icache_1/lce/_20784_ not found.
[WARNING STA-1648] ./results/nangate45_3D/bp_fe/HBT/6_final.spef line 138736, instance icache_1/lce/_21305_ not found.
[WARNING STA-1648] ./results/nangate45_3D/bp_fe/HBT/6_final.spef line 138737, instance icache_1/lce/_20296_ not found.
[WARNING STA-1648] ./results/nangate45_3D/bp_fe/HBT/6_final.spef line 138738, instance icache_1/lce/_19929_ not found.
[WARNING STA-1648] ./results/nangate45_3D/bp_fe/HBT/6_final.spef line 138739, instance icache_1/lce/_20167_ not found.
[WARNING STA-1648] ./results/nangate45_3D/bp_fe/HBT/6_final.spef line 138740, instance icache_1/lce/_20535_ not found.
[WARNING STA-1648] ./results/nangate45_3D/bp_fe/HBT/6_final.spef line 138741, instance icache_1/lce/_21056_ not found.
[WARNING STA-1648] ./results/nangate45_3D/bp_fe/HBT/6_final.spef line 138742, instance icache_1/lce/_19646_ not found.
[WARNING STA-1648] ./results/nangate45_3D/bp_fe/HBT/6_final.spef line 138743, instance icache_1/lce/_20764_ not found.
[WARNING STA-1648] ./results/nangate45_3D/bp_fe/HBT/6_final.spef line 138744, instance icache_1/lce/_20794_ not found.
[WARNING STA-1648] ./results/nangate45_3D/bp_fe/HBT/6_final.spef line 138745, instance icache_1/lce/_20051_ not found.
[WARNING STA-1648] ./results/nangate45_3D/bp_fe/HBT/6_final.spef line 138746, instance icache_1/lce/_19530_ not found.
[WARNING STA-1648] ./results/nangate45_3D/bp_fe/HBT/6_final.spef line 138747, instance icache_1/lce/_19775_ not found.
[WARNING STA-1648] ./results/nangate45_3D/bp_fe/HBT/6_final.spef line 138748, instance icache_1/lce/_20045_ not found.
[WARNING STA-1648] ./results/nangate45_3D/bp_fe/HBT/6_final.spef line 138749, instance icache_1/lce/_19758_ not found.
[WARNING STA-1648] ./results/nangate45_3D/bp_fe/HBT/6_final.spef line 138750, instance icache_1/lce/_21103_ not found.
[WARNING STA-1648] ./results/nangate45_3D/bp_fe/HBT/6_final.spef line 138751, instance icache_1/lce/_21285_ not found.
[WARNING STA-1648] ./results/nangate45_3D/bp_fe/HBT/6_final.spef line 138752, instance icache_1/lce/_20582_ not found.
[WARNING STA-1648] ./results/nangate45_3D/bp_fe/HBT/6_final.spef line 138753, instance icache_1/lce/_21050_ not found.
[WARNING STA-1648] ./results/nangate45_3D/bp_fe/HBT/6_final.spef line 138754, instance icache_1/lce/_20529_ not found.
[WARNING STA-1648] ./results/nangate45_3D/bp_fe/HBT/6_final.spef line 138755, instance icache_1/lce/_18884_ not found.
[WARNING STA-1648] ./results/nangate45_3D/bp_fe/HBT/6_final.spef line 138756, instance icache_1/lce/_21388_ not found.
[WARNING STA-1648] ./results/nangate45_3D/bp_fe/HBT/6_final.spef line 138757, instance icache_1/lce/_21564_ not found.
[WARNING STA-1648] ./results/nangate45_3D/bp_fe/HBT/6_final.spef line 138758, instance icache_1/lce/_20926_ not found.
[WARNING STA-1648] ./results/nangate45_3D/bp_fe/HBT/6_final.spef line 138759, instance icache_1/lce/_21180_ not found.
[WARNING STA-1648] ./results/nangate45_3D/bp_fe/HBT/6_final.spef line 138760, instance icache_1/lce/_20659_ not found.
[WARNING STA-1648] ./results/nangate45_3D/bp_fe/HBT/6_final.spef line 138761, instance icache_1/lce/_19932_ not found.
[WARNING STA-1648] ./results/nangate45_3D/bp_fe/HBT/6_final.spef line 138762, instance icache_1/lce/_20453_ not found.
[WARNING STA-1648] ./results/nangate45_3D/bp_fe/HBT/6_final.spef line 138763, instance icache_1/lce/_20174_ not found.
[WARNING STA-1648] ./results/nangate45_3D/bp_fe/HBT/6_final.spef line 138764, instance icache_1/lce/_21325_ not found.
[WARNING STA-1648] ./results/nangate45_3D/bp_fe/HBT/6_final.spef line 138765, instance icache_1/lce/_19592_ not found.
[WARNING STA-1648] ./results/nangate45_3D/bp_fe/HBT/6_final.spef line 138766, instance icache_1/lce/_20113_ not found.
[WARNING STA-1648] ./results/nangate45_3D/bp_fe/HBT/6_final.spef line 138767, instance icache_1/lce/_20598_ not found.
[WARNING STA-1648] ./results/nangate45_3D/bp_fe/HBT/6_final.spef line 138768, instance icache_1/lce/_21119_ not found.
[WARNING STA-1648] ./results/nangate45_3D/bp_fe/HBT/6_final.spef line 138769, instance icache_1/lce/_20859_ not found.
[WARNING STA-1648] ./results/nangate45_3D/bp_fe/HBT/6_final.spef line 138770, instance icache_1/lce/_20374_ not found.
[WARNING STA-1648] ./results/nangate45_3D/bp_fe/HBT/6_final.spef line 138771, instance icache_1/lce/_19513_ not found.
[WARNING STA-1648] ./results/nangate45_3D/bp_fe/HBT/6_final.spef line 138772, instance icache_1/lce/_20034_ not found.
[WARNING STA-1648] ./results/nangate45_3D/bp_fe/HBT/6_final.spef line 138773, instance icache_1/lce/_19950_ not found.
[WARNING STA-1648] ./results/nangate45_3D/bp_fe/HBT/6_final.spef line 138774, instance icache_1/lce/_20556_ not found.
[WARNING STA-1648] ./results/nangate45_3D/bp_fe/HBT/6_final.spef line 138775, instance icache_1/lce/_21137_ not found.
[WARNING STA-1648] ./results/nangate45_3D/bp_fe/HBT/6_final.spef line 138776, instance icache_1/lce/_21318_ not found.
[WARNING STA-1648] ./results/nangate45_3D/bp_fe/HBT/6_final.spef line 138777, instance icache_1/lce/_20821_ not found.
[WARNING STA-1648] ./results/nangate45_3D/bp_fe/HBT/6_final.spef line 138778, instance icache_1/lce/_21130_ not found.
[WARNING STA-1648] ./results/nangate45_3D/bp_fe/HBT/6_final.spef line 138779, instance icache_1/lce/_20609_ not found.
[WARNING STA-1648] ./results/nangate45_3D/bp_fe/HBT/6_final.spef line 138780, instance icache_1/lce/_19815_ not found.
[WARNING STA-1648] ./results/nangate45_3D/bp_fe/HBT/6_final.spef line 138781, instance icache_1/lce/_20336_ not found.
[WARNING STA-1648] ./results/nangate45_3D/bp_fe/HBT/6_final.spef line 138782, instance icache_1/lce/_21342_ not found.
[WARNING STA-1648] ./results/nangate45_3D/bp_fe/HBT/6_final.spef line 138783, instance icache_1/lce/_20797_ not found.
[WARNING STA-1648] ./results/nangate45_3D/bp_fe/HBT/6_final.spef line 138784, instance icache_1/lce/_20124_ not found.
[WARNING STA-1648] ./results/nangate45_3D/bp_fe/HBT/6_final.spef line 138785, instance icache_1/lce/_19603_ not found.
[WARNING STA-1648] ./results/nangate45_3D/bp_fe/HBT/6_final.spef line 138786, instance icache_1/lce/_20939_ not found.
[WARNING STA-1648] ./results/nangate45_3D/bp_fe/HBT/6_final.spef line 138787, instance icache_1/lce/_21460_ not found.
[WARNING STA-1648] ./results/nangate45_3D/bp_fe/HBT/6_final.spef line 138788, instance icache_1/lce/_21477_ not found.
[WARNING STA-1648] ./results/nangate45_3D/bp_fe/HBT/6_final.spef line 138789, instance icache_1/lce/_20956_ not found.
[WARNING STA-1648] ./results/nangate45_3D/bp_fe/HBT/6_final.spef line 138790, instance icache_1/lce/_20194_ not found.
[WARNING STA-1648] ./results/nangate45_3D/bp_fe/HBT/6_final.spef line 138791, instance icache_1/lce/_20518_ not found.
[WARNING STA-1648] ./results/nangate45_3D/bp_fe/HBT/6_final.spef line 138792, instance icache_1/lce/_21039_ not found.
[WARNING STA-1648] ./results/nangate45_3D/bp_fe/HBT/6_final.spef line 138793, instance icache_1/lce/_21380_ not found.
[WARNING STA-1648] ./results/nangate45_3D/bp_fe/HBT/6_final.spef line 138794, instance icache_1/lce/_20319_ not found.
[WARNING STA-1648] ./results/nangate45_3D/bp_fe/HBT/6_final.spef line 138795, instance icache_1/lce/_19798_ not found.
[WARNING STA-1648] ./results/nangate45_3D/bp_fe/HBT/6_final.spef line 138796, instance icache_1/lce/_20471_ not found.
[WARNING STA-1648] ./results/nangate45_3D/bp_fe/HBT/6_final.spef line 138797, instance icache_1/lce/_19797_ not found.
[WARNING STA-1648] ./results/nangate45_3D/bp_fe/HBT/6_final.spef line 138798, instance icache_1/lce/_20318_ not found.
[WARNING STA-1648] ./results/nangate45_3D/bp_fe/HBT/6_final.spef line 138799, instance icache_1/lce/_20918_ not found.
[WARNING STA-1648] ./results/nangate45_3D/bp_fe/HBT/6_final.spef line 138800, instance icache_1/lce/_20156_ not found.
[WARNING STA-1648] ./results/nangate45_3D/bp_fe/HBT/6_final.spef line 138801, instance icache_1/lce/_20693_ not found.
[WARNING STA-1648] ./results/nangate45_3D/bp_fe/HBT/6_final.spef line 138802, instance icache_1/lce/_19635_ not found.
[WARNING STA-1648] ./results/nangate45_3D/bp_fe/HBT/6_final.spef line 138803, instance icache_1/lce/_20992_ not found.
[WARNING STA-1648] ./results/nangate45_3D/bp_fe/HBT/6_final.spef line 138804, instance icache_1/lce/_21011_ not found.
[WARNING STA-1648] ./results/nangate45_3D/bp_fe/HBT/6_final.spef line 138805, instance icache_1/lce/_18876_ not found.
[WARNING STA-1648] ./results/nangate45_3D/bp_fe/HBT/6_final.spef line 138806, instance icache_1/lce/_21575_ not found.
[WARNING STA-1648] ./results/nangate45_3D/bp_fe/HBT/6_final.spef line 138807, instance icache_1/lce/_20653_ not found.
[WARNING STA-1648] ./results/nangate45_3D/bp_fe/HBT/6_final.spef line 138808, instance icache_1/lce/_20005_ not found.
[WARNING STA-1648] ./results/nangate45_3D/bp_fe/HBT/6_final.spef line 138809, instance icache_1/lce/_20880_ not found.
[WARNING STA-1648] ./results/nangate45_3D/bp_fe/HBT/6_final.spef line 138810, instance icache_1/lce/_19874_ not found.
[WARNING STA-1648] ./results/nangate45_3D/bp_fe/HBT/6_final.spef line 138811, instance icache_1/lce/_21570_ not found.
[WARNING STA-1648] ./results/nangate45_3D/bp_fe/HBT/6_final.spef line 138812, instance icache_1/lce/_18890_ not found.
[WARNING STA-1648] ./results/nangate45_3D/bp_fe/HBT/6_final.spef line 138813, instance icache_1/lce/_20806_ not found.
[WARNING STA-1648] ./results/nangate45_3D/bp_fe/HBT/6_final.spef line 138814, instance icache_1/lce/_19681_ not found.
[WARNING STA-1648] ./results/nangate45_3D/bp_fe/HBT/6_final.spef line 138815, instance icache_1/lce/_20202_ not found.
[WARNING STA-1648] ./results/nangate45_3D/bp_fe/HBT/6_final.spef line 138816, instance icache_1/lce/_20001_ not found.
[WARNING STA-1648] ./results/nangate45_3D/bp_fe/HBT/6_final.spef line 138817, instance icache_1/lce/_21401_ not found.
[WARNING STA-1648] ./results/nangate45_3D/bp_fe/HBT/6_final.spef line 138818, instance icache_1/lce/_21574_ not found.
[WARNING STA-1648] ./results/nangate45_3D/bp_fe/HBT/6_final.spef line 138819, instance icache_1/lce/_20480_ not found.
[WARNING STA-1648] ./results/nangate45_3D/bp_fe/HBT/6_final.spef line 138820, instance icache_1/lce/_19880_ not found.
[WARNING STA-1648] ./results/nangate45_3D/bp_fe/HBT/6_final.spef line 138821, instance icache_1/lce/_20401_ not found.
[WARNING STA-1648] ./results/nangate45_3D/bp_fe/HBT/6_final.spef line 138822, instance icache_1/lce/_20259_ not found.
[WARNING STA-1648] ./results/nangate45_3D/bp_fe/HBT/6_final.spef line 138823, instance icache_1/lce/_19738_ not found.
[WARNING STA-1648] ./results/nangate45_3D/bp_fe/HBT/6_final.spef line 138824, instance icache_1/lce/_19891_ not found.
[WARNING STA-1648] ./results/nangate45_3D/bp_fe/HBT/6_final.spef line 138825, instance icache_1/lce/_21418_ not found.
[WARNING STA-1648] ./results/nangate45_3D/bp_fe/HBT/6_final.spef line 138826, instance icache_1/lce/_21243_ not found.
[WARNING STA-1648] ./results/nangate45_3D/bp_fe/HBT/6_final.spef line 138827, instance icache_1/lce/_20857_ not found.
[WARNING STA-1648] ./results/nangate45_3D/bp_fe/HBT/6_final.spef line 138828, instance icache_1/lce/_21273_ not found.
[WARNING STA-1648] ./results/nangate45_3D/bp_fe/HBT/6_final.spef line 138829, instance icache_1/lce/_19817_ not found.
[WARNING STA-1648] ./results/nangate45_3D/bp_fe/HBT/6_final.spef line 138830, instance icache_1/lce/_19507_ not found.
[WARNING STA-1648] ./results/nangate45_3D/bp_fe/HBT/6_final.spef line 138831, instance icache_1/lce/_20338_ not found.
[WARNING STA-1648] ./results/nangate45_3D/bp_fe/HBT/6_final.spef line 138832, instance icache_1/lce/_21270_ not found.
[WARNING STA-1648] ./results/nangate45_3D/bp_fe/HBT/6_final.spef line 138833, instance icache_1/lce/_20749_ not found.
[WARNING STA-1648] ./results/nangate45_3D/bp_fe/HBT/6_final.spef line 138834, instance icache_1/lce/_20190_ not found.
[WARNING STA-1648] ./results/nangate45_3D/bp_fe/HBT/6_final.spef line 138835, instance icache_1/lce/_21344_ not found.
[WARNING STA-1648] ./results/nangate45_3D/bp_fe/HBT/6_final.spef line 138836, instance icache_1/lce/_20823_ not found.
[WARNING STA-1648] ./results/nangate45_3D/bp_fe/HBT/6_final.spef line 138837, instance icache_1/lce/_21196_ not found.
[WARNING STA-1648] ./results/nangate45_3D/bp_fe/HBT/6_final.spef line 138838, instance icache_1/lce/_20028_ not found.
[WARNING STA-1648] ./results/nangate45_3D/bp_fe/HBT/6_final.spef line 138839, instance icache_1/lce/_21148_ not found.
[WARNING STA-1648] ./results/nangate45_3D/bp_fe/HBT/6_final.spef line 138840, instance icache_1/lce/_20261_ not found.
[WARNING STA-1648] ./results/nangate45_3D/bp_fe/HBT/6_final.spef line 138841, instance icache_1/lce/_21033_ not found.
[WARNING STA-1648] ./results/nangate45_3D/bp_fe/HBT/6_final.spef line 138842, instance icache_1/lce/_20132_ not found.
[WARNING STA-1648] ./results/nangate45_3D/bp_fe/HBT/6_final.spef line 138843, instance icache_1/lce/_20197_ not found.
[WARNING STA-1648] ./results/nangate45_3D/bp_fe/HBT/6_final.spef line 138844, instance icache_1/lce/_20277_ not found.
[WARNING STA-1648] ./results/nangate45_3D/bp_fe/HBT/6_final.spef line 138845, instance icache_1/lce/_19756_ not found.
[WARNING STA-1648] ./results/nangate45_3D/bp_fe/HBT/6_final.spef line 138846, instance icache_1/lce/_19740_ not found.
[WARNING STA-1648] ./results/nangate45_3D/bp_fe/HBT/6_final.spef line 138847, instance icache_1/lce/_21267_ not found.
[WARNING STA-1648] ./results/nangate45_3D/bp_fe/HBT/6_final.spef line 138848, instance icache_1/lce/_19669_ not found.
[WARNING STA-1648] ./results/nangate45_3D/bp_fe/HBT/6_final.spef line 138849, instance icache_1/lce/_20675_ not found.
[WARNING STA-1648] ./results/nangate45_3D/bp_fe/HBT/6_final.spef line 138850, instance icache_1/lce/_20746_ not found.
[WARNING STA-1648] ./results/nangate45_3D/bp_fe/HBT/6_final.spef line 138851, instance icache_1/lce/_20681_ not found.
[WARNING STA-1648] ./results/nangate45_3D/bp_fe/HBT/6_final.spef line 138852, instance icache_1/lce/_21202_ not found.
[WARNING STA-1648] ./results/nangate45_3D/bp_fe/HBT/6_final.spef line 138853, instance icache_1/lce/_19676_ not found.
[WARNING STA-1648] ./results/nangate45_3D/bp_fe/HBT/6_final.spef line 138854, instance icache_1/lce/_21138_ not found.
[WARNING STA-1648] ./results/nangate45_3D/bp_fe/HBT/6_final.spef line 138855, instance icache_1/lce/_20512_ not found.
[WARNING STA-1648] ./results/nangate45_3D/bp_fe/HBT/6_final.spef line 138856, instance icache_1/lce/_20627_ not found.
[WARNING STA-1648] ./results/nangate45_3D/bp_fe/HBT/6_final.spef line 138857, instance icache_1/lce/_21416_ not found.
[WARNING STA-1648] ./results/nangate45_3D/bp_fe/HBT/6_final.spef line 138858, instance icache_1/lce/_19889_ not found.
[WARNING STA-1648] ./results/nangate45_3D/bp_fe/HBT/6_final.spef line 138859, instance icache_1/lce/_20895_ not found.
[WARNING STA-1648] ./results/nangate45_3D/bp_fe/HBT/6_final.spef line 138860, instance icache_1/lce/_20752_ not found.
[WARNING STA-1648] ./results/nangate45_3D/bp_fe/HBT/6_final.spef line 138861, instance icache_1/lce/_20308_ not found.
[WARNING STA-1648] ./results/nangate45_3D/bp_fe/HBT/6_final.spef line 138862, instance icache_1/lce/_20372_ not found.
[WARNING STA-1648] ./results/nangate45_3D/bp_fe/HBT/6_final.spef line 138863, instance icache_1/lce/_19682_ not found.
[WARNING STA-1648] ./results/nangate45_3D/bp_fe/HBT/6_final.spef line 138864, instance icache_1/lce/_21378_ not found.
[WARNING STA-1648] ./results/nangate45_3D/bp_fe/HBT/6_final.spef line 138865, instance icache_1/lce/_19746_ not found.
[WARNING STA-1648] ./results/nangate45_3D/bp_fe/HBT/6_final.spef line 138866, instance icache_1/lce/_21451_ not found.
[WARNING STA-1648] ./results/nangate45_3D/bp_fe/HBT/6_final.spef line 138867, instance icache_1/lce/_21327_ not found.
[WARNING STA-1648] ./results/nangate45_3D/bp_fe/HBT/6_final.spef line 138868, instance icache_1/lce/_20930_ not found.
[WARNING STA-1648] ./results/nangate45_3D/bp_fe/HBT/6_final.spef line 138869, instance icache_1/lce/_21566_ not found.
[WARNING STA-1648] ./results/nangate45_3D/bp_fe/HBT/6_final.spef line 138870, instance icache_1/lce/_21314_ not found.
[WARNING STA-1648] ./results/nangate45_3D/bp_fe/HBT/6_final.spef line 138871, instance icache_1/lce/_20793_ not found.
[WARNING STA-1648] ./results/nangate45_3D/bp_fe/HBT/6_final.spef line 138872, instance icache_1/lce/_19997_ not found.
[WARNING STA-1648] ./results/nangate45_3D/bp_fe/HBT/6_final.spef line 138873, instance icache_1/lce/_20412_ not found.
[WARNING STA-1648] ./results/nangate45_3D/bp_fe/HBT/6_final.spef line 138874, instance icache_1/lce/_20722_ not found.
[WARNING STA-1648] ./results/nangate45_3D/bp_fe/HBT/6_final.spef line 138875, instance icache_1/lce/_19787_ not found.
[WARNING STA-1648] ./results/nangate45_3D/bp_fe/HBT/6_final.spef line 138876, instance icache_1/lce/_19611_ not found.
[WARNING STA-1648] ./results/nangate45_3D/bp_fe/HBT/6_final.spef line 138877, instance icache_1/lce/_20119_ not found.
[WARNING STA-1648] ./results/nangate45_3D/bp_fe/HBT/6_final.spef line 138878, instance icache_1/lce/_19598_ not found.
[WARNING STA-1648] ./results/nangate45_3D/bp_fe/HBT/6_final.spef line 138879, instance icache_1/lce/_19716_ not found.
[WARNING STA-1648] ./results/nangate45_3D/bp_fe/HBT/6_final.spef line 138880, instance icache_1/lce/_20604_ not found.
[WARNING STA-1648] ./results/nangate45_3D/bp_fe/HBT/6_final.spef line 138881, instance icache_1/lce/_21125_ not found.
[WARNING STA-1648] ./results/nangate45_3D/bp_fe/HBT/6_final.spef line 138882, instance icache_1/lce/_20617_ not found.
[WARNING STA-1648] ./results/nangate45_3D/bp_fe/HBT/6_final.spef line 138883, instance icache_1/lce/_20564_ not found.
[WARNING STA-1648] ./results/nangate45_3D/bp_fe/HBT/6_final.spef line 138884, instance icache_1/lce/_20080_ not found.
[WARNING STA-1648] ./results/nangate45_3D/bp_fe/HBT/6_final.spef line 138885, instance icache_1/lce/_19559_ not found.
[WARNING STA-1648] ./results/nangate45_3D/bp_fe/HBT/6_final.spef line 138886, instance icache_1/lce/_20762_ not found.
[WARNING STA-1648] ./results/nangate45_3D/bp_fe/HBT/6_final.spef line 138887, instance icache_1/lce/_20196_ not found.
[WARNING STA-1648] ./results/nangate45_3D/bp_fe/HBT/6_final.spef line 138888, instance icache_1/lce/_21283_ not found.
[WARNING STA-1648] ./results/nangate45_3D/bp_fe/HBT/6_final.spef line 138889, instance icache_1/lce/_19675_ not found.
[WARNING STA-1648] ./results/nangate45_3D/bp_fe/HBT/6_final.spef line 138890, instance icache_1/lce/_21085_ not found.
[WARNING STA-1648] ./results/nangate45_3D/bp_fe/HBT/6_final.spef line 138891, instance icache_1/lce/_20500_ not found.
[WARNING STA-1648] ./results/nangate45_3D/bp_fe/HBT/6_final.spef line 138892, instance icache_1/lce/_21021_ not found.
[WARNING STA-1648] ./results/nangate45_3D/bp_fe/HBT/6_final.spef line 138893, instance icache_1/lce/_20237_ not found.
[WARNING STA-1648] ./results/nangate45_3D/bp_fe/HBT/6_final.spef line 138894, instance icache_1/lce/_20897_ not found.
[WARNING STA-1648] ./results/nangate45_3D/bp_fe/HBT/6_final.spef line 138895, instance icache_1/lce/_19944_ not found.
[WARNING STA-1648] ./results/nangate45_3D/bp_fe/HBT/6_final.spef line 138896, instance icache_1/lce/_20465_ not found.
[WARNING STA-1648] ./results/nangate45_3D/bp_fe/HBT/6_final.spef line 138897, instance icache_1/lce/_21265_ not found.
[WARNING STA-1648] ./results/nangate45_3D/bp_fe/HBT/6_final.spef line 138898, instance icache_1/lce/_20744_ not found.
[WARNING STA-1648] ./results/nangate45_3D/bp_fe/HBT/6_final.spef line 138899, instance icache_1/lce/_20687_ not found.
[WARNING STA-1648] ./results/nangate45_3D/bp_fe/HBT/6_final.spef line 138900, instance icache_1/lce/_21208_ not found.
[WARNING STA-1648] ./results/nangate45_3D/bp_fe/HBT/6_final.spef line 138901, instance icache_1/lce/_21407_ not found.
[WARNING STA-1648] ./results/nangate45_3D/bp_fe/HBT/6_final.spef line 138902, instance icache_1/lce/_20886_ not found.
[WARNING STA-1648] ./results/nangate45_3D/bp_fe/HBT/6_final.spef line 138903, instance icache_1/lce/_19959_ not found.
[WARNING STA-1648] ./results/nangate45_3D/bp_fe/HBT/6_final.spef line 138904, instance icache_1/lce/_21486_ not found.
[WARNING STA-1648] ./results/nangate45_3D/bp_fe/HBT/6_final.spef line 138905, instance icache_1/lce/_19910_ not found.
[WARNING STA-1648] ./results/nangate45_3D/bp_fe/HBT/6_final.spef line 138906, instance icache_1/lce/_21010_ not found.
[WARNING STA-1648] ./results/nangate45_3D/bp_fe/HBT/6_final.spef line 138907, instance icache_1/lce/_18894_ not found.
[WARNING STA-1648] ./results/nangate45_3D/bp_fe/HBT/6_final.spef line 138908, instance icache_1/lce/_21174_ not found.
[WARNING STA-1648] ./results/nangate45_3D/bp_fe/HBT/6_final.spef line 138909, instance icache_1/lce/_21117_ not found.
[WARNING STA-1648] ./results/nangate45_3D/bp_fe/HBT/6_final.spef line 138910, instance icache_1/lce/_20965_ not found.
[WARNING STA-1648] ./results/nangate45_3D/bp_fe/HBT/6_final.spef line 138911, instance icache_1/lce/_19862_ not found.
[WARNING STA-1648] ./results/nangate45_3D/bp_fe/HBT/6_final.spef line 138912, instance icache_1/lce/_20381_ not found.
[WARNING STA-1648] ./results/nangate45_3D/bp_fe/HBT/6_final.spef line 138913, instance icache_1/lce/_21323_ not found.
[WARNING STA-1648] ./results/nangate45_3D/bp_fe/HBT/6_final.spef line 138914, instance icache_1/lce/_20802_ not found.
[WARNING STA-1648] ./results/nangate45_3D/bp_fe/HBT/6_final.spef line 138915, instance icache_1/lce/_20317_ not found.
[WARNING STA-1648] ./results/nangate45_3D/bp_fe/HBT/6_final.spef line 138916, instance icache_1/lce/_20168_ not found.
[WARNING STA-1648] ./results/nangate45_3D/bp_fe/HBT/6_final.spef line 138917, instance icache_1/lce/_21064_ not found.
[WARNING STA-1648] ./results/nangate45_3D/bp_fe/HBT/6_final.spef line 138918, instance icache_1/lce/_20543_ not found.
[WARNING STA-1648] ./results/nangate45_3D/bp_fe/HBT/6_final.spef line 138919, instance icache_1/lce/_21437_ not found.
[WARNING STA-1648] ./results/nangate45_3D/bp_fe/HBT/6_final.spef line 138920, instance icache_1/lce/_20916_ not found.
[WARNING STA-1648] ./results/nangate45_3D/bp_fe/HBT/6_final.spef line 138921, instance icache_1/lce/_20431_ not found.
[WARNING STA-1648] ./results/nangate45_3D/bp_fe/HBT/6_final.spef line 138922, instance icache_1/lce/_19647_ not found.
[WARNING STA-1648] ./results/nangate45_3D/bp_fe/HBT/6_final.spef line 138923, instance icache_1/lce/_20006_ not found.
[WARNING STA-1648] ./results/nangate45_3D/bp_fe/HBT/6_final.spef line 138924, instance icache_1/lce/_19974_ not found.
[WARNING STA-1648] ./results/nangate45_3D/bp_fe/HBT/6_final.spef line 138925, instance icache_1/lce/_20928_ not found.
[WARNING STA-1648] ./results/nangate45_3D/bp_fe/HBT/6_final.spef line 138926, instance icache_1/lce/_20445_ not found.
[WARNING STA-1648] ./results/nangate45_3D/bp_fe/HBT/6_final.spef line 138927, instance icache_1/lce/_21006_ not found.
[WARNING STA-1648] ./results/nangate45_3D/bp_fe/HBT/6_final.spef line 138928, instance icache_1/lce/_20534_ not found.
[WARNING STA-1648] ./results/nangate45_3D/bp_fe/HBT/6_final.spef line 138929, instance icache_1/lce/_21055_ not found.
[WARNING STA-1648] ./results/nangate45_3D/bp_fe/HBT/6_final.spef line 138930, instance icache_1/lce/_20050_ not found.
[WARNING STA-1648] ./results/nangate45_3D/bp_fe/HBT/6_final.spef line 138931, instance icache_1/lce/_19529_ not found.
[WARNING STA-1648] ./results/nangate45_3D/bp_fe/HBT/6_final.spef line 138932, instance icache_1/lce/_20980_ not found.
[WARNING STA-1648] ./results/nangate45_3D/bp_fe/HBT/6_final.spef line 138933, instance icache_1/lce/_20395_ not found.
[WARNING STA-1648] ./results/nangate45_3D/bp_fe/HBT/6_final.spef line 138934, instance icache_1/lce/_19538_ not found.
[WARNING STA-1648] ./results/nangate45_3D/bp_fe/HBT/6_final.spef line 138935, instance icache_1/lce/_20059_ not found.
[WARNING STA-1648] ./results/nangate45_3D/bp_fe/HBT/6_final.spef line 138936, instance icache_1/lce/_19985_ not found.
[WARNING STA-1648] ./results/nangate45_3D/bp_fe/HBT/6_final.spef line 138937, instance icache_1/lce/_21554_ not found.
[WARNING STA-1648] ./results/nangate45_3D/bp_fe/HBT/6_final.spef line 138938, instance icache_1/lce/_18874_ not found.
[WARNING STA-1648] ./results/nangate45_3D/bp_fe/HBT/6_final.spef line 138939, instance icache_1/lce/_20990_ not found.
[WARNING STA-1648] ./results/nangate45_3D/bp_fe/HBT/6_final.spef line 138940, instance icache_1/lce/_20495_ not found.
[WARNING STA-1648] ./results/nangate45_3D/bp_fe/HBT/6_final.spef line 138941, instance icache_1/lce/_18895_ not found.
[WARNING STA-1648] ./results/nangate45_3D/bp_fe/HBT/6_final.spef line 138942, instance icache_1/lce/_19987_ not found.
[WARNING STA-1648] ./results/nangate45_3D/bp_fe/HBT/6_final.spef line 138943, instance icache_1/lce/_21556_ not found.
[WARNING STA-1648] ./results/nangate45_3D/bp_fe/HBT/6_final.spef line 138944, instance icache_1/lce/_20803_ not found.
[WARNING STA-1648] ./results/nangate45_3D/bp_fe/HBT/6_final.spef line 138945, instance icache_1/lce/_21324_ not found.
[WARNING STA-1648] ./results/nangate45_3D/bp_fe/HBT/6_final.spef line 138946, instance icache_1/lce/_20208_ not found.
[WARNING STA-1648] ./results/nangate45_3D/bp_fe/HBT/6_final.spef line 138947, instance icache_1/lce/_20109_ not found.
[WARNING STA-1648] ./results/nangate45_3D/bp_fe/HBT/6_final.spef line 138948, instance icache_1/lce/_19590_ not found.
[WARNING STA-1648] ./results/nangate45_3D/bp_fe/HBT/6_final.spef line 138949, instance icache_1/lce/_19588_ not found.
[WARNING STA-1648] ./results/nangate45_3D/bp_fe/HBT/6_final.spef line 138950, instance icache_1/lce/_20111_ not found.
[WARNING STA-1648] ./results/nangate45_3D/bp_fe/HBT/6_final.spef line 138951, instance icache_1/lce/_20596_ not found.
[WARNING STA-1648] ./results/nangate45_3D/bp_fe/HBT/6_final.spef line 138952, instance icache_1/lce/_19727_ not found.
[WARNING STA-1648] ./results/nangate45_3D/bp_fe/HBT/6_final.spef line 138953, instance icache_1/lce/_20103_ not found.
[WARNING STA-1648] ./results/nangate45_3D/bp_fe/HBT/6_final.spef line 138954, instance icache_1/lce/_19796_ not found.
[WARNING STA-1648] ./results/nangate45_3D/bp_fe/HBT/6_final.spef line 138955, instance icache_1/lce/_21254_ not found.
[WARNING STA-1648] ./results/nangate45_3D/bp_fe/HBT/6_final.spef line 138956, instance icache_1/lce/_20733_ not found.
[WARNING STA-1648] ./results/nangate45_3D/bp_fe/HBT/6_final.spef line 138957, instance icache_1/lce/_20248_ not found.
[WARNING STA-1648] ./results/nangate45_3D/bp_fe/HBT/6_final.spef line 138958, instance icache_1/lce/_19582_ not found.
[WARNING STA-1648] ./results/nangate45_3D/bp_fe/HBT/6_final.spef line 138959, instance icache_1/lce/_21162_ not found.
[WARNING STA-1648] ./results/nangate45_3D/bp_fe/HBT/6_final.spef line 138960, instance icache_1/lce/_20641_ not found.
[WARNING STA-1648] ./results/nangate45_3D/bp_fe/HBT/6_final.spef line 138961, instance icache_1/lce/_20321_ not found.
[WARNING STA-1648] ./results/nangate45_3D/bp_fe/HBT/6_final.spef line 138962, instance icache_1/lce/_21115_ not found.
[WARNING STA-1648] message limit (1000) reached. This message will no longer print.

==========================================================================
finish report_tns
--------------------------------------------------------------------------
tns -203.92

==========================================================================
finish report_wns
--------------------------------------------------------------------------
wns -0.72

==========================================================================
finish report_worst_slack
--------------------------------------------------------------------------
worst slack -0.72

==========================================================================
finish report_check_types -max_slew -max_cap -max_fanout -violators
--------------------------------------------------------------------------
max capacitance

Pin                                    Limit     Cap   Slack
------------------------------------------------------------
HBT_BOTIN_32178/TOP                   121.15  844.75 -723.59 (VIOLATED)
HBT_TOPIN_32040/BOT                   121.15  415.40 -294.25 (VIOLATED)
HBT_BOTIN_76/TOP                      121.15  170.49  -49.34 (VIOLATED)
HBT_BOTIN_72/TOP                      121.15  166.37  -45.22 (VIOLATED)
HBT_TOPIN_33711/BOT                   121.15  165.31  -44.15 (VIOLATED)
HBT_TOPIN_33737/BOT                   121.15  160.32  -39.16 (VIOLATED)
HBT_BOTIN_33766/TOP                   121.15  151.31  -30.15 (VIOLATED)
HBT_BOTIN_8480/TOP                    121.15  150.62  -29.47 (VIOLATED)
HBT_TOPIN_33713/BOT                   121.15  147.64  -26.49 (VIOLATED)
output1213/Z                           60.65   82.74  -22.08 (VIOLATED)
HBT_TOPIN_33757/BOT                   121.15  141.69  -20.53 (VIOLATED)
output1215/Z                           60.65   80.50  -19.85 (VIOLATED)
HBT_BOTIN_33716/TOP                   121.15  140.10  -18.94 (VIOLATED)
HBT_TOPIN_33816/BOT                   121.15  138.66  -17.51 (VIOLATED)
output1621/Z                           60.65   77.79  -17.14 (VIOLATED)
output1838/Z                           60.65   76.07  -15.41 (VIOLATED)
output1459/Z                           60.65   75.86  -15.21 (VIOLATED)
output1412/Z                           60.65   75.81  -15.15 (VIOLATED)
output1485/Z                           60.65   75.56  -14.90 (VIOLATED)
output1216/Z                           60.65   74.79  -14.14 (VIOLATED)
output1623/Z                           60.65   74.11  -13.46 (VIOLATED)
HBT_TOPIN_33843/BOT                   121.15  134.49  -13.34 (VIOLATED)
output1860/Z                           60.65   73.97  -13.32 (VIOLATED)
HBT_TOPIN_33729/BOT                   121.15  134.21  -13.05 (VIOLATED)
HBT_BOTIN_33803/TOP                   121.15  133.88  -12.72 (VIOLATED)
output1817/Z                           60.65   73.21  -12.55 (VIOLATED)
HBT_BOTIN_33612/TOP                   121.15  133.58  -12.42 (VIOLATED)
output1206/Z                           60.65   72.90  -12.25 (VIOLATED)
output1836/Z                           60.65   72.30  -11.65 (VIOLATED)
output1878/Z                           60.65   72.08  -11.43 (VIOLATED)
output1240/Z                           60.65   71.01  -10.35 (VIOLATED)
output1835/Z                           60.65   70.65   -9.99 (VIOLATED)
HBT_BOTIN_33594/TOP                   121.15  131.08   -9.92 (VIOLATED)
output1340/Z                           60.65   70.52   -9.86 (VIOLATED)
output1229/Z                           60.65   69.73   -9.07 (VIOLATED)
output1694/Z                           60.65   69.32   -8.67 (VIOLATED)
HBT_TOPIN_33807/BOT                   121.15  129.77   -8.61 (VIOLATED)
output1726/Z                           60.65   69.03   -8.38 (VIOLATED)
output1343/Z                           60.65   68.94   -8.28 (VIOLATED)
output1197/Z                           60.65   68.91   -8.26 (VIOLATED)
output1850/Z                           60.65   68.53   -7.88 (VIOLATED)
output1286/Z                           60.65   68.49   -7.84 (VIOLATED)
output1893/Z                           60.65   68.47   -7.81 (VIOLATED)
output1627/Z                           60.65   68.14   -7.48 (VIOLATED)
output1364/Z                           60.65   68.13   -7.48 (VIOLATED)
output1481/Z                           60.65   68.01   -7.35 (VIOLATED)
HBT_TOPIN_33788/BOT                   121.15  128.50   -7.35 (VIOLATED)
output1387/Z                           60.65   67.90   -7.24 (VIOLATED)
output1370/Z                           60.65   67.76   -7.11 (VIOLATED)
output1640/Z                           60.65   67.67   -7.02 (VIOLATED)
HBT_BOTIN_33825/TOP                   121.15  128.15   -6.99 (VIOLATED)
HBT_TOPIN_33786/BOT                   121.15  127.94   -6.79 (VIOLATED)
output1727/Z                           60.65   67.23   -6.58 (VIOLATED)
output1719/Z                           60.65   66.96   -6.31 (VIOLATED)
output1299/Z                           60.65   66.76   -6.11 (VIOLATED)
output1337/Z                           60.65   66.73   -6.08 (VIOLATED)
output1898/Z                           60.65   66.56   -5.91 (VIOLATED)
output1556/Z                           60.65   66.43   -5.78 (VIOLATED)
output1594/Z                           60.65   66.26   -5.60 (VIOLATED)
output1324/Z                           60.65   66.20   -5.55 (VIOLATED)
output1235/Z                           60.65   65.91   -5.26 (VIOLATED)
output1558/Z                           60.65   65.85   -5.20 (VIOLATED)
output1384/Z                           60.65   65.73   -5.08 (VIOLATED)
HBT_BOTIN_33634/TOP                   121.15  125.88   -4.73 (VIOLATED)
output1375/Z                           60.65   65.32   -4.67 (VIOLATED)
output1238/Z                           60.65   65.23   -4.58 (VIOLATED)
output1274/Z                           60.65   65.17   -4.52 (VIOLATED)
output1729/Z                           60.65   65.14   -4.49 (VIOLATED)
output1659/Z                           60.65   65.14   -4.48 (VIOLATED)
output1524/Z                           60.65   65.10   -4.44 (VIOLATED)
output1346/Z                           60.65   64.95   -4.30 (VIOLATED)
output1746/Z                           60.65   64.90   -4.25 (VIOLATED)
output1577/Z                           60.65   64.87   -4.22 (VIOLATED)
HBT_TOPIN_33815/BOT                   121.15  124.99   -3.84 (VIOLATED)
output1496/Z                           60.65   64.46   -3.81 (VIOLATED)
HBT_TOPIN_33677/BOT                   121.15  124.82   -3.67 (VIOLATED)
output1876/Z                           60.65   63.97   -3.31 (VIOLATED)
output1347/Z                           60.65   63.82   -3.16 (VIOLATED)
output1492/Z                           60.65   63.82   -3.16 (VIOLATED)
output1297/Z                           60.65   63.76   -3.10 (VIOLATED)
output1195/Z                           60.65   63.71   -3.06 (VIOLATED)
output1884/Z                           60.65   63.54   -2.89 (VIOLATED)
output1557/Z                           60.65   63.40   -2.75 (VIOLATED)
HBT_TOPIN_33824/BOT                   121.15  123.75   -2.60 (VIOLATED)
output1265/Z                           60.65   62.90   -2.25 (VIOLATED)
output1334/Z                           60.65   62.68   -2.03 (VIOLATED)
output1532/Z                           60.65   62.47   -1.82 (VIOLATED)
HBT_BOTIN_3317/TOP                    121.15  122.74   -1.59 (VIOLATED)
output1631/Z                           60.65   62.16   -1.51 (VIOLATED)
output1802/Z                           60.65   62.12   -1.47 (VIOLATED)
output1517/Z                           60.65   61.92   -1.27 (VIOLATED)
output1740/Z                           60.65   61.92   -1.26 (VIOLATED)
output1306/Z                           60.65   61.87   -1.21 (VIOLATED)
output1318/Z                           60.65   61.81   -1.16 (VIOLATED)
output1202/Z                           60.65   61.75   -1.10 (VIOLATED)
output1523/Z                           60.65   61.67   -1.01 (VIOLATED)
output1674/Z                           60.65   61.58   -0.92 (VIOLATED)
output1273/Z                           60.65   61.38   -0.73 (VIOLATED)
output1926/Z                           60.65   61.23   -0.58 (VIOLATED)
output1239/Z                           60.65   61.20   -0.55 (VIOLATED)
output1863/Z                           60.65   61.14   -0.48 (VIOLATED)
HBT_BOTIN_33052/TOP                   121.15  121.60   -0.44 (VIOLATED)
output1377/Z                           60.65   61.05   -0.40 (VIOLATED)
output1295/Z                           60.65   60.94   -0.28 (VIOLATED)
HBT_TOPIN_33778/BOT                   121.15  121.35   -0.20 (VIOLATED)
output1361/Z                           60.65   60.78   -0.13 (VIOLATED)


==========================================================================
finish max_slew_check_slack
--------------------------------------------------------------------------
0.02607089653611183

==========================================================================
finish max_slew_check_limit
--------------------------------------------------------------------------
0.1985349953174591

==========================================================================
finish max_slew_check_slack_limit
--------------------------------------------------------------------------
0.1313

==========================================================================
finish max_fanout_check_slack
--------------------------------------------------------------------------
1.0000000150474662e+30

==========================================================================
finish max_fanout_check_limit
--------------------------------------------------------------------------
1.0000000150474662e+30

==========================================================================
finish max_capacitance_check_slack
--------------------------------------------------------------------------
-723.5940551757812

==========================================================================
finish max_capacitance_check_limit
--------------------------------------------------------------------------
121.15499877929688

==========================================================================
finish max_capacitance_check_slack_limit
--------------------------------------------------------------------------
-5.9725

==========================================================================
finish max_slew_violation_count
--------------------------------------------------------------------------
max slew violation count 0

==========================================================================
finish max_fanout_violation_count
--------------------------------------------------------------------------
max fanout violation count 0

==========================================================================
finish max_cap_violation_count
--------------------------------------------------------------------------
max cap violation count 106

==========================================================================
finish setup_violation_count
--------------------------------------------------------------------------
setup violation count 1268

==========================================================================
finish hold_violation_count
--------------------------------------------------------------------------
hold violation count 0
+_+_+_+_+_+_+_+_+_+_+_+_+_+_+_+_+-
Startpoint: icache_1/_22528_ (rising edge-triggered flip-flop clocked by CLK)
Endpoint: bp_fe_pc_gen_1/_4107_ (rising edge-triggered flip-flop clocked by CLK)
Path Group: CLK
Path Type: max

  Delay    Time   Description
---------------------------------------------------------
   0.00    0.00   clock CLK (rise edge)
   0.00    0.00   clock network delay (ideal)
   0.00    0.00 ^ icache_1/_22528_/CK (DFF_X1_upper)
   0.08    0.08 v icache_1/_22528_/Q (DFF_X1_upper)
   0.06    0.14 v icache_1/_11182_/Z (XOR2_X1_upper)
   0.12    0.26 v icache_1/_11183_/ZN (OR4_X1_upper)
   0.11    0.37 ^ icache_1/_11226_/ZN (OAI33_X1_upper)
   0.04    0.41 ^ max_cap2597/Z (BUF_X2_upper)
   0.04    0.45 ^ icache_1/_11227_/ZN (OR3_X4_upper)
   0.02    0.47 v icache_1/_11229_/ZN (AOI21_X4_upper)
   0.06    0.53 ^ icache_1/_11236_/ZN (NOR2_X4_upper)
   0.00    0.53 ^ HBT_TOPIN_10756/BOT (HBT_TOPIN)
   0.01    0.54 ^ max_cap2352/Z (BUF_X16_bottom)
   0.00    0.54 ^ HBT_BOTIN_33465/TOP (HBT_BOTIN)
   0.02    0.56 ^ max_cap2351/Z (BUF_X16_upper)
   0.01    0.57 ^ HBT_TOPIN_33464/BOT (HBT_TOPIN)
   0.04    0.61 ^ max_cap2350/Z (BUF_X16_bottom)
   0.03    0.64 ^ HBT_BOTIN_33463/TOP (HBT_BOTIN)
   0.01    0.65 v icache_1/_11250_/ZN (NAND2_X4_upper)
   0.03    0.68 v wire2096/Z (BUF_X8_upper)
   0.04    0.72 ^ icache_1/_11456_/ZN (OAI21_X1_upper)
   0.02    0.74 v icache_1/_11458_/ZN (AOI221_X2_upper)
   0.07    0.80 ^ icache_1/_11473_/ZN (AOI221_X2_upper)
   0.05    0.85 ^ bp_fe_pc_gen_1/_2299_/ZN (AND2_X1_upper)
   0.03    0.88 v bp_fe_pc_gen_1/_2300_/ZN (NAND4_X4_upper)
   0.00    0.88 v HBT_TOPIN_466/BOT (HBT_TOPIN)
   0.03    0.92 ^ bp_fe_pc_gen_1/_2302_/ZN (AOI21_X4_bottom)
   0.06    0.98 v bp_fe_pc_gen_1/_2381_/ZN (NAND2_X4_bottom)
   0.04    1.02 ^ bp_fe_pc_gen_1/_2642_/ZN (INV_X32_bottom)
   0.09    1.11 ^ bp_fe_pc_gen_1/_4014_/S (HA_X1_bottom)
   0.04    1.15 v bp_fe_pc_gen_1/_2480_/ZN (NAND4_X1_bottom)
   0.05    1.21 ^ bp_fe_pc_gen_1/_2486_/ZN (NOR2_X1_bottom)
   0.03    1.24 v bp_fe_pc_gen_1/_2525_/ZN (NAND3_X1_bottom)
   0.06    1.30 ^ bp_fe_pc_gen_1/_2526_/ZN (NOR3_X2_bottom)
   0.02    1.32 v bp_fe_pc_gen_1/_2527_/ZN (AOI21_X4_bottom)
   0.04    1.36 ^ bp_fe_pc_gen_1/_2546_/ZN (AOI21_X4_bottom)
   0.01    1.37 v bp_fe_pc_gen_1/_2547_/ZN (INV_X1_bottom)
   0.04    1.41 ^ bp_fe_pc_gen_1/_2566_/ZN (OAI21_X1_bottom)
   0.06    1.46 ^ bp_fe_pc_gen_1/_3956_/S (FA_X1_bottom)
   0.01    1.47 v bp_fe_pc_gen_1/_3264_/ZN (INV_X1_bottom)
   0.05    1.52 v bp_fe_pc_gen_1/_3265_/Z (MUX2_X1_bottom)
   0.06    1.58 v bp_fe_pc_gen_1/_3266_/Z (MUX2_X1_bottom)
   0.05    1.63 ^ bp_fe_pc_gen_1/_3267_/ZN (AOI22_X1_bottom)
   0.02    1.64 v bp_fe_pc_gen_1/_3268_/ZN (NAND2_X1_bottom)
   0.02    1.67 ^ bp_fe_pc_gen_1/_3269_/ZN (OAI211_X1_bottom)
   0.01    1.68 v bp_fe_pc_gen_1/_3271_/ZN (NAND2_X1_bottom)
   0.00    1.68 v bp_fe_pc_gen_1/_4107_/D (DFF_X2_bottom)
           1.68   data arrival time

   1.00    1.00   clock CLK (rise edge)
   0.00    1.00   clock network delay (ideal)
   0.00    1.00   clock reconvergence pessimism
           1.00 ^ bp_fe_pc_gen_1/_4107_/CK (DFF_X2_bottom)
  -0.04    0.96   library setup time
           0.96   data required time
---------------------------------------------------------
           0.96   data required time
          -1.68   data arrival time
---------------------------------------------------------
          -0.72   slack (VIOLATED)


Startpoint: icache_1/_22528_ (rising edge-triggered flip-flop clocked by CLK)
Endpoint: bp_fe_pc_gen_1/_4083_ (rising edge-triggered flip-flop clocked by CLK)
Path Group: CLK
Path Type: max

  Delay    Time   Description
---------------------------------------------------------
   0.00    0.00   clock CLK (rise edge)
   0.00    0.00   clock network delay (ideal)
   0.00    0.00 ^ icache_1/_22528_/CK (DFF_X1_upper)
   0.08    0.08 v icache_1/_22528_/Q (DFF_X1_upper)
   0.06    0.14 v icache_1/_11182_/Z (XOR2_X1_upper)
   0.12    0.26 v icache_1/_11183_/ZN (OR4_X1_upper)
   0.11    0.37 ^ icache_1/_11226_/ZN (OAI33_X1_upper)
   0.04    0.41 ^ max_cap2597/Z (BUF_X2_upper)
   0.04    0.45 ^ icache_1/_11227_/ZN (OR3_X4_upper)
   0.02    0.47 v icache_1/_11229_/ZN (AOI21_X4_upper)
   0.06    0.53 ^ icache_1/_11236_/ZN (NOR2_X4_upper)
   0.00    0.53 ^ HBT_TOPIN_10756/BOT (HBT_TOPIN)
   0.01    0.54 ^ max_cap2352/Z (BUF_X16_bottom)
   0.00    0.54 ^ HBT_BOTIN_33465/TOP (HBT_BOTIN)
   0.02    0.56 ^ max_cap2351/Z (BUF_X16_upper)
   0.01    0.57 ^ HBT_TOPIN_33464/BOT (HBT_TOPIN)
   0.04    0.61 ^ max_cap2350/Z (BUF_X16_bottom)
   0.03    0.64 ^ HBT_BOTIN_33463/TOP (HBT_BOTIN)
   0.01    0.65 v icache_1/_11250_/ZN (NAND2_X4_upper)
   0.03    0.68 v wire2096/Z (BUF_X8_upper)
   0.04    0.72 ^ icache_1/_11456_/ZN (OAI21_X1_upper)
   0.02    0.74 v icache_1/_11458_/ZN (AOI221_X2_upper)
   0.07    0.80 ^ icache_1/_11473_/ZN (AOI221_X2_upper)
   0.05    0.85 ^ bp_fe_pc_gen_1/_2299_/ZN (AND2_X1_upper)
   0.03    0.88 v bp_fe_pc_gen_1/_2300_/ZN (NAND4_X4_upper)
   0.00    0.88 v HBT_TOPIN_466/BOT (HBT_TOPIN)
   0.03    0.92 ^ bp_fe_pc_gen_1/_2302_/ZN (AOI21_X4_bottom)
   0.06    0.98 v bp_fe_pc_gen_1/_2381_/ZN (NAND2_X4_bottom)
   0.04    1.02 ^ bp_fe_pc_gen_1/_2642_/ZN (INV_X32_bottom)
   0.08    1.10 ^ bp_fe_pc_gen_1/_3990_/S (HA_X1_bottom)
   0.08    1.18 ^ bp_fe_pc_gen_1/_2403_/ZN (AND4_X1_bottom)
   0.04    1.22 ^ bp_fe_pc_gen_1/_2404_/ZN (AND2_X1_bottom)
   0.02    1.24 v bp_fe_pc_gen_1/_2407_/ZN (NAND2_X1_bottom)
   0.04    1.28 ^ bp_fe_pc_gen_1/_2408_/ZN (OAI21_X4_bottom)
   0.03    1.31 v bp_fe_pc_gen_1/_2450_/ZN (NAND4_X1_bottom)
   0.02    1.34 ^ bp_fe_pc_gen_1/_2451_/ZN (NAND2_X1_bottom)
   0.02    1.35 v bp_fe_pc_gen_1/_2470_/ZN (INV_X1_bottom)
   0.11    1.46 ^ bp_fe_pc_gen_1/_3944_/S (FA_X1_bottom)
   0.00    1.47 v bp_fe_pc_gen_1/_3027_/ZN (INV_X1_bottom)
   0.00    1.47 v HBT_BOTIN_968/TOP (HBT_BOTIN)
   0.05    1.52 v bp_fe_pc_gen_1/_3028_/Z (MUX2_X1_upper)
   0.06    1.58 v bp_fe_pc_gen_1/_3029_/Z (MUX2_X1_upper)
   0.05    1.62 ^ bp_fe_pc_gen_1/_3030_/ZN (AOI22_X1_upper)
   0.02    1.64 v bp_fe_pc_gen_1/_3031_/ZN (NAND2_X1_upper)
   0.02    1.66 ^ bp_fe_pc_gen_1/_3032_/ZN (OAI211_X1_upper)
   0.01    1.68 v bp_fe_pc_gen_1/_3034_/ZN (NAND2_X1_upper)
   0.00    1.68 v bp_fe_pc_gen_1/_4083_/D (DFF_X2_upper)
           1.68   data arrival time

   1.00    1.00   clock CLK (rise edge)
   0.00    1.00   clock network delay (ideal)
   0.00    1.00   clock reconvergence pessimism
           1.00 ^ bp_fe_pc_gen_1/_4083_/CK (DFF_X2_upper)
  -0.04    0.96   library setup time
           0.96   data required time
---------------------------------------------------------
           0.96   data required time
          -1.68   data arrival time
---------------------------------------------------------
          -0.72   slack (VIOLATED)


Startpoint: icache_1/_22528_ (rising edge-triggered flip-flop clocked by CLK)
Endpoint: bp_fe_pc_gen_1/_4098_ (rising edge-triggered flip-flop clocked by CLK)
Path Group: CLK
Path Type: max

  Delay    Time   Description
---------------------------------------------------------
   0.00    0.00   clock CLK (rise edge)
   0.00    0.00   clock network delay (ideal)
   0.00    0.00 ^ icache_1/_22528_/CK (DFF_X1_upper)
   0.08    0.08 v icache_1/_22528_/Q (DFF_X1_upper)
   0.06    0.14 v icache_1/_11182_/Z (XOR2_X1_upper)
   0.12    0.26 v icache_1/_11183_/ZN (OR4_X1_upper)
   0.11    0.37 ^ icache_1/_11226_/ZN (OAI33_X1_upper)
   0.04    0.41 ^ max_cap2597/Z (BUF_X2_upper)
   0.04    0.45 ^ icache_1/_11227_/ZN (OR3_X4_upper)
   0.02    0.47 v icache_1/_11229_/ZN (AOI21_X4_upper)
   0.06    0.53 ^ icache_1/_11236_/ZN (NOR2_X4_upper)
   0.00    0.53 ^ HBT_TOPIN_10756/BOT (HBT_TOPIN)
   0.01    0.54 ^ max_cap2352/Z (BUF_X16_bottom)
   0.00    0.54 ^ HBT_BOTIN_33465/TOP (HBT_BOTIN)
   0.02    0.56 ^ max_cap2351/Z (BUF_X16_upper)
   0.01    0.57 ^ HBT_TOPIN_33464/BOT (HBT_TOPIN)
   0.04    0.61 ^ max_cap2350/Z (BUF_X16_bottom)
   0.03    0.64 ^ HBT_BOTIN_33463/TOP (HBT_BOTIN)
   0.01    0.65 v icache_1/_11250_/ZN (NAND2_X4_upper)
   0.03    0.68 v wire2096/Z (BUF_X8_upper)
   0.04    0.72 ^ icache_1/_11456_/ZN (OAI21_X1_upper)
   0.02    0.74 v icache_1/_11458_/ZN (AOI221_X2_upper)
   0.07    0.80 ^ icache_1/_11473_/ZN (AOI221_X2_upper)
   0.05    0.85 ^ bp_fe_pc_gen_1/_2299_/ZN (AND2_X1_upper)
   0.03    0.88 v bp_fe_pc_gen_1/_2300_/ZN (NAND4_X4_upper)
   0.00    0.88 v HBT_TOPIN_466/BOT (HBT_TOPIN)
   0.03    0.92 ^ bp_fe_pc_gen_1/_2302_/ZN (AOI21_X4_bottom)
   0.06    0.98 v bp_fe_pc_gen_1/_2381_/ZN (NAND2_X4_bottom)
   0.04    1.02 ^ bp_fe_pc_gen_1/_2642_/ZN (INV_X32_bottom)
   0.08    1.10 ^ bp_fe_pc_gen_1/_3990_/S (HA_X1_bottom)
   0.08    1.18 ^ bp_fe_pc_gen_1/_2403_/ZN (AND4_X1_bottom)
   0.04    1.22 ^ bp_fe_pc_gen_1/_2404_/ZN (AND2_X1_bottom)
   0.02    1.24 v bp_fe_pc_gen_1/_2407_/ZN (NAND2_X1_bottom)
   0.04    1.28 ^ bp_fe_pc_gen_1/_2408_/ZN (OAI21_X4_bottom)
   0.03    1.31 v bp_fe_pc_gen_1/_2450_/ZN (NAND4_X1_bottom)
   0.02    1.34 ^ bp_fe_pc_gen_1/_2451_/ZN (NAND2_X1_bottom)
   0.02    1.35 v bp_fe_pc_gen_1/_2470_/ZN (INV_X1_bottom)
   0.04    1.39 ^ bp_fe_pc_gen_1/_2488_/ZN (OAI21_X2_bottom)
   0.01    1.40 v bp_fe_pc_gen_1/_2502_/ZN (INV_X1_bottom)
   0.04    1.44 ^ bp_fe_pc_gen_1/_2503_/ZN (OAI21_X2_bottom)
   0.02    1.46 v bp_fe_pc_gen_1/_2509_/ZN (AOI221_X2_bottom)
   0.07    1.53 v bp_fe_pc_gen_1/_3951_/CO (FA_X1_bottom)
   0.04    1.56 ^ bp_fe_pc_gen_1/_3182_/Z (XOR2_X1_bottom)
   0.02    1.58 v bp_fe_pc_gen_1/_3183_/ZN (AOI211_X2_bottom)
   0.06    1.65 ^ bp_fe_pc_gen_1/_3186_/ZN (AOI211_X2_bottom)
   0.02    1.66 v bp_fe_pc_gen_1/_3187_/ZN (OAI21_X1_bottom)
   0.00    1.66 v bp_fe_pc_gen_1/_4098_/D (DFF_X2_bottom)
           1.66   data arrival time

   1.00    1.00   clock CLK (rise edge)
   0.00    1.00   clock network delay (ideal)
   0.00    1.00   clock reconvergence pessimism
           1.00 ^ bp_fe_pc_gen_1/_4098_/CK (DFF_X2_bottom)
  -0.04    0.96   library setup time
           0.96   data required time
---------------------------------------------------------
           0.96   data required time
          -1.66   data arrival time
---------------------------------------------------------
          -0.71   slack (VIOLATED)


Startpoint: icache_1/_22528_ (rising edge-triggered flip-flop clocked by CLK)
Endpoint: bp_fe_pc_gen_1/_4097_ (rising edge-triggered flip-flop clocked by CLK)
Path Group: CLK
Path Type: max

  Delay    Time   Description
---------------------------------------------------------
   0.00    0.00   clock CLK (rise edge)
   0.00    0.00   clock network delay (ideal)
   0.00    0.00 ^ icache_1/_22528_/CK (DFF_X1_upper)
   0.08    0.08 v icache_1/_22528_/Q (DFF_X1_upper)
   0.06    0.14 v icache_1/_11182_/Z (XOR2_X1_upper)
   0.12    0.26 v icache_1/_11183_/ZN (OR4_X1_upper)
   0.11    0.37 ^ icache_1/_11226_/ZN (OAI33_X1_upper)
   0.04    0.41 ^ max_cap2597/Z (BUF_X2_upper)
   0.04    0.45 ^ icache_1/_11227_/ZN (OR3_X4_upper)
   0.02    0.47 v icache_1/_11229_/ZN (AOI21_X4_upper)
   0.06    0.53 ^ icache_1/_11236_/ZN (NOR2_X4_upper)
   0.00    0.53 ^ HBT_TOPIN_10756/BOT (HBT_TOPIN)
   0.01    0.54 ^ max_cap2352/Z (BUF_X16_bottom)
   0.00    0.54 ^ HBT_BOTIN_33465/TOP (HBT_BOTIN)
   0.02    0.56 ^ max_cap2351/Z (BUF_X16_upper)
   0.01    0.57 ^ HBT_TOPIN_33464/BOT (HBT_TOPIN)
   0.04    0.61 ^ max_cap2350/Z (BUF_X16_bottom)
   0.03    0.64 ^ HBT_BOTIN_33463/TOP (HBT_BOTIN)
   0.01    0.65 v icache_1/_11250_/ZN (NAND2_X4_upper)
   0.03    0.68 v wire2096/Z (BUF_X8_upper)
   0.04    0.72 ^ icache_1/_11456_/ZN (OAI21_X1_upper)
   0.02    0.74 v icache_1/_11458_/ZN (AOI221_X2_upper)
   0.07    0.80 ^ icache_1/_11473_/ZN (AOI221_X2_upper)
   0.05    0.85 ^ bp_fe_pc_gen_1/_2299_/ZN (AND2_X1_upper)
   0.03    0.88 v bp_fe_pc_gen_1/_2300_/ZN (NAND4_X4_upper)
   0.00    0.88 v HBT_TOPIN_466/BOT (HBT_TOPIN)
   0.03    0.92 ^ bp_fe_pc_gen_1/_2302_/ZN (AOI21_X4_bottom)
   0.06    0.98 v bp_fe_pc_gen_1/_2381_/ZN (NAND2_X4_bottom)
   0.04    1.02 ^ bp_fe_pc_gen_1/_2642_/ZN (INV_X32_bottom)
   0.08    1.10 ^ bp_fe_pc_gen_1/_3990_/S (HA_X1_bottom)
   0.08    1.18 ^ bp_fe_pc_gen_1/_2403_/ZN (AND4_X1_bottom)
   0.04    1.22 ^ bp_fe_pc_gen_1/_2404_/ZN (AND2_X1_bottom)
   0.02    1.24 v bp_fe_pc_gen_1/_2407_/ZN (NAND2_X1_bottom)
   0.04    1.28 ^ bp_fe_pc_gen_1/_2408_/ZN (OAI21_X4_bottom)
   0.03    1.31 v bp_fe_pc_gen_1/_2450_/ZN (NAND4_X1_bottom)
   0.02    1.34 ^ bp_fe_pc_gen_1/_2451_/ZN (NAND2_X1_bottom)
   0.02    1.35 v bp_fe_pc_gen_1/_2470_/ZN (INV_X1_bottom)
   0.04    1.39 ^ bp_fe_pc_gen_1/_2488_/ZN (OAI21_X2_bottom)
   0.01    1.40 v bp_fe_pc_gen_1/_2502_/ZN (INV_X1_bottom)
   0.04    1.44 ^ bp_fe_pc_gen_1/_2503_/ZN (OAI21_X2_bottom)
   0.02    1.46 v bp_fe_pc_gen_1/_2509_/ZN (AOI221_X2_bottom)
   0.11    1.57 ^ bp_fe_pc_gen_1/_3951_/S (FA_X1_bottom)
   0.01    1.58 v bp_fe_pc_gen_1/_3174_/ZN (NAND2_X1_bottom)
   0.02    1.61 ^ bp_fe_pc_gen_1/_3176_/ZN (OAI211_X1_bottom)
   0.02    1.63 v bp_fe_pc_gen_1/_3177_/ZN (OAI21_X1_bottom)
   0.03    1.66 ^ bp_fe_pc_gen_1/_3178_/ZN (OAI211_X1_bottom)
   0.00    1.66 ^ bp_fe_pc_gen_1/_4097_/D (DFF_X2_bottom)
           1.66   data arrival time

   1.00    1.00   clock CLK (rise edge)
   0.00    1.00   clock network delay (ideal)
   0.00    1.00   clock reconvergence pessimism
           1.00 ^ bp_fe_pc_gen_1/_4097_/CK (DFF_X2_bottom)
  -0.03    0.97   library setup time
           0.97   data required time
---------------------------------------------------------
           0.97   data required time
          -1.66   data arrival time
---------------------------------------------------------
          -0.69   slack (VIOLATED)


Startpoint: icache_1/_22528_ (rising edge-triggered flip-flop clocked by CLK)
Endpoint: bp_fe_pc_gen_1/_4114_ (rising edge-triggered flip-flop clocked by CLK)
Path Group: CLK
Path Type: max

  Delay    Time   Description
---------------------------------------------------------
   0.00    0.00   clock CLK (rise edge)
   0.00    0.00   clock network delay (ideal)
   0.00    0.00 ^ icache_1/_22528_/CK (DFF_X1_upper)
   0.08    0.08 v icache_1/_22528_/Q (DFF_X1_upper)
   0.06    0.14 v icache_1/_11182_/Z (XOR2_X1_upper)
   0.12    0.26 v icache_1/_11183_/ZN (OR4_X1_upper)
   0.11    0.37 ^ icache_1/_11226_/ZN (OAI33_X1_upper)
   0.04    0.41 ^ max_cap2597/Z (BUF_X2_upper)
   0.04    0.45 ^ icache_1/_11227_/ZN (OR3_X4_upper)
   0.02    0.47 v icache_1/_11229_/ZN (AOI21_X4_upper)
   0.06    0.53 ^ icache_1/_11236_/ZN (NOR2_X4_upper)
   0.00    0.53 ^ HBT_TOPIN_10756/BOT (HBT_TOPIN)
   0.01    0.54 ^ max_cap2352/Z (BUF_X16_bottom)
   0.00    0.54 ^ HBT_BOTIN_33465/TOP (HBT_BOTIN)
   0.02    0.56 ^ max_cap2351/Z (BUF_X16_upper)
   0.01    0.57 ^ HBT_TOPIN_33464/BOT (HBT_TOPIN)
   0.04    0.61 ^ max_cap2350/Z (BUF_X16_bottom)
   0.03    0.64 ^ HBT_BOTIN_33463/TOP (HBT_BOTIN)
   0.01    0.65 v icache_1/_11250_/ZN (NAND2_X4_upper)
   0.03    0.68 v wire2096/Z (BUF_X8_upper)
   0.04    0.72 ^ icache_1/_11456_/ZN (OAI21_X1_upper)
   0.02    0.74 v icache_1/_11458_/ZN (AOI221_X2_upper)
   0.07    0.80 ^ icache_1/_11473_/ZN (AOI221_X2_upper)
   0.05    0.85 ^ bp_fe_pc_gen_1/_2299_/ZN (AND2_X1_upper)
   0.03    0.88 v bp_fe_pc_gen_1/_2300_/ZN (NAND4_X4_upper)
   0.00    0.88 v HBT_TOPIN_466/BOT (HBT_TOPIN)
   0.03    0.92 ^ bp_fe_pc_gen_1/_2302_/ZN (AOI21_X4_bottom)
   0.06    0.98 v bp_fe_pc_gen_1/_2381_/ZN (NAND2_X4_bottom)
   0.04    1.02 ^ bp_fe_pc_gen_1/_2642_/ZN (INV_X32_bottom)
   0.09    1.11 ^ bp_fe_pc_gen_1/_4014_/S (HA_X1_bottom)
   0.04    1.15 v bp_fe_pc_gen_1/_2480_/ZN (NAND4_X1_bottom)
   0.05    1.21 ^ bp_fe_pc_gen_1/_2486_/ZN (NOR2_X1_bottom)
   0.03    1.24 v bp_fe_pc_gen_1/_2525_/ZN (NAND3_X1_bottom)
   0.06    1.30 ^ bp_fe_pc_gen_1/_2526_/ZN (NOR3_X2_bottom)
   0.02    1.32 v bp_fe_pc_gen_1/_2527_/ZN (AOI21_X4_bottom)
   0.04    1.36 ^ bp_fe_pc_gen_1/_2546_/ZN (AOI21_X4_bottom)
   0.02    1.37 v bp_fe_pc_gen_1/_2575_/ZN (AOI21_X2_bottom)
   0.00    1.37 v HBT_BOTIN_1962/TOP (HBT_BOTIN)
   0.03    1.40 ^ bp_fe_pc_gen_1/_2582_/ZN (OAI21_X1_upper)
   0.00    1.40 ^ HBT_TOPIN_658/BOT (HBT_TOPIN)
   0.01    1.42 v bp_fe_pc_gen_1/_2586_/ZN (AOI221_X2_bottom)
   0.00    1.42 v HBT_BOTIN_1970/TOP (HBT_BOTIN)
   0.07    1.48 v bp_fe_pc_gen_1/_3959_/CO (FA_X1_upper)
   0.04    1.52 v bp_fe_pc_gen_1/_3335_/ZN (XNOR2_X1_upper)
   0.04    1.57 v bp_fe_pc_gen_1/_3336_/ZN (XNOR2_X1_upper)
   0.06    1.63 ^ bp_fe_pc_gen_1/_3338_/ZN (AOI221_X2_upper)
   0.02    1.65 v bp_fe_pc_gen_1/_3339_/ZN (OAI21_X1_upper)
   0.00    1.65 v bp_fe_pc_gen_1/_4114_/D (DFF_X2_upper)
           1.65   data arrival time

   1.00    1.00   clock CLK (rise edge)
   0.00    1.00   clock network delay (ideal)
   0.00    1.00   clock reconvergence pessimism
           1.00 ^ bp_fe_pc_gen_1/_4114_/CK (DFF_X2_upper)
  -0.04    0.96   library setup time
           0.96   data required time
---------------------------------------------------------
           0.96   data required time
          -1.65   data arrival time
---------------------------------------------------------
          -0.69   slack (VIOLATED)


+_+_+_+_+_+_+_+_+_+_+_+_+_+_+_+_+-

==========================================================================
finish critical path delay
--------------------------------------------------------------------------
1.6803

==========================================================================
finish critical path slack
--------------------------------------------------------------------------
-0.7223

==========================================================================
finish slack div critical path delay
--------------------------------------------------------------------------
-42.986371

==========================================================================
finish report_power
--------------------------------------------------------------------------
Group                  Internal  Switching    Leakage      Total
                          Power      Power      Power      Power (Watts)
----------------------------------------------------------------
Sequential             3.28e-02   2.93e-03   3.49e-04   3.61e-02  15.1%
Combinational          3.70e-02   3.17e-02   1.24e-03   6.99e-02  29.3%
Clock                  0.00e+00   0.00e+00   0.00e+00   0.00e+00   0.0%
Macro                  1.25e-01   0.00e+00   7.60e-03   1.33e-01  55.6%
Pad                    0.00e+00   0.00e+00   0.00e+00   0.00e+00   0.0%
----------------------------------------------------------------
Total                  1.95e-01   3.46e-02   9.18e-03   2.39e-01 100.0%
                          81.7%      14.5%       3.8%

==========================================================================
finish report_design_area
--------------------------------------------------------------------------
Design area 228955 u^2 104% utilization.

[WARNING GUI-0076] QStandardPaths: XDG_RUNTIME_DIR not set, defaulting to '/tmp/runtime-root'
[WARNING GUI-0076] This plugin does not support propagateSizeHints()
[WARNING GUI-0076] This plugin does not support propagateSizeHints()
[WARNING GUI-0076] This plugin does not support propagateSizeHints()
[WARNING GUI-0010] File path does not end with a valid extension, new path is: ./reports/nangate45_3D/bp_fe/HBT/final_routing.webp.png
[WARNING GUI-0010] File path does not end with a valid extension, new path is: ./reports/nangate45_3D/bp_fe/HBT/final_placement.webp.png
[WARNING GUI-0010] File path does not end with a valid extension, new path is: ./reports/nangate45_3D/bp_fe/HBT/final_ir_drop.webp.png
[WARNING GUI-0066] Heat map "IR Drop" has not been populated with data.
[WARNING GUI-0010] File path does not end with a valid extension, new path is: ./reports/nangate45_3D/bp_fe/HBT/final_clocks.webp.png
[WARNING GUI-0010] File path does not end with a valid extension, new path is: ./reports/nangate45_3D/bp_fe/HBT/final_congestion.webp.png
[WARNING GUI-0010] File path does not end with a valid extension, new path is: ./reports/nangate45_3D/bp_fe/HBT/final_resizer.webp.png
[WARNING GUI-0010] File path does not end with a valid extension, new path is: ./reports/nangate45_3D/bp_fe/HBT/cts_CLK.webp.png
Elapsed time: 0:36.79[h:]min:sec. CPU time: user 35.63 sys 1.26 (100%). Peak memory: 779140KB.
