OpenROAD v2.0-17198-g8396d0866 
Features included (+) or not (-): +Charts +GPU +GUI +Python : None
This program is licensed under the BSD-3 license. See the LICENSE file for details.
Components of this program may be licensed under more restrictive licenses which must be honored.
[WARNING STA-0101] object 'rst_ni' not found.
[WARNING STA-0472] no valid objects specified for -through
[WARNING STA-0101] object 'reset_i' not found.
[WARNING STA-0472] no valid objects specified for -through
[WARNING STA-0101] object 'reset_l' not found.
[WARNING STA-0472] no valid objects specified for -through
[WARNING STA-0101] object 'p_clk_async_reset_i' not found.
[WARNING STA-0472] no valid objects specified for -through
[WARNING ODB-0378] Global connections are not set up.
[INFO] Deleted 0 routing obstructions
[INFO RCX-0431] Defined process_corner X with ext_model_index 0
[INFO RCX-0029] Defined extraction corner X
[INFO RCX-0435] Reading extraction model file /workspace/OpenROAD-3D/flow/platforms/nangate45_3D/nangate45_3D.rules ...
[INFO RCX-0436] RC segment generation swerv_wrapper (max_merge_res 50.0) ...
[INFO RCX-0040] Final 505077 rc segments
[INFO RCX-0439] Coupling Cap extraction swerv_wrapper ...
[INFO RCX-0440] Coupling threshhold is 0.1000 fF, coupling capacitance less than 0.1000 fF will be grounded.
[INFO RCX-0442] 8% of 1571695 wires extracted
[INFO RCX-0442] 23% of 1571695 wires extracted
[INFO RCX-0442] 43% of 1571695 wires extracted
[INFO RCX-0442] 49% of 1571695 wires extracted
[INFO RCX-0442] 66% of 1571695 wires extracted
[INFO RCX-0442] 82% of 1571695 wires extracted
[INFO RCX-0442] 93% of 1571695 wires extracted
[INFO RCX-0442] 99% of 1571695 wires extracted
[INFO RCX-0045] Extract 117920 nets, 602670 rsegs, 602670 caps, 1449093 ccs
[INFO RCX-0042] 100000 nets finished
[INFO RCX-0443] 117922 nets finished
[WARNING STA-1648] ./results/nangate45_3D/swerv_wrapper/HBT/6_final.spef line 221184, instance mem/Gen_dccm_enable_dccm/mem_bank_7__dccm_bank/mem not found.
[WARNING STA-1648] ./results/nangate45_3D/swerv_wrapper/HBT/6_final.spef line 221185, instance swerv/lsu/stbuf/_19514_ not found.
[WARNING STA-1648] ./results/nangate45_3D/swerv_wrapper/HBT/6_final.spef line 221186, instance swerv/lsu/stbuf/_19591_ not found.
[WARNING STA-1648] ./results/nangate45_3D/swerv_wrapper/HBT/6_final.spef line 221187, instance swerv/lsu/stbuf/_19534_ not found.
[WARNING STA-1648] ./results/nangate45_3D/swerv_wrapper/HBT/6_final.spef line 221188, instance swerv/lsu/stbuf/_19530_ not found.
[WARNING STA-1648] ./results/nangate45_3D/swerv_wrapper/HBT/6_final.spef line 221189, instance mem/Gen_dccm_enable_dccm/_2385_ not found.
[WARNING STA-1648] ./results/nangate45_3D/swerv_wrapper/HBT/6_final.spef line 221190, instance mem/Gen_dccm_enable_dccm/_2387_ not found.
[WARNING STA-1648] ./results/nangate45_3D/swerv_wrapper/HBT/6_final.spef line 221191, instance mem/Gen_dccm_enable_dccm/_2386_ not found.
[WARNING STA-1648] ./results/nangate45_3D/swerv_wrapper/HBT/6_final.spef line 221192, instance mem/Gen_dccm_enable_dccm/_2384_ not found.
[WARNING STA-1648] ./results/nangate45_3D/swerv_wrapper/HBT/6_final.spef line 221193, instance mem/Gen_dccm_enable_dccm/_2382_ not found.
[WARNING STA-1648] ./results/nangate45_3D/swerv_wrapper/HBT/6_final.spef line 221194, instance swerv/lsu/_9116_ not found.
[WARNING STA-1648] ./results/nangate45_3D/swerv_wrapper/HBT/6_final.spef line 221195, instance swerv/lsu/_9122_ not found.
[WARNING STA-1648] ./results/nangate45_3D/swerv_wrapper/HBT/6_final.spef line 221196, instance swerv/lsu/_9099_ not found.
[WARNING STA-1648] ./results/nangate45_3D/swerv_wrapper/HBT/6_final.spef line 221197, instance swerv/lsu/_9112_ not found.
[WARNING STA-1648] ./results/nangate45_3D/swerv_wrapper/HBT/6_final.spef line 221198, instance swerv/lsu/_9100_ not found.
[WARNING STA-1648] ./results/nangate45_3D/swerv_wrapper/HBT/6_final.spef line 221199, instance mem/Gen_dccm_enable_dccm/mem_bank_5__dccm_bank/mem not found.
[WARNING STA-1648] ./results/nangate45_3D/swerv_wrapper/HBT/6_final.spef line 221200, instance mem/Gen_dccm_enable_dccm/mem_bank_0__dccm_bank/mem not found.
[WARNING STA-1648] ./results/nangate45_3D/swerv_wrapper/HBT/6_final.spef line 221201, instance mem/Gen_dccm_enable_dccm/mem_bank_1__dccm_bank/mem not found.
[WARNING STA-1648] ./results/nangate45_3D/swerv_wrapper/HBT/6_final.spef line 221202, instance mem/Gen_dccm_enable_dccm/mem_bank_4__dccm_bank/mem not found.
[WARNING STA-1648] ./results/nangate45_3D/swerv_wrapper/HBT/6_final.spef line 221203, instance swerv/lsu/_9063_ not found.
[WARNING STA-1648] ./results/nangate45_3D/swerv_wrapper/HBT/6_final.spef line 221204, instance swerv/lsu/_9117_ not found.
[WARNING STA-1648] ./results/nangate45_3D/swerv_wrapper/HBT/6_final.spef line 221205, instance swerv/lsu/_9113_ not found.
[WARNING STA-1648] ./results/nangate45_3D/swerv_wrapper/HBT/6_final.spef line 221206, instance swerv/lsu/_9058_ not found.
[WARNING STA-1648] ./results/nangate45_3D/swerv_wrapper/HBT/6_final.spef line 221207, instance swerv/lsu/_9114_ not found.
[WARNING STA-1648] ./results/nangate45_3D/swerv_wrapper/HBT/6_final.spef line 221208, instance swerv/lsu/_9105_ not found.
[WARNING STA-1648] ./results/nangate45_3D/swerv_wrapper/HBT/6_final.spef line 221209, instance swerv/lsu/_9061_ not found.
[WARNING STA-1648] ./results/nangate45_3D/swerv_wrapper/HBT/6_final.spef line 221210, instance swerv/lsu/_9060_ not found.
[WARNING STA-1648] ./results/nangate45_3D/swerv_wrapper/HBT/6_final.spef line 221211, instance swerv/lsu/_9109_ not found.
[WARNING STA-1648] ./results/nangate45_3D/swerv_wrapper/HBT/6_final.spef line 221212, instance swerv/lsu/_9059_ not found.
[WARNING STA-1648] ./results/nangate45_3D/swerv_wrapper/HBT/6_final.spef line 221213, instance swerv/lsu/_9106_ not found.
[WARNING STA-1648] ./results/nangate45_3D/swerv_wrapper/HBT/6_final.spef line 221214, instance swerv/lsu/_9127_ not found.
[WARNING STA-1648] ./results/nangate45_3D/swerv_wrapper/HBT/6_final.spef line 221215, instance swerv/lsu/_9110_ not found.
[WARNING STA-1648] ./results/nangate45_3D/swerv_wrapper/HBT/6_final.spef line 221216, instance swerv/lsu/_9107_ not found.
[WARNING STA-1648] ./results/nangate45_3D/swerv_wrapper/HBT/6_final.spef line 221217, instance swerv/lsu/stbuf/_19519_ not found.
[WARNING STA-1648] ./results/nangate45_3D/swerv_wrapper/HBT/6_final.spef line 221218, instance swerv/lsu/stbuf/_19576_ not found.
[WARNING STA-1648] ./results/nangate45_3D/swerv_wrapper/HBT/6_final.spef line 221219, instance swerv/lsu/stbuf/_19633_ not found.
[WARNING STA-1648] ./results/nangate45_3D/swerv_wrapper/HBT/6_final.spef line 221220, instance swerv/lsu/stbuf/_19517_ not found.
[WARNING STA-1648] ./results/nangate45_3D/swerv_wrapper/HBT/6_final.spef line 221221, instance swerv/lsu/stbuf/_19631_ not found.
[WARNING STA-1648] ./results/nangate45_3D/swerv_wrapper/HBT/6_final.spef line 221222, instance swerv/lsu/stbuf/_19690_ not found.
[WARNING STA-1648] ./results/nangate45_3D/swerv_wrapper/HBT/6_final.spef line 221223, instance swerv/lsu/stbuf/_19804_ not found.
[WARNING STA-1648] ./results/nangate45_3D/swerv_wrapper/HBT/6_final.spef line 221224, instance swerv/lsu/stbuf/_19861_ not found.
[WARNING STA-1648] ./results/nangate45_3D/swerv_wrapper/HBT/6_final.spef line 221225, instance swerv/lsu/stbuf/_19747_ not found.
[WARNING STA-1648] ./results/nangate45_3D/swerv_wrapper/HBT/6_final.spef line 221226, instance swerv/lsu/stbuf/_19688_ not found.
[WARNING STA-1648] ./results/nangate45_3D/swerv_wrapper/HBT/6_final.spef line 221227, instance swerv/lsu/stbuf/_19745_ not found.
[WARNING STA-1648] ./results/nangate45_3D/swerv_wrapper/HBT/6_final.spef line 221228, instance swerv/lsu/stbuf/_19802_ not found.
[WARNING STA-1648] ./results/nangate45_3D/swerv_wrapper/HBT/6_final.spef line 221229, instance swerv/lsu/stbuf/_19859_ not found.
[WARNING STA-1648] ./results/nangate45_3D/swerv_wrapper/HBT/6_final.spef line 221230, instance swerv/lsu/stbuf/_19918_ not found.
[WARNING STA-1648] ./results/nangate45_3D/swerv_wrapper/HBT/6_final.spef line 221231, instance swerv/lsu/stbuf/_19916_ not found.
[WARNING STA-1648] ./results/nangate45_3D/swerv_wrapper/HBT/6_final.spef line 221232, instance swerv/lsu/stbuf/_19509_ not found.
[WARNING STA-1648] ./results/nangate45_3D/swerv_wrapper/HBT/6_final.spef line 221233, instance swerv/lsu/stbuf/_19737_ not found.
[WARNING STA-1648] ./results/nangate45_3D/swerv_wrapper/HBT/6_final.spef line 221234, instance swerv/lsu/stbuf/_19566_ not found.
[WARNING STA-1648] ./results/nangate45_3D/swerv_wrapper/HBT/6_final.spef line 221235, instance swerv/lsu/stbuf/_19623_ not found.
[WARNING STA-1648] ./results/nangate45_3D/swerv_wrapper/HBT/6_final.spef line 221236, instance swerv/lsu/stbuf/_19680_ not found.
[WARNING STA-1648] ./results/nangate45_3D/swerv_wrapper/HBT/6_final.spef line 221237, instance swerv/lsu/stbuf/_19794_ not found.
[WARNING STA-1648] ./results/nangate45_3D/swerv_wrapper/HBT/6_final.spef line 221238, instance swerv/lsu/stbuf/_19507_ not found.
[WARNING STA-1648] ./results/nangate45_3D/swerv_wrapper/HBT/6_final.spef line 221239, instance swerv/lsu/stbuf/_19564_ not found.
[WARNING STA-1648] ./results/nangate45_3D/swerv_wrapper/HBT/6_final.spef line 221240, instance swerv/lsu/stbuf/_19735_ not found.
[WARNING STA-1648] ./results/nangate45_3D/swerv_wrapper/HBT/6_final.spef line 221241, instance swerv/lsu/stbuf/_19792_ not found.
[WARNING STA-1648] ./results/nangate45_3D/swerv_wrapper/HBT/6_final.spef line 221242, instance swerv/lsu/stbuf/_19906_ not found.
[WARNING STA-1648] ./results/nangate45_3D/swerv_wrapper/HBT/6_final.spef line 221243, instance swerv/lsu/stbuf/_19744_ not found.
[WARNING STA-1648] ./results/nangate45_3D/swerv_wrapper/HBT/6_final.spef line 221244, instance swerv/lsu/stbuf/_19801_ not found.
[WARNING STA-1648] ./results/nangate45_3D/swerv_wrapper/HBT/6_final.spef line 221245, instance swerv/lsu/stbuf/_19858_ not found.
[WARNING STA-1648] ./results/nangate45_3D/swerv_wrapper/HBT/6_final.spef line 221246, instance swerv/lsu/stbuf/_19687_ not found.
[WARNING STA-1648] ./results/nangate45_3D/swerv_wrapper/HBT/6_final.spef line 221247, instance swerv/ifu/_6202_ not found.
[WARNING STA-1648] ./results/nangate45_3D/swerv_wrapper/HBT/6_final.spef line 221248, instance mem/icm/ic_data_inst/WAYS_3__SUBBANKS_3__ic_bank_sb_way_data.mem not found.
[WARNING STA-1648] ./results/nangate45_3D/swerv_wrapper/HBT/6_final.spef line 221249, instance swerv/lsu/stbuf/_19516_ not found.
[WARNING STA-1648] ./results/nangate45_3D/swerv_wrapper/HBT/6_final.spef line 221250, instance swerv/lsu/stbuf/_19573_ not found.
[WARNING STA-1648] ./results/nangate45_3D/swerv_wrapper/HBT/6_final.spef line 221251, instance swerv/lsu/stbuf/_19736_ not found.
[WARNING STA-1648] ./results/nangate45_3D/swerv_wrapper/HBT/6_final.spef line 221252, instance swerv/lsu/stbuf/_19679_ not found.
[WARNING STA-1648] ./results/nangate45_3D/swerv_wrapper/HBT/6_final.spef line 221253, instance swerv/lsu/stbuf/_19793_ not found.
[WARNING STA-1648] ./results/nangate45_3D/swerv_wrapper/HBT/6_final.spef line 221254, instance swerv/lsu/stbuf/_19565_ not found.
[WARNING STA-1648] ./results/nangate45_3D/swerv_wrapper/HBT/6_final.spef line 221255, instance swerv/lsu/stbuf/_19508_ not found.
[WARNING STA-1648] ./results/nangate45_3D/swerv_wrapper/HBT/6_final.spef line 221256, instance swerv/lsu/stbuf/_19622_ not found.
[WARNING STA-1648] ./results/nangate45_3D/swerv_wrapper/HBT/6_final.spef line 221257, instance swerv/lsu/stbuf/_19589_ not found.
[WARNING STA-1648] ./results/nangate45_3D/swerv_wrapper/HBT/6_final.spef line 221258, instance swerv/lsu/stbuf/_19532_ not found.
[WARNING STA-1648] ./results/nangate45_3D/swerv_wrapper/HBT/6_final.spef line 221259, instance swerv/lsu/stbuf/_19703_ not found.
[WARNING STA-1648] ./results/nangate45_3D/swerv_wrapper/HBT/6_final.spef line 221260, instance swerv/lsu/stbuf/_19646_ not found.
[WARNING STA-1648] ./results/nangate45_3D/swerv_wrapper/HBT/6_final.spef line 221261, instance swerv/lsu/stbuf/_19817_ not found.
[WARNING STA-1648] ./results/nangate45_3D/swerv_wrapper/HBT/6_final.spef line 221262, instance swerv/lsu/stbuf/_19760_ not found.
[WARNING STA-1648] ./results/nangate45_3D/swerv_wrapper/HBT/6_final.spef line 221263, instance swerv/lsu/stbuf/_19874_ not found.
[WARNING STA-1648] ./results/nangate45_3D/swerv_wrapper/HBT/6_final.spef line 221264, instance swerv/lsu/stbuf/_19931_ not found.
[WARNING STA-1648] ./results/nangate45_3D/swerv_wrapper/HBT/6_final.spef line 221265, instance swerv/lsu/stbuf/_19850_ not found.
[WARNING STA-1648] ./results/nangate45_3D/swerv_wrapper/HBT/6_final.spef line 221266, instance swerv/lsu/stbuf/_19907_ not found.
[WARNING STA-1648] ./results/nangate45_3D/swerv_wrapper/HBT/6_final.spef line 221267, instance swerv/lsu/stbuf/_19630_ not found.
[WARNING STA-1648] ./results/nangate45_3D/swerv_wrapper/HBT/6_final.spef line 221268, instance swerv/lsu/stbuf/_19915_ not found.
[WARNING STA-1648] ./results/nangate45_3D/swerv_wrapper/HBT/6_final.spef line 221269, instance swerv/lsu/stbuf/_19621_ not found.
[WARNING STA-1648] ./results/nangate45_3D/swerv_wrapper/HBT/6_final.spef line 221270, instance swerv/lsu/stbuf/_19678_ not found.
[WARNING STA-1648] ./results/nangate45_3D/swerv_wrapper/HBT/6_final.spef line 221271, instance swerv/lsu/stbuf/_19849_ not found.
[WARNING STA-1648] ./results/nangate45_3D/swerv_wrapper/HBT/6_final.spef line 221272, instance swerv/lsu/stbuf/_19851_ not found.
[WARNING STA-1648] ./results/nangate45_3D/swerv_wrapper/HBT/6_final.spef line 221273, instance swerv/lsu/stbuf/_19908_ not found.
[WARNING STA-1648] ./results/nangate45_3D/swerv_wrapper/HBT/6_final.spef line 221274, instance swerv/lsu/_9119_ not found.
[WARNING STA-1648] ./results/nangate45_3D/swerv_wrapper/HBT/6_final.spef line 221275, instance swerv/lsu/_9108_ not found.
[WARNING STA-1648] ./results/nangate45_3D/swerv_wrapper/HBT/6_final.spef line 221276, instance swerv/lsu/_9098_ not found.
[WARNING STA-1648] ./results/nangate45_3D/swerv_wrapper/HBT/6_final.spef line 221277, instance swerv/lsu/_9123_ not found.
[WARNING STA-1648] ./results/nangate45_3D/swerv_wrapper/HBT/6_final.spef line 221278, instance swerv/lsu/_9097_ not found.
[WARNING STA-1648] ./results/nangate45_3D/swerv_wrapper/HBT/6_final.spef line 221279, instance swerv/lsu/_9052_ not found.
[WARNING STA-1648] ./results/nangate45_3D/swerv_wrapper/HBT/6_final.spef line 221280, instance swerv/lsu/_9064_ not found.
[WARNING STA-1648] ./results/nangate45_3D/swerv_wrapper/HBT/6_final.spef line 221281, instance swerv/lsu/_9121_ not found.
[WARNING STA-1648] ./results/nangate45_3D/swerv_wrapper/HBT/6_final.spef line 221282, instance swerv/lsu/_9118_ not found.
[WARNING STA-1648] ./results/nangate45_3D/swerv_wrapper/HBT/6_final.spef line 221283, instance swerv/lsu/_9115_ not found.
[WARNING STA-1648] ./results/nangate45_3D/swerv_wrapper/HBT/6_final.spef line 221284, instance swerv/lsu/_9120_ not found.
[WARNING STA-1648] ./results/nangate45_3D/swerv_wrapper/HBT/6_final.spef line 221285, instance swerv/lsu/_9103_ not found.
[WARNING STA-1648] ./results/nangate45_3D/swerv_wrapper/HBT/6_final.spef line 221286, instance swerv/lsu/_9126_ not found.
[WARNING STA-1648] ./results/nangate45_3D/swerv_wrapper/HBT/6_final.spef line 221287, instance swerv/lsu/_9125_ not found.
[WARNING STA-1648] ./results/nangate45_3D/swerv_wrapper/HBT/6_final.spef line 221288, instance swerv/lsu/_9111_ not found.
[WARNING STA-1648] ./results/nangate45_3D/swerv_wrapper/HBT/6_final.spef line 221289, instance swerv/lsu/_9124_ not found.
[WARNING STA-1648] ./results/nangate45_3D/swerv_wrapper/HBT/6_final.spef line 221290, instance swerv/lsu/_9128_ not found.
[WARNING STA-1648] ./results/nangate45_3D/swerv_wrapper/HBT/6_final.spef line 221291, instance swerv/lsu/_9062_ not found.
[WARNING STA-1648] ./results/nangate45_3D/swerv_wrapper/HBT/6_final.spef line 221292, instance swerv/lsu/_9055_ not found.
[WARNING STA-1648] ./results/nangate45_3D/swerv_wrapper/HBT/6_final.spef line 221293, instance mem/Gen_dccm_enable_dccm/_2383_ not found.
[WARNING STA-1648] ./results/nangate45_3D/swerv_wrapper/HBT/6_final.spef line 221294, instance swerv/lsu/stbuf/_19522_ not found.
[WARNING STA-1648] ./results/nangate45_3D/swerv_wrapper/HBT/6_final.spef line 221295, instance swerv/lsu/stbuf/_19579_ not found.
[WARNING STA-1648] ./results/nangate45_3D/swerv_wrapper/HBT/6_final.spef line 221296, instance swerv/lsu/stbuf/_19644_ not found.
[WARNING STA-1648] ./results/nangate45_3D/swerv_wrapper/HBT/6_final.spef line 221297, instance swerv/lsu/stbuf/_19587_ not found.
[WARNING STA-1648] ./results/nangate45_3D/swerv_wrapper/HBT/6_final.spef line 221298, instance swerv/lsu/stbuf/_19571_ not found.
[WARNING STA-1648] ./results/nangate45_3D/swerv_wrapper/HBT/6_final.spef line 221299, instance swerv/lsu/stbuf/_19506_ not found.
[WARNING STA-1648] ./results/nangate45_3D/swerv_wrapper/HBT/6_final.spef line 221300, instance swerv/lsu/stbuf/_19563_ not found.
[WARNING STA-1648] ./results/nangate45_3D/swerv_wrapper/HBT/6_final.spef line 221301, instance swerv/lsu/stbuf/_19510_ not found.
[WARNING STA-1648] ./results/nangate45_3D/swerv_wrapper/HBT/6_final.spef line 221302, instance swerv/lsu/stbuf/_19620_ not found.
[WARNING STA-1648] ./results/nangate45_3D/swerv_wrapper/HBT/6_final.spef line 221303, instance swerv/lsu/stbuf/_19648_ not found.
[WARNING STA-1648] ./results/nangate45_3D/swerv_wrapper/HBT/6_final.spef line 221304, instance swerv/lsu/stbuf/_19518_ not found.
[WARNING STA-1648] ./results/nangate45_3D/swerv_wrapper/HBT/6_final.spef line 221305, instance swerv/lsu/stbuf/_19575_ not found.
[WARNING STA-1648] ./results/nangate45_3D/swerv_wrapper/HBT/6_final.spef line 221306, instance swerv/lsu/stbuf/_19632_ not found.
[WARNING STA-1648] ./results/nangate45_3D/swerv_wrapper/HBT/6_final.spef line 221307, instance swerv/lsu/stbuf/_19567_ not found.
[WARNING STA-1648] ./results/nangate45_3D/swerv_wrapper/HBT/6_final.spef line 221308, instance swerv/lsu/stbuf/_19624_ not found.
[WARNING STA-1648] ./results/nangate45_3D/swerv_wrapper/HBT/6_final.spef line 221309, instance swerv/lsu/stbuf/_19677_ not found.
[WARNING STA-1648] ./results/nangate45_3D/swerv_wrapper/HBT/6_final.spef line 221310, instance swerv/lsu/stbuf/_19762_ not found.
[WARNING STA-1648] ./results/nangate45_3D/swerv_wrapper/HBT/6_final.spef line 221311, instance swerv/lsu/stbuf/_19746_ not found.
[WARNING STA-1648] ./results/nangate45_3D/swerv_wrapper/HBT/6_final.spef line 221312, instance swerv/lsu/stbuf/_19807_ not found.
[WARNING STA-1648] ./results/nangate45_3D/swerv_wrapper/HBT/6_final.spef line 221313, instance swerv/lsu/stbuf/_19815_ not found.
[WARNING STA-1648] ./results/nangate45_3D/swerv_wrapper/HBT/6_final.spef line 221314, instance swerv/lsu/stbuf/_19929_ not found.
[WARNING STA-1648] ./results/nangate45_3D/swerv_wrapper/HBT/6_final.spef line 221315, instance swerv/lsu/stbuf/_19933_ not found.
[WARNING STA-1648] ./results/nangate45_3D/swerv_wrapper/HBT/6_final.spef line 221316, instance swerv/lsu/stbuf/_19921_ not found.
[WARNING STA-1648] ./results/nangate45_3D/swerv_wrapper/HBT/6_final.spef line 221317, instance swerv/lsu/stbuf/_19864_ not found.
[WARNING STA-1648] ./results/nangate45_3D/swerv_wrapper/HBT/6_final.spef line 221318, instance swerv/lsu/stbuf/_19872_ not found.
[WARNING STA-1648] ./results/nangate45_3D/swerv_wrapper/HBT/6_final.spef line 221319, instance swerv/lsu/stbuf/_19689_ not found.
[WARNING STA-1648] ./results/nangate45_3D/swerv_wrapper/HBT/6_final.spef line 221320, instance swerv/lsu/stbuf/_19705_ not found.
[WARNING STA-1648] ./results/nangate45_3D/swerv_wrapper/HBT/6_final.spef line 221321, instance swerv/lsu/stbuf/_19636_ not found.
[WARNING STA-1648] ./results/nangate45_3D/swerv_wrapper/HBT/6_final.spef line 221322, instance swerv/lsu/stbuf/_19693_ not found.
[WARNING STA-1648] ./results/nangate45_3D/swerv_wrapper/HBT/6_final.spef line 221323, instance swerv/lsu/stbuf/_19701_ not found.
[WARNING STA-1648] ./results/nangate45_3D/swerv_wrapper/HBT/6_final.spef line 221324, instance swerv/lsu/stbuf/_19750_ not found.
[WARNING STA-1648] ./results/nangate45_3D/swerv_wrapper/HBT/6_final.spef line 221325, instance swerv/lsu/stbuf/_19758_ not found.
[WARNING STA-1648] ./results/nangate45_3D/swerv_wrapper/HBT/6_final.spef line 221326, instance swerv/lsu/stbuf/_19738_ not found.
[WARNING STA-1648] ./results/nangate45_3D/swerv_wrapper/HBT/6_final.spef line 221327, instance swerv/lsu/stbuf/_19681_ not found.
[WARNING STA-1648] ./results/nangate45_3D/swerv_wrapper/HBT/6_final.spef line 221328, instance swerv/lsu/stbuf/_19734_ not found.
[WARNING STA-1648] ./results/nangate45_3D/swerv_wrapper/HBT/6_final.spef line 221329, instance swerv/lsu/stbuf/_19860_ not found.
[WARNING STA-1648] ./results/nangate45_3D/swerv_wrapper/HBT/6_final.spef line 221330, instance swerv/lsu/stbuf/_19848_ not found.
[WARNING STA-1648] ./results/nangate45_3D/swerv_wrapper/HBT/6_final.spef line 221331, instance swerv/lsu/stbuf/_19909_ not found.
[WARNING STA-1648] ./results/nangate45_3D/swerv_wrapper/HBT/6_final.spef line 221332, instance swerv/lsu/stbuf/_19852_ not found.
[WARNING STA-1648] ./results/nangate45_3D/swerv_wrapper/HBT/6_final.spef line 221333, instance swerv/lsu/stbuf/_19905_ not found.
[WARNING STA-1648] ./results/nangate45_3D/swerv_wrapper/HBT/6_final.spef line 221334, instance swerv/lsu/stbuf/_19791_ not found.
[WARNING STA-1648] ./results/nangate45_3D/swerv_wrapper/HBT/6_final.spef line 221335, instance swerv/lsu/stbuf/_19803_ not found.
[WARNING STA-1648] ./results/nangate45_3D/swerv_wrapper/HBT/6_final.spef line 221336, instance swerv/lsu/stbuf/_19917_ not found.
[WARNING STA-1648] ./results/nangate45_3D/swerv_wrapper/HBT/6_final.spef line 221337, instance swerv/lsu/stbuf/_19799_ not found.
[WARNING STA-1648] ./results/nangate45_3D/swerv_wrapper/HBT/6_final.spef line 221338, instance swerv/lsu/stbuf/_19876_ not found.
[WARNING STA-1648] ./results/nangate45_3D/swerv_wrapper/HBT/6_final.spef line 221339, instance swerv/lsu/stbuf/_19856_ not found.
[WARNING STA-1648] ./results/nangate45_3D/swerv_wrapper/HBT/6_final.spef line 221340, instance swerv/lsu/stbuf/_19913_ not found.
[WARNING STA-1648] ./results/nangate45_3D/swerv_wrapper/HBT/6_final.spef line 221341, instance swerv/lsu/stbuf/_19742_ not found.
[WARNING STA-1648] ./results/nangate45_3D/swerv_wrapper/HBT/6_final.spef line 221342, instance swerv/lsu/stbuf/_19685_ not found.
[WARNING STA-1648] ./results/nangate45_3D/swerv_wrapper/HBT/6_final.spef line 221343, instance swerv/lsu/stbuf/_19819_ not found.
[WARNING STA-1648] ./results/nangate45_3D/swerv_wrapper/HBT/6_final.spef line 221344, instance swerv/lsu/stbuf/_19511_ not found.
[WARNING STA-1648] ./results/nangate45_3D/swerv_wrapper/HBT/6_final.spef line 221345, instance swerv/lsu/stbuf/_19568_ not found.
[WARNING STA-1648] ./results/nangate45_3D/swerv_wrapper/HBT/6_final.spef line 221346, instance swerv/lsu/stbuf/_19535_ not found.
[WARNING STA-1648] ./results/nangate45_3D/swerv_wrapper/HBT/6_final.spef line 221347, instance swerv/lsu/stbuf/_19592_ not found.
[WARNING STA-1648] ./results/nangate45_3D/swerv_wrapper/HBT/6_final.spef line 221348, instance swerv/lsu/stbuf/_19649_ not found.
[WARNING STA-1648] ./results/nangate45_3D/swerv_wrapper/HBT/6_final.spef line 221349, instance swerv/lsu/stbuf/_19706_ not found.
[WARNING STA-1648] ./results/nangate45_3D/swerv_wrapper/HBT/6_final.spef line 221350, instance swerv/lsu/stbuf/_19877_ not found.
[WARNING STA-1648] ./results/nangate45_3D/swerv_wrapper/HBT/6_final.spef line 221351, instance swerv/lsu/stbuf/_19873_ not found.
[WARNING STA-1648] ./results/nangate45_3D/swerv_wrapper/HBT/6_final.spef line 221352, instance swerv/lsu/stbuf/_19588_ not found.
[WARNING STA-1648] ./results/nangate45_3D/swerv_wrapper/HBT/6_final.spef line 221353, instance swerv/lsu/stbuf/_19531_ not found.
[WARNING STA-1648] ./results/nangate45_3D/swerv_wrapper/HBT/6_final.spef line 221354, instance swerv/lsu/stbuf/_19759_ not found.
[WARNING STA-1648] ./results/nangate45_3D/swerv_wrapper/HBT/6_final.spef line 221355, instance swerv/lsu/stbuf/_19702_ not found.
[WARNING STA-1648] ./results/nangate45_3D/swerv_wrapper/HBT/6_final.spef line 221356, instance swerv/lsu/stbuf/_19930_ not found.
[WARNING STA-1648] ./results/nangate45_3D/swerv_wrapper/HBT/6_final.spef line 221357, instance swerv/lsu/stbuf/_19934_ not found.
[WARNING STA-1648] ./results/nangate45_3D/swerv_wrapper/HBT/6_final.spef line 221358, instance swerv/lsu/stbuf/_19820_ not found.
[WARNING STA-1648] ./results/nangate45_3D/swerv_wrapper/HBT/6_final.spef line 221359, instance swerv/lsu/stbuf/_19645_ not found.
[WARNING STA-1648] ./results/nangate45_3D/swerv_wrapper/HBT/6_final.spef line 221360, instance swerv/lsu/stbuf/_19816_ not found.
[WARNING STA-1648] ./results/nangate45_3D/swerv_wrapper/HBT/6_final.spef line 221361, instance swerv/lsu/stbuf/_19525_ not found.
[WARNING STA-1648] ./results/nangate45_3D/swerv_wrapper/HBT/6_final.spef line 221362, instance swerv/lsu/stbuf/_19751_ not found.
[WARNING STA-1648] ./results/nangate45_3D/swerv_wrapper/HBT/6_final.spef line 221363, instance swerv/lsu/stbuf/_19523_ not found.
[WARNING STA-1648] ./results/nangate45_3D/swerv_wrapper/HBT/6_final.spef line 221364, instance swerv/lsu/stbuf/_19865_ not found.
[WARNING STA-1648] ./results/nangate45_3D/swerv_wrapper/HBT/6_final.spef line 221365, instance swerv/lsu/stbuf/_19637_ not found.
[WARNING STA-1648] ./results/nangate45_3D/swerv_wrapper/HBT/6_final.spef line 221366, instance swerv/lsu/stbuf/_19808_ not found.
[WARNING STA-1648] ./results/nangate45_3D/swerv_wrapper/HBT/6_final.spef line 221367, instance swerv/lsu/stbuf/_19922_ not found.
[WARNING STA-1648] ./results/nangate45_3D/swerv_wrapper/HBT/6_final.spef line 221368, instance swerv/lsu/stbuf/_19527_ not found.
[WARNING STA-1648] ./results/nangate45_3D/swerv_wrapper/HBT/6_final.spef line 221369, instance swerv/lsu/stbuf/_19584_ not found.
[WARNING STA-1648] ./results/nangate45_3D/swerv_wrapper/HBT/6_final.spef line 221370, instance swerv/lsu/stbuf/_19698_ not found.
[WARNING STA-1648] ./results/nangate45_3D/swerv_wrapper/HBT/6_final.spef line 221371, instance swerv/lsu/stbuf/_19926_ not found.
[WARNING STA-1648] ./results/nangate45_3D/swerv_wrapper/HBT/6_final.spef line 221372, instance swerv/lsu/stbuf/_19869_ not found.
[WARNING STA-1648] ./results/nangate45_3D/swerv_wrapper/HBT/6_final.spef line 221373, instance swerv/lsu/stbuf/_19755_ not found.
[WARNING STA-1648] ./results/nangate45_3D/swerv_wrapper/HBT/6_final.spef line 221374, instance swerv/lsu/stbuf/_19657_ not found.
[WARNING STA-1648] ./results/nangate45_3D/swerv_wrapper/HBT/6_final.spef line 221375, instance swerv/lsu/stbuf/_19771_ not found.
[WARNING STA-1648] ./results/nangate45_3D/swerv_wrapper/HBT/6_final.spef line 221376, instance swerv/lsu/stbuf/_19666_ not found.
[WARNING STA-1648] ./results/nangate45_3D/swerv_wrapper/HBT/6_final.spef line 221377, instance swerv/lsu/stbuf/_19664_ not found.
[WARNING STA-1648] ./results/nangate45_3D/swerv_wrapper/HBT/6_final.spef line 221378, instance swerv/lsu/stbuf/_19672_ not found.
[WARNING STA-1648] ./results/nangate45_3D/swerv_wrapper/HBT/6_final.spef line 221379, instance swerv/lsu/stbuf/_19543_ not found.
[WARNING STA-1648] ./results/nangate45_3D/swerv_wrapper/HBT/6_final.spef line 221380, instance swerv/lsu/stbuf/_19665_ not found.
[WARNING STA-1648] ./results/nangate45_3D/swerv_wrapper/HBT/6_final.spef line 221381, instance swerv/lsu/stbuf/_19552_ not found.
[WARNING STA-1648] ./results/nangate45_3D/swerv_wrapper/HBT/6_final.spef line 221382, instance swerv/lsu/stbuf/_19494_ not found.
[WARNING STA-1648] ./results/nangate45_3D/swerv_wrapper/HBT/6_final.spef line 221383, instance swerv/lsu/stbuf/_19550_ not found.
[WARNING STA-1648] ./results/nangate45_3D/swerv_wrapper/HBT/6_final.spef line 221384, instance swerv/lsu/stbuf/_19609_ not found.
[WARNING STA-1648] ./results/nangate45_3D/swerv_wrapper/HBT/6_final.spef line 221385, instance swerv/lsu/stbuf/_19497_ not found.
[WARNING STA-1648] ./results/nangate45_3D/swerv_wrapper/HBT/6_final.spef line 221386, instance swerv/lsu/stbuf/_19600_ not found.
[WARNING STA-1648] ./results/nangate45_3D/swerv_wrapper/HBT/6_final.spef line 221387, instance swerv/lsu/stbuf/_19554_ not found.
[WARNING STA-1648] ./results/nangate45_3D/swerv_wrapper/HBT/6_final.spef line 221388, instance swerv/lsu/stbuf/_19611_ not found.
[WARNING STA-1648] ./results/nangate45_3D/swerv_wrapper/HBT/6_final.spef line 221389, instance swerv/lsu/stbuf/_19668_ not found.
[WARNING STA-1648] ./results/nangate45_3D/swerv_wrapper/HBT/6_final.spef line 221390, instance swerv/lsu/_8474_ not found.
[WARNING STA-1648] ./results/nangate45_3D/swerv_wrapper/HBT/6_final.spef line 221391, instance swerv/lsu/_8602_ not found.
[WARNING STA-1648] ./results/nangate45_3D/swerv_wrapper/HBT/6_final.spef line 221392, instance swerv/lsu/_8476_ not found.
[WARNING STA-1648] ./results/nangate45_3D/swerv_wrapper/HBT/6_final.spef line 221393, instance swerv/lsu/_8425_ not found.
[WARNING STA-1648] ./results/nangate45_3D/swerv_wrapper/HBT/6_final.spef line 221394, instance swerv/lsu/_8383_ not found.
[WARNING STA-1648] ./results/nangate45_3D/swerv_wrapper/HBT/6_final.spef line 221395, instance swerv/lsu/_8393_ not found.
[WARNING STA-1648] ./results/nangate45_3D/swerv_wrapper/HBT/6_final.spef line 221396, instance swerv/lsu/bus_intf/bus_buffer/_22283_ not found.
[WARNING STA-1648] ./results/nangate45_3D/swerv_wrapper/HBT/6_final.spef line 221397, instance swerv/lsu/bus_intf/bus_buffer/_21416_ not found.
[WARNING STA-1648] ./results/nangate45_3D/swerv_wrapper/HBT/6_final.spef line 221398, instance swerv/lsu/bus_intf/bus_buffer/_21393_ not found.
[WARNING STA-1648] ./results/nangate45_3D/swerv_wrapper/HBT/6_final.spef line 221399, instance swerv/lsu/bus_intf/bus_buffer/_22256_ not found.
[WARNING STA-1648] ./results/nangate45_3D/swerv_wrapper/HBT/6_final.spef line 221400, instance swerv/lsu/bus_intf/bus_buffer/_22271_ not found.
[WARNING STA-1648] ./results/nangate45_3D/swerv_wrapper/HBT/6_final.spef line 221401, instance swerv/lsu/bus_intf/bus_buffer/_21403_ not found.
[WARNING STA-1648] ./results/nangate45_3D/swerv_wrapper/HBT/6_final.spef line 221402, instance swerv/lsu/bus_intf/bus_buffer/_21404_ not found.
[WARNING STA-1648] ./results/nangate45_3D/swerv_wrapper/HBT/6_final.spef line 221403, instance swerv/lsu/bus_intf/bus_buffer/_22177_ not found.
[WARNING STA-1648] ./results/nangate45_3D/swerv_wrapper/HBT/6_final.spef line 221404, instance swerv/lsu/bus_intf/bus_buffer/_22194_ not found.
[WARNING STA-1648] ./results/nangate45_3D/swerv_wrapper/HBT/6_final.spef line 221405, instance swerv/lsu/bus_intf/bus_buffer/_22178_ not found.
[WARNING STA-1648] ./results/nangate45_3D/swerv_wrapper/HBT/6_final.spef line 221406, instance swerv/lsu/bus_intf/bus_buffer/_21621_ not found.
[WARNING STA-1648] ./results/nangate45_3D/swerv_wrapper/HBT/6_final.spef line 221407, instance swerv/lsu/bus_intf/bus_buffer/_21620_ not found.
[WARNING STA-1648] ./results/nangate45_3D/swerv_wrapper/HBT/6_final.spef line 221408, instance swerv/lsu/bus_intf/bus_buffer/_22171_ not found.
[WARNING STA-1648] ./results/nangate45_3D/swerv_wrapper/HBT/6_final.spef line 221409, instance swerv/lsu/bus_intf/bus_buffer/_21389_ not found.
[WARNING STA-1648] ./results/nangate45_3D/swerv_wrapper/HBT/6_final.spef line 221410, instance swerv/lsu/bus_intf/bus_buffer/_22270_ not found.
[WARNING STA-1648] ./results/nangate45_3D/swerv_wrapper/HBT/6_final.spef line 221411, instance swerv/lsu/bus_intf/bus_buffer/_21420_ not found.
[WARNING STA-1648] ./results/nangate45_3D/swerv_wrapper/HBT/6_final.spef line 221412, instance swerv/lsu/bus_intf/bus_buffer/_22287_ not found.
[WARNING STA-1648] ./results/nangate45_3D/swerv_wrapper/HBT/6_final.spef line 221413, instance swerv/lsu/bus_intf/bus_buffer/_22189_ not found.
[WARNING STA-1648] ./results/nangate45_3D/swerv_wrapper/HBT/6_final.spef line 221414, instance swerv/lsu/bus_intf/bus_buffer/_21629_ not found.
[WARNING STA-1648] ./results/nangate45_3D/swerv_wrapper/HBT/6_final.spef line 221415, instance swerv/lsu/bus_intf/bus_buffer/_21606_ not found.
[WARNING STA-1648] ./results/nangate45_3D/swerv_wrapper/HBT/6_final.spef line 221416, instance swerv/lsu/bus_intf/bus_buffer/_22163_ not found.
[WARNING STA-1648] ./results/nangate45_3D/swerv_wrapper/HBT/6_final.spef line 221417, instance swerv/lsu/bus_intf/bus_buffer/_21822_ not found.
[WARNING STA-1648] ./results/nangate45_3D/swerv_wrapper/HBT/6_final.spef line 221418, instance swerv/lsu/bus_intf/bus_buffer/_21729_ not found.
[WARNING STA-1648] ./results/nangate45_3D/swerv_wrapper/HBT/6_final.spef line 221419, instance swerv/lsu/bus_intf/bus_buffer/_22101_ not found.
[WARNING STA-1648] ./results/nangate45_3D/swerv_wrapper/HBT/6_final.spef line 221420, instance swerv/lsu/bus_intf/bus_buffer/_22085_ not found.
[WARNING STA-1648] ./results/nangate45_3D/swerv_wrapper/HBT/6_final.spef line 221421, instance swerv/lsu/bus_intf/bus_buffer/_21491_ not found.
[WARNING STA-1648] ./results/nangate45_3D/swerv_wrapper/HBT/6_final.spef line 221422, instance swerv/lsu/bus_intf/bus_buffer/_21806_ not found.
[WARNING STA-1648] ./results/nangate45_3D/swerv_wrapper/HBT/6_final.spef line 221423, instance swerv/lsu/bus_intf/bus_buffer/_21899_ not found.
[WARNING STA-1648] ./results/nangate45_3D/swerv_wrapper/HBT/6_final.spef line 221424, instance swerv/lsu/bus_intf/bus_buffer/_21713_ not found.
[WARNING STA-1648] ./results/nangate45_3D/swerv_wrapper/HBT/6_final.spef line 221425, instance swerv/lsu/bus_intf/bus_buffer/_21791_ not found.
[WARNING STA-1648] ./results/nangate45_3D/swerv_wrapper/HBT/6_final.spef line 221426, instance swerv/lsu/bus_intf/bus_buffer/_21884_ not found.
[WARNING STA-1648] ./results/nangate45_3D/swerv_wrapper/HBT/6_final.spef line 221427, instance swerv/lsu/bus_intf/bus_buffer/_21799_ not found.
[WARNING STA-1648] ./results/nangate45_3D/swerv_wrapper/HBT/6_final.spef line 221428, instance swerv/lsu/bus_intf/bus_buffer/_21892_ not found.
[WARNING STA-1648] ./results/nangate45_3D/swerv_wrapper/HBT/6_final.spef line 221429, instance swerv/lsu/bus_intf/bus_buffer/_21484_ not found.
[WARNING STA-1648] ./results/nangate45_3D/swerv_wrapper/HBT/6_final.spef line 221430, instance swerv/lsu/bus_intf/bus_buffer/_21977_ not found.
[WARNING STA-1648] ./results/nangate45_3D/swerv_wrapper/HBT/6_final.spef line 221431, instance swerv/lsu/bus_intf/bus_buffer/_22070_ not found.
[WARNING STA-1648] ./results/nangate45_3D/swerv_wrapper/HBT/6_final.spef line 221432, instance swerv/lsu/bus_intf/bus_buffer/_22003_ not found.
[WARNING STA-1648] ./results/nangate45_3D/swerv_wrapper/HBT/6_final.spef line 221433, instance swerv/lsu/bus_intf/bus_buffer/_21724_ not found.
[WARNING STA-1648] ./results/nangate45_3D/swerv_wrapper/HBT/6_final.spef line 221434, instance swerv/lsu/bus_intf/bus_buffer/_21814_ not found.
[WARNING STA-1648] ./results/nangate45_3D/swerv_wrapper/HBT/6_final.spef line 221435, instance swerv/lsu/bus_intf/bus_buffer/_21817_ not found.
[WARNING STA-1648] ./results/nangate45_3D/swerv_wrapper/HBT/6_final.spef line 221436, instance swerv/lsu/bus_intf/bus_buffer/_21910_ not found.
[WARNING STA-1648] ./results/nangate45_3D/swerv_wrapper/HBT/6_final.spef line 221437, instance swerv/lsu/bus_intf/bus_buffer/_22096_ not found.
[WARNING STA-1648] ./results/nangate45_3D/swerv_wrapper/HBT/6_final.spef line 221438, instance swerv/lsu/bus_intf/bus_buffer/_22000_ not found.
[WARNING STA-1648] ./results/nangate45_3D/swerv_wrapper/HBT/6_final.spef line 221439, instance swerv/lsu/bus_intf/bus_buffer/_21721_ not found.
[WARNING STA-1648] ./results/nangate45_3D/swerv_wrapper/HBT/6_final.spef line 221440, instance swerv/lsu/bus_intf/bus_buffer/_22084_ not found.
[WARNING STA-1648] ./results/nangate45_3D/swerv_wrapper/HBT/6_final.spef line 221441, instance swerv/lsu/bus_intf/bus_buffer/_21503_ not found.
[WARNING STA-1648] ./results/nangate45_3D/swerv_wrapper/HBT/6_final.spef line 221442, instance swerv/lsu/bus_intf/bus_buffer/_21714_ not found.
[WARNING STA-1648] ./results/nangate45_3D/swerv_wrapper/HBT/6_final.spef line 221443, instance swerv/lsu/bus_intf/bus_buffer/_21489_ not found.
[WARNING STA-1648] ./results/nangate45_3D/swerv_wrapper/HBT/6_final.spef line 221444, instance swerv/lsu/bus_intf/bus_buffer/_21725_ not found.
[WARNING STA-1648] ./results/nangate45_3D/swerv_wrapper/HBT/6_final.spef line 221445, instance swerv/lsu/bus_intf/bus_buffer/_22004_ not found.
[WARNING STA-1648] ./results/nangate45_3D/swerv_wrapper/HBT/6_final.spef line 221446, instance swerv/lsu/bus_intf/bus_buffer/_21711_ not found.
[WARNING STA-1648] ./results/nangate45_3D/swerv_wrapper/HBT/6_final.spef line 221447, instance swerv/lsu/bus_intf/bus_buffer/_21480_ not found.
[WARNING STA-1648] ./results/nangate45_3D/swerv_wrapper/HBT/6_final.spef line 221448, instance swerv/lsu/bus_intf/bus_buffer/_22097_ not found.
[WARNING STA-1648] ./results/nangate45_3D/swerv_wrapper/HBT/6_final.spef line 221449, instance swerv/lsu/bus_intf/bus_buffer/_21712_ not found.
[WARNING STA-1648] ./results/nangate45_3D/swerv_wrapper/HBT/6_final.spef line 221450, instance swerv/lsu/bus_intf/bus_buffer/_21898_ not found.
[WARNING STA-1648] ./results/nangate45_3D/swerv_wrapper/HBT/6_final.spef line 221451, instance swerv/lsu/bus_intf/bus_buffer/_21490_ not found.
[WARNING STA-1648] ./results/nangate45_3D/swerv_wrapper/HBT/6_final.spef line 221452, instance swerv/lsu/bus_intf/bus_buffer/_21507_ not found.
[WARNING STA-1648] ./results/nangate45_3D/swerv_wrapper/HBT/6_final.spef line 221453, instance swerv/lsu/bus_intf/bus_buffer/_21492_ not found.
[WARNING STA-1648] ./results/nangate45_3D/swerv_wrapper/HBT/6_final.spef line 221454, instance swerv/lsu/bus_intf/bus_buffer/_21991_ not found.
[WARNING STA-1648] ./results/nangate45_3D/swerv_wrapper/HBT/6_final.spef line 221455, instance swerv/lsu/bus_intf/bus_buffer/_21499_ not found.
[WARNING STA-1648] ./results/nangate45_3D/swerv_wrapper/HBT/6_final.spef line 221456, instance swerv/lsu/bus_intf/bus_buffer/_21397_ not found.
[WARNING STA-1648] ./results/nangate45_3D/swerv_wrapper/HBT/6_final.spef line 221457, instance swerv/lsu/bus_intf/bus_buffer/_22264_ not found.
[WARNING STA-1648] ./results/nangate45_3D/swerv_wrapper/HBT/6_final.spef line 221458, instance swerv/lsu/bus_intf/bus_buffer/_21907_ not found.
[WARNING STA-1648] ./results/nangate45_3D/swerv_wrapper/HBT/6_final.spef line 221459, instance swerv/lsu/bus_intf/bus_buffer/_22093_ not found.
[WARNING STA-1648] ./results/nangate45_3D/swerv_wrapper/HBT/6_final.spef line 221460, instance swerv/lsu/bus_intf/bus_buffer/_22279_ not found.
[WARNING STA-1648] ./results/nangate45_3D/swerv_wrapper/HBT/6_final.spef line 221461, instance swerv/lsu/bus_intf/bus_buffer/_22282_ not found.
[WARNING STA-1648] ./results/nangate45_3D/swerv_wrapper/HBT/6_final.spef line 221462, instance swerv/lsu/bus_intf/bus_buffer/_21622_ not found.
[WARNING STA-1648] ./results/nangate45_3D/swerv_wrapper/HBT/6_final.spef line 221463, instance swerv/lsu/bus_intf/bus_buffer/_22086_ not found.
[WARNING STA-1648] ./results/nangate45_3D/swerv_wrapper/HBT/6_final.spef line 221464, instance swerv/lsu/bus_intf/bus_buffer/_21415_ not found.
[WARNING STA-1648] ./results/nangate45_3D/swerv_wrapper/HBT/6_final.spef line 221465, instance swerv/lsu/bus_intf/bus_buffer/_22190_ not found.
[WARNING STA-1648] ./results/nangate45_3D/swerv_wrapper/HBT/6_final.spef line 221466, instance swerv/lsu/bus_intf/bus_buffer/_21807_ not found.
[WARNING STA-1648] ./results/nangate45_3D/swerv_wrapper/HBT/6_final.spef line 221467, instance swerv/lsu/bus_intf/bus_buffer/_22272_ not found.
[WARNING STA-1648] ./results/nangate45_3D/swerv_wrapper/HBT/6_final.spef line 221468, instance swerv/lsu/bus_intf/bus_buffer/_22179_ not found.
[WARNING STA-1648] ./results/nangate45_3D/swerv_wrapper/HBT/6_final.spef line 221469, instance swerv/lsu/bus_intf/bus_buffer/_21818_ not found.
[WARNING STA-1648] ./results/nangate45_3D/swerv_wrapper/HBT/6_final.spef line 221470, instance swerv/lsu/bus_intf/bus_buffer/_21993_ not found.
[WARNING STA-1648] ./results/nangate45_3D/swerv_wrapper/HBT/6_final.spef line 221471, instance swerv/lsu/bus_intf/bus_buffer/_21610_ not found.
[WARNING STA-1648] ./results/nangate45_3D/swerv_wrapper/HBT/6_final.spef line 221472, instance swerv/lsu/bus_intf/bus_buffer/_21888_ not found.
[WARNING STA-1648] ./results/nangate45_3D/swerv_wrapper/HBT/6_final.spef line 221473, instance swerv/lsu/bus_intf/bus_buffer/_21900_ not found.
[WARNING STA-1648] ./results/nangate45_3D/swerv_wrapper/HBT/6_final.spef line 221474, instance swerv/lsu/bus_intf/bus_buffer/_21795_ not found.
[WARNING STA-1648] ./results/nangate45_3D/swerv_wrapper/HBT/6_final.spef line 221475, instance swerv/lsu/bus_intf/bus_buffer/_21702_ not found.
[WARNING STA-1648] ./results/nangate45_3D/swerv_wrapper/HBT/6_final.spef line 221476, instance swerv/lsu/bus_intf/bus_buffer/_22269_ not found.
[WARNING STA-1648] ./results/nangate45_3D/swerv_wrapper/HBT/6_final.spef line 221477, instance swerv/lsu/bus_intf/bus_buffer/_21911_ not found.
[WARNING STA-1648] ./results/nangate45_3D/swerv_wrapper/HBT/6_final.spef line 221478, instance swerv/lsu/bus_intf/bus_buffer/_21614_ not found.
[WARNING STA-1648] ./results/nangate45_3D/swerv_wrapper/HBT/6_final.spef line 221479, instance swerv/lsu/bus_intf/bus_buffer/_21706_ not found.
[WARNING STA-1648] ./results/nangate45_3D/swerv_wrapper/HBT/6_final.spef line 221480, instance swerv/lsu/bus_intf/bus_buffer/_21805_ not found.
[WARNING STA-1648] ./results/nangate45_3D/swerv_wrapper/HBT/6_final.spef line 221481, instance swerv/lsu/bus_intf/bus_buffer/_22078_ not found.
[WARNING STA-1648] ./results/nangate45_3D/swerv_wrapper/HBT/6_final.spef line 221482, instance swerv/lsu/bus_intf/bus_buffer/_21985_ not found.
[WARNING STA-1648] ./results/nangate45_3D/swerv_wrapper/HBT/6_final.spef line 221483, instance swerv/lsu/bus_intf/bus_buffer/_21992_ not found.
[WARNING STA-1648] ./results/nangate45_3D/swerv_wrapper/HBT/6_final.spef line 221484, instance swerv/lsu/bus_intf/bus_buffer/_21915_ not found.
[WARNING STA-1648] ./results/nangate45_3D/swerv_wrapper/HBT/6_final.spef line 221485, instance swerv/lsu/bus_intf/bus_buffer/_22008_ not found.
[WARNING STA-1648] ./results/nangate45_3D/swerv_wrapper/HBT/6_final.spef line 221486, instance swerv/lsu/bus_intf/bus_buffer/_21637_ not found.
[WARNING STA-1648] ./results/nangate45_3D/swerv_wrapper/HBT/6_final.spef line 221487, instance swerv/lsu/bus_intf/bus_buffer/_22186_ not found.
[WARNING STA-1648] ./results/nangate45_3D/swerv_wrapper/HBT/6_final.spef line 221488, instance swerv/lsu/bus_intf/bus_buffer/_21632_ not found.
[WARNING STA-1648] ./results/nangate45_3D/swerv_wrapper/HBT/6_final.spef line 221489, instance swerv/lsu/bus_intf/bus_buffer/_21633_ not found.
[WARNING STA-1648] ./results/nangate45_3D/swerv_wrapper/HBT/6_final.spef line 221490, instance swerv/lsu/bus_intf/bus_buffer/_22176_ not found.
[WARNING STA-1648] ./results/nangate45_3D/swerv_wrapper/HBT/6_final.spef line 221491, instance swerv/lsu/bus_intf/bus_buffer/_21619_ not found.
[WARNING STA-1648] ./results/nangate45_3D/swerv_wrapper/HBT/6_final.spef line 221492, instance swerv/lsu/bus_intf/bus_buffer/_21804_ not found.
[WARNING STA-1648] ./results/nangate45_3D/swerv_wrapper/HBT/6_final.spef line 221493, instance swerv/lsu/bus_intf/bus_buffer/_21990_ not found.
[WARNING STA-1648] ./results/nangate45_3D/swerv_wrapper/HBT/6_final.spef line 221494, instance swerv/lsu/bus_intf/bus_buffer/_22083_ not found.
[WARNING STA-1648] ./results/nangate45_3D/swerv_wrapper/HBT/6_final.spef line 221495, instance swerv/lsu/bus_intf/bus_buffer/_21897_ not found.
[WARNING STA-1648] ./results/nangate45_3D/swerv_wrapper/HBT/6_final.spef line 221496, instance swerv/lsu/bus_intf/bus_buffer/_22074_ not found.
[WARNING STA-1648] ./results/nangate45_3D/swerv_wrapper/HBT/6_final.spef line 221497, instance swerv/lsu/bus_intf/bus_buffer/_21502_ not found.
[WARNING STA-1648] ./results/nangate45_3D/swerv_wrapper/HBT/6_final.spef line 221498, instance swerv/lsu/bus_intf/bus_buffer/_21981_ not found.
[WARNING STA-1648] ./results/nangate45_3D/swerv_wrapper/HBT/6_final.spef line 221499, instance swerv/lsu/bus_intf/bus_buffer/_22260_ not found.
[WARNING STA-1648] ./results/nangate45_3D/swerv_wrapper/HBT/6_final.spef line 221500, instance swerv/lsu/bus_intf/bus_buffer/_22167_ not found.
[WARNING STA-1648] ./results/nangate45_3D/swerv_wrapper/HBT/6_final.spef line 221501, instance swerv/lsu/_8375_ not found.
[WARNING STA-1648] ./results/nangate45_3D/swerv_wrapper/HBT/6_final.spef line 221502, instance swerv/lsu/_8447_ not found.
[WARNING STA-1648] ./results/nangate45_3D/swerv_wrapper/HBT/6_final.spef line 221503, instance swerv/lsu/_8407_ not found.
[WARNING STA-1648] ./results/nangate45_3D/swerv_wrapper/HBT/6_final.spef line 221504, instance swerv/lsu/_8439_ not found.
[WARNING STA-1648] ./results/nangate45_3D/swerv_wrapper/HBT/6_final.spef line 221505, instance swerv/lsu/_8382_ not found.
[WARNING STA-1648] ./results/nangate45_3D/swerv_wrapper/HBT/6_final.spef line 221506, instance swerv/lsu/_8449_ not found.
[WARNING STA-1648] ./results/nangate45_3D/swerv_wrapper/HBT/6_final.spef line 221507, instance swerv/lsu/_8417_ not found.
[WARNING STA-1648] ./results/nangate45_3D/swerv_wrapper/HBT/6_final.spef line 221508, instance swerv/lsu/_8401_ not found.
[WARNING STA-1648] ./results/nangate45_3D/swerv_wrapper/HBT/6_final.spef line 221509, instance swerv/lsu/bus_intf/bus_buffer/_22263_ not found.
[WARNING STA-1648] ./results/nangate45_3D/swerv_wrapper/HBT/6_final.spef line 221510, instance swerv/lsu/_8369_ not found.
[WARNING STA-1648] ./results/nangate45_3D/swerv_wrapper/HBT/6_final.spef line 221511, instance swerv/lsu/_8388_ not found.
[WARNING STA-1648] ./results/nangate45_3D/swerv_wrapper/HBT/6_final.spef line 221512, instance swerv/lsu/_8390_ not found.
[WARNING STA-1648] ./results/nangate45_3D/swerv_wrapper/HBT/6_final.spef line 221513, instance swerv/lsu/_8386_ not found.
[WARNING STA-1648] ./results/nangate45_3D/swerv_wrapper/HBT/6_final.spef line 221514, instance swerv/lsu/_8394_ not found.
[WARNING STA-1648] ./results/nangate45_3D/swerv_wrapper/HBT/6_final.spef line 221515, instance swerv/lsu/_8380_ not found.
[WARNING STA-1648] ./results/nangate45_3D/swerv_wrapper/HBT/6_final.spef line 221516, instance swerv/lsu/_8427_ not found.
[WARNING STA-1648] ./results/nangate45_3D/swerv_wrapper/HBT/6_final.spef line 221517, instance swerv/lsu/_8459_ not found.
[WARNING STA-1648] ./results/nangate45_3D/swerv_wrapper/HBT/6_final.spef line 221518, instance swerv/lsu/_8395_ not found.
[WARNING STA-1648] ./results/nangate45_3D/swerv_wrapper/HBT/6_final.spef line 221519, instance swerv/lsu/_8441_ not found.
[WARNING STA-1648] ./results/nangate45_3D/swerv_wrapper/HBT/6_final.spef line 221520, instance swerv/lsu/_8377_ not found.
[WARNING STA-1648] ./results/nangate45_3D/swerv_wrapper/HBT/6_final.spef line 221521, instance swerv/lsu/_8409_ not found.
[WARNING STA-1648] ./results/nangate45_3D/swerv_wrapper/HBT/6_final.spef line 221522, instance swerv/lsu/_8378_ not found.
[WARNING STA-1648] ./results/nangate45_3D/swerv_wrapper/HBT/6_final.spef line 221523, instance swerv/lsu/_8461_ not found.
[WARNING STA-1648] ./results/nangate45_3D/swerv_wrapper/HBT/6_final.spef line 221524, instance swerv/lsu/_8379_ not found.
[WARNING STA-1648] ./results/nangate45_3D/swerv_wrapper/HBT/6_final.spef line 221525, instance swerv/lsu/_8410_ not found.
[WARNING STA-1648] ./results/nangate45_3D/swerv_wrapper/HBT/6_final.spef line 221526, instance swerv/lsu/stbuf/_19500_ not found.
[WARNING STA-1648] ./results/nangate45_3D/swerv_wrapper/HBT/6_final.spef line 221527, instance swerv/lsu/stbuf/_19501_ not found.
[WARNING STA-1648] ./results/nangate45_3D/swerv_wrapper/HBT/6_final.spef line 221528, instance swerv/lsu/stbuf/_19490_ not found.
[WARNING STA-1648] ./results/nangate45_3D/swerv_wrapper/HBT/6_final.spef line 221529, instance swerv/lsu/stbuf/_19488_ not found.
[WARNING STA-1648] ./results/nangate45_3D/swerv_wrapper/HBT/6_final.spef line 221530, instance swerv/lsu/_8482_ not found.
[WARNING STA-1648] ./results/nangate45_3D/swerv_wrapper/HBT/6_final.spef line 221531, instance swerv/lsu/_8454_ not found.
[WARNING STA-1648] ./results/nangate45_3D/swerv_wrapper/HBT/6_final.spef line 221532, instance swerv/lsu/_8568_ not found.
[WARNING STA-1648] ./results/nangate45_3D/swerv_wrapper/HBT/6_final.spef line 221533, instance swerv/lsu/stbuf/_19612_ not found.
[WARNING STA-1648] ./results/nangate45_3D/swerv_wrapper/HBT/6_final.spef line 221534, instance swerv/lsu/_8438_ not found.
[WARNING STA-1648] ./results/nangate45_3D/swerv_wrapper/HBT/6_final.spef line 221535, instance swerv/lsu/_8424_ not found.
[WARNING STA-1648] ./results/nangate45_3D/swerv_wrapper/HBT/6_final.spef line 221536, instance swerv/lsu/_8406_ not found.
[WARNING STA-1648] ./results/nangate45_3D/swerv_wrapper/HBT/6_final.spef line 221537, instance swerv/lsu/_8422_ not found.
[WARNING STA-1648] ./results/nangate45_3D/swerv_wrapper/HBT/6_final.spef line 221538, instance swerv/lsu/_8588_ not found.
[WARNING STA-1648] ./results/nangate45_3D/swerv_wrapper/HBT/6_final.spef line 221539, instance swerv/lsu/stbuf/_19546_ not found.
[WARNING STA-1648] ./results/nangate45_3D/swerv_wrapper/HBT/6_final.spef line 221540, instance swerv/lsu/_8596_ not found.
[WARNING STA-1648] ./results/nangate45_3D/swerv_wrapper/HBT/6_final.spef line 221541, instance swerv/lsu/_8436_ not found.
[WARNING STA-1648] ./results/nangate45_3D/swerv_wrapper/HBT/6_final.spef line 221542, instance swerv/lsu/stbuf/_19603_ not found.
[WARNING STA-1648] ./results/nangate45_3D/swerv_wrapper/HBT/6_final.spef line 221543, instance swerv/lsu/_8622_ not found.
[WARNING STA-1648] ./results/nangate45_3D/swerv_wrapper/HBT/6_final.spef line 221544, instance swerv/lsu/_8370_ not found.
[WARNING STA-1648] ./results/nangate45_3D/swerv_wrapper/HBT/6_final.spef line 221545, instance swerv/lsu/_8562_ not found.
[WARNING STA-1648] ./results/nangate45_3D/swerv_wrapper/HBT/6_final.spef line 221546, instance swerv/lsu/_8400_ not found.
[WARNING STA-1648] ./results/nangate45_3D/swerv_wrapper/HBT/6_final.spef line 221547, instance swerv/lsu/_8368_ not found.
[WARNING STA-1648] ./results/nangate45_3D/swerv_wrapper/HBT/6_final.spef line 221548, instance swerv/lsu/_8920_ not found.
[WARNING STA-1648] ./results/nangate45_3D/swerv_wrapper/HBT/6_final.spef line 221549, instance swerv/lsu/_8938_ not found.
[WARNING STA-1648] ./results/nangate45_3D/swerv_wrapper/HBT/6_final.spef line 221550, instance swerv/lsu/_8927_ not found.
[WARNING STA-1648] ./results/nangate45_3D/swerv_wrapper/HBT/6_final.spef line 221551, instance swerv/lsu/_8945_ not found.
[WARNING STA-1648] ./results/nangate45_3D/swerv_wrapper/HBT/6_final.spef line 221552, instance swerv/lsu/_8672_ not found.
[WARNING STA-1648] ./results/nangate45_3D/swerv_wrapper/HBT/6_final.spef line 221553, instance swerv/lsu/_8728_ not found.
[WARNING STA-1648] ./results/nangate45_3D/swerv_wrapper/HBT/6_final.spef line 221554, instance swerv/lsu/_8722_ not found.
[WARNING STA-1648] ./results/nangate45_3D/swerv_wrapper/HBT/6_final.spef line 221555, instance swerv/dec/tlu/_11691_ not found.
[WARNING STA-1648] ./results/nangate45_3D/swerv_wrapper/HBT/6_final.spef line 221556, instance swerv/lsu/_8466_ not found.
[WARNING STA-1648] ./results/nangate45_3D/swerv_wrapper/HBT/6_final.spef line 221557, instance swerv/lsu/stbuf/_19831_ not found.
[WARNING STA-1648] ./results/nangate45_3D/swerv_wrapper/HBT/6_final.spef line 221558, instance swerv/lsu/stbuf/_19658_ not found.
[WARNING STA-1648] ./results/nangate45_3D/swerv_wrapper/HBT/6_final.spef line 221559, instance swerv/lsu/stbuf/_19601_ not found.
[WARNING STA-1648] ./results/nangate45_3D/swerv_wrapper/HBT/6_final.spef line 221560, instance swerv/lsu/stbuf/_19774_ not found.
[WARNING STA-1648] ./results/nangate45_3D/swerv_wrapper/HBT/6_final.spef line 221561, instance swerv/lsu/stbuf/_19717_ not found.
[WARNING STA-1648] ./results/nangate45_3D/swerv_wrapper/HBT/6_final.spef line 221562, instance swerv/lsu/stbuf/_19715_ not found.
[WARNING STA-1648] ./results/nangate45_3D/swerv_wrapper/HBT/6_final.spef line 221563, instance swerv/lsu/stbuf/_19487_ not found.
[WARNING STA-1648] ./results/nangate45_3D/swerv_wrapper/HBT/6_final.spef line 221564, instance swerv/lsu/stbuf/_19544_ not found.
[WARNING STA-1648] ./results/nangate45_3D/swerv_wrapper/HBT/6_final.spef line 221565, instance swerv/lsu/stbuf/_19886_ not found.
[WARNING STA-1648] ./results/nangate45_3D/swerv_wrapper/HBT/6_final.spef line 221566, instance swerv/lsu/stbuf/_20009_ not found.
[WARNING STA-1648] ./results/nangate45_3D/swerv_wrapper/HBT/6_final.spef line 221567, instance swerv/lsu/_8598_ not found.
[WARNING STA-1648] ./results/nangate45_3D/swerv_wrapper/HBT/6_final.spef line 221568, instance swerv/lsu/stbuf/_19561_ not found.
[WARNING STA-1648] ./results/nangate45_3D/swerv_wrapper/HBT/6_final.spef line 221569, instance swerv/lsu/stbuf/_19970_ not found.
[WARNING STA-1648] ./results/nangate45_3D/swerv_wrapper/HBT/6_final.spef line 221570, instance swerv/lsu/stbuf/_20002_ not found.
[WARNING STA-1648] ./results/nangate45_3D/swerv_wrapper/HBT/6_final.spef line 221571, instance swerv/lsu/stbuf/_19994_ not found.
[WARNING STA-1648] ./results/nangate45_3D/swerv_wrapper/HBT/6_final.spef line 221572, instance swerv/lsu/stbuf/_19504_ not found.
[WARNING STA-1648] ./results/nangate45_3D/swerv_wrapper/HBT/6_final.spef line 221573, instance swerv/lsu/stbuf/_19485_ not found.
[WARNING STA-1648] ./results/nangate45_3D/swerv_wrapper/HBT/6_final.spef line 221574, instance swerv/lsu/stbuf/_19896_ not found.
[WARNING STA-1648] ./results/nangate45_3D/swerv_wrapper/HBT/6_final.spef line 221575, instance swerv/lsu/stbuf/_19839_ not found.
[WARNING STA-1648] ./results/nangate45_3D/swerv_wrapper/HBT/6_final.spef line 221576, instance swerv/lsu/stbuf/_19782_ not found.
[WARNING STA-1648] ./results/nangate45_3D/swerv_wrapper/HBT/6_final.spef line 221577, instance swerv/lsu/stbuf/_19722_ not found.
[WARNING STA-1648] ./results/nangate45_3D/swerv_wrapper/HBT/6_final.spef line 221578, instance swerv/lsu/stbuf/_19779_ not found.
[WARNING STA-1648] ./results/nangate45_3D/swerv_wrapper/HBT/6_final.spef line 221579, instance swerv/lsu/stbuf/_19526_ not found.
[WARNING STA-1648] ./results/nangate45_3D/swerv_wrapper/HBT/6_final.spef line 221580, instance swerv/lsu/stbuf/_19537_ not found.
[WARNING STA-1648] ./results/nangate45_3D/swerv_wrapper/HBT/6_final.spef line 221581, instance swerv/lsu/stbuf/_19594_ not found.
[WARNING STA-1648] ./results/nangate45_3D/swerv_wrapper/HBT/6_final.spef line 221582, instance swerv/lsu/stbuf/_19708_ not found.
[WARNING STA-1648] ./results/nangate45_3D/swerv_wrapper/HBT/6_final.spef line 221583, instance swerv/lsu/stbuf/_19586_ not found.
[WARNING STA-1648] ./results/nangate45_3D/swerv_wrapper/HBT/6_final.spef line 221584, instance swerv/lsu/stbuf/_19590_ not found.
[WARNING STA-1648] ./results/nangate45_3D/swerv_wrapper/HBT/6_final.spef line 221585, instance swerv/lsu/stbuf/_19533_ not found.
[WARNING STA-1648] ./results/nangate45_3D/swerv_wrapper/HBT/6_final.spef line 221586, instance swerv/lsu/stbuf/_19704_ not found.
[WARNING STA-1648] ./results/nangate45_3D/swerv_wrapper/HBT/6_final.spef line 221587, instance swerv/lsu/stbuf/_19647_ not found.
[WARNING STA-1648] ./results/nangate45_3D/swerv_wrapper/HBT/6_final.spef line 221588, instance swerv/lsu/stbuf/_19822_ not found.
[WARNING STA-1648] ./results/nangate45_3D/swerv_wrapper/HBT/6_final.spef line 221589, instance swerv/lsu/stbuf/_19651_ not found.
[WARNING STA-1648] ./results/nangate45_3D/swerv_wrapper/HBT/6_final.spef line 221590, instance swerv/lsu/stbuf/_19529_ not found.
[WARNING STA-1648] ./results/nangate45_3D/swerv_wrapper/HBT/6_final.spef line 221591, instance swerv/lsu/stbuf/_19583_ not found.
[WARNING STA-1648] ./results/nangate45_3D/swerv_wrapper/HBT/6_final.spef line 221592, instance swerv/lsu/stbuf/_19925_ not found.
[WARNING STA-1648] ./results/nangate45_3D/swerv_wrapper/HBT/6_final.spef line 221593, instance swerv/lsu/stbuf/_19754_ not found.
[WARNING STA-1648] ./results/nangate45_3D/swerv_wrapper/HBT/6_final.spef line 221594, instance swerv/lsu/stbuf/_19640_ not found.
[WARNING STA-1648] ./results/nangate45_3D/swerv_wrapper/HBT/6_final.spef line 221595, instance swerv/lsu/stbuf/_19697_ not found.
[WARNING STA-1648] ./results/nangate45_3D/swerv_wrapper/HBT/6_final.spef line 221596, instance swerv/lsu/stbuf/_19811_ not found.
[WARNING STA-1648] ./results/nangate45_3D/swerv_wrapper/HBT/6_final.spef line 221597, instance swerv/lsu/stbuf/_19868_ not found.
[WARNING STA-1648] ./results/nangate45_3D/swerv_wrapper/HBT/6_final.spef line 221598, instance swerv/lsu/stbuf/_19757_ not found.
[WARNING STA-1648] ./results/nangate45_3D/swerv_wrapper/HBT/6_final.spef line 221599, instance swerv/lsu/stbuf/_19700_ not found.
[WARNING STA-1648] ./results/nangate45_3D/swerv_wrapper/HBT/6_final.spef line 221600, instance swerv/lsu/stbuf/_19871_ not found.
[WARNING STA-1648] ./results/nangate45_3D/swerv_wrapper/HBT/6_final.spef line 221601, instance swerv/lsu/stbuf/_19928_ not found.
[WARNING STA-1648] ./results/nangate45_3D/swerv_wrapper/HBT/6_final.spef line 221602, instance swerv/lsu/stbuf/_19765_ not found.
[WARNING STA-1648] ./results/nangate45_3D/swerv_wrapper/HBT/6_final.spef line 221603, instance swerv/lsu/stbuf/_19814_ not found.
[WARNING STA-1648] ./results/nangate45_3D/swerv_wrapper/HBT/6_final.spef line 221604, instance swerv/lsu/stbuf/_19879_ not found.
[WARNING STA-1648] ./results/nangate45_3D/swerv_wrapper/HBT/6_final.spef line 221605, instance swerv/lsu/stbuf/_19936_ not found.
[WARNING STA-1648] ./results/nangate45_3D/swerv_wrapper/HBT/6_final.spef line 221606, instance swerv/lsu/stbuf/_19761_ not found.
[WARNING STA-1648] ./results/nangate45_3D/swerv_wrapper/HBT/6_final.spef line 221607, instance swerv/lsu/stbuf/_19818_ not found.
[WARNING STA-1648] ./results/nangate45_3D/swerv_wrapper/HBT/6_final.spef line 221608, instance swerv/lsu/stbuf/_19875_ not found.
[WARNING STA-1648] ./results/nangate45_3D/swerv_wrapper/HBT/6_final.spef line 221609, instance swerv/lsu/stbuf/_19932_ not found.
[WARNING STA-1648] ./results/nangate45_3D/swerv_wrapper/HBT/6_final.spef line 221610, instance swerv/lsu/_9077_ not found.
[WARNING STA-1648] ./results/nangate45_3D/swerv_wrapper/HBT/6_final.spef line 221611, instance swerv/lsu/_9092_ not found.
[WARNING STA-1648] ./results/nangate45_3D/swerv_wrapper/HBT/6_final.spef line 221612, instance swerv/lsu/_9057_ not found.
[WARNING STA-1648] ./results/nangate45_3D/swerv_wrapper/HBT/6_final.spef line 221613, instance swerv/lsu/stbuf/_19966_ not found.
[WARNING STA-1648] ./results/nangate45_3D/swerv_wrapper/HBT/6_final.spef line 221614, instance swerv/lsu/stbuf/_20021_ not found.
[WARNING STA-1648] ./results/nangate45_3D/swerv_wrapper/HBT/6_final.spef line 221615, instance swerv/lsu/stbuf/_20017_ not found.
[WARNING STA-1648] ./results/nangate45_3D/swerv_wrapper/HBT/6_final.spef line 221616, instance swerv/lsu/stbuf/_19961_ not found.
[WARNING STA-1648] ./results/nangate45_3D/swerv_wrapper/HBT/6_final.spef line 221617, instance swerv/lsu/stbuf/_19954_ not found.
[WARNING STA-1648] ./results/nangate45_3D/swerv_wrapper/HBT/6_final.spef line 221618, instance swerv/lsu/_9088_ not found.
[WARNING STA-1648] ./results/nangate45_3D/swerv_wrapper/HBT/6_final.spef line 221619, instance swerv/lsu/_9085_ not found.
[WARNING STA-1648] ./results/nangate45_3D/swerv_wrapper/HBT/6_final.spef line 221620, instance swerv/lsu/_9093_ not found.
[WARNING STA-1648] ./results/nangate45_3D/swerv_wrapper/HBT/6_final.spef line 221621, instance swerv/lsu/_9073_ not found.
[WARNING STA-1648] ./results/nangate45_3D/swerv_wrapper/HBT/6_final.spef line 221622, instance swerv/lsu/_9139_ not found.
[WARNING STA-1648] ./results/nangate45_3D/swerv_wrapper/HBT/6_final.spef line 221623, instance swerv/lsu/_9082_ not found.
[WARNING STA-1648] ./results/nangate45_3D/swerv_wrapper/HBT/6_final.spef line 221624, instance swerv/lsu/_9069_ not found.
[WARNING STA-1648] ./results/nangate45_3D/swerv_wrapper/HBT/6_final.spef line 221625, instance swerv/lsu/_9084_ not found.
[WARNING STA-1648] ./results/nangate45_3D/swerv_wrapper/HBT/6_final.spef line 221626, instance swerv/lsu/stbuf/_20005_ not found.
[WARNING STA-1648] ./results/nangate45_3D/swerv_wrapper/HBT/6_final.spef line 221627, instance swerv/lsu/stbuf/_19958_ not found.
[WARNING STA-1648] ./results/nangate45_3D/swerv_wrapper/HBT/6_final.spef line 221628, instance swerv/lsu/_9090_ not found.
[WARNING STA-1648] ./results/nangate45_3D/swerv_wrapper/HBT/6_final.spef line 221629, instance swerv/lsu/_9081_ not found.
[WARNING STA-1648] ./results/nangate45_3D/swerv_wrapper/HBT/6_final.spef line 221630, instance swerv/lsu/_9066_ not found.
[WARNING STA-1648] ./results/nangate45_3D/swerv_wrapper/HBT/6_final.spef line 221631, instance swerv/lsu/_9068_ not found.
[WARNING STA-1648] ./results/nangate45_3D/swerv_wrapper/HBT/6_final.spef line 221632, instance swerv/lsu/stbuf/_19798_ not found.
[WARNING STA-1648] ./results/nangate45_3D/swerv_wrapper/HBT/6_final.spef line 221633, instance swerv/lsu/stbuf/_19863_ not found.
[WARNING STA-1648] ./results/nangate45_3D/swerv_wrapper/HBT/6_final.spef line 221634, instance swerv/lsu/stbuf/_19920_ not found.
[WARNING STA-1648] ./results/nangate45_3D/swerv_wrapper/HBT/6_final.spef line 221635, instance swerv/lsu/stbuf/_19748_ not found.
[WARNING STA-1648] ./results/nangate45_3D/swerv_wrapper/HBT/6_final.spef line 221636, instance swerv/lsu/stbuf/_19790_ not found.
[WARNING STA-1648] ./results/nangate45_3D/swerv_wrapper/HBT/6_final.spef line 221637, instance swerv/lsu/stbuf/_19676_ not found.
[WARNING STA-1648] ./results/nangate45_3D/swerv_wrapper/HBT/6_final.spef line 221638, instance swerv/lsu/stbuf/_19805_ not found.
[WARNING STA-1648] ./results/nangate45_3D/swerv_wrapper/HBT/6_final.spef line 221639, instance swerv/lsu/stbuf/_19733_ not found.
[WARNING STA-1648] ./results/nangate45_3D/swerv_wrapper/HBT/6_final.spef line 221640, instance swerv/lsu/stbuf/_19691_ not found.
[WARNING STA-1648] ./results/nangate45_3D/swerv_wrapper/HBT/6_final.spef line 221641, instance swerv/lsu/stbuf/_19686_ not found.
[WARNING STA-1648] ./results/nangate45_3D/swerv_wrapper/HBT/6_final.spef line 221642, instance swerv/lsu/stbuf/_19878_ not found.
[WARNING STA-1648] ./results/nangate45_3D/swerv_wrapper/HBT/6_final.spef line 221643, instance swerv/lsu/stbuf/_19866_ not found.
[WARNING STA-1648] ./results/nangate45_3D/swerv_wrapper/HBT/6_final.spef line 221644, instance swerv/lsu/stbuf/_19923_ not found.
[WARNING STA-1648] ./results/nangate45_3D/swerv_wrapper/HBT/6_final.spef line 221645, instance swerv/lsu/stbuf/_19756_ not found.
[WARNING STA-1648] ./results/nangate45_3D/swerv_wrapper/HBT/6_final.spef line 221646, instance swerv/lsu/stbuf/_19813_ not found.
[WARNING STA-1648] ./results/nangate45_3D/swerv_wrapper/HBT/6_final.spef line 221647, instance swerv/lsu/stbuf/_19927_ not found.
[WARNING STA-1648] ./results/nangate45_3D/swerv_wrapper/HBT/6_final.spef line 221648, instance mem/Gen_dccm_enable_dccm/mem_bank_3__dccm_bank/mem not found.
[WARNING STA-1648] ./results/nangate45_3D/swerv_wrapper/HBT/6_final.spef line 221649, instance swerv/lsu/stbuf/_19730_ not found.
[WARNING STA-1648] ./results/nangate45_3D/swerv_wrapper/HBT/6_final.spef line 221650, instance swerv/lsu/stbuf/_19862_ not found.
[WARNING STA-1648] ./results/nangate45_3D/swerv_wrapper/HBT/6_final.spef line 221651, instance swerv/lsu/stbuf/_19919_ not found.
[WARNING STA-1648] ./results/nangate45_3D/swerv_wrapper/HBT/6_final.spef line 221652, instance swerv/lsu/stbuf/_19870_ not found.
[WARNING STA-1648] ./results/nangate45_3D/swerv_wrapper/HBT/6_final.spef line 221653, instance swerv/lsu/stbuf/_19935_ not found.
[WARNING STA-1648] ./results/nangate45_3D/swerv_wrapper/HBT/6_final.spef line 221654, instance swerv/lsu/stbuf/_19914_ not found.
[WARNING STA-1648] ./results/nangate45_3D/swerv_wrapper/HBT/6_final.spef line 221655, instance swerv/lsu/stbuf/_19857_ not found.
[WARNING STA-1648] ./results/nangate45_3D/swerv_wrapper/HBT/6_final.spef line 221656, instance swerv/lsu/stbuf/_19800_ not found.
[WARNING STA-1648] ./results/nangate45_3D/swerv_wrapper/HBT/6_final.spef line 221657, instance swerv/lsu/stbuf/_19752_ not found.
[WARNING STA-1648] ./results/nangate45_3D/swerv_wrapper/HBT/6_final.spef line 221658, instance swerv/lsu/stbuf/_19593_ not found.
[WARNING STA-1648] ./results/nangate45_3D/swerv_wrapper/HBT/6_final.spef line 221659, instance swerv/lsu/stbuf/_19574_ not found.
[WARNING STA-1648] ./results/nangate45_3D/swerv_wrapper/HBT/6_final.spef line 221660, instance swerv/lsu/stbuf/_19581_ not found.
[WARNING STA-1648] ./results/nangate45_3D/swerv_wrapper/HBT/6_final.spef line 221661, instance swerv/lsu/stbuf/_19524_ not found.
[WARNING STA-1648] ./results/nangate45_3D/swerv_wrapper/HBT/6_final.spef line 221662, instance swerv/lsu/stbuf/_19638_ not found.
[WARNING STA-1648] ./results/nangate45_3D/swerv_wrapper/HBT/6_final.spef line 221663, instance swerv/lsu/stbuf/_20022_ not found.
[WARNING STA-1648] ./results/nangate45_3D/swerv_wrapper/HBT/6_final.spef line 221664, instance swerv/lsu/stbuf/_19695_ not found.
[WARNING STA-1648] ./results/nangate45_3D/swerv_wrapper/HBT/6_final.spef line 221665, instance swerv/lsu/stbuf/_19650_ not found.
[WARNING STA-1648] ./results/nangate45_3D/swerv_wrapper/HBT/6_final.spef line 221666, instance swerv/lsu/stbuf/_19821_ not found.
[WARNING STA-1648] ./results/nangate45_3D/swerv_wrapper/HBT/6_final.spef line 221667, instance swerv/lsu/stbuf/_19809_ not found.
[WARNING STA-1648] ./results/nangate45_3D/swerv_wrapper/HBT/6_final.spef line 221668, instance swerv/_10195_ not found.
[WARNING STA-1648] ./results/nangate45_3D/swerv_wrapper/HBT/6_final.spef line 221669, instance swerv/_10167_ not found.
[WARNING STA-1648] ./results/nangate45_3D/swerv_wrapper/HBT/6_final.spef line 221670, instance swerv/_10185_ not found.
[WARNING STA-1648] ./results/nangate45_3D/swerv_wrapper/HBT/6_final.spef line 221671, instance swerv/_10161_ not found.
[WARNING STA-1648] ./results/nangate45_3D/swerv_wrapper/HBT/6_final.spef line 221672, instance swerv/_10162_ not found.
[WARNING STA-1648] ./results/nangate45_3D/swerv_wrapper/HBT/6_final.spef line 221673, instance swerv/_10191_ not found.
[WARNING STA-1648] ./results/nangate45_3D/swerv_wrapper/HBT/6_final.spef line 221674, instance swerv/_10178_ not found.
[WARNING STA-1648] ./results/nangate45_3D/swerv_wrapper/HBT/6_final.spef line 221675, instance swerv/lsu/stbuf/_19707_ not found.
[WARNING STA-1648] ./results/nangate45_3D/swerv_wrapper/HBT/6_final.spef line 221676, instance swerv/lsu/stbuf/_20024_ not found.
[WARNING STA-1648] ./results/nangate45_3D/swerv_wrapper/HBT/6_final.spef line 221677, instance swerv/lsu/stbuf/_20007_ not found.
[WARNING STA-1648] ./results/nangate45_3D/swerv_wrapper/HBT/6_final.spef line 221678, instance swerv/lsu/stbuf/_19764_ not found.
[WARNING STA-1648] ./results/nangate45_3D/swerv_wrapper/HBT/6_final.spef line 221679, instance swerv/lsu/stbuf/_19536_ not found.
[WARNING STA-1648] ./results/nangate45_3D/swerv_wrapper/HBT/6_final.spef line 221680, instance swerv/lsu/stbuf/_19528_ not found.
[WARNING STA-1648] ./results/nangate45_3D/swerv_wrapper/HBT/6_final.spef line 221681, instance swerv/lsu/stbuf/_19515_ not found.
[WARNING STA-1648] ./results/nangate45_3D/swerv_wrapper/HBT/6_final.spef line 221682, instance swerv/lsu/stbuf/_19572_ not found.
[WARNING STA-1648] ./results/nangate45_3D/swerv_wrapper/HBT/6_final.spef line 221683, instance swerv/lsu/stbuf/_19585_ not found.
[WARNING STA-1648] ./results/nangate45_3D/swerv_wrapper/HBT/6_final.spef line 221684, instance swerv/lsu/stbuf/_19642_ not found.
[WARNING STA-1648] ./results/nangate45_3D/swerv_wrapper/HBT/6_final.spef line 221685, instance swerv/lsu/stbuf/_19699_ not found.
[WARNING STA-1648] ./results/nangate45_3D/swerv_wrapper/HBT/6_final.spef line 221686, instance swerv/lsu/stbuf/_19743_ not found.
[WARNING STA-1648] ./results/nangate45_3D/swerv_wrapper/HBT/6_final.spef line 221687, instance swerv/lsu/stbuf/_19577_ not found.
[WARNING STA-1648] ./results/nangate45_3D/swerv_wrapper/HBT/6_final.spef line 221688, instance swerv/lsu/stbuf/_19629_ not found.
[WARNING STA-1648] ./results/nangate45_3D/swerv_wrapper/HBT/6_final.spef line 221689, instance swerv/lsu/stbuf/_19520_ not found.
[WARNING STA-1648] ./results/nangate45_3D/swerv_wrapper/HBT/6_final.spef line 221690, instance swerv/lsu/stbuf/_19513_ not found.
[WARNING STA-1648] ./results/nangate45_3D/swerv_wrapper/HBT/6_final.spef line 221691, instance swerv/lsu/stbuf/_19570_ not found.
[WARNING STA-1648] ./results/nangate45_3D/swerv_wrapper/HBT/6_final.spef line 221692, instance swerv/lsu/stbuf/_19627_ not found.
[WARNING STA-1648] ./results/nangate45_3D/swerv_wrapper/HBT/6_final.spef line 221693, instance swerv/lsu/stbuf/_19634_ not found.
[WARNING STA-1648] ./results/nangate45_3D/swerv_wrapper/HBT/6_final.spef line 221694, instance swerv/lsu/stbuf/_19749_ not found.
[WARNING STA-1648] ./results/nangate45_3D/swerv_wrapper/HBT/6_final.spef line 221695, instance swerv/lsu/stbuf/_19806_ not found.
[WARNING STA-1648] ./results/nangate45_3D/swerv_wrapper/HBT/6_final.spef line 221696, instance swerv/lsu/stbuf/_19692_ not found.
[WARNING STA-1648] ./results/nangate45_3D/swerv_wrapper/HBT/6_final.spef line 221697, instance swerv/lsu/stbuf/_19741_ not found.
[WARNING STA-1648] ./results/nangate45_3D/swerv_wrapper/HBT/6_final.spef line 221698, instance swerv/lsu/stbuf/_19512_ not found.
[WARNING STA-1648] ./results/nangate45_3D/swerv_wrapper/HBT/6_final.spef line 221699, instance swerv/lsu/stbuf/_19683_ not found.
[WARNING STA-1648] ./results/nangate45_3D/swerv_wrapper/HBT/6_final.spef line 221700, instance swerv/lsu/stbuf/_19521_ not found.
[WARNING STA-1648] ./results/nangate45_3D/swerv_wrapper/HBT/6_final.spef line 221701, instance swerv/lsu/stbuf/_19684_ not found.
[WARNING STA-1648] ./results/nangate45_3D/swerv_wrapper/HBT/6_final.spef line 221702, instance swerv/lsu/stbuf/_19635_ not found.
[WARNING STA-1648] ./results/nangate45_3D/swerv_wrapper/HBT/6_final.spef line 221703, instance swerv/lsu/stbuf/_19578_ not found.
[WARNING STA-1648] ./results/nangate45_3D/swerv_wrapper/HBT/6_final.spef line 221704, instance swerv/lsu/stbuf/_19854_ not found.
[WARNING STA-1648] ./results/nangate45_3D/swerv_wrapper/HBT/6_final.spef line 221705, instance swerv/lsu/stbuf/_19569_ not found.
[WARNING STA-1648] ./results/nangate45_3D/swerv_wrapper/HBT/6_final.spef line 221706, instance swerv/lsu/stbuf/_19626_ not found.
[WARNING STA-1648] ./results/nangate45_3D/swerv_wrapper/HBT/6_final.spef line 221707, instance swerv/lsu/stbuf/_19911_ not found.
[WARNING STA-1648] ./results/nangate45_3D/swerv_wrapper/HBT/6_final.spef line 221708, instance swerv/lsu/stbuf/_19740_ not found.
[WARNING STA-1648] ./results/nangate45_3D/swerv_wrapper/HBT/6_final.spef line 221709, instance swerv/lsu/stbuf/_19797_ not found.
[WARNING STA-1648] ./results/nangate45_3D/swerv_wrapper/HBT/6_final.spef line 221710, instance swerv/lsu/stbuf/_19912_ not found.
[WARNING STA-1648] ./results/nangate45_3D/swerv_wrapper/HBT/6_final.spef line 221711, instance swerv/lsu/stbuf/_19855_ not found.
[WARNING STA-1648] ./results/nangate45_3D/swerv_wrapper/HBT/6_final.spef line 221712, instance swerv/lsu/stbuf/_19505_ not found.
[WARNING STA-1648] ./results/nangate45_3D/swerv_wrapper/HBT/6_final.spef line 221713, instance swerv/lsu/stbuf/_19562_ not found.
[WARNING STA-1648] ./results/nangate45_3D/swerv_wrapper/HBT/6_final.spef line 221714, instance swerv/lsu/_9056_ not found.
[WARNING STA-1648] ./results/nangate45_3D/swerv_wrapper/HBT/6_final.spef line 221715, instance swerv/lsu/stbuf/_19619_ not found.
[WARNING STA-1648] ./results/nangate45_3D/swerv_wrapper/HBT/6_final.spef line 221716, instance swerv/lsu/stbuf/_19847_ not found.
[WARNING STA-1648] ./results/nangate45_3D/swerv_wrapper/HBT/6_final.spef line 221717, instance swerv/lsu/_9079_ not found.
[WARNING STA-1648] ./results/nangate45_3D/swerv_wrapper/HBT/6_final.spef line 221718, instance swerv/lsu/stbuf/_19904_ not found.
[WARNING STA-1648] ./results/nangate45_3D/swerv_wrapper/HBT/6_final.spef line 221719, instance swerv/lsu/_9101_ not found.
[WARNING STA-1648] ./results/nangate45_3D/swerv_wrapper/HBT/6_final.spef line 221720, instance swerv/lsu/_9091_ not found.
[WARNING STA-1648] ./results/nangate45_3D/swerv_wrapper/HBT/6_final.spef line 221721, instance swerv/lsu/_9087_ not found.
[WARNING STA-1648] ./results/nangate45_3D/swerv_wrapper/HBT/6_final.spef line 221722, instance swerv/lsu/_9075_ not found.
[WARNING STA-1648] ./results/nangate45_3D/swerv_wrapper/HBT/6_final.spef line 221723, instance swerv/lsu/stbuf/_19959_ not found.
[WARNING STA-1648] ./results/nangate45_3D/swerv_wrapper/HBT/6_final.spef line 221724, instance swerv/lsu/_9095_ not found.
[WARNING STA-1648] ./results/nangate45_3D/swerv_wrapper/HBT/6_final.spef line 221725, instance swerv/lsu/_9104_ not found.
[WARNING STA-1648] ./results/nangate45_3D/swerv_wrapper/HBT/6_final.spef line 221726, instance swerv/lsu/stbuf/_20019_ not found.
[WARNING STA-1648] ./results/nangate45_3D/swerv_wrapper/HBT/6_final.spef line 221727, instance swerv/lsu/_9102_ not found.
[WARNING STA-1648] ./results/nangate45_3D/swerv_wrapper/HBT/6_final.spef line 221728, instance swerv/lsu/_9053_ not found.
[WARNING STA-1648] ./results/nangate45_3D/swerv_wrapper/HBT/6_final.spef line 221729, instance swerv/lsu/_9054_ not found.
[WARNING STA-1648] ./results/nangate45_3D/swerv_wrapper/HBT/6_final.spef line 221730, instance swerv/lsu/_9074_ not found.
[WARNING STA-1648] ./results/nangate45_3D/swerv_wrapper/HBT/6_final.spef line 221731, instance swerv/lsu/_9076_ not found.
[WARNING STA-1648] ./results/nangate45_3D/swerv_wrapper/HBT/6_final.spef line 221732, instance swerv/lsu/stbuf/_20026_ not found.
[WARNING STA-1648] ./results/nangate45_3D/swerv_wrapper/HBT/6_final.spef line 221733, instance swerv/lsu/stbuf/_19616_ not found.
[WARNING STA-1648] ./results/nangate45_3D/swerv_wrapper/HBT/6_final.spef line 221734, instance swerv/lsu/stbuf/_19597_ not found.
[WARNING STA-1648] ./results/nangate45_3D/swerv_wrapper/HBT/6_final.spef line 221735, instance swerv/lsu/stbuf/_19673_ not found.
[WARNING STA-1648] ./results/nangate45_3D/swerv_wrapper/HBT/6_final.spef line 221736, instance swerv/lsu/stbuf/_19787_ not found.
[WARNING STA-1648] ./results/nangate45_3D/swerv_wrapper/HBT/6_final.spef line 221737, instance swerv/lsu/stbuf/_19901_ not found.
[WARNING STA-1648] ./results/nangate45_3D/swerv_wrapper/HBT/6_final.spef line 221738, instance swerv/lsu/stbuf/_19844_ not found.
[WARNING STA-1648] ./results/nangate45_3D/swerv_wrapper/HBT/6_final.spef line 221739, instance swerv/lsu/stbuf/_19939_ not found.
[WARNING STA-1648] ./results/nangate45_3D/swerv_wrapper/HBT/6_final.spef line 221740, instance swerv/lsu/stbuf/_19942_ not found.
[WARNING STA-1648] ./results/nangate45_3D/swerv_wrapper/HBT/6_final.spef line 221741, instance swerv/lsu/stbuf/_19652_ not found.
[WARNING STA-1648] ./results/nangate45_3D/swerv_wrapper/HBT/6_final.spef line 221742, instance swerv/lsu/stbuf/_19653_ not found.
[WARNING STA-1648] ./results/nangate45_3D/swerv_wrapper/HBT/6_final.spef line 221743, instance swerv/lsu/stbuf/_19711_ not found.
[WARNING STA-1648] ./results/nangate45_3D/swerv_wrapper/HBT/6_final.spef line 221744, instance swerv/lsu/stbuf/_19654_ not found.
[WARNING STA-1648] ./results/nangate45_3D/swerv_wrapper/HBT/6_final.spef line 221745, instance swerv/lsu/stbuf/_19710_ not found.
[WARNING STA-1648] ./results/nangate45_3D/swerv_wrapper/HBT/6_final.spef line 221746, instance swerv/lsu/stbuf/_19540_ not found.
[WARNING STA-1648] ./results/nangate45_3D/swerv_wrapper/HBT/6_final.spef line 221747, instance swerv/lsu/stbuf/_19596_ not found.
[WARNING STA-1648] ./results/nangate45_3D/swerv_wrapper/HBT/6_final.spef line 221748, instance swerv/lsu/stbuf/_19539_ not found.
[WARNING STA-1648] ./results/nangate45_3D/swerv_wrapper/HBT/6_final.spef line 221749, instance swerv/lsu/stbuf/_19824_ not found.
[WARNING STA-1648] ./results/nangate45_3D/swerv_wrapper/HBT/6_final.spef line 221750, instance swerv/lsu/stbuf/_19559_ not found.
[WARNING STA-1648] ./results/nangate45_3D/swerv_wrapper/HBT/6_final.spef line 221751, instance swerv/lsu/stbuf/_19502_ not found.
[WARNING STA-1648] ./results/nangate45_3D/swerv_wrapper/HBT/6_final.spef line 221752, instance swerv/lsu/_9078_ not found.
[WARNING STA-1648] ./results/nangate45_3D/swerv_wrapper/HBT/6_final.spef line 221753, instance swerv/lsu/stbuf/_19983_ not found.
[WARNING STA-1648] ./results/nangate45_3D/swerv_wrapper/HBT/6_final.spef line 221754, instance swerv/lsu/stbuf/_19971_ not found.
[WARNING STA-1648] ./results/nangate45_3D/swerv_wrapper/HBT/6_final.spef line 221755, instance swerv/lsu/stbuf/_19978_ not found.
[WARNING STA-1648] ./results/nangate45_3D/swerv_wrapper/HBT/6_final.spef line 221756, instance swerv/lsu/stbuf/_19986_ not found.
[WARNING STA-1648] ./results/nangate45_3D/swerv_wrapper/HBT/6_final.spef line 221757, instance swerv/_10188_ not found.
[WARNING STA-1648] ./results/nangate45_3D/swerv_wrapper/HBT/6_final.spef line 221758, instance swerv/lsu/stbuf/_19951_ not found.
[WARNING STA-1648] ./results/nangate45_3D/swerv_wrapper/HBT/6_final.spef line 221759, instance swerv/lsu/stbuf/_19953_ not found.
[WARNING STA-1648] ./results/nangate45_3D/swerv_wrapper/HBT/6_final.spef line 221760, instance swerv/_10135_ not found.
[WARNING STA-1648] ./results/nangate45_3D/swerv_wrapper/HBT/6_final.spef line 221761, instance swerv/_10143_ not found.
[WARNING STA-1648] ./results/nangate45_3D/swerv_wrapper/HBT/6_final.spef line 221762, instance swerv/lsu/stbuf/_19980_ not found.
[WARNING STA-1648] ./results/nangate45_3D/swerv_wrapper/HBT/6_final.spef line 221763, instance swerv/lsu/stbuf/_19963_ not found.
[WARNING STA-1648] ./results/nangate45_3D/swerv_wrapper/HBT/6_final.spef line 221764, instance swerv/lsu/stbuf/_19995_ not found.
[WARNING STA-1648] ./results/nangate45_3D/swerv_wrapper/HBT/6_final.spef line 221765, instance swerv/lsu/stbuf/_19992_ not found.
[WARNING STA-1648] ./results/nangate45_3D/swerv_wrapper/HBT/6_final.spef line 221766, instance swerv/_10133_ not found.
[WARNING STA-1648] ./results/nangate45_3D/swerv_wrapper/HBT/6_final.spef line 221767, instance swerv/_10141_ not found.
[WARNING STA-1648] ./results/nangate45_3D/swerv_wrapper/HBT/6_final.spef line 221768, instance swerv/_10190_ not found.
[WARNING STA-1648] ./results/nangate45_3D/swerv_wrapper/HBT/6_final.spef line 221769, instance swerv/lsu/stbuf/_20016_ not found.
[WARNING STA-1648] ./results/nangate45_3D/swerv_wrapper/HBT/6_final.spef line 221770, instance swerv/lsu/stbuf/_19990_ not found.
[WARNING STA-1648] ./results/nangate45_3D/swerv_wrapper/HBT/6_final.spef line 221771, instance swerv/lsu/stbuf/_20015_ not found.
[WARNING STA-1648] ./results/nangate45_3D/swerv_wrapper/HBT/6_final.spef line 221772, instance swerv/lsu/stbuf/_20018_ not found.
[WARNING STA-1648] ./results/nangate45_3D/swerv_wrapper/HBT/6_final.spef line 221773, instance swerv/lsu/_9161_ not found.
[WARNING STA-1648] ./results/nangate45_3D/swerv_wrapper/HBT/6_final.spef line 221774, instance swerv/lsu/_8363_ not found.
[WARNING STA-1648] ./results/nangate45_3D/swerv_wrapper/HBT/6_final.spef line 221775, instance swerv/_10198_ not found.
[WARNING STA-1648] ./results/nangate45_3D/swerv_wrapper/HBT/6_final.spef line 221776, instance swerv/_10173_ not found.
[WARNING STA-1648] ./results/nangate45_3D/swerv_wrapper/HBT/6_final.spef line 221777, instance swerv/_10113_ not found.
[WARNING STA-1648] ./results/nangate45_3D/swerv_wrapper/HBT/6_final.spef line 221778, instance swerv/_10129_ not found.
[WARNING STA-1648] ./results/nangate45_3D/swerv_wrapper/HBT/6_final.spef line 221779, instance swerv/_10121_ not found.
[WARNING STA-1648] ./results/nangate45_3D/swerv_wrapper/HBT/6_final.spef line 221780, instance swerv/_10140_ not found.
[WARNING STA-1648] ./results/nangate45_3D/swerv_wrapper/HBT/6_final.spef line 221781, instance swerv/_10124_ not found.
[WARNING STA-1648] ./results/nangate45_3D/swerv_wrapper/HBT/6_final.spef line 221782, instance swerv/_10193_ not found.
[WARNING STA-1648] ./results/nangate45_3D/swerv_wrapper/HBT/6_final.spef line 221783, instance swerv/_10177_ not found.
[WARNING STA-1648] ./results/nangate45_3D/swerv_wrapper/HBT/6_final.spef line 221784, instance swerv/_10197_ not found.
[WARNING STA-1648] ./results/nangate45_3D/swerv_wrapper/HBT/6_final.spef line 221785, instance swerv/_10189_ not found.
[WARNING STA-1648] ./results/nangate45_3D/swerv_wrapper/HBT/6_final.spef line 221786, instance swerv/_10126_ not found.
[WARNING STA-1648] ./results/nangate45_3D/swerv_wrapper/HBT/6_final.spef line 221787, instance swerv/_10181_ not found.
[WARNING STA-1648] ./results/nangate45_3D/swerv_wrapper/HBT/6_final.spef line 221788, instance swerv/lsu/stbuf/_19991_ not found.
[WARNING STA-1648] ./results/nangate45_3D/swerv_wrapper/HBT/6_final.spef line 221789, instance swerv/lsu/stbuf/_19484_ not found.
[WARNING STA-1648] ./results/nangate45_3D/swerv_wrapper/HBT/6_final.spef line 221790, instance swerv/lsu/stbuf/_20010_ not found.
[WARNING STA-1648] ./results/nangate45_3D/swerv_wrapper/HBT/6_final.spef line 221791, instance swerv/lsu/stbuf/_19988_ not found.
[WARNING STA-1648] ./results/nangate45_3D/swerv_wrapper/HBT/6_final.spef line 221792, instance swerv/lsu/stbuf/_20014_ not found.
[WARNING STA-1648] ./results/nangate45_3D/swerv_wrapper/HBT/6_final.spef line 221793, instance swerv/_10169_ not found.
[WARNING STA-1648] ./results/nangate45_3D/swerv_wrapper/HBT/6_final.spef line 221794, instance swerv/_10187_ not found.
[WARNING STA-1648] ./results/nangate45_3D/swerv_wrapper/HBT/6_final.spef line 221795, instance swerv/_10171_ not found.
[WARNING STA-1648] ./results/nangate45_3D/swerv_wrapper/HBT/6_final.spef line 221796, instance swerv/_10165_ not found.
[WARNING STA-1648] ./results/nangate45_3D/swerv_wrapper/HBT/6_final.spef line 221797, instance swerv/_10118_ not found.
[WARNING STA-1648] ./results/nangate45_3D/swerv_wrapper/HBT/6_final.spef line 221798, instance swerv/_10179_ not found.
[WARNING STA-1648] ./results/nangate45_3D/swerv_wrapper/HBT/6_final.spef line 221799, instance swerv/_10175_ not found.
[WARNING STA-1648] ./results/nangate45_3D/swerv_wrapper/HBT/6_final.spef line 221800, instance swerv/_10196_ not found.
[WARNING STA-1648] ./results/nangate45_3D/swerv_wrapper/HBT/6_final.spef line 221801, instance swerv/lsu/stbuf/_20020_ not found.
[WARNING STA-1648] ./results/nangate45_3D/swerv_wrapper/HBT/6_final.spef line 221802, instance swerv/lsu/stbuf/_20012_ not found.
[WARNING STA-1648] ./results/nangate45_3D/swerv_wrapper/HBT/6_final.spef line 221803, instance swerv/lsu/_9136_ not found.
[WARNING STA-1648] ./results/nangate45_3D/swerv_wrapper/HBT/6_final.spef line 221804, instance swerv/_10183_ not found.
[WARNING STA-1648] ./results/nangate45_3D/swerv_wrapper/HBT/6_final.spef line 221805, instance swerv/_10116_ not found.
[WARNING STA-1648] ./results/nangate45_3D/swerv_wrapper/HBT/6_final.spef line 221806, instance swerv/lsu/_9140_ not found.
[WARNING STA-1648] ./results/nangate45_3D/swerv_wrapper/HBT/6_final.spef line 221807, instance swerv/lsu/_9141_ not found.
[WARNING STA-1648] ./results/nangate45_3D/swerv_wrapper/HBT/6_final.spef line 221808, instance swerv/lsu/stbuf/_19483_ not found.
[WARNING STA-1648] ./results/nangate45_3D/swerv_wrapper/HBT/6_final.spef line 221809, instance swerv/lsu/stbuf/_19982_ not found.
[WARNING STA-1648] ./results/nangate45_3D/swerv_wrapper/HBT/6_final.spef line 221810, instance swerv/_10111_ not found.
[WARNING STA-1648] ./results/nangate45_3D/swerv_wrapper/HBT/6_final.spef line 221811, instance swerv/_10117_ not found.
[WARNING STA-1648] ./results/nangate45_3D/swerv_wrapper/HBT/6_final.spef line 221812, instance swerv/_10109_ not found.
[WARNING STA-1648] ./results/nangate45_3D/swerv_wrapper/HBT/6_final.spef line 221813, instance swerv/_10100_ not found.
[WARNING STA-1648] ./results/nangate45_3D/swerv_wrapper/HBT/6_final.spef line 221814, instance swerv/_10101_ not found.
[WARNING STA-1648] ./results/nangate45_3D/swerv_wrapper/HBT/6_final.spef line 221815, instance swerv/_10103_ not found.
[WARNING STA-1648] ./results/nangate45_3D/swerv_wrapper/HBT/6_final.spef line 221816, instance swerv/_10119_ not found.
[WARNING STA-1648] ./results/nangate45_3D/swerv_wrapper/HBT/6_final.spef line 221817, instance swerv/_10194_ not found.
[WARNING STA-1648] ./results/nangate45_3D/swerv_wrapper/HBT/6_final.spef line 221818, instance swerv/_10108_ not found.
[WARNING STA-1648] ./results/nangate45_3D/swerv_wrapper/HBT/6_final.spef line 221819, instance swerv/_10105_ not found.
[WARNING STA-1648] ./results/nangate45_3D/swerv_wrapper/HBT/6_final.spef line 221820, instance swerv/lsu/stbuf/_19940_ not found.
[WARNING STA-1648] ./results/nangate45_3D/swerv_wrapper/HBT/6_final.spef line 221821, instance swerv/lsu/stbuf/_19767_ not found.
[WARNING STA-1648] ./results/nangate45_3D/swerv_wrapper/HBT/6_final.spef line 221822, instance swerv/lsu/stbuf/_19825_ not found.
[WARNING STA-1648] ./results/nangate45_3D/swerv_wrapper/HBT/6_final.spef line 221823, instance swerv/lsu/stbuf/_19768_ not found.
[WARNING STA-1648] ./results/nangate45_3D/swerv_wrapper/HBT/6_final.spef line 221824, instance swerv/lsu/stbuf/_19937_ not found.
[WARNING STA-1648] ./results/nangate45_3D/swerv_wrapper/HBT/6_final.spef line 221825, instance swerv/lsu/stbuf/_19941_ not found.
[WARNING STA-1648] ./results/nangate45_3D/swerv_wrapper/HBT/6_final.spef line 221826, instance swerv/lsu/stbuf/_19938_ not found.
[WARNING STA-1648] ./results/nangate45_3D/swerv_wrapper/HBT/6_final.spef line 221827, instance swerv/lsu/stbuf/_19948_ not found.
[WARNING STA-1648] ./results/nangate45_3D/swerv_wrapper/HBT/6_final.spef line 221828, instance swerv/lsu/stbuf/_19845_ not found.
[WARNING STA-1648] ./results/nangate45_3D/swerv_wrapper/HBT/6_final.spef line 221829, instance swerv/lsu/stbuf/_19788_ not found.
[WARNING STA-1648] ./results/nangate45_3D/swerv_wrapper/HBT/6_final.spef line 221830, instance swerv/lsu/stbuf/_19880_ not found.
[WARNING STA-1648] ./results/nangate45_3D/swerv_wrapper/HBT/6_final.spef line 221831, instance swerv/lsu/stbuf/_19823_ not found.
[WARNING STA-1648] ./results/nangate45_3D/swerv_wrapper/HBT/6_final.spef line 221832, instance swerv/lsu/stbuf/_19952_ not found.
[WARNING STA-1648] ./results/nangate45_3D/swerv_wrapper/HBT/6_final.spef line 221833, instance swerv/lsu/stbuf/_19884_ not found.
[WARNING STA-1648] ./results/nangate45_3D/swerv_wrapper/HBT/6_final.spef line 221834, instance swerv/lsu/stbuf/_19482_ not found.
[WARNING STA-1648] ./results/nangate45_3D/swerv_wrapper/HBT/6_final.spef line 221835, instance swerv/lsu/stbuf/_19542_ not found.
[WARNING STA-1648] ./results/nangate45_3D/swerv_wrapper/HBT/6_final.spef line 221836, instance swerv/lsu/stbuf/_19827_ not found.
[WARNING STA-1648] ./results/nangate45_3D/swerv_wrapper/HBT/6_final.spef line 221837, instance swerv/lsu/stbuf/_19766_ not found.
[WARNING STA-1648] ./results/nangate45_3D/swerv_wrapper/HBT/6_final.spef line 221838, instance swerv/lsu/stbuf/_19599_ not found.
[WARNING STA-1648] ./results/nangate45_3D/swerv_wrapper/HBT/6_final.spef line 221839, instance swerv/lsu/stbuf/_19538_ not found.
[WARNING STA-1648] ./results/nangate45_3D/swerv_wrapper/HBT/6_final.spef line 221840, instance swerv/lsu/stbuf/_19656_ not found.
[WARNING STA-1648] ./results/nangate45_3D/swerv_wrapper/HBT/6_final.spef line 221841, instance swerv/lsu/stbuf/_19713_ not found.
[WARNING STA-1648] ./results/nangate45_3D/swerv_wrapper/HBT/6_final.spef line 221842, instance swerv/lsu/stbuf/_19595_ not found.
[WARNING STA-1648] ./results/nangate45_3D/swerv_wrapper/HBT/6_final.spef line 221843, instance swerv/lsu/stbuf/_19709_ not found.
[WARNING STA-1648] ./results/nangate45_3D/swerv_wrapper/HBT/6_final.spef line 221844, instance swerv/lsu/_8365_ not found.
[WARNING STA-1648] ./results/nangate45_3D/swerv_wrapper/HBT/6_final.spef line 221845, instance swerv/lsu/stbuf/_19947_ not found.
[WARNING STA-1648] ./results/nangate45_3D/swerv_wrapper/HBT/6_final.spef line 221846, instance swerv/dec/tlu/_11670_ not found.
[WARNING STA-1648] ./results/nangate45_3D/swerv_wrapper/HBT/6_final.spef line 221847, instance swerv/lsu/stbuf/_19946_ not found.
[WARNING STA-1648] ./results/nangate45_3D/swerv_wrapper/HBT/6_final.spef line 221848, instance swerv/lsu/stbuf/_19945_ not found.
[WARNING STA-1648] ./results/nangate45_3D/swerv_wrapper/HBT/6_final.spef line 221849, instance swerv/_10097_ not found.
[WARNING STA-1648] ./results/nangate45_3D/swerv_wrapper/HBT/6_final.spef line 221850, instance swerv/lsu/stbuf/_19984_ not found.
[WARNING STA-1648] ./results/nangate45_3D/swerv_wrapper/HBT/6_final.spef line 221851, instance swerv/lsu/stbuf/_19503_ not found.
[WARNING STA-1648] ./results/nangate45_3D/swerv_wrapper/HBT/6_final.spef line 221852, instance swerv/lsu/stbuf/_19881_ not found.
[WARNING STA-1648] ./results/nangate45_3D/swerv_wrapper/HBT/6_final.spef line 221853, instance swerv/lsu/stbuf/_19882_ not found.
[WARNING STA-1648] ./results/nangate45_3D/swerv_wrapper/HBT/6_final.spef line 221854, instance swerv/lsu/stbuf/_19999_ not found.
[WARNING STA-1648] ./results/nangate45_3D/swerv_wrapper/HBT/6_final.spef line 221855, instance swerv/lsu/stbuf/_20003_ not found.
[WARNING STA-1648] ./results/nangate45_3D/swerv_wrapper/HBT/6_final.spef line 221856, instance swerv/lsu/stbuf/_19979_ not found.
[WARNING STA-1648] ./results/nangate45_3D/swerv_wrapper/HBT/6_final.spef line 221857, instance swerv/_10182_ not found.
[WARNING STA-1648] ./results/nangate45_3D/swerv_wrapper/HBT/6_final.spef line 221858, instance swerv/lsu/_9153_ not found.
[WARNING STA-1648] ./results/nangate45_3D/swerv_wrapper/HBT/6_final.spef line 221859, instance swerv/lsu/stbuf/_19967_ not found.
[WARNING STA-1648] ./results/nangate45_3D/swerv_wrapper/HBT/6_final.spef line 221860, instance swerv/lsu/stbuf/_20011_ not found.
[WARNING STA-1648] ./results/nangate45_3D/swerv_wrapper/HBT/6_final.spef line 221861, instance swerv/_10180_ not found.
[WARNING STA-1648] ./results/nangate45_3D/swerv_wrapper/HBT/6_final.spef line 221862, instance swerv/_10186_ not found.
[WARNING STA-1648] ./results/nangate45_3D/swerv_wrapper/HBT/6_final.spef line 221863, instance swerv/_10184_ not found.
[WARNING STA-1648] ./results/nangate45_3D/swerv_wrapper/HBT/6_final.spef line 221864, instance swerv/lsu/stbuf/_19902_ not found.
[WARNING STA-1648] ./results/nangate45_3D/swerv_wrapper/HBT/6_final.spef line 221865, instance swerv/lsu/stbuf/_19674_ not found.
[WARNING STA-1648] ./results/nangate45_3D/swerv_wrapper/HBT/6_final.spef line 221866, instance swerv/lsu/stbuf/_20027_ not found.
[WARNING STA-1648] ./results/nangate45_3D/swerv_wrapper/HBT/6_final.spef line 221867, instance swerv/lsu/stbuf/_19949_ not found.
[WARNING STA-1648] ./results/nangate45_3D/swerv_wrapper/HBT/6_final.spef line 221868, instance swerv/lsu/stbuf/_20023_ not found.
[WARNING STA-1648] ./results/nangate45_3D/swerv_wrapper/HBT/6_final.spef line 221869, instance swerv/lsu/stbuf/_19950_ not found.
[WARNING STA-1648] ./results/nangate45_3D/swerv_wrapper/HBT/6_final.spef line 221870, instance swerv/lsu/stbuf/_19975_ not found.
[WARNING STA-1648] ./results/nangate45_3D/swerv_wrapper/HBT/6_final.spef line 221871, instance swerv/lsu/stbuf/_19956_ not found.
[WARNING STA-1648] ./results/nangate45_3D/swerv_wrapper/HBT/6_final.spef line 221872, instance swerv/lsu/stbuf/_19955_ not found.
[WARNING STA-1648] ./results/nangate45_3D/swerv_wrapper/HBT/6_final.spef line 221873, instance swerv/lsu/stbuf/_19731_ not found.
[WARNING STA-1648] ./results/nangate45_3D/swerv_wrapper/HBT/6_final.spef line 221874, instance swerv/lsu/stbuf/_19987_ not found.
[WARNING STA-1648] ./results/nangate45_3D/swerv_wrapper/HBT/6_final.spef line 221875, instance swerv/lsu/stbuf/_19560_ not found.
[WARNING STA-1648] ./results/nangate45_3D/swerv_wrapper/HBT/6_final.spef line 221876, instance swerv/lsu/stbuf/_19960_ not found.
[WARNING STA-1648] ./results/nangate45_3D/swerv_wrapper/HBT/6_final.spef line 221877, instance swerv/lsu/stbuf/_19617_ not found.
[WARNING STA-1648] ./results/nangate45_3D/swerv_wrapper/HBT/6_final.spef line 221878, instance swerv/lsu/_9070_ not found.
[WARNING STA-1648] ./results/nangate45_3D/swerv_wrapper/HBT/6_final.spef line 221879, instance swerv/lsu/_9080_ not found.
[WARNING STA-1648] ./results/nangate45_3D/swerv_wrapper/HBT/6_final.spef line 221880, instance swerv/lsu/_9083_ not found.
[WARNING STA-1648] ./results/nangate45_3D/swerv_wrapper/HBT/6_final.spef line 221881, instance swerv/lsu/_9067_ not found.
[WARNING STA-1648] ./results/nangate45_3D/swerv_wrapper/HBT/6_final.spef line 221882, instance swerv/lsu/_9071_ not found.
[WARNING STA-1648] ./results/nangate45_3D/swerv_wrapper/HBT/6_final.spef line 221883, instance swerv/lsu/_9072_ not found.
[WARNING STA-1648] ./results/nangate45_3D/swerv_wrapper/HBT/6_final.spef line 221884, instance swerv/lsu/_9089_ not found.
[WARNING STA-1648] ./results/nangate45_3D/swerv_wrapper/HBT/6_final.spef line 221885, instance swerv/lsu/_9086_ not found.
[WARNING STA-1648] ./results/nangate45_3D/swerv_wrapper/HBT/6_final.spef line 221886, instance swerv/lsu/_9065_ not found.
[WARNING STA-1648] ./results/nangate45_3D/swerv_wrapper/HBT/6_final.spef line 221887, instance swerv/lsu/_9051_ not found.
[WARNING STA-1648] ./results/nangate45_3D/swerv_wrapper/HBT/6_final.spef line 221888, instance swerv/lsu/_9094_ not found.
[WARNING STA-1648] ./results/nangate45_3D/swerv_wrapper/HBT/6_final.spef line 221889, instance swerv/lsu/stbuf/_19998_ not found.
[WARNING STA-1648] ./results/nangate45_3D/swerv_wrapper/HBT/6_final.spef line 221890, instance swerv/lsu/_9096_ not found.
[WARNING STA-1648] ./results/nangate45_3D/swerv_wrapper/HBT/6_final.spef line 221891, instance swerv/lsu/stbuf/_19643_ not found.
[WARNING STA-1648] ./results/nangate45_3D/swerv_wrapper/HBT/6_final.spef line 221892, instance swerv/lsu/stbuf/_19725_ not found.
[WARNING STA-1648] ./results/nangate45_3D/swerv_wrapper/HBT/6_final.spef line 221893, instance swerv/lsu/stbuf/_19836_ not found.
[WARNING STA-1648] ./results/nangate45_3D/swerv_wrapper/HBT/6_final.spef line 221894, instance swerv/lsu/stbuf/_19893_ not found.
[WARNING STA-1648] ./results/nangate45_3D/swerv_wrapper/HBT/6_final.spef line 221895, instance swerv/lsu/stbuf/_19541_ not found.
[WARNING STA-1648] ./results/nangate45_3D/swerv_wrapper/HBT/6_final.spef line 221896, instance swerv/lsu/stbuf/_20013_ not found.
[WARNING STA-1648] ./results/nangate45_3D/swerv_wrapper/HBT/6_final.spef line 221897, instance swerv/lsu/stbuf/_20025_ not found.
[WARNING STA-1648] ./results/nangate45_3D/swerv_wrapper/HBT/6_final.spef line 221898, instance swerv/lsu/stbuf/_19972_ not found.
[WARNING STA-1648] ./results/nangate45_3D/swerv_wrapper/HBT/6_final.spef line 221899, instance swerv/lsu/_8584_ not found.
[WARNING STA-1648] ./results/nangate45_3D/swerv_wrapper/HBT/6_final.spef line 221900, instance swerv/lsu/stbuf/_19840_ not found.
[WARNING STA-1648] ./results/nangate45_3D/swerv_wrapper/HBT/6_final.spef line 221901, instance swerv/lsu/stbuf/_19964_ not found.
[WARNING STA-1648] ./results/nangate45_3D/swerv_wrapper/HBT/6_final.spef line 221902, instance swerv/lsu/stbuf/_20006_ not found.
[WARNING STA-1648] ./results/nangate45_3D/swerv_wrapper/HBT/6_final.spef line 221903, instance swerv/lsu/stbuf/_20008_ not found.
[WARNING STA-1648] ./results/nangate45_3D/swerv_wrapper/HBT/6_final.spef line 221904, instance swerv/lsu/stbuf/_19997_ not found.
[WARNING STA-1648] ./results/nangate45_3D/swerv_wrapper/HBT/6_final.spef line 221905, instance swerv/lsu/_8600_ not found.
[WARNING STA-1648] ./results/nangate45_3D/swerv_wrapper/HBT/6_final.spef line 221906, instance swerv/lsu/_8472_ not found.
[WARNING STA-1648] ./results/nangate45_3D/swerv_wrapper/HBT/6_final.spef line 221907, instance swerv/lsu/stbuf/_19726_ not found.
[WARNING STA-1648] ./results/nangate45_3D/swerv_wrapper/HBT/6_final.spef line 221908, instance swerv/lsu/stbuf/_19897_ not found.
[WARNING STA-1648] ./results/nangate45_3D/swerv_wrapper/HBT/6_final.spef line 221909, instance swerv/lsu/stbuf/_19669_ not found.
[WARNING STA-1648] ./results/nangate45_3D/swerv_wrapper/HBT/6_final.spef line 221910, instance swerv/lsu/stbuf/_19773_ not found.
[WARNING STA-1648] ./results/nangate45_3D/swerv_wrapper/HBT/6_final.spef line 221911, instance swerv/lsu/stbuf/_19887_ not found.
[WARNING STA-1648] ./results/nangate45_3D/swerv_wrapper/HBT/6_final.spef line 221912, instance swerv/lsu/stbuf/_19832_ not found.
[WARNING STA-1648] ./results/nangate45_3D/swerv_wrapper/HBT/6_final.spef line 221913, instance swerv/lsu/stbuf/_19830_ not found.
[WARNING STA-1648] ./results/nangate45_3D/swerv_wrapper/HBT/6_final.spef line 221914, instance swerv/lsu/stbuf/_19895_ not found.
[WARNING STA-1648] ./results/nangate45_3D/swerv_wrapper/HBT/6_final.spef line 221915, instance swerv/lsu/stbuf/_19889_ not found.
[WARNING STA-1648] ./results/nangate45_3D/swerv_wrapper/HBT/6_final.spef line 221916, instance swerv/lsu/stbuf/_19783_ not found.
[WARNING STA-1648] ./results/nangate45_3D/swerv_wrapper/HBT/6_final.spef line 221917, instance swerv/lsu/stbuf/_19891_ not found.
[WARNING STA-1648] ./results/nangate45_3D/swerv_wrapper/HBT/6_final.spef line 221918, instance swerv/lsu/stbuf/_19834_ not found.
[WARNING STA-1648] ./results/nangate45_3D/swerv_wrapper/HBT/6_final.spef line 221919, instance swerv/lsu/_8468_ not found.
[WARNING STA-1648] ./results/nangate45_3D/swerv_wrapper/HBT/6_final.spef line 221920, instance swerv/lsu/stbuf/_20001_ not found.
[WARNING STA-1648] ./results/nangate45_3D/swerv_wrapper/HBT/6_final.spef line 221921, instance swerv/lsu/_9152_ not found.
[WARNING STA-1648] ./results/nangate45_3D/swerv_wrapper/HBT/6_final.spef line 221922, instance swerv/lsu/_9131_ not found.
[WARNING STA-1648] ./results/nangate45_3D/swerv_wrapper/HBT/6_final.spef line 221923, instance swerv/lsu/_9148_ not found.
[WARNING STA-1648] ./results/nangate45_3D/swerv_wrapper/HBT/6_final.spef line 221924, instance swerv/lsu/_9150_ not found.
[WARNING STA-1648] ./results/nangate45_3D/swerv_wrapper/HBT/6_final.spef line 221925, instance swerv/lsu/stbuf/_19826_ not found.
[WARNING STA-1648] ./results/nangate45_3D/swerv_wrapper/HBT/6_final.spef line 221926, instance swerv/lsu/stbuf/_19846_ not found.
[WARNING STA-1648] ./results/nangate45_3D/swerv_wrapper/HBT/6_final.spef line 221927, instance swerv/lsu/stbuf/_19883_ not found.
[WARNING STA-1648] ./results/nangate45_3D/swerv_wrapper/HBT/6_final.spef line 221928, instance swerv/lsu/stbuf/_19618_ not found.
[WARNING STA-1648] ./results/nangate45_3D/swerv_wrapper/HBT/6_final.spef line 221929, instance swerv/lsu/stbuf/_19598_ not found.
[WARNING STA-1648] ./results/nangate45_3D/swerv_wrapper/HBT/6_final.spef line 221930, instance swerv/lsu/stbuf/_19903_ not found.
[WARNING STA-1648] ./results/nangate45_3D/swerv_wrapper/HBT/6_final.spef line 221931, instance swerv/lsu/stbuf/_19962_ not found.
[WARNING STA-1648] ./results/nangate45_3D/swerv_wrapper/HBT/6_final.spef line 221932, instance swerv/dec/tlu/_11668_ not found.
[WARNING STA-1648] ./results/nangate45_3D/swerv_wrapper/HBT/6_final.spef line 221933, instance swerv/lsu/stbuf/_19943_ not found.
[WARNING STA-1648] ./results/nangate45_3D/swerv_wrapper/HBT/6_final.spef line 221934, instance swerv/lsu/stbuf/_19944_ not found.
[WARNING STA-1648] ./results/nangate45_3D/swerv_wrapper/HBT/6_final.spef line 221935, instance swerv/lsu/stbuf/_19712_ not found.
[WARNING STA-1648] ./results/nangate45_3D/swerv_wrapper/HBT/6_final.spef line 221936, instance swerv/lsu/stbuf/_19789_ not found.
[WARNING STA-1648] ./results/nangate45_3D/swerv_wrapper/HBT/6_final.spef line 221937, instance swerv/lsu/stbuf/_19769_ not found.
[WARNING STA-1648] ./results/nangate45_3D/swerv_wrapper/HBT/6_final.spef line 221938, instance swerv/lsu/stbuf/_19732_ not found.
[WARNING STA-1648] ./results/nangate45_3D/swerv_wrapper/HBT/6_final.spef line 221939, instance swerv/lsu/stbuf/_19675_ not found.
[WARNING STA-1648] ./results/nangate45_3D/swerv_wrapper/HBT/6_final.spef line 221940, instance swerv/lsu/stbuf/_19655_ not found.
[WARNING STA-1648] ./results/nangate45_3D/swerv_wrapper/HBT/6_final.spef line 221941, instance swerv/lsu/stbuf/_19976_ not found.
[WARNING STA-1648] ./results/nangate45_3D/swerv_wrapper/HBT/6_final.spef line 221942, instance swerv/lsu/_9154_ not found.
[WARNING STA-1648] ./results/nangate45_3D/swerv_wrapper/HBT/6_final.spef line 221943, instance swerv/lsu/_9147_ not found.
[WARNING STA-1648] ./results/nangate45_3D/swerv_wrapper/HBT/6_final.spef line 221944, instance swerv/lsu/_9151_ not found.
[WARNING STA-1648] ./results/nangate45_3D/swerv_wrapper/HBT/6_final.spef line 221945, instance swerv/lsu/_9135_ not found.
[WARNING STA-1648] ./results/nangate45_3D/swerv_wrapper/HBT/6_final.spef line 221946, instance swerv/lsu/_9159_ not found.
[WARNING STA-1648] ./results/nangate45_3D/swerv_wrapper/HBT/6_final.spef line 221947, instance swerv/lsu/stbuf/_19973_ not found.
[WARNING STA-1648] ./results/nangate45_3D/swerv_wrapper/HBT/6_final.spef line 221948, instance swerv/lsu/_9156_ not found.
[WARNING STA-1648] ./results/nangate45_3D/swerv_wrapper/HBT/6_final.spef line 221949, instance swerv/lsu/_9143_ not found.
[WARNING STA-1648] ./results/nangate45_3D/swerv_wrapper/HBT/6_final.spef line 221950, instance swerv/lsu/_9160_ not found.
[WARNING STA-1648] ./results/nangate45_3D/swerv_wrapper/HBT/6_final.spef line 221951, instance swerv/lsu/_9155_ not found.
[WARNING STA-1648] ./results/nangate45_3D/swerv_wrapper/HBT/6_final.spef line 221952, instance swerv/lsu/stbuf/_19974_ not found.
[WARNING STA-1648] ./results/nangate45_3D/swerv_wrapper/HBT/6_final.spef line 221953, instance swerv/lsu/stbuf/_19968_ not found.
[WARNING STA-1648] ./results/nangate45_3D/swerv_wrapper/HBT/6_final.spef line 221954, instance swerv/lsu/stbuf/_20004_ not found.
[WARNING STA-1648] ./results/nangate45_3D/swerv_wrapper/HBT/6_final.spef line 221955, instance swerv/lsu/stbuf/_20000_ not found.
[WARNING STA-1648] ./results/nangate45_3D/swerv_wrapper/HBT/6_final.spef line 221956, instance swerv/lsu/stbuf/_19716_ not found.
[WARNING STA-1648] ./results/nangate45_3D/swerv_wrapper/HBT/6_final.spef line 221957, instance swerv/lsu/stbuf/_19777_ not found.
[WARNING STA-1648] ./results/nangate45_3D/swerv_wrapper/HBT/6_final.spef line 221958, instance swerv/lsu/stbuf/_19720_ not found.
[WARNING STA-1648] ./results/nangate45_3D/swerv_wrapper/HBT/6_final.spef line 221959, instance swerv/lsu/stbuf/_19663_ not found.
[WARNING STA-1648] ./results/nangate45_3D/swerv_wrapper/HBT/6_final.spef line 221960, instance swerv/lsu/stbuf/_19996_ not found.
[WARNING STA-1648] ./results/nangate45_3D/swerv_wrapper/HBT/6_final.spef line 221961, instance swerv/lsu/stbuf/_19977_ not found.
[WARNING STA-1648] ./results/nangate45_3D/swerv_wrapper/HBT/6_final.spef line 221962, instance swerv/lsu/stbuf/_19969_ not found.
[WARNING STA-1648] ./results/nangate45_3D/swerv_wrapper/HBT/6_final.spef line 221963, instance swerv/lsu/stbuf/_19993_ not found.
[WARNING STA-1648] ./results/nangate45_3D/swerv_wrapper/HBT/6_final.spef line 221964, instance swerv/lsu/stbuf/_19829_ not found.
[WARNING STA-1648] ./results/nangate45_3D/swerv_wrapper/HBT/6_final.spef line 221965, instance swerv/lsu/stbuf/_19772_ not found.
[WARNING STA-1648] ./results/nangate45_3D/swerv_wrapper/HBT/6_final.spef line 221966, instance swerv/lsu/_8434_ not found.
[WARNING STA-1648] ./results/nangate45_3D/swerv_wrapper/HBT/6_final.spef line 221967, instance swerv/lsu/_8698_ not found.
[WARNING STA-1648] ./results/nangate45_3D/swerv_wrapper/HBT/6_final.spef line 221968, instance swerv/lsu/_8354_ not found.
[WARNING STA-1648] ./results/nangate45_3D/swerv_wrapper/HBT/6_final.spef line 221969, instance swerv/lsu/_8710_ not found.
[WARNING STA-1648] ./results/nangate45_3D/swerv_wrapper/HBT/6_final.spef line 221970, instance swerv/lsu/_8690_ not found.
[WARNING STA-1648] ./results/nangate45_3D/swerv_wrapper/HBT/6_final.spef line 221971, instance swerv/lsu/_8782_ not found.
[WARNING STA-1648] ./results/nangate45_3D/swerv_wrapper/HBT/6_final.spef line 221972, instance swerv/lsu/_8764_ not found.
[WARNING STA-1648] ./results/nangate45_3D/swerv_wrapper/HBT/6_final.spef line 221973, instance swerv/lsu/_8748_ not found.
[WARNING STA-1648] ./results/nangate45_3D/swerv_wrapper/HBT/6_final.spef line 221974, instance swerv/lsu/_8724_ not found.
[WARNING STA-1648] ./results/nangate45_3D/swerv_wrapper/HBT/6_final.spef line 221975, instance swerv/lsu/_8688_ not found.
[WARNING STA-1648] ./results/nangate45_3D/swerv_wrapper/HBT/6_final.spef line 221976, instance swerv/lsu/_8752_ not found.
[WARNING STA-1648] ./results/nangate45_3D/swerv_wrapper/HBT/6_final.spef line 221977, instance swerv/lsu/_8814_ not found.
[WARNING STA-1648] ./results/nangate45_3D/swerv_wrapper/HBT/6_final.spef line 221978, instance swerv/lsu/_8870_ not found.
[WARNING STA-1648] ./results/nangate45_3D/swerv_wrapper/HBT/6_final.spef line 221979, instance swerv/lsu/_8846_ not found.
[WARNING STA-1648] ./results/nangate45_3D/swerv_wrapper/HBT/6_final.spef line 221980, instance swerv/lsu/_8794_ not found.
[WARNING STA-1648] ./results/nangate45_3D/swerv_wrapper/HBT/6_final.spef line 221981, instance swerv/lsu/_8812_ not found.
[WARNING STA-1648] ./results/nangate45_3D/swerv_wrapper/HBT/6_final.spef line 221982, instance swerv/lsu/_8858_ not found.
[WARNING STA-1648] ./results/nangate45_3D/swerv_wrapper/HBT/6_final.spef line 221983, instance swerv/lsu/_8804_ not found.
[WARNING STA-1648] ./results/nangate45_3D/swerv_wrapper/HBT/6_final.spef line 221984, instance swerv/lsu/_8956_ not found.
[WARNING STA-1648] ./results/nangate45_3D/swerv_wrapper/HBT/6_final.spef line 221985, instance swerv/lsu/_8768_ not found.
[WARNING STA-1648] ./results/nangate45_3D/swerv_wrapper/HBT/6_final.spef line 221986, instance swerv/lsu/_8718_ not found.
[WARNING STA-1648] ./results/nangate45_3D/swerv_wrapper/HBT/6_final.spef line 221987, instance swerv/lsu/_8786_ not found.
[WARNING STA-1648] ./results/nangate45_3D/swerv_wrapper/HBT/6_final.spef line 221988, instance swerv/lsu/_8868_ not found.
[WARNING STA-1648] ./results/nangate45_3D/swerv_wrapper/HBT/6_final.spef line 221989, instance swerv/lsu/_8876_ not found.
[WARNING STA-1648] ./results/nangate45_3D/swerv_wrapper/HBT/6_final.spef line 221990, instance swerv/lsu/_8850_ not found.
[WARNING STA-1648] ./results/nangate45_3D/swerv_wrapper/HBT/6_final.spef line 221991, instance swerv/lsu/_8832_ not found.
[WARNING STA-1648] ./results/nangate45_3D/swerv_wrapper/HBT/6_final.spef line 221992, instance swerv/lsu/_8816_ not found.
[WARNING STA-1648] ./results/nangate45_3D/swerv_wrapper/HBT/6_final.spef line 221993, instance swerv/lsu/_8828_ not found.
[WARNING STA-1648] ./results/nangate45_3D/swerv_wrapper/HBT/6_final.spef line 221994, instance swerv/lsu/_8762_ not found.
[WARNING STA-1648] ./results/nangate45_3D/swerv_wrapper/HBT/6_final.spef line 221995, instance swerv/lsu/_8981_ not found.
[WARNING STA-1648] ./results/nangate45_3D/swerv_wrapper/HBT/6_final.spef line 221996, instance swerv/lsu/_8686_ not found.
[WARNING STA-1648] ./results/nangate45_3D/swerv_wrapper/HBT/6_final.spef line 221997, instance swerv/lsu/_8682_ not found.
[WARNING STA-1648] ./results/nangate45_3D/swerv_wrapper/HBT/6_final.spef line 221998, instance swerv/lsu/_8826_ not found.
[WARNING STA-1648] ./results/nangate45_3D/swerv_wrapper/HBT/6_final.spef line 221999, instance swerv/lsu/bus_intf/_3815_ not found.
[WARNING STA-1648] ./results/nangate45_3D/swerv_wrapper/HBT/6_final.spef line 222000, instance swerv/lsu/bus_intf/_3799_ not found.
[WARNING STA-1648] ./results/nangate45_3D/swerv_wrapper/HBT/6_final.spef line 222001, instance swerv/lsu/bus_intf/_3824_ not found.
[WARNING STA-1648] ./results/nangate45_3D/swerv_wrapper/HBT/6_final.spef line 222002, instance swerv/lsu/bus_intf/_3822_ not found.
[WARNING STA-1648] ./results/nangate45_3D/swerv_wrapper/HBT/6_final.spef line 222003, instance swerv/lsu/bus_intf/_3808_ not found.
[WARNING STA-1648] ./results/nangate45_3D/swerv_wrapper/HBT/6_final.spef line 222004, instance swerv/lsu/bus_intf/_3811_ not found.
[WARNING STA-1648] ./results/nangate45_3D/swerv_wrapper/HBT/6_final.spef line 222005, instance swerv/lsu/bus_intf/_3806_ not found.
[WARNING STA-1648] ./results/nangate45_3D/swerv_wrapper/HBT/6_final.spef line 222006, instance swerv/lsu/bus_intf/_3827_ not found.
[WARNING STA-1648] ./results/nangate45_3D/swerv_wrapper/HBT/6_final.spef line 222007, instance swerv/lsu/bus_intf/_3820_ not found.
[WARNING STA-1648] ./results/nangate45_3D/swerv_wrapper/HBT/6_final.spef line 222008, instance swerv/lsu/bus_intf/_3823_ not found.
[WARNING STA-1648] ./results/nangate45_3D/swerv_wrapper/HBT/6_final.spef line 222009, instance swerv/lsu/bus_intf/_3818_ not found.
[WARNING STA-1648] ./results/nangate45_3D/swerv_wrapper/HBT/6_final.spef line 222010, instance swerv/lsu/bus_intf/_3801_ not found.
[WARNING STA-1648] ./results/nangate45_3D/swerv_wrapper/HBT/6_final.spef line 222011, instance swerv/lsu/bus_intf/_3821_ not found.
[WARNING STA-1648] ./results/nangate45_3D/swerv_wrapper/HBT/6_final.spef line 222012, instance swerv/lsu/bus_intf/_3828_ not found.
[WARNING STA-1648] ./results/nangate45_3D/swerv_wrapper/HBT/6_final.spef line 222013, instance swerv/lsu/bus_intf/_3809_ not found.
[WARNING STA-1648] ./results/nangate45_3D/swerv_wrapper/HBT/6_final.spef line 222014, instance swerv/lsu/_8662_ not found.
[WARNING STA-1648] ./results/nangate45_3D/swerv_wrapper/HBT/6_final.spef line 222015, instance swerv/lsu/bus_intf/_3802_ not found.
[WARNING STA-1648] ./results/nangate45_3D/swerv_wrapper/HBT/6_final.spef line 222016, instance swerv/lsu/bus_intf/_3825_ not found.
[WARNING STA-1648] ./results/nangate45_3D/swerv_wrapper/HBT/6_final.spef line 222017, instance swerv/lsu/_8652_ not found.
[WARNING STA-1648] ./results/nangate45_3D/swerv_wrapper/HBT/6_final.spef line 222018, instance swerv/lsu/_8630_ not found.
[WARNING STA-1648] ./results/nangate45_3D/swerv_wrapper/HBT/6_final.spef line 222019, instance swerv/lsu/_8648_ not found.
[WARNING STA-1648] ./results/nangate45_3D/swerv_wrapper/HBT/6_final.spef line 222020, instance swerv/lsu/_8636_ not found.
[WARNING STA-1648] ./results/nangate45_3D/swerv_wrapper/HBT/6_final.spef line 222021, instance swerv/lsu/_8649_ not found.
[WARNING STA-1648] ./results/nangate45_3D/swerv_wrapper/HBT/6_final.spef line 222022, instance swerv/lsu/_8641_ not found.
[WARNING STA-1648] ./results/nangate45_3D/swerv_wrapper/HBT/6_final.spef line 222023, instance swerv/lsu/_8639_ not found.
[WARNING STA-1648] ./results/nangate45_3D/swerv_wrapper/HBT/6_final.spef line 222024, instance swerv/lsu/_8627_ not found.
[WARNING STA-1648] ./results/nangate45_3D/swerv_wrapper/HBT/6_final.spef line 222025, instance swerv/lsu/_8629_ not found.
[WARNING STA-1648] ./results/nangate45_3D/swerv_wrapper/HBT/6_final.spef line 222026, instance swerv/lsu/_8653_ not found.
[WARNING STA-1648] ./results/nangate45_3D/swerv_wrapper/HBT/6_final.spef line 222027, instance swerv/lsu/_8646_ not found.
[WARNING STA-1648] ./results/nangate45_3D/swerv_wrapper/HBT/6_final.spef line 222028, instance swerv/lsu/_8633_ not found.
[WARNING STA-1648] ./results/nangate45_3D/swerv_wrapper/HBT/6_final.spef line 222029, instance swerv/lsu/_8631_ not found.
[WARNING STA-1648] ./results/nangate45_3D/swerv_wrapper/HBT/6_final.spef line 222030, instance swerv/lsu/_8638_ not found.
[WARNING STA-1648] ./results/nangate45_3D/swerv_wrapper/HBT/6_final.spef line 222031, instance swerv/lsu/_8634_ not found.
[WARNING STA-1648] ./results/nangate45_3D/swerv_wrapper/HBT/6_final.spef line 222032, instance swerv/lsu/_8632_ not found.
[WARNING STA-1648] ./results/nangate45_3D/swerv_wrapper/HBT/6_final.spef line 222033, instance swerv/lsu/bus_intf/bus_buffer/_21426_ not found.
[WARNING STA-1648] ./results/nangate45_3D/swerv_wrapper/HBT/6_final.spef line 222034, instance swerv/lsu/bus_intf/bus_buffer/_21436_ not found.
[WARNING STA-1648] ./results/nangate45_3D/swerv_wrapper/HBT/6_final.spef line 222035, instance swerv/lsu/bus_intf/bus_buffer/_21522_ not found.
[WARNING STA-1648] ./results/nangate45_3D/swerv_wrapper/HBT/6_final.spef line 222036, instance swerv/lsu/bus_intf/bus_buffer/_21440_ not found.
[WARNING STA-1648] ./results/nangate45_3D/swerv_wrapper/HBT/6_final.spef line 222037, instance swerv/lsu/bus_intf/bus_buffer/_21572_ not found.
[WARNING STA-1648] ./results/nangate45_3D/swerv_wrapper/HBT/6_final.spef line 222038, instance swerv/lsu/bus_intf/bus_buffer/_21432_ not found.
[WARNING STA-1648] ./results/nangate45_3D/swerv_wrapper/HBT/6_final.spef line 222039, instance swerv/lsu/bus_intf/bus_buffer/_22416_ not found.
[WARNING STA-1648] ./results/nangate45_3D/swerv_wrapper/HBT/6_final.spef line 222040, instance swerv/lsu/bus_intf/bus_buffer/_21434_ not found.
[WARNING STA-1648] ./results/nangate45_3D/swerv_wrapper/HBT/6_final.spef line 222041, instance swerv/lsu/_8665_ not found.
[WARNING STA-1648] ./results/nangate45_3D/swerv_wrapper/HBT/6_final.spef line 222042, instance swerv/lsu/_8669_ not found.
[WARNING STA-1648] ./results/nangate45_3D/swerv_wrapper/HBT/6_final.spef line 222043, instance swerv/lsu/_8626_ not found.
[WARNING STA-1648] ./results/nangate45_3D/swerv_wrapper/HBT/6_final.spef line 222044, instance swerv/lsu/_8647_ not found.
[WARNING STA-1648] ./results/nangate45_3D/swerv_wrapper/HBT/6_final.spef line 222045, instance swerv/lsu/bus_intf/bus_buffer/_22444_ not found.
[WARNING STA-1648] ./results/nangate45_3D/swerv_wrapper/HBT/6_final.spef line 222046, instance swerv/lsu/_8666_ not found.
[WARNING STA-1648] ./results/nangate45_3D/swerv_wrapper/HBT/6_final.spef line 222047, instance swerv/lsu/_8679_ not found.
[WARNING STA-1648] ./results/nangate45_3D/swerv_wrapper/HBT/6_final.spef line 222048, instance swerv/lsu/_8670_ not found.
[WARNING STA-1648] ./results/nangate45_3D/swerv_wrapper/HBT/6_final.spef line 222049, instance swerv/lsu/_8658_ not found.
[WARNING STA-1648] ./results/nangate45_3D/swerv_wrapper/HBT/6_final.spef line 222050, instance swerv/lsu/bus_intf/bus_buffer/_22415_ not found.
[WARNING STA-1648] ./results/nangate45_3D/swerv_wrapper/HBT/6_final.spef line 222051, instance swerv/lsu/bus_intf/bus_buffer/_22443_ not found.
[WARNING STA-1648] ./results/nangate45_3D/swerv_wrapper/HBT/6_final.spef line 222052, instance swerv/lsu/bus_intf/bus_buffer/_22431_ not found.
[WARNING STA-1648] ./results/nangate45_3D/swerv_wrapper/HBT/6_final.spef line 222053, instance swerv/_09969_ not found.
[WARNING STA-1648] ./results/nangate45_3D/swerv_wrapper/HBT/6_final.spef line 222054, instance swerv/_09885_ not found.
[WARNING STA-1648] ./results/nangate45_3D/swerv_wrapper/HBT/6_final.spef line 222055, instance swerv/_09868_ not found.
[WARNING STA-1648] ./results/nangate45_3D/swerv_wrapper/HBT/6_final.spef line 222056, instance swerv/_09866_ not found.
[WARNING STA-1648] ./results/nangate45_3D/swerv_wrapper/HBT/6_final.spef line 222057, instance swerv/_09927_ not found.
[WARNING STA-1648] ./results/nangate45_3D/swerv_wrapper/HBT/6_final.spef line 222058, instance swerv/_09959_ not found.
[WARNING STA-1648] ./results/nangate45_3D/swerv_wrapper/HBT/6_final.spef line 222059, instance swerv/_09896_ not found.
[WARNING STA-1648] ./results/nangate45_3D/swerv_wrapper/HBT/6_final.spef line 222060, instance swerv/_09864_ not found.
[WARNING STA-1648] ./results/nangate45_3D/swerv_wrapper/HBT/6_final.spef line 222061, instance swerv/_09893_ not found.
[WARNING STA-1648] ./results/nangate45_3D/swerv_wrapper/HBT/6_final.spef line 222062, instance swerv/_09870_ not found.
[WARNING STA-1648] ./results/nangate45_3D/swerv_wrapper/HBT/6_final.spef line 222063, instance swerv/_09960_ not found.
[WARNING STA-1648] ./results/nangate45_3D/swerv_wrapper/HBT/6_final.spef line 222064, instance swerv/_09962_ not found.
[WARNING STA-1648] ./results/nangate45_3D/swerv_wrapper/HBT/6_final.spef line 222065, instance swerv/_09869_ not found.
[WARNING STA-1648] ./results/nangate45_3D/swerv_wrapper/HBT/6_final.spef line 222066, instance swerv/_09877_ not found.
[WARNING STA-1648] ./results/nangate45_3D/swerv_wrapper/HBT/6_final.spef line 222067, instance swerv/lsu/bus_intf/bus_buffer/_22440_ not found.
[WARNING STA-1648] ./results/nangate45_3D/swerv_wrapper/HBT/6_final.spef line 222068, instance swerv/lsu/bus_intf/bus_buffer/_22418_ not found.
[WARNING STA-1648] ./results/nangate45_3D/swerv_wrapper/HBT/6_final.spef line 222069, instance swerv/lsu/bus_intf/bus_buffer/_22434_ not found.
[WARNING STA-1648] ./results/nangate45_3D/swerv_wrapper/HBT/6_final.spef line 222070, instance swerv/_10257_ not found.
[WARNING STA-1648] ./results/nangate45_3D/swerv_wrapper/HBT/6_final.spef line 222071, instance swerv/_10264_ not found.
[WARNING STA-1648] ./results/nangate45_3D/swerv_wrapper/HBT/6_final.spef line 222072, instance swerv/_10692_ not found.
[WARNING STA-1648] ./results/nangate45_3D/swerv_wrapper/HBT/6_final.spef line 222073, instance swerv/dec/tlu/_11671_ not found.
[WARNING STA-1648] ./results/nangate45_3D/swerv_wrapper/HBT/6_final.spef line 222074, instance swerv/lsu/bus_intf/bus_buffer/_21735_ not found.
[WARNING STA-1648] ./results/nangate45_3D/swerv_wrapper/HBT/6_final.spef line 222075, instance swerv/lsu/bus_intf/bus_buffer/_22293_ not found.
[WARNING STA-1648] ./results/nangate45_3D/swerv_wrapper/HBT/6_final.spef line 222076, instance swerv/lsu/bus_intf/bus_buffer/_21828_ not found.
[WARNING STA-1648] ./results/nangate45_3D/swerv_wrapper/HBT/6_final.spef line 222077, instance swerv/lsu/bus_intf/bus_buffer/_21642_ not found.
[WARNING STA-1648] ./results/nangate45_3D/swerv_wrapper/HBT/6_final.spef line 222078, instance swerv/lsu/bus_intf/bus_buffer/_22345_ not found.
[WARNING STA-1648] ./results/nangate45_3D/swerv_wrapper/HBT/6_final.spef line 222079, instance swerv/lsu/bus_intf/bus_buffer/_21517_ not found.
[WARNING STA-1648] ./results/nangate45_3D/swerv_wrapper/HBT/6_final.spef line 222080, instance swerv/_10272_ not found.
[WARNING STA-1648] ./results/nangate45_3D/swerv_wrapper/HBT/6_final.spef line 222081, instance swerv/lsu/bus_intf/bus_buffer/_22435_ not found.
[WARNING STA-1648] ./results/nangate45_3D/swerv_wrapper/HBT/6_final.spef line 222082, instance swerv/lsu/bus_intf/bus_buffer/_22436_ not found.
[WARNING STA-1648] ./results/nangate45_3D/swerv_wrapper/HBT/6_final.spef line 222083, instance swerv/_10273_ not found.
[WARNING STA-1648] ./results/nangate45_3D/swerv_wrapper/HBT/6_final.spef line 222084, instance swerv/_09799_ not found.
[WARNING STA-1648] ./results/nangate45_3D/swerv_wrapper/HBT/6_final.spef line 222085, instance swerv/_09795_ not found.
[WARNING STA-1648] ./results/nangate45_3D/swerv_wrapper/HBT/6_final.spef line 222086, instance swerv/lsu/bus_intf/bus_buffer/_21557_ not found.
[WARNING STA-1648] ./results/nangate45_3D/swerv_wrapper/HBT/6_final.spef line 222087, instance swerv/lsu/bus_intf/bus_buffer/_22419_ not found.
[WARNING STA-1648] ./results/nangate45_3D/swerv_wrapper/HBT/6_final.spef line 222088, instance swerv/lsu/_9031_ not found.
[WARNING STA-1648] ./results/nangate45_3D/swerv_wrapper/HBT/6_final.spef line 222089, instance swerv/lsu/_9039_ not found.
[WARNING STA-1648] ./results/nangate45_3D/swerv_wrapper/HBT/6_final.spef line 222090, instance swerv/_10289_ not found.
[WARNING STA-1648] ./results/nangate45_3D/swerv_wrapper/HBT/6_final.spef line 222091, instance swerv/lsu/_9023_ not found.
[WARNING STA-1648] ./results/nangate45_3D/swerv_wrapper/HBT/6_final.spef line 222092, instance swerv/lsu/_9027_ not found.
[WARNING STA-1648] ./results/nangate45_3D/swerv_wrapper/HBT/6_final.spef line 222093, instance swerv/lsu/_9043_ not found.
[WARNING STA-1648] ./results/nangate45_3D/swerv_wrapper/HBT/6_final.spef line 222094, instance swerv/lsu/bus_intf/bus_buffer/_22445_ not found.
[WARNING STA-1648] ./results/nangate45_3D/swerv_wrapper/HBT/6_final.spef line 222095, instance swerv/lsu/bus_intf/_3797_ not found.
[WARNING STA-1648] ./results/nangate45_3D/swerv_wrapper/HBT/6_final.spef line 222096, instance swerv/lsu/_8675_ not found.
[WARNING STA-1648] ./results/nangate45_3D/swerv_wrapper/HBT/6_final.spef line 222097, instance swerv/lsu/_8668_ not found.
[WARNING STA-1648] ./results/nangate45_3D/swerv_wrapper/HBT/6_final.spef line 222098, instance swerv/lsu/_8684_ not found.
[WARNING STA-1648] ./results/nangate45_3D/swerv_wrapper/HBT/6_final.spef line 222099, instance swerv/lsu/_8673_ not found.
[WARNING STA-1648] ./results/nangate45_3D/swerv_wrapper/HBT/6_final.spef line 222100, instance swerv/lsu/_8671_ not found.
[WARNING STA-1648] ./results/nangate45_3D/swerv_wrapper/HBT/6_final.spef line 222101, instance swerv/lsu/_8659_ not found.
[WARNING STA-1648] ./results/nangate45_3D/swerv_wrapper/HBT/6_final.spef line 222102, instance swerv/dec/tlu/_11673_ not found.
[WARNING STA-1648] ./results/nangate45_3D/swerv_wrapper/HBT/6_final.spef line 222103, instance swerv/_09970_ not found.
[WARNING STA-1648] ./results/nangate45_3D/swerv_wrapper/HBT/6_final.spef line 222104, instance swerv/_09744_ not found.
[WARNING STA-1648] ./results/nangate45_3D/swerv_wrapper/HBT/6_final.spef line 222105, instance swerv/_10500_ not found.
[WARNING STA-1648] ./results/nangate45_3D/swerv_wrapper/HBT/6_final.spef line 222106, instance swerv/lsu/bus_intf/_3798_ not found.
[WARNING STA-1648] ./results/nangate45_3D/swerv_wrapper/HBT/6_final.spef line 222107, instance swerv/_10456_ not found.
[WARNING STA-1648] ./results/nangate45_3D/swerv_wrapper/HBT/6_final.spef line 222108, instance swerv/lsu/_9044_ not found.
[WARNING STA-1648] ./results/nangate45_3D/swerv_wrapper/HBT/6_final.spef line 222109, instance swerv/lsu/bus_intf/_3817_ not found.
[WARNING STA-1648] ./results/nangate45_3D/swerv_wrapper/HBT/6_final.spef line 222110, instance swerv/lsu/_9049_ not found.
[WARNING STA-1648] ./results/nangate45_3D/swerv_wrapper/HBT/6_final.spef line 222111, instance swerv/_10402_ not found.
[WARNING STA-1648] ./results/nangate45_3D/swerv_wrapper/HBT/6_final.spef line 222112, instance swerv/_10480_ not found.
[WARNING STA-1648] ./results/nangate45_3D/swerv_wrapper/HBT/6_final.spef line 222113, instance swerv/_10558_ not found.
[WARNING STA-1648] ./results/nangate45_3D/swerv_wrapper/HBT/6_final.spef line 222114, instance swerv/_10422_ not found.
[WARNING STA-1648] ./results/nangate45_3D/swerv_wrapper/HBT/6_final.spef line 222115, instance swerv/dec/tlu/_11663_ not found.
[WARNING STA-1648] ./results/nangate45_3D/swerv_wrapper/HBT/6_final.spef line 222116, instance swerv/_09722_ not found.
[WARNING STA-1648] ./results/nangate45_3D/swerv_wrapper/HBT/6_final.spef line 222117, instance swerv/_09732_ not found.
[WARNING STA-1648] ./results/nangate45_3D/swerv_wrapper/HBT/6_final.spef line 222118, instance swerv/_09719_ not found.
[WARNING STA-1648] ./results/nangate45_3D/swerv_wrapper/HBT/6_final.spef line 222119, instance swerv/_09822_ not found.
[WARNING STA-1648] ./results/nangate45_3D/swerv_wrapper/HBT/6_final.spef line 222120, instance swerv/_09820_ not found.
[WARNING STA-1648] ./results/nangate45_3D/swerv_wrapper/HBT/6_final.spef line 222121, instance swerv/_09966_ not found.
[WARNING STA-1648] ./results/nangate45_3D/swerv_wrapper/HBT/6_final.spef line 222122, instance swerv/_09716_ not found.
[WARNING STA-1648] ./results/nangate45_3D/swerv_wrapper/HBT/6_final.spef line 222123, instance swerv/_09713_ not found.
[WARNING STA-1648] ./results/nangate45_3D/swerv_wrapper/HBT/6_final.spef line 222124, instance swerv/_09710_ not found.
[WARNING STA-1648] ./results/nangate45_3D/swerv_wrapper/HBT/6_final.spef line 222125, instance swerv/lsu/_8605_ not found.
[WARNING STA-1648] ./results/nangate45_3D/swerv_wrapper/HBT/6_final.spef line 222126, instance swerv/lsu/_8463_ not found.
[WARNING STA-1648] ./results/nangate45_3D/swerv_wrapper/HBT/6_final.spef line 222127, instance swerv/lsu/_8595_ not found.
[WARNING STA-1648] ./results/nangate45_3D/swerv_wrapper/HBT/6_final.spef line 222128, instance swerv/lsu/_8561_ not found.
[WARNING STA-1648] ./results/nangate45_3D/swerv_wrapper/HBT/6_final.spef line 222129, instance swerv/lsu/_8563_ not found.
[WARNING STA-1648] ./results/nangate45_3D/swerv_wrapper/HBT/6_final.spef line 222130, instance swerv/lsu/_8613_ not found.
[WARNING STA-1648] ./results/nangate45_3D/swerv_wrapper/HBT/6_final.spef line 222131, instance swerv/lsu/_8621_ not found.
[WARNING STA-1648] ./results/nangate45_3D/swerv_wrapper/HBT/6_final.spef line 222132, instance swerv/lsu/_8583_ not found.
[WARNING STA-1648] ./results/nangate45_3D/swerv_wrapper/HBT/6_final.spef line 222133, instance swerv/lsu/_8465_ not found.
[WARNING STA-1648] ./results/nangate45_3D/swerv_wrapper/HBT/6_final.spef line 222134, instance swerv/lsu/_8615_ not found.
[WARNING STA-1648] ./results/nangate45_3D/swerv_wrapper/HBT/6_final.spef line 222135, instance swerv/lsu/_8593_ not found.
[WARNING STA-1648] ./results/nangate45_3D/swerv_wrapper/HBT/6_final.spef line 222136, instance swerv/lsu/_8655_ not found.
[WARNING STA-1648] ./results/nangate45_3D/swerv_wrapper/HBT/6_final.spef line 222137, instance swerv/lsu/_8660_ not found.
[WARNING STA-1648] ./results/nangate45_3D/swerv_wrapper/HBT/6_final.spef line 222138, instance swerv/lsu/_8473_ not found.
[WARNING STA-1648] ./results/nangate45_3D/swerv_wrapper/HBT/6_final.spef line 222139, instance swerv/lsu/_8910_ not found.
[WARNING STA-1648] ./results/nangate45_3D/swerv_wrapper/HBT/6_final.spef line 222140, instance swerv/lsu/_8962_ not found.
[WARNING STA-1648] ./results/nangate45_3D/swerv_wrapper/HBT/6_final.spef line 222141, instance swerv/lsu/_8928_ not found.
[WARNING STA-1648] ./results/nangate45_3D/swerv_wrapper/HBT/6_final.spef line 222142, instance swerv/lsu/_8968_ not found.
[WARNING STA-1648] ./results/nangate45_3D/swerv_wrapper/HBT/6_final.spef line 222143, instance swerv/lsu/_8964_ not found.
[WARNING STA-1648] ./results/nangate45_3D/swerv_wrapper/HBT/6_final.spef line 222144, instance swerv/lsu/_8946_ not found.
[WARNING STA-1648] ./results/nangate45_3D/swerv_wrapper/HBT/6_final.spef line 222145, instance swerv/lsu/_8674_ not found.
[WARNING STA-1648] ./results/nangate45_3D/swerv_wrapper/HBT/6_final.spef line 222146, instance swerv/lsu/_8594_ not found.
[WARNING STA-1648] ./results/nangate45_3D/swerv_wrapper/HBT/6_final.spef line 222147, instance swerv/lsu/_8493_ not found.
[WARNING STA-1648] ./results/nangate45_3D/swerv_wrapper/HBT/6_final.spef line 222148, instance swerv/lsu/_8485_ not found.
[WARNING STA-1648] ./results/nangate45_3D/swerv_wrapper/HBT/6_final.spef line 222149, instance swerv/lsu/_8489_ not found.
[WARNING STA-1648] ./results/nangate45_3D/swerv_wrapper/HBT/6_final.spef line 222150, instance swerv/lsu/_8597_ not found.
[WARNING STA-1648] ./results/nangate45_3D/swerv_wrapper/HBT/6_final.spef line 222151, instance swerv/lsu/_8954_ not found.
[WARNING STA-1648] ./results/nangate45_3D/swerv_wrapper/HBT/6_final.spef line 222152, instance swerv/lsu/_8560_ not found.
[WARNING STA-1648] ./results/nangate45_3D/swerv_wrapper/HBT/6_final.spef line 222153, instance swerv/lsu/_8950_ not found.
[WARNING STA-1648] ./results/nangate45_3D/swerv_wrapper/HBT/6_final.spef line 222154, instance swerv/lsu/_8972_ not found.
[WARNING STA-1648] ./results/nangate45_3D/swerv_wrapper/HBT/6_final.spef line 222155, instance swerv/lsu/_8361_ not found.
[WARNING STA-1648] ./results/nangate45_3D/swerv_wrapper/HBT/6_final.spef line 222156, instance swerv/lsu/_9000_ not found.
[WARNING STA-1648] ./results/nangate45_3D/swerv_wrapper/HBT/6_final.spef line 222157, instance swerv/lsu/_8359_ not found.
[WARNING STA-1648] ./results/nangate45_3D/swerv_wrapper/HBT/6_final.spef line 222158, instance swerv/lsu/_8730_ not found.
[WARNING STA-1648] ./results/nangate45_3D/swerv_wrapper/HBT/6_final.spef line 222159, instance swerv/lsu/_9168_ not found.
[WARNING STA-1648] ./results/nangate45_3D/swerv_wrapper/HBT/6_final.spef line 222160, instance swerv/lsu/_8742_ not found.
[WARNING STA-1648] ./results/nangate45_3D/swerv_wrapper/HBT/6_final.spef line 222161, instance swerv/lsu/_8464_ not found.
[WARNING STA-1648] ./results/nangate45_3D/swerv_wrapper/HBT/6_final.spef line 222162, instance swerv/lsu/stbuf/_19981_ not found.
[WARNING STA-1648] ./results/nangate45_3D/swerv_wrapper/HBT/6_final.spef line 222163, instance swerv/lsu/stbuf/_19989_ not found.
[WARNING STA-1648] ./results/nangate45_3D/swerv_wrapper/HBT/6_final.spef line 222164, instance swerv/lsu/_8608_ not found.
[WARNING STA-1648] ./results/nangate45_3D/swerv_wrapper/HBT/6_final.spef line 222165, instance swerv/lsu/stbuf/_19965_ not found.
[WARNING STA-1648] ./results/nangate45_3D/swerv_wrapper/HBT/6_final.spef line 222166, instance swerv/lsu/stbuf/_19957_ not found.
[WARNING STA-1648] ./results/nangate45_3D/swerv_wrapper/HBT/6_final.spef line 222167, instance swerv/lsu/stbuf/_19489_ not found.
[WARNING STA-1648] ./results/nangate45_3D/swerv_wrapper/HBT/6_final.spef line 222168, instance swerv/lsu/_8620_ not found.
[WARNING STA-1648] ./results/nangate45_3D/swerv_wrapper/HBT/6_final.spef line 222169, instance swerv/lsu/stbuf/_19985_ not found.
[WARNING STA-1648] ./results/nangate45_3D/swerv_wrapper/HBT/6_final.spef line 222170, instance swerv/lsu/_8492_ not found.
[WARNING STA-1648] ./results/nangate45_3D/swerv_wrapper/HBT/6_final.spef line 222171, instance swerv/lsu/_8432_ not found.
[WARNING STA-1648] ./results/nangate45_3D/swerv_wrapper/HBT/6_final.spef line 222172, instance swerv/lsu/_9169_ not found.
[WARNING STA-1648] ./results/nangate45_3D/swerv_wrapper/HBT/6_final.spef line 222173, instance swerv/lsu/_8924_ not found.
[WARNING STA-1648] ./results/nangate45_3D/swerv_wrapper/HBT/6_final.spef line 222174, instance swerv/lsu/_8708_ not found.
[WARNING STA-1648] ./results/nangate45_3D/swerv_wrapper/HBT/6_final.spef line 222175, instance swerv/lsu/_8808_ not found.
[WARNING STA-1648] ./results/nangate45_3D/swerv_wrapper/HBT/6_final.spef line 222176, instance swerv/lsu/_9130_ not found.
[WARNING STA-1648] ./results/nangate45_3D/swerv_wrapper/HBT/6_final.spef line 222177, instance swerv/lsu/_8922_ not found.
[WARNING STA-1648] ./results/nangate45_3D/swerv_wrapper/HBT/6_final.spef line 222178, instance swerv/lsu/_8716_ not found.
[WARNING STA-1648] ./results/nangate45_3D/swerv_wrapper/HBT/6_final.spef line 222179, instance swerv/lsu/_8940_ not found.
[WARNING STA-1648] ./results/nangate45_3D/swerv_wrapper/HBT/6_final.spef line 222180, instance swerv/lsu/_8800_ not found.
[WARNING STA-1648] ./results/nangate45_3D/swerv_wrapper/HBT/6_final.spef line 222181, instance swerv/lsu/_9129_ not found.
[WARNING STA-1648] ./results/nangate45_3D/swerv_wrapper/HBT/6_final.spef line 222182, instance swerv/_10168_ not found.
[WARNING STA-1648] ./results/nangate45_3D/swerv_wrapper/HBT/6_final.spef line 222183, instance swerv/_10170_ not found.
[WARNING STA-1648] message limit (1000) reached. This message will no longer print.
[WARNING STA-1650] ./results/nangate45_3D/swerv_wrapper/HBT/6_final.spef line 232780, net mem/Gen_dccm_enable_dccm/mem_bank_7__dccm_bank/mem not found.
[WARNING STA-1650] ./results/nangate45_3D/swerv_wrapper/HBT/6_final.spef line 232781, net swerv/lsu/stbuf/_19514_ not found.
[WARNING STA-1650] ./results/nangate45_3D/swerv_wrapper/HBT/6_final.spef line 232782, net swerv/lsu/stbuf/_19591_ not found.
[WARNING STA-1650] ./results/nangate45_3D/swerv_wrapper/HBT/6_final.spef line 232783, net swerv/lsu/stbuf/_19534_ not found.
[WARNING STA-1650] ./results/nangate45_3D/swerv_wrapper/HBT/6_final.spef line 232784, net swerv/lsu/stbuf/_19530_ not found.
[WARNING STA-1650] ./results/nangate45_3D/swerv_wrapper/HBT/6_final.spef line 232785, net mem/Gen_dccm_enable_dccm/_2385_ not found.
[WARNING STA-1650] ./results/nangate45_3D/swerv_wrapper/HBT/6_final.spef line 232786, net mem/Gen_dccm_enable_dccm/_2387_ not found.
[WARNING STA-1650] ./results/nangate45_3D/swerv_wrapper/HBT/6_final.spef line 232787, net mem/Gen_dccm_enable_dccm/_2386_ not found.
[WARNING STA-1650] ./results/nangate45_3D/swerv_wrapper/HBT/6_final.spef line 232788, net mem/Gen_dccm_enable_dccm/_2384_ not found.
[WARNING STA-1650] ./results/nangate45_3D/swerv_wrapper/HBT/6_final.spef line 232789, net mem/Gen_dccm_enable_dccm/_2382_ not found.
[WARNING STA-1650] ./results/nangate45_3D/swerv_wrapper/HBT/6_final.spef line 232790, net swerv/lsu/_9116_ not found.
[WARNING STA-1650] ./results/nangate45_3D/swerv_wrapper/HBT/6_final.spef line 232791, net swerv/lsu/_9122_ not found.
[WARNING STA-1650] ./results/nangate45_3D/swerv_wrapper/HBT/6_final.spef line 232792, net swerv/lsu/_9099_ not found.
[WARNING STA-1650] ./results/nangate45_3D/swerv_wrapper/HBT/6_final.spef line 232793, net swerv/lsu/_9112_ not found.
[WARNING STA-1650] ./results/nangate45_3D/swerv_wrapper/HBT/6_final.spef line 232794, net swerv/lsu/_9100_ not found.
[WARNING STA-1650] ./results/nangate45_3D/swerv_wrapper/HBT/6_final.spef line 232795, net mem/Gen_dccm_enable_dccm/mem_bank_5__dccm_bank/mem not found.
[WARNING STA-1650] ./results/nangate45_3D/swerv_wrapper/HBT/6_final.spef line 232796, net mem/Gen_dccm_enable_dccm/mem_bank_0__dccm_bank/mem not found.
[WARNING STA-1650] ./results/nangate45_3D/swerv_wrapper/HBT/6_final.spef line 232797, net mem/Gen_dccm_enable_dccm/mem_bank_1__dccm_bank/mem not found.
[WARNING STA-1650] ./results/nangate45_3D/swerv_wrapper/HBT/6_final.spef line 232798, net mem/Gen_dccm_enable_dccm/mem_bank_4__dccm_bank/mem not found.
[WARNING STA-1650] ./results/nangate45_3D/swerv_wrapper/HBT/6_final.spef line 232799, net swerv/lsu/_9063_ not found.
[WARNING STA-1650] ./results/nangate45_3D/swerv_wrapper/HBT/6_final.spef line 232800, net swerv/lsu/_9117_ not found.
[WARNING STA-1650] ./results/nangate45_3D/swerv_wrapper/HBT/6_final.spef line 232801, net swerv/lsu/_9113_ not found.
[WARNING STA-1650] ./results/nangate45_3D/swerv_wrapper/HBT/6_final.spef line 232802, net swerv/lsu/_9058_ not found.
[WARNING STA-1650] ./results/nangate45_3D/swerv_wrapper/HBT/6_final.spef line 232803, net swerv/lsu/_9114_ not found.
[WARNING STA-1650] ./results/nangate45_3D/swerv_wrapper/HBT/6_final.spef line 232804, net swerv/lsu/_9105_ not found.
[WARNING STA-1650] ./results/nangate45_3D/swerv_wrapper/HBT/6_final.spef line 232805, net swerv/lsu/_9061_ not found.
[WARNING STA-1650] ./results/nangate45_3D/swerv_wrapper/HBT/6_final.spef line 232806, net swerv/lsu/_9060_ not found.
[WARNING STA-1650] ./results/nangate45_3D/swerv_wrapper/HBT/6_final.spef line 232807, net swerv/lsu/_9109_ not found.
[WARNING STA-1650] ./results/nangate45_3D/swerv_wrapper/HBT/6_final.spef line 232808, net swerv/lsu/_9059_ not found.
[WARNING STA-1650] ./results/nangate45_3D/swerv_wrapper/HBT/6_final.spef line 232809, net swerv/lsu/_9106_ not found.
[WARNING STA-1650] ./results/nangate45_3D/swerv_wrapper/HBT/6_final.spef line 232810, net swerv/lsu/_9127_ not found.
[WARNING STA-1650] ./results/nangate45_3D/swerv_wrapper/HBT/6_final.spef line 232811, net swerv/lsu/_9110_ not found.
[WARNING STA-1650] ./results/nangate45_3D/swerv_wrapper/HBT/6_final.spef line 232812, net swerv/lsu/_9107_ not found.
[WARNING STA-1650] ./results/nangate45_3D/swerv_wrapper/HBT/6_final.spef line 232813, net swerv/lsu/stbuf/_19519_ not found.
[WARNING STA-1650] ./results/nangate45_3D/swerv_wrapper/HBT/6_final.spef line 232814, net swerv/lsu/stbuf/_19576_ not found.
[WARNING STA-1650] ./results/nangate45_3D/swerv_wrapper/HBT/6_final.spef line 232815, net swerv/lsu/stbuf/_19633_ not found.
[WARNING STA-1650] ./results/nangate45_3D/swerv_wrapper/HBT/6_final.spef line 232816, net swerv/lsu/stbuf/_19517_ not found.
[WARNING STA-1650] ./results/nangate45_3D/swerv_wrapper/HBT/6_final.spef line 232817, net swerv/lsu/stbuf/_19631_ not found.
[WARNING STA-1650] ./results/nangate45_3D/swerv_wrapper/HBT/6_final.spef line 232818, net swerv/lsu/stbuf/_19690_ not found.
[WARNING STA-1650] ./results/nangate45_3D/swerv_wrapper/HBT/6_final.spef line 232819, net swerv/lsu/stbuf/_19804_ not found.
[WARNING STA-1650] ./results/nangate45_3D/swerv_wrapper/HBT/6_final.spef line 232820, net swerv/lsu/stbuf/_19861_ not found.
[WARNING STA-1650] ./results/nangate45_3D/swerv_wrapper/HBT/6_final.spef line 232821, net swerv/lsu/stbuf/_19747_ not found.
[WARNING STA-1650] ./results/nangate45_3D/swerv_wrapper/HBT/6_final.spef line 232822, net swerv/lsu/stbuf/_19688_ not found.
[WARNING STA-1650] ./results/nangate45_3D/swerv_wrapper/HBT/6_final.spef line 232823, net swerv/lsu/stbuf/_19745_ not found.
[WARNING STA-1650] ./results/nangate45_3D/swerv_wrapper/HBT/6_final.spef line 232824, net swerv/lsu/stbuf/_19802_ not found.
[WARNING STA-1650] ./results/nangate45_3D/swerv_wrapper/HBT/6_final.spef line 232825, net swerv/lsu/stbuf/_19859_ not found.
[WARNING STA-1650] ./results/nangate45_3D/swerv_wrapper/HBT/6_final.spef line 232826, net swerv/lsu/stbuf/_19918_ not found.
[WARNING STA-1650] ./results/nangate45_3D/swerv_wrapper/HBT/6_final.spef line 232827, net swerv/lsu/stbuf/_19916_ not found.
[WARNING STA-1650] ./results/nangate45_3D/swerv_wrapper/HBT/6_final.spef line 232828, net swerv/lsu/stbuf/_19509_ not found.
[WARNING STA-1650] ./results/nangate45_3D/swerv_wrapper/HBT/6_final.spef line 232829, net swerv/lsu/stbuf/_19737_ not found.
[WARNING STA-1650] ./results/nangate45_3D/swerv_wrapper/HBT/6_final.spef line 232830, net swerv/lsu/stbuf/_19566_ not found.
[WARNING STA-1650] ./results/nangate45_3D/swerv_wrapper/HBT/6_final.spef line 232831, net swerv/lsu/stbuf/_19623_ not found.
[WARNING STA-1650] ./results/nangate45_3D/swerv_wrapper/HBT/6_final.spef line 232832, net swerv/lsu/stbuf/_19680_ not found.
[WARNING STA-1650] ./results/nangate45_3D/swerv_wrapper/HBT/6_final.spef line 232833, net swerv/lsu/stbuf/_19794_ not found.
[WARNING STA-1650] ./results/nangate45_3D/swerv_wrapper/HBT/6_final.spef line 232834, net swerv/lsu/stbuf/_19507_ not found.
[WARNING STA-1650] ./results/nangate45_3D/swerv_wrapper/HBT/6_final.spef line 232835, net swerv/lsu/stbuf/_19564_ not found.
[WARNING STA-1650] ./results/nangate45_3D/swerv_wrapper/HBT/6_final.spef line 232836, net swerv/lsu/stbuf/_19735_ not found.
[WARNING STA-1650] ./results/nangate45_3D/swerv_wrapper/HBT/6_final.spef line 232837, net swerv/lsu/stbuf/_19792_ not found.
[WARNING STA-1650] ./results/nangate45_3D/swerv_wrapper/HBT/6_final.spef line 232838, net swerv/lsu/stbuf/_19906_ not found.
[WARNING STA-1650] ./results/nangate45_3D/swerv_wrapper/HBT/6_final.spef line 232839, net swerv/lsu/stbuf/_19744_ not found.
[WARNING STA-1650] ./results/nangate45_3D/swerv_wrapper/HBT/6_final.spef line 232840, net swerv/lsu/stbuf/_19801_ not found.
[WARNING STA-1650] ./results/nangate45_3D/swerv_wrapper/HBT/6_final.spef line 232841, net swerv/lsu/stbuf/_19858_ not found.
[WARNING STA-1650] ./results/nangate45_3D/swerv_wrapper/HBT/6_final.spef line 232842, net swerv/lsu/stbuf/_19687_ not found.
[WARNING STA-1650] ./results/nangate45_3D/swerv_wrapper/HBT/6_final.spef line 232843, net swerv/ifu/_6202_ not found.
[WARNING STA-1650] ./results/nangate45_3D/swerv_wrapper/HBT/6_final.spef line 232844, net mem/icm/ic_data_inst/WAYS_3__SUBBANKS_3__ic_bank_sb_way_data.mem not found.
[WARNING STA-1650] ./results/nangate45_3D/swerv_wrapper/HBT/6_final.spef line 232845, net swerv/lsu/stbuf/_19516_ not found.
[WARNING STA-1650] ./results/nangate45_3D/swerv_wrapper/HBT/6_final.spef line 232846, net swerv/lsu/stbuf/_19573_ not found.
[WARNING STA-1650] ./results/nangate45_3D/swerv_wrapper/HBT/6_final.spef line 232847, net swerv/lsu/stbuf/_19736_ not found.
[WARNING STA-1650] ./results/nangate45_3D/swerv_wrapper/HBT/6_final.spef line 232848, net swerv/lsu/stbuf/_19679_ not found.
[WARNING STA-1650] ./results/nangate45_3D/swerv_wrapper/HBT/6_final.spef line 232849, net swerv/lsu/stbuf/_19793_ not found.
[WARNING STA-1650] ./results/nangate45_3D/swerv_wrapper/HBT/6_final.spef line 232850, net swerv/lsu/stbuf/_19565_ not found.
[WARNING STA-1650] ./results/nangate45_3D/swerv_wrapper/HBT/6_final.spef line 232851, net swerv/lsu/stbuf/_19508_ not found.
[WARNING STA-1650] ./results/nangate45_3D/swerv_wrapper/HBT/6_final.spef line 232852, net swerv/lsu/stbuf/_19622_ not found.
[WARNING STA-1650] ./results/nangate45_3D/swerv_wrapper/HBT/6_final.spef line 232853, net swerv/lsu/stbuf/_19589_ not found.
[WARNING STA-1650] ./results/nangate45_3D/swerv_wrapper/HBT/6_final.spef line 232854, net swerv/lsu/stbuf/_19532_ not found.
[WARNING STA-1650] ./results/nangate45_3D/swerv_wrapper/HBT/6_final.spef line 232855, net swerv/lsu/stbuf/_19703_ not found.
[WARNING STA-1650] ./results/nangate45_3D/swerv_wrapper/HBT/6_final.spef line 232856, net swerv/lsu/stbuf/_19646_ not found.
[WARNING STA-1650] ./results/nangate45_3D/swerv_wrapper/HBT/6_final.spef line 232857, net swerv/lsu/stbuf/_19817_ not found.
[WARNING STA-1650] ./results/nangate45_3D/swerv_wrapper/HBT/6_final.spef line 232858, net swerv/lsu/stbuf/_19760_ not found.
[WARNING STA-1650] ./results/nangate45_3D/swerv_wrapper/HBT/6_final.spef line 232859, net swerv/lsu/stbuf/_19874_ not found.
[WARNING STA-1650] ./results/nangate45_3D/swerv_wrapper/HBT/6_final.spef line 232860, net swerv/lsu/stbuf/_19931_ not found.
[WARNING STA-1650] ./results/nangate45_3D/swerv_wrapper/HBT/6_final.spef line 232861, net swerv/lsu/stbuf/_19850_ not found.
[WARNING STA-1650] ./results/nangate45_3D/swerv_wrapper/HBT/6_final.spef line 232862, net swerv/lsu/stbuf/_19907_ not found.
[WARNING STA-1650] ./results/nangate45_3D/swerv_wrapper/HBT/6_final.spef line 232863, net swerv/lsu/stbuf/_19630_ not found.
[WARNING STA-1650] ./results/nangate45_3D/swerv_wrapper/HBT/6_final.spef line 232864, net swerv/lsu/stbuf/_19915_ not found.
[WARNING STA-1650] ./results/nangate45_3D/swerv_wrapper/HBT/6_final.spef line 232865, net swerv/lsu/stbuf/_19621_ not found.
[WARNING STA-1650] ./results/nangate45_3D/swerv_wrapper/HBT/6_final.spef line 232866, net swerv/lsu/stbuf/_19678_ not found.
[WARNING STA-1650] ./results/nangate45_3D/swerv_wrapper/HBT/6_final.spef line 232867, net swerv/lsu/stbuf/_19849_ not found.
[WARNING STA-1650] ./results/nangate45_3D/swerv_wrapper/HBT/6_final.spef line 232868, net swerv/lsu/stbuf/_19851_ not found.
[WARNING STA-1650] ./results/nangate45_3D/swerv_wrapper/HBT/6_final.spef line 232869, net swerv/lsu/stbuf/_19908_ not found.
[WARNING STA-1650] ./results/nangate45_3D/swerv_wrapper/HBT/6_final.spef line 232870, net swerv/lsu/_9119_ not found.
[WARNING STA-1650] ./results/nangate45_3D/swerv_wrapper/HBT/6_final.spef line 232871, net swerv/lsu/_9108_ not found.
[WARNING STA-1650] ./results/nangate45_3D/swerv_wrapper/HBT/6_final.spef line 232872, net swerv/lsu/_9098_ not found.
[WARNING STA-1650] ./results/nangate45_3D/swerv_wrapper/HBT/6_final.spef line 232873, net swerv/lsu/_9123_ not found.
[WARNING STA-1650] ./results/nangate45_3D/swerv_wrapper/HBT/6_final.spef line 232874, net swerv/lsu/_9097_ not found.
[WARNING STA-1650] ./results/nangate45_3D/swerv_wrapper/HBT/6_final.spef line 232875, net swerv/lsu/_9052_ not found.
[WARNING STA-1650] ./results/nangate45_3D/swerv_wrapper/HBT/6_final.spef line 232876, net swerv/lsu/_9064_ not found.
[WARNING STA-1650] ./results/nangate45_3D/swerv_wrapper/HBT/6_final.spef line 232877, net swerv/lsu/_9121_ not found.
[WARNING STA-1650] ./results/nangate45_3D/swerv_wrapper/HBT/6_final.spef line 232878, net swerv/lsu/_9118_ not found.
[WARNING STA-1650] ./results/nangate45_3D/swerv_wrapper/HBT/6_final.spef line 232879, net swerv/lsu/_9115_ not found.
[WARNING STA-1650] ./results/nangate45_3D/swerv_wrapper/HBT/6_final.spef line 232880, net swerv/lsu/_9120_ not found.
[WARNING STA-1650] ./results/nangate45_3D/swerv_wrapper/HBT/6_final.spef line 232881, net swerv/lsu/_9103_ not found.
[WARNING STA-1650] ./results/nangate45_3D/swerv_wrapper/HBT/6_final.spef line 232882, net swerv/lsu/_9126_ not found.
[WARNING STA-1650] ./results/nangate45_3D/swerv_wrapper/HBT/6_final.spef line 232883, net swerv/lsu/_9125_ not found.
[WARNING STA-1650] ./results/nangate45_3D/swerv_wrapper/HBT/6_final.spef line 232884, net swerv/lsu/_9111_ not found.
[WARNING STA-1650] ./results/nangate45_3D/swerv_wrapper/HBT/6_final.spef line 232885, net swerv/lsu/_9124_ not found.
[WARNING STA-1650] ./results/nangate45_3D/swerv_wrapper/HBT/6_final.spef line 232886, net swerv/lsu/_9128_ not found.
[WARNING STA-1650] ./results/nangate45_3D/swerv_wrapper/HBT/6_final.spef line 232887, net swerv/lsu/_9062_ not found.
[WARNING STA-1650] ./results/nangate45_3D/swerv_wrapper/HBT/6_final.spef line 232888, net swerv/lsu/_9055_ not found.
[WARNING STA-1650] ./results/nangate45_3D/swerv_wrapper/HBT/6_final.spef line 232889, net mem/Gen_dccm_enable_dccm/_2383_ not found.
[WARNING STA-1650] ./results/nangate45_3D/swerv_wrapper/HBT/6_final.spef line 232890, net swerv/lsu/stbuf/_19522_ not found.
[WARNING STA-1650] ./results/nangate45_3D/swerv_wrapper/HBT/6_final.spef line 232891, net swerv/lsu/stbuf/_19579_ not found.
[WARNING STA-1650] ./results/nangate45_3D/swerv_wrapper/HBT/6_final.spef line 232892, net swerv/lsu/stbuf/_19644_ not found.
[WARNING STA-1650] ./results/nangate45_3D/swerv_wrapper/HBT/6_final.spef line 232893, net swerv/lsu/stbuf/_19587_ not found.
[WARNING STA-1650] ./results/nangate45_3D/swerv_wrapper/HBT/6_final.spef line 232894, net swerv/lsu/stbuf/_19571_ not found.
[WARNING STA-1650] ./results/nangate45_3D/swerv_wrapper/HBT/6_final.spef line 232895, net swerv/lsu/stbuf/_19506_ not found.
[WARNING STA-1650] ./results/nangate45_3D/swerv_wrapper/HBT/6_final.spef line 232896, net swerv/lsu/stbuf/_19563_ not found.
[WARNING STA-1650] ./results/nangate45_3D/swerv_wrapper/HBT/6_final.spef line 232897, net swerv/lsu/stbuf/_19510_ not found.
[WARNING STA-1650] ./results/nangate45_3D/swerv_wrapper/HBT/6_final.spef line 232898, net swerv/lsu/stbuf/_19620_ not found.
[WARNING STA-1650] ./results/nangate45_3D/swerv_wrapper/HBT/6_final.spef line 232899, net swerv/lsu/stbuf/_19648_ not found.
[WARNING STA-1650] ./results/nangate45_3D/swerv_wrapper/HBT/6_final.spef line 232900, net swerv/lsu/stbuf/_19518_ not found.
[WARNING STA-1650] ./results/nangate45_3D/swerv_wrapper/HBT/6_final.spef line 232901, net swerv/lsu/stbuf/_19575_ not found.
[WARNING STA-1650] ./results/nangate45_3D/swerv_wrapper/HBT/6_final.spef line 232902, net swerv/lsu/stbuf/_19632_ not found.
[WARNING STA-1650] ./results/nangate45_3D/swerv_wrapper/HBT/6_final.spef line 232903, net swerv/lsu/stbuf/_19567_ not found.
[WARNING STA-1650] ./results/nangate45_3D/swerv_wrapper/HBT/6_final.spef line 232904, net swerv/lsu/stbuf/_19624_ not found.
[WARNING STA-1650] ./results/nangate45_3D/swerv_wrapper/HBT/6_final.spef line 232905, net swerv/lsu/stbuf/_19677_ not found.
[WARNING STA-1650] ./results/nangate45_3D/swerv_wrapper/HBT/6_final.spef line 232906, net swerv/lsu/stbuf/_19762_ not found.
[WARNING STA-1650] ./results/nangate45_3D/swerv_wrapper/HBT/6_final.spef line 232907, net swerv/lsu/stbuf/_19746_ not found.
[WARNING STA-1650] ./results/nangate45_3D/swerv_wrapper/HBT/6_final.spef line 232908, net swerv/lsu/stbuf/_19807_ not found.
[WARNING STA-1650] ./results/nangate45_3D/swerv_wrapper/HBT/6_final.spef line 232909, net swerv/lsu/stbuf/_19815_ not found.
[WARNING STA-1650] ./results/nangate45_3D/swerv_wrapper/HBT/6_final.spef line 232910, net swerv/lsu/stbuf/_19929_ not found.
[WARNING STA-1650] ./results/nangate45_3D/swerv_wrapper/HBT/6_final.spef line 232911, net swerv/lsu/stbuf/_19933_ not found.
[WARNING STA-1650] ./results/nangate45_3D/swerv_wrapper/HBT/6_final.spef line 232912, net swerv/lsu/stbuf/_19921_ not found.
[WARNING STA-1650] ./results/nangate45_3D/swerv_wrapper/HBT/6_final.spef line 232913, net swerv/lsu/stbuf/_19864_ not found.
[WARNING STA-1650] ./results/nangate45_3D/swerv_wrapper/HBT/6_final.spef line 232914, net swerv/lsu/stbuf/_19872_ not found.
[WARNING STA-1650] ./results/nangate45_3D/swerv_wrapper/HBT/6_final.spef line 232915, net swerv/lsu/stbuf/_19689_ not found.
[WARNING STA-1650] ./results/nangate45_3D/swerv_wrapper/HBT/6_final.spef line 232916, net swerv/lsu/stbuf/_19705_ not found.
[WARNING STA-1650] ./results/nangate45_3D/swerv_wrapper/HBT/6_final.spef line 232917, net swerv/lsu/stbuf/_19636_ not found.
[WARNING STA-1650] ./results/nangate45_3D/swerv_wrapper/HBT/6_final.spef line 232918, net swerv/lsu/stbuf/_19693_ not found.
[WARNING STA-1650] ./results/nangate45_3D/swerv_wrapper/HBT/6_final.spef line 232919, net swerv/lsu/stbuf/_19701_ not found.
[WARNING STA-1650] ./results/nangate45_3D/swerv_wrapper/HBT/6_final.spef line 232920, net swerv/lsu/stbuf/_19750_ not found.
[WARNING STA-1650] ./results/nangate45_3D/swerv_wrapper/HBT/6_final.spef line 232921, net swerv/lsu/stbuf/_19758_ not found.
[WARNING STA-1650] ./results/nangate45_3D/swerv_wrapper/HBT/6_final.spef line 232922, net swerv/lsu/stbuf/_19738_ not found.
[WARNING STA-1650] ./results/nangate45_3D/swerv_wrapper/HBT/6_final.spef line 232923, net swerv/lsu/stbuf/_19681_ not found.
[WARNING STA-1650] ./results/nangate45_3D/swerv_wrapper/HBT/6_final.spef line 232924, net swerv/lsu/stbuf/_19734_ not found.
[WARNING STA-1650] ./results/nangate45_3D/swerv_wrapper/HBT/6_final.spef line 232925, net swerv/lsu/stbuf/_19860_ not found.
[WARNING STA-1650] ./results/nangate45_3D/swerv_wrapper/HBT/6_final.spef line 232926, net swerv/lsu/stbuf/_19848_ not found.
[WARNING STA-1650] ./results/nangate45_3D/swerv_wrapper/HBT/6_final.spef line 232927, net swerv/lsu/stbuf/_19909_ not found.
[WARNING STA-1650] ./results/nangate45_3D/swerv_wrapper/HBT/6_final.spef line 232928, net swerv/lsu/stbuf/_19852_ not found.
[WARNING STA-1650] ./results/nangate45_3D/swerv_wrapper/HBT/6_final.spef line 232929, net swerv/lsu/stbuf/_19905_ not found.
[WARNING STA-1650] ./results/nangate45_3D/swerv_wrapper/HBT/6_final.spef line 232930, net swerv/lsu/stbuf/_19791_ not found.
[WARNING STA-1650] ./results/nangate45_3D/swerv_wrapper/HBT/6_final.spef line 232931, net swerv/lsu/stbuf/_19803_ not found.
[WARNING STA-1650] ./results/nangate45_3D/swerv_wrapper/HBT/6_final.spef line 232932, net swerv/lsu/stbuf/_19917_ not found.
[WARNING STA-1650] ./results/nangate45_3D/swerv_wrapper/HBT/6_final.spef line 232933, net swerv/lsu/stbuf/_19799_ not found.
[WARNING STA-1650] ./results/nangate45_3D/swerv_wrapper/HBT/6_final.spef line 232934, net swerv/lsu/stbuf/_19876_ not found.
[WARNING STA-1650] ./results/nangate45_3D/swerv_wrapper/HBT/6_final.spef line 232935, net swerv/lsu/stbuf/_19856_ not found.
[WARNING STA-1650] ./results/nangate45_3D/swerv_wrapper/HBT/6_final.spef line 232936, net swerv/lsu/stbuf/_19913_ not found.
[WARNING STA-1650] ./results/nangate45_3D/swerv_wrapper/HBT/6_final.spef line 232937, net swerv/lsu/stbuf/_19742_ not found.
[WARNING STA-1650] ./results/nangate45_3D/swerv_wrapper/HBT/6_final.spef line 232938, net swerv/lsu/stbuf/_19685_ not found.
[WARNING STA-1650] ./results/nangate45_3D/swerv_wrapper/HBT/6_final.spef line 232939, net swerv/lsu/stbuf/_19819_ not found.
[WARNING STA-1650] ./results/nangate45_3D/swerv_wrapper/HBT/6_final.spef line 232940, net swerv/lsu/stbuf/_19511_ not found.
[WARNING STA-1650] ./results/nangate45_3D/swerv_wrapper/HBT/6_final.spef line 232941, net swerv/lsu/stbuf/_19568_ not found.
[WARNING STA-1650] ./results/nangate45_3D/swerv_wrapper/HBT/6_final.spef line 232942, net swerv/lsu/stbuf/_19535_ not found.
[WARNING STA-1650] ./results/nangate45_3D/swerv_wrapper/HBT/6_final.spef line 232943, net swerv/lsu/stbuf/_19592_ not found.
[WARNING STA-1650] ./results/nangate45_3D/swerv_wrapper/HBT/6_final.spef line 232944, net swerv/lsu/stbuf/_19649_ not found.
[WARNING STA-1650] ./results/nangate45_3D/swerv_wrapper/HBT/6_final.spef line 232945, net swerv/lsu/stbuf/_19706_ not found.
[WARNING STA-1650] ./results/nangate45_3D/swerv_wrapper/HBT/6_final.spef line 232946, net swerv/lsu/stbuf/_19877_ not found.
[WARNING STA-1650] ./results/nangate45_3D/swerv_wrapper/HBT/6_final.spef line 232947, net swerv/lsu/stbuf/_19873_ not found.
[WARNING STA-1650] ./results/nangate45_3D/swerv_wrapper/HBT/6_final.spef line 232948, net swerv/lsu/stbuf/_19588_ not found.
[WARNING STA-1650] ./results/nangate45_3D/swerv_wrapper/HBT/6_final.spef line 232949, net swerv/lsu/stbuf/_19531_ not found.
[WARNING STA-1650] ./results/nangate45_3D/swerv_wrapper/HBT/6_final.spef line 232950, net swerv/lsu/stbuf/_19759_ not found.
[WARNING STA-1650] ./results/nangate45_3D/swerv_wrapper/HBT/6_final.spef line 232951, net swerv/lsu/stbuf/_19702_ not found.
[WARNING STA-1650] ./results/nangate45_3D/swerv_wrapper/HBT/6_final.spef line 232952, net swerv/lsu/stbuf/_19930_ not found.
[WARNING STA-1650] ./results/nangate45_3D/swerv_wrapper/HBT/6_final.spef line 232953, net swerv/lsu/stbuf/_19934_ not found.
[WARNING STA-1650] ./results/nangate45_3D/swerv_wrapper/HBT/6_final.spef line 232954, net swerv/lsu/stbuf/_19820_ not found.
[WARNING STA-1650] ./results/nangate45_3D/swerv_wrapper/HBT/6_final.spef line 232955, net swerv/lsu/stbuf/_19645_ not found.
[WARNING STA-1650] ./results/nangate45_3D/swerv_wrapper/HBT/6_final.spef line 232956, net swerv/lsu/stbuf/_19816_ not found.
[WARNING STA-1650] ./results/nangate45_3D/swerv_wrapper/HBT/6_final.spef line 232957, net swerv/lsu/stbuf/_19525_ not found.
[WARNING STA-1650] ./results/nangate45_3D/swerv_wrapper/HBT/6_final.spef line 232958, net swerv/lsu/stbuf/_19751_ not found.
[WARNING STA-1650] ./results/nangate45_3D/swerv_wrapper/HBT/6_final.spef line 232959, net swerv/lsu/stbuf/_19523_ not found.
[WARNING STA-1650] ./results/nangate45_3D/swerv_wrapper/HBT/6_final.spef line 232960, net swerv/lsu/stbuf/_19865_ not found.
[WARNING STA-1650] ./results/nangate45_3D/swerv_wrapper/HBT/6_final.spef line 232961, net swerv/lsu/stbuf/_19637_ not found.
[WARNING STA-1650] ./results/nangate45_3D/swerv_wrapper/HBT/6_final.spef line 232962, net swerv/lsu/stbuf/_19808_ not found.
[WARNING STA-1650] ./results/nangate45_3D/swerv_wrapper/HBT/6_final.spef line 232963, net swerv/lsu/stbuf/_19922_ not found.
[WARNING STA-1650] ./results/nangate45_3D/swerv_wrapper/HBT/6_final.spef line 232964, net swerv/lsu/stbuf/_19527_ not found.
[WARNING STA-1650] ./results/nangate45_3D/swerv_wrapper/HBT/6_final.spef line 232965, net swerv/lsu/stbuf/_19584_ not found.
[WARNING STA-1650] ./results/nangate45_3D/swerv_wrapper/HBT/6_final.spef line 232966, net swerv/lsu/stbuf/_19698_ not found.
[WARNING STA-1650] ./results/nangate45_3D/swerv_wrapper/HBT/6_final.spef line 232967, net swerv/lsu/stbuf/_19926_ not found.
[WARNING STA-1650] ./results/nangate45_3D/swerv_wrapper/HBT/6_final.spef line 232968, net swerv/lsu/stbuf/_19869_ not found.
[WARNING STA-1650] ./results/nangate45_3D/swerv_wrapper/HBT/6_final.spef line 232969, net swerv/lsu/stbuf/_19755_ not found.
[WARNING STA-1650] ./results/nangate45_3D/swerv_wrapper/HBT/6_final.spef line 232970, net swerv/lsu/stbuf/_19657_ not found.
[WARNING STA-1650] ./results/nangate45_3D/swerv_wrapper/HBT/6_final.spef line 232971, net swerv/lsu/stbuf/_19771_ not found.
[WARNING STA-1650] ./results/nangate45_3D/swerv_wrapper/HBT/6_final.spef line 232972, net swerv/lsu/stbuf/_19666_ not found.
[WARNING STA-1650] ./results/nangate45_3D/swerv_wrapper/HBT/6_final.spef line 232973, net swerv/lsu/stbuf/_19664_ not found.
[WARNING STA-1650] ./results/nangate45_3D/swerv_wrapper/HBT/6_final.spef line 232974, net swerv/lsu/stbuf/_19672_ not found.
[WARNING STA-1650] ./results/nangate45_3D/swerv_wrapper/HBT/6_final.spef line 232975, net swerv/lsu/stbuf/_19543_ not found.
[WARNING STA-1650] ./results/nangate45_3D/swerv_wrapper/HBT/6_final.spef line 232976, net swerv/lsu/stbuf/_19665_ not found.
[WARNING STA-1650] ./results/nangate45_3D/swerv_wrapper/HBT/6_final.spef line 232977, net swerv/lsu/stbuf/_19552_ not found.
[WARNING STA-1650] ./results/nangate45_3D/swerv_wrapper/HBT/6_final.spef line 232978, net swerv/lsu/stbuf/_19494_ not found.
[WARNING STA-1650] ./results/nangate45_3D/swerv_wrapper/HBT/6_final.spef line 232979, net swerv/lsu/stbuf/_19550_ not found.
[WARNING STA-1650] ./results/nangate45_3D/swerv_wrapper/HBT/6_final.spef line 232980, net swerv/lsu/stbuf/_19609_ not found.
[WARNING STA-1650] ./results/nangate45_3D/swerv_wrapper/HBT/6_final.spef line 232981, net swerv/lsu/stbuf/_19497_ not found.
[WARNING STA-1650] ./results/nangate45_3D/swerv_wrapper/HBT/6_final.spef line 232982, net swerv/lsu/stbuf/_19600_ not found.
[WARNING STA-1650] ./results/nangate45_3D/swerv_wrapper/HBT/6_final.spef line 232983, net swerv/lsu/stbuf/_19554_ not found.
[WARNING STA-1650] ./results/nangate45_3D/swerv_wrapper/HBT/6_final.spef line 232984, net swerv/lsu/stbuf/_19611_ not found.
[WARNING STA-1650] ./results/nangate45_3D/swerv_wrapper/HBT/6_final.spef line 232985, net swerv/lsu/stbuf/_19668_ not found.
[WARNING STA-1650] ./results/nangate45_3D/swerv_wrapper/HBT/6_final.spef line 232986, net swerv/lsu/_8474_ not found.
[WARNING STA-1650] ./results/nangate45_3D/swerv_wrapper/HBT/6_final.spef line 232987, net swerv/lsu/_8602_ not found.
[WARNING STA-1650] ./results/nangate45_3D/swerv_wrapper/HBT/6_final.spef line 232988, net swerv/lsu/_8476_ not found.
[WARNING STA-1650] ./results/nangate45_3D/swerv_wrapper/HBT/6_final.spef line 232989, net swerv/lsu/_8425_ not found.
[WARNING STA-1650] ./results/nangate45_3D/swerv_wrapper/HBT/6_final.spef line 232990, net swerv/lsu/_8383_ not found.
[WARNING STA-1650] ./results/nangate45_3D/swerv_wrapper/HBT/6_final.spef line 232991, net swerv/lsu/_8393_ not found.
[WARNING STA-1650] ./results/nangate45_3D/swerv_wrapper/HBT/6_final.spef line 232992, net swerv/lsu/bus_intf/bus_buffer/_22283_ not found.
[WARNING STA-1650] ./results/nangate45_3D/swerv_wrapper/HBT/6_final.spef line 232993, net swerv/lsu/bus_intf/bus_buffer/_21416_ not found.
[WARNING STA-1650] ./results/nangate45_3D/swerv_wrapper/HBT/6_final.spef line 232994, net swerv/lsu/bus_intf/bus_buffer/_21393_ not found.
[WARNING STA-1650] ./results/nangate45_3D/swerv_wrapper/HBT/6_final.spef line 232995, net swerv/lsu/bus_intf/bus_buffer/_22256_ not found.
[WARNING STA-1650] ./results/nangate45_3D/swerv_wrapper/HBT/6_final.spef line 232996, net swerv/lsu/bus_intf/bus_buffer/_22271_ not found.
[WARNING STA-1650] ./results/nangate45_3D/swerv_wrapper/HBT/6_final.spef line 232997, net swerv/lsu/bus_intf/bus_buffer/_21403_ not found.
[WARNING STA-1650] ./results/nangate45_3D/swerv_wrapper/HBT/6_final.spef line 232998, net swerv/lsu/bus_intf/bus_buffer/_21404_ not found.
[WARNING STA-1650] ./results/nangate45_3D/swerv_wrapper/HBT/6_final.spef line 232999, net swerv/lsu/bus_intf/bus_buffer/_22177_ not found.
[WARNING STA-1650] ./results/nangate45_3D/swerv_wrapper/HBT/6_final.spef line 233000, net swerv/lsu/bus_intf/bus_buffer/_22194_ not found.
[WARNING STA-1650] ./results/nangate45_3D/swerv_wrapper/HBT/6_final.spef line 233001, net swerv/lsu/bus_intf/bus_buffer/_22178_ not found.
[WARNING STA-1650] ./results/nangate45_3D/swerv_wrapper/HBT/6_final.spef line 233002, net swerv/lsu/bus_intf/bus_buffer/_21621_ not found.
[WARNING STA-1650] ./results/nangate45_3D/swerv_wrapper/HBT/6_final.spef line 233003, net swerv/lsu/bus_intf/bus_buffer/_21620_ not found.
[WARNING STA-1650] ./results/nangate45_3D/swerv_wrapper/HBT/6_final.spef line 233004, net swerv/lsu/bus_intf/bus_buffer/_22171_ not found.
[WARNING STA-1650] ./results/nangate45_3D/swerv_wrapper/HBT/6_final.spef line 233005, net swerv/lsu/bus_intf/bus_buffer/_21389_ not found.
[WARNING STA-1650] ./results/nangate45_3D/swerv_wrapper/HBT/6_final.spef line 233006, net swerv/lsu/bus_intf/bus_buffer/_22270_ not found.
[WARNING STA-1650] ./results/nangate45_3D/swerv_wrapper/HBT/6_final.spef line 233007, net swerv/lsu/bus_intf/bus_buffer/_21420_ not found.
[WARNING STA-1650] ./results/nangate45_3D/swerv_wrapper/HBT/6_final.spef line 233008, net swerv/lsu/bus_intf/bus_buffer/_22287_ not found.
[WARNING STA-1650] ./results/nangate45_3D/swerv_wrapper/HBT/6_final.spef line 233009, net swerv/lsu/bus_intf/bus_buffer/_22189_ not found.
[WARNING STA-1650] ./results/nangate45_3D/swerv_wrapper/HBT/6_final.spef line 233010, net swerv/lsu/bus_intf/bus_buffer/_21629_ not found.
[WARNING STA-1650] ./results/nangate45_3D/swerv_wrapper/HBT/6_final.spef line 233011, net swerv/lsu/bus_intf/bus_buffer/_21606_ not found.
[WARNING STA-1650] ./results/nangate45_3D/swerv_wrapper/HBT/6_final.spef line 233012, net swerv/lsu/bus_intf/bus_buffer/_22163_ not found.
[WARNING STA-1650] ./results/nangate45_3D/swerv_wrapper/HBT/6_final.spef line 233013, net swerv/lsu/bus_intf/bus_buffer/_21822_ not found.
[WARNING STA-1650] ./results/nangate45_3D/swerv_wrapper/HBT/6_final.spef line 233014, net swerv/lsu/bus_intf/bus_buffer/_21729_ not found.
[WARNING STA-1650] ./results/nangate45_3D/swerv_wrapper/HBT/6_final.spef line 233015, net swerv/lsu/bus_intf/bus_buffer/_22101_ not found.
[WARNING STA-1650] ./results/nangate45_3D/swerv_wrapper/HBT/6_final.spef line 233016, net swerv/lsu/bus_intf/bus_buffer/_22085_ not found.
[WARNING STA-1650] ./results/nangate45_3D/swerv_wrapper/HBT/6_final.spef line 233017, net swerv/lsu/bus_intf/bus_buffer/_21491_ not found.
[WARNING STA-1650] ./results/nangate45_3D/swerv_wrapper/HBT/6_final.spef line 233018, net swerv/lsu/bus_intf/bus_buffer/_21806_ not found.
[WARNING STA-1650] ./results/nangate45_3D/swerv_wrapper/HBT/6_final.spef line 233019, net swerv/lsu/bus_intf/bus_buffer/_21899_ not found.
[WARNING STA-1650] ./results/nangate45_3D/swerv_wrapper/HBT/6_final.spef line 233020, net swerv/lsu/bus_intf/bus_buffer/_21713_ not found.
[WARNING STA-1650] ./results/nangate45_3D/swerv_wrapper/HBT/6_final.spef line 233021, net swerv/lsu/bus_intf/bus_buffer/_21791_ not found.
[WARNING STA-1650] ./results/nangate45_3D/swerv_wrapper/HBT/6_final.spef line 233022, net swerv/lsu/bus_intf/bus_buffer/_21884_ not found.
[WARNING STA-1650] ./results/nangate45_3D/swerv_wrapper/HBT/6_final.spef line 233023, net swerv/lsu/bus_intf/bus_buffer/_21799_ not found.
[WARNING STA-1650] ./results/nangate45_3D/swerv_wrapper/HBT/6_final.spef line 233024, net swerv/lsu/bus_intf/bus_buffer/_21892_ not found.
[WARNING STA-1650] ./results/nangate45_3D/swerv_wrapper/HBT/6_final.spef line 233025, net swerv/lsu/bus_intf/bus_buffer/_21484_ not found.
[WARNING STA-1650] ./results/nangate45_3D/swerv_wrapper/HBT/6_final.spef line 233026, net swerv/lsu/bus_intf/bus_buffer/_21977_ not found.
[WARNING STA-1650] ./results/nangate45_3D/swerv_wrapper/HBT/6_final.spef line 233027, net swerv/lsu/bus_intf/bus_buffer/_22070_ not found.
[WARNING STA-1650] ./results/nangate45_3D/swerv_wrapper/HBT/6_final.spef line 233028, net swerv/lsu/bus_intf/bus_buffer/_22003_ not found.
[WARNING STA-1650] ./results/nangate45_3D/swerv_wrapper/HBT/6_final.spef line 233029, net swerv/lsu/bus_intf/bus_buffer/_21724_ not found.
[WARNING STA-1650] ./results/nangate45_3D/swerv_wrapper/HBT/6_final.spef line 233030, net swerv/lsu/bus_intf/bus_buffer/_21814_ not found.
[WARNING STA-1650] ./results/nangate45_3D/swerv_wrapper/HBT/6_final.spef line 233031, net swerv/lsu/bus_intf/bus_buffer/_21817_ not found.
[WARNING STA-1650] ./results/nangate45_3D/swerv_wrapper/HBT/6_final.spef line 233032, net swerv/lsu/bus_intf/bus_buffer/_21910_ not found.
[WARNING STA-1650] ./results/nangate45_3D/swerv_wrapper/HBT/6_final.spef line 233033, net swerv/lsu/bus_intf/bus_buffer/_22096_ not found.
[WARNING STA-1650] ./results/nangate45_3D/swerv_wrapper/HBT/6_final.spef line 233034, net swerv/lsu/bus_intf/bus_buffer/_22000_ not found.
[WARNING STA-1650] ./results/nangate45_3D/swerv_wrapper/HBT/6_final.spef line 233035, net swerv/lsu/bus_intf/bus_buffer/_21721_ not found.
[WARNING STA-1650] ./results/nangate45_3D/swerv_wrapper/HBT/6_final.spef line 233036, net swerv/lsu/bus_intf/bus_buffer/_22084_ not found.
[WARNING STA-1650] ./results/nangate45_3D/swerv_wrapper/HBT/6_final.spef line 233037, net swerv/lsu/bus_intf/bus_buffer/_21503_ not found.
[WARNING STA-1650] ./results/nangate45_3D/swerv_wrapper/HBT/6_final.spef line 233038, net swerv/lsu/bus_intf/bus_buffer/_21714_ not found.
[WARNING STA-1650] ./results/nangate45_3D/swerv_wrapper/HBT/6_final.spef line 233039, net swerv/lsu/bus_intf/bus_buffer/_21489_ not found.
[WARNING STA-1650] ./results/nangate45_3D/swerv_wrapper/HBT/6_final.spef line 233040, net swerv/lsu/bus_intf/bus_buffer/_21725_ not found.
[WARNING STA-1650] ./results/nangate45_3D/swerv_wrapper/HBT/6_final.spef line 233041, net swerv/lsu/bus_intf/bus_buffer/_22004_ not found.
[WARNING STA-1650] ./results/nangate45_3D/swerv_wrapper/HBT/6_final.spef line 233042, net swerv/lsu/bus_intf/bus_buffer/_21711_ not found.
[WARNING STA-1650] ./results/nangate45_3D/swerv_wrapper/HBT/6_final.spef line 233043, net swerv/lsu/bus_intf/bus_buffer/_21480_ not found.
[WARNING STA-1650] ./results/nangate45_3D/swerv_wrapper/HBT/6_final.spef line 233044, net swerv/lsu/bus_intf/bus_buffer/_22097_ not found.
[WARNING STA-1650] ./results/nangate45_3D/swerv_wrapper/HBT/6_final.spef line 233045, net swerv/lsu/bus_intf/bus_buffer/_21712_ not found.
[WARNING STA-1650] ./results/nangate45_3D/swerv_wrapper/HBT/6_final.spef line 233046, net swerv/lsu/bus_intf/bus_buffer/_21898_ not found.
[WARNING STA-1650] ./results/nangate45_3D/swerv_wrapper/HBT/6_final.spef line 233047, net swerv/lsu/bus_intf/bus_buffer/_21490_ not found.
[WARNING STA-1650] ./results/nangate45_3D/swerv_wrapper/HBT/6_final.spef line 233048, net swerv/lsu/bus_intf/bus_buffer/_21507_ not found.
[WARNING STA-1650] ./results/nangate45_3D/swerv_wrapper/HBT/6_final.spef line 233049, net swerv/lsu/bus_intf/bus_buffer/_21492_ not found.
[WARNING STA-1650] ./results/nangate45_3D/swerv_wrapper/HBT/6_final.spef line 233050, net swerv/lsu/bus_intf/bus_buffer/_21991_ not found.
[WARNING STA-1650] ./results/nangate45_3D/swerv_wrapper/HBT/6_final.spef line 233051, net swerv/lsu/bus_intf/bus_buffer/_21499_ not found.
[WARNING STA-1650] ./results/nangate45_3D/swerv_wrapper/HBT/6_final.spef line 233052, net swerv/lsu/bus_intf/bus_buffer/_21397_ not found.
[WARNING STA-1650] ./results/nangate45_3D/swerv_wrapper/HBT/6_final.spef line 233053, net swerv/lsu/bus_intf/bus_buffer/_22264_ not found.
[WARNING STA-1650] ./results/nangate45_3D/swerv_wrapper/HBT/6_final.spef line 233054, net swerv/lsu/bus_intf/bus_buffer/_21907_ not found.
[WARNING STA-1650] ./results/nangate45_3D/swerv_wrapper/HBT/6_final.spef line 233055, net swerv/lsu/bus_intf/bus_buffer/_22093_ not found.
[WARNING STA-1650] ./results/nangate45_3D/swerv_wrapper/HBT/6_final.spef line 233056, net swerv/lsu/bus_intf/bus_buffer/_22279_ not found.
[WARNING STA-1650] ./results/nangate45_3D/swerv_wrapper/HBT/6_final.spef line 233057, net swerv/lsu/bus_intf/bus_buffer/_22282_ not found.
[WARNING STA-1650] ./results/nangate45_3D/swerv_wrapper/HBT/6_final.spef line 233058, net swerv/lsu/bus_intf/bus_buffer/_21622_ not found.
[WARNING STA-1650] ./results/nangate45_3D/swerv_wrapper/HBT/6_final.spef line 233059, net swerv/lsu/bus_intf/bus_buffer/_22086_ not found.
[WARNING STA-1650] ./results/nangate45_3D/swerv_wrapper/HBT/6_final.spef line 233060, net swerv/lsu/bus_intf/bus_buffer/_21415_ not found.
[WARNING STA-1650] ./results/nangate45_3D/swerv_wrapper/HBT/6_final.spef line 233061, net swerv/lsu/bus_intf/bus_buffer/_22190_ not found.
[WARNING STA-1650] ./results/nangate45_3D/swerv_wrapper/HBT/6_final.spef line 233062, net swerv/lsu/bus_intf/bus_buffer/_21807_ not found.
[WARNING STA-1650] ./results/nangate45_3D/swerv_wrapper/HBT/6_final.spef line 233063, net swerv/lsu/bus_intf/bus_buffer/_22272_ not found.
[WARNING STA-1650] ./results/nangate45_3D/swerv_wrapper/HBT/6_final.spef line 233064, net swerv/lsu/bus_intf/bus_buffer/_22179_ not found.
[WARNING STA-1650] ./results/nangate45_3D/swerv_wrapper/HBT/6_final.spef line 233065, net swerv/lsu/bus_intf/bus_buffer/_21818_ not found.
[WARNING STA-1650] ./results/nangate45_3D/swerv_wrapper/HBT/6_final.spef line 233066, net swerv/lsu/bus_intf/bus_buffer/_21993_ not found.
[WARNING STA-1650] ./results/nangate45_3D/swerv_wrapper/HBT/6_final.spef line 233067, net swerv/lsu/bus_intf/bus_buffer/_21610_ not found.
[WARNING STA-1650] ./results/nangate45_3D/swerv_wrapper/HBT/6_final.spef line 233068, net swerv/lsu/bus_intf/bus_buffer/_21888_ not found.
[WARNING STA-1650] ./results/nangate45_3D/swerv_wrapper/HBT/6_final.spef line 233069, net swerv/lsu/bus_intf/bus_buffer/_21900_ not found.
[WARNING STA-1650] ./results/nangate45_3D/swerv_wrapper/HBT/6_final.spef line 233070, net swerv/lsu/bus_intf/bus_buffer/_21795_ not found.
[WARNING STA-1650] ./results/nangate45_3D/swerv_wrapper/HBT/6_final.spef line 233071, net swerv/lsu/bus_intf/bus_buffer/_21702_ not found.
[WARNING STA-1650] ./results/nangate45_3D/swerv_wrapper/HBT/6_final.spef line 233072, net swerv/lsu/bus_intf/bus_buffer/_22269_ not found.
[WARNING STA-1650] ./results/nangate45_3D/swerv_wrapper/HBT/6_final.spef line 233073, net swerv/lsu/bus_intf/bus_buffer/_21911_ not found.
[WARNING STA-1650] ./results/nangate45_3D/swerv_wrapper/HBT/6_final.spef line 233074, net swerv/lsu/bus_intf/bus_buffer/_21614_ not found.
[WARNING STA-1650] ./results/nangate45_3D/swerv_wrapper/HBT/6_final.spef line 233075, net swerv/lsu/bus_intf/bus_buffer/_21706_ not found.
[WARNING STA-1650] ./results/nangate45_3D/swerv_wrapper/HBT/6_final.spef line 233076, net swerv/lsu/bus_intf/bus_buffer/_21805_ not found.
[WARNING STA-1650] ./results/nangate45_3D/swerv_wrapper/HBT/6_final.spef line 233077, net swerv/lsu/bus_intf/bus_buffer/_22078_ not found.
[WARNING STA-1650] ./results/nangate45_3D/swerv_wrapper/HBT/6_final.spef line 233078, net swerv/lsu/bus_intf/bus_buffer/_21985_ not found.
[WARNING STA-1650] ./results/nangate45_3D/swerv_wrapper/HBT/6_final.spef line 233079, net swerv/lsu/bus_intf/bus_buffer/_21992_ not found.
[WARNING STA-1650] ./results/nangate45_3D/swerv_wrapper/HBT/6_final.spef line 233080, net swerv/lsu/bus_intf/bus_buffer/_21915_ not found.
[WARNING STA-1650] ./results/nangate45_3D/swerv_wrapper/HBT/6_final.spef line 233081, net swerv/lsu/bus_intf/bus_buffer/_22008_ not found.
[WARNING STA-1650] ./results/nangate45_3D/swerv_wrapper/HBT/6_final.spef line 233082, net swerv/lsu/bus_intf/bus_buffer/_21637_ not found.
[WARNING STA-1650] ./results/nangate45_3D/swerv_wrapper/HBT/6_final.spef line 233083, net swerv/lsu/bus_intf/bus_buffer/_22186_ not found.
[WARNING STA-1650] ./results/nangate45_3D/swerv_wrapper/HBT/6_final.spef line 233084, net swerv/lsu/bus_intf/bus_buffer/_21632_ not found.
[WARNING STA-1650] ./results/nangate45_3D/swerv_wrapper/HBT/6_final.spef line 233085, net swerv/lsu/bus_intf/bus_buffer/_21633_ not found.
[WARNING STA-1650] ./results/nangate45_3D/swerv_wrapper/HBT/6_final.spef line 233086, net swerv/lsu/bus_intf/bus_buffer/_22176_ not found.
[WARNING STA-1650] ./results/nangate45_3D/swerv_wrapper/HBT/6_final.spef line 233087, net swerv/lsu/bus_intf/bus_buffer/_21619_ not found.
[WARNING STA-1650] ./results/nangate45_3D/swerv_wrapper/HBT/6_final.spef line 233088, net swerv/lsu/bus_intf/bus_buffer/_21804_ not found.
[WARNING STA-1650] ./results/nangate45_3D/swerv_wrapper/HBT/6_final.spef line 233089, net swerv/lsu/bus_intf/bus_buffer/_21990_ not found.
[WARNING STA-1650] ./results/nangate45_3D/swerv_wrapper/HBT/6_final.spef line 233090, net swerv/lsu/bus_intf/bus_buffer/_22083_ not found.
[WARNING STA-1650] ./results/nangate45_3D/swerv_wrapper/HBT/6_final.spef line 233091, net swerv/lsu/bus_intf/bus_buffer/_21897_ not found.
[WARNING STA-1650] ./results/nangate45_3D/swerv_wrapper/HBT/6_final.spef line 233092, net swerv/lsu/bus_intf/bus_buffer/_22074_ not found.
[WARNING STA-1650] ./results/nangate45_3D/swerv_wrapper/HBT/6_final.spef line 233093, net swerv/lsu/bus_intf/bus_buffer/_21502_ not found.
[WARNING STA-1650] ./results/nangate45_3D/swerv_wrapper/HBT/6_final.spef line 233094, net swerv/lsu/bus_intf/bus_buffer/_21981_ not found.
[WARNING STA-1650] ./results/nangate45_3D/swerv_wrapper/HBT/6_final.spef line 233095, net swerv/lsu/bus_intf/bus_buffer/_22260_ not found.
[WARNING STA-1650] ./results/nangate45_3D/swerv_wrapper/HBT/6_final.spef line 233096, net swerv/lsu/bus_intf/bus_buffer/_22167_ not found.
[WARNING STA-1650] ./results/nangate45_3D/swerv_wrapper/HBT/6_final.spef line 233097, net swerv/lsu/_8375_ not found.
[WARNING STA-1650] ./results/nangate45_3D/swerv_wrapper/HBT/6_final.spef line 233098, net swerv/lsu/_8447_ not found.
[WARNING STA-1650] ./results/nangate45_3D/swerv_wrapper/HBT/6_final.spef line 233099, net swerv/lsu/_8407_ not found.
[WARNING STA-1650] ./results/nangate45_3D/swerv_wrapper/HBT/6_final.spef line 233100, net swerv/lsu/_8439_ not found.
[WARNING STA-1650] ./results/nangate45_3D/swerv_wrapper/HBT/6_final.spef line 233101, net swerv/lsu/_8382_ not found.
[WARNING STA-1650] ./results/nangate45_3D/swerv_wrapper/HBT/6_final.spef line 233102, net swerv/lsu/_8449_ not found.
[WARNING STA-1650] ./results/nangate45_3D/swerv_wrapper/HBT/6_final.spef line 233103, net swerv/lsu/_8417_ not found.
[WARNING STA-1650] ./results/nangate45_3D/swerv_wrapper/HBT/6_final.spef line 233104, net swerv/lsu/_8401_ not found.
[WARNING STA-1650] ./results/nangate45_3D/swerv_wrapper/HBT/6_final.spef line 233105, net swerv/lsu/bus_intf/bus_buffer/_22263_ not found.
[WARNING STA-1650] ./results/nangate45_3D/swerv_wrapper/HBT/6_final.spef line 233106, net swerv/lsu/_8369_ not found.
[WARNING STA-1650] ./results/nangate45_3D/swerv_wrapper/HBT/6_final.spef line 233107, net swerv/lsu/_8388_ not found.
[WARNING STA-1650] ./results/nangate45_3D/swerv_wrapper/HBT/6_final.spef line 233108, net swerv/lsu/_8390_ not found.
[WARNING STA-1650] ./results/nangate45_3D/swerv_wrapper/HBT/6_final.spef line 233109, net swerv/lsu/_8386_ not found.
[WARNING STA-1650] ./results/nangate45_3D/swerv_wrapper/HBT/6_final.spef line 233110, net swerv/lsu/_8394_ not found.
[WARNING STA-1650] ./results/nangate45_3D/swerv_wrapper/HBT/6_final.spef line 233111, net swerv/lsu/_8380_ not found.
[WARNING STA-1650] ./results/nangate45_3D/swerv_wrapper/HBT/6_final.spef line 233112, net swerv/lsu/_8427_ not found.
[WARNING STA-1650] ./results/nangate45_3D/swerv_wrapper/HBT/6_final.spef line 233113, net swerv/lsu/_8459_ not found.
[WARNING STA-1650] ./results/nangate45_3D/swerv_wrapper/HBT/6_final.spef line 233114, net swerv/lsu/_8395_ not found.
[WARNING STA-1650] ./results/nangate45_3D/swerv_wrapper/HBT/6_final.spef line 233115, net swerv/lsu/_8441_ not found.
[WARNING STA-1650] ./results/nangate45_3D/swerv_wrapper/HBT/6_final.spef line 233116, net swerv/lsu/_8377_ not found.
[WARNING STA-1650] ./results/nangate45_3D/swerv_wrapper/HBT/6_final.spef line 233117, net swerv/lsu/_8409_ not found.
[WARNING STA-1650] ./results/nangate45_3D/swerv_wrapper/HBT/6_final.spef line 233118, net swerv/lsu/_8378_ not found.
[WARNING STA-1650] ./results/nangate45_3D/swerv_wrapper/HBT/6_final.spef line 233119, net swerv/lsu/_8461_ not found.
[WARNING STA-1650] ./results/nangate45_3D/swerv_wrapper/HBT/6_final.spef line 233120, net swerv/lsu/_8379_ not found.
[WARNING STA-1650] ./results/nangate45_3D/swerv_wrapper/HBT/6_final.spef line 233121, net swerv/lsu/_8410_ not found.
[WARNING STA-1650] ./results/nangate45_3D/swerv_wrapper/HBT/6_final.spef line 233122, net swerv/lsu/stbuf/_19500_ not found.
[WARNING STA-1650] ./results/nangate45_3D/swerv_wrapper/HBT/6_final.spef line 233123, net swerv/lsu/stbuf/_19501_ not found.
[WARNING STA-1650] ./results/nangate45_3D/swerv_wrapper/HBT/6_final.spef line 233124, net swerv/lsu/stbuf/_19490_ not found.
[WARNING STA-1650] ./results/nangate45_3D/swerv_wrapper/HBT/6_final.spef line 233125, net swerv/lsu/stbuf/_19488_ not found.
[WARNING STA-1650] ./results/nangate45_3D/swerv_wrapper/HBT/6_final.spef line 233126, net swerv/lsu/_8482_ not found.
[WARNING STA-1650] ./results/nangate45_3D/swerv_wrapper/HBT/6_final.spef line 233127, net swerv/lsu/_8454_ not found.
[WARNING STA-1650] ./results/nangate45_3D/swerv_wrapper/HBT/6_final.spef line 233128, net swerv/lsu/_8568_ not found.
[WARNING STA-1650] ./results/nangate45_3D/swerv_wrapper/HBT/6_final.spef line 233129, net swerv/lsu/stbuf/_19612_ not found.
[WARNING STA-1650] ./results/nangate45_3D/swerv_wrapper/HBT/6_final.spef line 233130, net swerv/lsu/_8438_ not found.
[WARNING STA-1650] ./results/nangate45_3D/swerv_wrapper/HBT/6_final.spef line 233131, net swerv/lsu/_8424_ not found.
[WARNING STA-1650] ./results/nangate45_3D/swerv_wrapper/HBT/6_final.spef line 233132, net swerv/lsu/_8406_ not found.
[WARNING STA-1650] ./results/nangate45_3D/swerv_wrapper/HBT/6_final.spef line 233133, net swerv/lsu/_8422_ not found.
[WARNING STA-1650] ./results/nangate45_3D/swerv_wrapper/HBT/6_final.spef line 233134, net swerv/lsu/_8588_ not found.
[WARNING STA-1650] ./results/nangate45_3D/swerv_wrapper/HBT/6_final.spef line 233135, net swerv/lsu/stbuf/_19546_ not found.
[WARNING STA-1650] ./results/nangate45_3D/swerv_wrapper/HBT/6_final.spef line 233136, net swerv/lsu/_8596_ not found.
[WARNING STA-1650] ./results/nangate45_3D/swerv_wrapper/HBT/6_final.spef line 233137, net swerv/lsu/_8436_ not found.
[WARNING STA-1650] ./results/nangate45_3D/swerv_wrapper/HBT/6_final.spef line 233138, net swerv/lsu/stbuf/_19603_ not found.
[WARNING STA-1650] ./results/nangate45_3D/swerv_wrapper/HBT/6_final.spef line 233139, net swerv/lsu/_8622_ not found.
[WARNING STA-1650] ./results/nangate45_3D/swerv_wrapper/HBT/6_final.spef line 233140, net swerv/lsu/_8370_ not found.
[WARNING STA-1650] ./results/nangate45_3D/swerv_wrapper/HBT/6_final.spef line 233141, net swerv/lsu/_8562_ not found.
[WARNING STA-1650] ./results/nangate45_3D/swerv_wrapper/HBT/6_final.spef line 233142, net swerv/lsu/_8400_ not found.
[WARNING STA-1650] ./results/nangate45_3D/swerv_wrapper/HBT/6_final.spef line 233143, net swerv/lsu/_8368_ not found.
[WARNING STA-1650] ./results/nangate45_3D/swerv_wrapper/HBT/6_final.spef line 233144, net swerv/lsu/_8920_ not found.
[WARNING STA-1650] ./results/nangate45_3D/swerv_wrapper/HBT/6_final.spef line 233145, net swerv/lsu/_8938_ not found.
[WARNING STA-1650] ./results/nangate45_3D/swerv_wrapper/HBT/6_final.spef line 233146, net swerv/lsu/_8927_ not found.
[WARNING STA-1650] ./results/nangate45_3D/swerv_wrapper/HBT/6_final.spef line 233147, net swerv/lsu/_8945_ not found.
[WARNING STA-1650] ./results/nangate45_3D/swerv_wrapper/HBT/6_final.spef line 233148, net swerv/lsu/_8672_ not found.
[WARNING STA-1650] ./results/nangate45_3D/swerv_wrapper/HBT/6_final.spef line 233149, net swerv/lsu/_8728_ not found.
[WARNING STA-1650] ./results/nangate45_3D/swerv_wrapper/HBT/6_final.spef line 233150, net swerv/lsu/_8722_ not found.
[WARNING STA-1650] ./results/nangate45_3D/swerv_wrapper/HBT/6_final.spef line 233151, net swerv/dec/tlu/_11691_ not found.
[WARNING STA-1650] ./results/nangate45_3D/swerv_wrapper/HBT/6_final.spef line 233152, net swerv/lsu/_8466_ not found.
[WARNING STA-1650] ./results/nangate45_3D/swerv_wrapper/HBT/6_final.spef line 233153, net swerv/lsu/stbuf/_19831_ not found.
[WARNING STA-1650] ./results/nangate45_3D/swerv_wrapper/HBT/6_final.spef line 233154, net swerv/lsu/stbuf/_19658_ not found.
[WARNING STA-1650] ./results/nangate45_3D/swerv_wrapper/HBT/6_final.spef line 233155, net swerv/lsu/stbuf/_19601_ not found.
[WARNING STA-1650] ./results/nangate45_3D/swerv_wrapper/HBT/6_final.spef line 233156, net swerv/lsu/stbuf/_19774_ not found.
[WARNING STA-1650] ./results/nangate45_3D/swerv_wrapper/HBT/6_final.spef line 233157, net swerv/lsu/stbuf/_19717_ not found.
[WARNING STA-1650] ./results/nangate45_3D/swerv_wrapper/HBT/6_final.spef line 233158, net swerv/lsu/stbuf/_19715_ not found.
[WARNING STA-1650] ./results/nangate45_3D/swerv_wrapper/HBT/6_final.spef line 233159, net swerv/lsu/stbuf/_19487_ not found.
[WARNING STA-1650] ./results/nangate45_3D/swerv_wrapper/HBT/6_final.spef line 233160, net swerv/lsu/stbuf/_19544_ not found.
[WARNING STA-1650] ./results/nangate45_3D/swerv_wrapper/HBT/6_final.spef line 233161, net swerv/lsu/stbuf/_19886_ not found.
[WARNING STA-1650] ./results/nangate45_3D/swerv_wrapper/HBT/6_final.spef line 233162, net swerv/lsu/stbuf/_20009_ not found.
[WARNING STA-1650] ./results/nangate45_3D/swerv_wrapper/HBT/6_final.spef line 233163, net swerv/lsu/_8598_ not found.
[WARNING STA-1650] ./results/nangate45_3D/swerv_wrapper/HBT/6_final.spef line 233164, net swerv/lsu/stbuf/_19561_ not found.
[WARNING STA-1650] ./results/nangate45_3D/swerv_wrapper/HBT/6_final.spef line 233165, net swerv/lsu/stbuf/_19970_ not found.
[WARNING STA-1650] ./results/nangate45_3D/swerv_wrapper/HBT/6_final.spef line 233166, net swerv/lsu/stbuf/_20002_ not found.
[WARNING STA-1650] ./results/nangate45_3D/swerv_wrapper/HBT/6_final.spef line 233167, net swerv/lsu/stbuf/_19994_ not found.
[WARNING STA-1650] ./results/nangate45_3D/swerv_wrapper/HBT/6_final.spef line 233168, net swerv/lsu/stbuf/_19504_ not found.
[WARNING STA-1650] ./results/nangate45_3D/swerv_wrapper/HBT/6_final.spef line 233169, net swerv/lsu/stbuf/_19485_ not found.
[WARNING STA-1650] ./results/nangate45_3D/swerv_wrapper/HBT/6_final.spef line 233170, net swerv/lsu/stbuf/_19896_ not found.
[WARNING STA-1650] ./results/nangate45_3D/swerv_wrapper/HBT/6_final.spef line 233171, net swerv/lsu/stbuf/_19839_ not found.
[WARNING STA-1650] ./results/nangate45_3D/swerv_wrapper/HBT/6_final.spef line 233172, net swerv/lsu/stbuf/_19782_ not found.
[WARNING STA-1650] ./results/nangate45_3D/swerv_wrapper/HBT/6_final.spef line 233173, net swerv/lsu/stbuf/_19722_ not found.
[WARNING STA-1650] ./results/nangate45_3D/swerv_wrapper/HBT/6_final.spef line 233174, net swerv/lsu/stbuf/_19779_ not found.
[WARNING STA-1650] ./results/nangate45_3D/swerv_wrapper/HBT/6_final.spef line 233175, net swerv/lsu/stbuf/_19526_ not found.
[WARNING STA-1650] ./results/nangate45_3D/swerv_wrapper/HBT/6_final.spef line 233176, net swerv/lsu/stbuf/_19537_ not found.
[WARNING STA-1650] ./results/nangate45_3D/swerv_wrapper/HBT/6_final.spef line 233177, net swerv/lsu/stbuf/_19594_ not found.
[WARNING STA-1650] ./results/nangate45_3D/swerv_wrapper/HBT/6_final.spef line 233178, net swerv/lsu/stbuf/_19708_ not found.
[WARNING STA-1650] ./results/nangate45_3D/swerv_wrapper/HBT/6_final.spef line 233179, net swerv/lsu/stbuf/_19586_ not found.
[WARNING STA-1650] ./results/nangate45_3D/swerv_wrapper/HBT/6_final.spef line 233180, net swerv/lsu/stbuf/_19590_ not found.
[WARNING STA-1650] ./results/nangate45_3D/swerv_wrapper/HBT/6_final.spef line 233181, net swerv/lsu/stbuf/_19533_ not found.
[WARNING STA-1650] ./results/nangate45_3D/swerv_wrapper/HBT/6_final.spef line 233182, net swerv/lsu/stbuf/_19704_ not found.
[WARNING STA-1650] ./results/nangate45_3D/swerv_wrapper/HBT/6_final.spef line 233183, net swerv/lsu/stbuf/_19647_ not found.
[WARNING STA-1650] ./results/nangate45_3D/swerv_wrapper/HBT/6_final.spef line 233184, net swerv/lsu/stbuf/_19822_ not found.
[WARNING STA-1650] ./results/nangate45_3D/swerv_wrapper/HBT/6_final.spef line 233185, net swerv/lsu/stbuf/_19651_ not found.
[WARNING STA-1650] ./results/nangate45_3D/swerv_wrapper/HBT/6_final.spef line 233186, net swerv/lsu/stbuf/_19529_ not found.
[WARNING STA-1650] ./results/nangate45_3D/swerv_wrapper/HBT/6_final.spef line 233187, net swerv/lsu/stbuf/_19583_ not found.
[WARNING STA-1650] ./results/nangate45_3D/swerv_wrapper/HBT/6_final.spef line 233188, net swerv/lsu/stbuf/_19925_ not found.
[WARNING STA-1650] ./results/nangate45_3D/swerv_wrapper/HBT/6_final.spef line 233189, net swerv/lsu/stbuf/_19754_ not found.
[WARNING STA-1650] ./results/nangate45_3D/swerv_wrapper/HBT/6_final.spef line 233190, net swerv/lsu/stbuf/_19640_ not found.
[WARNING STA-1650] ./results/nangate45_3D/swerv_wrapper/HBT/6_final.spef line 233191, net swerv/lsu/stbuf/_19697_ not found.
[WARNING STA-1650] ./results/nangate45_3D/swerv_wrapper/HBT/6_final.spef line 233192, net swerv/lsu/stbuf/_19811_ not found.
[WARNING STA-1650] ./results/nangate45_3D/swerv_wrapper/HBT/6_final.spef line 233193, net swerv/lsu/stbuf/_19868_ not found.
[WARNING STA-1650] ./results/nangate45_3D/swerv_wrapper/HBT/6_final.spef line 233194, net swerv/lsu/stbuf/_19757_ not found.
[WARNING STA-1650] ./results/nangate45_3D/swerv_wrapper/HBT/6_final.spef line 233195, net swerv/lsu/stbuf/_19700_ not found.
[WARNING STA-1650] ./results/nangate45_3D/swerv_wrapper/HBT/6_final.spef line 233196, net swerv/lsu/stbuf/_19871_ not found.
[WARNING STA-1650] ./results/nangate45_3D/swerv_wrapper/HBT/6_final.spef line 233197, net swerv/lsu/stbuf/_19928_ not found.
[WARNING STA-1650] ./results/nangate45_3D/swerv_wrapper/HBT/6_final.spef line 233198, net swerv/lsu/stbuf/_19765_ not found.
[WARNING STA-1650] ./results/nangate45_3D/swerv_wrapper/HBT/6_final.spef line 233199, net swerv/lsu/stbuf/_19814_ not found.
[WARNING STA-1650] ./results/nangate45_3D/swerv_wrapper/HBT/6_final.spef line 233200, net swerv/lsu/stbuf/_19879_ not found.
[WARNING STA-1650] ./results/nangate45_3D/swerv_wrapper/HBT/6_final.spef line 233201, net swerv/lsu/stbuf/_19936_ not found.
[WARNING STA-1650] ./results/nangate45_3D/swerv_wrapper/HBT/6_final.spef line 233202, net swerv/lsu/stbuf/_19761_ not found.
[WARNING STA-1650] ./results/nangate45_3D/swerv_wrapper/HBT/6_final.spef line 233203, net swerv/lsu/stbuf/_19818_ not found.
[WARNING STA-1650] ./results/nangate45_3D/swerv_wrapper/HBT/6_final.spef line 233204, net swerv/lsu/stbuf/_19875_ not found.
[WARNING STA-1650] ./results/nangate45_3D/swerv_wrapper/HBT/6_final.spef line 233205, net swerv/lsu/stbuf/_19932_ not found.
[WARNING STA-1650] ./results/nangate45_3D/swerv_wrapper/HBT/6_final.spef line 233206, net swerv/lsu/_9077_ not found.
[WARNING STA-1650] ./results/nangate45_3D/swerv_wrapper/HBT/6_final.spef line 233207, net swerv/lsu/_9092_ not found.
[WARNING STA-1650] ./results/nangate45_3D/swerv_wrapper/HBT/6_final.spef line 233208, net swerv/lsu/_9057_ not found.
[WARNING STA-1650] ./results/nangate45_3D/swerv_wrapper/HBT/6_final.spef line 233209, net swerv/lsu/stbuf/_19966_ not found.
[WARNING STA-1650] ./results/nangate45_3D/swerv_wrapper/HBT/6_final.spef line 233210, net swerv/lsu/stbuf/_20021_ not found.
[WARNING STA-1650] ./results/nangate45_3D/swerv_wrapper/HBT/6_final.spef line 233211, net swerv/lsu/stbuf/_20017_ not found.
[WARNING STA-1650] ./results/nangate45_3D/swerv_wrapper/HBT/6_final.spef line 233212, net swerv/lsu/stbuf/_19961_ not found.
[WARNING STA-1650] ./results/nangate45_3D/swerv_wrapper/HBT/6_final.spef line 233213, net swerv/lsu/stbuf/_19954_ not found.
[WARNING STA-1650] ./results/nangate45_3D/swerv_wrapper/HBT/6_final.spef line 233214, net swerv/lsu/_9088_ not found.
[WARNING STA-1650] ./results/nangate45_3D/swerv_wrapper/HBT/6_final.spef line 233215, net swerv/lsu/_9085_ not found.
[WARNING STA-1650] ./results/nangate45_3D/swerv_wrapper/HBT/6_final.spef line 233216, net swerv/lsu/_9093_ not found.
[WARNING STA-1650] ./results/nangate45_3D/swerv_wrapper/HBT/6_final.spef line 233217, net swerv/lsu/_9073_ not found.
[WARNING STA-1650] ./results/nangate45_3D/swerv_wrapper/HBT/6_final.spef line 233218, net swerv/lsu/_9139_ not found.
[WARNING STA-1650] ./results/nangate45_3D/swerv_wrapper/HBT/6_final.spef line 233219, net swerv/lsu/_9082_ not found.
[WARNING STA-1650] ./results/nangate45_3D/swerv_wrapper/HBT/6_final.spef line 233220, net swerv/lsu/_9069_ not found.
[WARNING STA-1650] ./results/nangate45_3D/swerv_wrapper/HBT/6_final.spef line 233221, net swerv/lsu/_9084_ not found.
[WARNING STA-1650] ./results/nangate45_3D/swerv_wrapper/HBT/6_final.spef line 233222, net swerv/lsu/stbuf/_20005_ not found.
[WARNING STA-1650] ./results/nangate45_3D/swerv_wrapper/HBT/6_final.spef line 233223, net swerv/lsu/stbuf/_19958_ not found.
[WARNING STA-1650] ./results/nangate45_3D/swerv_wrapper/HBT/6_final.spef line 233224, net swerv/lsu/_9090_ not found.
[WARNING STA-1650] ./results/nangate45_3D/swerv_wrapper/HBT/6_final.spef line 233225, net swerv/lsu/_9081_ not found.
[WARNING STA-1650] ./results/nangate45_3D/swerv_wrapper/HBT/6_final.spef line 233226, net swerv/lsu/_9066_ not found.
[WARNING STA-1650] ./results/nangate45_3D/swerv_wrapper/HBT/6_final.spef line 233227, net swerv/lsu/_9068_ not found.
[WARNING STA-1650] ./results/nangate45_3D/swerv_wrapper/HBT/6_final.spef line 233228, net swerv/lsu/stbuf/_19798_ not found.
[WARNING STA-1650] ./results/nangate45_3D/swerv_wrapper/HBT/6_final.spef line 233229, net swerv/lsu/stbuf/_19863_ not found.
[WARNING STA-1650] ./results/nangate45_3D/swerv_wrapper/HBT/6_final.spef line 233230, net swerv/lsu/stbuf/_19920_ not found.
[WARNING STA-1650] ./results/nangate45_3D/swerv_wrapper/HBT/6_final.spef line 233231, net swerv/lsu/stbuf/_19748_ not found.
[WARNING STA-1650] ./results/nangate45_3D/swerv_wrapper/HBT/6_final.spef line 233232, net swerv/lsu/stbuf/_19790_ not found.
[WARNING STA-1650] ./results/nangate45_3D/swerv_wrapper/HBT/6_final.spef line 233233, net swerv/lsu/stbuf/_19676_ not found.
[WARNING STA-1650] ./results/nangate45_3D/swerv_wrapper/HBT/6_final.spef line 233234, net swerv/lsu/stbuf/_19805_ not found.
[WARNING STA-1650] ./results/nangate45_3D/swerv_wrapper/HBT/6_final.spef line 233235, net swerv/lsu/stbuf/_19733_ not found.
[WARNING STA-1650] ./results/nangate45_3D/swerv_wrapper/HBT/6_final.spef line 233236, net swerv/lsu/stbuf/_19691_ not found.
[WARNING STA-1650] ./results/nangate45_3D/swerv_wrapper/HBT/6_final.spef line 233237, net swerv/lsu/stbuf/_19686_ not found.
[WARNING STA-1650] ./results/nangate45_3D/swerv_wrapper/HBT/6_final.spef line 233238, net swerv/lsu/stbuf/_19878_ not found.
[WARNING STA-1650] ./results/nangate45_3D/swerv_wrapper/HBT/6_final.spef line 233239, net swerv/lsu/stbuf/_19866_ not found.
[WARNING STA-1650] ./results/nangate45_3D/swerv_wrapper/HBT/6_final.spef line 233240, net swerv/lsu/stbuf/_19923_ not found.
[WARNING STA-1650] ./results/nangate45_3D/swerv_wrapper/HBT/6_final.spef line 233241, net swerv/lsu/stbuf/_19756_ not found.
[WARNING STA-1650] ./results/nangate45_3D/swerv_wrapper/HBT/6_final.spef line 233242, net swerv/lsu/stbuf/_19813_ not found.
[WARNING STA-1650] ./results/nangate45_3D/swerv_wrapper/HBT/6_final.spef line 233243, net swerv/lsu/stbuf/_19927_ not found.
[WARNING STA-1650] ./results/nangate45_3D/swerv_wrapper/HBT/6_final.spef line 233244, net mem/Gen_dccm_enable_dccm/mem_bank_3__dccm_bank/mem not found.
[WARNING STA-1650] ./results/nangate45_3D/swerv_wrapper/HBT/6_final.spef line 233245, net swerv/lsu/stbuf/_19730_ not found.
[WARNING STA-1650] ./results/nangate45_3D/swerv_wrapper/HBT/6_final.spef line 233246, net swerv/lsu/stbuf/_19862_ not found.
[WARNING STA-1650] ./results/nangate45_3D/swerv_wrapper/HBT/6_final.spef line 233247, net swerv/lsu/stbuf/_19919_ not found.
[WARNING STA-1650] ./results/nangate45_3D/swerv_wrapper/HBT/6_final.spef line 233248, net swerv/lsu/stbuf/_19870_ not found.
[WARNING STA-1650] ./results/nangate45_3D/swerv_wrapper/HBT/6_final.spef line 233249, net swerv/lsu/stbuf/_19935_ not found.
[WARNING STA-1650] ./results/nangate45_3D/swerv_wrapper/HBT/6_final.spef line 233250, net swerv/lsu/stbuf/_19914_ not found.
[WARNING STA-1650] ./results/nangate45_3D/swerv_wrapper/HBT/6_final.spef line 233251, net swerv/lsu/stbuf/_19857_ not found.
[WARNING STA-1650] ./results/nangate45_3D/swerv_wrapper/HBT/6_final.spef line 233252, net swerv/lsu/stbuf/_19800_ not found.
[WARNING STA-1650] ./results/nangate45_3D/swerv_wrapper/HBT/6_final.spef line 233253, net swerv/lsu/stbuf/_19752_ not found.
[WARNING STA-1650] ./results/nangate45_3D/swerv_wrapper/HBT/6_final.spef line 233254, net swerv/lsu/stbuf/_19593_ not found.
[WARNING STA-1650] ./results/nangate45_3D/swerv_wrapper/HBT/6_final.spef line 233255, net swerv/lsu/stbuf/_19574_ not found.
[WARNING STA-1650] ./results/nangate45_3D/swerv_wrapper/HBT/6_final.spef line 233256, net swerv/lsu/stbuf/_19581_ not found.
[WARNING STA-1650] ./results/nangate45_3D/swerv_wrapper/HBT/6_final.spef line 233257, net swerv/lsu/stbuf/_19524_ not found.
[WARNING STA-1650] ./results/nangate45_3D/swerv_wrapper/HBT/6_final.spef line 233258, net swerv/lsu/stbuf/_19638_ not found.
[WARNING STA-1650] ./results/nangate45_3D/swerv_wrapper/HBT/6_final.spef line 233259, net swerv/lsu/stbuf/_20022_ not found.
[WARNING STA-1650] ./results/nangate45_3D/swerv_wrapper/HBT/6_final.spef line 233260, net swerv/lsu/stbuf/_19695_ not found.
[WARNING STA-1650] ./results/nangate45_3D/swerv_wrapper/HBT/6_final.spef line 233261, net swerv/lsu/stbuf/_19650_ not found.
[WARNING STA-1650] ./results/nangate45_3D/swerv_wrapper/HBT/6_final.spef line 233262, net swerv/lsu/stbuf/_19821_ not found.
[WARNING STA-1650] ./results/nangate45_3D/swerv_wrapper/HBT/6_final.spef line 233263, net swerv/lsu/stbuf/_19809_ not found.
[WARNING STA-1650] ./results/nangate45_3D/swerv_wrapper/HBT/6_final.spef line 233264, net swerv/_10195_ not found.
[WARNING STA-1650] ./results/nangate45_3D/swerv_wrapper/HBT/6_final.spef line 233265, net swerv/_10167_ not found.
[WARNING STA-1650] ./results/nangate45_3D/swerv_wrapper/HBT/6_final.spef line 233266, net swerv/_10185_ not found.
[WARNING STA-1650] ./results/nangate45_3D/swerv_wrapper/HBT/6_final.spef line 233267, net swerv/_10161_ not found.
[WARNING STA-1650] ./results/nangate45_3D/swerv_wrapper/HBT/6_final.spef line 233268, net swerv/_10162_ not found.
[WARNING STA-1650] ./results/nangate45_3D/swerv_wrapper/HBT/6_final.spef line 233269, net swerv/_10191_ not found.
[WARNING STA-1650] ./results/nangate45_3D/swerv_wrapper/HBT/6_final.spef line 233270, net swerv/_10178_ not found.
[WARNING STA-1650] ./results/nangate45_3D/swerv_wrapper/HBT/6_final.spef line 233271, net swerv/lsu/stbuf/_19707_ not found.
[WARNING STA-1650] ./results/nangate45_3D/swerv_wrapper/HBT/6_final.spef line 233272, net swerv/lsu/stbuf/_20024_ not found.
[WARNING STA-1650] ./results/nangate45_3D/swerv_wrapper/HBT/6_final.spef line 233273, net swerv/lsu/stbuf/_20007_ not found.
[WARNING STA-1650] ./results/nangate45_3D/swerv_wrapper/HBT/6_final.spef line 233274, net swerv/lsu/stbuf/_19764_ not found.
[WARNING STA-1650] ./results/nangate45_3D/swerv_wrapper/HBT/6_final.spef line 233275, net swerv/lsu/stbuf/_19536_ not found.
[WARNING STA-1650] ./results/nangate45_3D/swerv_wrapper/HBT/6_final.spef line 233276, net swerv/lsu/stbuf/_19528_ not found.
[WARNING STA-1650] ./results/nangate45_3D/swerv_wrapper/HBT/6_final.spef line 233277, net swerv/lsu/stbuf/_19515_ not found.
[WARNING STA-1650] ./results/nangate45_3D/swerv_wrapper/HBT/6_final.spef line 233278, net swerv/lsu/stbuf/_19572_ not found.
[WARNING STA-1650] ./results/nangate45_3D/swerv_wrapper/HBT/6_final.spef line 233279, net swerv/lsu/stbuf/_19585_ not found.
[WARNING STA-1650] ./results/nangate45_3D/swerv_wrapper/HBT/6_final.spef line 233280, net swerv/lsu/stbuf/_19642_ not found.
[WARNING STA-1650] ./results/nangate45_3D/swerv_wrapper/HBT/6_final.spef line 233281, net swerv/lsu/stbuf/_19699_ not found.
[WARNING STA-1650] ./results/nangate45_3D/swerv_wrapper/HBT/6_final.spef line 233282, net swerv/lsu/stbuf/_19743_ not found.
[WARNING STA-1650] ./results/nangate45_3D/swerv_wrapper/HBT/6_final.spef line 233283, net swerv/lsu/stbuf/_19577_ not found.
[WARNING STA-1650] ./results/nangate45_3D/swerv_wrapper/HBT/6_final.spef line 233284, net swerv/lsu/stbuf/_19629_ not found.
[WARNING STA-1650] ./results/nangate45_3D/swerv_wrapper/HBT/6_final.spef line 233285, net swerv/lsu/stbuf/_19520_ not found.
[WARNING STA-1650] ./results/nangate45_3D/swerv_wrapper/HBT/6_final.spef line 233286, net swerv/lsu/stbuf/_19513_ not found.
[WARNING STA-1650] ./results/nangate45_3D/swerv_wrapper/HBT/6_final.spef line 233287, net swerv/lsu/stbuf/_19570_ not found.
[WARNING STA-1650] ./results/nangate45_3D/swerv_wrapper/HBT/6_final.spef line 233288, net swerv/lsu/stbuf/_19627_ not found.
[WARNING STA-1650] ./results/nangate45_3D/swerv_wrapper/HBT/6_final.spef line 233289, net swerv/lsu/stbuf/_19634_ not found.
[WARNING STA-1650] ./results/nangate45_3D/swerv_wrapper/HBT/6_final.spef line 233290, net swerv/lsu/stbuf/_19749_ not found.
[WARNING STA-1650] ./results/nangate45_3D/swerv_wrapper/HBT/6_final.spef line 233291, net swerv/lsu/stbuf/_19806_ not found.
[WARNING STA-1650] ./results/nangate45_3D/swerv_wrapper/HBT/6_final.spef line 233292, net swerv/lsu/stbuf/_19692_ not found.
[WARNING STA-1650] ./results/nangate45_3D/swerv_wrapper/HBT/6_final.spef line 233293, net swerv/lsu/stbuf/_19741_ not found.
[WARNING STA-1650] ./results/nangate45_3D/swerv_wrapper/HBT/6_final.spef line 233294, net swerv/lsu/stbuf/_19512_ not found.
[WARNING STA-1650] ./results/nangate45_3D/swerv_wrapper/HBT/6_final.spef line 233295, net swerv/lsu/stbuf/_19683_ not found.
[WARNING STA-1650] ./results/nangate45_3D/swerv_wrapper/HBT/6_final.spef line 233296, net swerv/lsu/stbuf/_19521_ not found.
[WARNING STA-1650] ./results/nangate45_3D/swerv_wrapper/HBT/6_final.spef line 233297, net swerv/lsu/stbuf/_19684_ not found.
[WARNING STA-1650] ./results/nangate45_3D/swerv_wrapper/HBT/6_final.spef line 233298, net swerv/lsu/stbuf/_19635_ not found.
[WARNING STA-1650] ./results/nangate45_3D/swerv_wrapper/HBT/6_final.spef line 233299, net swerv/lsu/stbuf/_19578_ not found.
[WARNING STA-1650] ./results/nangate45_3D/swerv_wrapper/HBT/6_final.spef line 233300, net swerv/lsu/stbuf/_19854_ not found.
[WARNING STA-1650] ./results/nangate45_3D/swerv_wrapper/HBT/6_final.spef line 233301, net swerv/lsu/stbuf/_19569_ not found.
[WARNING STA-1650] ./results/nangate45_3D/swerv_wrapper/HBT/6_final.spef line 233302, net swerv/lsu/stbuf/_19626_ not found.
[WARNING STA-1650] ./results/nangate45_3D/swerv_wrapper/HBT/6_final.spef line 233303, net swerv/lsu/stbuf/_19911_ not found.
[WARNING STA-1650] ./results/nangate45_3D/swerv_wrapper/HBT/6_final.spef line 233304, net swerv/lsu/stbuf/_19740_ not found.
[WARNING STA-1650] ./results/nangate45_3D/swerv_wrapper/HBT/6_final.spef line 233305, net swerv/lsu/stbuf/_19797_ not found.
[WARNING STA-1650] ./results/nangate45_3D/swerv_wrapper/HBT/6_final.spef line 233306, net swerv/lsu/stbuf/_19912_ not found.
[WARNING STA-1650] ./results/nangate45_3D/swerv_wrapper/HBT/6_final.spef line 233307, net swerv/lsu/stbuf/_19855_ not found.
[WARNING STA-1650] ./results/nangate45_3D/swerv_wrapper/HBT/6_final.spef line 233308, net swerv/lsu/stbuf/_19505_ not found.
[WARNING STA-1650] ./results/nangate45_3D/swerv_wrapper/HBT/6_final.spef line 233309, net swerv/lsu/stbuf/_19562_ not found.
[WARNING STA-1650] ./results/nangate45_3D/swerv_wrapper/HBT/6_final.spef line 233310, net swerv/lsu/_9056_ not found.
[WARNING STA-1650] ./results/nangate45_3D/swerv_wrapper/HBT/6_final.spef line 233311, net swerv/lsu/stbuf/_19619_ not found.
[WARNING STA-1650] ./results/nangate45_3D/swerv_wrapper/HBT/6_final.spef line 233312, net swerv/lsu/stbuf/_19847_ not found.
[WARNING STA-1650] ./results/nangate45_3D/swerv_wrapper/HBT/6_final.spef line 233313, net swerv/lsu/_9079_ not found.
[WARNING STA-1650] ./results/nangate45_3D/swerv_wrapper/HBT/6_final.spef line 233314, net swerv/lsu/stbuf/_19904_ not found.
[WARNING STA-1650] ./results/nangate45_3D/swerv_wrapper/HBT/6_final.spef line 233315, net swerv/lsu/_9101_ not found.
[WARNING STA-1650] ./results/nangate45_3D/swerv_wrapper/HBT/6_final.spef line 233316, net swerv/lsu/_9091_ not found.
[WARNING STA-1650] ./results/nangate45_3D/swerv_wrapper/HBT/6_final.spef line 233317, net swerv/lsu/_9087_ not found.
[WARNING STA-1650] ./results/nangate45_3D/swerv_wrapper/HBT/6_final.spef line 233318, net swerv/lsu/_9075_ not found.
[WARNING STA-1650] ./results/nangate45_3D/swerv_wrapper/HBT/6_final.spef line 233319, net swerv/lsu/stbuf/_19959_ not found.
[WARNING STA-1650] ./results/nangate45_3D/swerv_wrapper/HBT/6_final.spef line 233320, net swerv/lsu/_9095_ not found.
[WARNING STA-1650] ./results/nangate45_3D/swerv_wrapper/HBT/6_final.spef line 233321, net swerv/lsu/_9104_ not found.
[WARNING STA-1650] ./results/nangate45_3D/swerv_wrapper/HBT/6_final.spef line 233322, net swerv/lsu/stbuf/_20019_ not found.
[WARNING STA-1650] ./results/nangate45_3D/swerv_wrapper/HBT/6_final.spef line 233323, net swerv/lsu/_9102_ not found.
[WARNING STA-1650] ./results/nangate45_3D/swerv_wrapper/HBT/6_final.spef line 233324, net swerv/lsu/_9053_ not found.
[WARNING STA-1650] ./results/nangate45_3D/swerv_wrapper/HBT/6_final.spef line 233325, net swerv/lsu/_9054_ not found.
[WARNING STA-1650] ./results/nangate45_3D/swerv_wrapper/HBT/6_final.spef line 233326, net swerv/lsu/_9074_ not found.
[WARNING STA-1650] ./results/nangate45_3D/swerv_wrapper/HBT/6_final.spef line 233327, net swerv/lsu/_9076_ not found.
[WARNING STA-1650] ./results/nangate45_3D/swerv_wrapper/HBT/6_final.spef line 233328, net swerv/lsu/stbuf/_20026_ not found.
[WARNING STA-1650] ./results/nangate45_3D/swerv_wrapper/HBT/6_final.spef line 233329, net swerv/lsu/stbuf/_19616_ not found.
[WARNING STA-1650] ./results/nangate45_3D/swerv_wrapper/HBT/6_final.spef line 233330, net swerv/lsu/stbuf/_19597_ not found.
[WARNING STA-1650] ./results/nangate45_3D/swerv_wrapper/HBT/6_final.spef line 233331, net swerv/lsu/stbuf/_19673_ not found.
[WARNING STA-1650] ./results/nangate45_3D/swerv_wrapper/HBT/6_final.spef line 233332, net swerv/lsu/stbuf/_19787_ not found.
[WARNING STA-1650] ./results/nangate45_3D/swerv_wrapper/HBT/6_final.spef line 233333, net swerv/lsu/stbuf/_19901_ not found.
[WARNING STA-1650] ./results/nangate45_3D/swerv_wrapper/HBT/6_final.spef line 233334, net swerv/lsu/stbuf/_19844_ not found.
[WARNING STA-1650] ./results/nangate45_3D/swerv_wrapper/HBT/6_final.spef line 233335, net swerv/lsu/stbuf/_19939_ not found.
[WARNING STA-1650] ./results/nangate45_3D/swerv_wrapper/HBT/6_final.spef line 233336, net swerv/lsu/stbuf/_19942_ not found.
[WARNING STA-1650] ./results/nangate45_3D/swerv_wrapper/HBT/6_final.spef line 233337, net swerv/lsu/stbuf/_19652_ not found.
[WARNING STA-1650] ./results/nangate45_3D/swerv_wrapper/HBT/6_final.spef line 233338, net swerv/lsu/stbuf/_19653_ not found.
[WARNING STA-1650] ./results/nangate45_3D/swerv_wrapper/HBT/6_final.spef line 233339, net swerv/lsu/stbuf/_19711_ not found.
[WARNING STA-1650] ./results/nangate45_3D/swerv_wrapper/HBT/6_final.spef line 233340, net swerv/lsu/stbuf/_19654_ not found.
[WARNING STA-1650] ./results/nangate45_3D/swerv_wrapper/HBT/6_final.spef line 233341, net swerv/lsu/stbuf/_19710_ not found.
[WARNING STA-1650] ./results/nangate45_3D/swerv_wrapper/HBT/6_final.spef line 233342, net swerv/lsu/stbuf/_19540_ not found.
[WARNING STA-1650] ./results/nangate45_3D/swerv_wrapper/HBT/6_final.spef line 233343, net swerv/lsu/stbuf/_19596_ not found.
[WARNING STA-1650] ./results/nangate45_3D/swerv_wrapper/HBT/6_final.spef line 233344, net swerv/lsu/stbuf/_19539_ not found.
[WARNING STA-1650] ./results/nangate45_3D/swerv_wrapper/HBT/6_final.spef line 233345, net swerv/lsu/stbuf/_19824_ not found.
[WARNING STA-1650] ./results/nangate45_3D/swerv_wrapper/HBT/6_final.spef line 233346, net swerv/lsu/stbuf/_19559_ not found.
[WARNING STA-1650] ./results/nangate45_3D/swerv_wrapper/HBT/6_final.spef line 233347, net swerv/lsu/stbuf/_19502_ not found.
[WARNING STA-1650] ./results/nangate45_3D/swerv_wrapper/HBT/6_final.spef line 233348, net swerv/lsu/_9078_ not found.
[WARNING STA-1650] ./results/nangate45_3D/swerv_wrapper/HBT/6_final.spef line 233349, net swerv/lsu/stbuf/_19983_ not found.
[WARNING STA-1650] ./results/nangate45_3D/swerv_wrapper/HBT/6_final.spef line 233350, net swerv/lsu/stbuf/_19971_ not found.
[WARNING STA-1650] ./results/nangate45_3D/swerv_wrapper/HBT/6_final.spef line 233351, net swerv/lsu/stbuf/_19978_ not found.
[WARNING STA-1650] ./results/nangate45_3D/swerv_wrapper/HBT/6_final.spef line 233352, net swerv/lsu/stbuf/_19986_ not found.
[WARNING STA-1650] ./results/nangate45_3D/swerv_wrapper/HBT/6_final.spef line 233353, net swerv/_10188_ not found.
[WARNING STA-1650] ./results/nangate45_3D/swerv_wrapper/HBT/6_final.spef line 233354, net swerv/lsu/stbuf/_19951_ not found.
[WARNING STA-1650] ./results/nangate45_3D/swerv_wrapper/HBT/6_final.spef line 233355, net swerv/lsu/stbuf/_19953_ not found.
[WARNING STA-1650] ./results/nangate45_3D/swerv_wrapper/HBT/6_final.spef line 233356, net swerv/_10135_ not found.
[WARNING STA-1650] ./results/nangate45_3D/swerv_wrapper/HBT/6_final.spef line 233357, net swerv/_10143_ not found.
[WARNING STA-1650] ./results/nangate45_3D/swerv_wrapper/HBT/6_final.spef line 233358, net swerv/lsu/stbuf/_19980_ not found.
[WARNING STA-1650] ./results/nangate45_3D/swerv_wrapper/HBT/6_final.spef line 233359, net swerv/lsu/stbuf/_19963_ not found.
[WARNING STA-1650] ./results/nangate45_3D/swerv_wrapper/HBT/6_final.spef line 233360, net swerv/lsu/stbuf/_19995_ not found.
[WARNING STA-1650] ./results/nangate45_3D/swerv_wrapper/HBT/6_final.spef line 233361, net swerv/lsu/stbuf/_19992_ not found.
[WARNING STA-1650] ./results/nangate45_3D/swerv_wrapper/HBT/6_final.spef line 233362, net swerv/_10133_ not found.
[WARNING STA-1650] ./results/nangate45_3D/swerv_wrapper/HBT/6_final.spef line 233363, net swerv/_10141_ not found.
[WARNING STA-1650] ./results/nangate45_3D/swerv_wrapper/HBT/6_final.spef line 233364, net swerv/_10190_ not found.
[WARNING STA-1650] ./results/nangate45_3D/swerv_wrapper/HBT/6_final.spef line 233365, net swerv/lsu/stbuf/_20016_ not found.
[WARNING STA-1650] ./results/nangate45_3D/swerv_wrapper/HBT/6_final.spef line 233366, net swerv/lsu/stbuf/_19990_ not found.
[WARNING STA-1650] ./results/nangate45_3D/swerv_wrapper/HBT/6_final.spef line 233367, net swerv/lsu/stbuf/_20015_ not found.
[WARNING STA-1650] ./results/nangate45_3D/swerv_wrapper/HBT/6_final.spef line 233368, net swerv/lsu/stbuf/_20018_ not found.
[WARNING STA-1650] ./results/nangate45_3D/swerv_wrapper/HBT/6_final.spef line 233369, net swerv/lsu/_9161_ not found.
[WARNING STA-1650] ./results/nangate45_3D/swerv_wrapper/HBT/6_final.spef line 233370, net swerv/lsu/_8363_ not found.
[WARNING STA-1650] ./results/nangate45_3D/swerv_wrapper/HBT/6_final.spef line 233371, net swerv/_10198_ not found.
[WARNING STA-1650] ./results/nangate45_3D/swerv_wrapper/HBT/6_final.spef line 233372, net swerv/_10173_ not found.
[WARNING STA-1650] ./results/nangate45_3D/swerv_wrapper/HBT/6_final.spef line 233373, net swerv/_10113_ not found.
[WARNING STA-1650] ./results/nangate45_3D/swerv_wrapper/HBT/6_final.spef line 233374, net swerv/_10129_ not found.
[WARNING STA-1650] ./results/nangate45_3D/swerv_wrapper/HBT/6_final.spef line 233375, net swerv/_10121_ not found.
[WARNING STA-1650] ./results/nangate45_3D/swerv_wrapper/HBT/6_final.spef line 233376, net swerv/_10140_ not found.
[WARNING STA-1650] ./results/nangate45_3D/swerv_wrapper/HBT/6_final.spef line 233377, net swerv/_10124_ not found.
[WARNING STA-1650] ./results/nangate45_3D/swerv_wrapper/HBT/6_final.spef line 233378, net swerv/_10193_ not found.
[WARNING STA-1650] ./results/nangate45_3D/swerv_wrapper/HBT/6_final.spef line 233379, net swerv/_10177_ not found.
[WARNING STA-1650] ./results/nangate45_3D/swerv_wrapper/HBT/6_final.spef line 233380, net swerv/_10197_ not found.
[WARNING STA-1650] ./results/nangate45_3D/swerv_wrapper/HBT/6_final.spef line 233381, net swerv/_10189_ not found.
[WARNING STA-1650] ./results/nangate45_3D/swerv_wrapper/HBT/6_final.spef line 233382, net swerv/_10126_ not found.
[WARNING STA-1650] ./results/nangate45_3D/swerv_wrapper/HBT/6_final.spef line 233383, net swerv/_10181_ not found.
[WARNING STA-1650] ./results/nangate45_3D/swerv_wrapper/HBT/6_final.spef line 233384, net swerv/lsu/stbuf/_19991_ not found.
[WARNING STA-1650] ./results/nangate45_3D/swerv_wrapper/HBT/6_final.spef line 233385, net swerv/lsu/stbuf/_19484_ not found.
[WARNING STA-1650] ./results/nangate45_3D/swerv_wrapper/HBT/6_final.spef line 233386, net swerv/lsu/stbuf/_20010_ not found.
[WARNING STA-1650] ./results/nangate45_3D/swerv_wrapper/HBT/6_final.spef line 233387, net swerv/lsu/stbuf/_19988_ not found.
[WARNING STA-1650] ./results/nangate45_3D/swerv_wrapper/HBT/6_final.spef line 233388, net swerv/lsu/stbuf/_20014_ not found.
[WARNING STA-1650] ./results/nangate45_3D/swerv_wrapper/HBT/6_final.spef line 233389, net swerv/_10169_ not found.
[WARNING STA-1650] ./results/nangate45_3D/swerv_wrapper/HBT/6_final.spef line 233390, net swerv/_10187_ not found.
[WARNING STA-1650] ./results/nangate45_3D/swerv_wrapper/HBT/6_final.spef line 233391, net swerv/_10171_ not found.
[WARNING STA-1650] ./results/nangate45_3D/swerv_wrapper/HBT/6_final.spef line 233392, net swerv/_10165_ not found.
[WARNING STA-1650] ./results/nangate45_3D/swerv_wrapper/HBT/6_final.spef line 233393, net swerv/_10118_ not found.
[WARNING STA-1650] ./results/nangate45_3D/swerv_wrapper/HBT/6_final.spef line 233394, net swerv/_10179_ not found.
[WARNING STA-1650] ./results/nangate45_3D/swerv_wrapper/HBT/6_final.spef line 233395, net swerv/_10175_ not found.
[WARNING STA-1650] ./results/nangate45_3D/swerv_wrapper/HBT/6_final.spef line 233396, net swerv/_10196_ not found.
[WARNING STA-1650] ./results/nangate45_3D/swerv_wrapper/HBT/6_final.spef line 233397, net swerv/lsu/stbuf/_20020_ not found.
[WARNING STA-1650] ./results/nangate45_3D/swerv_wrapper/HBT/6_final.spef line 233398, net swerv/lsu/stbuf/_20012_ not found.
[WARNING STA-1650] ./results/nangate45_3D/swerv_wrapper/HBT/6_final.spef line 233399, net swerv/lsu/_9136_ not found.
[WARNING STA-1650] ./results/nangate45_3D/swerv_wrapper/HBT/6_final.spef line 233400, net swerv/_10183_ not found.
[WARNING STA-1650] ./results/nangate45_3D/swerv_wrapper/HBT/6_final.spef line 233401, net swerv/_10116_ not found.
[WARNING STA-1650] ./results/nangate45_3D/swerv_wrapper/HBT/6_final.spef line 233402, net swerv/lsu/_9140_ not found.
[WARNING STA-1650] ./results/nangate45_3D/swerv_wrapper/HBT/6_final.spef line 233403, net swerv/lsu/_9141_ not found.
[WARNING STA-1650] ./results/nangate45_3D/swerv_wrapper/HBT/6_final.spef line 233404, net swerv/lsu/stbuf/_19483_ not found.
[WARNING STA-1650] ./results/nangate45_3D/swerv_wrapper/HBT/6_final.spef line 233405, net swerv/lsu/stbuf/_19982_ not found.
[WARNING STA-1650] ./results/nangate45_3D/swerv_wrapper/HBT/6_final.spef line 233406, net swerv/_10111_ not found.
[WARNING STA-1650] ./results/nangate45_3D/swerv_wrapper/HBT/6_final.spef line 233407, net swerv/_10117_ not found.
[WARNING STA-1650] ./results/nangate45_3D/swerv_wrapper/HBT/6_final.spef line 233408, net swerv/_10109_ not found.
[WARNING STA-1650] ./results/nangate45_3D/swerv_wrapper/HBT/6_final.spef line 233409, net swerv/_10100_ not found.
[WARNING STA-1650] ./results/nangate45_3D/swerv_wrapper/HBT/6_final.spef line 233410, net swerv/_10101_ not found.
[WARNING STA-1650] ./results/nangate45_3D/swerv_wrapper/HBT/6_final.spef line 233411, net swerv/_10103_ not found.
[WARNING STA-1650] ./results/nangate45_3D/swerv_wrapper/HBT/6_final.spef line 233412, net swerv/_10119_ not found.
[WARNING STA-1650] ./results/nangate45_3D/swerv_wrapper/HBT/6_final.spef line 233413, net swerv/_10194_ not found.
[WARNING STA-1650] ./results/nangate45_3D/swerv_wrapper/HBT/6_final.spef line 233414, net swerv/_10108_ not found.
[WARNING STA-1650] ./results/nangate45_3D/swerv_wrapper/HBT/6_final.spef line 233415, net swerv/_10105_ not found.
[WARNING STA-1650] ./results/nangate45_3D/swerv_wrapper/HBT/6_final.spef line 233416, net swerv/lsu/stbuf/_19940_ not found.
[WARNING STA-1650] ./results/nangate45_3D/swerv_wrapper/HBT/6_final.spef line 233417, net swerv/lsu/stbuf/_19767_ not found.
[WARNING STA-1650] ./results/nangate45_3D/swerv_wrapper/HBT/6_final.spef line 233418, net swerv/lsu/stbuf/_19825_ not found.
[WARNING STA-1650] ./results/nangate45_3D/swerv_wrapper/HBT/6_final.spef line 233419, net swerv/lsu/stbuf/_19768_ not found.
[WARNING STA-1650] ./results/nangate45_3D/swerv_wrapper/HBT/6_final.spef line 233420, net swerv/lsu/stbuf/_19937_ not found.
[WARNING STA-1650] ./results/nangate45_3D/swerv_wrapper/HBT/6_final.spef line 233421, net swerv/lsu/stbuf/_19941_ not found.
[WARNING STA-1650] ./results/nangate45_3D/swerv_wrapper/HBT/6_final.spef line 233422, net swerv/lsu/stbuf/_19938_ not found.
[WARNING STA-1650] ./results/nangate45_3D/swerv_wrapper/HBT/6_final.spef line 233423, net swerv/lsu/stbuf/_19948_ not found.
[WARNING STA-1650] ./results/nangate45_3D/swerv_wrapper/HBT/6_final.spef line 233424, net swerv/lsu/stbuf/_19845_ not found.
[WARNING STA-1650] ./results/nangate45_3D/swerv_wrapper/HBT/6_final.spef line 233425, net swerv/lsu/stbuf/_19788_ not found.
[WARNING STA-1650] ./results/nangate45_3D/swerv_wrapper/HBT/6_final.spef line 233426, net swerv/lsu/stbuf/_19880_ not found.
[WARNING STA-1650] ./results/nangate45_3D/swerv_wrapper/HBT/6_final.spef line 233427, net swerv/lsu/stbuf/_19823_ not found.
[WARNING STA-1650] ./results/nangate45_3D/swerv_wrapper/HBT/6_final.spef line 233428, net swerv/lsu/stbuf/_19952_ not found.
[WARNING STA-1650] ./results/nangate45_3D/swerv_wrapper/HBT/6_final.spef line 233429, net swerv/lsu/stbuf/_19884_ not found.
[WARNING STA-1650] ./results/nangate45_3D/swerv_wrapper/HBT/6_final.spef line 233430, net swerv/lsu/stbuf/_19482_ not found.
[WARNING STA-1650] ./results/nangate45_3D/swerv_wrapper/HBT/6_final.spef line 233431, net swerv/lsu/stbuf/_19542_ not found.
[WARNING STA-1650] ./results/nangate45_3D/swerv_wrapper/HBT/6_final.spef line 233432, net swerv/lsu/stbuf/_19827_ not found.
[WARNING STA-1650] ./results/nangate45_3D/swerv_wrapper/HBT/6_final.spef line 233433, net swerv/lsu/stbuf/_19766_ not found.
[WARNING STA-1650] ./results/nangate45_3D/swerv_wrapper/HBT/6_final.spef line 233434, net swerv/lsu/stbuf/_19599_ not found.
[WARNING STA-1650] ./results/nangate45_3D/swerv_wrapper/HBT/6_final.spef line 233435, net swerv/lsu/stbuf/_19538_ not found.
[WARNING STA-1650] ./results/nangate45_3D/swerv_wrapper/HBT/6_final.spef line 233436, net swerv/lsu/stbuf/_19656_ not found.
[WARNING STA-1650] ./results/nangate45_3D/swerv_wrapper/HBT/6_final.spef line 233437, net swerv/lsu/stbuf/_19713_ not found.
[WARNING STA-1650] ./results/nangate45_3D/swerv_wrapper/HBT/6_final.spef line 233438, net swerv/lsu/stbuf/_19595_ not found.
[WARNING STA-1650] ./results/nangate45_3D/swerv_wrapper/HBT/6_final.spef line 233439, net swerv/lsu/stbuf/_19709_ not found.
[WARNING STA-1650] ./results/nangate45_3D/swerv_wrapper/HBT/6_final.spef line 233440, net swerv/lsu/_8365_ not found.
[WARNING STA-1650] ./results/nangate45_3D/swerv_wrapper/HBT/6_final.spef line 233441, net swerv/lsu/stbuf/_19947_ not found.
[WARNING STA-1650] ./results/nangate45_3D/swerv_wrapper/HBT/6_final.spef line 233442, net swerv/dec/tlu/_11670_ not found.
[WARNING STA-1650] ./results/nangate45_3D/swerv_wrapper/HBT/6_final.spef line 233443, net swerv/lsu/stbuf/_19946_ not found.
[WARNING STA-1650] ./results/nangate45_3D/swerv_wrapper/HBT/6_final.spef line 233444, net swerv/lsu/stbuf/_19945_ not found.
[WARNING STA-1650] ./results/nangate45_3D/swerv_wrapper/HBT/6_final.spef line 233445, net swerv/_10097_ not found.
[WARNING STA-1650] ./results/nangate45_3D/swerv_wrapper/HBT/6_final.spef line 233446, net swerv/lsu/stbuf/_19984_ not found.
[WARNING STA-1650] ./results/nangate45_3D/swerv_wrapper/HBT/6_final.spef line 233447, net swerv/lsu/stbuf/_19503_ not found.
[WARNING STA-1650] ./results/nangate45_3D/swerv_wrapper/HBT/6_final.spef line 233448, net swerv/lsu/stbuf/_19881_ not found.
[WARNING STA-1650] ./results/nangate45_3D/swerv_wrapper/HBT/6_final.spef line 233449, net swerv/lsu/stbuf/_19882_ not found.
[WARNING STA-1650] ./results/nangate45_3D/swerv_wrapper/HBT/6_final.spef line 233450, net swerv/lsu/stbuf/_19999_ not found.
[WARNING STA-1650] ./results/nangate45_3D/swerv_wrapper/HBT/6_final.spef line 233451, net swerv/lsu/stbuf/_20003_ not found.
[WARNING STA-1650] ./results/nangate45_3D/swerv_wrapper/HBT/6_final.spef line 233452, net swerv/lsu/stbuf/_19979_ not found.
[WARNING STA-1650] ./results/nangate45_3D/swerv_wrapper/HBT/6_final.spef line 233453, net swerv/_10182_ not found.
[WARNING STA-1650] ./results/nangate45_3D/swerv_wrapper/HBT/6_final.spef line 233454, net swerv/lsu/_9153_ not found.
[WARNING STA-1650] ./results/nangate45_3D/swerv_wrapper/HBT/6_final.spef line 233455, net swerv/lsu/stbuf/_19967_ not found.
[WARNING STA-1650] ./results/nangate45_3D/swerv_wrapper/HBT/6_final.spef line 233456, net swerv/lsu/stbuf/_20011_ not found.
[WARNING STA-1650] ./results/nangate45_3D/swerv_wrapper/HBT/6_final.spef line 233457, net swerv/_10180_ not found.
[WARNING STA-1650] ./results/nangate45_3D/swerv_wrapper/HBT/6_final.spef line 233458, net swerv/_10186_ not found.
[WARNING STA-1650] ./results/nangate45_3D/swerv_wrapper/HBT/6_final.spef line 233459, net swerv/_10184_ not found.
[WARNING STA-1650] ./results/nangate45_3D/swerv_wrapper/HBT/6_final.spef line 233460, net swerv/lsu/stbuf/_19902_ not found.
[WARNING STA-1650] ./results/nangate45_3D/swerv_wrapper/HBT/6_final.spef line 233461, net swerv/lsu/stbuf/_19674_ not found.
[WARNING STA-1650] ./results/nangate45_3D/swerv_wrapper/HBT/6_final.spef line 233462, net swerv/lsu/stbuf/_20027_ not found.
[WARNING STA-1650] ./results/nangate45_3D/swerv_wrapper/HBT/6_final.spef line 233463, net swerv/lsu/stbuf/_19949_ not found.
[WARNING STA-1650] ./results/nangate45_3D/swerv_wrapper/HBT/6_final.spef line 233464, net swerv/lsu/stbuf/_20023_ not found.
[WARNING STA-1650] ./results/nangate45_3D/swerv_wrapper/HBT/6_final.spef line 233465, net swerv/lsu/stbuf/_19950_ not found.
[WARNING STA-1650] ./results/nangate45_3D/swerv_wrapper/HBT/6_final.spef line 233466, net swerv/lsu/stbuf/_19975_ not found.
[WARNING STA-1650] ./results/nangate45_3D/swerv_wrapper/HBT/6_final.spef line 233467, net swerv/lsu/stbuf/_19956_ not found.
[WARNING STA-1650] ./results/nangate45_3D/swerv_wrapper/HBT/6_final.spef line 233468, net swerv/lsu/stbuf/_19955_ not found.
[WARNING STA-1650] ./results/nangate45_3D/swerv_wrapper/HBT/6_final.spef line 233469, net swerv/lsu/stbuf/_19731_ not found.
[WARNING STA-1650] ./results/nangate45_3D/swerv_wrapper/HBT/6_final.spef line 233470, net swerv/lsu/stbuf/_19987_ not found.
[WARNING STA-1650] ./results/nangate45_3D/swerv_wrapper/HBT/6_final.spef line 233471, net swerv/lsu/stbuf/_19560_ not found.
[WARNING STA-1650] ./results/nangate45_3D/swerv_wrapper/HBT/6_final.spef line 233472, net swerv/lsu/stbuf/_19960_ not found.
[WARNING STA-1650] ./results/nangate45_3D/swerv_wrapper/HBT/6_final.spef line 233473, net swerv/lsu/stbuf/_19617_ not found.
[WARNING STA-1650] ./results/nangate45_3D/swerv_wrapper/HBT/6_final.spef line 233474, net swerv/lsu/_9070_ not found.
[WARNING STA-1650] ./results/nangate45_3D/swerv_wrapper/HBT/6_final.spef line 233475, net swerv/lsu/_9080_ not found.
[WARNING STA-1650] ./results/nangate45_3D/swerv_wrapper/HBT/6_final.spef line 233476, net swerv/lsu/_9083_ not found.
[WARNING STA-1650] ./results/nangate45_3D/swerv_wrapper/HBT/6_final.spef line 233477, net swerv/lsu/_9067_ not found.
[WARNING STA-1650] ./results/nangate45_3D/swerv_wrapper/HBT/6_final.spef line 233478, net swerv/lsu/_9071_ not found.
[WARNING STA-1650] ./results/nangate45_3D/swerv_wrapper/HBT/6_final.spef line 233479, net swerv/lsu/_9072_ not found.
[WARNING STA-1650] ./results/nangate45_3D/swerv_wrapper/HBT/6_final.spef line 233480, net swerv/lsu/_9089_ not found.
[WARNING STA-1650] ./results/nangate45_3D/swerv_wrapper/HBT/6_final.spef line 233481, net swerv/lsu/_9086_ not found.
[WARNING STA-1650] ./results/nangate45_3D/swerv_wrapper/HBT/6_final.spef line 233482, net swerv/lsu/_9065_ not found.
[WARNING STA-1650] ./results/nangate45_3D/swerv_wrapper/HBT/6_final.spef line 233483, net swerv/lsu/_9051_ not found.
[WARNING STA-1650] ./results/nangate45_3D/swerv_wrapper/HBT/6_final.spef line 233484, net swerv/lsu/_9094_ not found.
[WARNING STA-1650] ./results/nangate45_3D/swerv_wrapper/HBT/6_final.spef line 233485, net swerv/lsu/stbuf/_19998_ not found.
[WARNING STA-1650] ./results/nangate45_3D/swerv_wrapper/HBT/6_final.spef line 233486, net swerv/lsu/_9096_ not found.
[WARNING STA-1650] ./results/nangate45_3D/swerv_wrapper/HBT/6_final.spef line 233487, net swerv/lsu/stbuf/_19643_ not found.
[WARNING STA-1650] ./results/nangate45_3D/swerv_wrapper/HBT/6_final.spef line 233488, net swerv/lsu/stbuf/_19725_ not found.
[WARNING STA-1650] ./results/nangate45_3D/swerv_wrapper/HBT/6_final.spef line 233489, net swerv/lsu/stbuf/_19836_ not found.
[WARNING STA-1650] ./results/nangate45_3D/swerv_wrapper/HBT/6_final.spef line 233490, net swerv/lsu/stbuf/_19893_ not found.
[WARNING STA-1650] ./results/nangate45_3D/swerv_wrapper/HBT/6_final.spef line 233491, net swerv/lsu/stbuf/_19541_ not found.
[WARNING STA-1650] ./results/nangate45_3D/swerv_wrapper/HBT/6_final.spef line 233492, net swerv/lsu/stbuf/_20013_ not found.
[WARNING STA-1650] ./results/nangate45_3D/swerv_wrapper/HBT/6_final.spef line 233493, net swerv/lsu/stbuf/_20025_ not found.
[WARNING STA-1650] ./results/nangate45_3D/swerv_wrapper/HBT/6_final.spef line 233494, net swerv/lsu/stbuf/_19972_ not found.
[WARNING STA-1650] ./results/nangate45_3D/swerv_wrapper/HBT/6_final.spef line 233495, net swerv/lsu/_8584_ not found.
[WARNING STA-1650] ./results/nangate45_3D/swerv_wrapper/HBT/6_final.spef line 233496, net swerv/lsu/stbuf/_19840_ not found.
[WARNING STA-1650] ./results/nangate45_3D/swerv_wrapper/HBT/6_final.spef line 233497, net swerv/lsu/stbuf/_19964_ not found.
[WARNING STA-1650] ./results/nangate45_3D/swerv_wrapper/HBT/6_final.spef line 233498, net swerv/lsu/stbuf/_20006_ not found.
[WARNING STA-1650] ./results/nangate45_3D/swerv_wrapper/HBT/6_final.spef line 233499, net swerv/lsu/stbuf/_20008_ not found.
[WARNING STA-1650] ./results/nangate45_3D/swerv_wrapper/HBT/6_final.spef line 233500, net swerv/lsu/stbuf/_19997_ not found.
[WARNING STA-1650] ./results/nangate45_3D/swerv_wrapper/HBT/6_final.spef line 233501, net swerv/lsu/_8600_ not found.
[WARNING STA-1650] ./results/nangate45_3D/swerv_wrapper/HBT/6_final.spef line 233502, net swerv/lsu/_8472_ not found.
[WARNING STA-1650] ./results/nangate45_3D/swerv_wrapper/HBT/6_final.spef line 233503, net swerv/lsu/stbuf/_19726_ not found.
[WARNING STA-1650] ./results/nangate45_3D/swerv_wrapper/HBT/6_final.spef line 233504, net swerv/lsu/stbuf/_19897_ not found.
[WARNING STA-1650] ./results/nangate45_3D/swerv_wrapper/HBT/6_final.spef line 233505, net swerv/lsu/stbuf/_19669_ not found.
[WARNING STA-1650] ./results/nangate45_3D/swerv_wrapper/HBT/6_final.spef line 233506, net swerv/lsu/stbuf/_19773_ not found.
[WARNING STA-1650] ./results/nangate45_3D/swerv_wrapper/HBT/6_final.spef line 233507, net swerv/lsu/stbuf/_19887_ not found.
[WARNING STA-1650] ./results/nangate45_3D/swerv_wrapper/HBT/6_final.spef line 233508, net swerv/lsu/stbuf/_19832_ not found.
[WARNING STA-1650] ./results/nangate45_3D/swerv_wrapper/HBT/6_final.spef line 233509, net swerv/lsu/stbuf/_19830_ not found.
[WARNING STA-1650] ./results/nangate45_3D/swerv_wrapper/HBT/6_final.spef line 233510, net swerv/lsu/stbuf/_19895_ not found.
[WARNING STA-1650] ./results/nangate45_3D/swerv_wrapper/HBT/6_final.spef line 233511, net swerv/lsu/stbuf/_19889_ not found.
[WARNING STA-1650] ./results/nangate45_3D/swerv_wrapper/HBT/6_final.spef line 233512, net swerv/lsu/stbuf/_19783_ not found.
[WARNING STA-1650] ./results/nangate45_3D/swerv_wrapper/HBT/6_final.spef line 233513, net swerv/lsu/stbuf/_19891_ not found.
[WARNING STA-1650] ./results/nangate45_3D/swerv_wrapper/HBT/6_final.spef line 233514, net swerv/lsu/stbuf/_19834_ not found.
[WARNING STA-1650] ./results/nangate45_3D/swerv_wrapper/HBT/6_final.spef line 233515, net swerv/lsu/_8468_ not found.
[WARNING STA-1650] ./results/nangate45_3D/swerv_wrapper/HBT/6_final.spef line 233516, net swerv/lsu/stbuf/_20001_ not found.
[WARNING STA-1650] ./results/nangate45_3D/swerv_wrapper/HBT/6_final.spef line 233517, net swerv/lsu/_9152_ not found.
[WARNING STA-1650] ./results/nangate45_3D/swerv_wrapper/HBT/6_final.spef line 233518, net swerv/lsu/_9131_ not found.
[WARNING STA-1650] ./results/nangate45_3D/swerv_wrapper/HBT/6_final.spef line 233519, net swerv/lsu/_9148_ not found.
[WARNING STA-1650] ./results/nangate45_3D/swerv_wrapper/HBT/6_final.spef line 233520, net swerv/lsu/_9150_ not found.
[WARNING STA-1650] ./results/nangate45_3D/swerv_wrapper/HBT/6_final.spef line 233521, net swerv/lsu/stbuf/_19826_ not found.
[WARNING STA-1650] ./results/nangate45_3D/swerv_wrapper/HBT/6_final.spef line 233522, net swerv/lsu/stbuf/_19846_ not found.
[WARNING STA-1650] ./results/nangate45_3D/swerv_wrapper/HBT/6_final.spef line 233523, net swerv/lsu/stbuf/_19883_ not found.
[WARNING STA-1650] ./results/nangate45_3D/swerv_wrapper/HBT/6_final.spef line 233524, net swerv/lsu/stbuf/_19618_ not found.
[WARNING STA-1650] ./results/nangate45_3D/swerv_wrapper/HBT/6_final.spef line 233525, net swerv/lsu/stbuf/_19598_ not found.
[WARNING STA-1650] ./results/nangate45_3D/swerv_wrapper/HBT/6_final.spef line 233526, net swerv/lsu/stbuf/_19903_ not found.
[WARNING STA-1650] ./results/nangate45_3D/swerv_wrapper/HBT/6_final.spef line 233527, net swerv/lsu/stbuf/_19962_ not found.
[WARNING STA-1650] ./results/nangate45_3D/swerv_wrapper/HBT/6_final.spef line 233528, net swerv/dec/tlu/_11668_ not found.
[WARNING STA-1650] ./results/nangate45_3D/swerv_wrapper/HBT/6_final.spef line 233529, net swerv/lsu/stbuf/_19943_ not found.
[WARNING STA-1650] ./results/nangate45_3D/swerv_wrapper/HBT/6_final.spef line 233530, net swerv/lsu/stbuf/_19944_ not found.
[WARNING STA-1650] ./results/nangate45_3D/swerv_wrapper/HBT/6_final.spef line 233531, net swerv/lsu/stbuf/_19712_ not found.
[WARNING STA-1650] ./results/nangate45_3D/swerv_wrapper/HBT/6_final.spef line 233532, net swerv/lsu/stbuf/_19789_ not found.
[WARNING STA-1650] ./results/nangate45_3D/swerv_wrapper/HBT/6_final.spef line 233533, net swerv/lsu/stbuf/_19769_ not found.
[WARNING STA-1650] ./results/nangate45_3D/swerv_wrapper/HBT/6_final.spef line 233534, net swerv/lsu/stbuf/_19732_ not found.
[WARNING STA-1650] ./results/nangate45_3D/swerv_wrapper/HBT/6_final.spef line 233535, net swerv/lsu/stbuf/_19675_ not found.
[WARNING STA-1650] ./results/nangate45_3D/swerv_wrapper/HBT/6_final.spef line 233536, net swerv/lsu/stbuf/_19655_ not found.
[WARNING STA-1650] ./results/nangate45_3D/swerv_wrapper/HBT/6_final.spef line 233537, net swerv/lsu/stbuf/_19976_ not found.
[WARNING STA-1650] ./results/nangate45_3D/swerv_wrapper/HBT/6_final.spef line 233538, net swerv/lsu/_9154_ not found.
[WARNING STA-1650] ./results/nangate45_3D/swerv_wrapper/HBT/6_final.spef line 233539, net swerv/lsu/_9147_ not found.
[WARNING STA-1650] ./results/nangate45_3D/swerv_wrapper/HBT/6_final.spef line 233540, net swerv/lsu/_9151_ not found.
[WARNING STA-1650] ./results/nangate45_3D/swerv_wrapper/HBT/6_final.spef line 233541, net swerv/lsu/_9135_ not found.
[WARNING STA-1650] ./results/nangate45_3D/swerv_wrapper/HBT/6_final.spef line 233542, net swerv/lsu/_9159_ not found.
[WARNING STA-1650] ./results/nangate45_3D/swerv_wrapper/HBT/6_final.spef line 233543, net swerv/lsu/stbuf/_19973_ not found.
[WARNING STA-1650] ./results/nangate45_3D/swerv_wrapper/HBT/6_final.spef line 233544, net swerv/lsu/_9156_ not found.
[WARNING STA-1650] ./results/nangate45_3D/swerv_wrapper/HBT/6_final.spef line 233545, net swerv/lsu/_9143_ not found.
[WARNING STA-1650] ./results/nangate45_3D/swerv_wrapper/HBT/6_final.spef line 233546, net swerv/lsu/_9160_ not found.
[WARNING STA-1650] ./results/nangate45_3D/swerv_wrapper/HBT/6_final.spef line 233547, net swerv/lsu/_9155_ not found.
[WARNING STA-1650] ./results/nangate45_3D/swerv_wrapper/HBT/6_final.spef line 233548, net swerv/lsu/stbuf/_19974_ not found.
[WARNING STA-1650] ./results/nangate45_3D/swerv_wrapper/HBT/6_final.spef line 233549, net swerv/lsu/stbuf/_19968_ not found.
[WARNING STA-1650] ./results/nangate45_3D/swerv_wrapper/HBT/6_final.spef line 233550, net swerv/lsu/stbuf/_20004_ not found.
[WARNING STA-1650] ./results/nangate45_3D/swerv_wrapper/HBT/6_final.spef line 233551, net swerv/lsu/stbuf/_20000_ not found.
[WARNING STA-1650] ./results/nangate45_3D/swerv_wrapper/HBT/6_final.spef line 233552, net swerv/lsu/stbuf/_19716_ not found.
[WARNING STA-1650] ./results/nangate45_3D/swerv_wrapper/HBT/6_final.spef line 233553, net swerv/lsu/stbuf/_19777_ not found.
[WARNING STA-1650] ./results/nangate45_3D/swerv_wrapper/HBT/6_final.spef line 233554, net swerv/lsu/stbuf/_19720_ not found.
[WARNING STA-1650] ./results/nangate45_3D/swerv_wrapper/HBT/6_final.spef line 233555, net swerv/lsu/stbuf/_19663_ not found.
[WARNING STA-1650] ./results/nangate45_3D/swerv_wrapper/HBT/6_final.spef line 233556, net swerv/lsu/stbuf/_19996_ not found.
[WARNING STA-1650] ./results/nangate45_3D/swerv_wrapper/HBT/6_final.spef line 233557, net swerv/lsu/stbuf/_19977_ not found.
[WARNING STA-1650] ./results/nangate45_3D/swerv_wrapper/HBT/6_final.spef line 233558, net swerv/lsu/stbuf/_19969_ not found.
[WARNING STA-1650] ./results/nangate45_3D/swerv_wrapper/HBT/6_final.spef line 233559, net swerv/lsu/stbuf/_19993_ not found.
[WARNING STA-1650] ./results/nangate45_3D/swerv_wrapper/HBT/6_final.spef line 233560, net swerv/lsu/stbuf/_19829_ not found.
[WARNING STA-1650] ./results/nangate45_3D/swerv_wrapper/HBT/6_final.spef line 233561, net swerv/lsu/stbuf/_19772_ not found.
[WARNING STA-1650] ./results/nangate45_3D/swerv_wrapper/HBT/6_final.spef line 233562, net swerv/lsu/_8434_ not found.
[WARNING STA-1650] ./results/nangate45_3D/swerv_wrapper/HBT/6_final.spef line 233563, net swerv/lsu/_8698_ not found.
[WARNING STA-1650] ./results/nangate45_3D/swerv_wrapper/HBT/6_final.spef line 233564, net swerv/lsu/_8354_ not found.
[WARNING STA-1650] ./results/nangate45_3D/swerv_wrapper/HBT/6_final.spef line 233565, net swerv/lsu/_8710_ not found.
[WARNING STA-1650] ./results/nangate45_3D/swerv_wrapper/HBT/6_final.spef line 233566, net swerv/lsu/_8690_ not found.
[WARNING STA-1650] ./results/nangate45_3D/swerv_wrapper/HBT/6_final.spef line 233567, net swerv/lsu/_8782_ not found.
[WARNING STA-1650] ./results/nangate45_3D/swerv_wrapper/HBT/6_final.spef line 233568, net swerv/lsu/_8764_ not found.
[WARNING STA-1650] ./results/nangate45_3D/swerv_wrapper/HBT/6_final.spef line 233569, net swerv/lsu/_8748_ not found.
[WARNING STA-1650] ./results/nangate45_3D/swerv_wrapper/HBT/6_final.spef line 233570, net swerv/lsu/_8724_ not found.
[WARNING STA-1650] ./results/nangate45_3D/swerv_wrapper/HBT/6_final.spef line 233571, net swerv/lsu/_8688_ not found.
[WARNING STA-1650] ./results/nangate45_3D/swerv_wrapper/HBT/6_final.spef line 233572, net swerv/lsu/_8752_ not found.
[WARNING STA-1650] ./results/nangate45_3D/swerv_wrapper/HBT/6_final.spef line 233573, net swerv/lsu/_8814_ not found.
[WARNING STA-1650] ./results/nangate45_3D/swerv_wrapper/HBT/6_final.spef line 233574, net swerv/lsu/_8870_ not found.
[WARNING STA-1650] ./results/nangate45_3D/swerv_wrapper/HBT/6_final.spef line 233575, net swerv/lsu/_8846_ not found.
[WARNING STA-1650] ./results/nangate45_3D/swerv_wrapper/HBT/6_final.spef line 233576, net swerv/lsu/_8794_ not found.
[WARNING STA-1650] ./results/nangate45_3D/swerv_wrapper/HBT/6_final.spef line 233577, net swerv/lsu/_8812_ not found.
[WARNING STA-1650] ./results/nangate45_3D/swerv_wrapper/HBT/6_final.spef line 233578, net swerv/lsu/_8858_ not found.
[WARNING STA-1650] ./results/nangate45_3D/swerv_wrapper/HBT/6_final.spef line 233579, net swerv/lsu/_8804_ not found.
[WARNING STA-1650] ./results/nangate45_3D/swerv_wrapper/HBT/6_final.spef line 233580, net swerv/lsu/_8956_ not found.
[WARNING STA-1650] ./results/nangate45_3D/swerv_wrapper/HBT/6_final.spef line 233581, net swerv/lsu/_8768_ not found.
[WARNING STA-1650] ./results/nangate45_3D/swerv_wrapper/HBT/6_final.spef line 233582, net swerv/lsu/_8718_ not found.
[WARNING STA-1650] ./results/nangate45_3D/swerv_wrapper/HBT/6_final.spef line 233583, net swerv/lsu/_8786_ not found.
[WARNING STA-1650] ./results/nangate45_3D/swerv_wrapper/HBT/6_final.spef line 233584, net swerv/lsu/_8868_ not found.
[WARNING STA-1650] ./results/nangate45_3D/swerv_wrapper/HBT/6_final.spef line 233585, net swerv/lsu/_8876_ not found.
[WARNING STA-1650] ./results/nangate45_3D/swerv_wrapper/HBT/6_final.spef line 233586, net swerv/lsu/_8850_ not found.
[WARNING STA-1650] ./results/nangate45_3D/swerv_wrapper/HBT/6_final.spef line 233587, net swerv/lsu/_8832_ not found.
[WARNING STA-1650] ./results/nangate45_3D/swerv_wrapper/HBT/6_final.spef line 233588, net swerv/lsu/_8816_ not found.
[WARNING STA-1650] ./results/nangate45_3D/swerv_wrapper/HBT/6_final.spef line 233589, net swerv/lsu/_8828_ not found.
[WARNING STA-1650] ./results/nangate45_3D/swerv_wrapper/HBT/6_final.spef line 233590, net swerv/lsu/_8762_ not found.
[WARNING STA-1650] ./results/nangate45_3D/swerv_wrapper/HBT/6_final.spef line 233591, net swerv/lsu/_8981_ not found.
[WARNING STA-1650] ./results/nangate45_3D/swerv_wrapper/HBT/6_final.spef line 233592, net swerv/lsu/_8686_ not found.
[WARNING STA-1650] ./results/nangate45_3D/swerv_wrapper/HBT/6_final.spef line 233593, net swerv/lsu/_8682_ not found.
[WARNING STA-1650] ./results/nangate45_3D/swerv_wrapper/HBT/6_final.spef line 233594, net swerv/lsu/_8826_ not found.
[WARNING STA-1650] ./results/nangate45_3D/swerv_wrapper/HBT/6_final.spef line 233595, net swerv/lsu/bus_intf/_3815_ not found.
[WARNING STA-1650] ./results/nangate45_3D/swerv_wrapper/HBT/6_final.spef line 233596, net swerv/lsu/bus_intf/_3799_ not found.
[WARNING STA-1650] ./results/nangate45_3D/swerv_wrapper/HBT/6_final.spef line 233597, net swerv/lsu/bus_intf/_3824_ not found.
[WARNING STA-1650] ./results/nangate45_3D/swerv_wrapper/HBT/6_final.spef line 233598, net swerv/lsu/bus_intf/_3822_ not found.
[WARNING STA-1650] ./results/nangate45_3D/swerv_wrapper/HBT/6_final.spef line 233599, net swerv/lsu/bus_intf/_3808_ not found.
[WARNING STA-1650] ./results/nangate45_3D/swerv_wrapper/HBT/6_final.spef line 233600, net swerv/lsu/bus_intf/_3811_ not found.
[WARNING STA-1650] ./results/nangate45_3D/swerv_wrapper/HBT/6_final.spef line 233601, net swerv/lsu/bus_intf/_3806_ not found.
[WARNING STA-1650] ./results/nangate45_3D/swerv_wrapper/HBT/6_final.spef line 233602, net swerv/lsu/bus_intf/_3827_ not found.
[WARNING STA-1650] ./results/nangate45_3D/swerv_wrapper/HBT/6_final.spef line 233603, net swerv/lsu/bus_intf/_3820_ not found.
[WARNING STA-1650] ./results/nangate45_3D/swerv_wrapper/HBT/6_final.spef line 233604, net swerv/lsu/bus_intf/_3823_ not found.
[WARNING STA-1650] ./results/nangate45_3D/swerv_wrapper/HBT/6_final.spef line 233605, net swerv/lsu/bus_intf/_3818_ not found.
[WARNING STA-1650] ./results/nangate45_3D/swerv_wrapper/HBT/6_final.spef line 233606, net swerv/lsu/bus_intf/_3801_ not found.
[WARNING STA-1650] ./results/nangate45_3D/swerv_wrapper/HBT/6_final.spef line 233607, net swerv/lsu/bus_intf/_3821_ not found.
[WARNING STA-1650] ./results/nangate45_3D/swerv_wrapper/HBT/6_final.spef line 233608, net swerv/lsu/bus_intf/_3828_ not found.
[WARNING STA-1650] ./results/nangate45_3D/swerv_wrapper/HBT/6_final.spef line 233609, net swerv/lsu/bus_intf/_3809_ not found.
[WARNING STA-1650] ./results/nangate45_3D/swerv_wrapper/HBT/6_final.spef line 233610, net swerv/lsu/_8662_ not found.
[WARNING STA-1650] ./results/nangate45_3D/swerv_wrapper/HBT/6_final.spef line 233611, net swerv/lsu/bus_intf/_3802_ not found.
[WARNING STA-1650] ./results/nangate45_3D/swerv_wrapper/HBT/6_final.spef line 233612, net swerv/lsu/bus_intf/_3825_ not found.
[WARNING STA-1650] ./results/nangate45_3D/swerv_wrapper/HBT/6_final.spef line 233613, net swerv/lsu/_8652_ not found.
[WARNING STA-1650] ./results/nangate45_3D/swerv_wrapper/HBT/6_final.spef line 233614, net swerv/lsu/_8630_ not found.
[WARNING STA-1650] ./results/nangate45_3D/swerv_wrapper/HBT/6_final.spef line 233615, net swerv/lsu/_8648_ not found.
[WARNING STA-1650] ./results/nangate45_3D/swerv_wrapper/HBT/6_final.spef line 233616, net swerv/lsu/_8636_ not found.
[WARNING STA-1650] ./results/nangate45_3D/swerv_wrapper/HBT/6_final.spef line 233617, net swerv/lsu/_8649_ not found.
[WARNING STA-1650] ./results/nangate45_3D/swerv_wrapper/HBT/6_final.spef line 233618, net swerv/lsu/_8641_ not found.
[WARNING STA-1650] ./results/nangate45_3D/swerv_wrapper/HBT/6_final.spef line 233619, net swerv/lsu/_8639_ not found.
[WARNING STA-1650] ./results/nangate45_3D/swerv_wrapper/HBT/6_final.spef line 233620, net swerv/lsu/_8627_ not found.
[WARNING STA-1650] ./results/nangate45_3D/swerv_wrapper/HBT/6_final.spef line 233621, net swerv/lsu/_8629_ not found.
[WARNING STA-1650] ./results/nangate45_3D/swerv_wrapper/HBT/6_final.spef line 233622, net swerv/lsu/_8653_ not found.
[WARNING STA-1650] ./results/nangate45_3D/swerv_wrapper/HBT/6_final.spef line 233623, net swerv/lsu/_8646_ not found.
[WARNING STA-1650] ./results/nangate45_3D/swerv_wrapper/HBT/6_final.spef line 233624, net swerv/lsu/_8633_ not found.
[WARNING STA-1650] ./results/nangate45_3D/swerv_wrapper/HBT/6_final.spef line 233625, net swerv/lsu/_8631_ not found.
[WARNING STA-1650] ./results/nangate45_3D/swerv_wrapper/HBT/6_final.spef line 233626, net swerv/lsu/_8638_ not found.
[WARNING STA-1650] ./results/nangate45_3D/swerv_wrapper/HBT/6_final.spef line 233627, net swerv/lsu/_8634_ not found.
[WARNING STA-1650] ./results/nangate45_3D/swerv_wrapper/HBT/6_final.spef line 233628, net swerv/lsu/_8632_ not found.
[WARNING STA-1650] ./results/nangate45_3D/swerv_wrapper/HBT/6_final.spef line 233629, net swerv/lsu/bus_intf/bus_buffer/_21426_ not found.
[WARNING STA-1650] ./results/nangate45_3D/swerv_wrapper/HBT/6_final.spef line 233630, net swerv/lsu/bus_intf/bus_buffer/_21436_ not found.
[WARNING STA-1650] ./results/nangate45_3D/swerv_wrapper/HBT/6_final.spef line 233631, net swerv/lsu/bus_intf/bus_buffer/_21522_ not found.
[WARNING STA-1650] ./results/nangate45_3D/swerv_wrapper/HBT/6_final.spef line 233632, net swerv/lsu/bus_intf/bus_buffer/_21440_ not found.
[WARNING STA-1650] ./results/nangate45_3D/swerv_wrapper/HBT/6_final.spef line 233633, net swerv/lsu/bus_intf/bus_buffer/_21572_ not found.
[WARNING STA-1650] ./results/nangate45_3D/swerv_wrapper/HBT/6_final.spef line 233634, net swerv/lsu/bus_intf/bus_buffer/_21432_ not found.
[WARNING STA-1650] ./results/nangate45_3D/swerv_wrapper/HBT/6_final.spef line 233635, net swerv/lsu/bus_intf/bus_buffer/_22416_ not found.
[WARNING STA-1650] ./results/nangate45_3D/swerv_wrapper/HBT/6_final.spef line 233636, net swerv/lsu/bus_intf/bus_buffer/_21434_ not found.
[WARNING STA-1650] ./results/nangate45_3D/swerv_wrapper/HBT/6_final.spef line 233637, net swerv/lsu/_8665_ not found.
[WARNING STA-1650] ./results/nangate45_3D/swerv_wrapper/HBT/6_final.spef line 233638, net swerv/lsu/_8669_ not found.
[WARNING STA-1650] ./results/nangate45_3D/swerv_wrapper/HBT/6_final.spef line 233639, net swerv/lsu/_8626_ not found.
[WARNING STA-1650] ./results/nangate45_3D/swerv_wrapper/HBT/6_final.spef line 233640, net swerv/lsu/_8647_ not found.
[WARNING STA-1650] ./results/nangate45_3D/swerv_wrapper/HBT/6_final.spef line 233641, net swerv/lsu/bus_intf/bus_buffer/_22444_ not found.
[WARNING STA-1650] ./results/nangate45_3D/swerv_wrapper/HBT/6_final.spef line 233642, net swerv/lsu/_8666_ not found.
[WARNING STA-1650] ./results/nangate45_3D/swerv_wrapper/HBT/6_final.spef line 233643, net swerv/lsu/_8679_ not found.
[WARNING STA-1650] ./results/nangate45_3D/swerv_wrapper/HBT/6_final.spef line 233644, net swerv/lsu/_8670_ not found.
[WARNING STA-1650] ./results/nangate45_3D/swerv_wrapper/HBT/6_final.spef line 233645, net swerv/lsu/_8658_ not found.
[WARNING STA-1650] ./results/nangate45_3D/swerv_wrapper/HBT/6_final.spef line 233646, net swerv/lsu/bus_intf/bus_buffer/_22415_ not found.
[WARNING STA-1650] ./results/nangate45_3D/swerv_wrapper/HBT/6_final.spef line 233647, net swerv/lsu/bus_intf/bus_buffer/_22443_ not found.
[WARNING STA-1650] ./results/nangate45_3D/swerv_wrapper/HBT/6_final.spef line 233648, net swerv/lsu/bus_intf/bus_buffer/_22431_ not found.
[WARNING STA-1650] ./results/nangate45_3D/swerv_wrapper/HBT/6_final.spef line 233649, net swerv/_09969_ not found.
[WARNING STA-1650] ./results/nangate45_3D/swerv_wrapper/HBT/6_final.spef line 233650, net swerv/_09885_ not found.
[WARNING STA-1650] ./results/nangate45_3D/swerv_wrapper/HBT/6_final.spef line 233651, net swerv/_09868_ not found.
[WARNING STA-1650] ./results/nangate45_3D/swerv_wrapper/HBT/6_final.spef line 233652, net swerv/_09866_ not found.
[WARNING STA-1650] ./results/nangate45_3D/swerv_wrapper/HBT/6_final.spef line 233653, net swerv/_09927_ not found.
[WARNING STA-1650] ./results/nangate45_3D/swerv_wrapper/HBT/6_final.spef line 233654, net swerv/_09959_ not found.
[WARNING STA-1650] ./results/nangate45_3D/swerv_wrapper/HBT/6_final.spef line 233655, net swerv/_09896_ not found.
[WARNING STA-1650] ./results/nangate45_3D/swerv_wrapper/HBT/6_final.spef line 233656, net swerv/_09864_ not found.
[WARNING STA-1650] ./results/nangate45_3D/swerv_wrapper/HBT/6_final.spef line 233657, net swerv/_09893_ not found.
[WARNING STA-1650] ./results/nangate45_3D/swerv_wrapper/HBT/6_final.spef line 233658, net swerv/_09870_ not found.
[WARNING STA-1650] ./results/nangate45_3D/swerv_wrapper/HBT/6_final.spef line 233659, net swerv/_09960_ not found.
[WARNING STA-1650] ./results/nangate45_3D/swerv_wrapper/HBT/6_final.spef line 233660, net swerv/_09962_ not found.
[WARNING STA-1650] ./results/nangate45_3D/swerv_wrapper/HBT/6_final.spef line 233661, net swerv/_09869_ not found.
[WARNING STA-1650] ./results/nangate45_3D/swerv_wrapper/HBT/6_final.spef line 233662, net swerv/_09877_ not found.
[WARNING STA-1650] ./results/nangate45_3D/swerv_wrapper/HBT/6_final.spef line 233663, net swerv/lsu/bus_intf/bus_buffer/_22440_ not found.
[WARNING STA-1650] ./results/nangate45_3D/swerv_wrapper/HBT/6_final.spef line 233664, net swerv/lsu/bus_intf/bus_buffer/_22418_ not found.
[WARNING STA-1650] ./results/nangate45_3D/swerv_wrapper/HBT/6_final.spef line 233665, net swerv/lsu/bus_intf/bus_buffer/_22434_ not found.
[WARNING STA-1650] ./results/nangate45_3D/swerv_wrapper/HBT/6_final.spef line 233666, net swerv/_10257_ not found.
[WARNING STA-1650] ./results/nangate45_3D/swerv_wrapper/HBT/6_final.spef line 233667, net swerv/_10264_ not found.
[WARNING STA-1650] ./results/nangate45_3D/swerv_wrapper/HBT/6_final.spef line 233668, net swerv/_10692_ not found.
[WARNING STA-1650] ./results/nangate45_3D/swerv_wrapper/HBT/6_final.spef line 233669, net swerv/dec/tlu/_11671_ not found.
[WARNING STA-1650] ./results/nangate45_3D/swerv_wrapper/HBT/6_final.spef line 233670, net swerv/lsu/bus_intf/bus_buffer/_21735_ not found.
[WARNING STA-1650] ./results/nangate45_3D/swerv_wrapper/HBT/6_final.spef line 233671, net swerv/lsu/bus_intf/bus_buffer/_22293_ not found.
[WARNING STA-1650] ./results/nangate45_3D/swerv_wrapper/HBT/6_final.spef line 233672, net swerv/lsu/bus_intf/bus_buffer/_21828_ not found.
[WARNING STA-1650] ./results/nangate45_3D/swerv_wrapper/HBT/6_final.spef line 233673, net swerv/lsu/bus_intf/bus_buffer/_21642_ not found.
[WARNING STA-1650] ./results/nangate45_3D/swerv_wrapper/HBT/6_final.spef line 233674, net swerv/lsu/bus_intf/bus_buffer/_22345_ not found.
[WARNING STA-1650] ./results/nangate45_3D/swerv_wrapper/HBT/6_final.spef line 233675, net swerv/lsu/bus_intf/bus_buffer/_21517_ not found.
[WARNING STA-1650] ./results/nangate45_3D/swerv_wrapper/HBT/6_final.spef line 233676, net swerv/_10272_ not found.
[WARNING STA-1650] ./results/nangate45_3D/swerv_wrapper/HBT/6_final.spef line 233677, net swerv/lsu/bus_intf/bus_buffer/_22435_ not found.
[WARNING STA-1650] ./results/nangate45_3D/swerv_wrapper/HBT/6_final.spef line 233678, net swerv/lsu/bus_intf/bus_buffer/_22436_ not found.
[WARNING STA-1650] ./results/nangate45_3D/swerv_wrapper/HBT/6_final.spef line 233679, net swerv/_10273_ not found.
[WARNING STA-1650] ./results/nangate45_3D/swerv_wrapper/HBT/6_final.spef line 233680, net swerv/_09799_ not found.
[WARNING STA-1650] ./results/nangate45_3D/swerv_wrapper/HBT/6_final.spef line 233681, net swerv/_09795_ not found.
[WARNING STA-1650] ./results/nangate45_3D/swerv_wrapper/HBT/6_final.spef line 233682, net swerv/lsu/bus_intf/bus_buffer/_21557_ not found.
[WARNING STA-1650] ./results/nangate45_3D/swerv_wrapper/HBT/6_final.spef line 233683, net swerv/lsu/bus_intf/bus_buffer/_22419_ not found.
[WARNING STA-1650] ./results/nangate45_3D/swerv_wrapper/HBT/6_final.spef line 233684, net swerv/lsu/_9031_ not found.
[WARNING STA-1650] ./results/nangate45_3D/swerv_wrapper/HBT/6_final.spef line 233685, net swerv/lsu/_9039_ not found.
[WARNING STA-1650] ./results/nangate45_3D/swerv_wrapper/HBT/6_final.spef line 233686, net swerv/_10289_ not found.
[WARNING STA-1650] ./results/nangate45_3D/swerv_wrapper/HBT/6_final.spef line 233687, net swerv/lsu/_9023_ not found.
[WARNING STA-1650] ./results/nangate45_3D/swerv_wrapper/HBT/6_final.spef line 233688, net swerv/lsu/_9027_ not found.
[WARNING STA-1650] ./results/nangate45_3D/swerv_wrapper/HBT/6_final.spef line 233689, net swerv/lsu/_9043_ not found.
[WARNING STA-1650] ./results/nangate45_3D/swerv_wrapper/HBT/6_final.spef line 233690, net swerv/lsu/bus_intf/bus_buffer/_22445_ not found.
[WARNING STA-1650] ./results/nangate45_3D/swerv_wrapper/HBT/6_final.spef line 233691, net swerv/lsu/bus_intf/_3797_ not found.
[WARNING STA-1650] ./results/nangate45_3D/swerv_wrapper/HBT/6_final.spef line 233692, net swerv/lsu/_8675_ not found.
[WARNING STA-1650] ./results/nangate45_3D/swerv_wrapper/HBT/6_final.spef line 233693, net swerv/lsu/_8668_ not found.
[WARNING STA-1650] ./results/nangate45_3D/swerv_wrapper/HBT/6_final.spef line 233694, net swerv/lsu/_8684_ not found.
[WARNING STA-1650] ./results/nangate45_3D/swerv_wrapper/HBT/6_final.spef line 233695, net swerv/lsu/_8673_ not found.
[WARNING STA-1650] ./results/nangate45_3D/swerv_wrapper/HBT/6_final.spef line 233696, net swerv/lsu/_8671_ not found.
[WARNING STA-1650] ./results/nangate45_3D/swerv_wrapper/HBT/6_final.spef line 233697, net swerv/lsu/_8659_ not found.
[WARNING STA-1650] ./results/nangate45_3D/swerv_wrapper/HBT/6_final.spef line 233698, net swerv/dec/tlu/_11673_ not found.
[WARNING STA-1650] ./results/nangate45_3D/swerv_wrapper/HBT/6_final.spef line 233699, net swerv/_09970_ not found.
[WARNING STA-1650] ./results/nangate45_3D/swerv_wrapper/HBT/6_final.spef line 233700, net swerv/_09744_ not found.
[WARNING STA-1650] ./results/nangate45_3D/swerv_wrapper/HBT/6_final.spef line 233701, net swerv/_10500_ not found.
[WARNING STA-1650] ./results/nangate45_3D/swerv_wrapper/HBT/6_final.spef line 233702, net swerv/lsu/bus_intf/_3798_ not found.
[WARNING STA-1650] ./results/nangate45_3D/swerv_wrapper/HBT/6_final.spef line 233703, net swerv/_10456_ not found.
[WARNING STA-1650] ./results/nangate45_3D/swerv_wrapper/HBT/6_final.spef line 233704, net swerv/lsu/_9044_ not found.
[WARNING STA-1650] ./results/nangate45_3D/swerv_wrapper/HBT/6_final.spef line 233705, net swerv/lsu/bus_intf/_3817_ not found.
[WARNING STA-1650] ./results/nangate45_3D/swerv_wrapper/HBT/6_final.spef line 233706, net swerv/lsu/_9049_ not found.
[WARNING STA-1650] ./results/nangate45_3D/swerv_wrapper/HBT/6_final.spef line 233707, net swerv/_10402_ not found.
[WARNING STA-1650] ./results/nangate45_3D/swerv_wrapper/HBT/6_final.spef line 233708, net swerv/_10480_ not found.
[WARNING STA-1650] ./results/nangate45_3D/swerv_wrapper/HBT/6_final.spef line 233709, net swerv/_10558_ not found.
[WARNING STA-1650] ./results/nangate45_3D/swerv_wrapper/HBT/6_final.spef line 233710, net swerv/_10422_ not found.
[WARNING STA-1650] ./results/nangate45_3D/swerv_wrapper/HBT/6_final.spef line 233711, net swerv/dec/tlu/_11663_ not found.
[WARNING STA-1650] ./results/nangate45_3D/swerv_wrapper/HBT/6_final.spef line 233712, net swerv/_09722_ not found.
[WARNING STA-1650] ./results/nangate45_3D/swerv_wrapper/HBT/6_final.spef line 233713, net swerv/_09732_ not found.
[WARNING STA-1650] ./results/nangate45_3D/swerv_wrapper/HBT/6_final.spef line 233714, net swerv/_09719_ not found.
[WARNING STA-1650] ./results/nangate45_3D/swerv_wrapper/HBT/6_final.spef line 233715, net swerv/_09822_ not found.
[WARNING STA-1650] ./results/nangate45_3D/swerv_wrapper/HBT/6_final.spef line 233716, net swerv/_09820_ not found.
[WARNING STA-1650] ./results/nangate45_3D/swerv_wrapper/HBT/6_final.spef line 233717, net swerv/_09966_ not found.
[WARNING STA-1650] ./results/nangate45_3D/swerv_wrapper/HBT/6_final.spef line 233718, net swerv/_09716_ not found.
[WARNING STA-1650] ./results/nangate45_3D/swerv_wrapper/HBT/6_final.spef line 233719, net swerv/_09713_ not found.
[WARNING STA-1650] ./results/nangate45_3D/swerv_wrapper/HBT/6_final.spef line 233720, net swerv/_09710_ not found.
[WARNING STA-1650] ./results/nangate45_3D/swerv_wrapper/HBT/6_final.spef line 233721, net swerv/lsu/_8605_ not found.
[WARNING STA-1650] ./results/nangate45_3D/swerv_wrapper/HBT/6_final.spef line 233722, net swerv/lsu/_8463_ not found.
[WARNING STA-1650] ./results/nangate45_3D/swerv_wrapper/HBT/6_final.spef line 233723, net swerv/lsu/_8595_ not found.
[WARNING STA-1650] ./results/nangate45_3D/swerv_wrapper/HBT/6_final.spef line 233724, net swerv/lsu/_8561_ not found.
[WARNING STA-1650] ./results/nangate45_3D/swerv_wrapper/HBT/6_final.spef line 233725, net swerv/lsu/_8563_ not found.
[WARNING STA-1650] ./results/nangate45_3D/swerv_wrapper/HBT/6_final.spef line 233726, net swerv/lsu/_8613_ not found.
[WARNING STA-1650] ./results/nangate45_3D/swerv_wrapper/HBT/6_final.spef line 233727, net swerv/lsu/_8621_ not found.
[WARNING STA-1650] ./results/nangate45_3D/swerv_wrapper/HBT/6_final.spef line 233728, net swerv/lsu/_8583_ not found.
[WARNING STA-1650] ./results/nangate45_3D/swerv_wrapper/HBT/6_final.spef line 233729, net swerv/lsu/_8465_ not found.
[WARNING STA-1650] ./results/nangate45_3D/swerv_wrapper/HBT/6_final.spef line 233730, net swerv/lsu/_8615_ not found.
[WARNING STA-1650] ./results/nangate45_3D/swerv_wrapper/HBT/6_final.spef line 233731, net swerv/lsu/_8593_ not found.
[WARNING STA-1650] ./results/nangate45_3D/swerv_wrapper/HBT/6_final.spef line 233732, net swerv/lsu/_8655_ not found.
[WARNING STA-1650] ./results/nangate45_3D/swerv_wrapper/HBT/6_final.spef line 233733, net swerv/lsu/_8660_ not found.
[WARNING STA-1650] ./results/nangate45_3D/swerv_wrapper/HBT/6_final.spef line 233734, net swerv/lsu/_8473_ not found.
[WARNING STA-1650] ./results/nangate45_3D/swerv_wrapper/HBT/6_final.spef line 233735, net swerv/lsu/_8910_ not found.
[WARNING STA-1650] ./results/nangate45_3D/swerv_wrapper/HBT/6_final.spef line 233736, net swerv/lsu/_8962_ not found.
[WARNING STA-1650] ./results/nangate45_3D/swerv_wrapper/HBT/6_final.spef line 233737, net swerv/lsu/_8928_ not found.
[WARNING STA-1650] ./results/nangate45_3D/swerv_wrapper/HBT/6_final.spef line 233738, net swerv/lsu/_8968_ not found.
[WARNING STA-1650] ./results/nangate45_3D/swerv_wrapper/HBT/6_final.spef line 233739, net swerv/lsu/_8964_ not found.
[WARNING STA-1650] ./results/nangate45_3D/swerv_wrapper/HBT/6_final.spef line 233740, net swerv/lsu/_8946_ not found.
[WARNING STA-1650] ./results/nangate45_3D/swerv_wrapper/HBT/6_final.spef line 233741, net swerv/lsu/_8674_ not found.
[WARNING STA-1650] ./results/nangate45_3D/swerv_wrapper/HBT/6_final.spef line 233742, net swerv/lsu/_8594_ not found.
[WARNING STA-1650] ./results/nangate45_3D/swerv_wrapper/HBT/6_final.spef line 233743, net swerv/lsu/_8493_ not found.
[WARNING STA-1650] ./results/nangate45_3D/swerv_wrapper/HBT/6_final.spef line 233744, net swerv/lsu/_8485_ not found.
[WARNING STA-1650] ./results/nangate45_3D/swerv_wrapper/HBT/6_final.spef line 233745, net swerv/lsu/_8489_ not found.
[WARNING STA-1650] ./results/nangate45_3D/swerv_wrapper/HBT/6_final.spef line 233746, net swerv/lsu/_8597_ not found.
[WARNING STA-1650] ./results/nangate45_3D/swerv_wrapper/HBT/6_final.spef line 233747, net swerv/lsu/_8954_ not found.
[WARNING STA-1650] ./results/nangate45_3D/swerv_wrapper/HBT/6_final.spef line 233748, net swerv/lsu/_8560_ not found.
[WARNING STA-1650] ./results/nangate45_3D/swerv_wrapper/HBT/6_final.spef line 233749, net swerv/lsu/_8950_ not found.
[WARNING STA-1650] ./results/nangate45_3D/swerv_wrapper/HBT/6_final.spef line 233750, net swerv/lsu/_8972_ not found.
[WARNING STA-1650] ./results/nangate45_3D/swerv_wrapper/HBT/6_final.spef line 233751, net swerv/lsu/_8361_ not found.
[WARNING STA-1650] ./results/nangate45_3D/swerv_wrapper/HBT/6_final.spef line 233752, net swerv/lsu/_9000_ not found.
[WARNING STA-1650] ./results/nangate45_3D/swerv_wrapper/HBT/6_final.spef line 233753, net swerv/lsu/_8359_ not found.
[WARNING STA-1650] ./results/nangate45_3D/swerv_wrapper/HBT/6_final.spef line 233754, net swerv/lsu/_8730_ not found.
[WARNING STA-1650] ./results/nangate45_3D/swerv_wrapper/HBT/6_final.spef line 233755, net swerv/lsu/_9168_ not found.
[WARNING STA-1650] ./results/nangate45_3D/swerv_wrapper/HBT/6_final.spef line 233756, net swerv/lsu/_8742_ not found.
[WARNING STA-1650] ./results/nangate45_3D/swerv_wrapper/HBT/6_final.spef line 233757, net swerv/lsu/_8464_ not found.
[WARNING STA-1650] ./results/nangate45_3D/swerv_wrapper/HBT/6_final.spef line 233758, net swerv/lsu/stbuf/_19981_ not found.
[WARNING STA-1650] ./results/nangate45_3D/swerv_wrapper/HBT/6_final.spef line 233759, net swerv/lsu/stbuf/_19989_ not found.
[WARNING STA-1650] ./results/nangate45_3D/swerv_wrapper/HBT/6_final.spef line 233760, net swerv/lsu/_8608_ not found.
[WARNING STA-1650] ./results/nangate45_3D/swerv_wrapper/HBT/6_final.spef line 233761, net swerv/lsu/stbuf/_19965_ not found.
[WARNING STA-1650] ./results/nangate45_3D/swerv_wrapper/HBT/6_final.spef line 233762, net swerv/lsu/stbuf/_19957_ not found.
[WARNING STA-1650] ./results/nangate45_3D/swerv_wrapper/HBT/6_final.spef line 233763, net swerv/lsu/stbuf/_19489_ not found.
[WARNING STA-1650] ./results/nangate45_3D/swerv_wrapper/HBT/6_final.spef line 233764, net swerv/lsu/_8620_ not found.
[WARNING STA-1650] ./results/nangate45_3D/swerv_wrapper/HBT/6_final.spef line 233765, net swerv/lsu/stbuf/_19985_ not found.
[WARNING STA-1650] ./results/nangate45_3D/swerv_wrapper/HBT/6_final.spef line 233766, net swerv/lsu/_8492_ not found.
[WARNING STA-1650] ./results/nangate45_3D/swerv_wrapper/HBT/6_final.spef line 233767, net swerv/lsu/_8432_ not found.
[WARNING STA-1650] ./results/nangate45_3D/swerv_wrapper/HBT/6_final.spef line 233768, net swerv/lsu/_9169_ not found.
[WARNING STA-1650] ./results/nangate45_3D/swerv_wrapper/HBT/6_final.spef line 233769, net swerv/lsu/_8924_ not found.
[WARNING STA-1650] ./results/nangate45_3D/swerv_wrapper/HBT/6_final.spef line 233770, net swerv/lsu/_8708_ not found.
[WARNING STA-1650] ./results/nangate45_3D/swerv_wrapper/HBT/6_final.spef line 233771, net swerv/lsu/_8808_ not found.
[WARNING STA-1650] ./results/nangate45_3D/swerv_wrapper/HBT/6_final.spef line 233772, net swerv/lsu/_9130_ not found.
[WARNING STA-1650] ./results/nangate45_3D/swerv_wrapper/HBT/6_final.spef line 233773, net swerv/lsu/_8922_ not found.
[WARNING STA-1650] ./results/nangate45_3D/swerv_wrapper/HBT/6_final.spef line 233774, net swerv/lsu/_8716_ not found.
[WARNING STA-1650] ./results/nangate45_3D/swerv_wrapper/HBT/6_final.spef line 233775, net swerv/lsu/_8940_ not found.
[WARNING STA-1650] ./results/nangate45_3D/swerv_wrapper/HBT/6_final.spef line 233776, net swerv/lsu/_8800_ not found.
[WARNING STA-1650] ./results/nangate45_3D/swerv_wrapper/HBT/6_final.spef line 233777, net swerv/lsu/_9129_ not found.
[WARNING STA-1650] ./results/nangate45_3D/swerv_wrapper/HBT/6_final.spef line 233778, net swerv/_10168_ not found.
[WARNING STA-1650] ./results/nangate45_3D/swerv_wrapper/HBT/6_final.spef line 233779, net swerv/_10170_ not found.
[WARNING STA-1650] message limit (1000) reached. This message will no longer print.

==========================================================================
finish report_tns
--------------------------------------------------------------------------
tns -376.66

==========================================================================
finish report_wns
--------------------------------------------------------------------------
wns -0.69

==========================================================================
finish report_worst_slack
--------------------------------------------------------------------------
worst slack -0.69

==========================================================================
finish report_check_types -max_slew -max_cap -max_fanout -violators
--------------------------------------------------------------------------
max slew

Pin                                    Limit    Slew   Slack
------------------------------------------------------------
output1048/Z                            0.20    0.22   -0.02 (VIOLATED)
output724/Z                             0.20    0.22   -0.02 (VIOLATED)
output729/Z                             0.20    0.21   -0.01 (VIOLATED)
output979/Z                             0.20    0.20   -0.01 (VIOLATED)
output766/Z                             0.20    0.20   -0.01 (VIOLATED)
output929/Z                             0.20    0.20   -0.00 (VIOLATED)
output764/Z                             0.20    0.20   -0.00 (VIOLATED)
output1008/Z                            0.20    0.20   -0.00 (VIOLATED)
output903/Z                             0.20    0.20   -0.00 (VIOLATED)

max capacitance

Pin                                    Limit     Cap   Slack
------------------------------------------------------------
HBT_TOPIN_10987/BOT                   121.15  195.59  -74.44 (VIOLATED)
HBT_BOTIN_25349/TOP                   121.15  194.84  -73.68 (VIOLATED)
HBT_BOTIN_84000/TOP                   121.15  180.70  -59.54 (VIOLATED)
output729/Z                            60.65  109.78  -49.12 (VIOLATED)
output1048/Z                           60.65  108.59  -47.94 (VIOLATED)
output724/Z                            60.65  107.04  -46.39 (VIOLATED)
output766/Z                            60.65  106.47  -45.81 (VIOLATED)
output764/Z                            60.65  104.07  -43.41 (VIOLATED)
output979/Z                            60.65   99.92  -39.27 (VIOLATED)
output889/Z                            60.65   99.76  -39.10 (VIOLATED)
output848/Z                            60.65   99.60  -38.94 (VIOLATED)
output768/Z                            60.65   99.39  -38.73 (VIOLATED)
output806/Z                            60.65   99.11  -38.46 (VIOLATED)
output929/Z                            60.65   98.56  -37.91 (VIOLATED)
output1008/Z                           60.65   97.42  -36.77 (VIOLATED)
output762/Z                            60.65   97.22  -36.56 (VIOLATED)
output801/Z                            60.65   96.27  -35.61 (VIOLATED)
output903/Z                            60.65   96.17  -35.51 (VIOLATED)
output775/Z                            60.65   95.53  -34.87 (VIOLATED)
output897/Z                            60.65   95.23  -34.58 (VIOLATED)
output959/Z                            60.65   94.84  -34.18 (VIOLATED)
output651/Z                            60.65   94.39  -33.73 (VIOLATED)
HBT_BOTIN_105307/TOP                  121.15  154.10  -32.94 (VIOLATED)
output880/Z                            60.65   93.54  -32.89 (VIOLATED)
output859/Z                            60.65   93.18  -32.53 (VIOLATED)
output1046/Z                           60.65   92.88  -32.23 (VIOLATED)
output977/Z                            60.65   92.72  -32.07 (VIOLATED)
output521/Z                            60.65   92.70  -32.05 (VIOLATED)
output776/Z                            60.65   92.07  -31.42 (VIOLATED)
HBT_BOTIN_10373/TOP                   121.15  152.29  -31.13 (VIOLATED)
output1064/Z                           60.65   90.85  -30.20 (VIOLATED)
output1020/Z                           60.65   90.72  -30.06 (VIOLATED)
output636/Z                            60.65   90.63  -29.97 (VIOLATED)
output697/Z                            60.65   90.43  -29.78 (VIOLATED)
output558/Z                            60.65   90.04  -29.38 (VIOLATED)
output950/Z                            60.65   90.02  -29.37 (VIOLATED)
output895/Z                            60.65   89.94  -29.29 (VIOLATED)
output656/Z                            60.65   89.47  -28.81 (VIOLATED)
output659/Z                            60.65   89.41  -28.75 (VIOLATED)
output987/Z                            60.65   89.14  -28.49 (VIOLATED)
output748/Z                            60.65   89.11  -28.45 (VIOLATED)
output1030/Z                           60.65   88.93  -28.27 (VIOLATED)
output687/Z                            60.65   88.72  -28.07 (VIOLATED)
output630/Z                            60.65   88.53  -27.88 (VIOLATED)
output495/Z                            60.65   88.52  -27.87 (VIOLATED)
output906/Z                            60.65   88.34  -27.69 (VIOLATED)
output699/Z                            60.65   88.31  -27.65 (VIOLATED)
output935/Z                            60.65   88.25  -27.60 (VIOLATED)
output647/Z                            60.65   88.21  -27.55 (VIOLATED)
output517/Z                            60.65   87.99  -27.34 (VIOLATED)
HBT_BOTIN_36509/TOP                   121.15  148.46  -27.30 (VIOLATED)
output984/Z                            60.65   87.70  -27.04 (VIOLATED)
output637/Z                            60.65   87.36  -26.70 (VIOLATED)
output1058/Z                           60.65   87.34  -26.68 (VIOLATED)
output692/Z                            60.65   86.99  -26.34 (VIOLATED)
output991/Z                            60.65   86.91  -26.26 (VIOLATED)
output973/Z                            60.65   86.81  -26.15 (VIOLATED)
output933/Z                            60.65   86.72  -26.06 (VIOLATED)
output668/Z                            60.65   86.45  -25.79 (VIOLATED)
output846/Z                            60.65   86.06  -25.41 (VIOLATED)
output771/Z                            60.65   86.04  -25.39 (VIOLATED)
output757/Z                            60.65   86.01  -25.36 (VIOLATED)
output631/Z                            60.65   85.89  -25.23 (VIOLATED)
output870/Z                            60.65   85.61  -24.96 (VIOLATED)
output772/Z                            60.65   84.86  -24.20 (VIOLATED)
output821/Z                            60.65   84.54  -23.89 (VIOLATED)
output916/Z                            60.65   84.28  -23.62 (VIOLATED)
output509/Z                            60.65   84.24  -23.58 (VIOLATED)
output733/Z                            60.65   83.99  -23.33 (VIOLATED)
output980/Z                            60.65   83.95  -23.30 (VIOLATED)
output1066/Z                           60.65   83.84  -23.19 (VIOLATED)
output666/Z                            60.65   83.78  -23.13 (VIOLATED)
output810/Z                            60.65   83.54  -22.88 (VIOLATED)
output1027/Z                           60.65   83.30  -22.65 (VIOLATED)
output623/Z                            60.65   83.09  -22.44 (VIOLATED)
output969/Z                            60.65   83.09  -22.43 (VIOLATED)
output701/Z                            60.65   82.81  -22.16 (VIOLATED)
output989/Z                            60.65   82.70  -22.04 (VIOLATED)
output756/Z                            60.65   82.61  -21.96 (VIOLATED)
output795/Z                            60.65   82.58  -21.93 (VIOLATED)
output571/Z                            60.65   82.58  -21.93 (VIOLATED)
output1025/Z                           60.65   82.46  -21.81 (VIOLATED)
output655/Z                            60.65   82.05  -21.39 (VIOLATED)
output649/Z                            60.65   81.90  -21.24 (VIOLATED)
output1021/Z                           60.65   81.82  -21.16 (VIOLATED)
output902/Z                            60.65   81.81  -21.15 (VIOLATED)
output713/Z                            60.65   81.30  -20.65 (VIOLATED)
output682/Z                            60.65   80.18  -19.52 (VIOLATED)
output1068/Z                           60.65   80.03  -19.37 (VIOLATED)
output1033/Z                           60.65   80.02  -19.37 (VIOLATED)
output887/Z                            60.65   79.84  -19.18 (VIOLATED)
output752/Z                            60.65   79.56  -18.91 (VIOLATED)
output665/Z                            60.65   79.44  -18.78 (VIOLATED)
output974/Z                            60.65   79.34  -18.69 (VIOLATED)
output782/Z                            60.65   79.24  -18.58 (VIOLATED)
output653/Z                            60.65   79.00  -18.35 (VIOLATED)
output507/Z                            60.65   78.88  -18.22 (VIOLATED)
output918/Z                            60.65   78.75  -18.10 (VIOLATED)
output1024/Z                           60.65   78.48  -17.83 (VIOLATED)
output721/Z                            60.65   78.47  -17.81 (VIOLATED)
output1087/Z                           60.65   78.44  -17.79 (VIOLATED)
output616/Z                            60.65   78.41  -17.75 (VIOLATED)
output946/Z                            60.65   78.29  -17.64 (VIOLATED)
output671/Z                            60.65   78.06  -17.41 (VIOLATED)
output789/Z                            60.65   77.80  -17.14 (VIOLATED)
output971/Z                            60.65   77.58  -16.93 (VIOLATED)
output1063/Z                           60.65   77.23  -16.58 (VIOLATED)
output536/Z                            60.65   77.20  -16.54 (VIOLATED)
output619/Z                            60.65   77.10  -16.45 (VIOLATED)
output840/Z                            60.65   77.04  -16.39 (VIOLATED)
output514/Z                            60.65   76.95  -16.29 (VIOLATED)
output691/Z                            60.65   76.70  -16.05 (VIOLATED)
output1006/Z                           60.65   76.46  -15.81 (VIOLATED)
output596/Z                            60.65   76.23  -15.57 (VIOLATED)
output1007/Z                           60.65   75.71  -15.05 (VIOLATED)
output543/Z                            60.65   75.12  -14.46 (VIOLATED)
output741/Z                            60.65   74.90  -14.24 (VIOLATED)
output591/Z                            60.65   74.63  -13.97 (VIOLATED)
output928/Z                            60.65   74.39  -13.74 (VIOLATED)
output676/Z                            60.65   74.14  -13.48 (VIOLATED)
output539/Z                            60.65   74.03  -13.38 (VIOLATED)
output939/Z                            60.65   74.02  -13.36 (VIOLATED)
output610/Z                            60.65   73.82  -13.17 (VIOLATED)
output584/Z                            60.65   73.67  -13.01 (VIOLATED)
output835/Z                            60.65   72.86  -12.20 (VIOLATED)
output582/Z                            60.65   72.83  -12.18 (VIOLATED)
output905/Z                            60.65   72.70  -12.05 (VIOLATED)
output580/Z                            60.65   72.65  -12.00 (VIOLATED)
output658/Z                            60.65   72.61  -11.96 (VIOLATED)
output754/Z                            60.65   72.58  -11.92 (VIOLATED)
output900/Z                            60.65   72.55  -11.89 (VIOLATED)
output513/Z                            60.65   72.49  -11.83 (VIOLATED)
output1004/Z                           60.65   72.42  -11.77 (VIOLATED)
output598/Z                            60.65   72.19  -11.54 (VIOLATED)
output783/Z                            60.65   72.14  -11.49 (VIOLATED)
output1009/Z                           60.65   72.09  -11.44 (VIOLATED)
output787/Z                            60.65   71.82  -11.17 (VIOLATED)
output796/Z                            60.65   71.77  -11.11 (VIOLATED)
output602/Z                            60.65   71.57  -10.92 (VIOLATED)
output1084/Z                           60.65   71.41  -10.75 (VIOLATED)
output615/Z                            60.65   71.11  -10.45 (VIOLATED)
output500/Z                            60.65   71.10  -10.45 (VIOLATED)
output994/Z                            60.65   71.01  -10.36 (VIOLATED)
output704/Z                            60.65   70.96  -10.31 (VIOLATED)
output690/Z                            60.65   70.93  -10.28 (VIOLATED)
output863/Z                            60.65   70.93  -10.27 (VIOLATED)
output934/Z                            60.65   70.90  -10.25 (VIOLATED)
output557/Z                            60.65   70.85  -10.20 (VIOLATED)
output833/Z                            60.65   70.82  -10.16 (VIOLATED)
output1014/Z                           60.65   70.64   -9.99 (VIOLATED)
output872/Z                            60.65   70.57   -9.92 (VIOLATED)
output960/Z                            60.65   70.57   -9.92 (VIOLATED)
output755/Z                            60.65   70.56   -9.91 (VIOLATED)
output601/Z                            60.65   70.43   -9.77 (VIOLATED)
output847/Z                            60.65   70.41   -9.76 (VIOLATED)
output932/Z                            60.65   70.41   -9.76 (VIOLATED)
output608/Z                            60.65   70.27   -9.62 (VIOLATED)
output799/Z                            60.65   70.18   -9.53 (VIOLATED)
output871/Z                            60.65   70.17   -9.52 (VIOLATED)
output503/Z                            60.65   70.12   -9.47 (VIOLATED)
output567/Z                            60.65   70.11   -9.45 (VIOLATED)
output583/Z                            60.65   69.75   -9.09 (VIOLATED)
output805/Z                            60.65   69.61   -8.96 (VIOLATED)
output767/Z                            60.65   69.40   -8.74 (VIOLATED)
output842/Z                            60.65   69.19   -8.54 (VIOLATED)
output857/Z                            60.65   69.04   -8.39 (VIOLATED)
output940/Z                            60.65   69.02   -8.37 (VIOLATED)
output884/Z                            60.65   69.00   -8.34 (VIOLATED)
output1010/Z                           60.65   68.99   -8.33 (VIOLATED)
output790/Z                            60.65   68.96   -8.31 (VIOLATED)
output736/Z                            60.65   68.74   -8.09 (VIOLATED)
output710/Z                            60.65   68.47   -7.81 (VIOLATED)
output800/Z                            60.65   68.45   -7.80 (VIOLATED)
output866/Z                            60.65   68.41   -7.75 (VIOLATED)
output550/Z                            60.65   68.34   -7.69 (VIOLATED)
output612/Z                            60.65   68.33   -7.68 (VIOLATED)
output1040/Z                           60.65   68.27   -7.62 (VIOLATED)
output947/Z                            60.65   68.21   -7.55 (VIOLATED)
output923/Z                            60.65   68.20   -7.55 (VIOLATED)
output777/Z                            60.65   68.18   -7.52 (VIOLATED)
output1056/Z                           60.65   67.98   -7.33 (VIOLATED)
output869/Z                            60.65   67.90   -7.25 (VIOLATED)
output645/Z                            60.65   67.83   -7.17 (VIOLATED)
output717/Z                            60.65   67.62   -6.96 (VIOLATED)
output819/Z                            60.65   67.58   -6.93 (VIOLATED)
output1097/Z                           60.65   67.42   -6.76 (VIOLATED)
output915/Z                            60.65   67.38   -6.72 (VIOLATED)
output924/Z                            60.65   67.31   -6.66 (VIOLATED)
output1074/Z                           60.65   67.29   -6.64 (VIOLATED)
output534/Z                            60.65   67.20   -6.55 (VIOLATED)
output854/Z                            60.65   67.03   -6.38 (VIOLATED)
output885/Z                            60.65   66.82   -6.16 (VIOLATED)
output1054/Z                           60.65   66.72   -6.06 (VIOLATED)
output1091/Z                           60.65   66.52   -5.87 (VIOLATED)
output976/Z                            60.65   66.43   -5.78 (VIOLATED)
output763/Z                            60.65   66.37   -5.72 (VIOLATED)
output851/Z                            60.65   66.32   -5.66 (VIOLATED)
output864/Z                            60.65   66.24   -5.58 (VIOLATED)
output891/Z                            60.65   66.23   -5.57 (VIOLATED)
output746/Z                            60.65   66.08   -5.42 (VIOLATED)
output740/Z                            60.65   65.98   -5.33 (VIOLATED)
output719/Z                            60.65   65.97   -5.32 (VIOLATED)
output511/Z                            60.65   65.92   -5.26 (VIOLATED)
output590/Z                            60.65   65.91   -5.25 (VIOLATED)
output1005/Z                           60.65   65.69   -5.04 (VIOLATED)
output639/Z                            60.65   65.69   -5.04 (VIOLATED)
output604/Z                            60.65   65.68   -5.03 (VIOLATED)
output850/Z                            60.65   65.51   -4.86 (VIOLATED)
output566/Z                            60.65   65.26   -4.60 (VIOLATED)
output817/Z                            60.65   65.25   -4.60 (VIOLATED)
output911/Z                            60.65   65.24   -4.58 (VIOLATED)
output641/Z                            60.65   65.08   -4.43 (VIOLATED)
output743/Z                            60.65   65.05   -4.39 (VIOLATED)
output551/Z                            60.65   64.96   -4.30 (VIOLATED)
output794/Z                            60.65   64.68   -4.03 (VIOLATED)
output1037/Z                           60.65   64.64   -3.99 (VIOLATED)
output936/Z                            60.65   64.53   -3.88 (VIOLATED)
output715/Z                            60.65   64.50   -3.85 (VIOLATED)
output593/Z                            60.65   64.26   -3.61 (VIOLATED)
output1045/Z                           60.65   64.02   -3.37 (VIOLATED)
output1029/Z                           60.65   63.97   -3.31 (VIOLATED)
output588/Z                            60.65   63.91   -3.26 (VIOLATED)
output493/Z                            60.65   63.79   -3.13 (VIOLATED)
output553/Z                            60.65   63.72   -3.07 (VIOLATED)
output1067/Z                           60.65   63.34   -2.68 (VIOLATED)
output496/Z                            60.65   63.25   -2.60 (VIOLATED)
output1070/Z                           60.65   63.25   -2.59 (VIOLATED)
output1093/Z                           60.65   63.16   -2.51 (VIOLATED)
output642/Z                            60.65   63.11   -2.46 (VIOLATED)
output685/Z                            60.65   63.08   -2.43 (VIOLATED)
output1055/Z                           60.65   62.91   -2.25 (VIOLATED)
output815/Z                            60.65   62.83   -2.18 (VIOLATED)
output856/Z                            60.65   62.74   -2.08 (VIOLATED)
output506/Z                            60.65   62.49   -1.83 (VIOLATED)
output1100/Z                           60.65   62.35   -1.70 (VIOLATED)
output1062/Z                           60.65   62.30   -1.64 (VIOLATED)
output1092/Z                           60.65   62.28   -1.63 (VIOLATED)
output1094/Z                           60.65   62.14   -1.48 (VIOLATED)
output679/Z                            60.65   62.10   -1.45 (VIOLATED)
output1031/Z                           60.65   62.01   -1.36 (VIOLATED)
output709/Z                            60.65   61.92   -1.27 (VIOLATED)
output1069/Z                           60.65   61.90   -1.25 (VIOLATED)
output535/Z                            60.65   61.82   -1.17 (VIOLATED)
output1015/Z                           60.65   61.67   -1.01 (VIOLATED)
output533/Z                            60.65   61.52   -0.87 (VIOLATED)
output1049/Z                           60.65   61.44   -0.79 (VIOLATED)
output803/Z                            60.65   61.27   -0.62 (VIOLATED)
output914/Z                            60.65   61.19   -0.54 (VIOLATED)
output778/Z                            60.65   61.11   -0.46 (VIOLATED)
output814/Z                            60.65   61.11   -0.46 (VIOLATED)
output831/Z                            60.65   61.09   -0.44 (VIOLATED)
output1085/Z                           60.65   61.04   -0.38 (VIOLATED)
output888/Z                            60.65   60.67   -0.02 (VIOLATED)


==========================================================================
finish max_slew_check_slack
--------------------------------------------------------------------------
-0.022174999117851257

==========================================================================
finish max_slew_check_limit
--------------------------------------------------------------------------
0.1985349953174591

==========================================================================
finish max_slew_check_slack_limit
--------------------------------------------------------------------------
-0.1117

==========================================================================
finish max_fanout_check_slack
--------------------------------------------------------------------------
1.0000000150474662e+30

==========================================================================
finish max_fanout_check_limit
--------------------------------------------------------------------------
1.0000000150474662e+30

==========================================================================
finish max_capacitance_check_slack
--------------------------------------------------------------------------
-74.4354019165039

==========================================================================
finish max_capacitance_check_limit
--------------------------------------------------------------------------
121.15499877929688

==========================================================================
finish max_capacitance_check_slack_limit
--------------------------------------------------------------------------
-0.6144

==========================================================================
finish max_slew_violation_count
--------------------------------------------------------------------------
max slew violation count 9

==========================================================================
finish max_fanout_violation_count
--------------------------------------------------------------------------
max fanout violation count 0

==========================================================================
finish max_cap_violation_count
--------------------------------------------------------------------------
max cap violation count 253

==========================================================================
finish setup_violation_count
--------------------------------------------------------------------------
setup violation count 792

==========================================================================
finish hold_violation_count
--------------------------------------------------------------------------
hold violation count 122
+_+_+_+_+_+_+_+_+_+_+_+_+_+_+_+_+-
Startpoint: rst_l (input port clocked by core_clock)
Endpoint: swerv/dec/arf/_15809_
          (recovery check against rising-edge clock core_clock)
Path Group: asynchronous
Path Type: max

  Delay    Time   Description
---------------------------------------------------------
   0.00    0.00   clock core_clock (rise edge)
   0.00    0.00   clock network delay (ideal)
   0.40    0.40 ^ input external delay
   0.00    0.40 ^ rst_l (in)
   0.10    0.50 ^ input386/Z (BUF_X4_bottom)
   0.02    0.51 v swerv/_07555_/ZN (INV_X1_bottom)
   0.05    0.56 ^ swerv/_07557_/ZN (AOI21_X4_bottom)
   0.00    0.56 ^ HBT_BOTIN_1/TOP (HBT_BOTIN)
   0.02    0.58 ^ max_length8142/Z (BUF_X16_upper)
   0.05    0.63 ^ max_cap8140/Z (BUF_X16_upper)
   0.03    0.67 ^ wire8001/Z (BUF_X16_upper)
   0.03    0.70 ^ max_cap8000/Z (BUF_X16_upper)
   0.03    0.73 ^ wire7997/Z (BUF_X16_upper)
   0.04    0.77 ^ max_cap7996/Z (BUF_X16_upper)
   0.03    0.80 ^ wire7993/Z (BUF_X16_upper)
   0.00    0.80 ^ HBT_TOPIN_14784/BOT (HBT_TOPIN)
   0.02    0.81 ^ max_cap7992/Z (BUF_X16_bottom)
   0.00    0.81 ^ HBT_BOTIN_14783/TOP (HBT_BOTIN)
   0.02    0.83 ^ max_cap7990/Z (BUF_X16_upper)
   0.01    0.84 ^ HBT_TOPIN_14781/BOT (HBT_TOPIN)
   0.02    0.86 ^ max_cap7989/Z (BUF_X16_bottom)
   0.02    0.88 ^ max_cap7988/Z (BUF_X16_bottom)
   0.03    0.91 ^ wire7987/Z (BUF_X16_bottom)
   0.04    0.95 ^ max_length7986/Z (BUF_X16_bottom)
   0.03    0.98 ^ max_cap7985/Z (BUF_X16_bottom)
   0.02    1.00 ^ wire7984/Z (BUF_X16_bottom)
   0.00    1.00 ^ HBT_BOTIN_14774/TOP (HBT_BOTIN)
   0.03    1.03 ^ max_length7983/Z (BUF_X16_upper)
   0.04    1.07 ^ max_length7968/Z (BUF_X16_upper)
   0.03    1.10 ^ max_cap7966/Z (BUF_X16_upper)
   0.03    1.13 ^ max_cap7964/Z (BUF_X16_upper)
   0.00    1.13 ^ HBT_TOPIN_14752/BOT (HBT_TOPIN)
   0.02    1.15 ^ max_length7963/Z (BUF_X16_bottom)
   0.03    1.19 ^ max_length7962/Z (BUF_X16_bottom)
   0.02    1.21 ^ max_cap7961/Z (BUF_X16_bottom)
   0.00    1.21 ^ HBT_BOTIN_14749/TOP (HBT_BOTIN)
   0.03    1.24 ^ max_cap7960/Z (BUF_X16_upper)
   0.03    1.27 ^ max_length7959/Z (BUF_X16_upper)
   0.03    1.30 ^ max_length7958/Z (BUF_X16_upper)
   0.00    1.30 ^ HBT_TOPIN_14745/BOT (HBT_TOPIN)
   0.00    1.30 ^ swerv/dec/arf/_15809_/RN (DFFR_X2_bottom)
           1.30   data arrival time

   2.00    2.00   clock core_clock (rise edge)
   0.00    2.00   clock network delay (ideal)
   0.00    2.00   clock reconvergence pessimism
           2.00 ^ swerv/dec/arf/_15809_/CK (DFFR_X2_bottom)
   0.05    2.05   library recovery time
           2.05   data required time
---------------------------------------------------------
           2.05   data required time
          -1.30   data arrival time
---------------------------------------------------------
           0.76   slack (MET)


Startpoint: rst_l (input port clocked by core_clock)
Endpoint: swerv/dec/arf/_15925_
          (recovery check against rising-edge clock core_clock)
Path Group: asynchronous
Path Type: max

  Delay    Time   Description
---------------------------------------------------------
   0.00    0.00   clock core_clock (rise edge)
   0.00    0.00   clock network delay (ideal)
   0.40    0.40 ^ input external delay
   0.00    0.40 ^ rst_l (in)
   0.10    0.50 ^ input386/Z (BUF_X4_bottom)
   0.02    0.51 v swerv/_07555_/ZN (INV_X1_bottom)
   0.05    0.56 ^ swerv/_07557_/ZN (AOI21_X4_bottom)
   0.00    0.56 ^ HBT_BOTIN_1/TOP (HBT_BOTIN)
   0.02    0.58 ^ max_length8142/Z (BUF_X16_upper)
   0.05    0.63 ^ max_cap8140/Z (BUF_X16_upper)
   0.03    0.67 ^ wire8001/Z (BUF_X16_upper)
   0.03    0.70 ^ max_cap8000/Z (BUF_X16_upper)
   0.03    0.73 ^ wire7997/Z (BUF_X16_upper)
   0.04    0.77 ^ max_cap7996/Z (BUF_X16_upper)
   0.03    0.80 ^ wire7993/Z (BUF_X16_upper)
   0.00    0.80 ^ HBT_TOPIN_14784/BOT (HBT_TOPIN)
   0.02    0.81 ^ max_cap7992/Z (BUF_X16_bottom)
   0.00    0.81 ^ HBT_BOTIN_14783/TOP (HBT_BOTIN)
   0.02    0.83 ^ max_cap7990/Z (BUF_X16_upper)
   0.01    0.84 ^ HBT_TOPIN_14781/BOT (HBT_TOPIN)
   0.02    0.86 ^ max_cap7989/Z (BUF_X16_bottom)
   0.02    0.88 ^ max_cap7988/Z (BUF_X16_bottom)
   0.03    0.91 ^ wire7987/Z (BUF_X16_bottom)
   0.04    0.95 ^ max_length7986/Z (BUF_X16_bottom)
   0.03    0.98 ^ max_cap7985/Z (BUF_X16_bottom)
   0.02    1.00 ^ wire7984/Z (BUF_X16_bottom)
   0.00    1.00 ^ HBT_BOTIN_14774/TOP (HBT_BOTIN)
   0.03    1.03 ^ max_length7983/Z (BUF_X16_upper)
   0.04    1.07 ^ max_length7968/Z (BUF_X16_upper)
   0.03    1.10 ^ max_cap7966/Z (BUF_X16_upper)
   0.03    1.13 ^ max_cap7964/Z (BUF_X16_upper)
   0.00    1.13 ^ HBT_TOPIN_14752/BOT (HBT_TOPIN)
   0.02    1.15 ^ max_length7963/Z (BUF_X16_bottom)
   0.03    1.19 ^ max_length7962/Z (BUF_X16_bottom)
   0.02    1.21 ^ max_cap7961/Z (BUF_X16_bottom)
   0.00    1.21 ^ HBT_BOTIN_14749/TOP (HBT_BOTIN)
   0.03    1.24 ^ max_cap7960/Z (BUF_X16_upper)
   0.03    1.27 ^ max_length7959/Z (BUF_X16_upper)
   0.03    1.30 ^ max_length7958/Z (BUF_X16_upper)
   0.00    1.30 ^ HBT_TOPIN_14745/BOT (HBT_TOPIN)
   0.00    1.30 ^ swerv/dec/arf/_15925_/RN (DFFR_X2_bottom)
           1.30   data arrival time

   2.00    2.00   clock core_clock (rise edge)
   0.00    2.00   clock network delay (ideal)
   0.00    2.00   clock reconvergence pessimism
           2.00 ^ swerv/dec/arf/_15925_/CK (DFFR_X2_bottom)
   0.05    2.05   library recovery time
           2.05   data required time
---------------------------------------------------------
           2.05   data required time
          -1.30   data arrival time
---------------------------------------------------------
           0.76   slack (MET)


Startpoint: rst_l (input port clocked by core_clock)
Endpoint: swerv/dec/arf/_15932_
          (recovery check against rising-edge clock core_clock)
Path Group: asynchronous
Path Type: max

  Delay    Time   Description
---------------------------------------------------------
   0.00    0.00   clock core_clock (rise edge)
   0.00    0.00   clock network delay (ideal)
   0.40    0.40 ^ input external delay
   0.00    0.40 ^ rst_l (in)
   0.10    0.50 ^ input386/Z (BUF_X4_bottom)
   0.02    0.51 v swerv/_07555_/ZN (INV_X1_bottom)
   0.05    0.56 ^ swerv/_07557_/ZN (AOI21_X4_bottom)
   0.00    0.56 ^ HBT_BOTIN_1/TOP (HBT_BOTIN)
   0.02    0.58 ^ max_length8142/Z (BUF_X16_upper)
   0.05    0.63 ^ max_cap8140/Z (BUF_X16_upper)
   0.03    0.67 ^ wire8001/Z (BUF_X16_upper)
   0.03    0.70 ^ max_cap8000/Z (BUF_X16_upper)
   0.03    0.73 ^ wire7997/Z (BUF_X16_upper)
   0.04    0.77 ^ max_cap7996/Z (BUF_X16_upper)
   0.03    0.80 ^ wire7993/Z (BUF_X16_upper)
   0.00    0.80 ^ HBT_TOPIN_14784/BOT (HBT_TOPIN)
   0.02    0.81 ^ max_cap7992/Z (BUF_X16_bottom)
   0.00    0.81 ^ HBT_BOTIN_14783/TOP (HBT_BOTIN)
   0.02    0.83 ^ max_cap7990/Z (BUF_X16_upper)
   0.01    0.84 ^ HBT_TOPIN_14781/BOT (HBT_TOPIN)
   0.02    0.86 ^ max_cap7989/Z (BUF_X16_bottom)
   0.02    0.88 ^ max_cap7988/Z (BUF_X16_bottom)
   0.03    0.91 ^ wire7987/Z (BUF_X16_bottom)
   0.04    0.95 ^ max_length7986/Z (BUF_X16_bottom)
   0.03    0.98 ^ max_cap7985/Z (BUF_X16_bottom)
   0.02    1.00 ^ wire7984/Z (BUF_X16_bottom)
   0.00    1.00 ^ HBT_BOTIN_14774/TOP (HBT_BOTIN)
   0.03    1.03 ^ max_length7983/Z (BUF_X16_upper)
   0.04    1.07 ^ max_length7968/Z (BUF_X16_upper)
   0.03    1.10 ^ max_cap7966/Z (BUF_X16_upper)
   0.03    1.13 ^ max_cap7964/Z (BUF_X16_upper)
   0.00    1.13 ^ HBT_TOPIN_14752/BOT (HBT_TOPIN)
   0.02    1.15 ^ max_length7963/Z (BUF_X16_bottom)
   0.03    1.19 ^ max_length7962/Z (BUF_X16_bottom)
   0.02    1.21 ^ max_cap7961/Z (BUF_X16_bottom)
   0.00    1.21 ^ HBT_BOTIN_14749/TOP (HBT_BOTIN)
   0.03    1.24 ^ max_cap7960/Z (BUF_X16_upper)
   0.03    1.27 ^ max_length7959/Z (BUF_X16_upper)
   0.03    1.30 ^ max_length7958/Z (BUF_X16_upper)
   0.00    1.30 ^ HBT_TOPIN_14745/BOT (HBT_TOPIN)
   0.00    1.30 ^ swerv/dec/arf/_15932_/RN (DFFR_X2_bottom)
           1.30   data arrival time

   2.00    2.00   clock core_clock (rise edge)
   0.00    2.00   clock network delay (ideal)
   0.00    2.00   clock reconvergence pessimism
           2.00 ^ swerv/dec/arf/_15932_/CK (DFFR_X2_bottom)
   0.05    2.05   library recovery time
           2.05   data required time
---------------------------------------------------------
           2.05   data required time
          -1.30   data arrival time
---------------------------------------------------------
           0.76   slack (MET)


Startpoint: rst_l (input port clocked by core_clock)
Endpoint: swerv/dec/arf/_15949_
          (recovery check against rising-edge clock core_clock)
Path Group: asynchronous
Path Type: max

  Delay    Time   Description
---------------------------------------------------------
   0.00    0.00   clock core_clock (rise edge)
   0.00    0.00   clock network delay (ideal)
   0.40    0.40 ^ input external delay
   0.00    0.40 ^ rst_l (in)
   0.10    0.50 ^ input386/Z (BUF_X4_bottom)
   0.02    0.51 v swerv/_07555_/ZN (INV_X1_bottom)
   0.05    0.56 ^ swerv/_07557_/ZN (AOI21_X4_bottom)
   0.00    0.56 ^ HBT_BOTIN_1/TOP (HBT_BOTIN)
   0.02    0.58 ^ max_length8142/Z (BUF_X16_upper)
   0.05    0.63 ^ max_cap8140/Z (BUF_X16_upper)
   0.03    0.67 ^ wire8001/Z (BUF_X16_upper)
   0.03    0.70 ^ max_cap8000/Z (BUF_X16_upper)
   0.03    0.73 ^ wire7997/Z (BUF_X16_upper)
   0.04    0.77 ^ max_cap7996/Z (BUF_X16_upper)
   0.03    0.80 ^ wire7993/Z (BUF_X16_upper)
   0.00    0.80 ^ HBT_TOPIN_14784/BOT (HBT_TOPIN)
   0.02    0.81 ^ max_cap7992/Z (BUF_X16_bottom)
   0.00    0.81 ^ HBT_BOTIN_14783/TOP (HBT_BOTIN)
   0.02    0.83 ^ max_cap7990/Z (BUF_X16_upper)
   0.01    0.84 ^ HBT_TOPIN_14781/BOT (HBT_TOPIN)
   0.02    0.86 ^ max_cap7989/Z (BUF_X16_bottom)
   0.02    0.88 ^ max_cap7988/Z (BUF_X16_bottom)
   0.03    0.91 ^ wire7987/Z (BUF_X16_bottom)
   0.04    0.95 ^ max_length7986/Z (BUF_X16_bottom)
   0.03    0.98 ^ max_cap7985/Z (BUF_X16_bottom)
   0.02    1.00 ^ wire7984/Z (BUF_X16_bottom)
   0.00    1.00 ^ HBT_BOTIN_14774/TOP (HBT_BOTIN)
   0.03    1.03 ^ max_length7983/Z (BUF_X16_upper)
   0.04    1.07 ^ max_length7968/Z (BUF_X16_upper)
   0.03    1.10 ^ max_cap7966/Z (BUF_X16_upper)
   0.03    1.13 ^ max_cap7964/Z (BUF_X16_upper)
   0.00    1.13 ^ HBT_TOPIN_14752/BOT (HBT_TOPIN)
   0.02    1.15 ^ max_length7963/Z (BUF_X16_bottom)
   0.03    1.19 ^ max_length7962/Z (BUF_X16_bottom)
   0.02    1.21 ^ max_cap7961/Z (BUF_X16_bottom)
   0.00    1.21 ^ HBT_BOTIN_14749/TOP (HBT_BOTIN)
   0.03    1.24 ^ max_cap7960/Z (BUF_X16_upper)
   0.03    1.27 ^ max_length7959/Z (BUF_X16_upper)
   0.03    1.30 ^ max_length7958/Z (BUF_X16_upper)
   0.00    1.30 ^ HBT_TOPIN_14745/BOT (HBT_TOPIN)
   0.00    1.30 ^ swerv/dec/arf/_15949_/RN (DFFR_X2_bottom)
           1.30   data arrival time

   2.00    2.00   clock core_clock (rise edge)
   0.00    2.00   clock network delay (ideal)
   0.00    2.00   clock reconvergence pessimism
           2.00 ^ swerv/dec/arf/_15949_/CK (DFFR_X2_bottom)
   0.05    2.05   library recovery time
           2.05   data required time
---------------------------------------------------------
           2.05   data required time
          -1.30   data arrival time
---------------------------------------------------------
           0.76   slack (MET)


Startpoint: rst_l (input port clocked by core_clock)
Endpoint: swerv/dec/arf/_16257_
          (recovery check against rising-edge clock core_clock)
Path Group: asynchronous
Path Type: max

  Delay    Time   Description
---------------------------------------------------------
   0.00    0.00   clock core_clock (rise edge)
   0.00    0.00   clock network delay (ideal)
   0.40    0.40 ^ input external delay
   0.00    0.40 ^ rst_l (in)
   0.10    0.50 ^ input386/Z (BUF_X4_bottom)
   0.02    0.51 v swerv/_07555_/ZN (INV_X1_bottom)
   0.05    0.56 ^ swerv/_07557_/ZN (AOI21_X4_bottom)
   0.00    0.56 ^ HBT_BOTIN_1/TOP (HBT_BOTIN)
   0.02    0.58 ^ max_length8142/Z (BUF_X16_upper)
   0.05    0.63 ^ max_cap8140/Z (BUF_X16_upper)
   0.03    0.67 ^ wire8001/Z (BUF_X16_upper)
   0.03    0.70 ^ max_cap8000/Z (BUF_X16_upper)
   0.03    0.73 ^ wire7997/Z (BUF_X16_upper)
   0.04    0.77 ^ max_cap7996/Z (BUF_X16_upper)
   0.03    0.80 ^ wire7993/Z (BUF_X16_upper)
   0.00    0.80 ^ HBT_TOPIN_14784/BOT (HBT_TOPIN)
   0.02    0.81 ^ max_cap7992/Z (BUF_X16_bottom)
   0.00    0.81 ^ HBT_BOTIN_14783/TOP (HBT_BOTIN)
   0.02    0.83 ^ max_cap7990/Z (BUF_X16_upper)
   0.01    0.84 ^ HBT_TOPIN_14781/BOT (HBT_TOPIN)
   0.02    0.86 ^ max_cap7989/Z (BUF_X16_bottom)
   0.02    0.88 ^ max_cap7988/Z (BUF_X16_bottom)
   0.03    0.91 ^ wire7987/Z (BUF_X16_bottom)
   0.04    0.95 ^ max_length7986/Z (BUF_X16_bottom)
   0.03    0.98 ^ max_cap7985/Z (BUF_X16_bottom)
   0.02    1.00 ^ wire7984/Z (BUF_X16_bottom)
   0.00    1.00 ^ HBT_BOTIN_14774/TOP (HBT_BOTIN)
   0.03    1.03 ^ max_length7983/Z (BUF_X16_upper)
   0.04    1.07 ^ max_length7968/Z (BUF_X16_upper)
   0.03    1.10 ^ max_cap7966/Z (BUF_X16_upper)
   0.03    1.13 ^ max_cap7964/Z (BUF_X16_upper)
   0.00    1.13 ^ HBT_TOPIN_14752/BOT (HBT_TOPIN)
   0.02    1.15 ^ max_length7963/Z (BUF_X16_bottom)
   0.03    1.19 ^ max_length7962/Z (BUF_X16_bottom)
   0.02    1.21 ^ max_cap7961/Z (BUF_X16_bottom)
   0.00    1.21 ^ HBT_BOTIN_14749/TOP (HBT_BOTIN)
   0.03    1.24 ^ max_cap7960/Z (BUF_X16_upper)
   0.03    1.27 ^ max_length7959/Z (BUF_X16_upper)
   0.03    1.30 ^ max_length7958/Z (BUF_X16_upper)
   0.00    1.30 ^ HBT_TOPIN_14745/BOT (HBT_TOPIN)
   0.00    1.30 ^ swerv/dec/arf/_16257_/RN (DFFR_X2_bottom)
           1.30   data arrival time

   2.00    2.00   clock core_clock (rise edge)
   0.00    2.00   clock network delay (ideal)
   0.00    2.00   clock reconvergence pessimism
           2.00 ^ swerv/dec/arf/_16257_/CK (DFFR_X2_bottom)
   0.05    2.05   library recovery time
           2.05   data required time
---------------------------------------------------------
           2.05   data required time
          -1.30   data arrival time
---------------------------------------------------------
           0.76   slack (MET)


Startpoint: swerv/lsu/stbuf/_19960_
            (rising edge-triggered flip-flop clocked by core_clock)
Endpoint: swerv/dec/_6819_
          (rising edge-triggered flip-flop clocked by core_clock)
Path Group: core_clock
Path Type: max

  Delay    Time   Description
---------------------------------------------------------
   0.00    0.00   clock core_clock (rise edge)
   0.00    0.00   clock network delay (ideal)
   0.00    0.00 ^ swerv/lsu/stbuf/_19960_/CK (DFFR_X2_upper)
   0.23    0.23 ^ swerv/lsu/stbuf/_19960_/Q (DFFR_X2_upper)
   0.01    0.25 v swerv/lsu/_4425_/ZN (NOR2_X1_upper)
   0.03    0.28 ^ swerv/lsu/_4428_/ZN (OAI21_X1_upper)
   0.02    0.30 v swerv/lsu/_4431_/ZN (AOI21_X2_upper)
   0.06    0.36 ^ swerv/lsu/_4442_/ZN (AOI211_X2_upper)
   0.03    0.39 v swerv/lsu/_4443_/ZN (OAI21_X2_upper)
   0.03    0.41 ^ swerv/lsu/_4444_/ZN (AOI21_X4_upper)
   0.00    0.41 ^ HBT_TOPIN_111693/BOT (HBT_TOPIN)
   0.03    0.45 ^ swerv/lsu/_5442_/Z (MUX2_X2_bottom)
   0.04    0.48 ^ swerv/lsu/_8286_/CO (HA_X1_bottom)
   0.05    0.53 ^ swerv/lsu/_8272_/CO (FA_X1_bottom)
   0.01    0.55 v swerv/lsu/_5469_/ZN (INV_X1_bottom)
   0.18    0.72 ^ swerv/lsu/_8273_/S (FA_X1_bottom)
   0.00    0.73 v swerv/lsu/_5764_/ZN (INV_X16_bottom)
   0.03    0.76 v wire2821/Z (BUF_X4_bottom)
   0.06    0.81 v swerv/lsu/bus_intf/_1949_/Z (XOR2_X2_bottom)
   0.01    0.82 ^ swerv/lsu/bus_intf/bus_buffer/_10762_/ZN (INV_X1_bottom)
   0.02    0.85 v swerv/lsu/bus_intf/bus_buffer/_10763_/ZN (NAND3_X1_bottom)
   0.10    0.95 v swerv/lsu/bus_intf/bus_buffer/_21338_/S (FA_X1_bottom)
   0.11    1.07 ^ swerv/lsu/bus_intf/bus_buffer/_21341_/S (FA_X1_bottom)
   0.01    1.08 v swerv/lsu/bus_intf/bus_buffer/_20584_/ZN (INV_X1_bottom)
   0.11    1.19 ^ swerv/lsu/bus_intf/bus_buffer/_21344_/S (FA_X1_bottom)
   0.01    1.20 v swerv/lsu/bus_intf/bus_buffer/_20575_/ZN (INV_X1_bottom)
   0.11    1.31 ^ swerv/lsu/bus_intf/bus_buffer/_21345_/S (FA_X1_bottom)
   0.01    1.32 v swerv/lsu/bus_intf/bus_buffer/_20586_/ZN (INV_X1_bottom)
   0.03    1.35 v swerv/lsu/bus_intf/bus_buffer/_21362_/CO (HA_X1_bottom)
   0.06    1.41 v swerv/lsu/bus_intf/bus_buffer/_21346_/CO (FA_X1_bottom)
   0.02    1.43 ^ swerv/lsu/bus_intf/bus_buffer/_20581_/ZN (INV_X1_bottom)
   0.05    1.48 ^ swerv/lsu/bus_intf/bus_buffer/_21347_/CO (FA_X1_bottom)
   0.05    1.53 ^ swerv/lsu/bus_intf/bus_buffer/_10823_/Z (XOR2_X2_bottom)
   0.04    1.57 ^ swerv/lsu/bus_intf/bus_buffer/_10824_/ZN (XNOR2_X2_bottom)
   0.02    1.59 v swerv/lsu/bus_intf/bus_buffer/_10826_/ZN (OAI21_X4_bottom)
   0.02    1.62 v wire1448/Z (BUF_X4_bottom)
   0.02    1.64 v wire1447/Z (BUF_X4_bottom)
   0.00    1.64 v HBT_BOTIN_7512/TOP (HBT_BOTIN)
   0.04    1.69 v swerv/lsu/_7047_/ZN (OR2_X2_upper)
   0.03    1.72 v wire1443/Z (BUF_X4_upper)
   0.03    1.75 ^ swerv/dec/decode/_08736_/ZN (OAI21_X1_upper)
   0.05    1.80 ^ swerv/dec/decode/_08737_/ZN (AND4_X2_upper)
   0.02    1.82 v swerv/dec/decode/_08745_/ZN (NAND4_X1_upper)
   0.07    1.89 v swerv/dec/decode/_08791_/ZN (OR3_X2_upper)
   0.03    1.93 v wire1411/Z (BUF_X2_upper)
   0.06    1.99 v swerv/dec/decode/_08925_/ZN (OR3_X2_upper)
   0.10    2.09 v swerv/dec/decode/_08944_/ZN (OR4_X2_upper)
   0.04    2.12 ^ swerv/dec/decode/_09004_/ZN (NOR2_X2_upper)
   0.04    2.16 v swerv/dec/decode/_09012_/ZN (NAND3_X4_upper)
   0.03    2.19 v wire1247/Z (BUF_X4_upper)
   0.00    2.19 v HBT_TOPIN_6892/BOT (HBT_TOPIN)
   0.02    2.22 v wire1246/Z (BUF_X8_bottom)
   0.02    2.24 ^ swerv/dec/decode/_09014_/ZN (INV_X8_bottom)
   0.01    2.25 v swerv/dec/_3440_/ZN (NAND2_X1_bottom)
   0.04    2.29 ^ swerv/dec/_3441_/ZN (OAI22_X1_bottom)
   0.02    2.31 v swerv/dec/_3442_/ZN (NAND2_X1_bottom)
   0.03    2.34 ^ swerv/dec/_3445_/ZN (OAI21_X2_bottom)
   0.06    2.40 ^ swerv/dec/_3565_/ZN (AND2_X4_bottom)
   0.03    2.43 ^ max_length1142/Z (BUF_X16_bottom)
   0.03    2.46 ^ max_length1141/Z (BUF_X8_bottom)
   0.03    2.49 ^ max_length1140/Z (BUF_X16_bottom)
   0.03    2.52 ^ wire1139/Z (BUF_X8_bottom)
   0.03    2.55 ^ max_length1138/Z (BUF_X16_bottom)
   0.03    2.58 ^ max_length1137/Z (BUF_X8_bottom)
   0.04    2.62 ^ max_length1136/Z (BUF_X8_bottom)
   0.02    2.64 v swerv/dec/_4214_/ZN (AOI222_X2_bottom)
   0.02    2.66 ^ swerv/dec/_4215_/ZN (INV_X1_bottom)
   0.00    2.66 ^ swerv/dec/_6819_/D (DFFR_X1_bottom)
           2.66   data arrival time

   2.00    2.00   clock core_clock (rise edge)
   0.00    2.00   clock network delay (ideal)
   0.00    2.00   clock reconvergence pessimism
           2.00 ^ swerv/dec/_6819_/CK (DFFR_X1_bottom)
  -0.03    1.97   library setup time
           1.97   data required time
---------------------------------------------------------
           1.97   data required time
          -2.66   data arrival time
---------------------------------------------------------
          -0.69   slack (VIOLATED)


Startpoint: swerv/lsu/stbuf/_19960_
            (rising edge-triggered flip-flop clocked by core_clock)
Endpoint: swerv/dec/_6835_
          (rising edge-triggered flip-flop clocked by core_clock)
Path Group: core_clock
Path Type: max

  Delay    Time   Description
---------------------------------------------------------
   0.00    0.00   clock core_clock (rise edge)
   0.00    0.00   clock network delay (ideal)
   0.00    0.00 ^ swerv/lsu/stbuf/_19960_/CK (DFFR_X2_upper)
   0.23    0.23 ^ swerv/lsu/stbuf/_19960_/Q (DFFR_X2_upper)
   0.01    0.25 v swerv/lsu/_4425_/ZN (NOR2_X1_upper)
   0.03    0.28 ^ swerv/lsu/_4428_/ZN (OAI21_X1_upper)
   0.02    0.30 v swerv/lsu/_4431_/ZN (AOI21_X2_upper)
   0.06    0.36 ^ swerv/lsu/_4442_/ZN (AOI211_X2_upper)
   0.03    0.39 v swerv/lsu/_4443_/ZN (OAI21_X2_upper)
   0.03    0.41 ^ swerv/lsu/_4444_/ZN (AOI21_X4_upper)
   0.00    0.41 ^ HBT_TOPIN_111693/BOT (HBT_TOPIN)
   0.03    0.45 ^ swerv/lsu/_5442_/Z (MUX2_X2_bottom)
   0.04    0.48 ^ swerv/lsu/_8286_/CO (HA_X1_bottom)
   0.05    0.53 ^ swerv/lsu/_8272_/CO (FA_X1_bottom)
   0.01    0.55 v swerv/lsu/_5469_/ZN (INV_X1_bottom)
   0.18    0.72 ^ swerv/lsu/_8273_/S (FA_X1_bottom)
   0.00    0.73 v swerv/lsu/_5764_/ZN (INV_X16_bottom)
   0.03    0.76 v wire2821/Z (BUF_X4_bottom)
   0.06    0.81 v swerv/lsu/bus_intf/_1949_/Z (XOR2_X2_bottom)
   0.01    0.82 ^ swerv/lsu/bus_intf/bus_buffer/_10762_/ZN (INV_X1_bottom)
   0.02    0.85 v swerv/lsu/bus_intf/bus_buffer/_10763_/ZN (NAND3_X1_bottom)
   0.10    0.95 v swerv/lsu/bus_intf/bus_buffer/_21338_/S (FA_X1_bottom)
   0.11    1.07 ^ swerv/lsu/bus_intf/bus_buffer/_21341_/S (FA_X1_bottom)
   0.01    1.08 v swerv/lsu/bus_intf/bus_buffer/_20584_/ZN (INV_X1_bottom)
   0.11    1.19 ^ swerv/lsu/bus_intf/bus_buffer/_21344_/S (FA_X1_bottom)
   0.01    1.20 v swerv/lsu/bus_intf/bus_buffer/_20575_/ZN (INV_X1_bottom)
   0.11    1.31 ^ swerv/lsu/bus_intf/bus_buffer/_21345_/S (FA_X1_bottom)
   0.01    1.32 v swerv/lsu/bus_intf/bus_buffer/_20586_/ZN (INV_X1_bottom)
   0.03    1.35 v swerv/lsu/bus_intf/bus_buffer/_21362_/CO (HA_X1_bottom)
   0.06    1.41 v swerv/lsu/bus_intf/bus_buffer/_21346_/CO (FA_X1_bottom)
   0.02    1.43 ^ swerv/lsu/bus_intf/bus_buffer/_20581_/ZN (INV_X1_bottom)
   0.05    1.48 ^ swerv/lsu/bus_intf/bus_buffer/_21347_/CO (FA_X1_bottom)
   0.05    1.53 ^ swerv/lsu/bus_intf/bus_buffer/_10823_/Z (XOR2_X2_bottom)
   0.04    1.57 ^ swerv/lsu/bus_intf/bus_buffer/_10824_/ZN (XNOR2_X2_bottom)
   0.02    1.59 v swerv/lsu/bus_intf/bus_buffer/_10826_/ZN (OAI21_X4_bottom)
   0.02    1.62 v wire1448/Z (BUF_X4_bottom)
   0.02    1.64 v wire1447/Z (BUF_X4_bottom)
   0.00    1.64 v HBT_BOTIN_7512/TOP (HBT_BOTIN)
   0.04    1.69 v swerv/lsu/_7047_/ZN (OR2_X2_upper)
   0.03    1.72 v wire1443/Z (BUF_X4_upper)
   0.03    1.75 ^ swerv/dec/decode/_08736_/ZN (OAI21_X1_upper)
   0.05    1.80 ^ swerv/dec/decode/_08737_/ZN (AND4_X2_upper)
   0.02    1.82 v swerv/dec/decode/_08745_/ZN (NAND4_X1_upper)
   0.07    1.89 v swerv/dec/decode/_08791_/ZN (OR3_X2_upper)
   0.03    1.93 v wire1411/Z (BUF_X2_upper)
   0.06    1.99 v swerv/dec/decode/_08925_/ZN (OR3_X2_upper)
   0.10    2.09 v swerv/dec/decode/_08944_/ZN (OR4_X2_upper)
   0.04    2.12 ^ swerv/dec/decode/_09004_/ZN (NOR2_X2_upper)
   0.04    2.16 v swerv/dec/decode/_09012_/ZN (NAND3_X4_upper)
   0.03    2.19 v wire1247/Z (BUF_X4_upper)
   0.00    2.19 v HBT_TOPIN_6892/BOT (HBT_TOPIN)
   0.02    2.22 v wire1246/Z (BUF_X8_bottom)
   0.02    2.24 ^ swerv/dec/decode/_09014_/ZN (INV_X8_bottom)
   0.01    2.25 v swerv/dec/_3440_/ZN (NAND2_X1_bottom)
   0.04    2.29 ^ swerv/dec/_3441_/ZN (OAI22_X1_bottom)
   0.02    2.31 v swerv/dec/_3442_/ZN (NAND2_X1_bottom)
   0.03    2.34 ^ swerv/dec/_3445_/ZN (OAI21_X2_bottom)
   0.06    2.40 ^ swerv/dec/_3565_/ZN (AND2_X4_bottom)
   0.03    2.43 ^ max_length1142/Z (BUF_X16_bottom)
   0.03    2.46 ^ max_length1141/Z (BUF_X8_bottom)
   0.03    2.49 ^ max_length1140/Z (BUF_X16_bottom)
   0.03    2.52 ^ wire1139/Z (BUF_X8_bottom)
   0.03    2.55 ^ max_length1138/Z (BUF_X16_bottom)
   0.03    2.58 ^ max_length1137/Z (BUF_X8_bottom)
   0.04    2.62 ^ max_length1136/Z (BUF_X8_bottom)
   0.02    2.64 v swerv/dec/_4219_/ZN (AOI222_X2_bottom)
   0.02    2.66 ^ swerv/dec/_4220_/ZN (INV_X1_bottom)
   0.00    2.66 ^ swerv/dec/_6835_/D (DFFR_X1_bottom)
           2.66   data arrival time

   2.00    2.00   clock core_clock (rise edge)
   0.00    2.00   clock network delay (ideal)
   0.00    2.00   clock reconvergence pessimism
           2.00 ^ swerv/dec/_6835_/CK (DFFR_X1_bottom)
  -0.03    1.97   library setup time
           1.97   data required time
---------------------------------------------------------
           1.97   data required time
          -2.66   data arrival time
---------------------------------------------------------
          -0.69   slack (VIOLATED)


Startpoint: swerv/lsu/stbuf/_19960_
            (rising edge-triggered flip-flop clocked by core_clock)
Endpoint: swerv/dec/_6851_
          (rising edge-triggered flip-flop clocked by core_clock)
Path Group: core_clock
Path Type: max

  Delay    Time   Description
---------------------------------------------------------
   0.00    0.00   clock core_clock (rise edge)
   0.00    0.00   clock network delay (ideal)
   0.00    0.00 ^ swerv/lsu/stbuf/_19960_/CK (DFFR_X2_upper)
   0.23    0.23 ^ swerv/lsu/stbuf/_19960_/Q (DFFR_X2_upper)
   0.01    0.25 v swerv/lsu/_4425_/ZN (NOR2_X1_upper)
   0.03    0.28 ^ swerv/lsu/_4428_/ZN (OAI21_X1_upper)
   0.02    0.30 v swerv/lsu/_4431_/ZN (AOI21_X2_upper)
   0.06    0.36 ^ swerv/lsu/_4442_/ZN (AOI211_X2_upper)
   0.03    0.39 v swerv/lsu/_4443_/ZN (OAI21_X2_upper)
   0.03    0.41 ^ swerv/lsu/_4444_/ZN (AOI21_X4_upper)
   0.00    0.41 ^ HBT_TOPIN_111693/BOT (HBT_TOPIN)
   0.03    0.45 ^ swerv/lsu/_5442_/Z (MUX2_X2_bottom)
   0.04    0.48 ^ swerv/lsu/_8286_/CO (HA_X1_bottom)
   0.05    0.53 ^ swerv/lsu/_8272_/CO (FA_X1_bottom)
   0.01    0.55 v swerv/lsu/_5469_/ZN (INV_X1_bottom)
   0.18    0.72 ^ swerv/lsu/_8273_/S (FA_X1_bottom)
   0.00    0.73 v swerv/lsu/_5764_/ZN (INV_X16_bottom)
   0.03    0.76 v wire2821/Z (BUF_X4_bottom)
   0.06    0.81 v swerv/lsu/bus_intf/_1949_/Z (XOR2_X2_bottom)
   0.01    0.82 ^ swerv/lsu/bus_intf/bus_buffer/_10762_/ZN (INV_X1_bottom)
   0.02    0.85 v swerv/lsu/bus_intf/bus_buffer/_10763_/ZN (NAND3_X1_bottom)
   0.10    0.95 v swerv/lsu/bus_intf/bus_buffer/_21338_/S (FA_X1_bottom)
   0.11    1.07 ^ swerv/lsu/bus_intf/bus_buffer/_21341_/S (FA_X1_bottom)
   0.01    1.08 v swerv/lsu/bus_intf/bus_buffer/_20584_/ZN (INV_X1_bottom)
   0.11    1.19 ^ swerv/lsu/bus_intf/bus_buffer/_21344_/S (FA_X1_bottom)
   0.01    1.20 v swerv/lsu/bus_intf/bus_buffer/_20575_/ZN (INV_X1_bottom)
   0.11    1.31 ^ swerv/lsu/bus_intf/bus_buffer/_21345_/S (FA_X1_bottom)
   0.01    1.32 v swerv/lsu/bus_intf/bus_buffer/_20586_/ZN (INV_X1_bottom)
   0.03    1.35 v swerv/lsu/bus_intf/bus_buffer/_21362_/CO (HA_X1_bottom)
   0.06    1.41 v swerv/lsu/bus_intf/bus_buffer/_21346_/CO (FA_X1_bottom)
   0.02    1.43 ^ swerv/lsu/bus_intf/bus_buffer/_20581_/ZN (INV_X1_bottom)
   0.05    1.48 ^ swerv/lsu/bus_intf/bus_buffer/_21347_/CO (FA_X1_bottom)
   0.05    1.53 ^ swerv/lsu/bus_intf/bus_buffer/_10823_/Z (XOR2_X2_bottom)
   0.04    1.57 ^ swerv/lsu/bus_intf/bus_buffer/_10824_/ZN (XNOR2_X2_bottom)
   0.02    1.59 v swerv/lsu/bus_intf/bus_buffer/_10826_/ZN (OAI21_X4_bottom)
   0.02    1.62 v wire1448/Z (BUF_X4_bottom)
   0.02    1.64 v wire1447/Z (BUF_X4_bottom)
   0.00    1.64 v HBT_BOTIN_7512/TOP (HBT_BOTIN)
   0.04    1.69 v swerv/lsu/_7047_/ZN (OR2_X2_upper)
   0.03    1.72 v wire1443/Z (BUF_X4_upper)
   0.03    1.75 ^ swerv/dec/decode/_08736_/ZN (OAI21_X1_upper)
   0.05    1.80 ^ swerv/dec/decode/_08737_/ZN (AND4_X2_upper)
   0.02    1.82 v swerv/dec/decode/_08745_/ZN (NAND4_X1_upper)
   0.07    1.89 v swerv/dec/decode/_08791_/ZN (OR3_X2_upper)
   0.03    1.93 v wire1411/Z (BUF_X2_upper)
   0.06    1.99 v swerv/dec/decode/_08925_/ZN (OR3_X2_upper)
   0.10    2.09 v swerv/dec/decode/_08944_/ZN (OR4_X2_upper)
   0.04    2.12 ^ swerv/dec/decode/_09004_/ZN (NOR2_X2_upper)
   0.04    2.16 v swerv/dec/decode/_09012_/ZN (NAND3_X4_upper)
   0.03    2.19 v wire1247/Z (BUF_X4_upper)
   0.00    2.19 v HBT_TOPIN_6892/BOT (HBT_TOPIN)
   0.02    2.22 v wire1246/Z (BUF_X8_bottom)
   0.02    2.24 ^ swerv/dec/decode/_09014_/ZN (INV_X8_bottom)
   0.01    2.25 v swerv/dec/_3440_/ZN (NAND2_X1_bottom)
   0.04    2.29 ^ swerv/dec/_3441_/ZN (OAI22_X1_bottom)
   0.02    2.31 v swerv/dec/_3442_/ZN (NAND2_X1_bottom)
   0.03    2.34 ^ swerv/dec/_3445_/ZN (OAI21_X2_bottom)
   0.06    2.40 ^ swerv/dec/_3565_/ZN (AND2_X4_bottom)
   0.03    2.43 ^ max_length1142/Z (BUF_X16_bottom)
   0.03    2.46 ^ max_length1141/Z (BUF_X8_bottom)
   0.03    2.49 ^ max_length1140/Z (BUF_X16_bottom)
   0.03    2.52 ^ wire1139/Z (BUF_X8_bottom)
   0.03    2.55 ^ max_length1138/Z (BUF_X16_bottom)
   0.03    2.58 ^ max_length1137/Z (BUF_X8_bottom)
   0.04    2.62 ^ max_length1136/Z (BUF_X8_bottom)
   0.02    2.64 v swerv/dec/_4221_/ZN (AOI222_X2_bottom)
   0.01    2.66 ^ swerv/dec/_4222_/ZN (INV_X1_bottom)
   0.00    2.66 ^ swerv/dec/_6851_/D (DFFR_X1_bottom)
           2.66   data arrival time

   2.00    2.00   clock core_clock (rise edge)
   0.00    2.00   clock network delay (ideal)
   0.00    2.00   clock reconvergence pessimism
           2.00 ^ swerv/dec/_6851_/CK (DFFR_X1_bottom)
  -0.03    1.97   library setup time
           1.97   data required time
---------------------------------------------------------
           1.97   data required time
          -2.66   data arrival time
---------------------------------------------------------
          -0.69   slack (VIOLATED)


Startpoint: swerv/lsu/stbuf/_19960_
            (rising edge-triggered flip-flop clocked by core_clock)
Endpoint: swerv/dec/_6852_
          (rising edge-triggered flip-flop clocked by core_clock)
Path Group: core_clock
Path Type: max

  Delay    Time   Description
---------------------------------------------------------
   0.00    0.00   clock core_clock (rise edge)
   0.00    0.00   clock network delay (ideal)
   0.00    0.00 ^ swerv/lsu/stbuf/_19960_/CK (DFFR_X2_upper)
   0.23    0.23 ^ swerv/lsu/stbuf/_19960_/Q (DFFR_X2_upper)
   0.01    0.25 v swerv/lsu/_4425_/ZN (NOR2_X1_upper)
   0.03    0.28 ^ swerv/lsu/_4428_/ZN (OAI21_X1_upper)
   0.02    0.30 v swerv/lsu/_4431_/ZN (AOI21_X2_upper)
   0.06    0.36 ^ swerv/lsu/_4442_/ZN (AOI211_X2_upper)
   0.03    0.39 v swerv/lsu/_4443_/ZN (OAI21_X2_upper)
   0.03    0.41 ^ swerv/lsu/_4444_/ZN (AOI21_X4_upper)
   0.00    0.41 ^ HBT_TOPIN_111693/BOT (HBT_TOPIN)
   0.03    0.45 ^ swerv/lsu/_5442_/Z (MUX2_X2_bottom)
   0.04    0.48 ^ swerv/lsu/_8286_/CO (HA_X1_bottom)
   0.05    0.53 ^ swerv/lsu/_8272_/CO (FA_X1_bottom)
   0.01    0.55 v swerv/lsu/_5469_/ZN (INV_X1_bottom)
   0.18    0.72 ^ swerv/lsu/_8273_/S (FA_X1_bottom)
   0.00    0.73 v swerv/lsu/_5764_/ZN (INV_X16_bottom)
   0.03    0.76 v wire2821/Z (BUF_X4_bottom)
   0.06    0.81 v swerv/lsu/bus_intf/_1949_/Z (XOR2_X2_bottom)
   0.01    0.82 ^ swerv/lsu/bus_intf/bus_buffer/_10762_/ZN (INV_X1_bottom)
   0.02    0.85 v swerv/lsu/bus_intf/bus_buffer/_10763_/ZN (NAND3_X1_bottom)
   0.10    0.95 v swerv/lsu/bus_intf/bus_buffer/_21338_/S (FA_X1_bottom)
   0.11    1.07 ^ swerv/lsu/bus_intf/bus_buffer/_21341_/S (FA_X1_bottom)
   0.01    1.08 v swerv/lsu/bus_intf/bus_buffer/_20584_/ZN (INV_X1_bottom)
   0.11    1.19 ^ swerv/lsu/bus_intf/bus_buffer/_21344_/S (FA_X1_bottom)
   0.01    1.20 v swerv/lsu/bus_intf/bus_buffer/_20575_/ZN (INV_X1_bottom)
   0.11    1.31 ^ swerv/lsu/bus_intf/bus_buffer/_21345_/S (FA_X1_bottom)
   0.01    1.32 v swerv/lsu/bus_intf/bus_buffer/_20586_/ZN (INV_X1_bottom)
   0.03    1.35 v swerv/lsu/bus_intf/bus_buffer/_21362_/CO (HA_X1_bottom)
   0.06    1.41 v swerv/lsu/bus_intf/bus_buffer/_21346_/CO (FA_X1_bottom)
   0.02    1.43 ^ swerv/lsu/bus_intf/bus_buffer/_20581_/ZN (INV_X1_bottom)
   0.05    1.48 ^ swerv/lsu/bus_intf/bus_buffer/_21347_/CO (FA_X1_bottom)
   0.05    1.53 ^ swerv/lsu/bus_intf/bus_buffer/_10823_/Z (XOR2_X2_bottom)
   0.04    1.57 ^ swerv/lsu/bus_intf/bus_buffer/_10824_/ZN (XNOR2_X2_bottom)
   0.02    1.59 v swerv/lsu/bus_intf/bus_buffer/_10826_/ZN (OAI21_X4_bottom)
   0.02    1.62 v wire1448/Z (BUF_X4_bottom)
   0.02    1.64 v wire1447/Z (BUF_X4_bottom)
   0.00    1.64 v HBT_BOTIN_7512/TOP (HBT_BOTIN)
   0.04    1.69 v swerv/lsu/_7047_/ZN (OR2_X2_upper)
   0.03    1.72 v wire1443/Z (BUF_X4_upper)
   0.03    1.75 ^ swerv/dec/decode/_08736_/ZN (OAI21_X1_upper)
   0.05    1.80 ^ swerv/dec/decode/_08737_/ZN (AND4_X2_upper)
   0.02    1.82 v swerv/dec/decode/_08745_/ZN (NAND4_X1_upper)
   0.07    1.89 v swerv/dec/decode/_08791_/ZN (OR3_X2_upper)
   0.03    1.93 v wire1411/Z (BUF_X2_upper)
   0.06    1.99 v swerv/dec/decode/_08925_/ZN (OR3_X2_upper)
   0.10    2.09 v swerv/dec/decode/_08944_/ZN (OR4_X2_upper)
   0.04    2.12 ^ swerv/dec/decode/_09004_/ZN (NOR2_X2_upper)
   0.04    2.16 v swerv/dec/decode/_09012_/ZN (NAND3_X4_upper)
   0.03    2.19 v wire1247/Z (BUF_X4_upper)
   0.00    2.19 v HBT_TOPIN_6892/BOT (HBT_TOPIN)
   0.02    2.22 v wire1246/Z (BUF_X8_bottom)
   0.02    2.24 ^ swerv/dec/decode/_09014_/ZN (INV_X8_bottom)
   0.01    2.25 v swerv/dec/_3440_/ZN (NAND2_X1_bottom)
   0.04    2.29 ^ swerv/dec/_3441_/ZN (OAI22_X1_bottom)
   0.02    2.31 v swerv/dec/_3442_/ZN (NAND2_X1_bottom)
   0.03    2.34 ^ swerv/dec/_3445_/ZN (OAI21_X2_bottom)
   0.06    2.40 ^ swerv/dec/_3565_/ZN (AND2_X4_bottom)
   0.03    2.43 ^ max_length1142/Z (BUF_X16_bottom)
   0.03    2.46 ^ max_length1141/Z (BUF_X8_bottom)
   0.03    2.49 ^ max_length1140/Z (BUF_X16_bottom)
   0.03    2.52 ^ wire1139/Z (BUF_X8_bottom)
   0.03    2.55 ^ max_length1138/Z (BUF_X16_bottom)
   0.03    2.58 ^ max_length1137/Z (BUF_X8_bottom)
   0.04    2.62 ^ max_length1136/Z (BUF_X8_bottom)
   0.02    2.64 v swerv/dec/_4127_/ZN (AOI222_X2_bottom)
   0.01    2.66 ^ swerv/dec/_4128_/ZN (INV_X1_bottom)
   0.00    2.66 ^ swerv/dec/_6852_/D (DFFR_X1_bottom)
           2.66   data arrival time

   2.00    2.00   clock core_clock (rise edge)
   0.00    2.00   clock network delay (ideal)
   0.00    2.00   clock reconvergence pessimism
           2.00 ^ swerv/dec/_6852_/CK (DFFR_X1_bottom)
  -0.03    1.97   library setup time
           1.97   data required time
---------------------------------------------------------
           1.97   data required time
          -2.66   data arrival time
---------------------------------------------------------
          -0.69   slack (VIOLATED)


Startpoint: swerv/lsu/stbuf/_19960_
            (rising edge-triggered flip-flop clocked by core_clock)
Endpoint: swerv/dec/_6854_
          (rising edge-triggered flip-flop clocked by core_clock)
Path Group: core_clock
Path Type: max

  Delay    Time   Description
---------------------------------------------------------
   0.00    0.00   clock core_clock (rise edge)
   0.00    0.00   clock network delay (ideal)
   0.00    0.00 ^ swerv/lsu/stbuf/_19960_/CK (DFFR_X2_upper)
   0.23    0.23 ^ swerv/lsu/stbuf/_19960_/Q (DFFR_X2_upper)
   0.01    0.25 v swerv/lsu/_4425_/ZN (NOR2_X1_upper)
   0.03    0.28 ^ swerv/lsu/_4428_/ZN (OAI21_X1_upper)
   0.02    0.30 v swerv/lsu/_4431_/ZN (AOI21_X2_upper)
   0.06    0.36 ^ swerv/lsu/_4442_/ZN (AOI211_X2_upper)
   0.03    0.39 v swerv/lsu/_4443_/ZN (OAI21_X2_upper)
   0.03    0.41 ^ swerv/lsu/_4444_/ZN (AOI21_X4_upper)
   0.00    0.41 ^ HBT_TOPIN_111693/BOT (HBT_TOPIN)
   0.03    0.45 ^ swerv/lsu/_5442_/Z (MUX2_X2_bottom)
   0.04    0.48 ^ swerv/lsu/_8286_/CO (HA_X1_bottom)
   0.05    0.53 ^ swerv/lsu/_8272_/CO (FA_X1_bottom)
   0.01    0.55 v swerv/lsu/_5469_/ZN (INV_X1_bottom)
   0.18    0.72 ^ swerv/lsu/_8273_/S (FA_X1_bottom)
   0.00    0.73 v swerv/lsu/_5764_/ZN (INV_X16_bottom)
   0.03    0.76 v wire2821/Z (BUF_X4_bottom)
   0.06    0.81 v swerv/lsu/bus_intf/_1949_/Z (XOR2_X2_bottom)
   0.01    0.82 ^ swerv/lsu/bus_intf/bus_buffer/_10762_/ZN (INV_X1_bottom)
   0.02    0.85 v swerv/lsu/bus_intf/bus_buffer/_10763_/ZN (NAND3_X1_bottom)
   0.10    0.95 v swerv/lsu/bus_intf/bus_buffer/_21338_/S (FA_X1_bottom)
   0.11    1.07 ^ swerv/lsu/bus_intf/bus_buffer/_21341_/S (FA_X1_bottom)
   0.01    1.08 v swerv/lsu/bus_intf/bus_buffer/_20584_/ZN (INV_X1_bottom)
   0.11    1.19 ^ swerv/lsu/bus_intf/bus_buffer/_21344_/S (FA_X1_bottom)
   0.01    1.20 v swerv/lsu/bus_intf/bus_buffer/_20575_/ZN (INV_X1_bottom)
   0.11    1.31 ^ swerv/lsu/bus_intf/bus_buffer/_21345_/S (FA_X1_bottom)
   0.01    1.32 v swerv/lsu/bus_intf/bus_buffer/_20586_/ZN (INV_X1_bottom)
   0.03    1.35 v swerv/lsu/bus_intf/bus_buffer/_21362_/CO (HA_X1_bottom)
   0.06    1.41 v swerv/lsu/bus_intf/bus_buffer/_21346_/CO (FA_X1_bottom)
   0.02    1.43 ^ swerv/lsu/bus_intf/bus_buffer/_20581_/ZN (INV_X1_bottom)
   0.05    1.48 ^ swerv/lsu/bus_intf/bus_buffer/_21347_/CO (FA_X1_bottom)
   0.05    1.53 ^ swerv/lsu/bus_intf/bus_buffer/_10823_/Z (XOR2_X2_bottom)
   0.04    1.57 ^ swerv/lsu/bus_intf/bus_buffer/_10824_/ZN (XNOR2_X2_bottom)
   0.02    1.59 v swerv/lsu/bus_intf/bus_buffer/_10826_/ZN (OAI21_X4_bottom)
   0.02    1.62 v wire1448/Z (BUF_X4_bottom)
   0.02    1.64 v wire1447/Z (BUF_X4_bottom)
   0.00    1.64 v HBT_BOTIN_7512/TOP (HBT_BOTIN)
   0.04    1.69 v swerv/lsu/_7047_/ZN (OR2_X2_upper)
   0.03    1.72 v wire1443/Z (BUF_X4_upper)
   0.03    1.75 ^ swerv/dec/decode/_08736_/ZN (OAI21_X1_upper)
   0.05    1.80 ^ swerv/dec/decode/_08737_/ZN (AND4_X2_upper)
   0.02    1.82 v swerv/dec/decode/_08745_/ZN (NAND4_X1_upper)
   0.07    1.89 v swerv/dec/decode/_08791_/ZN (OR3_X2_upper)
   0.03    1.93 v wire1411/Z (BUF_X2_upper)
   0.06    1.99 v swerv/dec/decode/_08925_/ZN (OR3_X2_upper)
   0.10    2.09 v swerv/dec/decode/_08944_/ZN (OR4_X2_upper)
   0.04    2.12 ^ swerv/dec/decode/_09004_/ZN (NOR2_X2_upper)
   0.04    2.16 v swerv/dec/decode/_09012_/ZN (NAND3_X4_upper)
   0.03    2.19 v wire1247/Z (BUF_X4_upper)
   0.00    2.19 v HBT_TOPIN_6892/BOT (HBT_TOPIN)
   0.02    2.22 v wire1246/Z (BUF_X8_bottom)
   0.02    2.24 ^ swerv/dec/decode/_09014_/ZN (INV_X8_bottom)
   0.01    2.25 v swerv/dec/_3440_/ZN (NAND2_X1_bottom)
   0.04    2.29 ^ swerv/dec/_3441_/ZN (OAI22_X1_bottom)
   0.02    2.31 v swerv/dec/_3442_/ZN (NAND2_X1_bottom)
   0.03    2.34 ^ swerv/dec/_3445_/ZN (OAI21_X2_bottom)
   0.06    2.40 ^ swerv/dec/_3565_/ZN (AND2_X4_bottom)
   0.03    2.43 ^ max_length1142/Z (BUF_X16_bottom)
   0.03    2.46 ^ max_length1141/Z (BUF_X8_bottom)
   0.03    2.49 ^ max_length1140/Z (BUF_X16_bottom)
   0.03    2.52 ^ wire1139/Z (BUF_X8_bottom)
   0.03    2.55 ^ max_length1138/Z (BUF_X16_bottom)
   0.03    2.58 ^ max_length1137/Z (BUF_X8_bottom)
   0.04    2.62 ^ max_length1136/Z (BUF_X8_bottom)
   0.02    2.64 v swerv/dec/_4122_/ZN (AOI222_X2_bottom)
   0.01    2.66 ^ swerv/dec/_4123_/ZN (INV_X1_bottom)
   0.00    2.66 ^ swerv/dec/_6854_/D (DFFR_X1_bottom)
           2.66   data arrival time

   2.00    2.00   clock core_clock (rise edge)
   0.00    2.00   clock network delay (ideal)
   0.00    2.00   clock reconvergence pessimism
           2.00 ^ swerv/dec/_6854_/CK (DFFR_X1_bottom)
  -0.03    1.97   library setup time
           1.97   data required time
---------------------------------------------------------
           1.97   data required time
          -2.66   data arrival time
---------------------------------------------------------
          -0.69   slack (VIOLATED)


+_+_+_+_+_+_+_+_+_+_+_+_+_+_+_+_+-

==========================================================================
finish critical path delay
--------------------------------------------------------------------------
2.6573

==========================================================================
finish critical path slack
--------------------------------------------------------------------------
-0.6901

==========================================================================
finish slack div critical path delay
--------------------------------------------------------------------------
-25.969970

==========================================================================
finish report_power
--------------------------------------------------------------------------
Group                  Internal  Switching    Leakage      Total
                          Power      Power      Power      Power (Watts)
----------------------------------------------------------------
Sequential             4.79e-02   5.32e-03   1.17e-03   5.44e-02  11.9%
Combinational          7.02e-02   6.38e-02   4.46e-03   1.38e-01  30.2%
Clock                  0.00e+00   0.00e+00   0.00e+00   0.00e+00   0.0%
Macro                  2.45e-01   0.00e+00   2.07e-02   2.65e-01  57.9%
Pad                    0.00e+00   0.00e+00   0.00e+00   0.00e+00   0.0%
----------------------------------------------------------------
Total                  3.63e-01   6.91e-02   2.64e-02   4.58e-01 100.0%
                          79.2%      15.1%       5.8%

==========================================================================
finish report_design_area
--------------------------------------------------------------------------
Design area 699516 u^2 129% utilization.

[WARNING GUI-0076] QStandardPaths: XDG_RUNTIME_DIR not set, defaulting to '/tmp/runtime-root'
[WARNING GUI-0076] This plugin does not support propagateSizeHints()
[WARNING GUI-0076] This plugin does not support propagateSizeHints()
[WARNING GUI-0076] This plugin does not support propagateSizeHints()
[WARNING GUI-0010] File path does not end with a valid extension, new path is: ./reports/nangate45_3D/swerv_wrapper/HBT/final_routing.webp.png
[WARNING GUI-0010] File path does not end with a valid extension, new path is: ./reports/nangate45_3D/swerv_wrapper/HBT/final_placement.webp.png
[WARNING GUI-0010] File path does not end with a valid extension, new path is: ./reports/nangate45_3D/swerv_wrapper/HBT/final_ir_drop.webp.png
[WARNING GUI-0066] Heat map "IR Drop" has not been populated with data.
[WARNING GUI-0010] File path does not end with a valid extension, new path is: ./reports/nangate45_3D/swerv_wrapper/HBT/final_clocks.webp.png
[WARNING GUI-0010] File path does not end with a valid extension, new path is: ./reports/nangate45_3D/swerv_wrapper/HBT/final_congestion.webp.png
[WARNING GUI-0010] File path does not end with a valid extension, new path is: ./reports/nangate45_3D/swerv_wrapper/HBT/final_resizer.webp.png
[WARNING GUI-0010] File path does not end with a valid extension, new path is: ./reports/nangate45_3D/swerv_wrapper/HBT/cts_core_clock.webp.png
Elapsed time: 2:15.34[h:]min:sec. CPU time: user 132.38 sys 3.09 (100%). Peak memory: 1461524KB.
